gouvernorat_enc,ville_enc,lat,lon,surface_m2,nb_pieces,nb_chambres,score_attractivite,market_tension,cycle_marche,prix_region_median,text_embedding_score,nb_images,source_enc,has_ascenseur,has_meuble,has_terrasse,has_piscine,has_vue_mer,has_garage,has_securite,has_climatisation,has_chauffage,has_cuisine_equip,has_double_vitrage,has_porte_blindee,has_concierge,has_jardin,has_standing,has_vue_montagne,prix,image_url
1,0.3533,36.899,10.2358,125.0,3.0,2.0,0.5,0.4235,2.0,43985.0,0.3104,4,0,1,0,1,0,0,1,0,0,0,0,0,0,1,0,0,0,475000.0,https://www.mubawab-media.com/ad/8/208/658F/h/thumb_1153501_property_xlarge_80949736.avif
1,0.3533,36.899,10.2358,214.0,4.0,3.0,0.5,0.4235,2.0,43985.0,0.3156,4,0,1,0,1,1,0,1,0,0,0,0,0,0,1,0,0,0,635000.0,https://www.mubawab-media.com/ad/7/996/323F/h/thumb_238943_property_xlarge_78821643.avif
1,0.3533,36.899,10.2358,104.0,3.0,2.0,0.5,0.4235,2.0,43985.0,0.2746,4,0,1,0,0,1,0,1,0,0,0,0,0,0,1,1,0,0,530000.0,https://www.mubawab-media.com/ad/8/093/751F/h/thumb_1015631_property_xlarge_79786133.avif
3,0.2227,36.8,10.1,116.0,3.0,2.0,0.5,0.274,2.0,110184.0,0.3297,4,0,1,0,0,0,0,1,1,1,1,0,0,0,0,0,0,0,287000.0,https://www.mubawab-media.com/ad/7/928/114F/h/DSC_6827-HDR_21207779_76256906.avif
3,0.32,36.8,10.1,129.0,4.0,3.0,0.5,0.2195,2.0,110184.0,0.3188,4,0,0,0,0,0,0,1,0,0,0,0,0,0,1,1,0,0,407000.0,https://www.mubawab-media.com/ad/8/111/784F/h/02%20%281%29_79962345_79962352.avif
23,0.1733,36.819,10.1658,70.0,2.0,2.0,0.5,0.6863,2.0,2562.03,0.2738,4,0,1,0,1,0,0,0,0,0,0,0,0,0,1,0,0,0,160000.0,https://www.mubawab-media.com/ad/8/293/596F/h/Salon_81859863.avif
23,0.4,36.819,10.2358,115.0,3.0,2.0,0.5,0.517,2.0,43985.0,0.3168,4,0,0,0,0,0,0,0,0,0,0,0,0,0,0,0,0,0,240000.0,nan
20,0.3067,36.8,10.1,167.0,4.0,3.0,0.5,0.3807,2.0,110184.0,0.3545,4,0,1,0,1,0,0,1,1,1,1,1,1,0,1,0,0,0,447000.0,https://www.mubawab-media.com/ad/8/230/106F/h/photo_01_81181225.avif
23,0.6867,36.819,10.1658,120.0,3.0,2.0,0.5,0.5524,2.0,2562.03,0.2694,4,0,1,0,0,0,0,1,0,1,1,1,0,0,0,0,0,0,420000.0,https://www.mubawab-media.com/ad/8/295/686F/h/gallery_81885559.avif
23,0.6867,36.819,10.1658,175.0,3.0,2.0,0.5,0.5524,2.0,2562.03,0.2694,4,0,0,0,1,0,0,1,0,1,1,1,0,0,0,0,0,0,940000.0,https://www.mubawab-media.com/ad/8/294/488F/h/gallery_81869506.avif
23,0.6867,36.819,10.1658,158.0,3.0,2.0,0.5,0.5524,2.0,2562.03,0.2694,4,0,0,0,0,0,0,1,0,0,0,0,0,0,0,1,0,0,675000.0,https://www.mubawab-media.com/ad/8/294/540F/h/gallery_81869974.avif
1,0.3533,36.899,10.2358,106.0,3.0,2.0,0.5,0.4235,2.0,43985.0,0.3589,4,0,1,0,0,0,0,1,0,0,0,0,0,0,1,1,0,0,686653.0,https://www.mubawab-media.com/ad/8/257/516F/h/WhatsApp%20Image%202025-11-13%20%C3%A0%2011.33.43_1faa8bf4_81462034.avif
1,0.3533,36.899,10.2358,109.0,3.0,2.0,0.5,0.4235,2.0,43985.0,0.3152,4,0,1,0,1,0,0,1,0,0,0,0,0,0,1,0,0,0,367000.0,https://www.mubawab-media.com/ad/8/180/401F/h/e4ee229c-3ddd-4485-99e4-4f5d8869b7af_6636d6a0-d58f-432a-aed7-42aced5760e6_80666392.avif
1,0.3533,36.899,10.2358,136.0,4.0,3.0,0.5,0.4235,2.0,43985.0,0.312,4,0,1,0,1,0,0,1,0,0,0,0,0,0,1,0,0,0,430000.0,https://www.mubawab-media.com/ad/8/192/096F/h/e0a1c722-ed89-4176-989e-3a449d759690_81976609.avif
23,0.4,36.8769,10.3247,243.0,2.0,2.0,0.5,0.8015,2.0,2562.03,0.3112,2,0,0,0,1,0,0,1,0,1,1,1,0,0,0,0,0,0,1300000.0,https://www.mubawab-media.com/ad/8/167/195F/h/thumb_1019275_property_large_80531986.avif
23,0.4,36.8769,10.3247,297.0,4.0,3.0,0.5,0.8015,2.0,2562.03,0.3152,4,0,1,0,1,0,1,1,0,0,0,0,0,0,1,0,0,0,1200000.0,https://www.mubawab-media.com/ad/8/204/503F/h/thumb_1150624_property_large_80906258.avif
1,0.3533,36.899,10.2358,110.0,3.0,2.0,0.5,0.4235,2.0,43985.0,0.3152,4,0,1,0,1,0,0,1,0,0,0,0,0,0,1,0,0,0,395000.0,https://www.mubawab-media.com/ad/8/283/546F/h/WhatsApp%20Image%202026-01-07%20at%2011.02.03%20%285%29_81754905.avif
1,0.3533,36.899,10.2358,100.0,2.0,1.0,0.5,0.4235,2.0,43985.0,0.2738,4,0,1,0,1,1,0,1,0,0,0,0,0,0,0,0,0,1,345000.0,https://www.mubawab-media.com/ad/8/290/691F/h/WhatsApp%20Image%202026-01-23%20at%2012.00.21%20%288%29_81829679.avif
23,0.6867,36.819,10.1658,52.0,3.0,1.0,0.5,0.5524,2.0,2562.03,0.3459,4,0,1,0,0,0,0,1,0,0,0,0,0,0,1,0,0,0,306000.0,https://www.mubawab-media.com/ad/7/907/095F/h/Capture%20d%27%C3%A9cran%202025-12-19%20104524_81739768.avif
1,0.3533,36.899,10.2358,79.0,2.0,1.0,0.5,0.4235,2.0,43985.0,0.2976,4,0,1,0,1,0,0,1,0,0,0,0,0,0,1,1,0,0,312000.0,https://www.mubawab-media.com/ad/8/304/711F/h/thumb_1279280_property_xlarge_81979983.avif
16,0.32,36.4561,10.7376,75.0,5.0,2.0,0.5,0.4552,2.0,154974.0,0.3168,4,0,0,0,1,0,0,0,1,1,1,1,0,1,1,0,0,0,450000.0,https://www.mubawab-media.com/ad/8/290/307F/h/2_81825534.avif
1,0.332,36.8665,10.1647,53.0,2.0,1.0,0.5,0.247,2.0,43985.0,0.2782,4,0,0,0,0,0,0,0,0,1,1,0,1,0,0,0,0,0,199097.0,https://www.mubawab-media.com/ad/8/304/709F/h/salon%2002_81979948_81979964.avif
20,0.26,36.819,10.2358,1005.0,3.0,3.0,0.5,0.517,2.0,43985.0,0.3168,2,0,0,0,0,0,0,1,0,0,0,0,0,0,0,1,0,0,6300000.0,https://www.mubawab-media.com/ad/8/304/608F/h/WhatsApp%20Image%202026-02-06%20at%2018.34.33_81979107.avif
1,0.332,36.8665,10.1647,90.0,4.0,3.0,0.5,0.247,2.0,43985.0,0.277,4,0,0,0,1,0,0,0,0,0,0,0,0,0,0,0,0,0,145000.0,https://www.mubawab-media.com/ad/8/304/676F/h/WhatsApp%20Image%202026-02-17%20at%2007.11.39%20%281%29_81979674.avif
23,0.6867,36.819,10.1658,153.0,3.0,4.0,0.5,0.5524,2.0,2562.03,0.2887,4,0,1,0,1,0,0,1,1,1,1,1,1,1,1,1,0,0,650000.0,https://www.mubawab-media.com/ad/8/304/579F/h/photo_00_81978854.avif
8,0.1422,35.6781,10.0963,105.0,3.0,2.0,0.5,0.2424,2.0,178346.92,0.2802,4,0,0,0,0,0,0,0,0,0,0,1,0,0,0,0,0,0,248841.0,https://www.mubawab-media.com/ad/8/255/546F/h/WhatsApp%20Image%202025-11-22%20%C3%A0%2013.42.29_81a4a372_81461045.avif
1,0.3533,36.899,10.2358,116.0,3.0,2.0,0.5,0.4235,2.0,43985.0,0.3132,4,0,1,0,1,0,0,1,0,0,0,0,0,0,1,0,0,0,460000.0,https://www.mubawab-media.com/ad/8/271/996F/h/salon_81629754.avif
1,0.3533,36.899,10.2358,190.0,4.0,3.0,0.5,0.4235,2.0,43985.0,0.2984,4,0,1,0,1,1,0,1,0,0,0,0,0,0,1,1,0,0,850000.0,https://www.mubawab-media.com/ad/8/238/717F/h/jardin_81269437.avif
1,0.3533,36.899,10.2358,68.0,2.0,1.0,0.5,0.4235,2.0,43985.0,0.2758,4,0,1,0,1,0,0,1,0,0,0,0,0,0,1,1,0,0,296000.0,https://www.mubawab-media.com/ad/8/254/095F/h/thumb_1208457_property_xlarge_81427437.avif
1,0.3533,36.899,10.2358,125.0,3.0,2.0,0.5,0.4235,2.0,43985.0,0.3104,4,0,1,0,1,0,0,1,0,0,0,0,0,0,1,0,0,0,475000.0,https://www.mubawab-media.com/ad/8/208/658F/h/thumb_1153501_property_xlarge_80949736.avif
1,0.3533,36.899,10.2358,214.0,4.0,3.0,0.5,0.4235,2.0,43985.0,0.3156,4,0,1,0,1,1,0,1,0,0,0,0,0,0,1,0,0,0,635000.0,https://www.mubawab-media.com/ad/7/996/323F/h/thumb_238943_property_xlarge_78821643.avif
3,0.32,36.8,10.1,104.0,3.0,2.0,0.5,0.2195,2.0,110184.0,0.3156,4,0,0,0,0,0,0,1,0,0,0,0,0,0,1,1,0,0,329000.0,https://www.mubawab-media.com/ad/8/111/785F/h/01%20%281%29_79962344_79962354.avif
23,0.6867,36.819,10.2358,115.0,3.0,2.0,0.5,0.517,2.0,43985.0,0.3168,4,0,0,0,0,0,0,0,0,0,0,0,0,0,0,0,0,0,635000.0,nan
23,0.4,36.8769,10.3247,68.0,2.0,1.0,0.5,0.8015,2.0,2562.03,0.3318,4,0,1,0,1,0,0,0,1,1,1,1,1,1,1,1,0,0,390000.0,https://www.mubawab-media.com/ad/7/903/086F/h/VUE%206_44687753_73907088.avif
1,0.3533,36.899,10.2358,104.0,3.0,2.0,0.5,0.4235,2.0,43985.0,0.3156,4,0,1,0,1,0,0,1,1,1,1,1,1,1,1,1,0,0,584517.0,https://www.mubawab-media.com/ad/8/257/523F/h/WhatsApp%20Image%202025-11-13%20%C3%A0%2011.33.43_1faa8bf4_81462126.avif
23,0.4,36.8769,10.3247,297.0,4.0,3.0,0.5,0.8015,2.0,2562.03,0.3152,4,0,1,0,1,0,1,1,0,1,1,1,0,1,1,0,0,0,1200000.0,https://www.mubawab-media.com/ad/8/204/503F/h/thumb_1150624_property_large_80906258.avif
1,0.3533,36.899,10.2358,110.0,3.0,2.0,0.5,0.4235,2.0,43985.0,0.3152,4,0,1,0,1,0,0,1,1,1,1,1,1,1,1,0,0,0,395000.0,https://www.mubawab-media.com/ad/8/283/546F/h/WhatsApp%20Image%202026-01-07%20at%2011.02.03%20%285%29_81754905.avif
1,0.3533,36.899,10.2358,100.0,2.0,1.0,0.5,0.4235,2.0,43985.0,0.2738,4,0,1,0,1,1,0,1,1,1,1,1,1,1,1,0,0,1,345000.0,https://www.mubawab-media.com/ad/8/290/691F/h/WhatsApp%20Image%202026-01-23%20at%2012.00.21%20%288%29_81829679.avif
1,0.32,36.8665,10.1647,128.0,2.0,1.0,0.5,0.5305,2.0,43985.0,0.3132,4,0,0,0,1,0,0,1,0,1,1,0,0,0,0,0,0,0,285000.0,https://www.mubawab-media.com/ad/8/303/407F/h/thumb_1278820_property_large_81967755.avif
23,0.4,36.8769,10.3247,123.0,1.0,2.0,0.5,0.8015,2.0,2562.03,0.3234,4,0,1,0,1,0,0,1,0,0,0,0,0,0,1,0,0,0,550000.0,https://www.mubawab-media.com/ad/8/270/110F/h/thumb_1224436_property_large_81609791.avif
23,0.4,36.8769,10.3247,172.0,1.0,4.0,0.5,0.8015,2.0,2562.03,0.3116,4,0,0,0,1,0,0,0,0,1,0,0,0,0,0,0,0,0,650000.0,https://www.mubawab-media.com/ad/8/236/144F/h/thumb_1186202_property_large_81242749.avif
23,0.6867,36.819,10.1658,201.0,4.0,3.0,0.5,0.5524,2.0,2562.03,0.3345,4,0,1,0,1,0,0,1,0,1,0,0,0,0,1,0,0,0,980000.0,https://www.mubawab-media.com/ad/8/276/869F/h/l1_81681748.avif
23,0.6867,36.819,10.1658,231.0,5.0,4.0,0.5,0.5524,2.0,2562.03,0.3403,1,0,1,0,1,0,0,1,0,1,0,0,0,0,1,0,0,0,980000.0,https://www.mubawab-media.com/ad/8/177/834F/h/thumb_1182702_property_big_81417350.avif
1,0.32,36.8665,10.1647,174.0,5.0,4.0,0.5,0.5305,2.0,43985.0,0.3573,4,0,0,0,0,0,0,1,0,0,1,1,0,0,0,1,0,0,500000.0,https://www.mubawab-media.com/ad/8/303/115F/h/thumb_1278522_property_large_81964458.avif
23,0.4,36.8769,10.3247,138.0,3.0,3.0,0.5,0.8015,2.0,2562.03,0.3136,4,0,1,0,1,0,0,0,0,1,0,0,0,0,1,0,0,0,394000.0,https://www.mubawab-media.com/ad/8/084/903F/h/logo1_81960382.avif
1,0.3533,36.899,10.2358,136.0,4.0,3.0,0.5,0.4235,2.0,43985.0,0.3362,4,0,1,0,1,0,0,1,0,0,0,0,0,0,1,0,0,0,430000.0,https://www.mubawab-media.com/ad/8/289/614F/h/SALON%20%283%29_81818091.avif
23,0.4,36.8769,10.3247,90.0,2.0,2.0,0.5,0.8015,2.0,2562.03,0.3184,4,0,0,0,0,0,0,0,1,0,1,0,0,0,1,0,0,0,275000.0,https://www.mubawab-media.com/ad/8/277/097F/h/thumb_1232208_property_large_81684435.avif
8,0.1422,35.6781,10.0963,95.0,3.0,2.0,0.5,0.2424,2.0,178346.92,0.2802,4,0,0,0,0,0,0,0,0,0,0,1,0,0,0,0,0,0,223532.0,https://www.mubawab-media.com/ad/8/255/537F/h/WhatsApp%20Image%202025-11-22%20%C3%A0%2013.42.29_9d2597ab_81460919.avif
1,0.32,36.8665,10.1647,140.0,4.0,3.0,0.5,0.5305,2.0,43985.0,0.3037,4,0,1,0,1,0,0,1,0,1,1,1,0,0,1,0,0,0,380000.0,https://www.mubawab-media.com/ad/8/304/393F/h/fal02%20%281%29_81977459.avif
1,0.32,36.8665,10.1647,150.0,3.0,3.0,0.5,0.5305,2.0,43985.0,0.2738,4,0,0,0,1,0,0,1,0,0,1,1,0,0,0,0,0,0,450000.0,https://www.mubawab-media.com/ad/8/287/221F/h/thumb_1240521_property_large_81793021.avif
1,0.32,36.8665,10.1647,158.0,4.0,3.0,0.5,0.5305,2.0,43985.0,0.3192,4,0,1,0,0,0,0,0,0,0,1,1,0,0,1,0,0,0,400000.0,https://www.mubawab-media.com/ad/8/304/376F/h/APP%20A6%20IMM%20NOUR%20P0_81977274.avif
16,0.32,36.4561,10.7376,45.0,2.0,1.0,0.5,0.4552,2.0,154974.0,0.275,4,0,1,0,1,1,1,0,0,1,1,0,0,0,0,0,0,0,248000.0,https://www.mubawab-media.com/ad/8/297/962F/h/b6cec4a0-1b96-4dfb-bec8-4bfb7e2f6630_81909358.avif
23,0.092,36.8,10.1,100.0,3.0,2.0,0.5,0.3155,2.0,110184.0,0.3144,4,0,0,0,1,0,0,0,0,0,0,0,0,0,0,0,0,0,135000.0,https://www.mubawab-media.com/ad/8/304/367F/h/1_81977174.avif
1,0.3533,36.899,10.2358,214.0,4.0,3.0,0.5,0.4235,2.0,43985.0,0.3156,4,0,1,0,1,1,0,1,0,0,0,0,0,0,1,0,0,0,635000.0,https://www.mubawab-media.com/ad/7/996/323F/h/thumb_238943_property_xlarge_78821643.avif
1,0.3533,36.899,10.2358,104.0,3.0,2.0,0.5,0.4235,2.0,43985.0,0.2746,4,0,1,0,0,1,0,1,0,0,0,0,0,0,1,1,0,0,530000.0,https://www.mubawab-media.com/ad/8/093/751F/h/thumb_1015631_property_xlarge_79786133.avif
1,0.3533,36.899,10.2358,150.0,4.0,3.0,0.5,0.4235,2.0,43985.0,0.3152,4,0,1,0,1,1,0,1,0,0,0,0,0,0,1,0,0,0,630000.0,https://www.mubawab-media.com/ad/7/997/821F/h/thumb_921207_property_xlarge_79013324.avif
3,0.32,36.8,10.1,120.0,3.0,2.0,0.5,0.2195,2.0,110184.0,0.3152,4,0,0,0,0,0,0,1,0,0,0,0,0,0,1,1,0,0,380000.0,https://www.mubawab-media.com/ad/8/111/786F/h/03%20%281%29_79962346_79962359.avif
20,0.3333,35.8245,10.6346,95.0,3.0,2.0,0.5,0.2902,2.0,150620.48,0.3085,4,0,0,0,1,0,0,0,0,0,0,1,0,0,1,0,0,0,250000.0,https://www.mubawab-media.com/ad/8/287/936F/h/WhatsApp%20Image%202026-01-13%20at%2016.25.03%20%287%29_81800522.avif
23,0.6867,36.819,10.2358,115.0,3.0,2.0,0.5,0.517,2.0,43985.0,0.3168,4,0,0,0,0,0,0,0,0,0,0,0,0,0,0,0,0,0,419000.0,nan
23,0.4,36.8769,10.3247,119.0,3.0,2.0,0.5,0.8015,2.0,2562.03,0.3302,4,0,1,0,1,0,0,0,1,1,1,1,0,0,1,0,0,0,605000.0,https://www.mubawab-media.com/ad/7/903/087F/h/VUE%206_44687753_73907093.avif
1,0.3533,36.899,10.2358,129.0,4.0,3.0,0.5,0.4235,2.0,43985.0,0.3144,4,0,1,0,0,0,0,1,1,1,1,1,1,1,1,1,0,0,817920.0,https://www.mubawab-media.com/ad/8/257/527F/h/WhatsApp%20Image%202025-11-13%20%C3%A0%2011.33.43_41e372a0_81462149.avif
23,0.6867,36.819,10.1658,65.0,2.0,1.0,0.5,0.5524,2.0,2562.03,0.3273,4,0,1,0,0,0,0,1,1,1,1,1,1,1,1,1,0,0,370000.0,https://www.mubawab-media.com/ad/7/907/104F/h/Capture%20d%27%C3%A9cran%202025-12-22%20114548_81739644.avif
20,0.3067,36.8,10.1,145.0,1.0,3.0,0.5,0.3807,2.0,110184.0,0.2794,4,0,1,0,1,0,0,0,0,1,0,0,0,0,0,0,0,0,280000.0,https://www.mubawab-media.com/ad/8/301/465F/h/1_81947454.avif
23,0.4,36.8769,10.3247,121.0,3.0,2.0,0.5,0.8015,2.0,2562.03,0.2762,4,0,1,0,1,0,0,0,0,0,0,0,0,0,1,0,0,0,340000.0,https://www.mubawab-media.com/ad/8/283/657F/h/589988999_1999865923923607_4049922561364588805_n_81756299.avif
23,0.4,36.8769,10.3247,130.0,3.0,2.0,0.5,0.8015,2.0,2562.03,0.3116,4,0,1,0,1,1,0,1,0,0,0,0,0,0,0,0,0,0,360000.0,https://www.mubawab-media.com/ad/8/295/248F/h/a487ad88-4922-404a-972d-4a15b88b6f78_81880231.avif
23,0.4,36.8769,10.3247,136.0,4.0,3.0,0.5,0.8015,2.0,2562.03,0.2762,4,0,1,0,0,0,0,1,0,0,0,0,0,0,1,0,0,0,420000.0,https://www.mubawab-media.com/ad/8/283/678F/h/577879951_1924173805196498_8839649052349571021_n_81756479.avif
16,0.2833,36.4561,10.7376,62.0,2.0,2.0,0.5,0.4454,2.0,154974.0,0.3124,4,0,1,1,1,1,0,1,0,0,0,0,0,0,1,0,0,0,255000.0,https://www.mubawab-media.com/ad/8/294/092F/h/thumb_1268309_property_xlarge_81865127.avif
20,0.3067,35.8604,10.5953,100.0,1.0,3.0,0.5,0.3642,2.0,150620.48,0.3132,4,0,0,0,1,0,0,0,0,1,1,1,0,0,0,0,0,0,400000.0,https://www.mubawab-media.com/ad/8/301/994F/h/WhatsApp%20Image%202026-02-11%20at%2018.26.20_81953007.avif
16,0.13,36.8,10.1,130.0,4.0,3.0,0.5,0.2426,2.0,110184.0,0.316,4,0,0,0,0,0,1,0,0,0,0,0,1,1,0,1,0,0,310000.0,https://www.mubawab-media.com/ad/8/268/818F/h/gallery%20%281%29_81596168.avif
23,0.32,36.844,10.192,140.0,4.0,3.0,0.5,0.3403,2.0,43985.0,0.2738,4,0,1,0,1,0,0,0,0,0,0,0,0,0,1,0,0,0,310000.0,https://www.mubawab-media.com/ad/8/003/736F/h/20240925_103533_78898410.avif
23,0.6867,36.819,10.1658,134.0,3.0,2.0,0.5,0.5524,2.0,2562.03,0.3467,4,0,1,0,0,0,0,0,0,0,0,0,0,0,1,0,0,0,674000.0,https://www.mubawab-media.com/ad/8/286/498F/h/photo_00_81785363.avif
23,0.092,36.8,10.1,100.0,3.0,2.0,0.5,0.3155,2.0,110184.0,0.3144,4,0,0,0,1,0,0,0,0,0,0,0,0,0,0,0,0,0,135000.0,https://www.mubawab-media.com/ad/8/304/367F/h/1_81977174.avif
23,0.4,36.8769,10.3247,110.0,4.0,3.0,0.5,0.8015,2.0,2562.03,0.2694,4,0,0,0,0,0,0,0,0,1,1,1,0,0,0,0,0,0,375000.0,https://www.mubawab-media.com/ad/8/218/716F/h/gallery_81056240.avif
23,0.4,36.8769,10.3247,106.0,3.0,2.0,0.5,0.8015,2.0,2562.03,0.2694,4,0,0,0,1,0,0,0,0,0,0,0,0,0,0,0,0,0,250000.0,https://www.mubawab-media.com/ad/8/262/776F/h/gallery_81526310.avif
23,0.6867,36.819,10.1658,112.0,3.0,2.0,0.5,0.5524,2.0,2562.03,0.2694,1,0,1,0,1,0,0,0,0,0,0,1,0,0,0,0,0,0,590478.0,https://www.mubawab-media.com/ad/8/271/216F/h/gallery_81621523.avif
23,0.6867,36.819,10.1658,128.0,3.0,3.0,0.5,0.5524,2.0,2562.03,0.2694,1,0,1,0,1,0,0,0,0,0,0,1,0,0,0,0,0,0,539994.0,https://www.mubawab-media.com/ad/8/271/217F/h/gallery_81621524.avif
23,0.6867,36.819,10.1658,62.0,2.0,1.0,0.5,0.5524,2.0,2562.03,0.2694,1,0,1,0,1,0,0,0,0,0,0,1,0,0,0,0,0,0,260778.0,https://www.mubawab-media.com/ad/8/271/219F/h/gallery_81621526.avif
23,0.092,36.8,10.1,80.0,3.0,2.0,0.5,0.3155,2.0,110184.0,0.3144,4,0,0,0,0,0,0,0,1,0,0,0,0,0,0,0,0,0,160000.0,https://www.mubawab-media.com/ad/8/304/169F/h/1_81975066.avif
23,0.4,36.8769,10.3247,126.0,4.0,3.0,0.5,0.8015,2.0,2562.03,0.2762,4,0,1,0,1,0,0,0,1,1,1,0,1,1,0,0,0,0,310000.0,https://www.mubawab-media.com/ad/8/283/801F/h/553813120_4272564002963768_1771023649762954099_n_81794114.avif
23,0.4,36.8769,10.3247,138.0,4.0,3.0,0.5,0.8015,2.0,2562.03,0.2782,4,0,1,0,1,0,0,0,1,1,1,1,0,0,0,0,0,0,394000.0,https://www.mubawab-media.com/ad/8/287/205F/h/550470467_2290440904736990_8862465445398018373_n_81792884.avif
3,0.32,36.8,10.1,103.0,3.0,2.0,0.5,0.2195,2.0,110184.0,0.2762,4,0,0,0,0,0,0,1,0,0,0,0,0,0,1,1,0,0,326000.0,https://www.mubawab-media.com/ad/8/111/787F/h/02%20%281%29_79962345_79962361.avif
20,0.3333,35.8245,10.6346,95.0,3.0,2.0,0.5,0.2902,2.0,150620.48,0.3085,4,0,0,0,1,0,0,0,0,0,0,1,0,0,1,0,0,0,250000.0,https://www.mubawab-media.com/ad/8/287/936F/h/WhatsApp%20Image%202026-01-13%20at%2016.25.03%20%287%29_81800522.avif
20,0.3333,35.8245,10.6346,134.0,4.0,3.0,0.5,0.2902,2.0,150620.48,0.3317,4,0,0,1,1,0,1,1,0,0,0,0,0,0,1,0,0,0,220000.0,https://www.mubawab-media.com/ad/8/287/935F/h/WhatsApp%20Image%202026-01-16%20at%2009.45.40%20%283%29_81800512.avif
23,0.6867,36.819,10.1658,90.0,3.0,2.0,0.5,0.5524,2.0,2562.03,0.2694,4,0,0,0,0,0,0,1,0,1,1,0,0,0,0,1,0,0,530000.0,https://www.mubawab-media.com/ad/8/299/575F/h/gallery_81928561.avif
23,0.6867,36.819,10.1658,223.0,3.0,2.0,0.5,0.5524,2.0,2562.03,0.2714,4,0,0,0,1,1,0,0,0,0,0,0,0,0,0,1,0,0,1800000.0,https://www.mubawab-media.com/ad/8/298/722F/h/gallery_81919804.avif
23,0.6867,36.819,10.1658,145.0,3.0,2.0,0.5,0.5524,2.0,2562.03,0.2694,4,0,0,0,1,0,0,1,0,0,0,1,0,0,0,1,0,0,550000.0,https://www.mubawab-media.com/ad/8/294/505F/h/gallery_81869658.avif
23,0.4,36.819,10.2358,115.0,3.0,2.0,0.5,0.517,2.0,43985.0,0.3168,4,0,0,0,0,0,0,0,0,0,0,0,0,0,0,0,0,0,240000.0,nan
23,0.4,36.8769,10.3247,122.0,3.0,3.0,0.5,0.8015,2.0,2562.03,0.3302,2,0,1,0,1,0,0,0,1,1,1,1,1,1,1,1,0,1,850000.0,https://www.mubawab-media.com/ad/7/909/493F/h/VUE%202_74821761.avif
1,0.3533,36.899,10.2358,105.0,3.0,2.0,0.5,0.4235,2.0,43985.0,0.316,4,0,1,0,0,0,0,1,1,1,1,1,1,1,1,1,0,0,672341.0,https://www.mubawab-media.com/ad/8/257/532F/h/WhatsApp%20Image%202025-11-13%20%C3%A0%2011.33.43_e154bac4_81462182.avif
23,0.4,36.8769,10.3247,160.0,3.0,3.0,0.5,0.8015,2.0,2562.03,0.324,4,0,1,0,0,0,0,1,1,1,1,1,1,1,0,0,0,0,330000.0,https://www.mubawab-media.com/ad/8/285/892F/h/photo_00_81779006.avif
23,0.3067,36.8,10.1,112.0,3.0,2.0,0.5,0.3453,2.0,110184.0,0.3297,4,0,1,0,1,0,0,0,0,0,1,0,0,0,0,0,0,0,412000.0,https://www.mubawab-media.com/ad/8/244/611F/h/3c94f7ba-743e-4702-9288-f27f59e75a70_81549767.avif
23,0.6867,36.819,10.1658,190.0,3.0,3.0,0.5,0.5524,2.0,2562.03,0.3411,4,0,0,0,1,0,0,1,0,0,0,1,0,0,0,0,0,0,780000.0,https://www.mubawab-media.com/ad/8/070/601F/h/thumb_987786_property_xlarge_79561763.avif
23,0.3067,36.8,10.1,130.0,4.0,3.0,0.5,0.3453,2.0,110184.0,0.3108,4,0,0,0,0,0,0,0,0,1,1,1,0,0,0,0,0,0,225000.0,https://www.mubawab-media.com/ad/8/202/666F/h/WhatsApp%20Image%202025-08-11%20at%2011.40.39%20AM%20%282%29_80888343.avif
20,0.3067,36.8,10.1,45.0,2.0,1.0,0.5,0.334,2.0,110184.0,0.314,4,0,0,0,1,0,0,0,1,0,0,0,0,0,1,0,0,0,130000.0,https://www.mubawab-media.com/ad/8/206/947F/h/Copie%20de%20Visuel%20Agences%20Sousse%20Corniche%20-%202025-08-29T110231.742_80930102.avif
1,0.3533,36.899,10.2358,70.0,2.0,2.0,0.5,0.4235,2.0,43985.0,0.316,4,0,0,0,1,0,0,0,0,0,0,0,0,0,0,0,0,0,235000.0,https://www.mubawab-media.com/ad/8/274/253F/h/thumb_1228916_property_xlarge_81653621.avif
20,0.26,35.8245,10.6346,250.0,3.0,2.0,0.5,0.517,2.0,150620.48,0.3722,4,0,1,0,1,0,1,1,0,0,0,0,0,0,1,0,0,0,450000.0,https://www.mubawab-media.com/ad/8/247/859F/h/7_81363917.avif
1,0.3533,36.899,10.2358,426.0,4.0,3.0,0.5,0.4235,2.0,43985.0,0.2907,1,0,0,0,1,0,0,0,0,0,0,0,0,0,0,1,0,0,1400000.0,https://www.mubawab-media.com/ad/8/264/474F/h/thumb_1206599_property_xlarge_81546904.avif
20,0.3067,36.8,10.1,100.0,3.0,2.0,0.5,0.334,2.0,110184.0,0.3164,4,0,0,0,1,0,0,0,0,0,0,1,1,1,0,0,0,0,160000.0,https://www.mubawab-media.com/ad/8/252/090F/h/WhatsApp%20Image%202025-11-13%20at%2014.22.24%20%281%29_81406636.avif
20,0.3067,36.8,10.1,90.0,3.0,2.0,0.5,0.334,2.0,110184.0,0.3164,4,0,0,0,0,0,0,0,0,0,0,1,0,0,0,0,0,0,148000.0,https://www.mubawab-media.com/ad/8/257/895F/h/Copie%20de%20Visuel%20Agences%20Sousse%20Corniche%20-%202025-11-24T181817.527_81465909.avif
23,0.4,36.8769,10.3247,147.0,4.0,3.0,0.5,0.8015,2.0,2562.03,0.2762,4,0,1,0,1,0,0,0,0,0,0,0,0,0,1,0,0,0,355000.0,https://www.mubawab-media.com/ad/8/283/712F/h/5980ab49-1fa0-42a1-b75f-61efbe8274d2_81756793.avif
1,0.32,36.8665,10.1647,105.0,2.0,2.0,0.5,0.5305,2.0,43985.0,0.2766,4,0,0,0,0,0,0,1,0,0,1,1,0,0,0,0,0,0,285000.0,https://www.mubawab-media.com/ad/8/304/356F/h/thumb_1279717_property_large_81977057.avif
23,0.6867,36.819,10.1658,185.0,5.0,3.0,0.5,0.5524,2.0,2562.03,0.3371,4,0,1,0,1,0,1,1,0,0,0,0,0,0,0,0,0,0,750000.0,https://www.mubawab-media.com/ad/8/286/345F/h/1000024281_81783648.avif
23,0.6867,36.819,10.1658,127.0,4.0,2.0,0.5,0.5524,2.0,2562.03,0.3371,4,0,0,0,0,0,0,0,0,0,0,0,0,0,0,0,0,0,570000.0,https://www.mubawab-media.com/ad/8/260/097F/h/1000019683_81488534.avif
23,0.6867,36.819,10.1658,180.0,4.0,3.0,0.5,0.5524,2.0,2562.03,0.3371,4,0,1,0,1,0,0,1,1,1,1,1,1,1,1,0,0,1,720000.0,https://www.mubawab-media.com/ad/8/286/343F/h/1000024300_81783591.avif
16,0.32,36.4561,10.7376,67.0,1.0,1.0,0.5,0.4552,2.0,154974.0,0.2746,4,0,0,0,0,1,0,0,1,0,0,0,0,0,0,0,0,0,240000.0,https://www.mubawab-media.com/ad/8/304/310F/h/thumb_1278311_property_large_81976680.avif
16,0.32,36.4561,10.7376,103.0,2.0,2.0,0.5,0.4552,2.0,154974.0,0.3184,4,0,0,0,0,0,0,1,0,0,0,0,0,0,0,0,0,0,400000.0,https://www.mubawab-media.com/ad/8/257/403F/h/thumb_1213579_property_large_81460711.avif
16,0.13,36.8,10.1,156.0,5.0,4.0,0.5,0.2426,2.0,110184.0,0.314,4,0,0,0,1,0,0,0,1,0,0,0,0,0,0,0,0,0,120000.0,https://www.mubawab-media.com/ad/8/207/002F/h/WhatsApp%20Image%202026-02-07%20at%206.43.39%20PM_81976431.avif
23,0.6867,36.819,10.1658,131.0,3.0,2.0,0.5,0.5524,2.0,2562.03,0.3243,4,0,1,0,0,0,0,1,0,0,0,0,0,0,1,0,0,0,645000.0,https://www.mubawab-media.com/ad/8/270/026F/h/DSC03166_81609403.avif
1,0.3533,36.899,10.2358,61.0,2.0,1.0,0.5,0.4235,2.0,43985.0,0.3179,4,0,1,0,1,1,0,1,0,0,0,0,0,0,1,1,0,0,285000.0,https://www.mubawab-media.com/ad/8/091/245F/h/WhatsApp%20Image%202025-10-31%20at%2010.19.59%20%285%29_81492409.avif
20,0.26,35.8245,10.6346,147.0,4.0,3.0,0.5,0.517,2.0,150620.48,0.2758,4,0,1,0,0,0,0,1,0,1,0,0,0,0,1,0,0,0,340000.0,https://www.mubawab-media.com/ad/8/065/505F/h/WhatsApp%20Image%202025-07-12%20at%2010.19.29%20%282%29_80654279.avif
20,0.26,35.8245,10.6346,115.0,2.0,1.0,0.5,0.517,2.0,150620.48,0.3297,4,0,0,1,0,0,0,0,0,1,0,0,0,0,1,0,0,0,140000.0,https://www.mubawab-media.com/ad/8/304/454F/h/2fb0f9d0-21d1-44c8-a9d4-b1808a4359c9_81977933.avif
23,0.4,36.8769,10.3247,77.0,2.0,1.0,0.5,0.8015,2.0,2562.03,0.3021,4,0,1,0,0,0,0,0,1,0,1,0,0,0,0,0,0,0,249000.0,https://www.mubawab-media.com/ad/8/292/718F/h/1_81850539.avif
23,0.4,36.8769,10.3247,200.0,3.0,3.0,0.5,0.8015,2.0,2562.03,0.3293,4,0,0,0,0,0,0,1,1,0,0,1,0,0,0,1,0,0,1300000.0,https://www.mubawab-media.com/ad/8/275/990F/h/thumb_1231014_property_xlarge_81671225.avif
1,0.332,36.819,10.2358,115.0,3.0,2.0,0.5,0.517,2.0,43985.0,0.3168,4,0,0,0,0,0,0,0,0,0,0,0,0,0,0,0,0,0,369000.0,nan
23,0.4,36.8769,10.3247,247.0,4.0,4.0,0.5,0.8015,2.0,2562.03,0.3351,4,0,0,0,1,0,0,1,0,1,1,1,0,0,1,1,0,0,895000.0,https://www.mubawab-media.com/ad/8/286/834F/h/thumb_1239637_property_xlarge_81789189.avif
1,0.3533,36.899,10.2358,106.0,3.0,2.0,0.5,0.4235,2.0,43985.0,0.3144,4,0,1,0,0,0,0,1,1,1,1,1,1,1,1,0,0,0,445746.0,https://www.mubawab-media.com/ad/8/257/536F/h/WhatsApp%20Image%202025-11-13%20%C3%A0%2011.33.43_e154bac4_81462219.avif
23,0.6867,36.819,10.1658,61.0,2.0,1.0,0.5,0.5524,2.0,2562.03,0.3419,4,0,0,0,0,1,0,1,0,1,1,1,1,1,0,1,0,0,419300.0,https://www.mubawab-media.com/ad/8/241/680F/h/16_81299096_81299115.avif
20,0.3067,36.8,10.1,70.0,3.0,2.0,0.5,0.334,2.0,110184.0,0.316,4,0,0,0,1,0,0,0,0,0,0,0,0,0,0,0,0,0,140000.0,https://www.mubawab-media.com/ad/8/233/084F/h/Copie%20de%20Visuel%20Agences%20Sousse%20Corniche%20%2818%29_81212071.avif
20,0.32,36.8,10.1,62.0,2.0,1.0,0.5,0.3244,2.0,110184.0,0.3128,4,0,1,0,0,0,0,1,0,0,0,0,0,0,1,0,0,0,285000.0,https://www.mubawab-media.com/ad/8/277/466F/h/Capture%20d%E2%80%99%C3%A9cran_20-9-2025_142657__81688837.avif
23,0.6867,36.819,10.1658,167.0,4.0,3.0,0.5,0.5524,2.0,2562.03,0.2754,4,0,1,0,1,0,0,1,0,0,0,0,0,0,1,0,0,0,650000.0,https://www.mubawab-media.com/ad/8/295/389F/h/e.02%20%281%29_81882048.avif
1,0.3533,36.899,10.2358,158.0,1.0,3.0,0.5,0.4235,2.0,43985.0,0.3132,4,0,0,0,0,0,0,1,0,0,0,0,0,0,1,1,0,0,830000.0,https://www.mubawab-media.com/ad/8/304/022F/h/thumb_1279028_property_large_81973586.avif
16,0.13,36.8,10.1,140.0,3.0,2.0,0.5,0.2426,2.0,110184.0,0.318,4,0,0,1,1,0,1,0,1,0,0,0,0,0,0,0,0,0,300000.0,https://www.mubawab-media.com/ad/8/251/359F/h/WhatsApp%20Image%202025-10-31%20at%2016.33.27_81399072.avif
16,0.15,36.8,10.1,85.0,3.0,2.0,0.5,0.2237,2.0,110184.0,0.3168,4,0,0,1,1,0,1,0,0,1,0,0,0,0,0,0,0,0,235000.0,https://www.mubawab-media.com/ad/8/033/035F/h/581954094_1369747644857130_5757833508097259095_n_81403807.avif
16,0.2833,36.4561,10.7376,145.0,3.0,3.0,0.5,0.4454,2.0,154974.0,0.314,4,0,1,0,1,1,1,1,0,0,0,0,0,0,0,0,0,0,535000.0,https://www.mubawab-media.com/ad/8/014/564F/h/thumb_922695_property_large_79010260.avif
16,0.32,36.4561,10.7376,130.0,3.0,3.0,0.5,0.4552,2.0,154974.0,0.342,4,0,0,0,1,1,0,0,0,1,0,0,0,0,0,0,0,0,680000.0,https://www.mubawab-media.com/ad/8/225/864F/h/thumb_1173778_property_large_81132306.avif
16,0.2833,36.4561,10.7376,104.0,2.0,2.0,0.5,0.4454,2.0,154974.0,0.3156,4,0,1,0,1,1,0,1,0,1,0,0,0,0,0,0,0,0,475000.0,https://www.mubawab-media.com/ad/8/239/768F/h/thumb_1190770_property_xlarge_81280336.avif
16,0.13,36.8,10.1,156.0,5.0,4.0,0.5,0.2426,2.0,110184.0,0.314,4,0,0,0,1,0,0,0,1,0,0,0,0,0,0,0,0,0,120000.0,https://www.mubawab-media.com/ad/8/207/002F/h/WhatsApp%20Image%202026-02-07%20at%206.43.39%20PM_81976431.avif
16,0.13,36.8,10.1,100.0,3.0,2.0,0.5,0.2426,2.0,110184.0,0.3382,4,0,0,0,1,0,0,0,0,0,0,1,0,0,0,0,0,0,180000.0,https://www.mubawab-media.com/ad/8/297/284F/h/11056de7-50d2-41d9-9b5a-ea9b41f554d2_81902205.avif
16,0.13,36.8,10.1,120.0,4.0,3.0,0.5,0.2426,2.0,110184.0,0.3016,4,0,0,0,1,0,0,0,0,0,0,1,0,0,0,0,0,0,220000.0,https://www.mubawab-media.com/ad/8/295/958F/h/1950d184-5db0-4f02-91f0-d90b094543a8_81888301.avif
16,0.13,36.8,10.1,110.0,4.0,3.0,0.5,0.2426,2.0,110184.0,0.3144,4,0,0,0,1,0,1,0,0,0,0,0,1,1,0,0,0,0,240000.0,https://www.mubawab-media.com/ad/8/274/291F/h/WhatsApp%20Image%202025-12-17%20at%2017.38.31%20%284%29_81654042.avif
16,0.32,36.4561,10.7376,36.0,2.0,1.0,0.5,0.4552,2.0,154974.0,0.2766,4,0,0,0,0,0,0,0,0,1,1,1,1,1,0,0,0,0,165000.0,https://www.mubawab-media.com/ad/8/273/670F/h/7b0ad9fe-0cb6-4392-9a5e-1520e9974a48_81647755.avif
23,0.6867,36.819,10.1658,153.0,5.0,4.0,0.5,0.5524,2.0,2562.03,0.2993,4,0,1,0,1,0,0,1,0,1,1,1,1,1,1,0,0,0,627000.0,https://www.mubawab-media.com/ad/8/294/752F/h/thumb_1269074_property_large_81872684.avif
16,0.2833,36.4561,10.7376,219.0,5.0,4.0,0.5,0.4454,2.0,154974.0,0.2754,4,0,0,1,1,0,1,1,1,1,1,1,0,0,0,0,0,0,690000.0,https://www.mubawab-media.com/ad/7/928/409F/h/436589506_1824768671381876_5291434030559288685_n_76291339.avif
23,0.6867,36.819,10.1658,131.0,3.0,2.0,0.5,0.5524,2.0,2562.03,0.3309,4,0,1,0,0,0,0,1,0,0,0,0,0,0,1,0,0,0,645000.0,https://www.mubawab-media.com/ad/8/270/030F/h/DSC03144_81609404.avif
3,0.2227,36.8,10.1,116.0,3.0,2.0,0.5,0.274,2.0,110184.0,0.3297,4,0,1,0,0,0,0,1,1,1,1,0,0,0,0,0,0,0,287000.0,https://www.mubawab-media.com/ad/7/928/114F/h/DSC_6827-HDR_21207779_76256906.avif
23,0.4,36.8769,10.3247,247.0,4.0,4.0,0.5,0.8015,2.0,2562.03,0.3351,4,0,0,0,1,0,0,1,0,0,0,0,0,0,1,1,0,0,895000.0,https://www.mubawab-media.com/ad/8/286/834F/h/thumb_1239637_property_xlarge_81789189.avif
23,0.4,36.8769,10.3247,60.0,2.0,1.0,0.5,0.8015,2.0,2562.03,0.3096,4,0,1,0,1,0,0,0,0,0,1,0,0,0,0,0,0,0,195000.0,https://www.mubawab-media.com/ad/8/266/001F/h/Z2_81957438.avif
1,0.3533,36.899,10.2358,68.0,2.0,1.0,0.5,0.4235,2.0,43985.0,0.308,4,0,1,0,1,0,0,0,0,0,0,0,0,0,1,0,0,0,225000.0,https://www.mubawab-media.com/ad/8/299/086F/h/WhatsApp%20Image%202026-02-12%20at%2011.18.59_81957277.avif
1,0.3533,36.899,10.2358,108.0,3.0,2.0,0.5,0.4235,2.0,43985.0,0.3104,4,0,1,0,1,0,0,0,0,1,1,1,1,1,0,0,0,0,330000.0,https://www.mubawab-media.com/ad/8/275/251F/h/cc3b5d06-b7c7-4805-a44e-b6e7407bf570_b9be39ac-f7de-475a-b575-2255f4f593b2_81663589.avif
23,0.4,36.819,10.2358,115.0,3.0,2.0,0.5,0.517,2.0,43985.0,0.3168,4,0,0,0,0,0,0,0,0,0,0,0,0,0,0,0,0,0,890000.0,nan
1,0.3533,36.899,10.2358,288.0,4.0,4.0,0.5,0.4235,2.0,43985.0,0.3297,4,0,0,0,1,0,0,0,1,1,1,0,0,0,0,1,0,0,835000.0,https://www.mubawab-media.com/ad/8/275/424F/h/thumb_1230494_property_xlarge_81665332.avif
1,0.3533,36.899,10.2358,57.0,2.0,1.0,0.5,0.4235,2.0,43985.0,0.2831,4,0,1,0,1,0,0,1,1,1,1,1,1,1,1,0,0,0,260676.0,https://www.mubawab-media.com/ad/8/257/539F/h/WhatsApp%20Image%202025-11-13%20%C3%A0%2011.33.43_cd29713e_81462256.avif
23,0.6867,36.819,10.1658,69.0,2.0,1.0,0.5,0.5524,2.0,2562.03,0.3419,4,0,0,0,0,1,0,1,0,1,1,1,1,1,0,1,0,0,469700.0,https://www.mubawab-media.com/ad/8/241/688F/h/6_81299102_81299228.avif
16,0.2833,36.4561,10.7376,102.0,2.0,2.0,0.5,0.4454,2.0,154974.0,0.3432,4,0,1,0,1,1,0,0,1,1,1,1,0,0,1,0,0,0,385000.0,https://www.mubawab-media.com/ad/8/208/718F/h/thumb_1154136_property_large_80950291.avif
16,0.2833,36.4561,10.7376,57.0,1.0,1.0,0.5,0.4454,2.0,154974.0,0.3301,4,0,1,0,1,1,0,1,0,0,0,0,0,0,0,0,0,0,285000.0,https://www.mubawab-media.com/ad/8/217/528F/h/thumb_1182593_property_xlarge_81207309.avif
16,0.32,36.4561,10.7376,180.0,2.0,2.0,0.5,0.4552,2.0,154974.0,0.3297,4,0,0,0,0,0,0,1,0,1,1,1,0,0,0,1,0,0,420000.0,https://www.mubawab-media.com/ad/8/285/076F/h/thumb_1237791_property_large_81770751.avif
16,0.2833,36.4561,10.7376,209.0,4.0,4.0,0.5,0.4454,2.0,154974.0,0.3241,4,0,1,0,1,0,1,1,0,0,0,0,0,0,1,0,0,0,680000.0,https://www.mubawab-media.com/ad/8/303/379F/h/thumb_1278767_property_large_81967500.avif
23,0.6867,36.819,10.1658,75.0,2.0,1.0,0.5,0.5524,2.0,2562.03,0.3371,4,0,1,0,0,0,0,1,0,1,0,0,0,0,1,0,0,0,335000.0,https://www.mubawab-media.com/ad/8/296/831F/h/1000130622_81932250.avif
1,0.3533,36.899,10.2358,52.0,2.0,1.0,0.5,0.4235,2.0,43985.0,0.273,4,0,0,0,0,0,0,1,1,1,1,0,0,0,1,0,0,0,225000.0,https://www.mubawab-media.com/ad/8/297/647F/h/1000129705_81905837.avif
23,0.6867,36.819,10.1658,116.0,3.0,2.0,0.5,0.5524,2.0,2562.03,0.3363,4,0,1,0,1,0,0,1,0,1,0,0,0,0,1,0,0,0,435000.0,https://www.mubawab-media.com/ad/8/302/180F/h/1000130946_81955071.avif
1,0.3533,36.899,10.2358,205.0,3.0,3.0,0.5,0.4235,2.0,43985.0,0.3269,4,0,0,0,0,0,0,1,0,0,0,0,0,0,0,1,0,0,530000.0,https://www.mubawab-media.com/ad/8/252/989F/h/thumb_1276294_property_xlarge_81942680.avif
1,0.32,36.8665,10.1647,69.0,3.0,2.0,0.5,0.5305,2.0,43985.0,0.2762,4,0,0,0,1,0,0,0,0,0,1,0,0,0,0,0,0,0,165000.0,https://www.mubawab-media.com/ad/8/263/651F/h/Untitled%20design%20-%202025-12-01T145040.908_81535675.avif
23,0.4,36.8769,10.3247,115.0,3.0,3.0,0.5,0.8015,2.0,2562.03,0.2786,4,0,0,0,1,0,0,1,0,0,0,1,0,0,0,0,0,0,320000.0,https://www.mubawab-media.com/ad/8/231/630F/h/thumb_1181319_property_xlarge_81196791.avif
16,0.13,36.8,10.1,100.0,3.0,2.0,0.5,0.2426,2.0,110184.0,0.3382,4,0,0,0,1,0,0,0,0,0,0,1,0,0,0,0,0,0,180000.0,https://www.mubawab-media.com/ad/8/297/284F/h/11056de7-50d2-41d9-9b5a-ea9b41f554d2_81902205.avif
16,0.13,36.8,10.1,120.0,4.0,3.0,0.5,0.2426,2.0,110184.0,0.3016,4,0,0,0,1,0,0,0,0,0,0,1,0,0,0,0,0,0,220000.0,https://www.mubawab-media.com/ad/8/295/958F/h/1950d184-5db0-4f02-91f0-d90b094543a8_81888301.avif
16,0.13,36.8,10.1,110.0,4.0,3.0,0.5,0.2426,2.0,110184.0,0.3144,4,0,0,0,1,0,1,0,0,0,0,0,1,0,0,0,0,0,240000.0,https://www.mubawab-media.com/ad/8/274/291F/h/WhatsApp%20Image%202025-12-17%20at%2017.38.31%20%284%29_81654042.avif
16,0.32,36.4561,10.7376,36.0,2.0,1.0,0.5,0.4552,2.0,154974.0,0.2766,4,0,0,0,0,0,0,0,0,1,1,1,1,1,0,0,0,0,165000.0,https://www.mubawab-media.com/ad/8/273/670F/h/7b0ad9fe-0cb6-4392-9a5e-1520e9974a48_81647755.avif
23,0.6867,36.819,10.1658,153.0,5.0,4.0,0.5,0.5524,2.0,2562.03,0.2993,4,0,1,0,1,0,0,1,0,1,1,1,1,1,1,0,0,0,627000.0,https://www.mubawab-media.com/ad/8/294/752F/h/thumb_1269074_property_large_81872684.avif
16,0.2833,36.4561,10.7376,219.0,5.0,4.0,0.5,0.4454,2.0,154974.0,0.2754,4,0,0,1,1,0,1,1,1,1,1,1,0,0,0,0,0,0,690000.0,https://www.mubawab-media.com/ad/7/928/409F/h/436589506_1824768671381876_5291434030559288685_n_76291339.avif
16,0.32,36.819,10.2358,79.0,1.0,2.0,0.5,0.517,2.0,43985.0,0.3168,3,0,1,1,1,1,0,1,1,1,1,1,0,1,1,0,0,0,3000000.0,https://www.mubawab-media.com/ad/8/304/229F/h/Screenshot_2026-02-16-13-56-58-556_com.google.android.apps.photos_81975885.avif
23,0.6867,36.819,10.1658,131.0,3.0,2.0,0.5,0.5524,2.0,2562.03,0.3277,4,0,1,0,0,0,0,1,0,0,0,0,0,0,1,0,0,0,645000.0,https://www.mubawab-media.com/ad/8/270/032F/h/8_81609036.avif
3,0.2227,36.8,10.1,116.0,3.0,2.0,0.5,0.274,2.0,110184.0,0.3297,4,0,1,0,0,0,0,1,1,1,1,0,0,0,0,0,0,0,287000.0,https://www.mubawab-media.com/ad/7/928/114F/h/DSC_6827-HDR_21207779_76256906.avif
23,0.4,36.8769,10.3247,60.0,2.0,1.0,0.5,0.8015,2.0,2562.03,0.3096,4,0,1,0,1,0,0,0,0,0,1,0,0,0,0,0,0,0,195000.0,https://www.mubawab-media.com/ad/8/266/001F/h/Z2_81957438.avif
1,0.3533,36.899,10.2358,68.0,2.0,1.0,0.5,0.4235,2.0,43985.0,0.308,4,0,1,0,1,0,0,0,0,0,0,0,0,0,1,0,0,0,225000.0,https://www.mubawab-media.com/ad/8/299/086F/h/WhatsApp%20Image%202026-02-12%20at%2011.18.59_81957277.avif
1,0.3533,36.899,10.2358,108.0,3.0,2.0,0.5,0.4235,2.0,43985.0,0.3104,4,0,1,0,1,0,0,0,0,0,0,0,0,0,0,0,0,0,330000.0,https://www.mubawab-media.com/ad/8/275/251F/h/cc3b5d06-b7c7-4805-a44e-b6e7407bf570_b9be39ac-f7de-475a-b575-2255f4f593b2_81663589.avif
1,0.3533,36.899,10.2358,288.0,4.0,4.0,0.5,0.4235,2.0,43985.0,0.3297,4,0,0,0,1,0,0,0,1,1,1,0,0,0,0,1,0,0,835000.0,https://www.mubawab-media.com/ad/8/275/424F/h/thumb_1230494_property_xlarge_81665332.avif
23,0.4,36.819,10.2358,115.0,3.0,2.0,0.5,0.517,2.0,43985.0,0.3168,4,0,0,0,0,0,0,0,0,0,0,0,0,0,0,0,0,0,890000.0,nan
16,0.32,36.4561,10.7376,128.0,3.0,2.0,0.5,0.4552,2.0,154974.0,0.312,4,0,0,0,1,1,0,0,0,1,0,1,0,0,1,0,0,0,550000.0,https://www.mubawab-media.com/ad/8/162/200F/h/IMG_0403_81287682.avif
1,0.3533,36.899,10.2358,82.0,3.0,2.0,0.5,0.4235,2.0,43985.0,0.3172,4,0,1,0,0,0,0,1,1,1,1,1,1,1,1,0,0,0,376292.0,https://www.mubawab-media.com/ad/8/257/541F/h/WhatsApp%20Image%202025-11-13%20%C3%A0%2011.33.43_e154bac4_81462306.avif
23,0.6867,36.819,10.1658,74.0,2.0,1.0,0.5,0.5524,2.0,2562.03,0.3399,4,0,0,0,1,1,0,1,0,1,1,1,1,1,0,1,0,0,501200.0,https://www.mubawab-media.com/ad/8/241/710F/h/4_81299112_81299524.avif
1,0.32,36.8665,10.1647,160.0,3.0,3.0,0.5,0.5305,2.0,43985.0,0.2778,4,0,1,0,0,0,0,1,1,1,1,1,1,1,1,0,0,0,480000.0,https://www.mubawab-media.com/ad/8/303/717F/h/photo_00_81970823.avif
20,0.3067,35.8604,10.5953,39.0,1.0,1.0,0.5,0.3642,2.0,150620.48,0.3041,4,0,0,0,1,1,0,1,0,0,0,0,0,0,0,0,0,0,230000.0,https://www.mubawab-media.com/ad/8/283/565F/h/10fea9d9-243f-41d6-8b2e-af676a3820a3_81755130.avif
20,0.3067,35.8604,10.5953,58.0,2.0,1.0,0.5,0.3642,2.0,150620.48,0.3366,4,0,1,0,1,0,0,1,0,0,0,0,0,0,1,0,0,0,180000.0,https://www.mubawab-media.com/ad/8/295/273F/h/Hammam%20Sousse%20%284%29_81880529.avif
20,0.15,36.8,10.1,130.0,4.0,3.0,0.5,0.2047,2.0,110184.0,0.3136,4,0,0,0,1,0,0,0,1,1,0,0,0,0,0,0,0,0,280000.0,https://www.mubawab-media.com/ad/8/235/543F/h/Visuel%20Agences%20Sahloul%20Ghrabi%20%2848%29_81237010.avif
20,0.15,36.8,10.1,140.0,4.0,3.0,0.5,0.2047,2.0,110184.0,0.3156,4,0,1,0,1,0,0,1,0,0,0,0,0,0,1,0,0,0,340000.0,https://www.mubawab-media.com/ad/8/102/336F/h/Visuel%20Agences%20Sahloul%20Ghrabi%20%2862%29_80240411.avif
3,0.32,36.8,10.1,158.0,6.0,3.0,0.5,0.2195,2.0,110184.0,0.3164,4,0,1,0,1,0,0,1,0,0,0,0,0,0,0,0,0,1,360000.0,https://www.mubawab-media.com/ad/8/292/817F/h/WhatsApp%20Image%202026-01-24%20at%203.34.42%20PM%20%282%29_81851701.avif
23,0.4,36.8769,10.3247,137.0,3.0,3.0,0.5,0.8015,2.0,2562.03,0.3144,4,0,0,0,0,0,0,1,0,0,0,0,0,0,0,0,0,0,380000.0,https://www.mubawab-media.com/ad/8/293/806F/h/thumb_1267739_property_large_81861701.avif
23,0.4,36.8769,10.3247,120.0,3.0,2.0,0.5,0.8015,2.0,2562.03,0.3364,4,0,0,0,1,0,1,0,0,0,0,0,0,0,1,0,0,0,530000.0,https://www.mubawab-media.com/ad/8/196/356F/h/thumb_1187341_property_xlarge_81321161.avif
23,0.4,36.8769,10.3247,106.0,3.0,2.0,0.5,0.8015,2.0,2562.03,0.323,4,0,1,0,0,0,0,0,0,0,0,1,0,0,0,0,0,0,320000.0,https://www.mubawab-media.com/ad/8/301/982F/h/thumb_1277181_property_large_81952913.avif
16,0.32,36.4561,10.7376,99.0,4.0,3.0,0.5,0.4552,2.0,154974.0,0.286,4,0,0,0,1,1,0,1,0,1,0,0,0,0,1,0,0,0,375000.0,https://www.mubawab-media.com/ad/8/238/680F/h/IMG_20251017_120550_81269118.avif
16,0.32,36.819,10.2358,79.0,1.0,2.0,0.5,0.517,2.0,43985.0,0.3168,3,0,1,1,1,1,0,1,0,0,0,0,0,0,1,0,0,0,3000000.0,https://www.mubawab-media.com/ad/8/304/229F/h/Screenshot_2026-02-16-13-56-58-556_com.google.android.apps.photos_81975885.avif
1,0.3533,36.899,10.2358,86.0,3.0,2.0,0.5,0.4235,2.0,43985.0,0.2746,4,0,1,0,1,0,0,1,0,1,0,0,0,0,0,1,0,0,365000.0,https://www.mubawab-media.com/ad/8/304/210F/h/IMG_9237_81975552.avif
1,0.3533,36.899,10.2358,110.0,3.0,2.0,0.5,0.4235,2.0,43985.0,0.2774,4,0,1,0,1,0,0,1,0,1,0,0,0,0,0,0,0,0,450000.0,https://www.mubawab-media.com/ad/8/304/172F/h/IMG_9080_81975019.avif
23,0.2367,36.8,10.1,700.0,5.0,4.0,0.5,0.2047,2.0,110184.0,0.2907,2,0,0,0,0,0,0,1,0,0,0,0,0,0,0,0,0,0,670000.0,https://www.mubawab-media.com/ad/8/304/166F/h/IMG_9232_81974982.avif
23,0.092,36.8,10.1,90.0,4.0,3.0,0.5,0.3155,2.0,110184.0,0.3144,4,0,0,0,0,0,0,0,0,0,0,0,0,0,0,0,0,0,185000.0,https://www.mubawab-media.com/ad/8/304/146F/h/1_81974795.avif
1,0.32,36.8665,10.1647,136.0,4.0,3.0,0.5,0.5305,2.0,43985.0,0.3152,4,0,1,0,1,0,0,1,0,0,0,1,0,0,0,0,0,0,415000.0,https://www.mubawab-media.com/ad/8/304/142F/h/tbhRyVVTmmXXD8pT-thumb_81974804.avif
1,0.32,36.8665,10.1647,115.0,3.0,2.0,0.5,0.5305,2.0,43985.0,0.2694,4,0,0,0,1,0,0,0,0,0,0,0,0,0,0,0,0,0,240000.0,https://www.mubawab-media.com/ad/8/304/148F/h/gallery_81974810.avif
1,0.3533,36.899,10.2358,152.0,4.0,3.0,0.5,0.4235,2.0,43985.0,0.3755,1,0,1,0,1,1,0,1,0,1,1,1,0,0,0,1,0,0,790000.0,https://www.mubawab-media.com/ad/8/303/403F/h/thumb_1278813_property_large_81967688.avif
3,0.32,36.8,10.1,129.0,4.0,3.0,0.5,0.2195,2.0,110184.0,0.3188,4,0,0,0,0,0,0,1,0,0,0,0,0,0,1,1,0,0,407000.0,https://www.mubawab-media.com/ad/8/111/784F/h/02%20%281%29_79962345_79962352.avif
23,0.4,36.8769,10.3247,130.0,4.0,3.0,0.5,0.8015,2.0,2562.03,0.3104,4,0,0,0,1,0,0,1,0,1,0,0,0,0,1,0,0,0,545000.0,https://www.mubawab-media.com/ad/8/301/000F/h/thumb_1276270_property_large_81942676.avif
23,0.4,36.8769,10.3247,200.0,3.0,4.0,0.5,0.8015,2.0,2562.03,0.3076,1,0,1,0,1,0,0,1,0,1,0,0,0,0,0,0,0,0,950000.0,https://www.mubawab-media.com/ad/8/176/026F/h/thumb_1122990_property_large_80622085.avif
1,0.3533,36.899,10.2358,109.0,3.0,2.0,0.5,0.4235,2.0,43985.0,0.3164,4,0,1,0,1,0,0,1,0,0,0,0,0,0,1,0,0,0,430000.0,https://www.mubawab-media.com/ad/8/299/140F/h/WhatsApp%20Image%202026-01-21%20at%2016.26.29_81924328.avif
1,0.3533,36.899,10.2358,55.0,2.0,1.0,0.5,0.4235,2.0,43985.0,0.3164,4,0,1,0,0,0,0,1,1,1,1,0,1,1,1,1,0,0,230000.0,https://www.mubawab-media.com/ad/8/283/549F/h/WhatsApp%20Image%202026-01-07%20at%2010.41.31%20%282%29_81754942.avif
1,0.3533,36.899,10.2358,63.0,2.0,1.0,0.5,0.4235,2.0,43985.0,0.2746,4,0,1,0,1,0,0,0,1,1,1,1,1,1,1,0,0,0,220000.0,https://www.mubawab-media.com/ad/8/292/595F/h/WhatsApp%20Image%202026-01-27%20at%2009.37.42_81849279.avif
1,0.3533,36.899,10.2358,92.0,3.0,2.0,0.5,0.4235,2.0,43985.0,0.3565,4,0,1,0,1,0,0,1,1,1,1,1,1,1,1,0,0,0,432295.0,https://www.mubawab-media.com/ad/8/257/543F/h/WhatsApp%20Image%202025-11-13%20%C3%A0%2011.33.43_cd29713e_81462390.avif
23,0.4,36.8769,10.3247,126.0,3.0,2.0,0.5,0.8015,2.0,2562.03,0.2726,4,0,0,0,0,1,0,1,0,1,1,1,1,1,0,0,0,0,617200.0,https://www.mubawab-media.com/ad/8/243/698F/h/0_81319799.avif
13,0.2467,36.8,10.1,102.0,4.0,3.0,0.5,0.2476,2.0,110184.0,0.2786,3,0,1,0,1,0,1,0,1,1,1,0,1,1,0,0,0,0,350000.0,https://www.mubawab-media.com/ad/8/278/029F/h/WhatsApp%20Image%202025-12-26%20at%2000.15.24_81694868.avif
20,0.26,35.8245,10.6346,100.0,4.0,3.0,0.5,0.517,2.0,150620.48,0.3164,4,0,0,0,1,0,1,0,0,0,0,0,0,0,1,0,0,0,300000.0,https://www.mubawab-media.com/ad/8/254/633F/h/WhatsApp%20Image%202025-11-18%20at%2003.24.23%281%29_81432967.avif
20,0.26,35.8245,10.6346,100.0,4.0,3.0,0.5,0.517,2.0,150620.48,0.3597,4,0,1,0,1,0,0,0,0,0,0,0,0,0,1,0,0,0,290000.0,https://www.mubawab-media.com/ad/8/254/102F/h/WhatsApp%20Image%202025-11-17%20at%2003.09.19%282%29_81427716.avif
16,0.2833,36.4561,10.7376,62.0,1.0,1.0,0.5,0.4454,2.0,154974.0,0.3197,4,0,1,0,1,1,0,1,0,1,0,0,0,0,0,0,0,0,257000.0,https://www.mubawab-media.com/ad/8/032/147F/h/thumb_951885_property_xlarge_79226590.avif
23,0.4,36.8769,10.3247,128.0,3.0,2.0,0.5,0.8015,2.0,2562.03,0.3541,4,0,0,0,1,0,0,0,0,1,1,0,1,0,0,0,0,0,410000.0,https://www.mubawab-media.com/ad/7/300/527F/h/20230119_141640_39966808.avif
12,0.1733,35.5047,11.0622,65.0,2.0,1.0,0.5,0.4425,2.0,1278.45,0.2996,4,0,0,0,1,0,0,0,0,0,0,0,1,0,0,0,0,0,186000.0,https://www.mubawab-media.com/ad/8/293/767F/h/87e91e11-12cb-4aa2-9c96-e51aec3bbf2d_81861353.avif
20,0.26,35.8245,10.6346,80.0,2.0,1.0,0.5,0.517,2.0,150620.48,0.2774,4,0,1,0,0,0,0,0,1,1,1,0,0,0,0,0,0,0,225000.0,https://www.mubawab-media.com/ad/8/247/790F/h/WhatsApp%20Image%202025-11-06%20at%209.06.48%20AM_81363314.avif
20,0.3067,36.8,10.1,147.0,4.0,3.0,0.5,0.3807,2.0,110184.0,0.3601,4,0,1,0,0,0,0,0,1,0,1,1,0,0,1,0,0,0,485760.0,https://www.mubawab-media.com/ad/8/231/667F/h/WhatsApp%20Image%202025-10-08%20at%206.12.12%20PM%20%281%29_81197317.avif
20,0.26,35.8245,10.6346,218.0,4.0,3.0,0.5,0.517,2.0,150620.48,0.2782,4,0,1,0,1,0,1,0,0,0,0,0,0,0,1,0,0,0,720192.0,https://www.mubawab-media.com/ad/8/223/100F/h/WhatsApp%20Image%202025-09-24%20at%2014.16.45_81103142.avif
16,0.32,36.4561,10.7376,128.0,4.0,3.0,0.5,0.4552,2.0,154974.0,0.2762,4,0,0,0,1,0,0,0,0,0,0,0,0,0,0,0,0,0,180000.0,https://www.mubawab-media.com/ad/8/304/087F/h/Design%20sans%20titre%20%287%29_81974150.avif
23,0.6867,36.819,10.1658,175.0,3.0,4.0,0.5,0.5524,2.0,2562.03,0.3355,4,0,1,0,0,0,0,0,0,0,1,1,0,0,0,0,0,0,900000.0,https://www.mubawab-media.com/ad/8/304/074F/h/WhatsApp%20Image%202026-02-16%20at%2011.15.33%20%281%29_81974044.avif
16,0.32,36.4561,10.7376,100.0,3.0,2.0,0.5,0.4552,2.0,154974.0,0.3156,4,0,0,1,1,0,0,1,0,0,1,1,0,0,1,0,0,0,385000.0,https://www.mubawab-media.com/ad/8/129/834F/h/575181018_1848867652432964_2340608342624646237_n_81484419.avif
16,0.32,36.4561,10.7376,116.0,3.0,2.0,0.5,0.4552,2.0,154974.0,0.3192,4,0,0,0,1,0,0,1,1,1,1,1,0,0,1,0,0,0,390000.0,https://www.mubawab-media.com/ad/8/129/849F/h/88f1655f-c7b9-4cfa-a56f-425d23d05bd1_80146363.avif
23,0.32,36.844,10.192,200.0,5.0,4.0,0.5,0.3403,2.0,43985.0,0.3108,1,0,1,0,0,0,0,0,0,0,0,1,0,0,0,0,0,0,1100000.0,https://www.mubawab-media.com/ad/8/304/066F/h/AV%20APPART%20MAHRAJENE%20200M2_81973973.avif
16,0.32,36.4561,10.7376,115.0,1.0,3.0,0.5,0.4552,2.0,154974.0,0.2742,4,0,0,0,0,0,0,0,0,0,0,0,0,0,0,0,0,0,335000.0,https://www.mubawab-media.com/ad/8/288/563F/h/thumb_1262407_property_large_81807149.avif
16,0.32,36.4561,10.7376,57.0,1.0,1.0,0.5,0.4552,2.0,154974.0,0.3394,1,0,0,0,0,1,0,0,1,0,0,0,0,0,0,0,0,0,264400.0,https://www.mubawab-media.com/ad/8/288/542F/h/thumb_1262343_property_large_81806979.avif
16,0.32,36.4561,10.7376,110.0,1.0,2.0,0.5,0.4552,2.0,154974.0,0.2742,4,0,0,0,0,0,0,0,0,0,0,0,0,0,0,0,0,0,280000.0,https://www.mubawab-media.com/ad/8/288/378F/h/thumb_1239514_property_large_81805314.avif
3,0.32,36.8,10.1,104.0,3.0,2.0,0.5,0.2195,2.0,110184.0,0.3156,4,0,0,0,0,0,0,1,0,0,0,0,0,0,1,1,0,0,329000.0,https://www.mubawab-media.com/ad/8/111/785F/h/01%20%281%29_79962344_79962354.avif
23,0.4,36.8769,10.3247,68.0,2.0,1.0,0.5,0.8015,2.0,2562.03,0.3318,4,0,1,0,1,0,0,0,0,0,0,0,0,0,1,1,0,0,390000.0,https://www.mubawab-media.com/ad/7/903/086F/h/VUE%206_44687753_73907088.avif
23,0.4,36.8769,10.3247,117.0,3.0,2.0,0.5,0.8015,2.0,2562.03,0.2802,4,0,1,0,1,0,0,1,0,0,0,0,0,0,1,0,0,0,386000.0,https://www.mubawab-media.com/ad/7/982/006F/h/IMG_8720_78677556.avif
23,0.4,36.8769,10.3247,68.0,2.0,1.0,0.5,0.8015,2.0,2562.03,0.3148,4,0,1,0,1,0,0,1,0,0,0,0,0,0,1,0,0,0,235000.0,https://www.mubawab-media.com/ad/8/302/491F/h/IMG_1397_81958179.avif
23,0.4,36.8769,10.3247,156.0,4.0,3.0,0.5,0.8015,2.0,2562.03,0.2758,4,0,1,0,1,0,0,1,0,0,0,0,0,0,1,0,0,0,468000.0,https://www.mubawab-media.com/ad/8/198/766F/h/IMG_7698_80849729.avif
23,0.4,36.8769,10.3247,146.0,4.0,3.0,0.5,0.8015,2.0,2562.03,0.2879,4,0,1,0,0,0,0,1,1,1,1,1,1,1,1,1,0,0,480000.0,https://www.mubawab-media.com/ad/8/295/422F/h/IMG_1146_81882329.avif
1,0.332,36.819,10.2358,115.0,3.0,2.0,0.5,0.517,2.0,43985.0,0.3168,4,0,0,0,0,0,0,0,0,0,0,0,0,0,0,0,0,0,369000.0,nan
23,0.4,36.8769,10.3247,150.0,4.0,3.0,0.5,0.8015,2.0,2562.03,0.2758,4,0,1,0,1,0,0,1,1,1,1,1,0,0,0,0,0,0,370000.0,https://www.mubawab-media.com/ad/8/051/505F/h/thumb_949930_property_large_79373530.avif
1,0.3533,36.899,10.2358,42.0,2.0,1.0,0.5,0.4235,2.0,43985.0,0.3185,4,0,1,0,1,0,0,1,1,1,1,1,1,1,1,0,0,0,214950.0,https://www.mubawab-media.com/ad/8/257/545F/h/WhatsApp%20Image%202025-11-13%20%C3%A0%2011.33.43_e154bac4_81462417.avif
23,0.6867,36.819,10.1658,86.0,3.0,2.0,0.5,0.5524,2.0,2562.03,0.3467,4,0,1,0,0,0,0,1,0,1,1,1,1,1,0,0,0,0,428000.0,https://www.mubawab-media.com/ad/8/281/897F/h/Capture%20d%27%C3%A9cran%202025-12-19%20104546_81740499.avif
23,0.4,36.8769,10.3247,99.0,3.0,2.0,0.5,0.8015,2.0,2562.03,0.3192,4,0,1,0,0,0,0,1,1,1,1,1,1,1,1,0,0,0,390000.0,https://www.mubawab-media.com/ad/8/270/431F/h/RenduMarbella_S%2B1_04_81613281.avif
23,0.4,36.8769,10.3247,103.0,3.0,2.0,0.5,0.8015,2.0,2562.03,0.3245,4,0,1,0,0,1,0,1,0,1,1,1,1,1,0,1,0,0,579100.0,https://www.mubawab-media.com/ad/8/243/705F/h/12_81319833.avif
20,0.26,35.8245,10.6346,147.0,4.0,3.0,0.5,0.517,2.0,150620.48,0.2786,4,0,1,0,1,0,0,0,1,1,1,1,1,1,1,0,0,0,441000.0,https://www.mubawab-media.com/ad/8/272/956F/h/c226e9ce-8505-4ce2-b6ca-689efd529153_81639838.avif
16,0.32,36.4561,10.7376,120.0,4.0,3.0,0.5,0.4552,2.0,154974.0,0.318,4,0,0,0,1,0,0,0,0,0,0,0,0,0,0,1,0,0,320000.0,https://www.mubawab-media.com/ad/8/188/185F/h/1_80745137.avif
23,0.1733,36.819,10.1658,95.0,3.0,2.0,0.5,0.6863,2.0,2562.03,0.3172,4,0,1,0,1,0,0,1,0,0,0,0,0,0,1,0,0,0,280000.0,https://www.mubawab-media.com/ad/8/299/028F/h/WhatsApp%20Image%202026-02-04%20at%2004.50.11_81923040.avif
20,0.1333,36.8,10.1,85.0,3.0,2.0,0.5,0.2413,2.0,110184.0,0.2742,4,0,0,1,1,0,1,0,0,0,0,0,0,0,1,0,0,0,187000.0,https://www.mubawab-media.com/ad/8/227/631F/h/Balcon_81617160.avif
20,0.1333,36.8,10.1,143.0,4.0,3.0,0.5,0.2413,2.0,110184.0,0.2742,4,0,1,0,1,0,0,1,0,0,0,0,0,0,0,1,0,1,400000.0,https://www.mubawab-media.com/ad/7/939/168F/h/WhatsApp%20Image%202025-05-19%20at%2014.59.17%20%283%29_81350190.avif
23,0.4,36.8769,10.3247,128.0,2.0,2.0,0.5,0.8015,2.0,2562.03,0.2722,4,0,0,0,1,0,0,1,0,0,1,1,0,0,0,0,0,0,355000.0,https://www.mubawab-media.com/ad/8/285/088F/h/thumb_1220935_property_large_81770927.avif
1,0.3533,36.899,10.2358,173.0,3.0,3.0,0.5,0.4235,2.0,43985.0,0.2726,4,0,0,0,0,0,0,1,0,0,1,1,0,0,0,0,0,0,490000.0,https://www.mubawab-media.com/ad/8/298/249F/h/thumb_1272013_property_large_81912565.avif
13,0.16,36.8,10.1,121.0,3.0,2.0,0.5,0.2875,2.0,110184.0,0.2734,4,0,1,0,1,0,0,1,1,0,0,1,0,0,0,0,0,0,235000.0,https://www.mubawab-media.com/ad/8/256/300F/h/thumb_691017_property_large_81450325.avif
1,0.32,36.8665,10.1647,133.0,5.0,4.0,0.5,0.5305,2.0,43985.0,0.3265,4,0,1,0,1,0,0,0,0,0,0,1,0,0,0,0,0,0,370000.0,https://www.mubawab-media.com/ad/8/290/184F/h/WhatsApp%20Image%202026-01-14%20at%2019.06%20copie_81824377.avif
23,0.4,36.8769,10.3247,170.0,4.0,3.0,0.5,0.8015,2.0,2562.03,0.3176,4,0,1,0,1,0,0,1,0,1,0,0,0,0,1,0,0,0,980000.0,https://www.mubawab-media.com/ad/8/189/146F/h/WhatsApp%20Image%202026-02-01%20at%2013.03.22%20%283%29_81954058.avif
16,0.32,36.4561,10.7376,35.0,1.0,1.0,0.5,0.4552,2.0,154974.0,0.2742,1,0,0,0,0,1,0,0,0,0,0,0,0,0,0,0,0,0,180000.0,https://www.mubawab-media.com/ad/8/296/649F/h/thumb_1270496_property_large_81895517.avif
16,0.32,36.4561,10.7376,250.0,1.0,3.0,0.5,0.4552,2.0,154974.0,0.312,2,0,0,0,0,1,0,0,0,0,0,0,0,0,0,0,0,0,720000.0,https://www.mubawab-media.com/ad/8/296/145F/h/thumb_1270013_property_large_81890379.avif
20,0.32,36.8,10.1,140.0,3.0,2.0,0.5,0.3244,2.0,110184.0,0.271,4,0,1,0,1,0,0,0,0,0,0,0,0,0,1,0,0,0,372000.0,https://www.mubawab-media.com/ad/8/204/556F/h/b7e369e7-9e5d-4282-ad4a-24b11cc6d6c9_80906805.avif
20,0.32,36.8,10.1,125.0,4.0,3.0,0.5,0.3244,2.0,110184.0,0.2742,4,0,1,0,1,0,0,1,0,1,1,1,0,1,0,0,0,0,290000.0,https://www.mubawab-media.com/ad/8/277/471F/h/e97f20f9-d6ec-497e-ad70-f0f3f99c8b75_81690734.avif
20,0.32,36.8,10.1,120.0,1.0,2.0,0.5,0.3244,2.0,110184.0,0.2694,4,0,1,0,0,0,1,1,1,1,1,1,1,1,1,0,0,0,380000.0,https://www.mubawab-media.com/ad/8/149/133F/h/eb1410b2-b8e1-469c-b438-bf871569d7a7_81690628.avif
20,0.32,36.8,10.1,121.0,3.0,2.0,0.5,0.3244,2.0,110184.0,0.2742,4,0,1,0,1,0,0,1,1,1,1,1,0,1,1,0,0,0,320000.0,https://www.mubawab-media.com/ad/8/204/562F/h/f24ef7da-1754-4ef8-ad10-6b552191c6b7_80906826.avif
20,0.32,36.8,10.1,145.0,4.0,3.0,0.5,0.3244,2.0,110184.0,0.2694,4,0,1,0,1,0,0,1,1,1,1,1,1,1,1,0,0,0,630000.0,https://www.mubawab-media.com/ad/8/199/684F/h/d2c413ec-f892-4f8a-9b92-b09cbf9f1d21_80906627.avif
20,0.32,36.8,10.1,132.0,3.0,2.0,0.5,0.3244,2.0,110184.0,0.2694,4,0,1,0,1,0,1,1,1,1,1,1,1,1,1,0,0,0,610000.0,https://www.mubawab-media.com/ad/8/204/586F/h/f26ec001-e0c0-4c6d-bbcc-4ba894b1ba93_80907076.avif
3,0.32,36.8,10.1,120.0,3.0,2.0,0.5,0.2195,2.0,110184.0,0.3152,4,0,0,0,0,0,0,1,0,0,0,0,0,0,1,1,0,0,380000.0,https://www.mubawab-media.com/ad/8/111/786F/h/03%20%281%29_79962346_79962359.avif
23,0.4,36.8769,10.3247,119.0,3.0,2.0,0.5,0.8015,2.0,2562.03,0.3302,4,0,1,0,1,0,0,0,0,0,0,0,0,0,1,0,0,0,605000.0,https://www.mubawab-media.com/ad/7/903/087F/h/VUE%206_44687753_73907093.avif
23,0.4,36.8769,10.3247,115.0,2.0,2.0,0.5,0.8015,2.0,2562.03,0.3176,4,0,0,0,0,0,0,1,0,1,1,0,0,0,0,0,0,0,525000.0,https://www.mubawab-media.com/ad/8/288/540F/h/thumb_1262352_property_large_81806955.avif
23,0.4,36.8769,10.3247,117.0,3.0,2.0,0.5,0.8015,2.0,2562.03,0.3132,4,0,1,0,1,0,0,1,1,0,1,0,0,0,0,0,0,0,300000.0,https://www.mubawab-media.com/ad/8/286/907F/h/logo1_81789955.avif
23,0.4,36.8769,10.3247,149.0,4.0,3.0,0.5,0.8015,2.0,2562.03,0.2734,4,0,1,0,1,0,0,1,0,1,0,0,0,0,1,0,0,0,365000.0,https://www.mubawab-media.com/ad/8/129/418F/h/logo1_81096744.avif
23,0.6867,36.819,10.1658,250.0,5.0,4.0,0.5,0.5524,2.0,2562.03,0.3309,4,0,1,0,1,0,0,1,1,1,1,1,1,1,1,0,0,0,840000.0,https://www.mubawab-media.com/ad/8/281/528F/h/logo1_81736900.avif
23,0.6867,36.819,10.1658,158.0,3.0,3.0,0.5,0.5524,2.0,2562.03,0.2985,4,0,1,0,1,0,0,1,1,1,1,1,1,1,1,0,0,0,675000.0,https://www.mubawab-media.com/ad/8/257/777F/h/logo1_81464806.avif
1,0.3533,36.899,10.2358,92.0,3.0,2.0,0.5,0.4235,2.0,43985.0,0.3152,4,0,1,0,1,0,0,1,1,1,1,1,1,1,1,0,0,0,432426.0,https://www.mubawab-media.com/ad/8/257/547F/h/WhatsApp%20Image%202025-11-13%20%C3%A0%2011.33.43_41e372a0_81462434.avif
23,0.1733,36.819,10.1658,120.0,5.0,3.0,0.5,0.6863,2.0,2562.03,0.3156,4,0,1,0,1,0,0,0,1,1,1,1,0,0,0,0,0,0,425000.0,https://www.mubawab-media.com/ad/8/290/798F/h/WhatsApp%20Image%202026-01-23%20at%2010.57.11%20%281%29_81830986.avif
23,0.4,36.8769,10.3247,110.0,4.0,3.0,0.5,0.8015,2.0,2562.03,0.2734,4,0,1,0,0,0,0,0,1,1,1,0,0,0,1,0,0,0,279000.0,https://www.mubawab-media.com/ad/8/302/781F/h/fotohigh-viewimg%20%2816%29_81961283.avif
20,0.26,35.8245,10.6346,204.0,5.0,3.0,0.5,0.517,2.0,150620.48,0.3036,4,0,1,0,1,0,1,1,0,0,0,0,0,0,1,0,0,0,850000.0,https://www.mubawab-media.com/ad/8/270/551F/h/thumb_1207990_property_large_81614758.avif
23,0.6867,36.819,10.1658,110.0,3.0,2.0,0.5,0.5524,2.0,2562.03,0.316,1,0,1,0,1,1,0,1,0,0,0,0,0,0,1,0,0,0,590000.0,https://www.mubawab-media.com/ad/8/231/712F/h/b6355316-7176-4e45-8d81-fa44a142e2a0_6_81197820.avif
23,0.6867,36.819,10.1658,147.0,3.0,3.0,0.5,0.5524,2.0,2562.03,0.2907,4,0,1,0,1,0,0,1,0,0,0,0,0,0,1,1,0,0,595000.0,https://www.mubawab-media.com/ad/8/164/118F/h/010b473e-d92a-43c1-8613-dd537e57af61_WhatsApp%20Image%202025-06-18%20at%2014.26.13_80501478.avif
23,0.4,36.8769,10.3247,140.0,3.0,2.0,0.5,0.8015,2.0,2562.03,0.311,2,0,1,0,1,0,0,1,0,0,0,0,0,0,1,0,0,0,290000.0,https://www.mubawab-media.com/ad/8/144/909F/h/317c5ea8-53da-4938-bc42-8a161033cf9d_81743406.avif
23,0.4,36.8769,10.3247,111.0,4.0,3.0,0.5,0.8015,2.0,2562.03,0.3313,4,0,1,0,1,0,0,0,0,1,0,0,0,0,1,0,0,0,370000.0,https://www.mubawab-media.com/ad/8/297/945F/h/WhatsApp%20Image%202026-02-04%20at%2015.30.08_81909151.avif
23,0.4,36.8769,10.3247,124.0,4.0,3.0,0.5,0.8015,2.0,2562.03,0.3277,4,0,0,0,0,0,0,1,0,1,0,0,0,0,1,0,0,0,440000.0,https://www.mubawab-media.com/ad/8/300/326F/h/WhatsApp%20Image%202026-02-09%20at%2017.05.05_81935708.avif
23,0.4,36.8769,10.3247,91.0,3.0,2.0,0.5,0.8015,2.0,2562.03,0.3313,4,0,0,0,1,0,0,1,0,1,1,0,0,0,1,0,0,0,365000.0,https://www.mubawab-media.com/ad/8/289/990F/h/WhatsApp%20Image%202025-09-12%20at%2015.14.58_81822053.avif
23,0.4,36.8769,10.3247,142.0,4.0,3.0,0.5,0.8015,2.0,2562.03,0.273,4,0,1,0,0,0,0,1,0,1,0,0,0,0,1,0,0,0,490000.0,https://www.mubawab-media.com/ad/8/286/695F/h/WhatsApp%20Image%202026-01-15%20at%2012.03.58%20%281%29_81787840.avif
20,0.3333,35.8245,10.6346,100.0,3.0,2.0,0.5,0.2902,2.0,150620.48,0.3422,4,0,1,0,0,0,1,0,0,1,0,0,0,0,0,1,0,0,540000.0,https://www.mubawab-media.com/ad/8/286/140F/h/Picture-86649884-1-watermark_81781665.avif
23,0.1733,36.819,10.1658,50.0,1.0,2.0,0.5,0.6863,2.0,2562.03,0.2762,4,0,0,0,0,0,0,0,0,1,0,0,0,0,0,0,0,0,150000.0,https://www.mubawab-media.com/ad/8/304/048F/h/19ab50f6-bde5-4f36-a3c4-159868cb410f_resize-image_81973876.avif
16,0.13,36.8,10.1,55.0,2.0,1.0,0.5,0.2426,2.0,110184.0,0.3168,4,0,0,1,1,0,1,0,0,0,0,0,0,0,0,0,0,0,165000.0,https://www.mubawab-media.com/ad/7/829/522F/h/WhatsApp%20Image%202024-09-05%20%C3%A0%2010.52.42_a1a171cd_79127084.avif
16,0.13,36.8,10.1,200.0,4.0,3.0,0.5,0.2426,2.0,110184.0,0.3094,4,0,0,0,0,0,0,1,0,0,0,0,0,0,0,0,0,0,250000.0,https://www.mubawab-media.com/ad/8/228/319F/h/WhatsApp%20Image%202025-08-24%20at%2014.21.49_81158985.avif
16,0.15,36.8,10.1,75.0,3.0,2.0,0.5,0.2237,2.0,110184.0,0.3188,4,0,0,0,1,0,0,0,1,0,0,0,0,0,1,0,0,0,199000.0,https://www.mubawab-media.com/ad/7/910/914F/h/P1005629_81336940.avif
16,0.15,36.8,10.1,95.0,3.0,2.0,0.5,0.2237,2.0,110184.0,0.3431,4,0,0,1,1,0,1,0,0,0,0,0,0,0,0,0,0,0,240000.0,https://www.mubawab-media.com/ad/8/085/310F/h/474164842_18022514513646841_7226994842339425072_n_79704704.avif
16,0.15,36.8,10.1,70.0,1.0,1.0,0.5,0.2237,2.0,110184.0,0.2742,4,0,0,0,0,0,0,0,0,0,0,0,0,0,0,0,0,0,85000.0,https://www.mubawab-media.com/ad/7/762/132F/h/931a9eec-d188-4b0b-9d9e-4bfcd9af152c_54230395.avif
16,0.2367,36.8,10.1,60.0,4.0,2.0,0.5,0.1622,2.0,110184.0,0.3273,4,0,0,0,1,0,1,0,0,0,0,0,0,0,0,0,0,0,190000.0,https://www.mubawab-media.com/ad/8/244/584F/h/WhatsApp%20Image%202025-10-29%20%C3%A0%2012.01.25_1b692d84_81330695.avif
1,0.3533,36.899,10.2358,93.0,3.0,2.0,0.5,0.4235,2.0,43985.0,0.3419,4,0,1,0,1,0,0,0,0,1,0,0,0,0,0,1,0,0,385000.0,https://www.mubawab-media.com/ad/7/934/693F/h/WhatsApp%20Image%202025-10-31%20at%2010.19.58_81834621.avif
23,0.6867,36.819,10.1658,244.0,5.0,4.0,0.5,0.5524,2.0,2562.03,0.3357,4,0,0,0,1,1,0,1,0,0,0,0,0,0,1,1,0,0,1650000.0,https://www.mubawab-media.com/ad/8/281/314F/h/logo1_81735017.avif
23,0.4,36.8769,10.3247,194.0,4.0,3.0,0.5,0.8015,2.0,2562.03,0.3148,4,0,1,0,1,0,0,1,0,0,0,0,0,0,1,0,0,0,1330000.0,https://www.mubawab-media.com/ad/8/242/533F/h/logo1_81307496.avif
23,0.6867,36.819,10.1658,84.0,3.0,1.0,0.5,0.5524,2.0,2562.03,0.3666,4,0,0,0,1,0,0,1,1,0,0,1,0,0,0,0,0,0,440000.0,https://www.mubawab-media.com/ad/8/301/778F/h/thumb_1276751_property_xlarge_81950784.avif
23,0.3467,36.819,10.1658,65.0,2.0,1.0,0.5,0.3526,2.0,2562.03,0.2786,4,0,1,0,1,0,0,0,1,1,1,1,0,0,0,0,0,0,195000.0,https://www.mubawab-media.com/ad/8/286/191F/h/5e71e970-8d9b-4ed4-9e7d-18ad08a1afe0_81897495.avif
23,0.4,36.819,10.2358,115.0,3.0,2.0,0.5,0.517,2.0,43985.0,0.3168,4,0,0,0,0,0,0,0,0,0,0,0,0,0,0,0,0,0,890000.0,nan
23,0.3467,36.819,10.1658,102.0,3.0,2.0,0.5,0.3526,2.0,2562.03,0.2786,4,0,1,0,1,0,1,1,1,1,1,1,0,0,1,0,0,0,440000.0,https://www.mubawab-media.com/ad/8/286/231F/h/6622c5e2-ad70-4baf-9c37-280744def844_81782623.avif
23,0.4,36.8769,10.3247,126.0,3.0,2.0,0.5,0.8015,2.0,2562.03,0.2726,4,0,0,0,0,1,0,1,0,1,1,1,1,1,0,0,0,0,617200.0,https://www.mubawab-media.com/ad/8/243/698F/h/0_81319799.avif
20,0.3733,36.8,10.1,165.0,4.0,3.0,0.5,0.2689,2.0,110184.0,0.314,4,0,1,0,1,0,1,1,1,1,1,1,1,0,1,0,0,0,520000.0,https://www.mubawab-media.com/ad/8/183/064F/h/1_80693305.avif
16,0.13,36.8,10.1,100.0,2.0,2.0,0.5,0.2426,2.0,110184.0,0.277,4,0,0,0,0,0,0,1,0,0,0,0,0,0,0,0,0,0,95000.0,https://www.mubawab-media.com/ad/8/209/728F/h/b99fb09c-584a-4ee0-b06f-81a47f3ea275_80960859.avif
16,0.2833,36.4561,10.7376,120.0,3.0,2.0,0.5,0.4454,2.0,154974.0,0.3132,1,0,1,0,1,0,0,1,0,0,0,0,0,0,0,0,0,1,450000.0,https://www.mubawab-media.com/ad/8/300/049F/h/unnamed_81933316.avif
16,0.2833,36.4561,10.7376,70.0,2.0,1.0,0.5,0.4454,2.0,154974.0,0.3132,4,0,1,0,1,0,1,1,0,0,0,0,0,0,0,0,0,0,400000.0,https://www.mubawab-media.com/ad/8/299/957F/h/IMG-20260123-WA0010%281%29_81959998.avif
20,0.3067,36.8,10.1,204.0,4.0,3.0,0.5,0.334,2.0,110184.0,0.3589,4,0,0,0,0,0,0,0,0,1,1,1,0,1,0,0,0,0,280000.0,https://www.mubawab-media.com/ad/8/241/284F/h/Copie%20de%20Visuel%20Agences%20Sousse%20Corniche%20%2874%29_81295475.avif
20,0.3067,36.8,10.1,90.0,3.0,2.0,0.5,0.334,2.0,110184.0,0.2798,4,0,0,0,1,0,1,0,0,0,0,1,0,0,0,0,0,0,90000.0,https://www.mubawab-media.com/ad/8/235/875F/h/Copie%20de%20Visuel%20Agences%20Sousse%20Corniche%20%2824%29_81240208.avif
1,0.32,36.8665,10.1647,150.0,3.0,3.0,0.5,0.5305,2.0,43985.0,0.337,4,0,1,0,0,0,0,1,0,0,0,0,0,0,1,0,0,0,630000.0,https://www.mubawab-media.com/ad/8/272/125F/h/photo_0_81631065.avif
23,0.1733,36.819,10.2358,1150.0,3.0,2.0,0.5,0.517,2.0,43985.0,0.3168,1,0,0,0,0,0,0,0,0,0,0,0,0,0,0,0,0,0,2500000.0,https://www.mubawab-media.com/ad/8/190/179F/h/3abdd03f-7604-4d8b-989a-655105cf9627_80764513.avif
1,0.32,36.8665,10.1647,128.0,3.0,3.0,0.5,0.5305,2.0,43985.0,0.3374,3,0,1,0,1,0,0,1,0,1,0,0,0,0,1,0,0,0,527000.0,https://www.mubawab-media.com/ad/8/186/308F/h/274751494_102078309092157_8369913879969728400_n_80726963.avif
16,0.2367,36.8,10.1,60.0,4.0,2.0,0.5,0.1622,2.0,110184.0,0.3273,4,0,0,0,1,0,1,0,0,0,0,0,0,0,0,0,0,0,190000.0,https://www.mubawab-media.com/ad/8/244/584F/h/WhatsApp%20Image%202025-10-29%20%C3%A0%2012.01.25_1b692d84_81330695.avif
16,0.13,36.8,10.1,90.0,3.0,2.0,0.5,0.2426,2.0,110184.0,0.3172,4,0,0,0,0,0,0,0,0,0,0,0,0,0,0,0,0,0,165000.0,https://www.mubawab-media.com/ad/8/248/417F/h/WhatsApp%20Image%202025-11-04%20%C3%A0%2012.28.11_cae898ac_81368520.avif
1,0.3533,36.899,10.2358,42.0,2.0,1.0,0.5,0.4235,2.0,43985.0,0.3164,4,0,1,1,0,0,0,0,0,1,0,0,0,0,1,0,0,0,225000.0,https://www.mubawab-media.com/ad/8/302/716F/h/628227105_798927656562317_7265752339146056840_n_81960607.avif
16,0.32,36.4561,10.7376,127.0,3.0,2.0,0.5,0.4552,2.0,154974.0,0.298,4,0,1,0,1,0,0,1,1,0,1,1,1,0,1,0,0,0,444000.0,https://www.mubawab-media.com/ad/7/844/191F/h/IMG_20200201_121204_65005123.avif
16,0.2833,36.4561,10.7376,124.0,3.0,2.0,0.5,0.4454,2.0,154974.0,0.3388,4,0,1,0,1,1,0,1,0,1,1,1,0,0,0,1,0,0,490000.0,https://www.mubawab-media.com/ad/8/267/209F/h/ext_81579736.avif
1,0.3533,36.899,10.2358,178.0,4.0,3.0,0.5,0.4235,2.0,43985.0,0.2746,4,0,1,1,1,0,0,1,1,1,1,1,1,1,1,0,0,0,720000.0,https://www.mubawab-media.com/ad/8/289/694F/h/WhatsApp%20Image%202026-01-21%20at%2016.23.50%20%281%29_81819067.avif
16,0.2833,36.4561,10.7376,91.0,2.0,2.0,0.5,0.4454,2.0,154974.0,0.3152,4,0,1,0,1,1,0,1,1,1,1,1,1,0,0,0,0,0,350000.0,https://www.mubawab-media.com/ad/8/147/751F/h/thumb_1096881_property_large_80325434.avif
16,0.2833,36.4561,10.7376,192.0,2.0,2.0,0.5,0.4454,2.0,154974.0,0.3432,4,0,1,0,1,1,0,1,1,1,1,1,0,0,0,1,0,0,490000.0,https://www.mubawab-media.com/ad/8/241/211F/h/thumb_1192729_property_large_81294625.avif
23,0.1733,36.819,10.1658,124.0,5.0,4.0,0.5,0.6863,2.0,2562.03,0.2782,4,0,0,0,1,0,0,0,0,0,0,0,0,1,0,0,0,0,250000.0,https://www.mubawab-media.com/ad/8/304/037F/h/a_81973746.avif
1,0.3533,36.899,10.2358,61.0,2.0,1.0,0.5,0.4235,2.0,43985.0,0.3179,4,0,1,0,1,1,0,1,0,0,0,0,0,0,1,1,0,0,285000.0,https://www.mubawab-media.com/ad/8/091/245F/h/WhatsApp%20Image%202025-10-31%20at%2010.19.59%20%285%29_81492409.avif
3,0.32,36.8,10.1,129.0,4.0,3.0,0.5,0.2195,2.0,110184.0,0.3188,4,0,0,0,0,0,0,1,0,0,0,0,0,0,1,1,0,0,407000.0,https://www.mubawab-media.com/ad/8/111/784F/h/02%20%281%29_79962345_79962352.avif
23,0.3467,36.819,10.1658,60.0,2.0,1.0,0.5,0.3526,2.0,2562.03,0.3261,4,0,1,0,1,0,1,0,0,1,0,0,0,0,1,0,0,0,380000.0,https://www.mubawab-media.com/ad/8/296/851F/h/8a6a7253-43d5-44b9-bbcc-3b2d1e0a762f_81898218.avif
23,0.4,36.8769,10.3247,41.0,1.0,1.0,0.5,0.8015,2.0,2562.03,0.2758,4,0,1,0,0,0,0,1,1,1,0,0,1,1,0,0,0,0,299000.0,https://www.mubawab-media.com/ad/8/296/526F/h/thumb_1278442_property_large_81964225.avif
1,0.3533,36.899,10.2358,61.0,2.0,1.0,0.5,0.4235,2.0,43985.0,0.3005,4,0,1,0,0,0,0,1,0,0,0,0,0,0,1,1,0,0,250000.0,https://www.mubawab-media.com/ad/8/235/277F/h/61a7c0de-a639-44d6-8cb3-5f8580d870fe_81977547.avif
23,0.4,36.8769,10.3247,112.0,3.0,2.0,0.5,0.8015,2.0,2562.03,0.2694,4,0,0,0,1,0,0,1,0,1,1,1,1,0,0,0,0,0,605000.0,https://www.mubawab-media.com/ad/8/298/739F/h/gallery_81919966.avif
23,0.4,36.819,10.2358,115.0,3.0,2.0,0.5,0.517,2.0,43985.0,0.3168,4,0,0,0,0,0,0,0,0,0,0,0,0,0,0,0,0,0,890000.0,nan
23,0.6867,36.819,10.1658,149.0,4.0,3.0,0.5,0.5524,2.0,2562.03,0.3176,4,0,1,0,1,0,0,1,1,1,1,1,1,1,1,0,0,0,650000.0,https://www.mubawab-media.com/ad/8/235/534F/h/logo1_81307543.avif
23,0.4,36.8769,10.3247,103.0,3.0,2.0,0.5,0.8015,2.0,2562.03,0.3245,4,0,1,0,0,1,0,1,0,1,1,1,1,1,0,1,0,0,579100.0,https://www.mubawab-media.com/ad/8/243/705F/h/12_81319833.avif
1,0.32,36.8665,10.1647,170.0,3.0,3.0,0.5,0.5305,2.0,43985.0,0.3285,4,0,1,0,1,0,0,1,1,1,1,1,1,1,1,0,0,0,650000.0,https://www.mubawab-media.com/ad/8/257/656F/h/photo_00_81463456.avif
23,0.32,36.844,10.192,117.0,3.0,2.0,0.5,0.3403,2.0,43985.0,0.3791,4,0,1,0,0,0,0,1,0,0,0,0,0,0,1,0,0,0,389000.0,https://www.mubawab-media.com/ad/8/190/181F/h/photo_0_81938515.avif
1,0.32,36.8665,10.1647,47.0,3.0,1.0,0.5,0.5305,2.0,43985.0,0.3164,2,0,1,0,0,0,0,1,0,0,0,0,0,0,1,0,0,0,220000.0,https://www.mubawab-media.com/ad/8/267/986F/h/photo_00_81587555.avif
17,0.1427,34.7405,10.7603,138.0,3.0,3.0,0.5,0.3081,2.0,130875.5,0.2746,3,0,1,0,1,1,0,1,0,0,0,0,0,0,1,1,0,0,442000.0,https://www.mubawab-media.com/ad/8/242/539F/h/photo_0_81307595.avif
16,0.2833,36.4561,10.7376,60.0,2.0,1.0,0.5,0.4454,2.0,154974.0,0.318,1,0,1,0,1,1,0,1,0,0,0,0,0,0,1,0,0,0,280000.0,https://www.mubawab-media.com/ad/8/200/669F/h/IMG-20250816-WA0000_80868001.avif
16,0.2833,36.4561,10.7376,81.0,3.0,2.0,0.5,0.4454,2.0,154974.0,0.2694,4,0,1,0,1,1,0,1,0,1,0,0,0,0,0,0,0,0,307000.0,https://www.mubawab-media.com/ad/8/202/992F/h/gallery_80891323.avif
16,0.2833,36.4561,10.7376,185.0,3.0,2.0,0.5,0.4454,2.0,154974.0,0.2694,4,0,1,0,1,0,0,1,0,0,0,0,0,0,0,0,0,0,560000.0,https://www.mubawab-media.com/ad/8/254/835F/h/gallery_81434942.avif
16,0.2833,36.4561,10.7376,175.0,4.0,3.0,0.5,0.4454,2.0,154974.0,0.2694,4,0,0,0,1,0,0,0,0,0,1,0,0,0,0,0,0,0,475000.0,https://www.mubawab-media.com/ad/8/138/082F/h/gallery_80229335.avif
23,0.6867,36.819,10.1658,178.0,4.0,3.0,0.5,0.5524,2.0,2562.03,0.3453,4,0,0,0,1,0,0,0,0,0,0,0,0,0,1,1,0,0,920000.0,https://www.mubawab-media.com/ad/8/126/459F/h/image_1_80112406.avif
23,0.6867,36.819,10.1658,135.0,4.0,3.0,0.5,0.5524,2.0,2562.03,0.3523,4,0,1,0,1,0,0,1,0,0,0,0,0,0,1,0,0,0,789000.0,https://www.mubawab-media.com/ad/8/254/059F/h/image_1_81427027.avif
16,0.2833,36.4561,10.7376,116.0,3.0,2.0,0.5,0.4454,2.0,154974.0,0.3049,4,0,1,0,1,0,0,1,0,0,0,0,0,0,0,0,0,1,340000.0,https://www.mubawab-media.com/ad/8/028/180F/h/Sans%20tit6-ink%284%29_81565202.avif
16,0.2833,36.4561,10.7376,93.0,3.0,2.0,0.5,0.4454,2.0,154974.0,0.3376,4,0,1,0,1,1,0,1,0,0,0,0,0,0,0,0,0,1,350000.0,https://www.mubawab-media.com/ad/8/111/878F/h/450951127_856965239662553_2319587435101258843_n-ink_79963208.avif
16,0.2833,36.4561,10.7376,71.0,3.0,2.0,0.5,0.4454,2.0,154974.0,0.3277,4,0,1,0,1,1,0,0,0,0,0,0,0,0,0,0,0,1,260000.0,https://www.mubawab-media.com/ad/8/043/789F/h/448444713_1152283842713991_7008693398260941812_n-ink_81556532.avif
1,0.3533,36.899,10.2358,113.0,3.0,2.0,0.5,0.4235,2.0,43985.0,0.3305,4,0,1,0,1,0,0,1,0,1,1,1,0,0,1,0,0,0,375000.0,https://www.mubawab-media.com/ad/8/102/407F/h/1740838622420_79870213.avif
23,0.6867,36.819,10.1658,500.0,5.0,4.0,0.5,0.5524,2.0,2562.03,0.3545,1,0,1,0,1,1,1,1,0,1,1,1,1,1,1,0,0,0,1449000.0,https://www.mubawab-media.com/ad/7/844/265F/h/sahb04_79662845.avif
23,0.4,36.8769,10.3247,145.0,5.0,4.0,0.5,0.8015,2.0,2562.03,0.3172,4,0,1,0,0,0,0,1,0,1,1,1,0,0,1,0,0,0,425000.0,https://www.mubawab-media.com/ad/8/296/810F/h/1000129577_81897263.avif
23,0.4,36.8769,10.3247,180.0,4.0,3.0,0.5,0.8015,2.0,2562.03,0.314,4,0,1,0,1,0,0,1,1,1,1,1,1,1,1,0,0,0,350000.0,https://www.mubawab-media.com/ad/8/254/559F/h/Unknown-38_81432045.avif
1,0.3533,36.899,10.2358,480.0,2.0,2.0,0.5,0.4235,2.0,43985.0,0.3128,4,0,0,0,0,0,0,1,1,0,0,1,0,1,0,1,0,0,480000.0,https://www.mubawab-media.com/ad/8/143/933F/h/277BDB1F-05A7-497C-A8B7-AAA1B60BF18D_1_105_c_80287905.avif
1,0.3533,36.899,10.2358,90.0,3.0,2.0,0.5,0.4235,2.0,43985.0,0.316,4,0,1,0,0,0,0,1,1,1,1,1,0,1,1,0,0,0,330000.0,https://www.mubawab-media.com/ad/8/265/448F/h/Unknown-6_81557514.avif
3,0.32,36.8,10.1,104.0,3.0,2.0,0.5,0.2195,2.0,110184.0,0.3156,4,0,0,0,0,0,0,1,0,0,0,0,0,0,1,1,0,0,329000.0,https://www.mubawab-media.com/ad/8/111/785F/h/01%20%281%29_79962344_79962354.avif
23,0.4,36.8769,10.3247,68.0,2.0,1.0,0.5,0.8015,2.0,2562.03,0.3318,4,0,1,0,1,0,0,0,0,0,0,0,0,0,1,1,0,0,390000.0,https://www.mubawab-media.com/ad/7/903/086F/h/VUE%206_44687753_73907088.avif
23,0.6867,36.819,10.1658,159.0,4.0,3.0,0.5,0.5524,2.0,2562.03,0.3142,4,0,1,0,1,0,0,1,0,1,0,0,0,0,1,0,0,0,650000.0,https://www.mubawab-media.com/ad/8/236/745F/h/logo1_81249173.avif
20,0.3067,36.8,10.1,149.0,1.0,3.0,0.5,0.3807,2.0,110184.0,0.2726,4,0,1,0,0,0,0,0,1,1,1,0,0,0,0,0,0,0,465000.0,https://www.mubawab-media.com/ad/8/304/338F/h/1_81977081.avif
20,0.32,36.8,10.1,105.0,1.0,3.0,0.5,0.3244,2.0,110184.0,0.2734,4,0,0,0,0,0,0,0,0,0,1,0,0,0,0,0,0,0,250000.0,https://www.mubawab-media.com/ad/8/285/032F/h/1_81770372.avif
23,0.4,36.8769,10.3247,109.0,3.0,2.0,0.5,0.8015,2.0,2562.03,0.2762,4,0,1,0,1,0,0,1,1,1,1,1,1,1,1,0,0,0,330000.0,https://www.mubawab-media.com/ad/8/283/707F/h/566658350_1323051912367116_9035571912369970709_n_81756735.avif
1,0.332,36.819,10.2358,115.0,3.0,2.0,0.5,0.517,2.0,43985.0,0.3168,4,0,0,0,0,0,0,0,0,0,0,0,0,0,0,0,0,0,369000.0,nan
23,0.4,36.8769,10.3247,71.0,2.0,1.0,0.5,0.8015,2.0,2562.03,0.2746,4,0,1,0,0,0,0,0,1,1,1,1,1,1,1,0,0,0,248500.0,https://www.mubawab-media.com/ad/8/283/723F/h/1_81756919.avif
23,0.5067,36.8528,10.3247,138.0,4.0,3.0,0.5,0.5388,2.0,2562.03,0.3345,3,0,0,0,1,0,0,0,1,1,1,1,1,0,1,0,0,0,1194000.0,https://www.mubawab-media.com/ad/8/285/365F/h/facade%202_81773775_81773790.avif
23,0.6867,36.819,10.1658,135.0,4.0,3.0,0.5,0.5524,2.0,2562.03,0.3523,4,0,1,0,1,0,0,1,1,1,1,1,1,1,1,0,0,0,789000.0,https://www.mubawab-media.com/ad/8/254/059F/h/image_1_81427027.avif
16,0.32,36.4561,10.7376,110.0,5.0,2.0,0.5,0.4552,2.0,154974.0,0.277,4,0,0,0,1,0,0,0,0,1,1,0,0,0,0,0,0,0,280000.0,https://www.mubawab-media.com/ad/8/299/246F/h/1_81925358.avif
20,0.3733,36.8,10.1,80.0,4.0,3.0,0.5,0.2689,2.0,110184.0,0.3338,4,0,0,0,1,0,0,0,1,1,1,0,0,0,0,0,0,0,210000.0,https://www.mubawab-media.com/ad/8/217/858F/h/hed%202_81047004.avif
1,0.32,36.8665,10.1647,48.0,2.0,1.0,0.5,0.5305,2.0,43985.0,0.2694,4,0,0,0,1,0,0,0,0,1,1,0,0,0,0,0,0,0,195000.0,https://www.mubawab-media.com/ad/8/295/669F/h/gallery_81885395.avif
1,0.3533,36.899,10.2358,67.0,2.0,1.0,0.5,0.4235,2.0,43985.0,0.3144,4,0,1,0,1,0,0,1,0,0,0,0,0,0,1,1,0,0,312000.0,https://www.mubawab-media.com/ad/8/283/783F/h/WhatsApp%20Image%202026-01-07%20at%2012.47.08%20%284%29_81757702.avif
1,0.3533,36.899,10.2358,164.0,4.0,3.0,0.5,0.4235,2.0,43985.0,0.3168,4,0,1,0,0,0,0,0,0,1,1,0,0,0,1,1,0,0,862000.0,https://www.mubawab-media.com/ad/8/283/821F/h/WhatsApp%20Image%202026-01-07%20at%2012.47.08%20%282%29_81757866.avif
12,0.1333,36.8,10.1,265.0,3.0,2.0,0.5,0.1779,2.0,110184.0,0.271,4,0,0,0,1,0,0,0,0,0,0,0,0,0,0,1,0,0,175000.0,https://www.mubawab-media.com/ad/8/302/006F/h/detail%20%281%29_81953223.avif
23,0.4,36.8769,10.3247,102.0,3.0,2.0,0.5,0.8015,2.0,2562.03,0.3491,4,0,0,1,1,0,0,1,0,0,0,0,0,0,0,1,0,0,800000.0,https://www.mubawab-media.com/ad/8/138/423F/h/20499-20_80232902.avif
16,0.32,36.4561,10.7376,116.0,3.0,2.0,0.5,0.4552,2.0,154974.0,0.279,4,0,0,0,1,0,0,1,1,0,0,1,0,1,1,0,0,0,388000.0,https://www.mubawab-media.com/ad/8/019/992F/h/b78dea99-9ee2-41b0-8679-b6c18c06a449_81524003.avif
1,0.3533,36.899,10.2358,63.0,2.0,1.0,0.5,0.4235,2.0,43985.0,0.3374,4,0,1,0,1,0,0,0,0,1,0,0,0,0,1,0,0,0,225000.0,https://www.mubawab-media.com/ad/8/301/720F/h/WhatsApp%20Image%202026-02-11%20at%204.15.24%20PM%20%283%29_81950098.avif
1,0.3533,36.899,10.2358,90.0,3.0,2.0,0.5,0.4235,2.0,43985.0,0.316,4,0,1,0,0,0,0,1,0,1,0,0,0,0,1,0,0,0,330000.0,https://www.mubawab-media.com/ad/8/265/448F/h/Unknown-6_81557514.avif
1,0.3533,36.899,10.2358,72.0,2.0,1.0,0.5,0.4235,2.0,43985.0,0.3164,4,0,1,0,1,0,0,1,0,1,0,0,0,0,1,0,0,0,260000.0,https://www.mubawab-media.com/ad/8/212/245F/h/Unknown-26_80986806.avif
1,0.32,36.8665,10.1647,125.0,4.0,3.0,0.5,0.5305,2.0,43985.0,0.3094,4,0,0,0,1,0,0,0,0,0,1,0,0,0,1,0,0,0,269900.0,https://www.mubawab-media.com/ad/8/248/034F/h/IMG_20251106_105059_81365130.avif
1,0.32,36.8665,10.1647,450.0,9.0,7.0,0.5,0.5305,2.0,43985.0,0.3172,4,0,0,0,1,0,0,0,0,1,1,1,0,0,0,1,0,0,1250000.0,https://www.mubawab-media.com/ad/8/301/356F/h/IMG_20260207_134105_81946504.avif
23,0.1733,36.819,10.1658,60.0,3.0,2.0,0.5,0.6863,2.0,2562.03,0.3156,4,0,0,0,1,0,0,0,0,0,0,0,0,0,0,0,0,0,100000.0,https://www.mubawab-media.com/ad/8/283/303F/h/photo_0_81972390.avif
1,0.32,36.8665,10.1647,140.0,4.0,3.0,0.5,0.5305,2.0,43985.0,0.3164,1,0,0,0,0,0,0,0,0,0,0,0,0,0,0,0,0,0,490000.0,https://www.mubawab-media.com/ad/8/303/661F/h/appart_81972040.avif
4,0.12,36.8,10.1,130.0,4.0,2.0,0.5,0.2697,2.0,110184.0,0.3293,4,0,1,0,1,0,0,1,0,0,0,1,0,0,0,1,0,0,170000.0,https://www.mubawab-media.com/ad/8/205/280F/h/thumb_1151542_property_xlarge_80913791.avif
3,0.32,36.8,10.1,120.0,3.0,2.0,0.5,0.2195,2.0,110184.0,0.3152,4,0,0,0,0,0,0,1,0,0,0,0,0,0,1,1,0,0,380000.0,https://www.mubawab-media.com/ad/8/111/786F/h/03%20%281%29_79962346_79962359.avif
23,0.4,36.8769,10.3247,119.0,3.0,2.0,0.5,0.8015,2.0,2562.03,0.3302,4,0,1,0,1,0,0,0,0,0,0,0,0,0,1,0,0,0,605000.0,https://www.mubawab-media.com/ad/7/903/087F/h/VUE%206_44687753_73907093.avif
23,0.4,36.8769,10.3247,109.0,3.0,2.0,0.5,0.8015,2.0,2562.03,0.2762,4,0,1,0,1,0,0,1,0,0,0,0,0,0,1,0,0,0,330000.0,https://www.mubawab-media.com/ad/8/283/707F/h/566658350_1323051912367116_9035571912369970709_n_81756735.avif
23,0.4,36.8769,10.3247,71.0,2.0,1.0,0.5,0.8015,2.0,2562.03,0.2746,4,0,1,0,0,0,0,0,0,1,0,0,0,0,1,0,0,0,248500.0,https://www.mubawab-media.com/ad/8/283/723F/h/1_81756919.avif
23,0.4,36.8769,10.3247,115.0,3.0,2.0,0.5,0.8015,2.0,2562.03,0.2895,4,0,1,0,0,0,0,1,0,1,1,0,0,0,0,1,0,0,380000.0,https://www.mubawab-media.com/ad/8/283/813F/h/507792033_686944547577058_3946218239631471928_n_81757762.avif
23,0.4,36.8769,10.3247,57.0,2.0,1.0,0.5,0.8015,2.0,2562.03,0.3136,4,0,1,0,0,0,0,1,1,1,1,1,1,1,1,0,0,0,211751.0,https://www.mubawab-media.com/ad/8/283/717F/h/3_81756846.avif
23,0.6867,36.819,10.2358,115.0,3.0,2.0,0.5,0.517,2.0,43985.0,0.3168,4,0,0,0,0,0,0,0,0,0,0,0,0,0,0,0,0,0,419000.0,nan
23,0.4,36.8769,10.3247,174.0,4.0,3.0,0.5,0.8015,2.0,2562.03,0.2762,4,0,1,0,1,0,0,1,1,0,1,1,1,1,0,0,0,0,365000.0,https://www.mubawab-media.com/ad/8/283/705F/h/gallery%20%283%29%20-%20Copie_81756715.avif
23,0.6867,36.819,10.1658,86.0,3.0,2.0,0.5,0.5524,2.0,2562.03,0.3467,4,0,1,0,0,0,0,1,0,1,1,1,1,1,0,0,0,0,428000.0,https://www.mubawab-media.com/ad/8/281/897F/h/Capture%20d%27%C3%A9cran%202025-12-19%20104546_81740499.avif
23,0.5067,36.8528,10.3247,116.0,3.0,2.0,0.5,0.5388,2.0,2562.03,0.3124,3,0,0,0,1,0,0,0,1,1,1,1,1,1,1,0,0,0,886000.0,https://www.mubawab-media.com/ad/8/285/366F/h/Fa%C3%A7ade_81773774_81773791.avif
23,0.6867,36.819,10.1658,106.0,2.0,2.0,0.5,0.5524,2.0,2562.03,0.3666,4,0,0,0,1,0,0,0,0,0,0,1,0,0,0,0,0,0,583275.0,https://www.mubawab-media.com/ad/8/171/038F/h/thumb_1219537_property_xlarge_81560607.avif
12,0.1733,35.5047,11.0622,98.0,3.0,2.0,0.5,0.4425,2.0,1278.45,0.275,1,0,0,0,1,0,0,0,0,0,0,1,1,1,0,0,0,0,235000.0,https://www.mubawab-media.com/ad/8/293/799F/h/fb6d5d7e-04ce-46c0-b403-adce7a882a4a_81861664.avif
12,0.1733,35.5047,11.0622,64.0,2.0,1.0,0.5,0.4425,2.0,1278.45,0.2742,1,0,0,0,1,0,0,0,0,1,0,0,1,1,0,0,0,0,125000.0,https://www.mubawab-media.com/ad/8/290/294F/h/1b2dc435-0749-44ec-b619-e7419ac7e892_81825410.avif
12,0.1733,35.5047,11.0622,230.0,3.0,2.0,0.5,0.4425,2.0,1278.45,0.3038,1,0,0,1,1,1,1,0,0,0,0,0,0,0,0,0,0,0,580000.0,https://www.mubawab-media.com/ad/8/152/931F/h/21effd2e-bdb9-4632-90e9-4669ebacc604_80377002.avif
12,0.1733,35.5047,11.0622,111.0,3.0,2.0,0.5,0.4425,2.0,1278.45,0.3277,1,0,0,0,0,0,1,0,0,1,0,1,1,1,0,0,0,0,290000.0,https://www.mubawab-media.com/ad/8/183/735F/h/WhatsApp%20Image%202025-08-09%20at%2009.20.35%20%281%29_81946423.avif
12,0.1733,35.5047,11.0622,120.0,4.0,3.0,0.5,0.4425,2.0,1278.45,0.3144,1,0,0,0,1,0,1,0,0,0,0,0,0,0,0,0,0,0,310000.0,https://www.mubawab-media.com/ad/8/238/929F/h/WhatsApp%20Image%202026-01-02%20at%2015.33.11%20%282%29_81795822.avif
17,0.1427,34.7405,10.7603,88.0,3.0,2.0,0.5,0.3081,2.0,130875.5,0.3,1,0,1,0,1,1,1,1,0,0,0,0,0,0,0,1,0,0,280000.0,https://www.mubawab-media.com/ad/8/242/531F/h/photo_0_81307479.avif
1,0.3533,36.899,10.2358,178.0,6.0,3.0,0.5,0.4235,2.0,43985.0,0.2738,1,0,0,0,0,0,0,1,0,0,0,0,0,0,0,0,0,0,760000.0,https://www.mubawab-media.com/ad/8/177/363F/h/1000013656_80635996.avif
1,0.32,36.8665,10.1647,168.0,4.0,3.0,0.5,0.5305,2.0,43985.0,0.3128,1,0,1,0,1,0,0,1,0,0,0,0,0,0,1,0,0,0,370000.0,https://www.mubawab-media.com/ad/8/285/368F/h/eV3FsKnOUZbyTJFq-thumb_81773832.avif
1,0.32,36.8665,10.1647,140.0,4.0,3.0,0.5,0.5305,2.0,43985.0,0.3164,1,0,0,0,0,0,0,0,0,0,0,0,0,0,0,0,0,0,490000.0,https://www.mubawab-media.com/ad/8/303/661F/h/appart_81972040.avif
4,0.12,36.8,10.1,130.0,4.0,2.0,0.5,0.2697,2.0,110184.0,0.3293,1,0,1,0,1,0,0,1,0,0,0,1,0,0,0,1,0,0,170000.0,https://www.mubawab-media.com/ad/8/205/280F/h/thumb_1151542_property_xlarge_80913791.avif
1,0.3533,36.899,10.2358,113.0,3.0,2.0,0.5,0.4235,2.0,43985.0,0.2774,1,0,0,0,1,0,0,1,1,1,1,0,0,0,0,0,0,0,375000.0,https://www.mubawab-media.com/ad/8/303/655F/h/thumb_1278492_property_xlarge_81970191.avif
23,0.4,36.8769,10.3247,60.0,3.0,1.0,0.5,0.8015,2.0,2562.03,0.3093,1,0,1,0,1,0,0,0,1,0,1,1,0,0,1,0,0,0,182000.0,https://www.mubawab-media.com/ad/8/269/968F/h/0bafe3ab-e031-4149-ba8c-6e116b7d0e3b_81608381.avif
20,0.3067,35.8604,10.5953,135.0,4.0,3.0,0.5,0.3642,2.0,150620.48,0.2738,1,0,0,0,1,0,0,0,0,1,1,1,0,0,0,0,0,0,400000.0,https://www.mubawab-media.com/ad/8/242/269F/h/4ef95c2a-f31e-418e-86e4-85ba4abb0ed0_81305067.avif
20,0.3067,35.8604,10.5953,134.0,1.0,3.0,0.5,0.3642,2.0,150620.48,0.2694,1,0,1,0,1,0,0,0,1,1,1,1,0,0,0,0,0,0,380000.0,https://www.mubawab-media.com/ad/8/302/433F/h/f4a83711-408e-40b2-be67-fc4693c1b3cd_81957531.avif
20,0.3067,35.8604,10.5953,90.0,1.0,2.0,0.5,0.3642,2.0,150620.48,0.2694,1,0,0,0,1,0,0,0,0,0,1,0,0,0,0,0,0,0,190000.0,https://www.mubawab-media.com/ad/8/240/199F/h/WhatsApp%20Image%202025-12-17%20at%2012.31.35%20%281%29_81690469.avif
1,0.332,36.8665,10.1647,142.0,4.0,3.0,0.5,0.247,2.0,43985.0,0.3114,4,0,1,0,0,0,0,0,0,1,1,0,0,0,0,0,0,0,407000.0,https://www.mubawab-media.com/ad/8/164/257F/h/Copy%20of%20O16%20project%2008_80502890.avif
1,0.32,36.8665,10.1647,120.0,4.0,3.0,0.5,0.5305,2.0,43985.0,0.3585,4,0,0,0,1,0,0,1,0,0,0,0,0,0,1,0,0,0,406000.0,https://www.mubawab-media.com/ad/8/224/243F/h/D6-7_81116242.avif
23,0.4,36.8769,10.3247,112.0,3.0,2.0,0.5,0.8015,2.0,2562.03,0.2694,4,0,0,0,1,0,0,1,0,1,1,0,0,0,0,0,0,0,605000.0,https://www.mubawab-media.com/ad/8/298/739F/h/gallery_81919966.avif
23,0.6867,36.819,10.1658,149.0,4.0,3.0,0.5,0.5524,2.0,2562.03,0.3176,4,0,1,0,1,0,0,1,0,1,0,0,0,0,1,0,0,0,650000.0,https://www.mubawab-media.com/ad/8/235/534F/h/logo1_81307543.avif
23,0.6867,36.819,10.1658,159.0,4.0,3.0,0.5,0.5524,2.0,2562.03,0.3142,4,0,1,0,1,0,0,1,0,1,0,0,0,0,1,0,0,0,650000.0,https://www.mubawab-media.com/ad/8/236/745F/h/logo1_81249173.avif
20,0.3067,36.8,10.1,149.0,1.0,3.0,0.5,0.3807,2.0,110184.0,0.2726,4,0,1,0,0,0,0,0,1,1,1,1,0,0,0,0,0,0,465000.0,https://www.mubawab-media.com/ad/8/304/338F/h/1_81977081.avif
23,0.4,36.819,10.2358,115.0,3.0,2.0,0.5,0.517,2.0,43985.0,0.3168,4,0,0,0,0,0,0,0,0,0,0,0,0,0,0,0,0,0,890000.0,nan
20,0.32,36.8,10.1,105.0,1.0,3.0,0.5,0.3244,2.0,110184.0,0.2734,4,0,0,0,0,0,0,0,0,0,1,0,0,0,0,0,0,0,250000.0,https://www.mubawab-media.com/ad/8/285/032F/h/1_81770372.avif
8,0.1422,35.6781,10.0963,80.0,3.0,2.0,0.5,0.2424,2.0,178346.92,0.2802,4,0,0,0,0,0,0,0,0,0,0,0,0,0,0,0,0,0,188634.0,https://www.mubawab-media.com/ad/8/255/188F/h/WhatsApp%20Image%202025-11-22%20%C3%A0%2013.42.29_81a4a372_81460905.avif
23,0.4,36.8769,10.3247,140.0,3.0,2.0,0.5,0.8015,2.0,2562.03,0.3136,4,0,0,0,1,0,0,1,0,0,0,0,0,0,0,0,0,0,375000.0,https://www.mubawab-media.com/ad/8/251/106F/h/04EqyIzeN11X9ldw-thumb_81396569.avif
1,0.32,36.8665,10.1647,146.0,4.0,3.0,0.5,0.5305,2.0,43985.0,0.3152,4,0,1,0,0,0,0,1,1,0,1,0,1,0,0,0,0,0,320000.0,https://www.mubawab-media.com/ad/8/285/367F/h/GBE4Ygq9IWrixB2Z-thumb_81773804.avif
23,0.3067,36.8,10.1,100.0,3.0,2.0,0.5,0.3453,2.0,110184.0,0.3168,4,0,1,0,1,0,0,1,0,1,1,0,0,0,1,0,0,0,350000.0,https://www.mubawab-media.com/ad/8/286/878F/h/fj019jNdaF9qEidU-thumb_81789595.avif
12,0.22,35.5047,11.0622,116.0,3.0,2.0,0.5,0.4425,2.0,1278.45,0.2694,4,0,1,0,1,0,1,0,0,0,0,0,0,0,0,0,0,0,380000.0,https://www.mubawab-media.com/ad/8/285/873F/h/gallery_81778747.avif
12,0.22,35.5047,11.0622,81.0,3.0,2.0,0.5,0.4425,2.0,1278.45,0.2694,4,0,1,0,1,0,0,0,1,0,0,0,0,0,0,0,0,0,239000.0,https://www.mubawab-media.com/ad/8/290/745F/h/gallery_81830276.avif
15,0.2633,35.7643,10.8113,201.0,3.0,2.0,0.5,0.3655,2.0,134734.0,0.271,4,0,0,1,1,0,0,0,0,1,1,0,0,0,0,0,0,0,490000.0,https://www.mubawab-media.com/ad/8/203/467F/h/gallery_80895942.avif
15,0.2633,35.7643,10.8113,90.0,3.0,2.0,0.5,0.3655,2.0,134734.0,0.2694,4,0,1,0,1,0,0,0,1,0,0,0,0,0,0,0,0,0,190000.0,https://www.mubawab-media.com/ad/8/129/648F/h/gallery_80143980.avif
23,0.4,36.8769,10.3247,152.0,3.0,2.0,0.5,0.8015,2.0,2562.03,0.2888,4,0,0,0,1,0,0,0,0,1,0,0,0,0,0,0,0,0,350000.0,https://www.mubawab-media.com/ad/8/042/065F/h/FB_IMG_1732314445220_79278764.avif
23,0.1867,36.8094,10.1414,100.0,3.0,2.0,0.5,0.3144,2.0,2562.03,0.3156,4,0,1,1,1,0,0,1,0,0,0,0,0,0,1,0,0,0,285000.0,https://www.mubawab-media.com/ad/8/257/904F/h/6be7deb3-8948-4300-afd7-e24cb0355c00_9035e7d2-8760-44f9-bf4a-87a81324941b_81466032.avif
16,0.13,36.8,10.1,100.0,2.0,2.0,0.5,0.2426,2.0,110184.0,0.3589,4,0,1,0,1,0,0,0,0,0,0,0,0,0,0,0,0,0,230000.0,https://www.mubawab-media.com/ad/8/274/502F/h/10_81656202.avif
20,0.3067,35.8604,10.5953,150.0,1.0,3.0,0.5,0.3642,2.0,150620.48,0.2694,4,0,0,0,1,0,0,0,0,0,0,0,0,0,0,0,0,0,300000.0,https://www.mubawab-media.com/ad/8/241/301F/h/s3_81295538.avif
20,0.3067,35.8604,10.5953,117.0,1.0,2.0,0.5,0.3642,2.0,150620.48,0.2694,4,0,1,0,1,0,0,0,0,0,1,0,0,0,0,0,0,0,275000.0,https://www.mubawab-media.com/ad/8/240/197F/h/6c7203fe-d489-454c-9429-743e4021ed24_81284649.avif
20,0.3067,35.8604,10.5953,100.0,1.0,2.0,0.5,0.3642,2.0,150620.48,0.2694,4,0,1,0,1,0,0,0,0,0,1,0,0,0,0,0,0,0,255000.0,https://www.mubawab-media.com/ad/8/240/198F/h/c8fc2840-4e3a-405d-b817-207c08fe0851_81284667.avif
20,0.3067,35.8604,10.5953,145.0,3.0,2.0,0.5,0.3642,2.0,150620.48,0.2694,4,0,0,0,1,0,0,0,0,0,1,1,0,0,0,0,0,0,335000.0,https://www.mubawab-media.com/ad/8/217/405F/h/d513205a-7d65-4a49-8f80-0f2c7b33935f_81690485.avif
20,0.3067,35.8604,10.5953,187.0,1.0,3.0,0.5,0.3642,2.0,150620.48,0.2694,4,0,1,0,1,0,1,0,0,0,1,1,0,0,0,0,0,0,380000.0,https://www.mubawab-media.com/ad/8/038/372F/h/WhatsApp%20Image%202026-02-11%20at%2015.19.46%20%282%29_81957518.avif
20,0.3067,35.8604,10.5953,145.0,2.0,3.0,0.5,0.3642,2.0,150620.48,0.2694,4,0,1,0,1,0,1,1,0,1,1,1,0,0,1,0,0,0,415000.0,https://www.mubawab-media.com/ad/8/235/414F/h/822022f2-02bf-49c0-a77c-38b1b444567c_81235628.avif
20,0.3067,35.8604,10.5953,100.0,1.0,2.0,0.5,0.3642,2.0,150620.48,0.2694,4,0,0,0,1,0,0,0,0,0,0,0,0,0,0,0,0,0,260000.0,https://www.mubawab-media.com/ad/8/235/430F/h/WhatsApp%20Image%202026-01-15%20at%2012.25.43_81800437.avif
20,0.3067,35.8604,10.5953,100.0,1.0,2.0,0.5,0.3642,2.0,150620.48,0.2694,4,0,0,0,1,0,0,0,0,0,0,0,0,0,0,0,0,0,240000.0,https://www.mubawab-media.com/ad/8/287/932F/h/WhatsApp%20Image%202026-01-15%20at%2012.31.11%20%282%29_81800490.avif
20,0.3067,35.8604,10.5953,115.0,1.0,2.0,0.5,0.3642,2.0,150620.48,0.2694,4,0,0,0,0,0,0,0,0,1,1,0,0,0,0,0,0,0,190000.0,https://www.mubawab-media.com/ad/8/197/590F/h/WhatsApp%20Image%202025-12-17%20at%2012.43.03%20%281%29_81690457.avif
1,0.32,36.8665,10.1647,124.0,4.0,3.0,0.5,0.5305,2.0,43985.0,0.3104,4,0,0,0,1,0,0,1,0,0,0,0,0,0,1,0,0,0,417000.0,https://www.mubawab-media.com/ad/8/224/250F/h/D6-10_81116325.avif
3,0.32,36.8,10.1,129.0,4.0,3.0,0.5,0.2195,2.0,110184.0,0.3188,4,0,0,0,0,0,0,1,0,0,0,0,0,0,1,1,0,0,407000.0,https://www.mubawab-media.com/ad/8/111/784F/h/02%20%281%29_79962345_79962352.avif
23,0.4,36.8769,10.3247,109.0,3.0,2.0,0.5,0.8015,2.0,2562.03,0.2762,4,0,1,0,1,0,0,1,0,0,0,0,0,0,1,0,0,0,330000.0,https://www.mubawab-media.com/ad/8/283/707F/h/566658350_1323051912367116_9035571912369970709_n_81756735.avif
23,0.4,36.8769,10.3247,71.0,2.0,1.0,0.5,0.8015,2.0,2562.03,0.2746,4,0,1,0,0,0,0,0,0,1,0,0,0,0,1,0,0,0,248500.0,https://www.mubawab-media.com/ad/8/283/723F/h/1_81756919.avif
23,0.4,36.8769,10.3247,115.0,3.0,2.0,0.5,0.8015,2.0,2562.03,0.2895,4,0,1,0,0,0,0,1,0,1,1,0,0,0,0,1,0,0,380000.0,https://www.mubawab-media.com/ad/8/283/813F/h/507792033_686944547577058_3946218239631471928_n_81757762.avif
23,0.4,36.8769,10.3247,57.0,2.0,1.0,0.5,0.8015,2.0,2562.03,0.3136,4,0,1,0,0,0,0,1,1,1,1,1,1,1,1,0,0,0,211751.0,https://www.mubawab-media.com/ad/8/283/717F/h/3_81756846.avif
23,0.4,36.8769,10.3247,174.0,4.0,3.0,0.5,0.8015,2.0,2562.03,0.2762,4,0,1,0,1,0,0,1,1,0,1,1,1,1,0,0,0,0,365000.0,https://www.mubawab-media.com/ad/8/283/705F/h/gallery%20%283%29%20-%20Copie_81756715.avif
8,0.1422,35.6781,10.0963,88.0,3.0,2.0,0.5,0.2424,2.0,178346.92,0.2802,4,0,0,0,0,0,0,0,0,0,0,0,0,0,0,0,0,0,207928.0,https://www.mubawab-media.com/ad/8/255/189F/h/WhatsApp%20Image%202025-11-22%20%C3%A0%2013.42.29_9d2597ab_81460907.avif
16,0.32,36.4561,10.7376,50.0,1.0,1.0,0.5,0.4552,2.0,154974.0,0.3164,4,0,0,0,0,0,0,1,0,1,1,0,0,0,0,0,0,0,210000.0,https://www.mubawab-media.com/ad/8/276/558F/h/thumb_1231643_property_large_81678487.avif
16,0.32,36.4561,10.7376,78.0,1.0,2.0,0.5,0.4552,2.0,154974.0,0.2722,4,0,1,0,0,0,0,0,0,1,1,0,0,0,1,0,0,0,299000.0,https://www.mubawab-media.com/ad/8/247/430F/h/20_81359877.avif
1,0.332,36.8665,10.1647,147.0,3.0,3.0,0.5,0.247,2.0,43985.0,0.3597,4,0,0,0,1,0,0,1,0,1,1,1,0,0,0,0,0,0,370000.0,https://www.mubawab-media.com/ad/8/271/979F/h/thumb_1226746_property_large_81629542.avif
23,0.4,36.8769,10.3247,98.0,3.0,2.0,0.5,0.8015,2.0,2562.03,0.3477,4,0,1,0,0,0,0,0,0,1,1,0,0,0,1,0,0,0,475000.0,https://www.mubawab-media.com/ad/7/684/369F/h/24_80444187.avif
20,0.15,36.8,10.1,60.0,2.0,1.0,0.5,0.2047,2.0,110184.0,0.2754,4,0,0,0,1,0,0,0,0,0,1,1,0,0,0,0,0,0,120000.0,https://www.mubawab-media.com/ad/8/080/372F/h/salon_79657981.avif
1,0.32,36.8665,10.1647,140.0,4.0,3.0,0.5,0.5305,2.0,43985.0,0.318,4,0,1,0,1,0,0,1,0,1,0,0,0,0,1,0,0,0,550000.0,https://www.mubawab-media.com/ad/8/295/962F/h/24e38c66-814d-4508-a503-dc8f82aa16ae_81888356.avif
1,0.32,36.8665,10.1647,145.0,4.0,3.0,0.5,0.5305,2.0,43985.0,0.3184,4,0,1,0,1,0,0,1,0,1,1,0,0,0,1,0,0,0,340000.0,https://www.mubawab-media.com/ad/8/264/540F/h/1fb7ceaf-c415-402c-9553-5d4bec30e3dd_81678403.avif
1,0.32,36.8665,10.1647,27.0,1.0,1.0,0.5,0.5305,2.0,43985.0,0.2742,4,0,0,1,0,0,0,1,0,0,0,0,0,0,0,0,0,0,148000.0,https://www.mubawab-media.com/ad/8/298/330F/h/WhatsApp%20Image%202026-02-02%20at%2016.31.11_81915737.avif
3,0.14,36.8,10.1,62.0,2.0,1.0,0.5,0.2793,2.0,110184.0,0.366,4,0,1,0,1,0,0,1,0,0,0,0,0,0,1,0,0,0,167000.0,https://www.mubawab-media.com/ad/8/274/242F/h/1_81653530.avif
20,0.3067,35.8604,10.5953,117.0,1.0,2.0,0.5,0.3642,2.0,150620.48,0.2694,4,0,1,0,1,0,0,0,0,0,1,0,0,0,0,0,0,0,275000.0,https://www.mubawab-media.com/ad/8/240/197F/h/6c7203fe-d489-454c-9429-743e4021ed24_81284649.avif
20,0.3067,35.8604,10.5953,100.0,1.0,2.0,0.5,0.3642,2.0,150620.48,0.2694,4,0,1,0,1,0,0,0,0,0,1,0,0,0,0,0,0,0,255000.0,https://www.mubawab-media.com/ad/8/240/198F/h/c8fc2840-4e3a-405d-b817-207c08fe0851_81284667.avif
20,0.3067,35.8604,10.5953,145.0,3.0,2.0,0.5,0.3642,2.0,150620.48,0.2694,4,0,0,0,1,0,0,0,0,0,1,1,0,0,0,0,0,0,335000.0,https://www.mubawab-media.com/ad/8/217/405F/h/d513205a-7d65-4a49-8f80-0f2c7b33935f_81690485.avif
20,0.3067,35.8604,10.5953,187.0,1.0,3.0,0.5,0.3642,2.0,150620.48,0.2694,4,0,1,0,1,0,1,0,0,0,1,1,0,0,0,0,0,0,380000.0,https://www.mubawab-media.com/ad/8/038/372F/h/WhatsApp%20Image%202026-02-11%20at%2015.19.46%20%282%29_81957518.avif
20,0.3067,35.8604,10.5953,145.0,2.0,3.0,0.5,0.3642,2.0,150620.48,0.2694,4,0,1,0,1,0,1,1,0,1,1,1,0,0,1,0,0,0,415000.0,https://www.mubawab-media.com/ad/8/235/414F/h/822022f2-02bf-49c0-a77c-38b1b444567c_81235628.avif
20,0.3067,35.8604,10.5953,100.0,1.0,2.0,0.5,0.3642,2.0,150620.48,0.2694,4,0,0,0,1,0,0,0,0,0,0,0,0,0,0,0,0,0,260000.0,https://www.mubawab-media.com/ad/8/235/430F/h/WhatsApp%20Image%202026-01-15%20at%2012.25.43_81800437.avif
20,0.3067,35.8604,10.5953,100.0,1.0,2.0,0.5,0.3642,2.0,150620.48,0.2694,4,0,0,0,1,0,0,0,0,0,0,0,0,0,0,0,0,0,240000.0,https://www.mubawab-media.com/ad/8/287/932F/h/WhatsApp%20Image%202026-01-15%20at%2012.31.11%20%282%29_81800490.avif
20,0.3067,35.8604,10.5953,115.0,1.0,2.0,0.5,0.3642,2.0,150620.48,0.2694,4,0,0,0,0,0,0,0,0,1,1,0,0,0,0,0,0,0,190000.0,https://www.mubawab-media.com/ad/8/197/590F/h/WhatsApp%20Image%202025-12-17%20at%2012.43.03%20%281%29_81690457.avif
20,0.3067,35.8604,10.5953,90.0,3.0,2.0,0.5,0.3642,2.0,150620.48,0.275,4,0,0,0,1,0,0,1,0,0,0,1,0,1,0,0,0,0,160000.0,https://www.mubawab-media.com/ad/8/217/024F/h/gallery_81037883.avif
1,0.32,36.8665,10.1647,120.0,4.0,3.0,0.5,0.5305,2.0,43985.0,0.3256,4,0,0,0,1,0,0,1,0,0,0,0,0,0,1,0,0,0,406000.0,https://www.mubawab-media.com/ad/8/224/256F/h/D6-4_81116390.avif
23,0.4,36.8769,10.3247,57.0,2.0,1.0,0.5,0.8015,2.0,2562.03,0.2746,4,0,1,0,0,0,0,1,0,1,0,0,0,0,1,1,0,0,216600.0,https://www.mubawab-media.com/ad/8/283/834F/h/RenduMarbella_S%2B1_01_81758107.avif
23,0.4,36.8769,10.3247,116.0,2.0,2.0,0.5,0.8015,2.0,2562.03,0.3176,4,0,1,0,1,0,0,1,0,0,1,0,0,0,0,0,0,0,750000.0,https://www.mubawab-media.com/ad/8/268/556F/h/Ref417a_81593638.avif
1,0.332,36.819,10.2358,115.0,3.0,2.0,0.5,0.517,2.0,43985.0,0.3168,4,0,0,0,0,0,0,0,0,0,0,0,0,0,0,0,0,0,309900.0,nan
16,0.32,36.4561,10.7376,61.0,1.0,1.0,0.5,0.4552,2.0,154974.0,0.3125,4,0,1,1,0,1,0,1,1,1,0,1,0,0,0,0,0,0,257000.0,https://www.mubawab-media.com/ad/8/288/398F/h/thumb_1237530_property_large_81805448.avif
8,0.1422,35.6781,10.0963,97.0,3.0,2.0,0.5,0.2424,2.0,178346.92,0.2802,4,0,0,0,0,0,0,0,0,0,0,0,0,0,0,0,0,0,229125.0,https://www.mubawab-media.com/ad/8/255/543F/h/WhatsApp%20Image%202025-11-22%20%C3%A0%2013.42.29_81a4a372_81460964.avif
23,0.4,36.8769,10.3247,122.0,3.0,2.0,0.5,0.8015,2.0,2562.03,0.2758,4,0,1,0,1,0,0,1,1,1,1,1,1,1,0,0,0,0,550000.0,https://www.mubawab-media.com/ad/8/163/720F/h/Capture%20d%E2%80%99%C3%A9cran%202025-06-18%20184621_80497297.avif
1,0.3533,36.899,10.2358,69.0,3.0,2.0,0.5,0.4235,2.0,43985.0,0.3156,4,0,1,0,1,0,0,1,0,0,0,0,0,0,1,0,0,0,289000.0,https://www.mubawab-media.com/ad/8/256/251F/h/1_81654264.avif
1,0.3533,36.899,10.2358,93.0,3.0,2.0,0.5,0.4235,2.0,43985.0,0.3168,4,0,0,0,1,1,0,1,0,0,0,0,0,0,1,0,0,0,380000.0,https://www.mubawab-media.com/ad/8/236/587F/h/Gemini_Generated_Image_hsnj8yhsnj8yhsnj%20-%20Copie_81925457.avif
1,0.3533,36.899,10.2358,256.0,5.0,3.0,0.5,0.4235,2.0,43985.0,0.3309,4,0,0,0,1,1,0,1,0,0,0,0,0,0,1,1,0,0,1244000.0,https://www.mubawab-media.com/ad/8/236/648F/h/Gemini_Generated_Image_hsnj8yhsnj8yhsnj%20-%20Copie_81925507.avif
1,0.3533,36.899,10.2358,61.0,2.0,1.0,0.5,0.4235,2.0,43985.0,0.3164,4,0,1,0,1,1,0,1,0,0,0,0,0,0,1,0,0,0,281000.0,https://www.mubawab-media.com/ad/8/235/378F/h/Gemini_Generated_Image_hsnj8yhsnj8yhsnj%20-%20Copie_81924820.avif
1,0.3533,36.899,10.2358,140.0,4.0,4.0,0.5,0.4235,2.0,43985.0,0.2734,4,0,0,0,1,0,0,1,0,0,1,1,0,0,0,0,0,0,380000.0,https://www.mubawab-media.com/ad/8/229/714F/h/thumb_1179100_property_large_81173458.avif
16,0.2833,36.4561,10.7376,86.0,3.0,2.0,0.5,0.4454,2.0,154974.0,0.3112,4,0,0,0,0,0,0,0,1,1,1,1,0,0,0,0,0,0,225000.0,https://www.mubawab-media.com/ad/8/299/159F/h/5eSc2swVa7bjWfIy-thumb_81924359.avif
1,0.32,36.8665,10.1647,86.0,2.0,2.0,0.5,0.5305,2.0,43985.0,0.2964,4,0,1,0,0,0,0,1,0,0,0,0,0,0,1,0,0,0,370000.0,https://www.mubawab-media.com/ad/7/951/202F/h/1000051509_78167107.avif
1,0.32,36.8665,10.1647,110.0,4.0,3.0,0.5,0.5305,2.0,43985.0,0.2734,4,0,0,0,1,0,0,1,0,1,1,1,0,0,0,0,0,0,250000.0,https://www.mubawab-media.com/ad/8/222/325F/h/66abceb2-ce31-4097-9d7e-7c25668f9205_81094607.avif
23,0.4,36.8769,10.3247,93.0,2.0,2.0,0.5,0.8015,2.0,2562.03,0.3113,4,0,0,0,0,0,0,0,0,0,1,0,0,0,0,0,0,0,380000.0,https://www.mubawab-media.com/ad/8/296/109F/h/thumb_1269971_property_large_81890070.avif
8,0.1422,35.6781,10.0963,95.0,3.0,2.0,0.5,0.2424,2.0,178346.92,0.2802,4,0,0,0,0,0,0,0,0,0,0,0,0,0,0,0,0,0,224190.0,https://www.mubawab-media.com/ad/8/255/541F/h/WhatsApp%20Image%202025-11-22%20%C3%A0%2013.42.29_9d2597ab_81460924.avif
23,0.6867,36.819,10.1658,166.0,3.0,3.0,0.5,0.5524,2.0,2562.03,0.3425,4,0,1,0,0,0,0,1,0,0,0,0,0,0,1,0,0,0,831000.0,https://www.mubawab-media.com/ad/8/286/496F/h/photo_0_81785346.avif
23,0.6867,36.819,10.1658,65.0,3.0,1.0,0.5,0.5524,2.0,2562.03,0.3467,4,0,1,0,0,0,0,1,0,0,0,0,0,0,1,0,0,0,390000.0,https://www.mubawab-media.com/ad/8/286/490F/h/photo_0_81785272.avif
20,0.3733,36.8,10.1,121.0,2.0,2.0,0.5,0.2689,2.0,110184.0,0.277,4,0,1,0,1,0,0,1,1,1,1,1,0,0,1,0,0,0,460000.0,https://www.mubawab-media.com/ad/8/303/428F/h/20260213_115731_81967926.avif
23,0.6867,36.819,10.1658,228.0,4.0,3.0,0.5,0.5524,2.0,2562.03,0.363,4,0,1,0,1,0,0,1,1,1,1,1,1,0,1,0,0,0,795000.0,https://www.mubawab-media.com/ad/8/109/828F/h/4NEGVOr9adwDN4K9-thumb_80113163.avif
23,0.4,36.8769,10.3247,71.0,2.0,1.0,0.5,0.8015,2.0,2562.03,0.3116,4,0,1,0,1,0,0,0,1,1,1,1,0,0,0,1,0,0,249000.0,https://www.mubawab-media.com/ad/8/299/943F/h/b5c5288d-b910-44db-aa8b-c6711df70790_81932023.avif
23,0.4,36.8769,10.3247,137.0,4.0,3.0,0.5,0.8015,2.0,2562.03,0.2782,4,0,1,0,1,0,0,1,0,1,1,0,0,0,0,0,0,0,315000.0,https://www.mubawab-media.com/ad/8/283/878F/h/562941307_706930468435953_8888180554964894359_n_81794367.avif
16,0.2833,36.4561,10.7376,107.0,4.0,3.0,0.5,0.4454,2.0,154974.0,0.3136,4,0,1,0,1,1,0,1,1,1,1,1,1,1,1,0,0,0,475000.0,https://www.mubawab-media.com/ad/8/203/697F/h/thumb_1150421_property_xlarge_80898478.avif
23,0.6867,36.819,10.1658,170.0,4.0,3.0,0.5,0.5524,2.0,2562.03,0.3305,4,0,1,0,1,0,0,1,1,1,1,1,1,1,1,1,0,0,900000.0,https://www.mubawab-media.com/ad/8/303/380F/h/WXsn6Ywbn7GFC5aA-thumb_81967519.avif
1,0.32,36.8665,10.1647,120.0,4.0,3.0,0.5,0.5305,2.0,43985.0,0.3585,4,0,0,0,1,0,0,1,0,0,0,0,0,0,1,0,0,0,406000.0,https://www.mubawab-media.com/ad/8/224/243F/h/D6-7_81116242.avif
23,0.6867,36.819,10.1658,64.0,2.0,1.0,0.5,0.5524,2.0,2562.03,0.3156,4,0,1,0,1,0,0,1,0,1,0,0,0,0,1,0,0,0,360000.0,https://www.mubawab-media.com/ad/8/299/940F/h/b2de6703-5742-4629-b4fa-cf428c2aaf80_81931971.avif
23,0.6867,36.819,10.2358,115.0,3.0,2.0,0.5,0.517,2.0,43985.0,0.3168,4,0,1,0,0,0,0,1,0,0,0,0,0,0,1,0,0,0,572670.0,https://www.mubawab-media.com/ad/8/304/062F/h/7_81973961.avif
23,0.4,36.8769,10.3247,285.0,4.0,3.0,0.5,0.8015,2.0,2562.03,0.3376,4,0,1,0,0,1,0,1,1,1,1,1,1,1,1,0,0,0,1850000.0,https://www.mubawab-media.com/ad/8/293/456F/h/78c219a5-7c32-4331-a843-47d2637e80ce%20%283%29_81858427.avif
23,0.4,36.819,10.2358,115.0,3.0,2.0,0.5,0.517,2.0,43985.0,0.3168,4,0,0,0,0,0,0,0,0,0,0,0,0,0,0,0,0,0,240000.0,nan
1,0.3533,36.899,10.2358,52.0,2.0,1.0,0.5,0.4235,2.0,43985.0,0.31,3,0,1,0,1,0,0,1,1,1,1,1,1,1,1,1,0,0,260000.0,https://www.mubawab-media.com/ad/8/270/184F/h/2a2c8786-be5b-4fc4-90f6-f87ab1c668b3_81610549.avif
23,0.4,36.8769,10.3247,61.0,2.0,1.0,0.5,0.8015,2.0,2562.03,0.3184,4,0,1,0,0,0,0,1,1,1,1,1,1,1,1,0,0,0,257000.0,https://www.mubawab-media.com/ad/8/270/470F/h/RenduMarbella_S%2B1_01_81613749.avif
8,0.1422,35.6781,10.0963,88.0,3.0,2.0,0.5,0.2424,2.0,178346.92,0.2802,4,0,0,0,0,0,0,0,0,0,0,0,0,0,0,0,0,0,207928.0,https://www.mubawab-media.com/ad/8/255/189F/h/WhatsApp%20Image%202025-11-22%20%C3%A0%2013.42.29_9d2597ab_81460907.avif
23,0.1867,36.8094,10.1414,33.0,2.0,1.0,0.5,0.3144,2.0,2562.03,0.277,4,0,0,0,0,0,0,1,1,0,1,0,0,1,1,0,0,0,100000.0,https://www.mubawab-media.com/ad/8/298/828F/h/WhatsApp%20Image%202026-02-05%20at%2016.33.02%20%284%29_81920965.avif
23,0.1733,36.819,10.1658,115.0,4.0,3.0,0.5,0.6863,2.0,2562.03,0.2694,4,0,1,0,1,0,0,1,0,1,1,0,0,0,0,0,0,0,268000.0,https://www.mubawab-media.com/ad/8/265/831F/h/gallery_81561401.avif
3,0.14,36.8,10.1,147.0,4.0,3.0,0.5,0.2793,2.0,110184.0,0.2893,4,0,1,0,1,0,0,1,0,0,0,0,0,0,1,0,0,0,290000.0,https://www.mubawab-media.com/ad/8/296/879F/h/gallery%20%2810%29_81897859.avif
3,0.14,36.8,10.1,100.0,3.0,2.0,0.5,0.2793,2.0,110184.0,0.2694,4,0,1,0,1,0,0,0,0,1,1,0,0,0,0,0,0,0,140000.0,https://www.mubawab-media.com/ad/8/296/579F/h/gallery%20%2810%29_81894796.avif
3,0.14,36.8,10.1,80.0,3.0,2.0,0.5,0.2793,2.0,110184.0,0.2694,4,0,0,0,0,0,0,1,1,0,1,1,0,0,0,0,0,0,200000.0,https://www.mubawab-media.com/ad/8/296/599F/h/gallery%20%2821%29_81895006.avif
1,0.32,36.8665,10.1647,150.0,3.0,3.0,0.5,0.5305,2.0,43985.0,0.3188,4,0,0,0,1,0,0,1,0,0,1,1,0,0,0,0,0,0,410000.0,https://www.mubawab-media.com/ad/8/142/142F/h/thumb_1053651_property_xlarge_80269928.avif
1,0.32,36.8665,10.1647,100.0,2.0,2.0,0.5,0.5305,2.0,43985.0,0.3128,4,0,1,0,1,0,0,0,0,0,1,0,0,0,0,0,0,0,260000.0,https://www.mubawab-media.com/ad/8/298/529F/h/thumb_1271641_property_xlarge_81917840.avif
23,0.1867,36.8094,10.1414,150.0,5.0,4.0,0.5,0.3144,2.0,2562.03,0.3156,4,0,1,0,1,0,0,0,0,0,0,0,0,0,1,0,0,0,580000.0,https://www.mubawab-media.com/ad/8/295/324F/h/photo_00_81881166.avif
12,0.1953,36.8,10.1,110.0,3.0,2.0,0.5,0.1695,2.0,110184.0,0.2694,4,0,0,0,0,0,0,0,0,0,0,0,0,0,0,0,0,0,242000.0,https://www.mubawab-media.com/ad/8/256/044F/h/gallery_81447489.avif
16,0.13,36.8,10.1,110.0,4.0,3.0,0.5,0.2426,2.0,110184.0,0.3156,4,0,0,1,0,0,0,1,0,0,0,0,1,1,0,0,0,1,250000.0,https://www.mubawab-media.com/ad/8/271/012F/h/WhatsApp%20Image%202025-12-09%20at%2012.26.17%20PM%20%281%29_81619430.avif
16,0.13,36.8,10.1,125.0,3.0,2.0,0.5,0.2426,2.0,110184.0,0.3285,4,0,0,0,0,0,0,1,0,0,0,0,1,0,0,0,0,1,285000.0,https://www.mubawab-media.com/ad/8/283/934F/h/8bdb550f-8c08-42a8-b63a-a7044b8cc555_81759156.avif
16,0.13,36.8,10.1,156.0,4.0,3.0,0.5,0.2426,2.0,110184.0,0.2786,4,0,0,0,1,0,0,0,0,0,0,0,0,0,0,0,0,1,290000.0,https://www.mubawab-media.com/ad/8/243/238F/h/gallery%20%283%29_81314533.avif
16,0.13,36.8,10.1,117.0,3.0,2.0,0.5,0.2426,2.0,110184.0,0.318,4,0,0,0,1,0,1,0,1,0,0,0,1,1,0,0,0,0,200000.0,https://www.mubawab-media.com/ad/8/267/422F/h/detail%20%281%29_81581736.avif
8,0.1422,35.6781,10.0963,68.0,3.0,2.0,0.5,0.2424,2.0,178346.92,0.2754,4,0,0,0,1,0,0,0,1,0,1,1,1,1,0,0,0,0,150000.0,https://www.mubawab-media.com/ad/8/210/984F/h/gallery_80974618.avif
8,0.1422,35.6781,10.0963,79.0,3.0,2.0,0.5,0.2424,2.0,178346.92,0.2754,4,0,0,0,0,0,0,0,1,0,0,1,1,1,1,0,0,0,160000.0,https://www.mubawab-media.com/ad/8/210/979F/h/gallery_80974585.avif
23,0.4,36.8769,10.3247,120.0,3.0,2.0,0.5,0.8015,2.0,2562.03,0.3338,4,0,0,0,1,0,0,0,0,1,1,1,1,1,1,0,0,1,550000.0,https://www.mubawab-media.com/ad/8/100/067F/h/photo_00_79846247.avif
8,0.1422,35.6781,10.0963,99.0,3.0,2.0,0.5,0.2424,2.0,178346.92,0.2802,4,0,0,0,0,0,0,0,0,0,0,0,0,0,0,0,0,0,234741.0,https://www.mubawab-media.com/ad/8/255/544F/h/WhatsApp%20Image%202025-11-22%20%C3%A0%2013.42.29_81a4a372_81460994.avif
1,0.332,36.8665,10.1647,106.0,3.0,2.0,0.5,0.247,2.0,43985.0,0.3626,1,0,1,0,1,0,0,0,0,1,0,0,0,0,0,0,0,0,319000.0,https://www.mubawab-media.com/ad/8/164/271F/h/O16%20project%20nuit%2002_81821799.avif
1,0.32,36.8665,10.1647,124.0,4.0,3.0,0.5,0.5305,2.0,43985.0,0.3104,4,0,0,0,1,0,0,1,0,0,0,0,0,0,1,0,0,0,417000.0,https://www.mubawab-media.com/ad/8/224/250F/h/D6-10_81116325.avif
23,0.6867,36.819,10.1658,137.0,3.0,2.0,0.5,0.5524,2.0,2562.03,0.3383,4,0,1,0,1,0,0,1,0,1,1,0,0,0,0,0,0,0,470000.0,https://www.mubawab-media.com/ad/8/302/901F/h/9658c1bb-f0e5-4ec5-b9cc-1c554804b210_81962393.avif
23,0.6867,36.819,10.1658,143.0,3.0,2.0,0.5,0.5524,2.0,2562.03,0.3383,4,0,1,0,1,1,0,1,0,0,0,0,0,0,1,0,0,0,680000.0,https://www.mubawab-media.com/ad/8/302/157F/h/WhatsApp%20Image%202026-02-10%20at%202.48.46%20PM_81954818.avif
23,0.4,36.8769,10.3247,165.0,4.0,3.0,0.5,0.8015,2.0,2562.03,0.2694,4,0,0,0,1,0,0,1,0,1,1,0,0,0,0,0,0,0,580000.0,https://www.mubawab-media.com/ad/8/245/680F/h/gallery_81342192.avif
1,0.3533,36.899,10.2358,60.0,2.0,1.0,0.5,0.4235,2.0,43985.0,0.3148,4,0,1,0,0,0,0,1,1,1,1,1,1,1,1,0,0,0,250000.0,https://www.mubawab-media.com/ad/8/182/045F/h/0cca9073-04d9-4297-9f6e-b2567a7b26d8_80682961.avif
23,0.6867,36.819,10.2358,115.0,3.0,2.0,0.5,0.517,2.0,43985.0,0.3168,4,0,0,0,0,0,0,0,0,0,0,0,0,0,0,0,0,0,635000.0,nan
20,0.3067,36.8,10.1,120.0,1.0,3.0,0.5,0.334,2.0,110184.0,0.2782,3,0,0,0,0,0,0,0,0,1,0,1,0,0,0,0,0,0,135000.0,https://www.mubawab-media.com/ad/8/269/919F/h/Copie%20de%20Visuel%20Agences%20Sousse%20Corniche%20-%202025-12-11T112824.753_81607836.avif
8,0.1422,35.6781,10.0963,97.0,3.0,2.0,0.5,0.2424,2.0,178346.92,0.2802,4,0,0,0,0,0,0,0,0,0,0,0,0,0,0,0,0,0,229125.0,https://www.mubawab-media.com/ad/8/255/543F/h/WhatsApp%20Image%202025-11-22%20%C3%A0%2013.42.29_81a4a372_81460964.avif
1,0.3533,36.899,10.2358,107.0,3.0,3.0,0.5,0.4235,2.0,43985.0,0.2774,4,0,0,0,1,0,0,0,1,0,0,1,0,0,0,0,0,0,325000.0,https://www.mubawab-media.com/ad/8/293/651F/h/thumb_1266690_property_xlarge_81860377.avif
1,0.32,36.8665,10.1647,130.0,3.0,3.0,0.5,0.5305,2.0,43985.0,0.2742,4,0,1,0,0,0,0,0,0,0,1,0,0,0,0,0,0,0,260000.0,https://www.mubawab-media.com/ad/8/102/237F/h/WhatsApp%20Image%202026-02-03%20at%2010.43.59_81902857.avif
23,0.4,36.8769,10.3247,217.0,4.0,3.0,0.5,0.8015,2.0,2562.03,0.3399,4,0,0,0,0,0,0,1,0,0,0,0,0,0,0,1,0,0,570000.0,https://www.mubawab-media.com/ad/8/276/037F/h/thumb_1231188_property_large_81671922.avif
23,0.4,36.8769,10.3247,120.0,3.0,2.0,0.5,0.8015,2.0,2562.03,0.31,4,0,0,0,1,0,0,0,0,0,0,0,0,0,1,0,0,0,430000.0,https://www.mubawab-media.com/ad/8/099/595F/h/thumb_1024145_property_large_79841466.avif
23,0.32,36.844,10.192,150.0,4.0,4.0,0.5,0.3403,2.0,43985.0,0.3124,4,0,0,0,1,0,0,1,0,0,1,0,0,0,0,0,0,0,345000.0,https://www.mubawab-media.com/ad/8/181/849F/h/thumb_1127799_property_xlarge_80681111.avif
23,0.1733,36.819,10.1658,122.0,4.0,3.0,0.5,0.6863,2.0,2562.03,0.2694,4,0,0,0,1,0,0,0,0,0,0,0,0,0,0,0,0,0,235000.0,https://www.mubawab-media.com/ad/8/049/387F/h/a585ace9-d9b4-4cdc-b860-d9073b7d9324_81888214.avif
1,0.3533,36.899,10.2358,61.0,2.0,1.0,0.5,0.4235,2.0,43985.0,0.3372,4,0,1,0,0,1,0,1,0,0,0,0,0,0,1,0,0,0,277000.0,https://www.mubawab-media.com/ad/7/872/172F/h/thumb_773984_property_xlarge_77848410.avif
1,0.3533,36.899,10.2358,61.0,2.0,1.0,0.5,0.4235,2.0,43985.0,0.2996,4,0,1,0,0,1,0,1,0,0,0,0,0,0,1,0,0,0,278000.0,https://www.mubawab-media.com/ad/8/239/459F/h/Salon_81277073.avif
16,0.2833,36.4561,10.7376,126.0,2.0,2.0,0.5,0.4454,2.0,154974.0,0.3172,4,0,0,1,1,0,1,1,0,0,0,0,0,0,0,0,0,0,360000.0,https://www.mubawab-media.com/ad/8/296/023F/h/Sans%20titre_81889041.avif
1,0.3533,36.899,10.2358,70.0,2.0,1.0,0.5,0.4235,2.0,43985.0,0.3013,4,0,1,0,1,1,0,1,0,0,0,0,0,0,0,0,0,1,355000.0,https://www.mubawab-media.com/ad/8/080/960F/h/599567116_1187887039966289_8213800874020943964_n_81660133.avif
20,0.284,36.8,10.1,192.0,3.0,2.0,0.5,0.3272,2.0,110184.0,0.2742,4,0,0,0,1,0,0,0,0,0,0,0,0,0,0,0,0,0,200000.0,https://www.mubawab-media.com/ad/8/224/936F/h/WhatsApp%20Image%202025-08-19%20at%2012.01.16%20%285%29_81123568.avif
20,0.26,35.8245,10.6346,113.0,3.0,2.0,0.5,0.517,2.0,150620.48,0.2782,4,0,1,0,1,0,0,0,0,0,0,0,0,0,1,0,0,0,306000.0,https://www.mubawab-media.com/ad/8/220/506F/h/WhatsApp%20Image%202025-06-24%20at%2012.29.05_81074958.avif
20,0.0033,36.8,10.1,70.0,1.0,2.0,0.5,0.183,2.0,110184.0,0.2694,4,0,0,0,0,0,0,0,0,0,0,0,0,0,0,0,0,0,74000.0,https://www.mubawab-media.com/ad/8/256/939F/h/gallery_81456667.avif
20,0.0033,36.8,10.1,110.0,1.0,3.0,0.5,0.183,2.0,110184.0,0.2694,4,0,0,0,1,0,0,0,0,0,0,0,0,0,0,0,0,0,100000.0,https://www.mubawab-media.com/ad/8/256/941F/h/gallery_81456678.avif
23,0.1867,36.8094,10.1414,120.0,3.0,2.0,0.5,0.3144,2.0,2562.03,0.3128,4,0,1,0,1,0,0,1,1,1,1,1,0,1,1,0,0,0,325000.0,https://www.mubawab-media.com/ad/8/303/301F/h/OffresGallerief33fc562-e122-4ce2-9f81-d252ba1192a8_398292359_305381458973637_8586072119982955053_n_81966608.avif
23,0.1733,36.819,10.1658,89.0,3.0,2.0,0.5,0.6863,2.0,2562.03,0.3649,4,0,1,1,1,0,0,1,1,1,1,1,1,1,1,0,0,0,240000.0,https://www.mubawab-media.com/ad/8/290/730F/h/photo_00_81899593.avif
1,0.3533,36.899,10.2358,155.0,3.0,3.0,0.5,0.4235,2.0,43985.0,0.3144,4,0,1,0,1,0,0,1,1,1,1,1,1,1,1,1,0,1,525000.0,https://www.mubawab-media.com/ad/7/924/903F/h/1000070566_81949716.avif
1,0.332,36.8665,10.1647,134.0,4.0,3.0,0.5,0.247,2.0,43985.0,0.3363,4,0,1,0,0,0,0,0,0,1,1,0,0,0,0,0,0,0,389354.0,https://www.mubawab-media.com/ad/8/164/247F/h/13_80502768.avif
1,0.32,36.8665,10.1647,120.0,4.0,3.0,0.5,0.5305,2.0,43985.0,0.3585,4,0,0,0,1,0,0,1,0,0,0,0,0,0,1,0,0,0,406000.0,https://www.mubawab-media.com/ad/8/224/243F/h/D6-7_81116242.avif
20,0.26,35.8245,10.6346,112.0,4.0,3.0,0.5,0.517,2.0,150620.48,0.277,4,0,1,0,1,0,0,0,1,0,0,1,0,0,0,0,0,0,420000.0,https://www.mubawab-media.com/ad/7/989/060F/h/Copie%20de%20Copie%20de%20Visuel%20Agences%20Sousse%20Corniche%20%2884%29_81800382.avif
1,0.3533,36.899,10.2358,116.0,3.0,2.0,0.5,0.4235,2.0,43985.0,0.2694,4,0,0,0,0,0,0,0,0,1,1,0,0,0,0,0,0,0,315000.0,https://www.mubawab-media.com/ad/8/294/561F/h/gallery_81870146.avif
23,0.4,36.8769,10.3247,104.0,3.0,2.0,0.5,0.8015,2.0,2562.03,0.2694,4,0,1,0,1,0,0,0,1,1,1,0,0,0,0,0,0,0,287000.0,https://www.mubawab-media.com/ad/8/297/451F/h/gallery_81903792.avif
23,0.4,36.8769,10.3247,125.0,3.0,2.0,0.5,0.8015,2.0,2562.03,0.2694,4,0,1,0,1,0,0,1,1,0,1,0,0,0,0,0,0,0,365000.0,https://www.mubawab-media.com/ad/8/294/507F/h/gallery_81869675.avif
1,0.332,36.819,10.2358,115.0,3.0,2.0,0.5,0.517,2.0,43985.0,0.3168,4,0,0,0,0,0,0,0,0,0,0,0,0,0,0,0,0,0,369000.0,nan
1,0.3533,36.899,10.2358,123.0,3.0,2.0,0.5,0.4235,2.0,43985.0,0.2694,4,0,0,0,1,0,0,0,0,1,1,0,0,0,0,0,0,0,370000.0,https://www.mubawab-media.com/ad/8/294/499F/h/gallery_81869606.avif
23,0.4,36.8769,10.3247,59.0,2.0,1.0,0.5,0.8015,2.0,2562.03,0.3172,4,0,1,0,0,0,0,1,1,1,1,1,1,1,1,0,0,0,250000.0,https://www.mubawab-media.com/ad/8/270/473F/h/s%2B2%20%283%29_81613798.avif
8,0.1422,35.6781,10.0963,102.0,3.0,2.0,0.5,0.2424,2.0,178346.92,0.2802,4,0,0,0,0,0,0,0,0,0,0,0,0,0,0,0,0,0,240710.0,https://www.mubawab-media.com/ad/8/255/545F/h/WhatsApp%20Image%202025-11-22%20%C3%A0%2013.42.29_81a4a372_81460996.avif
4,0.24,37.2744,9.8739,219.0,3.0,2.0,0.5,0.4278,2.0,61540.22,0.2887,4,0,1,0,1,1,1,1,1,1,1,1,1,1,1,1,0,0,645000.0,https://www.mubawab-media.com/ad/7/582/027F/h/facade1%20%281%29_35359453.avif
23,0.6867,36.819,10.1658,66.0,2.0,1.0,0.5,0.5524,2.0,2562.03,0.3379,4,0,1,0,0,0,0,0,1,1,1,0,0,0,0,0,0,0,404800.0,https://www.mubawab-media.com/ad/7/942/285F/h/IMG-20241008-WA0009_79608658.avif
20,0.284,36.8,10.1,130.0,3.0,2.0,0.5,0.3272,2.0,110184.0,0.3486,4,0,1,0,0,0,0,1,0,0,0,0,0,0,1,0,0,0,395000.0,https://www.mubawab-media.com/ad/8/130/939F/h/490521714_1203723311755271_2385834928280733409_n_80141114_80156745.avif
23,0.6867,36.819,10.1658,138.0,3.0,2.0,0.5,0.5524,2.0,2562.03,0.3475,4,0,0,0,0,0,0,1,0,1,0,0,0,0,0,1,0,0,800000.0,https://www.mubawab-media.com/ad/8/208/536F/h/WhatsApp%20Image%202023-11-21%20at%2022.56.23%20%284%29_80944158_80948394.avif
23,0.4,36.8769,10.3247,104.0,3.0,2.0,0.5,0.8015,2.0,2562.03,0.314,4,0,1,0,0,0,0,1,0,0,0,0,0,0,1,0,0,0,368864.0,https://www.mubawab-media.com/ad/8/299/991F/h/WhatsApp%20Image%202024-07-03%20%C3%A0%2018.55.44_717ab57f_77940906_81932596.avif
1,0.332,36.8665,10.1647,147.0,4.0,3.0,0.5,0.247,2.0,43985.0,0.3364,4,0,1,0,0,0,0,0,0,1,1,0,0,0,0,0,0,0,407000.0,https://www.mubawab-media.com/ad/8/164/036F/h/IMG-20250508-WA0012_80500783.avif
20,0.3067,36.8,10.1,137.0,1.0,3.0,0.5,0.334,2.0,110184.0,0.3597,4,0,1,0,1,0,1,1,0,0,0,0,0,0,0,1,0,0,558000.0,https://www.mubawab-media.com/ad/8/245/010F/h/Copie%20de%20Visuel%20Agences%20Sousse%20Corniche%20-%202025-10-30T115527.936_81334897.avif
23,0.4,36.8769,10.3247,100.0,3.0,2.0,0.5,0.8015,2.0,2562.03,0.316,4,0,0,0,1,0,0,0,1,0,0,0,0,0,0,0,0,0,235000.0,https://www.mubawab-media.com/ad/8/303/203F/h/thumb_1277916_property_xlarge_81965424.avif
23,0.6867,36.819,10.1658,150.0,4.0,3.0,0.5,0.5524,2.0,2562.03,0.2726,4,0,0,0,1,0,0,0,0,0,1,1,0,0,0,0,0,0,360000.0,https://www.mubawab-media.com/ad/8/303/117F/h/thumb_1278508_property_large_81964463.avif
20,0.1333,36.8,10.1,75.0,2.0,1.0,0.5,0.2413,2.0,110184.0,0.314,4,0,1,0,1,0,1,0,0,0,0,0,0,0,0,0,0,0,281000.0,https://www.mubawab-media.com/ad/7/954/935F/h/WhatsApp%20Image%202025-05-05%20at%2017.55.56%20%282%29_80219055.avif
20,0.1333,36.8,10.1,64.0,2.0,1.0,0.5,0.2413,2.0,110184.0,0.2742,4,0,0,0,1,0,1,0,1,1,0,1,0,0,1,0,0,0,146000.0,https://www.mubawab-media.com/ad/8/180/763F/h/vue%201_81949357.avif
20,0.1333,36.8,10.1,100.0,3.0,2.0,0.5,0.2413,2.0,110184.0,0.2742,4,0,0,0,1,0,1,0,1,1,1,1,0,0,1,0,0,0,240000.0,https://www.mubawab-media.com/ad/8/174/209F/h/WhatsApp%20Image%202026-01-14%20at%2012.23.33%20PM%20%281%29_81786108.avif
23,0.4,36.8769,10.3247,132.0,3.0,2.0,0.5,0.8015,2.0,2562.03,0.3258,4,0,0,0,1,0,0,1,0,1,1,1,0,0,0,0,0,0,320000.0,https://www.mubawab-media.com/ad/8/303/065F/h/thumb_1275183_property_xlarge_81963939.avif
23,0.1733,36.819,10.1658,76.0,2.0,2.0,0.5,0.6863,2.0,2562.03,0.3176,4,0,0,1,1,0,0,1,0,1,1,0,0,0,0,0,0,0,320000.0,https://www.mubawab-media.com/ad/8/303/061F/h/thumb_1278189_property_large_81963912.avif
23,0.0233,36.8,10.1,90.0,3.0,2.0,0.5,0.151,2.0,110184.0,0.3116,4,0,0,0,1,0,0,1,1,0,0,1,0,1,0,0,0,0,155000.0,https://www.mubawab-media.com/ad/8/221/750F/h/85292cac-c525-4edc-8a6a-185cbe1d9348_37a92dcd-16cb-496e-98b4-d8aa235768ee_81088265.avif
23,0.1867,36.8094,10.1414,75.0,3.0,2.0,0.5,0.3144,2.0,2562.03,0.2774,4,0,0,0,1,0,0,0,1,0,0,0,0,1,0,0,0,0,165000.0,https://www.mubawab-media.com/ad/8/205/675F/h/dea4c419-3395-4b93-a9bf-f10250ced1cd_532156041_10233299683366833_3699512614180569980_n%20%281%29_80917533.avif
1,0.32,36.8665,10.1647,124.0,4.0,3.0,0.5,0.5305,2.0,43985.0,0.3104,4,0,0,0,1,0,0,1,0,0,0,0,0,0,1,0,0,0,417000.0,https://www.mubawab-media.com/ad/8/224/250F/h/D6-10_81116325.avif
20,0.32,36.8,10.1,90.0,3.0,2.0,0.5,0.3244,2.0,110184.0,0.3128,4,0,1,0,0,0,0,1,0,0,0,0,0,0,1,0,0,0,408000.0,https://www.mubawab-media.com/ad/8/277/468F/h/Capture%20d%E2%80%99%C3%A9cran_20-9-2025_142856__81688848.avif
16,0.32,36.4561,10.7376,100.0,3.0,2.0,0.5,0.4552,2.0,154974.0,0.3152,4,0,0,1,1,1,0,1,0,0,0,0,0,0,1,0,0,0,485000.0,https://www.mubawab-media.com/ad/8/064/286F/h/9b50cbee-8d18-4688-9fc6-4ed76e8b836b_81484278.avif
23,0.4,36.8769,10.3247,235.0,5.0,4.0,0.5,0.8015,2.0,2562.03,0.2734,4,0,1,0,0,0,0,1,1,0,0,1,0,0,0,0,0,0,999000.0,https://www.mubawab-media.com/ad/8/304/029F/h/thumb_1279053_property_large_81973640.avif
16,0.2833,36.4561,10.7376,110.0,2.0,2.0,0.5,0.4454,2.0,154974.0,0.3289,4,0,0,0,1,0,1,1,0,1,1,0,0,0,0,0,0,0,380000.0,https://www.mubawab-media.com/ad/7/983/500F/h/thumb_1012293_property_xlarge_79759907.avif
23,0.6867,36.819,10.2358,115.0,3.0,2.0,0.5,0.517,2.0,43985.0,0.3168,4,0,0,0,0,0,0,0,0,0,0,0,0,0,0,0,0,0,635000.0,nan
16,0.2833,36.4561,10.7376,115.0,1.0,1.0,0.5,0.4454,2.0,154974.0,0.3196,4,0,1,0,0,0,0,0,1,1,0,1,1,0,1,0,0,0,239000.0,https://www.mubawab-media.com/ad/8/209/650F/h/thumb_1155412_property_large_80960103.avif
8,0.1422,35.6781,10.0963,107.0,3.0,2.0,0.5,0.2424,2.0,178346.92,0.2802,4,0,0,0,0,0,0,0,0,0,0,0,0,0,0,0,0,0,253236.0,https://www.mubawab-media.com/ad/8/255/547F/h/WhatsApp%20Image%202025-11-22%20%C3%A0%2013.42.29_9d2597ab_81461047.avif
1,0.3533,36.899,10.2358,54.0,2.0,1.0,0.5,0.4235,2.0,43985.0,0.316,4,0,0,0,0,0,0,1,1,1,1,1,1,1,0,0,0,0,247220.0,https://www.mubawab-media.com/ad/8/187/296F/h/2D_80736607.avif
4,0.24,37.2744,9.8739,141.0,3.0,2.0,0.5,0.4278,2.0,61540.22,0.2694,4,0,1,0,1,0,1,1,1,1,1,1,1,1,0,1,0,0,564000.0,https://www.mubawab-media.com/ad/7/582/071F/h/facade4%20%281%29_35362391.avif
23,0.6867,36.819,10.1658,64.0,2.0,1.0,0.5,0.5524,2.0,2562.03,0.3387,4,0,1,0,0,0,0,1,1,1,1,1,1,1,1,0,0,0,397000.0,https://www.mubawab-media.com/ad/7/942/290F/h/IMG-20241008-WA0008_79608551.avif
1,0.332,36.8665,10.1647,107.0,3.0,2.0,0.5,0.247,2.0,43985.0,0.2786,4,0,1,0,1,0,0,1,0,0,0,0,0,0,1,0,0,0,349890.0,https://www.mubawab-media.com/ad/8/027/223F/h/08_79130577_79130793.avif
20,0.284,36.8,10.1,106.0,3.0,2.0,0.5,0.3272,2.0,110184.0,0.3164,4,0,1,0,0,0,0,1,0,0,0,0,0,0,1,0,0,0,305000.0,https://www.mubawab-media.com/ad/8/130/945F/h/490521714_1203723311755271_2385834928280733409_n_80141114_80156893.avif
23,0.6867,36.819,10.1658,181.0,3.0,2.0,0.5,0.5524,2.0,2562.03,0.3391,4,0,0,0,0,0,0,1,0,1,0,0,0,0,0,1,0,0,1050000.0,https://www.mubawab-media.com/ad/8/208/537F/h/WhatsApp%20Image%202023-11-21%20at%2022.56.22%20%283%29_80944156_80948423.avif
23,0.4,36.8769,10.3247,105.0,3.0,2.0,0.5,0.8015,2.0,2562.03,0.3236,4,0,1,0,0,0,0,1,0,0,0,0,0,0,1,0,0,0,358564.0,https://www.mubawab-media.com/ad/8/299/992F/h/IMG-20240703-WA0041_77952963_81932643.avif
23,0.0209,36.8,10.1,68.0,2.0,2.0,0.5,0.1812,2.0,110184.0,0.2778,4,0,1,0,0,0,0,0,1,0,0,0,0,1,0,1,0,0,111818.0,https://www.mubawab-media.com/ad/8/034/635F/h/vue_001_79204490_79204544.avif
20,0.3067,35.8604,10.5953,112.0,3.0,2.0,0.5,0.3642,2.0,150620.48,0.2758,4,0,1,0,1,1,0,0,0,1,0,0,0,0,1,0,0,0,426690.0,https://www.mubawab-media.com/ad/7/670/686F/h/NVWhatsApp%20Image%202022-12-20%20%C3%A0%2017.27.04_44043431.avif
1,0.32,36.8665,10.1647,104.0,3.0,2.0,0.5,0.5305,2.0,43985.0,0.3124,4,0,0,0,0,0,0,0,0,0,0,1,0,0,0,0,0,0,375000.0,https://www.mubawab-media.com/ad/7/917/561F/h/61fc4722-4ada-4f15-a9a1-00466a13ad46_GF_75415329.avif
23,0.6867,36.819,10.1658,143.0,3.0,2.0,0.5,0.5524,2.0,2562.03,0.3269,4,0,1,0,1,1,0,1,0,0,0,0,0,0,1,1,0,0,680000.0,https://www.mubawab-media.com/ad/8/303/030F/h/image_2_81963577.avif
16,0.32,36.4561,10.7376,110.0,3.0,2.0,0.5,0.4552,2.0,154974.0,0.3125,1,0,1,0,1,0,1,1,0,0,0,0,0,0,0,1,0,0,300000.0,https://www.mubawab-media.com/ad/8/226/684F/h/10_81140586.avif
23,0.4,36.8769,10.3247,66.0,2.0,1.0,0.5,0.8015,2.0,2562.03,0.3287,4,0,1,0,1,0,0,1,1,1,1,1,1,1,1,0,0,0,245000.0,https://www.mubawab-media.com/ad/8/232/690F/h/WhatsApp%20Image%202026-02-04%20at%2011.28.44%20%281%29_81902647.avif
1,0.32,36.8665,10.1647,56.0,2.0,1.0,0.5,0.5305,2.0,43985.0,0.3092,4,0,1,0,0,0,0,0,1,1,1,1,0,0,1,0,0,0,190000.0,https://www.mubawab-media.com/ad/8/271/694F/h/2_81626721.avif
23,0.4,36.8769,10.3247,131.0,3.0,2.0,0.5,0.8015,2.0,2562.03,0.3196,4,0,0,0,1,0,0,1,0,0,0,1,0,0,0,0,0,0,525000.0,https://www.mubawab-media.com/ad/8/226/742F/h/thumb_1175275_property_large_81141088.avif
23,0.6867,36.819,10.1658,168.0,3.0,2.0,0.5,0.5524,2.0,2562.03,0.3293,4,0,1,0,1,0,0,1,1,1,1,1,1,1,1,0,0,0,823000.0,https://www.mubawab-media.com/ad/8/271/772F/h/photo_00_81627522.avif
16,0.32,36.4561,10.7376,116.0,6.0,2.0,0.5,0.4552,2.0,154974.0,0.3184,1,0,1,0,1,0,0,0,1,1,1,1,0,1,1,0,0,0,490000.0,https://www.mubawab-media.com/ad/8/302/988F/h/ChatGPT%20Image%2010%20f%C3%A9vr.%202026%2C%2018_02_01_81963224.avif
16,0.2833,36.4561,10.7376,51.0,2.0,1.0,0.5,0.4454,2.0,154974.0,0.279,4,0,1,0,1,0,0,0,1,1,1,1,0,0,1,0,0,0,170000.0,https://www.mubawab-media.com/ad/8/291/145F/h/vzukgZPmuOihvW3X-thumb_81834523.avif
1,0.332,36.8665,10.1647,142.0,4.0,3.0,0.5,0.247,2.0,43985.0,0.3114,4,0,1,0,0,0,0,0,0,1,1,0,0,0,0,0,0,0,407000.0,https://www.mubawab-media.com/ad/8/164/257F/h/Copy%20of%20O16%20project%2008_80502890.avif
1,0.32,36.8665,10.1647,120.0,4.0,3.0,0.5,0.5305,2.0,43985.0,0.3256,4,0,0,0,1,0,0,1,0,0,0,0,0,0,1,0,0,0,406000.0,https://www.mubawab-media.com/ad/8/224/256F/h/D6-4_81116390.avif
3,0.32,36.8,10.1,129.0,4.0,3.0,0.5,0.2195,2.0,110184.0,0.3188,4,0,0,0,0,0,0,1,0,0,0,0,0,0,1,1,0,0,407000.0,https://www.mubawab-media.com/ad/8/111/784F/h/02%20%281%29_79962345_79962352.avif
16,0.2833,36.4561,10.7376,104.0,2.0,2.0,0.5,0.4454,2.0,154974.0,0.3204,4,0,1,0,1,1,0,1,0,1,0,0,0,0,0,0,0,0,390000.0,https://www.mubawab-media.com/ad/8/296/962F/h/thumb_1270795_property_large_81898715.avif
16,0.2833,36.4561,10.7376,46.0,1.0,1.0,0.5,0.4454,2.0,154974.0,0.3148,4,0,1,0,0,1,0,1,0,1,1,0,0,0,0,0,0,0,260000.0,https://www.mubawab-media.com/ad/8/213/809F/h/6b5df015-ec40-4c5c-812c-efcedc33c365_81024400.avif
16,0.2833,36.4561,10.7376,115.0,1.0,1.0,0.5,0.4454,2.0,154974.0,0.316,3,0,1,0,0,1,0,1,0,0,0,0,0,0,0,0,0,0,239400.0,https://www.mubawab-media.com/ad/8/164/334F/h/thumb_1113165_property_large_80503655.avif
1,0.332,36.819,10.2358,115.0,3.0,2.0,0.5,0.517,2.0,43985.0,0.3168,4,0,0,0,0,0,0,0,0,0,0,0,0,0,0,0,0,0,369000.0,nan
23,0.6867,36.819,10.2358,115.0,3.0,2.0,0.5,0.517,2.0,43985.0,0.3168,4,0,1,0,1,0,0,1,1,1,1,1,0,0,1,0,0,0,430000.0,https://www.mubawab-media.com/ad/8/300/328F/h/WhatsApp%20Image%202026-02-09%20at%203.41.55%20PM%20%281%29_81938827.avif
23,0.6867,36.819,10.1658,93.0,3.0,2.0,0.5,0.5524,2.0,2562.03,0.3387,4,0,1,0,0,0,0,1,1,1,1,1,1,1,1,0,0,0,539000.0,https://www.mubawab-media.com/ad/7/942/301F/h/IMG-20240927-WA0010_79608608.avif
20,0.284,36.8,10.1,98.0,3.0,2.0,0.5,0.3272,2.0,110184.0,0.3212,4,0,1,0,0,0,0,1,1,1,1,1,1,1,1,0,0,0,282000.0,https://www.mubawab-media.com/ad/8/136/240F/h/486665757_1187592090035060_6791125111915232264_n_80141126_80211559.avif
23,0.6867,36.819,10.1658,149.0,3.0,2.0,0.5,0.5524,2.0,2562.03,0.3431,4,0,0,0,0,0,0,1,1,1,1,1,0,1,0,1,0,0,864000.0,https://www.mubawab-media.com/ad/8/208/538F/h/RENDER%20023%20rectif_19136918_80948465.avif
23,0.4,36.8769,10.3247,106.0,3.0,2.0,0.5,0.8015,2.0,2562.03,0.3204,4,0,1,0,0,0,0,1,0,0,0,0,0,0,1,0,0,0,380766.0,https://www.mubawab-media.com/ad/8/299/993F/h/WhatsApp%20Image%202024-07-03%20%C3%A0%2018.55.44_f9b763ae_77940908_81932662.avif
23,0.0209,36.8,10.1,120.0,4.0,2.0,0.5,0.1812,2.0,110184.0,0.2766,4,0,1,0,0,0,0,0,1,0,0,0,0,1,0,1,0,0,195600.0,https://www.mubawab-media.com/ad/8/034/639F/h/0A9A8269_79204486_79204548.avif
20,0.3067,35.8604,10.5953,107.0,3.0,2.0,0.5,0.3642,2.0,150620.48,0.3112,4,0,0,0,0,1,0,0,1,1,1,0,0,0,1,0,0,0,415524.0,https://www.mubawab-media.com/ad/7/670/713F/h/Vue%204%20exterieur_44044987.avif
1,0.3533,36.899,10.2358,85.0,3.0,2.0,0.5,0.4235,2.0,43985.0,0.2694,4,0,1,0,1,0,0,1,1,1,1,0,0,0,0,0,0,0,240000.0,https://www.mubawab-media.com/ad/8/302/840F/h/gallery_81961851.avif
23,0.6867,36.819,10.1658,162.0,4.0,3.0,0.5,0.5524,2.0,2562.03,0.3383,4,0,0,0,1,0,0,1,0,1,1,0,0,0,0,0,0,0,825000.0,https://www.mubawab-media.com/ad/8/036/245F/h/a6d9513d-1b5d-440b-a43a-5dd67e8fec70_a1251820-2d22-41e6-b55b-fd634113df7d_79220069.avif
23,0.6867,36.819,10.1658,120.0,3.0,3.0,0.5,0.5524,2.0,2562.03,0.3383,4,0,1,1,0,0,0,1,0,1,0,0,0,0,1,0,0,0,700000.0,https://www.mubawab-media.com/ad/8/109/171F/h/0279451b-dc43-42e1-a28f-66eda8b89d7e_8a461e10-100c-45c2-bb44-f23498a1aa4c_79935804.avif
23,0.6867,36.819,10.1658,160.0,3.0,3.0,0.5,0.5524,2.0,2562.03,0.3395,4,0,1,0,1,0,0,1,0,1,0,0,0,0,1,0,0,0,820000.0,https://www.mubawab-media.com/ad/8/160/406F/h/2b5d7d10-6eff-4ae5-94f2-1b3682b042e7_9_80463739.avif
23,0.4,36.8769,10.3247,198.0,2.0,2.0,0.5,0.8015,2.0,2562.03,0.3472,4,0,0,0,1,0,0,1,1,1,1,0,0,0,0,0,0,0,1500000.0,https://www.mubawab-media.com/ad/8/302/811F/h/thumb_1275180_property_large_81961626.avif
23,0.4,36.8769,10.3247,140.0,4.0,4.0,0.5,0.8015,2.0,2562.03,0.3132,4,0,1,1,1,0,0,1,0,0,0,0,0,0,1,0,0,0,700000.0,https://www.mubawab-media.com/ad/8/111/300F/h/231d3bf3-c5c3-43ac-99b5-7f4d10815c81_1%20%282%29_79957605.avif
16,0.32,36.4561,10.7376,35.0,2.0,1.0,0.5,0.4552,2.0,154974.0,0.3164,2,0,0,0,0,0,0,0,0,0,0,0,0,0,0,0,0,1,48000.0,https://www.mubawab-media.com/ad/8/302/805F/h/TAARAFCHI%20IMMO%2058%20823%20036%2058%20828%20837%20-%202026-02-13T121710.255_81961631.avif
16,0.32,36.4561,10.7376,90.0,2.0,1.0,0.5,0.4552,2.0,154974.0,0.3467,4,0,0,0,1,0,0,0,0,0,0,0,0,0,0,0,0,0,240000.0,https://www.mubawab-media.com/ad/8/302/777F/h/f9447aea-6be5-42f3-8035-f6a16c010957_81961194.avif
1,0.3533,36.899,10.2358,115.0,3.0,2.0,0.5,0.4235,2.0,43985.0,0.3722,4,0,1,0,1,0,0,1,1,1,1,1,1,1,1,1,0,0,490000.0,https://www.mubawab-media.com/ad/8/241/862F/h/WhatsApp%20Image%202025-10-26%20at%203.15.20%20PM_81301010.avif
23,0.6867,36.819,10.1658,224.0,5.0,4.0,0.5,0.5524,2.0,2562.03,0.3136,4,0,1,0,1,0,0,1,1,1,1,1,1,1,1,0,0,1,1350000.0,https://www.mubawab-media.com/ad/8/192/152F/h/FB_IMG_1754044121098_80784575.avif
23,0.6867,36.819,10.1658,96.0,3.0,2.0,0.5,0.5524,2.0,2562.03,0.2742,4,0,1,0,1,0,0,1,1,1,1,1,0,0,1,0,0,0,600000.0,https://www.mubawab-media.com/ad/8/285/411F/h/WhatsApp%20Image%202025-12-26%20at%209.50.01%20AM_81774327.avif
13,0.2467,36.8,10.1,65.0,2.0,1.0,0.5,0.2476,2.0,110184.0,0.2766,4,0,1,0,1,1,0,0,1,1,1,1,0,1,0,0,0,0,280000.0,https://www.mubawab-media.com/ad/8/290/644F/h/Picture-86674133-1-watermark_81829208.avif
20,0.3067,35.8604,10.5953,130.0,4.0,3.0,0.5,0.3642,2.0,150620.48,0.279,4,0,0,0,1,0,0,0,0,0,0,1,0,0,0,0,0,0,320000.0,https://www.mubawab-media.com/ad/8/290/665F/h/Picture-84414726-1-watermark_81829384.avif
20,0.3067,35.8604,10.5953,150.0,4.0,3.0,0.5,0.3642,2.0,150620.48,0.2762,4,0,1,0,0,1,0,0,1,1,1,1,0,1,1,1,0,0,604877.0,https://www.mubawab-media.com/ad/8/243/279F/h/NVWhatsApp%20Image%202022-12-20%20%C3%A0%2017.27.04_44037075_81315009.avif
23,0.6867,36.819,10.1658,99.0,3.0,2.0,0.5,0.5524,2.0,2562.03,0.3391,4,0,1,0,1,0,0,1,0,1,1,1,1,0,0,0,0,0,419000.0,https://www.mubawab-media.com/ad/7/928/563F/h/dd144ee8-7147-48d0-a586-fa77699495fc_76293315_76293428.avif
1,0.3533,36.899,10.2358,123.0,3.0,2.0,0.5,0.4235,2.0,43985.0,0.2694,4,0,0,0,1,0,0,0,0,1,1,0,0,0,0,0,0,0,370000.0,https://www.mubawab-media.com/ad/8/294/499F/h/gallery_81869606.avif
20,0.32,36.8,10.1,90.0,3.0,2.0,0.5,0.3244,2.0,110184.0,0.3128,4,0,1,0,0,0,0,1,1,1,1,1,1,1,1,0,0,0,408000.0,https://www.mubawab-media.com/ad/8/277/468F/h/Capture%20d%E2%80%99%C3%A9cran_20-9-2025_142856__81688848.avif
23,0.4,36.8769,10.3247,235.0,5.0,4.0,0.5,0.8015,2.0,2562.03,0.2734,4,0,1,0,0,0,0,1,1,0,0,1,0,0,0,0,0,0,999000.0,https://www.mubawab-media.com/ad/8/304/029F/h/thumb_1279053_property_large_81973640.avif
16,0.2833,36.4561,10.7376,110.0,2.0,2.0,0.5,0.4454,2.0,154974.0,0.3289,4,0,0,0,1,0,1,1,0,1,1,0,0,0,0,0,0,0,380000.0,https://www.mubawab-media.com/ad/7/983/500F/h/thumb_1012293_property_xlarge_79759907.avif
23,0.4,36.819,10.2358,115.0,3.0,2.0,0.5,0.517,2.0,43985.0,0.3168,4,0,0,0,0,0,0,0,0,0,0,0,0,0,0,0,0,0,890000.0,nan
16,0.2833,36.4561,10.7376,115.0,1.0,1.0,0.5,0.4454,2.0,154974.0,0.3196,4,0,1,0,0,0,0,0,1,1,0,1,1,0,1,0,0,0,239000.0,https://www.mubawab-media.com/ad/8/209/650F/h/thumb_1155412_property_large_80960103.avif
23,0.6867,36.819,10.1658,110.0,3.0,2.0,0.5,0.5524,2.0,2562.03,0.3379,4,0,1,0,0,0,0,1,1,1,1,1,1,1,1,0,0,0,635000.0,https://www.mubawab-media.com/ad/7/942/304F/h/IMG-20240927-WA0011_79608588.avif
23,0.6867,36.819,10.1658,143.0,3.0,2.0,0.5,0.5524,2.0,2562.03,0.3403,4,0,0,0,0,0,0,1,1,1,1,1,1,0,0,1,0,0,829000.0,https://www.mubawab-media.com/ad/8/208/539F/h/WhatsApp%20Image%202023-11-21%20at%2022.56.22%20%283%29_80944156_80948498.avif
1,0.3533,36.899,10.2358,80.0,2.0,1.0,0.5,0.4235,2.0,43985.0,0.3372,4,0,0,0,1,0,0,1,1,1,1,1,1,1,1,1,0,0,350000.0,https://www.mubawab-media.com/ad/8/153/027F/h/A05%20S1%20_80897624.avif
23,0.4,36.8769,10.3247,125.0,4.0,3.0,0.5,0.8015,2.0,2562.03,0.2782,4,0,1,0,0,0,0,1,1,1,1,1,1,1,1,0,0,0,416880.0,https://www.mubawab-media.com/ad/8/299/994F/h/WhatsApp%20Image%202024-07-03%20%C3%A0%2018.55.43_785bcd2c_77940909_81932697.avif
23,0.0209,36.8,10.1,120.0,4.0,2.0,0.5,0.1812,2.0,110184.0,0.2766,4,0,1,0,0,0,0,0,1,0,0,0,0,1,0,1,0,0,195600.0,https://www.mubawab-media.com/ad/8/034/640F/h/0A9A8273_79204487_79204564.avif
20,0.3067,35.8604,10.5953,150.0,4.0,3.0,0.5,0.3642,2.0,150620.48,0.2726,4,0,1,0,0,1,0,0,1,1,1,0,0,0,0,0,0,0,604877.0,https://www.mubawab-media.com/ad/7/670/715F/h/IMG_3406%20-%20Copie_78600920.avif
16,0.32,36.4561,10.7376,90.0,2.0,1.0,0.5,0.4552,2.0,154974.0,0.3467,4,0,0,0,1,0,0,0,0,0,0,0,0,0,0,0,0,0,240000.0,https://www.mubawab-media.com/ad/8/302/777F/h/f9447aea-6be5-42f3-8035-f6a16c010957_81961194.avif
1,0.3533,36.899,10.2358,115.0,3.0,2.0,0.5,0.4235,2.0,43985.0,0.3722,4,0,1,0,1,0,0,1,1,1,1,1,1,1,1,1,0,0,490000.0,https://www.mubawab-media.com/ad/8/241/862F/h/WhatsApp%20Image%202025-10-26%20at%203.15.20%20PM_81301010.avif
23,0.6867,36.819,10.1658,224.0,5.0,4.0,0.5,0.5524,2.0,2562.03,0.3136,4,0,1,0,1,0,0,1,1,1,1,1,1,1,1,0,0,1,1350000.0,https://www.mubawab-media.com/ad/8/192/152F/h/FB_IMG_1754044121098_80784575.avif
23,0.6867,36.819,10.1658,96.0,3.0,2.0,0.5,0.5524,2.0,2562.03,0.2742,4,0,1,0,1,0,0,1,1,1,1,1,0,0,1,0,0,0,600000.0,https://www.mubawab-media.com/ad/8/285/411F/h/WhatsApp%20Image%202025-12-26%20at%209.50.01%20AM_81774327.avif
13,0.2467,36.8,10.1,65.0,2.0,1.0,0.5,0.2476,2.0,110184.0,0.2766,4,0,1,0,1,1,0,0,1,1,1,1,0,1,0,0,0,0,280000.0,https://www.mubawab-media.com/ad/8/290/644F/h/Picture-86674133-1-watermark_81829208.avif
20,0.3067,35.8604,10.5953,130.0,4.0,3.0,0.5,0.3642,2.0,150620.48,0.279,4,0,0,0,1,0,0,0,0,0,0,1,0,0,0,0,0,0,320000.0,https://www.mubawab-media.com/ad/8/290/665F/h/Picture-84414726-1-watermark_81829384.avif
23,0.4,36.8769,10.3247,260.0,7.0,6.0,0.5,0.8015,2.0,2562.03,0.2762,4,0,0,0,1,0,0,1,0,1,1,1,1,1,0,1,0,0,495000.0,https://www.mubawab-media.com/ad/8/283/583F/h/582993797_1357099882523990_4852990789946189269_n_81755433.avif
23,0.4,36.8769,10.3247,160.0,4.0,3.0,0.5,0.8015,2.0,2562.03,0.2908,4,0,1,0,1,0,0,1,1,1,1,1,1,1,1,1,0,0,495000.0,https://www.mubawab-media.com/ad/8/283/633F/h/0e1daa78-2c9f-4942-9933-8ca9960bca98_81755810.avif
23,0.4,36.8769,10.3247,116.0,3.0,2.0,0.5,0.8015,2.0,2562.03,0.2762,4,0,1,0,1,0,0,0,1,1,1,1,0,1,1,0,0,0,289000.0,https://www.mubawab-media.com/ad/8/283/698F/h/490981077_567419945887851_3186668732152820416_n_81756685.avif
23,0.4,36.8769,10.3247,113.0,4.0,3.0,0.5,0.8015,2.0,2562.03,0.3257,4,0,0,0,1,0,0,1,0,0,1,0,1,1,1,0,0,0,298000.0,https://www.mubawab-media.com/ad/8/287/329F/h/WhatsApp%20Image%202025-09-03%20at%2012.50.59_81794217.avif
23,0.4,36.8769,10.3247,128.0,4.0,3.0,0.5,0.8015,2.0,2562.03,0.3257,4,0,1,0,1,0,0,1,1,1,1,1,1,1,1,0,0,0,315000.0,https://www.mubawab-media.com/ad/8/285/417F/h/d43a82ed-4281-48a8-a153-5ca715800c9c_81774393.avif
20,0.3067,36.8,10.1,91.0,4.0,3.0,0.5,0.3807,2.0,110184.0,0.314,4,0,0,0,0,0,0,0,1,0,0,1,1,0,0,0,0,0,144200.0,https://www.mubawab-media.com/ad/7/880/995F/h/thumb_783768_property_xlarge_70230490.avif
23,0.6867,36.819,10.1658,128.0,3.0,2.0,0.5,0.5524,2.0,2562.03,0.3403,4,0,1,0,0,1,0,1,0,1,0,0,0,0,0,1,0,0,790200.0,https://www.mubawab-media.com/ad/8/246/027F/h/4_81345624.avif
20,0.3067,35.8604,10.5953,144.0,4.0,3.0,0.5,0.3642,2.0,150620.48,0.3447,4,0,0,0,1,0,1,0,1,1,1,0,0,0,0,0,0,0,598719.0,https://www.mubawab-media.com/ad/7/671/891F/h/IMG_3412_78582071.avif
1,0.332,36.8665,10.1647,109.0,3.0,2.0,0.5,0.247,2.0,43985.0,0.3148,4,0,0,0,0,0,0,0,0,0,1,0,1,0,0,0,0,0,371552.0,https://www.mubawab-media.com/ad/8/304/770F/h/chambre%2001_81979959_81980549.avif
16,0.2833,36.4561,10.7376,115.0,1.0,1.0,0.5,0.4454,2.0,154974.0,0.3196,4,0,1,0,0,0,0,0,1,1,0,0,1,0,1,0,0,0,239000.0,https://www.mubawab-media.com/ad/8/209/650F/h/thumb_1155412_property_large_80960103.avif
16,0.2833,36.4561,10.7376,104.0,2.0,2.0,0.5,0.4454,2.0,154974.0,0.3204,4,0,1,0,1,1,0,1,0,1,0,0,0,0,0,0,0,0,390000.0,https://www.mubawab-media.com/ad/8/296/962F/h/thumb_1270795_property_large_81898715.avif
16,0.2833,36.4561,10.7376,46.0,1.0,1.0,0.5,0.4454,2.0,154974.0,0.3148,4,0,1,0,0,1,0,1,0,1,1,0,0,0,0,0,0,0,260000.0,https://www.mubawab-media.com/ad/8/213/809F/h/6b5df015-ec40-4c5c-812c-efcedc33c365_81024400.avif
16,0.2833,36.4561,10.7376,115.0,1.0,1.0,0.5,0.4454,2.0,154974.0,0.316,3,0,1,0,0,1,0,1,0,0,0,0,0,0,0,0,0,0,239400.0,https://www.mubawab-media.com/ad/8/164/334F/h/thumb_1113165_property_large_80503655.avif
1,0.332,36.819,10.2358,115.0,3.0,2.0,0.5,0.517,2.0,43985.0,0.3168,4,0,0,0,0,0,0,0,0,0,0,0,0,0,0,0,0,0,309900.0,nan
1,0.3533,36.899,10.2358,62.0,2.0,1.0,0.5,0.4235,2.0,43985.0,0.3447,4,0,1,0,0,0,0,1,1,1,1,1,1,1,1,1,0,0,334830.0,https://www.mubawab-media.com/ad/8/187/444F/h/2C_80776925.avif
23,0.6867,36.819,10.1658,169.0,4.0,3.0,0.5,0.5524,2.0,2562.03,0.3475,4,0,1,0,1,0,0,1,1,1,1,1,1,1,0,1,0,0,940000.0,https://www.mubawab-media.com/ad/8/075/413F/h/2_79608815.avif
23,0.6867,36.819,10.1658,205.0,4.0,3.0,0.5,0.5524,2.0,2562.03,0.3431,4,0,0,0,0,0,0,1,1,1,1,1,0,0,0,1,0,0,1189000.0,https://www.mubawab-media.com/ad/8/208/543F/h/RENDER%20023%20rectif_19136918_80948677.avif
1,0.3533,36.899,10.2358,80.0,2.0,1.0,0.5,0.4235,2.0,43985.0,0.31,4,0,0,0,1,0,0,1,1,1,1,1,1,1,1,0,0,0,320000.0,https://www.mubawab-media.com/ad/8/153/044F/h/A05%20SALON%202_80378115.avif
23,0.4,36.8769,10.3247,125.0,4.0,3.0,0.5,0.8015,2.0,2562.03,0.3236,4,0,1,0,0,0,0,1,0,0,0,0,0,0,1,0,0,0,403136.0,https://www.mubawab-media.com/ad/8/299/995F/h/WhatsApp%20Image%202024-07-03%20%C3%A0%2018.54.13_3448c5c8_77940916_81932732.avif
23,0.0209,36.8,10.1,65.0,2.0,2.0,0.5,0.1812,2.0,110184.0,0.2766,4,0,1,0,0,0,0,0,1,0,0,0,0,1,0,1,0,0,106585.0,https://www.mubawab-media.com/ad/8/034/641F/h/0A9A8279_79204645.avif
20,0.3067,35.8604,10.5953,150.0,4.0,3.0,0.5,0.3642,2.0,150620.48,0.2726,4,0,1,0,0,1,0,0,1,1,1,0,0,0,0,0,0,0,604877.0,https://www.mubawab-media.com/ad/7/670/715F/h/IMG_3406%20-%20Copie_78600920.avif
20,0.26,35.8245,10.6346,61.0,3.0,2.0,0.5,0.517,2.0,150620.48,0.2943,4,0,0,0,1,0,0,0,0,1,0,1,0,0,0,0,0,0,420000.0,https://www.mubawab-media.com/ad/8/298/252F/h/Picture-86722562-2-watermark_81912633.avif
16,0.32,36.4561,10.7376,63.0,2.0,1.0,0.5,0.4552,2.0,154974.0,0.2726,4,0,0,0,1,0,0,0,0,1,0,1,0,0,0,0,0,0,185000.0,https://www.mubawab-media.com/ad/8/231/161F/h/appartement-s-1-2-pieces-hammamet-8050-1759854919-VA5958_3_original_81192064.avif
16,0.32,36.4561,10.7376,100.0,3.0,2.0,0.5,0.4552,2.0,154974.0,0.3301,4,0,0,0,1,0,0,0,0,0,0,1,0,0,0,1,0,0,300000.0,https://www.mubawab-media.com/ad/8/234/687F/h/IMG_20250909_110315_81227780.avif
20,0.3733,36.8,10.1,110.0,1.0,1.0,0.5,0.2689,2.0,110184.0,0.2786,4,0,1,1,1,0,0,0,0,0,0,0,0,0,1,0,0,0,270000.0,https://www.mubawab-media.com/ad/8/302/708F/h/1_81960516.avif
16,0.32,36.4561,10.7376,138.0,5.0,2.0,0.5,0.4552,2.0,154974.0,0.277,4,0,0,1,1,0,0,1,0,1,1,0,0,0,0,0,0,0,450000.0,https://www.mubawab-media.com/ad/8/302/707F/h/1_81960505.avif
20,0.3333,35.8245,10.6346,155.0,2.0,2.0,0.5,0.2902,2.0,150620.48,0.3184,4,0,1,0,1,0,1,1,0,0,0,0,0,0,1,0,0,0,670000.0,https://www.mubawab-media.com/ad/8/283/670F/h/1_81756432.avif
23,0.6867,36.819,10.1658,80.0,3.0,2.0,0.5,0.5524,2.0,2562.03,0.3431,4,0,1,0,1,0,0,1,0,0,0,0,0,0,1,1,0,0,550000.0,https://www.mubawab-media.com/ad/8/302/660F/h/photo_00_81959954.avif
1,0.32,36.8665,10.1647,190.0,3.0,2.0,0.5,0.5305,2.0,43985.0,0.2694,4,0,0,0,1,0,0,0,0,0,1,1,0,0,0,0,0,0,440000.0,https://www.mubawab-media.com/ad/8/186/355F/h/gallery_80727360.avif
12,0.1333,36.8,10.1,124.0,3.0,2.0,0.5,0.1779,2.0,110184.0,0.2742,4,0,0,0,1,0,1,0,0,1,1,1,0,0,0,0,0,0,220000.0,https://www.mubawab-media.com/ad/8/302/694F/h/gallery%20%281%29_81960342.avif
23,0.6867,36.819,10.1658,103.0,3.0,2.0,0.5,0.5524,2.0,2562.03,0.359,4,0,1,0,1,1,0,1,1,1,1,1,1,0,1,0,0,0,595000.0,https://www.mubawab-media.com/ad/8/022/781F/h/logo1_79089332.avif
3,0.0933,36.7533,10.2283,90.0,3.0,3.0,0.5,0.2965,2.0,114262.5,0.2718,4,0,0,0,1,0,0,1,0,1,1,1,0,0,0,0,0,0,220000.0,https://www.mubawab-media.com/ad/8/302/670F/h/2026-1_81960099.avif
20,0.3067,36.8,10.1,124.0,3.0,3.0,0.5,0.334,2.0,110184.0,0.2786,4,0,0,0,1,0,0,0,0,1,1,0,0,0,1,0,0,0,225000.0,https://www.mubawab-media.com/ad/8/198/358F/h/Copie%20de%20Visuel%20Agences%20Sousse%20Corniche%20-%202025-08-12T165705.405_80846045.avif
16,0.2833,36.4561,10.7376,90.0,3.0,2.0,0.5,0.4454,2.0,154974.0,0.3172,4,0,1,1,1,0,0,0,0,1,0,1,1,1,1,1,0,0,290000.0,https://www.mubawab-media.com/ad/8/208/414F/h/IMG-20250825-WA0002_80947287.avif
16,0.32,36.4561,10.7376,140.0,4.0,3.0,0.5,0.4552,2.0,154974.0,0.3148,4,0,0,0,1,0,1,0,0,0,0,0,0,0,0,0,0,0,285000.0,https://www.mubawab-media.com/ad/8/277/973F/h/1_81694049.avif
23,0.6867,36.819,10.1658,152.0,4.0,3.0,0.5,0.5524,2.0,2562.03,0.2738,4,0,0,0,0,1,0,1,0,1,1,0,0,0,0,1,0,0,931800.0,https://www.mubawab-media.com/ad/8/243/690F/h/1_81319594.avif
20,0.3067,35.8604,10.5953,73.0,2.0,1.0,0.5,0.3642,2.0,150620.48,0.3528,4,0,1,0,0,0,0,0,1,1,1,0,0,0,0,0,0,0,330810.0,https://www.mubawab-media.com/ad/7/671/899F/h/Vue%203%20exterieur_44220169.avif
1,0.332,36.8665,10.1647,77.0,3.0,2.0,0.5,0.247,2.0,43985.0,0.3164,4,0,0,0,0,0,0,0,0,0,1,0,1,0,0,0,0,0,264758.0,https://www.mubawab-media.com/ad/8/304/769F/h/salon%2002_81979948_81980524.avif
23,0.6867,36.819,10.2358,115.0,3.0,2.0,0.5,0.517,2.0,43985.0,0.3168,4,0,1,0,1,0,0,1,0,0,0,0,0,0,1,0,0,0,430000.0,https://www.mubawab-media.com/ad/8/300/328F/h/WhatsApp%20Image%202026-02-09%20at%203.41.55%20PM%20%281%29_81938827.avif
23,0.6867,36.819,10.1658,185.0,4.0,3.0,0.5,0.5524,2.0,2562.03,0.2742,4,0,1,0,1,0,0,1,0,1,0,0,0,0,1,0,0,0,790000.0,https://www.mubawab-media.com/ad/8/284/817F/h/IMG-20250911-WA0007_81771083.avif
15,0.2633,35.7643,10.8113,62.0,3.0,2.0,0.5,0.3655,2.0,134734.0,0.2694,4,0,0,1,1,0,0,1,1,0,0,1,0,0,0,0,0,0,300000.0,https://www.mubawab-media.com/ad/8/302/134F/h/gallery_81954620.avif
1,0.3533,36.899,10.2358,109.0,3.0,2.0,0.5,0.4235,2.0,43985.0,0.2722,4,0,1,0,1,0,0,1,1,1,1,1,1,1,1,0,0,0,425000.0,https://www.mubawab-media.com/ad/8/297/650F/h/1000129712_81905866.avif
23,0.6867,36.819,10.2358,115.0,3.0,2.0,0.5,0.517,2.0,43985.0,0.3168,4,0,0,0,0,0,0,0,0,0,0,0,0,0,0,0,0,0,419000.0,nan
15,0.2633,35.7643,10.8113,80.0,3.0,2.0,0.5,0.3655,2.0,134734.0,0.2694,4,0,0,0,0,0,0,1,1,0,0,0,0,0,0,0,0,0,230000.0,https://www.mubawab-media.com/ad/8/301/524F/h/gallery_81948045.avif
1,0.3533,36.899,10.2358,63.0,2.0,1.0,0.5,0.4235,2.0,43985.0,0.3356,4,0,1,0,0,0,0,1,1,1,1,1,1,1,1,1,0,0,341920.0,https://www.mubawab-media.com/ad/8/192/103F/h/1B_80783399.avif
23,0.6867,36.819,10.1658,249.0,5.0,4.0,0.5,0.5524,2.0,2562.03,0.3455,4,0,1,0,1,0,0,1,1,1,1,1,1,1,0,1,0,0,1370000.0,https://www.mubawab-media.com/ad/8/075/424F/h/5_79608893.avif
1,0.3533,36.899,10.2358,122.0,3.0,2.0,0.5,0.4235,2.0,43985.0,0.2726,4,0,0,0,1,0,0,1,1,1,1,1,1,1,1,0,0,0,492000.0,https://www.mubawab-media.com/ad/8/153/049F/h/SALON%206_80378185.avif
23,0.4,36.8769,10.3247,119.0,4.0,3.0,0.5,0.8015,2.0,2562.03,0.3208,4,0,1,0,0,0,0,1,1,1,1,1,1,1,1,0,0,0,383054.0,https://www.mubawab-media.com/ad/8/299/996F/h/WhatsApp%20Image%202024-07-03%20%C3%A0%2018.53.41_2b4a7bb1_77940915_81932758.avif
23,0.0209,36.8,10.1,81.0,2.0,2.0,0.5,0.1812,2.0,110184.0,0.2766,4,0,0,0,0,0,0,0,0,0,0,1,0,1,0,1,0,0,131198.0,https://www.mubawab-media.com/ad/8/035/205F/h/0A9A8273_79204487_79210365.avif
16,0.32,36.4561,10.7376,140.0,4.0,3.0,0.5,0.4552,2.0,154974.0,0.3148,4,0,0,0,1,0,1,0,0,0,0,0,0,0,0,0,0,0,285000.0,https://www.mubawab-media.com/ad/8/277/973F/h/1_81694049.avif
23,0.4,36.8769,10.3247,160.0,5.0,4.0,0.5,0.8015,2.0,2562.03,0.3305,4,0,0,0,1,0,0,1,0,1,1,0,0,0,1,0,0,0,700000.0,https://www.mubawab-media.com/ad/8/300/562F/h/skand01_81938211.avif
1,0.32,36.8665,10.1647,58.0,1.0,1.0,0.5,0.5305,2.0,43985.0,0.3148,4,0,1,0,1,0,0,1,0,0,1,0,0,0,0,0,0,0,180000.0,https://www.mubawab-media.com/ad/8/302/616F/h/thumb_1277188_property_xlarge_81959520.avif
23,0.6867,36.819,10.1658,131.0,3.0,2.0,0.5,0.5524,2.0,2562.03,0.2742,4,0,1,0,1,0,0,1,0,1,0,0,0,0,1,0,0,0,648000.0,https://www.mubawab-media.com/ad/8/286/790F/h/SS.44%20%282%29_81789015.avif
8,0.1422,35.6781,10.0963,105.0,3.0,2.0,0.5,0.2424,2.0,178346.92,0.2875,4,0,0,0,1,0,0,1,0,0,0,0,0,0,0,1,0,0,317511.0,https://www.mubawab-media.com/ad/8/255/181F/h/WhatsApp%20Image%202025-11-22%20%C3%A0%2013.42.29_9d2597ab_81460891.avif
8,0.1422,35.6781,10.0963,110.0,3.0,2.0,0.5,0.2424,2.0,178346.92,0.3164,4,0,0,0,1,0,0,0,0,0,0,0,0,0,0,0,0,0,291292.0,https://www.mubawab-media.com/ad/8/255/183F/h/WhatsApp%20Image%202025-11-22%20%C3%A0%2013.42.29_81a4a372_81460893.avif
12,0.1333,36.8,10.1,100.0,3.0,2.0,0.5,0.1779,2.0,110184.0,0.2742,4,0,0,0,1,0,0,1,0,0,0,0,0,0,0,1,0,0,170000.0,https://www.mubawab-media.com/ad/8/302/446F/h/gallery%20%281%29_81957693.avif
16,0.32,36.4561,10.7376,149.0,3.0,2.0,0.5,0.4552,2.0,154974.0,0.3105,4,0,0,0,1,0,1,1,0,0,0,0,0,0,0,0,0,0,600000.0,https://www.mubawab-media.com/ad/8/301/767F/h/1_81950641.avif
23,0.1867,36.8094,10.1414,178.0,5.0,4.0,0.5,0.3144,2.0,2562.03,0.2762,4,0,1,0,0,0,0,1,0,1,1,1,0,0,0,0,0,0,440000.0,https://www.mubawab-media.com/ad/8/294/733F/h/WhatsApp%20Image%202026-01-26%20at%2014.34.49%20%2815%29_81872504.avif
23,0.32,36.844,10.192,93.0,4.0,3.0,0.5,0.3403,2.0,43985.0,0.2762,4,0,0,0,0,0,0,1,0,1,0,1,0,0,1,0,0,0,260000.0,https://www.mubawab-media.com/ad/8/286/443F/h/7297aac9-d495-4b03-b1ae-0cfcdedce5e2_81815801.avif
23,0.1867,36.8094,10.1414,101.0,4.0,3.0,0.5,0.3144,2.0,2562.03,0.2762,4,0,1,0,1,0,0,1,0,1,1,1,0,0,1,0,0,0,280000.0,https://www.mubawab-media.com/ad/8/287/868F/h/BARDO%20%2813%29_81799870.avif
1,0.3533,36.899,10.2358,200.0,3.0,2.0,0.5,0.4235,2.0,43985.0,0.3297,4,0,0,0,0,0,0,1,1,1,1,1,0,0,0,1,0,0,545000.0,https://www.mubawab-media.com/ad/8/302/366F/h/WhatsApp%20Image%202026-01-24%20at%2011.38.44%20%282%29_81956920.avif
23,0.4,36.8769,10.3247,370.0,5.0,4.0,0.5,0.8015,2.0,2562.03,0.351,4,0,0,0,1,1,0,1,1,1,1,1,1,1,1,1,0,0,1680000.0,https://www.mubawab-media.com/ad/8/273/888F/h/IMG_4515_81649954.avif
1,0.3533,36.899,10.2358,205.0,4.0,3.0,0.5,0.4235,2.0,43985.0,0.2782,4,0,1,0,1,0,0,1,1,1,1,1,0,1,0,0,0,0,790000.0,https://www.mubawab-media.com/ad/8/298/372F/h/IMG_4807_81916209.avif
16,0.2833,36.4561,10.7376,85.0,3.0,2.0,0.5,0.4454,2.0,154974.0,0.3128,1,0,1,0,1,1,0,1,1,1,1,1,1,1,1,0,0,1,350000.0,https://www.mubawab-media.com/ad/8/266/100F/h/04fcf908-23ee-4e51-8321-c05b66f79216_81564481.avif
23,0.6867,36.819,10.1658,225.0,4.0,3.0,0.5,0.5524,2.0,2562.03,0.3364,4,0,1,0,0,1,0,1,0,1,0,0,0,0,0,1,0,0,1626500.0,https://www.mubawab-media.com/ad/8/243/693F/h/19_81319575.avif
20,0.3067,35.8604,10.5953,148.0,4.0,3.0,0.5,0.3642,2.0,150620.48,0.3228,4,0,0,0,0,1,0,0,0,1,1,0,0,0,1,1,0,0,605561.0,https://www.mubawab-media.com/ad/8/243/276F/h/NVWhatsApp%20Image%202022-12-20%20%C3%A0%2017.27.04_44037075_81314886.avif
1,0.332,36.8665,10.1647,109.0,3.0,2.0,0.5,0.247,2.0,43985.0,0.3148,4,0,0,0,0,0,0,0,0,0,1,0,1,0,0,0,0,0,371552.0,https://www.mubawab-media.com/ad/8/304/770F/h/chambre%2001_81979959_81980549.avif
15,0.2633,35.7643,10.8113,80.0,3.0,2.0,0.5,0.3655,2.0,134734.0,0.2694,4,0,0,0,0,0,0,1,1,0,0,0,0,0,0,0,0,0,230000.0,https://www.mubawab-media.com/ad/8/301/524F/h/gallery_81948045.avif
15,0.2633,35.7643,10.8113,103.0,3.0,2.0,0.5,0.3655,2.0,134734.0,0.2694,1,0,0,0,1,0,0,0,1,0,0,0,0,0,0,0,0,0,450000.0,https://www.mubawab-media.com/ad/8/285/872F/h/gallery_81778746.avif
15,0.2633,35.7643,10.8113,157.0,3.0,2.0,0.5,0.3655,2.0,134734.0,0.2694,4,0,0,0,0,0,0,1,1,0,0,1,0,0,0,0,0,0,580000.0,https://www.mubawab-media.com/ad/8/184/963F/h/gallery_80711811.avif
15,0.2633,35.7643,10.8113,90.0,3.0,2.0,0.5,0.3655,2.0,134734.0,0.2694,4,0,0,0,1,1,0,1,0,0,0,1,0,0,0,0,0,0,540000.0,https://www.mubawab-media.com/ad/8/267/819F/h/gallery_81585673.avif
23,0.6867,36.819,10.2358,115.0,3.0,2.0,0.5,0.517,2.0,43985.0,0.3168,4,0,0,0,0,0,0,0,0,0,0,0,0,0,0,0,0,0,635000.0,nan
15,0.2633,35.7643,10.8113,114.0,1.0,2.0,0.5,0.3655,2.0,134734.0,0.275,4,0,1,0,1,1,0,1,1,1,1,1,0,0,1,0,0,0,540000.0,https://www.mubawab-media.com/ad/8/167/527F/h/WhatsApp%20Image%202024-11-11%20at%2018.03.56%20%281%29_80535376.avif
1,0.3533,36.899,10.2358,113.0,3.0,2.0,0.5,0.4235,2.0,43985.0,0.34,4,0,1,0,1,0,0,1,1,1,1,1,1,1,1,1,0,0,608380.0,https://www.mubawab-media.com/ad/8/208/356F/h/1B_80944500.avif
1,0.3533,36.899,10.2358,68.0,2.0,1.0,0.5,0.4235,2.0,43985.0,0.3261,4,0,0,0,1,0,0,1,1,1,1,1,1,1,1,0,0,0,287000.0,https://www.mubawab-media.com/ad/8/153/073F/h/RENDU%20%20CUISINE%20OUVERTE_81034521.avif
23,0.4,36.8769,10.3247,125.0,4.0,3.0,0.5,0.8015,2.0,2562.03,0.2774,4,0,1,0,0,0,0,1,1,1,1,1,1,1,1,0,0,0,416912.0,https://www.mubawab-media.com/ad/8/299/997F/h/WhatsApp%20Image%202024-07-03%20%C3%A0%2018.54.09_b8163c98_77940917_81932790.avif
23,0.0209,36.8,10.1,82.0,3.0,2.0,0.5,0.1812,2.0,110184.0,0.2766,4,0,1,0,0,0,0,0,1,0,0,0,0,1,0,1,0,0,133252.0,https://www.mubawab-media.com/ad/8/035/206F/h/vue_002_79204491_79210409.avif
1,0.3533,36.899,10.2358,176.0,3.0,2.0,0.5,0.4235,2.0,43985.0,0.3152,4,0,0,0,1,0,0,1,0,1,1,0,0,0,1,0,0,0,370000.0,https://www.mubawab-media.com/ad/8/252/201F/h/thumb_1206579_property_large_81407847.avif
1,0.3533,36.899,10.2358,100.0,3.0,2.0,0.5,0.4235,2.0,43985.0,0.316,4,0,1,0,1,0,0,1,0,1,0,0,0,0,1,0,0,0,340000.0,https://www.mubawab-media.com/ad/8/302/283F/h/thumb_1277460_property_large_81955987.avif
1,0.3533,36.899,10.2358,103.0,3.0,2.0,0.5,0.4235,2.0,43985.0,0.3192,4,0,0,0,0,0,0,0,1,1,1,1,0,0,0,0,0,0,428000.0,https://www.mubawab-media.com/ad/8/228/226F/h/59c87e9b-7d38-4bc7-9c9d-02425bdcb4a3_GF_81158124.avif
1,0.3533,36.899,10.2358,122.0,4.0,3.0,0.5,0.4235,2.0,43985.0,0.3184,4,0,1,0,1,0,0,1,0,1,1,0,0,0,0,0,0,0,421000.0,https://www.mubawab-media.com/ad/8/221/729F/h/2a392fb2-02d0-4135-938c-734fc21966dd_GF_81096353.avif
3,0.1133,36.7533,10.2283,132.0,3.0,3.0,0.5,0.4302,2.0,114262.5,0.3132,4,0,0,0,1,0,0,1,0,0,1,0,0,0,0,0,0,0,220000.0,https://www.mubawab-media.com/ad/8/256/505F/h/thumb_1213162_property_large_81452537.avif
3,0.14,36.8,10.1,100.0,2.0,2.0,0.5,0.2793,2.0,110184.0,0.3152,4,0,0,0,1,0,0,0,0,0,0,0,0,0,0,0,0,0,205000.0,https://www.mubawab-media.com/ad/8/299/126F/h/thumb_1270417_property_large_81924080.avif
13,0.16,36.8,10.1,126.0,4.0,3.0,0.5,0.2875,2.0,110184.0,0.314,4,0,1,0,1,0,0,1,0,0,1,0,0,0,1,0,0,0,315000.0,https://www.mubawab-media.com/ad/8/159/777F/h/e659614b-ff3c-404e-b9c8-dfe315bcb820_WhatsApp%20Image%202025-06-12%20at%2012.57.36%20PM%20%281%29_80456921.avif
23,0.1867,36.8094,10.1414,85.0,3.0,2.0,0.5,0.3144,2.0,2562.03,0.3136,4,0,1,0,1,0,0,1,0,0,0,0,0,0,1,0,0,0,229000.0,https://www.mubawab-media.com/ad/8/134/154F/h/e5d2efa1-9c94-4310-a4b1-2b1e5dd23590_67d63ff3-f636-419b-9cf3-5ffb16525e65_80964512.avif
23,0.4,36.8769,10.3247,65.0,2.0,2.0,0.5,0.8015,2.0,2562.03,0.2706,4,0,0,0,1,0,0,0,0,0,0,0,0,0,0,0,0,0,195000.0,https://www.mubawab-media.com/ad/8/302/227F/h/thumb_1277436_property_large_81955479.avif
20,0.1333,36.8,10.1,128.0,2.0,2.0,0.5,0.2413,2.0,110184.0,0.2762,4,0,0,1,1,0,0,1,0,0,0,0,0,0,1,1,0,0,220000.0,https://www.mubawab-media.com/ad/8/301/757F/h/Hergla%201%20salon_81950614.avif
1,0.32,36.8665,10.1647,90.0,4.0,3.0,0.5,0.5305,2.0,43985.0,0.2694,4,0,1,0,1,0,0,0,1,0,1,0,0,0,0,0,0,0,380000.0,https://www.mubawab-media.com/ad/8/302/121F/h/gallery_81954524.avif
12,0.22,35.5047,11.0622,108.0,3.0,2.0,0.5,0.4425,2.0,1278.45,0.2694,4,0,0,0,1,0,0,0,0,0,0,0,0,0,0,0,0,0,185000.0,https://www.mubawab-media.com/ad/8/302/108F/h/gallery_81954299.avif
16,0.32,36.4561,10.7376,90.0,3.0,2.0,0.5,0.4552,2.0,154974.0,0.3214,4,0,0,0,1,1,0,0,1,1,0,1,0,0,1,0,0,0,360000.0,https://www.mubawab-media.com/ad/8/112/316F/h/balcon_81119263.avif
16,0.32,36.4561,10.7376,145.0,4.0,3.0,0.5,0.4552,2.0,154974.0,0.3218,4,0,0,0,1,1,0,1,0,0,0,1,0,0,0,0,0,0,450000.0,https://www.mubawab-media.com/ad/8/255/231F/h/WhatsApp%20Image%202025-11-19%20at%2012.51.59_81438996.avif
16,0.32,36.4561,10.7376,87.0,3.0,2.0,0.5,0.4552,2.0,154974.0,0.286,4,0,0,0,1,1,0,1,0,1,1,1,0,0,0,0,0,0,400000.0,https://www.mubawab-media.com/ad/8/209/903F/h/dd251216-cf89-4f3b-8733-ed747db65c43_80978415.avif
23,0.2367,36.8,10.1,84.0,3.0,2.0,0.5,0.3105,2.0,110184.0,0.3116,4,0,0,0,0,0,0,1,0,0,0,0,0,0,0,0,0,0,125000.0,https://www.mubawab-media.com/ad/8/170/641F/h/WhatsApp%20Image%202025-06-30%20at%2010.23.25_81953947.avif
1,0.3533,36.899,10.2358,140.0,4.0,3.0,0.5,0.4235,2.0,43985.0,0.3269,4,0,0,0,0,0,0,1,0,1,1,1,0,0,1,1,0,0,620000.0,https://www.mubawab-media.com/ad/8/302/075F/h/thumb_796858_property_xlarge_81953925.avif
23,0.6867,36.819,10.1658,82.0,2.0,1.0,0.5,0.5524,2.0,2562.03,0.3084,4,0,1,0,0,1,0,1,0,1,0,0,0,0,0,1,0,0,551600.0,https://www.mubawab-media.com/ad/8/243/980F/h/14_81322401.avif
20,0.3067,35.8604,10.5953,150.0,4.0,3.0,0.5,0.3642,2.0,150620.48,0.2762,4,0,1,0,0,1,0,0,0,1,0,0,0,0,1,1,0,0,604877.0,https://www.mubawab-media.com/ad/8/243/279F/h/NVWhatsApp%20Image%202022-12-20%20%C3%A0%2017.27.04_44037075_81315009.avif
1,0.332,36.8665,10.1647,53.0,2.0,1.0,0.5,0.247,2.0,43985.0,0.2782,4,0,0,0,0,0,0,0,0,0,1,0,1,0,0,0,0,0,199097.0,https://www.mubawab-media.com/ad/8/304/774F/h/salon%2002_81979948_81980612.avif
23,0.6867,36.819,10.1658,175.0,1.0,3.0,0.5,0.5524,2.0,2562.03,0.3371,4,0,1,0,1,0,0,1,0,0,0,0,0,0,1,0,0,0,970000.0,https://www.mubawab-media.com/ad/8/290/736F/h/Design%20sans%20titre%20-%202026-01-23T121911.400_81830181.avif
1,0.32,36.8665,10.1647,192.0,3.0,4.0,0.5,0.5305,2.0,43985.0,0.277,4,0,1,0,1,0,0,1,1,0,1,0,0,0,0,0,0,0,440000.0,https://www.mubawab-media.com/ad/8/195/369F/h/photo_00_80817725.avif
1,0.332,36.819,10.2358,115.0,3.0,2.0,0.5,0.517,2.0,43985.0,0.3168,4,0,0,0,0,0,0,0,0,0,0,0,0,0,0,0,0,0,369000.0,nan
23,0.4,36.8769,10.3247,125.0,4.0,3.0,0.5,0.8015,2.0,2562.03,0.3212,4,0,1,0,0,0,0,1,1,1,1,1,1,1,1,0,0,0,403168.0,https://www.mubawab-media.com/ad/8/299/998F/h/WhatsApp%20Image%202024-07-03%20%C3%A0%2018.53.41_ae15f1a4_77940913_81932805.avif
23,0.0209,36.8,10.1,90.0,3.0,2.0,0.5,0.1812,2.0,110184.0,0.2782,4,0,0,0,0,0,0,0,0,0,0,0,0,1,0,1,0,0,145885.0,https://www.mubawab-media.com/ad/8/035/208F/h/0A9A8276_79204488_79210432.avif
3,0.14,36.8,10.1,75.0,3.0,2.0,0.5,0.2793,2.0,110184.0,0.2774,4,0,0,0,1,0,0,0,0,0,0,0,0,0,0,0,0,0,115000.0,https://www.mubawab-media.com/ad/8/269/539F/h/WhatsApp%20Image%202025-12-03%20at%2014.51.02%20%286%29_81953800.avif
1,0.3533,36.899,10.2358,152.0,3.0,2.0,0.5,0.4235,2.0,43985.0,0.3362,4,0,1,0,0,0,0,1,1,1,1,1,1,0,1,0,0,0,425000.0,https://www.mubawab-media.com/ad/8/074/375F/h/thumb_346792_property_xlarge_79598280.avif
1,0.3533,36.899,10.2358,121.0,3.0,2.0,0.5,0.4235,2.0,43985.0,0.3168,4,0,1,0,0,0,0,1,0,1,0,0,0,0,1,1,0,0,502000.0,https://www.mubawab-media.com/ad/8/283/810F/h/WhatsApp%20Image%202026-01-07%20at%2012.47.08%20%281%29_81757737.avif
23,0.4,36.8769,10.3247,170.0,5.0,4.0,0.5,0.8015,2.0,2562.03,0.2806,4,0,1,0,1,0,0,1,0,1,0,0,0,0,1,0,0,0,520000.0,https://www.mubawab-media.com/ad/8/266/242F/h/WhatsApp%20Image%202025-12-04%20at%2013.58.07_81565682.avif
23,0.4,36.8769,10.3247,130.0,4.0,3.0,0.5,0.8015,2.0,2562.03,0.2798,4,0,0,0,1,0,0,0,0,0,0,1,0,0,0,1,0,0,380000.0,https://www.mubawab-media.com/ad/8/269/181F/h/WhatsApp%20Image%202025-12-10%20at%2009.30.03_81600306.avif
23,0.0867,36.8,10.1,108.0,3.0,2.0,0.5,0.2194,2.0,110184.0,0.277,4,0,0,0,1,0,0,0,0,0,0,0,0,0,0,0,0,0,235000.0,https://www.mubawab-media.com/ad/8/285/359F/h/L_9ff983a7-4a95-44c4-80f9-219152c3ab39_81773794.avif
1,0.32,36.8665,10.1647,145.0,4.0,3.0,0.5,0.5305,2.0,43985.0,0.3132,4,0,1,0,0,0,0,1,0,1,0,0,0,0,0,1,0,0,430000.0,https://www.mubawab-media.com/ad/8/302/008F/h/51a7a984-1cc4-4ce0-8c71-cac4d558f19a_5_81953205.avif
1,0.3533,36.899,10.2358,73.0,2.0,1.0,0.5,0.4235,2.0,43985.0,0.2734,4,0,1,0,1,0,0,1,0,0,0,0,0,0,1,0,0,0,250000.0,https://www.mubawab-media.com/ad/8/226/666F/h/WhatsApp%20Image%202026-02-12%20at%2016.01.42_81957043.avif
16,0.2833,36.4561,10.7376,46.0,1.0,1.0,0.5,0.4454,2.0,154974.0,0.2742,1,0,0,0,0,0,0,0,0,0,0,0,0,0,0,0,0,0,260000.0,https://www.mubawab-media.com/ad/8/288/371F/h/thumb_1240804_property_large_81805257.avif
23,0.32,36.844,10.192,140.0,3.0,2.0,0.5,0.3403,2.0,43985.0,0.3009,4,0,1,0,1,0,0,1,0,0,0,0,0,0,1,1,0,0,490000.0,https://www.mubawab-media.com/ad/8/301/989F/h/1_81952991.avif
23,0.1733,36.819,10.1658,70.0,3.0,2.0,0.5,0.6863,2.0,2562.03,0.318,4,0,0,0,0,0,0,0,0,0,0,1,0,0,0,0,0,0,120000.0,https://www.mubawab-media.com/ad/8/201/114F/h/733ae820-f3a8-44de-8b63-341c28c9fc0d_718fc61d-8396-47bd-8d12-c5a2068a022e_80872220.avif
23,0.32,36.844,10.192,140.0,3.0,2.0,0.5,0.3403,2.0,43985.0,0.3009,4,0,1,0,1,0,0,1,0,0,0,0,0,0,1,1,0,0,420000.0,https://www.mubawab-media.com/ad/8/301/975F/h/1_81952894.avif
23,0.4,36.8769,10.3247,230.0,5.0,3.0,0.5,0.8015,2.0,2562.03,0.314,4,0,1,0,1,0,0,1,1,1,1,1,1,1,1,1,0,0,1290000.0,https://www.mubawab-media.com/ad/8/160/985F/h/2_80469620.avif
1,0.32,36.8665,10.1647,180.0,4.0,3.0,0.5,0.5305,2.0,43985.0,0.2734,4,0,1,0,0,0,0,1,1,1,1,0,0,0,0,0,0,0,330000.0,https://www.mubawab-media.com/ad/8/301/973F/h/WhatsApp%20Image%202026-02-12%20at%2009.50.15%20%285%29_81952872.avif
23,0.32,36.844,10.192,120.0,3.0,2.0,0.5,0.3403,2.0,43985.0,0.3144,4,0,1,0,1,0,0,1,1,1,1,1,0,0,1,0,0,0,420000.0,https://www.mubawab-media.com/ad/8/301/965F/h/9_81952793.avif
20,0.26,35.8245,10.6346,100.0,3.0,2.0,0.5,0.517,2.0,150620.48,0.3184,4,0,1,0,1,0,1,0,1,1,1,0,1,1,1,0,0,0,260000.0,https://www.mubawab-media.com/ad/8/254/645F/h/WhatsApp%20Image%202025-11-18%20at%2003.43.12%283%29_81433081.avif
23,0.32,36.844,10.192,200.0,3.0,2.0,0.5,0.3403,2.0,43985.0,0.2868,4,0,1,0,1,0,0,1,0,1,1,0,0,0,0,0,0,0,650000.0,https://www.mubawab-media.com/ad/8/094/148F/h/gallery_79790241.avif
23,0.6867,36.819,10.1658,128.0,3.0,2.0,0.5,0.5524,2.0,2562.03,0.3403,4,0,1,0,0,1,0,1,0,1,0,0,0,0,0,1,0,0,790200.0,https://www.mubawab-media.com/ad/8/246/027F/h/4_81345624.avif
1,0.332,36.8665,10.1647,125.0,4.0,3.0,0.5,0.247,2.0,43985.0,0.3148,4,0,0,0,0,0,0,0,0,0,1,0,1,0,0,0,0,0,414546.0,https://www.mubawab-media.com/ad/8/304/775F/h/salon%2002_81979948_81980627.avif
20,0.3067,35.8604,10.5953,139.0,3.0,2.0,0.5,0.3642,2.0,150620.48,0.3561,4,0,1,1,1,1,0,1,0,0,0,0,0,0,1,0,0,0,580000.0,https://www.mubawab-media.com/ad/8/200/191F/h/f607a8d9-db46-431d-9db1-3f435dd5df78_81267683.avif
3,0.32,36.8,10.1,127.0,1.0,3.0,0.5,0.2195,2.0,110184.0,0.2774,4,0,1,0,1,0,0,1,1,1,1,1,1,1,1,0,0,0,360000.0,https://www.mubawab-media.com/ad/8/283/585F/h/IMG-20251017-WA0042_81755388.avif
23,0.4,36.819,10.2358,115.0,3.0,2.0,0.5,0.517,2.0,43985.0,0.3168,4,0,0,0,0,0,0,0,0,0,0,0,0,0,0,0,0,0,240000.0,nan
1,0.3533,36.899,10.2358,70.0,2.0,1.0,0.5,0.4235,2.0,43985.0,0.3096,4,0,0,0,1,0,0,1,1,1,1,1,1,1,1,0,0,0,288000.0,https://www.mubawab-media.com/ad/8/153/085F/h/RENDU%20%20CUISINE%20OUVERTE_81034699.avif
23,0.0209,36.8,10.1,118.0,4.0,2.0,0.5,0.1812,2.0,110184.0,0.3156,4,0,1,0,0,0,0,0,0,0,1,0,0,1,0,1,0,0,190824.0,https://www.mubawab-media.com/ad/8/035/210F/h/vue_001_79204490_79210467.avif
23,0.32,36.844,10.192,110.0,3.0,2.0,0.5,0.3403,2.0,43985.0,0.2694,4,0,0,0,1,0,0,0,0,1,1,1,0,0,0,0,0,0,259000.0,https://www.mubawab-media.com/ad/8/203/464F/h/gallery_80895928.avif
23,0.32,36.844,10.192,76.0,3.0,2.0,0.5,0.3403,2.0,43985.0,0.2694,4,0,1,0,0,0,0,0,0,1,1,0,0,0,0,0,0,0,265000.0,https://www.mubawab-media.com/ad/8/271/231F/h/gallery_81621696.avif
23,0.32,36.844,10.192,135.0,3.0,2.0,0.5,0.3403,2.0,43985.0,0.2694,4,0,1,0,1,0,0,1,0,1,1,1,0,0,0,0,0,0,360000.0,https://www.mubawab-media.com/ad/8/285/879F/h/gallery_81778821.avif
23,0.32,36.844,10.192,210.0,3.0,2.0,0.5,0.3403,2.0,43985.0,0.2694,1,0,0,0,1,0,0,1,0,0,0,0,0,0,0,0,0,0,530000.0,https://www.mubawab-media.com/ad/8/149/075F/h/gallery_80338281.avif
23,0.6867,36.819,10.1658,135.0,3.0,2.0,0.5,0.5524,2.0,2562.03,0.3411,4,0,0,0,1,0,0,1,0,0,0,0,0,0,0,0,0,0,580000.0,https://www.mubawab-media.com/ad/8/235/103F/h/thumb_1184318_property_xlarge_81232436.avif
1,0.32,36.8665,10.1647,173.0,4.0,3.0,0.5,0.5305,2.0,43985.0,0.3301,4,0,1,0,1,0,0,1,0,0,0,0,0,0,1,0,0,0,475000.0,https://www.mubawab-media.com/ad/8/247/820F/h/1f6ad367-df7f-426a-9d67-5ded55b4facf_81363545.avif
16,0.32,36.4561,10.7376,250.0,4.0,3.0,0.5,0.4552,2.0,154974.0,0.2782,4,0,0,0,1,1,0,0,0,0,0,0,0,0,1,1,0,1,690000.0,https://www.mubawab-media.com/ad/8/080/470F/h/472831080_8981947525246058_4927702836967872902_n_81626624.avif
23,0.4,36.8769,10.3247,54.0,1.0,1.0,0.5,0.8015,2.0,2562.03,0.3144,4,0,1,0,0,0,0,0,0,1,0,0,0,0,1,0,0,0,185000.0,https://www.mubawab-media.com/ad/8/293/862F/h/thumb_1264789_property_large_81862265.avif
1,0.3533,36.899,10.2358,93.0,3.0,2.0,0.5,0.4235,2.0,43985.0,0.3285,4,0,1,0,1,0,0,1,0,0,0,0,0,0,1,1,0,0,420000.0,https://www.mubawab-media.com/ad/8/301/725F/h/WhatsApp%20Image%202026-02-11%20at%201.39.22%20PM%20%287%29_81950151.avif
16,0.2833,36.4561,10.7376,135.0,4.0,3.0,0.5,0.4454,2.0,154974.0,0.32,4,0,1,0,1,0,1,1,0,0,0,0,0,0,0,0,0,0,650000.0,https://www.mubawab-media.com/ad/8/159/705F/h/1_80456165.avif
16,0.2833,36.4561,10.7376,65.0,2.0,1.0,0.5,0.4454,2.0,154974.0,0.3184,4,0,0,0,1,1,0,0,0,0,0,0,0,0,1,0,0,0,245000.0,https://www.mubawab-media.com/ad/8/244/722F/h/thumb_1194349_property_large_81332028.avif
1,0.3533,36.899,10.2358,88.0,1.0,1.0,0.5,0.4235,2.0,43985.0,0.3337,4,0,1,0,1,0,0,1,1,1,1,0,1,0,1,0,0,0,265000.0,https://www.mubawab-media.com/ad/8/268/100F/h/thumb_1222120_property_large_81588741.avif
23,0.32,36.844,10.192,150.0,5.0,4.0,0.5,0.3403,2.0,43985.0,0.3144,4,0,1,0,1,0,1,0,1,1,1,0,0,0,0,1,0,0,395000.0,https://www.mubawab-media.com/ad/8/252/803F/h/IMG-20251112-WA0016_81413756.avif
13,0.16,36.8,10.1,70.0,3.0,2.0,0.5,0.2875,2.0,110184.0,0.2762,4,0,0,0,1,0,0,1,0,0,1,1,0,0,0,0,0,0,190000.0,https://www.mubawab-media.com/ad/8/286/309F/h/BARDO%20%287%29_81783366.avif
8,0.1422,35.6781,10.0963,95.0,3.0,2.0,0.5,0.2424,2.0,178346.92,0.2802,4,0,0,0,0,0,0,0,0,0,0,0,0,0,0,0,0,0,223720.0,https://www.mubawab-media.com/ad/8/255/538F/h/WhatsApp%20Image%202025-11-22%20%C3%A0%2013.42.29_9d2597ab_81460921.avif
23,0.1867,36.8094,10.1414,138.0,1.0,3.0,0.5,0.3144,2.0,2562.03,0.2742,4,0,0,0,1,0,0,0,0,1,1,1,0,1,0,0,0,0,240000.0,https://www.mubawab-media.com/ad/8/301/609F/h/resize-image%20%281%29_81948885.avif
23,0.4,36.8769,10.3247,138.0,4.0,3.0,0.5,0.8015,2.0,2562.03,0.273,4,0,1,0,1,0,0,0,1,1,1,1,1,0,0,0,0,0,390000.0,https://www.mubawab-media.com/ad/8/301/598F/h/gallery%20%282%29_81948750.avif
23,0.6867,36.819,10.1658,99.0,3.0,2.0,0.5,0.5524,2.0,2562.03,0.3391,4,0,1,0,1,0,0,1,0,1,1,0,0,0,0,0,0,0,419000.0,https://www.mubawab-media.com/ad/7/928/563F/h/dd144ee8-7147-48d0-a586-fa77699495fc_76293315_76293428.avif
3,0.2227,36.8,10.1,175.0,5.0,4.0,0.5,0.274,2.0,110184.0,0.2774,4,0,1,0,1,0,0,1,0,1,0,0,0,0,1,0,0,0,430000.0,https://www.mubawab-media.com/ad/8/299/057F/h/WhatsApp%20Image%202026-02-06%20at%2012.56.30%20PM%20%282%29_81923286.avif
3,0.32,36.8,10.1,170.0,1.0,3.0,0.5,0.2195,2.0,110184.0,0.3144,4,0,1,0,1,0,0,1,0,0,0,0,0,0,1,0,0,0,360000.0,https://www.mubawab-media.com/ad/8/283/672F/h/WhatsApp%20Image%202025-12-23%20at%2012.10.43%20PM%20%281%29_81756500.avif
16,0.13,36.8,10.1,83.0,4.0,3.0,0.5,0.2426,2.0,110184.0,0.3388,4,0,0,0,1,1,0,0,0,0,0,1,1,0,0,0,0,0,295000.0,https://www.mubawab-media.com/ad/8/294/333F/h/WhatsApp%20Image%202026-01-29%20at%2012.48.54%20PM_81867785.avif
16,0.13,36.8,10.1,118.0,3.0,2.0,0.5,0.2426,2.0,110184.0,0.2754,4,0,1,0,1,0,0,0,1,1,1,1,1,0,1,0,0,0,220000.0,https://www.mubawab-media.com/ad/8/231/748F/h/15e7d059-1615-43e3-8383-ce6b6958a2d5_81198302.avif
1,0.332,36.819,10.2358,115.0,3.0,2.0,0.5,0.517,2.0,43985.0,0.3168,4,0,0,0,0,0,0,0,0,0,0,0,0,0,0,0,0,0,309900.0,nan
16,0.32,36.4561,10.7376,60.0,2.0,1.0,0.5,0.4552,2.0,154974.0,0.3396,4,0,0,0,0,1,0,1,0,0,1,1,0,0,0,1,0,0,395000.0,https://www.mubawab-media.com/ad/8/298/796F/h/WhatsApp%20Image%202026-02-06%20at%2012.27.45_81920587.avif
23,0.4,36.8769,10.3247,102.0,1.0,2.0,0.5,0.8015,2.0,2562.03,0.3124,4,0,0,1,1,0,0,1,0,0,0,1,0,0,1,0,0,0,750000.0,https://www.mubawab-media.com/ad/8/301/577F/h/mubaweb_81948690.avif
4,0.2367,36.8,10.1,57.0,3.0,2.0,0.5,0.1501,2.0,110184.0,0.2758,4,0,0,0,1,0,1,0,0,0,0,1,0,0,0,0,0,1,110000.0,https://www.mubawab-media.com/ad/8/215/033F/h/20241231_115701_81016863.avif
3,0.14,36.8,10.1,65.0,1.0,1.0,0.5,0.2793,2.0,110184.0,0.3152,4,0,1,0,0,0,0,1,0,0,0,0,0,0,0,0,0,0,135000.0,https://www.mubawab-media.com/ad/8/301/587F/h/thumb_1276138_property_large_81948599.avif
23,0.4,36.8769,10.3247,280.0,5.0,3.0,0.5,0.8015,2.0,2562.03,0.3214,4,0,0,0,1,0,0,1,1,1,1,1,1,1,1,1,0,0,1100000.0,https://www.mubawab-media.com/ad/8/170/606F/h/thumb_1118603_property_xlarge_80565904.avif
23,0.4,36.8769,10.3247,170.0,4.0,3.0,0.5,0.8015,2.0,2562.03,0.3565,4,0,1,0,1,0,0,1,0,0,0,0,0,0,1,0,0,0,680000.0,https://www.mubawab-media.com/ad/8/275/127F/h/1000212998_81947478.avif
23,0.6867,36.819,10.1658,223.0,4.0,3.0,0.5,0.5524,2.0,2562.03,0.3269,4,0,1,0,1,0,0,1,0,0,0,0,0,0,1,0,0,0,1338000.0,https://www.mubawab-media.com/ad/8/301/416F/h/image_1_81947012.avif
1,0.32,36.8665,10.1647,146.0,3.0,2.0,0.5,0.5305,2.0,43985.0,0.3176,4,0,1,0,1,0,0,1,0,1,0,0,0,0,1,0,0,0,510000.0,https://www.mubawab-media.com/ad/8/270/888F/h/IMG_20251212_142207_1_81618051.avif
23,0.4,36.8769,10.3247,280.0,6.0,4.0,0.5,0.8015,2.0,2562.03,0.3297,4,0,0,0,0,0,0,1,0,1,1,0,0,0,1,1,0,0,1181000.0,https://www.mubawab-media.com/ad/8/104/265F/h/1741177719762_79887585.avif
1,0.3533,36.899,10.2358,104.0,3.0,2.0,0.5,0.4235,2.0,43985.0,0.3164,4,0,1,0,1,0,0,1,0,0,0,0,0,0,1,0,0,0,371000.0,https://www.mubawab-media.com/ad/8/235/268F/h/WhatsApp%20Image%202025-09-12%20%C3%A0%2015.16.31_6e0f447f_81672101.avif
1,0.3533,36.899,10.2358,124.0,3.0,2.0,0.5,0.4235,2.0,43985.0,0.3104,4,0,1,0,1,0,0,1,0,1,0,0,0,0,1,0,0,0,405000.0,https://www.mubawab-media.com/ad/8/249/939F/h/f03aec4d-2fb8-4e9c-8fdc-1ce0fe81f546_81613834.avif
1,0.3533,36.899,10.2358,124.0,3.0,2.0,0.5,0.4235,2.0,43985.0,0.3172,4,0,1,0,1,0,0,1,0,1,0,0,0,0,1,0,0,0,405000.0,https://www.mubawab-media.com/ad/8/269/262F/h/WhatsApp%20Image%202024-11-07%20%C3%A0%2016.33.13_5d23a92c_81601003.avif
1,0.3533,36.899,10.2358,140.0,4.0,3.0,0.5,0.4235,2.0,43985.0,0.3309,4,0,1,0,1,0,0,1,0,0,0,0,0,0,1,1,0,0,590000.0,https://www.mubawab-media.com/ad/8/167/134F/h/WhatsApp%20Image%202025-06-24%20at%2012.02.03%20%2824%29_80531388.avif
23,0.4,36.8769,10.3247,65.0,2.0,1.0,0.5,0.8015,2.0,2562.03,0.3009,4,0,1,0,1,0,0,0,0,0,1,0,0,0,0,0,0,0,160000.0,https://www.mubawab-media.com/ad/8/237/924F/h/WhatsApp%20Image%202025-10-06%20at%2014.41.27%20%284%29_81261097.avif
23,0.4,36.8769,10.3247,129.0,3.0,2.0,0.5,0.8015,2.0,2562.03,0.318,2,0,1,0,0,0,0,1,0,1,0,0,0,0,1,0,0,0,395000.0,https://www.mubawab-media.com/ad/8/301/370F/h/IMG_20260210_145932_81946577.avif
23,0.4,36.8769,10.3247,50.0,2.0,1.0,0.5,0.8015,2.0,2562.03,0.3168,4,0,1,0,1,0,0,1,0,0,0,0,0,0,1,0,0,0,228000.0,https://www.mubawab-media.com/ad/8/265/670F/h/WhatsApp%20Image%202025-12-03%20at%2014.22.12_81559626.avif
1,0.3533,36.899,10.2358,58.0,2.0,1.0,0.5,0.4235,2.0,43985.0,0.3275,4,0,1,0,0,0,0,1,1,1,1,1,1,0,1,0,0,0,252000.0,https://www.mubawab-media.com/ad/8/276/039F/h/2%20Facade%20C01_81671990.avif
23,0.4,36.8769,10.3247,350.0,5.0,4.0,0.5,0.8015,2.0,2562.03,0.336,4,0,1,0,1,0,0,1,1,0,1,1,1,1,1,0,0,0,1600000.0,https://www.mubawab-media.com/ad/8/232/597F/h/thumb_1182319_property_xlarge_81207248.avif
23,0.32,36.844,10.192,590.0,4.0,3.0,0.5,0.3403,2.0,43985.0,0.273,4,0,0,0,1,0,0,1,0,1,1,1,1,1,0,1,0,0,1450000.0,https://www.mubawab-media.com/ad/8/288/606F/h/WhatsApp%20Image%202026-01-16%20at%2015.47.32%20%281%29_81807605.avif
23,0.4,36.8769,10.3247,129.0,4.0,3.0,0.5,0.8015,2.0,2562.03,0.3305,4,0,0,0,0,0,0,1,1,1,1,1,0,1,0,0,0,0,395000.0,https://www.mubawab-media.com/ad/8/173/488F/h/thumb_1121075_property_xlarge_80596373.avif
23,0.3067,36.8,10.1,67.0,2.0,1.0,0.5,0.3453,2.0,110184.0,0.3297,4,0,1,0,0,0,0,0,0,0,1,0,0,0,1,0,0,0,267000.0,https://www.mubawab-media.com/ad/8/243/414F/h/6df45a78-4af2-4e2c-b940-c363c161696c_81316530.avif
23,0.6867,36.819,10.1658,136.0,4.0,3.0,0.5,0.5524,2.0,2562.03,0.3308,4,0,1,0,1,0,0,1,0,1,1,0,0,0,0,0,0,0,622000.0,https://www.mubawab-media.com/ad/7/928/566F/h/WhatsApp%20Image%202024-05-30%20at%2016.25.53_76293330_76293525.avif
23,0.6867,36.819,10.1658,240.0,6.0,4.0,0.5,0.5524,2.0,2562.03,0.3559,4,0,1,0,1,0,0,1,0,0,0,0,0,0,1,0,0,0,1500000.0,https://www.mubawab-media.com/ad/8/058/701F/h/VA5710_10_original_81888834.avif
16,0.32,36.4561,10.7376,100.0,3.0,2.0,0.5,0.4552,2.0,154974.0,0.2746,4,0,0,0,1,0,1,0,0,1,1,0,0,0,0,0,0,0,395000.0,https://www.mubawab-media.com/ad/8/287/150F/h/IMG_20260112_170654_81792244.avif
16,0.32,36.4561,10.7376,63.0,2.0,1.0,0.5,0.4552,2.0,154974.0,0.3214,4,0,0,1,1,1,0,1,0,1,0,0,0,0,0,0,0,0,275000.0,https://www.mubawab-media.com/ad/8/274/099F/h/14112011101337_950_1_81660953.avif
23,0.4,36.8769,10.3247,185.0,5.0,4.0,0.5,0.8015,2.0,2562.03,0.2734,4,0,1,0,0,0,0,1,0,1,1,1,1,1,1,1,0,0,1100000.0,https://www.mubawab-media.com/ad/8/232/125F/h/appartement-duplex-triplex-5-pieces-tunis-1760021098-LA5983_16_original_81202273.avif
1,0.332,36.819,10.2358,115.0,3.0,2.0,0.5,0.517,2.0,43985.0,0.3168,4,0,0,0,0,0,0,0,0,0,0,0,0,0,0,0,0,0,369000.0,nan
20,0.26,35.8245,10.6346,82.0,2.0,1.0,0.5,0.517,2.0,150620.48,0.3152,4,0,1,0,1,0,1,0,1,1,1,0,1,1,1,0,0,0,310000.0,https://www.mubawab-media.com/ad/8/246/945F/h/5_81355068.avif
20,0.3067,35.8604,10.5953,296.0,4.0,3.0,0.5,0.3642,2.0,150620.48,0.3184,4,0,1,0,1,0,1,1,0,1,1,0,0,0,0,0,0,0,1100000.0,https://www.mubawab-media.com/ad/8/292/464F/h/WhatsApp%20Image%202026-01-26%20at%2010.29.57%20%284%29_81847994.avif
8,0.1422,35.6781,10.0963,88.0,3.0,2.0,0.5,0.2424,2.0,178346.92,0.271,4,0,0,0,0,0,0,0,0,0,0,0,0,0,0,0,0,0,207928.0,https://www.mubawab-media.com/ad/8/255/549F/h/WhatsApp%20Image%202025-11-22%20%C3%A0%2013.42.29_81a4a372_81461049.avif
8,0.1422,35.6781,10.0963,106.0,3.0,2.0,0.5,0.2424,2.0,178346.92,0.2875,4,0,0,0,1,0,0,1,0,0,0,0,0,0,0,1,0,0,326786.0,https://www.mubawab-media.com/ad/8/255/182F/h/WhatsApp%20Image%202025-11-22%20%C3%A0%2013.42.29_81a4a372_81460895.avif
23,0.4,36.8769,10.3247,70.0,1.0,1.0,0.5,0.8015,2.0,2562.03,0.286,2,0,1,0,0,0,0,1,1,1,1,1,1,1,1,1,0,0,360000.0,https://www.mubawab-media.com/ad/8/082/155F/h/1000124305_81945103.avif
23,0.0867,36.8,10.1,70.0,6.0,3.0,0.5,0.2194,2.0,110184.0,0.314,4,0,0,0,1,0,0,0,0,0,0,0,0,0,0,0,0,1,135000.0,https://www.mubawab-media.com/ad/8/301/203F/h/8fa04dff-0463-40a0-ac1e-bba535bc37b0_81945068.avif
16,0.2833,36.4561,10.7376,141.0,4.0,3.0,0.5,0.4454,2.0,154974.0,0.3244,4,0,1,1,1,0,0,1,0,0,0,0,0,0,1,0,0,0,435000.0,https://www.mubawab-media.com/ad/7/762/635F/h/IMG_20180624_123016_54280666.avif
16,0.32,36.4561,10.7376,75.0,1.0,1.0,0.5,0.4552,2.0,154974.0,0.2908,4,0,0,0,1,1,0,1,0,0,0,1,0,0,0,1,0,0,335000.0,https://www.mubawab-media.com/ad/8/184/931F/h/IMG_0881_80711693.avif
23,0.4,36.8769,10.3247,54.0,2.0,1.0,0.5,0.8015,2.0,2562.03,0.316,4,0,1,1,1,0,0,1,0,0,0,0,0,0,1,0,0,0,220000.0,https://www.mubawab-media.com/ad/8/301/101F/h/NFBFVFHQCE1eytvu-thumb_81943847.avif
23,0.6867,36.819,10.1658,115.0,4.0,3.0,0.5,0.5524,2.0,2562.03,0.3261,4,0,0,0,1,1,0,1,0,0,0,0,0,0,0,1,0,0,1540000.0,https://www.mubawab-media.com/ad/8/301/068F/h/image_1_81943721.avif
1,0.3533,36.899,10.2358,127.0,3.0,2.0,0.5,0.4235,2.0,43985.0,0.2778,4,0,1,0,1,0,0,1,0,1,0,0,0,0,1,0,0,0,330000.0,https://www.mubawab-media.com/ad/8/301/090F/h/4qJtlp3EK8ayM2Bu-thumb_81943694.avif
20,0.1333,36.8,10.1,76.0,2.0,1.0,0.5,0.2413,2.0,110184.0,0.2742,4,0,1,0,1,0,1,1,0,0,0,0,0,0,1,0,0,0,310000.0,https://www.mubawab-media.com/ad/8/228/194F/h/WhatsApp%20Image%202025-07-24%20at%2013.51.51%20%281%29_81157835.avif
20,0.1333,36.8,10.1,62.0,2.0,1.0,0.5,0.2413,2.0,110184.0,0.2742,3,0,1,0,1,0,1,0,0,1,0,0,0,0,1,0,0,0,190696.0,https://www.mubawab-media.com/ad/8/078/453F/h/Capture%20d%E2%80%99%C3%A9cran%202025-01-21%20181800_79638515.avif
20,0.1333,36.8,10.1,80.0,3.0,2.0,0.5,0.2413,2.0,110184.0,0.2742,4,0,0,0,1,0,1,0,0,0,0,1,0,0,0,0,0,0,155000.0,https://www.mubawab-media.com/ad/8/183/364F/h/WhatsApp%20Image%202025-07-09%20at%2010.57.03_80696644.avif
20,0.1333,36.8,10.1,120.0,4.0,3.0,0.5,0.2413,2.0,110184.0,0.3156,4,0,0,0,1,0,1,1,0,0,0,0,0,0,1,0,0,0,250000.0,https://www.mubawab-media.com/ad/8/147/442F/h/salon%202_81481048.avif
23,0.4,36.8769,10.3247,230.0,4.0,3.0,0.5,0.8015,2.0,2562.03,0.327,4,0,1,0,1,0,0,1,0,0,0,0,0,0,1,1,0,0,1050000.0,https://www.mubawab-media.com/ad/8/300/984F/h/0d1c97e1-b300-44a2-9bde-19d90536e5ff_WhatsApp%20Image%202026-02-07%20at%201.01.21%20PM_81942692.avif
23,0.6867,36.819,10.1658,65.0,2.0,1.0,0.5,0.5524,2.0,2562.03,0.3261,4,0,1,0,1,1,0,1,0,0,0,0,0,0,1,0,0,0,340000.0,https://www.mubawab-media.com/ad/8/235/587F/h/731d5e26-baf1-4022-9e82-ec32e7b61191_81647253.avif
12,0.22,35.5047,11.0622,87.0,3.0,2.0,0.5,0.4425,2.0,1278.45,0.2694,4,0,0,0,1,0,0,0,1,0,0,0,0,0,0,0,0,0,340000.0,https://www.mubawab-media.com/ad/8/214/178F/h/gallery_81007499.avif
16,0.32,36.4561,10.7376,90.0,3.0,2.0,0.5,0.4552,2.0,154974.0,0.3273,4,0,0,0,1,0,0,0,0,1,1,1,1,0,0,0,0,0,355000.0,https://www.mubawab-media.com/ad/8/285/078F/h/IMG_20260207_154315_81942520.avif
1,0.3533,36.899,10.2358,140.0,4.0,3.0,0.5,0.4235,2.0,43985.0,0.3132,1,0,1,0,1,0,0,0,1,1,1,1,1,1,1,0,0,0,500000.0,https://www.mubawab-media.com/ad/8/278/369F/h/WhatsApp%20Image%202025-12-25%20at%2009.20.03%20%288%29_81698799.avif
1,0.3533,36.899,10.2358,101.0,3.0,2.0,0.5,0.4235,2.0,43985.0,0.312,4,0,1,0,0,0,0,1,1,1,1,1,1,1,1,0,0,0,376000.0,https://www.mubawab-media.com/ad/8/269/466F/h/95e2d433-f4c1-48be-97cd-601b2a7571b5_ec027c27-89eb-4614-8616-834df5d19d8a_81603204.avif
1,0.3533,36.899,10.2358,127.0,3.0,2.0,0.5,0.4235,2.0,43985.0,0.3132,4,0,1,0,1,0,0,1,1,1,1,1,1,1,1,0,0,0,425000.0,https://www.mubawab-media.com/ad/8/182/004F/h/WhatsApp%20Image%202025-07-15%20at%2011.43.47%20%282%29_80682664.avif
23,0.4,36.8769,10.3247,121.0,3.0,2.0,0.5,0.8015,2.0,2562.03,0.3021,4,0,1,0,1,0,0,1,1,1,1,1,1,1,1,0,0,0,390000.0,https://www.mubawab-media.com/ad/8/226/556F/h/WhatsApp%20Image%202025-11-14%20at%2011.53.33_81411881.avif
23,0.6867,36.819,10.1658,136.0,4.0,3.0,0.5,0.5524,2.0,2562.03,0.3321,4,0,1,0,1,0,0,1,0,1,0,0,0,0,0,0,0,0,622000.0,https://www.mubawab-media.com/ad/7/928/567F/h/lac-immo-de-l-avenue_76293316_76293533.avif
16,0.13,36.8,10.1,80.0,3.0,2.0,0.5,0.2426,2.0,110184.0,0.3374,4,0,0,1,1,0,1,0,0,0,0,0,0,0,0,0,0,0,270000.0,https://www.mubawab-media.com/ad/8/285/432F/h/WhatsApp%20Image%202026-01-06%20at%2018.00.02_81774688.avif
23,0.6867,36.819,10.1658,128.0,4.0,3.0,0.5,0.5524,2.0,2562.03,0.2746,4,0,1,0,1,0,0,1,0,1,0,0,0,0,1,0,0,0,550000.0,https://www.mubawab-media.com/ad/8/287/706F/h/WhatsApp%20Image%202026-01-14%20at%2012.49.24%20PM_81798126.avif
20,0.26,35.8245,10.6346,135.0,4.0,3.0,0.5,0.517,2.0,150620.48,0.3108,4,0,1,0,1,0,0,1,0,1,0,0,0,0,1,0,0,0,185000.0,https://www.mubawab-media.com/ad/8/302/418F/h/2f3ffdad-82b0-4f4d-82f5-88acd1fd75b2_81957389.avif
23,0.5067,36.8528,10.3247,200.0,4.0,3.0,0.5,0.5388,2.0,2562.03,0.3005,4,0,0,0,0,0,0,1,0,1,1,0,0,0,0,0,0,0,500000.0,https://www.mubawab-media.com/ad/8/275/209F/h/11_81663204.avif
23,0.4,36.819,10.2358,115.0,3.0,2.0,0.5,0.517,2.0,43985.0,0.3168,4,0,0,0,0,0,0,0,0,0,0,0,0,0,0,0,0,0,890000.0,nan
20,0.3067,36.8,10.1,139.0,4.0,3.0,0.5,0.3807,2.0,110184.0,0.2774,4,0,1,0,1,0,0,1,1,1,1,1,0,0,1,0,0,0,397400.0,https://www.mubawab-media.com/ad/8/293/793F/h/50%20232%20727%20%281%29_81954461.avif
15,0.2633,35.7643,10.8113,70.0,3.0,2.0,0.5,0.3655,2.0,134734.0,0.271,1,0,0,0,0,0,0,0,0,0,0,0,0,0,0,0,0,0,130000.0,https://www.mubawab-media.com/ad/8/286/960F/h/gallery_81790337.avif
15,0.2633,35.7643,10.8113,130.0,3.0,2.0,0.5,0.3655,2.0,134734.0,0.2694,4,0,1,0,1,0,0,1,0,0,0,0,0,0,0,0,0,0,435000.0,https://www.mubawab-media.com/ad/8/265/006F/h/gallery_81552548.avif
1,0.3533,36.899,10.2358,95.0,3.0,2.0,0.5,0.4235,2.0,43985.0,0.3179,4,0,0,0,1,0,0,1,1,1,1,1,1,1,1,0,0,1,240000.0,https://www.mubawab-media.com/ad/8/300/886F/h/626276185_2049776328900717_1740134752963960373_n_81941537.avif
23,0.4,36.8769,10.3247,130.0,3.0,2.0,0.5,0.8015,2.0,2562.03,0.273,4,0,0,0,1,0,0,0,1,1,1,1,1,1,0,0,0,0,360000.0,https://www.mubawab-media.com/ad/8/300/874F/h/WhatsApp%20Image%202026-02-08%20at%202.57.33%20PM_81941399.avif
23,0.4,36.8769,10.3247,75.0,2.0,2.0,0.5,0.8015,2.0,2562.03,0.3269,4,0,0,0,0,0,0,1,1,0,0,0,0,0,0,0,0,0,290000.0,https://www.mubawab-media.com/ad/8/214/458F/h/thumb_1160515_property_large_81010391.avif
16,0.2833,36.4561,10.7376,89.0,1.0,1.0,0.5,0.4454,2.0,154974.0,0.2742,4,0,1,0,1,0,0,0,0,0,0,0,0,0,1,0,0,0,235000.0,https://www.mubawab-media.com/ad/8/300/828F/h/s1%20afh_81940983.avif
23,0.4,36.8769,10.3247,197.0,5.0,4.0,0.5,0.8015,2.0,2562.03,0.3404,4,0,1,0,1,0,1,1,0,0,0,0,0,0,0,1,0,0,1180000.0,https://www.mubawab-media.com/ad/8/291/184F/h/2_81834929.avif
3,0.04,36.7293,10.3349,60.0,3.0,2.0,0.5,0.2303,2.0,114262.5,0.3029,4,0,1,0,0,0,0,0,0,0,0,0,0,0,0,0,0,0,130000.0,https://www.mubawab-media.com/ad/8/300/776F/h/WhatsApp%20Image%202026-02-04%20at%2015.36.44%20%283%29_81940389.avif
1,0.32,36.8665,10.1647,128.0,3.0,2.0,0.5,0.5305,2.0,43985.0,0.2694,4,0,0,0,1,0,0,0,0,0,1,0,0,0,0,0,0,0,230000.0,https://www.mubawab-media.com/ad/8/277/337F/h/gallery_81687400.avif
16,0.2833,36.4561,10.7376,116.0,2.0,2.0,0.5,0.4454,2.0,154974.0,0.3116,4,0,0,0,0,0,0,1,0,1,1,0,0,0,0,0,0,0,340000.0,https://www.mubawab-media.com/ad/8/242/969F/h/thumb_1194543_property_large_81311689.avif
16,0.2833,36.4561,10.7376,63.0,1.0,1.0,0.5,0.4454,2.0,154974.0,0.3184,4,0,0,0,1,0,0,0,1,0,0,0,0,0,0,0,0,0,260000.0,https://www.mubawab-media.com/ad/8/259/812F/h/thumb_1216822_property_large_81485666.avif
1,0.3533,36.899,10.2358,189.0,5.0,4.0,0.5,0.4235,2.0,43985.0,0.2718,4,0,0,0,1,0,0,1,0,0,0,0,0,0,1,0,0,0,680000.0,https://www.mubawab-media.com/ad/8/300/740F/h/WhatsApp%20Image%202026-02-10%20at%2011.53.33%20AM_81940179.avif
1,0.3533,36.899,10.2358,63.0,2.0,1.0,0.5,0.4235,2.0,43985.0,0.3148,4,0,1,0,1,0,0,0,0,1,0,0,0,0,0,0,0,0,220000.0,https://www.mubawab-media.com/ad/8/293/977F/h/WhatsApp%20Image%202026-01-28%20at%2017.48.58%20%283%29_81863570.avif
16,0.2833,36.4561,10.7376,70.0,2.0,1.0,0.5,0.4454,2.0,154974.0,0.3265,4,0,0,1,1,0,0,1,0,1,1,0,0,0,0,0,0,0,240000.0,https://www.mubawab-media.com/ad/8/269/195F/h/terrasse_81600476.avif
16,0.32,36.4561,10.7376,130.0,3.0,2.0,0.5,0.4552,2.0,154974.0,0.2742,4,0,1,0,1,1,0,1,0,0,0,0,0,0,1,0,0,0,465000.0,https://www.mubawab-media.com/ad/7/785/172F/h/WhatsApp%20Image%202023-09-23%20at%2016.08.29_57100486.avif
16,0.2833,36.4561,10.7376,70.0,2.0,1.0,0.5,0.4454,2.0,154974.0,0.3225,4,0,0,1,1,1,0,1,1,1,1,1,1,0,0,1,0,0,313250.0,https://www.mubawab-media.com/ad/8/104/090F/h/palace-2-03-1024x684_79885875.avif
16,0.32,36.4561,10.7376,160.0,4.0,3.0,0.5,0.4552,2.0,154974.0,0.3412,4,0,0,0,0,1,0,0,1,0,0,1,0,0,0,0,0,0,690000.0,https://www.mubawab-media.com/ad/8/291/918F/h/1769424638sanstitre1plandetravail1_81842373.avif
4,0.24,37.2744,9.8739,135.0,3.0,3.0,0.5,0.4278,2.0,61540.22,0.3353,2,0,0,0,0,0,1,0,0,0,0,0,0,0,0,0,0,0,650000.0,https://www.mubawab-media.com/ad/8/288/885F/h/615919408_1455844709884534_6809590175286006875_n_81810630.avif
16,0.2833,36.4561,10.7376,107.0,3.0,2.0,0.5,0.4454,2.0,154974.0,0.3379,4,0,1,0,1,0,1,1,0,1,1,1,0,0,0,1,0,0,350000.0,https://www.mubawab-media.com/ad/8/158/257F/h/WhatsApp%20Image%202025-11-07%20at%2010.52.38_81369259.avif
1,0.3533,36.899,10.2358,130.0,3.0,2.0,0.5,0.4235,2.0,43985.0,0.2734,4,0,1,1,1,0,0,1,1,1,1,1,1,1,1,0,0,0,380000.0,https://www.mubawab-media.com/ad/8/258/888F/h/IMG-20251126-WA0146_81476405.avif
1,0.32,36.8665,10.1647,135.0,4.0,3.0,0.5,0.5305,2.0,43985.0,0.3136,4,0,1,0,1,0,0,0,0,1,1,0,0,0,0,0,0,0,350000.0,https://www.mubawab-media.com/ad/8/297/921F/h/ChatGPT%20Image%205%20f%C3%A9vr.%202026%2C%2009_14_19_81909161.avif
23,0.6867,36.819,10.1658,172.0,5.0,4.0,0.5,0.5524,2.0,2562.03,0.3404,4,0,1,0,1,0,0,1,0,1,1,0,0,0,0,0,0,0,822000.0,https://www.mubawab-media.com/ad/7/928/568F/h/dde1d54f-4671-442a-924b-a8cd945e9075_76293314_76293554.avif
20,0.1333,36.8,10.1,87.0,2.0,1.0,0.5,0.2413,2.0,110184.0,0.3156,4,0,0,0,1,1,1,0,0,1,0,0,0,0,1,0,0,0,420000.0,https://www.mubawab-media.com/ad/8/245/011F/h/WhatsApp%20Image%202025-10-31%20at%2012.56.54%20%281%29_81334903.avif
20,0.1333,36.8,10.1,30.0,1.0,1.0,0.5,0.2413,2.0,110184.0,0.2738,4,0,1,0,1,0,0,0,0,1,0,0,0,0,1,0,0,0,126000.0,https://www.mubawab-media.com/ad/8/200/382F/h/WhatsApp%20Image%202025-08-16%20at%2016.23.48%20%283%29_80865153.avif
20,0.1333,36.8,10.1,117.0,2.0,2.0,0.5,0.2413,2.0,110184.0,0.2706,4,0,0,1,1,0,0,1,1,1,0,0,0,0,0,0,0,0,290000.0,https://www.mubawab-media.com/ad/8/285/418F/h/ef770d6c-6c77-48f7-93a8-281904042c91_81774412.avif
23,0.4,36.819,10.2358,115.0,3.0,2.0,0.5,0.517,2.0,43985.0,0.3168,4,0,0,0,0,0,0,0,0,0,0,0,0,0,0,0,0,0,240000.0,nan
20,0.1333,36.8,10.1,41.0,1.0,1.0,0.5,0.2413,2.0,110184.0,0.2738,4,0,1,0,1,0,0,1,1,1,1,1,1,1,1,0,0,0,154000.0,https://www.mubawab-media.com/ad/7/955/541F/h/WhatsApp%20Image%202024-07-019_78420962.avif
23,0.4,36.8769,10.3247,123.0,3.0,2.0,0.5,0.8015,2.0,2562.03,0.284,4,0,1,0,1,0,0,1,1,1,1,1,1,1,1,0,0,0,425000.0,https://www.mubawab-media.com/ad/8/054/347F/h/20241211_161657_79405306.avif
23,0.4,36.8769,10.3247,130.0,4.0,3.0,0.5,0.8015,2.0,2562.03,0.2754,4,0,1,0,0,0,0,1,1,1,1,1,1,1,1,1,0,0,950000.0,https://www.mubawab-media.com/ad/8/300/666F/h/f38c9977-826a-45ea-8d62-52dcd4307c3f_WhatsApp%20Image%202026-02-07%20at%2012.58.34%20PM%20%281%29%20%281%29_81939266.avif
13,0.2367,36.8,10.1,83.0,4.0,2.0,0.5,0.2649,2.0,110184.0,0.273,4,0,0,0,1,0,0,0,0,0,0,0,0,0,0,0,0,0,85000.0,https://www.mubawab-media.com/ad/8/299/303F/h/received_540892991448177_81925937.avif
23,0.32,36.844,10.192,117.0,3.0,2.0,0.5,0.3403,2.0,43985.0,0.3144,3,0,1,0,0,0,0,0,1,1,1,1,1,1,1,0,0,0,475000.0,https://www.mubawab-media.com/ad/8/267/318F/h/3_81816506.avif
20,0.26,35.8245,10.6346,90.0,1.0,2.0,0.5,0.517,2.0,150620.48,0.2802,4,0,0,0,0,0,0,0,0,0,0,0,0,0,0,0,0,0,74000.0,https://www.mubawab-media.com/ad/8/300/607F/h/Brown%20Monochrome%20Simple%20Elegant%20Interior%20Design%20Promotion%20Instagram%20Post%20%282%29_81938726.avif
23,0.4,36.8769,10.3247,123.0,3.0,2.0,0.5,0.8015,2.0,2562.03,0.3234,4,0,0,0,1,0,0,1,0,1,1,1,0,0,0,0,0,0,425000.0,https://www.mubawab-media.com/ad/8/300/609F/h/thumb_1275538_property_large_81938718.avif
23,0.1733,36.819,10.1658,40.0,2.0,1.0,0.5,0.6863,2.0,2562.03,0.2786,3,0,0,0,1,0,0,0,1,0,1,0,0,0,1,0,0,0,110000.0,https://www.mubawab-media.com/ad/8/128/578F/h/b5e87968-9717-46d2-b465-a9ff7a001b7e_3663939vs4%20%281%29_80132912.avif
23,0.1733,36.819,10.1658,80.0,3.0,3.0,0.5,0.6863,2.0,2562.03,0.3168,4,0,0,0,0,0,0,0,0,0,0,0,0,0,0,0,0,0,200000.0,https://www.mubawab-media.com/ad/8/294/377F/h/dd2ba332-52e6-4eaf-a5bf-bfb5a4ef8ff8_e4c116ad-a4c9-4025-b49f-3bce663fb99d_81868170.avif
23,0.1733,36.819,10.1658,75.0,3.0,3.0,0.5,0.6863,2.0,2562.03,0.3148,4,0,0,0,0,0,0,0,0,0,0,1,0,0,0,0,0,0,145000.0,https://www.mubawab-media.com/ad/8/292/159F/h/5ec7118e-496f-4968-864c-53bc33d6afbe_fe19f5f6-738f-46f0-99ad-0cadcd1340b6_81844809.avif
23,0.6867,36.819,10.1658,190.0,3.0,3.0,0.5,0.5524,2.0,2562.03,0.3411,4,0,0,0,1,0,0,0,1,0,0,1,0,0,0,0,0,0,685000.0,https://www.mubawab-media.com/ad/8/259/325F/h/thumb_1176724_property_xlarge_81480756.avif
16,0.32,36.4561,10.7376,120.0,1.0,2.0,0.5,0.4552,2.0,154974.0,0.3152,4,0,0,0,1,0,0,0,0,1,1,0,0,0,0,1,0,0,550000.0,https://www.mubawab-media.com/ad/8/258/227F/h/10_81469311.avif
23,0.4,36.8769,10.3247,398.0,4.0,3.0,0.5,0.8015,2.0,2562.03,0.316,4,0,0,0,1,0,0,0,0,0,0,0,0,0,0,1,0,0,780000.0,https://www.mubawab-media.com/ad/8/170/607F/h/IMG-20250630-WA0011_80565899.avif
1,0.32,36.8665,10.1647,150.0,4.0,3.0,0.5,0.5305,2.0,43985.0,0.3184,4,0,1,0,1,0,0,0,0,0,1,1,0,0,1,0,0,0,365000.0,https://www.mubawab-media.com/ad/7/606/364F/h/1671524424753_38013638.avif
1,0.3533,36.899,10.2358,99.0,4.0,3.0,0.5,0.4235,2.0,43985.0,0.3569,4,0,0,0,1,0,0,0,1,1,1,0,0,0,1,0,0,0,189000.0,https://www.mubawab-media.com/ad/8/258/329F/h/kar06_81607296.avif
23,0.6867,36.819,10.1658,117.0,3.0,2.0,0.5,0.5524,2.0,2562.03,0.3269,4,0,1,0,1,0,0,1,0,0,0,0,0,0,1,0,0,0,736000.0,https://www.mubawab-media.com/ad/8/300/501F/h/image_1_81937529.avif
23,0.6867,36.819,10.1658,129.0,3.0,2.0,0.5,0.5524,2.0,2562.03,0.3309,4,0,1,0,1,0,0,1,0,0,0,0,0,0,1,0,0,0,733000.0,https://www.mubawab-media.com/ad/8/300/479F/h/image_1_81937247.avif
1,0.3533,36.899,10.2358,71.0,2.0,1.0,0.5,0.4235,2.0,43985.0,0.3573,4,0,0,0,1,0,0,1,0,1,1,1,0,0,0,0,0,0,330000.0,https://www.mubawab-media.com/ad/8/300/425F/h/1_81936733.avif
8,0.1422,35.6781,10.0963,106.0,3.0,2.0,0.5,0.2424,2.0,178346.92,0.2802,4,0,0,0,0,0,0,0,0,0,0,0,0,0,0,0,0,0,250580.0,https://www.mubawab-media.com/ad/8/255/550F/h/WhatsApp%20Image%202025-11-22%20%C3%A0%2013.42.29_9d2597ab_81461052.avif
16,0.32,36.4561,10.7376,175.0,6.0,4.0,0.5,0.4552,2.0,154974.0,0.3152,1,0,0,0,1,0,1,0,0,0,0,0,0,0,0,0,0,0,450000.0,https://www.mubawab-media.com/ad/8/300/327F/h/Post%20Instagram%20Annonce%20Nouveau%20Bien%20en%20Vente%20Immobilier%20Moderne%20Marron_81935706.avif
23,0.4,36.8769,10.3247,137.0,3.0,2.0,0.5,0.8015,2.0,2562.03,0.3404,4,0,0,0,1,1,0,1,0,1,1,1,0,0,1,1,0,0,730000.0,https://www.mubawab-media.com/ad/8/290/346F/h/thumb_1263950_property_xlarge_81825954.avif
16,0.32,36.4561,10.7376,195.0,5.0,4.0,0.5,0.4552,2.0,154974.0,0.3263,4,0,1,0,1,0,0,1,1,0,1,1,0,0,1,1,0,0,630000.0,https://www.mubawab-media.com/ad/7/942/761F/h/IMG_20250922_145342_81108150.avif
23,0.6867,36.819,10.1658,99.0,3.0,2.0,0.5,0.5524,2.0,2562.03,0.3391,4,0,1,0,1,0,0,1,0,1,1,0,0,0,0,0,0,0,419000.0,https://www.mubawab-media.com/ad/7/928/572F/h/lac-immo-de-l-avenue_76293316_76293666.avif
20,0.1333,36.8,10.1,93.0,3.0,2.0,0.5,0.2413,2.0,110184.0,0.2742,4,0,0,0,1,0,1,0,1,0,0,1,0,0,1,0,0,0,186000.0,https://www.mubawab-media.com/ad/8/254/026F/h/WhatsApp%20Image%202025-11-17%20at%2012.58.00%20PM%20%282%29_81426662.avif
20,0.1333,36.8,10.1,85.0,3.0,2.0,0.5,0.2413,2.0,110184.0,0.2742,4,0,0,0,1,0,1,1,1,1,0,1,0,0,0,0,0,0,200000.0,https://www.mubawab-media.com/ad/8/241/054F/h/075b2e35-b096-4bb9-9c6d-5cdc24db9770_81293175.avif
20,0.1333,36.8,10.1,109.0,3.0,2.0,0.5,0.2413,2.0,110184.0,0.2742,4,0,1,1,1,0,1,0,0,0,0,0,0,0,1,0,0,0,391000.0,https://www.mubawab-media.com/ad/7/944/521F/h/WhatsApp%20Image%202025-09-25%20%C3%A0%2019.08.53_6aaf3340_81112571.avif
20,0.1333,36.8,10.1,70.0,3.0,2.0,0.5,0.2413,2.0,110184.0,0.3164,4,0,0,0,1,0,0,1,1,1,1,1,0,0,1,0,0,0,187000.0,https://www.mubawab-media.com/ad/8/258/746F/h/salon%204_81921902.avif
1,0.332,36.819,10.2358,115.0,3.0,2.0,0.5,0.517,2.0,43985.0,0.3168,4,0,0,0,0,0,0,0,0,0,0,0,0,0,0,0,0,0,369000.0,nan
20,0.1333,36.8,10.1,70.0,1.0,1.0,0.5,0.2413,2.0,110184.0,0.2742,4,0,1,0,1,0,0,0,1,1,1,1,0,0,1,0,0,0,145000.0,https://www.mubawab-media.com/ad/8/285/403F/h/Salon%202_81920446.avif
16,0.32,36.4561,10.7376,195.0,5.0,4.0,0.5,0.4552,2.0,154974.0,0.3263,4,0,1,0,1,0,0,1,1,0,1,1,0,0,1,1,0,0,630000.0,https://www.mubawab-media.com/ad/7/942/761F/h/IMG_20250922_145342_81108150.avif
23,0.5067,36.8528,10.3247,120.0,4.0,3.0,0.5,0.5388,2.0,2562.03,0.3108,4,0,0,0,0,0,0,0,0,1,1,0,0,0,1,0,0,0,500000.0,https://www.mubawab-media.com/ad/8/106/433F/h/WhatsApp%20Image%202025-03-06%20at%2010.10.48%20%281%29_79909010.avif
23,0.4,36.8769,10.3247,120.0,4.0,3.0,0.5,0.8015,2.0,2562.03,0.3286,4,0,0,0,1,0,0,1,0,1,1,1,0,1,0,0,0,0,520000.0,https://www.mubawab-media.com/ad/8/236/195F/h/thumb_1186005_property_large_81243522.avif
20,0.3067,35.8604,10.5953,66.0,2.0,2.0,0.5,0.3642,2.0,150620.48,0.279,4,0,0,0,1,0,0,0,1,1,1,1,0,0,1,0,0,0,250000.0,https://www.mubawab-media.com/ad/8/300/025F/h/IMG-20260207-WA0104_81933169.avif
23,0.6867,36.819,10.1658,170.0,4.0,3.0,0.5,0.5524,2.0,2562.03,0.3431,4,0,1,0,1,0,0,1,0,1,1,1,0,0,0,0,0,0,650000.0,https://www.mubawab-media.com/ad/8/131/186F/h/25797bca-8d19-4024-bfc0-6da10560ca41_80159290.avif
23,0.4,36.8769,10.3247,118.0,3.0,3.0,0.5,0.8015,2.0,2562.03,0.3069,4,0,1,0,1,0,0,1,1,1,1,1,0,0,1,0,0,0,330000.0,https://www.mubawab-media.com/ad/8/237/289F/h/photo_00_81254783.avif
1,0.32,36.8665,10.1647,64.0,3.0,1.0,0.5,0.5305,2.0,43985.0,0.3045,3,0,1,0,0,0,0,0,0,1,0,0,0,0,0,0,0,0,230000.0,https://www.mubawab-media.com/ad/8/285/295F/h/photo_00_81773097.avif
23,0.4,36.8769,10.3247,109.0,3.0,1.0,0.5,0.8015,2.0,2562.03,0.3139,4,0,0,0,0,0,0,0,0,0,0,0,0,0,1,1,0,0,550000.0,https://www.mubawab-media.com/ad/8/285/289F/h/photo_00_81773039.avif
23,0.32,36.844,10.192,168.0,3.0,3.0,0.5,0.3403,2.0,43985.0,0.3046,4,0,1,0,1,0,0,1,0,0,0,0,0,0,1,0,0,0,490000.0,https://www.mubawab-media.com/ad/8/285/274F/h/photo_00_81772929.avif
1,0.32,36.8665,10.1647,125.0,3.0,3.0,0.5,0.5305,2.0,43985.0,0.3168,4,0,0,0,0,0,0,1,0,0,0,0,0,0,1,1,0,0,340000.0,https://www.mubawab-media.com/ad/8/290/886F/h/photo_00_81831598.avif
23,0.32,36.844,10.192,120.0,3.0,3.0,0.5,0.3403,2.0,43985.0,0.3011,4,0,0,0,1,0,0,0,0,0,1,0,0,0,1,0,0,0,330000.0,https://www.mubawab-media.com/ad/8/150/881F/h/photo_00_81767371.avif
23,0.32,36.844,10.192,264.0,3.0,5.0,0.5,0.3403,2.0,43985.0,0.2995,4,0,0,0,1,0,0,1,0,0,0,0,0,0,1,1,0,0,800000.0,https://www.mubawab-media.com/ad/8/150/373F/h/photo_0_81751441.avif
23,0.4,36.8769,10.3247,101.0,3.0,2.0,0.5,0.8015,2.0,2562.03,0.3435,1,0,1,0,0,0,0,1,0,0,0,0,0,0,1,0,0,0,650000.0,https://www.mubawab-media.com/ad/7/887/984F/h/7_81416470.avif
23,0.4,36.8769,10.3247,235.0,4.0,3.0,0.5,0.8015,2.0,2562.03,0.3191,4,0,0,0,0,0,0,1,0,0,0,0,0,0,1,0,0,0,1250000.0,https://www.mubawab-media.com/ad/8/295/314F/h/79908bc2-f15d-4bb5-8740-2be12ce627f0_81881065.avif
1,0.3533,36.899,10.2358,143.0,4.0,3.0,0.5,0.4235,2.0,43985.0,0.3191,3,0,1,0,1,0,0,1,0,0,0,0,0,0,1,0,0,0,465000.0,https://www.mubawab-media.com/ad/8/213/781F/h/%28Upload-from-mobile-1757515639%291000014999_81003003.avif
20,0.3067,36.8,10.1,149.0,3.0,3.0,0.5,0.3807,2.0,110184.0,0.3144,4,0,1,0,1,0,0,0,0,1,0,0,0,0,1,0,0,0,490000.0,https://www.mubawab-media.com/ad/8/299/964F/h/1000106624_81932193.avif
23,0.3067,36.8,10.1,152.0,4.0,3.0,0.5,0.3453,2.0,110184.0,0.312,1,0,1,0,1,0,0,1,1,1,1,1,1,1,1,0,0,0,535000.0,https://www.mubawab-media.com/ad/8/272/342F/h/1000025361_81633606.avif
16,0.15,36.8,10.1,480.0,2.0,6.0,0.5,0.2237,2.0,110184.0,0.3317,4,0,0,1,1,0,0,1,0,0,0,0,0,0,0,1,0,0,550000.0,https://www.mubawab-media.com/ad/7/548/614F/h/299096127_488028529507084_7448386486144894557_n_32713378.avif
20,0.15,36.8,10.1,90.0,1.0,2.0,0.5,0.2047,2.0,110184.0,0.3184,2,0,1,0,1,0,0,1,1,1,1,1,1,1,1,0,0,0,185000.0,https://www.mubawab-media.com/ad/8/287/515F/h/Brown%20and%20White%20Simple%20Apartment%20For%20Rent%20Flyer%20%282%29_81797963.avif
16,0.13,36.8,10.1,120.0,3.0,2.0,0.5,0.2426,2.0,110184.0,0.275,4,0,0,0,1,0,1,0,0,0,0,0,0,0,0,0,0,0,360000.0,https://www.mubawab-media.com/ad/8/220/028F/h/Capture_81069879.avif
23,0.6867,36.819,10.1658,148.0,4.0,3.0,0.5,0.5524,2.0,2562.03,0.3269,4,0,1,0,1,0,0,1,1,1,1,1,1,1,1,0,0,0,1039000.0,https://www.mubawab-media.com/ad/8/299/902F/h/image_1_81931848.avif
23,0.6867,36.819,10.1658,118.0,3.0,2.0,0.5,0.5524,2.0,2562.03,0.3399,4,0,1,0,1,0,0,1,0,1,1,0,0,0,0,0,0,0,576000.0,https://www.mubawab-media.com/ad/7/928/573F/h/dde1d54f-4671-442a-924b-a8cd945e9075_76293314_76293687.avif
3,0.14,36.8,10.1,61.0,1.0,1.0,0.5,0.2793,2.0,110184.0,0.3176,4,0,1,0,0,1,0,1,0,1,1,0,0,0,0,0,0,0,180000.0,https://www.mubawab-media.com/ad/7/809/702F/h/PAGE%20DE%20GARDE_81774385.avif
20,0.1333,36.8,10.1,60.0,2.0,1.0,0.5,0.2413,2.0,110184.0,0.2742,4,0,0,0,1,0,0,0,1,1,1,1,0,0,0,0,0,0,150000.0,https://www.mubawab-media.com/ad/8/183/370F/h/WhatsApp%20Image%202026-02-09%20at%2013.13.57%20%281%29_81949350.avif
1,0.3533,36.899,10.2358,136.0,4.0,3.0,0.5,0.4235,2.0,43985.0,0.3374,4,0,1,0,1,0,0,1,0,0,0,0,0,0,1,0,0,0,460000.0,https://www.mubawab-media.com/ad/8/192/852F/h/thumb_1133421_property_large_80791383.avif
23,0.4,36.8769,10.3247,40.0,3.0,1.0,0.5,0.8015,2.0,2562.03,0.3078,4,0,0,0,0,0,0,1,1,1,1,0,0,0,1,0,0,0,315000.0,https://www.mubawab-media.com/ad/8/266/290F/h/photo_0_81566316.avif
23,0.4,36.819,10.2358,115.0,3.0,2.0,0.5,0.517,2.0,43985.0,0.3168,4,0,0,0,0,0,0,0,0,0,0,0,0,0,0,0,0,0,890000.0,nan
23,0.3067,36.8,10.1,132.0,3.0,2.0,0.5,0.3453,2.0,110184.0,0.3196,1,0,1,0,1,0,0,1,1,1,1,1,1,1,1,0,0,0,430000.0,https://www.mubawab-media.com/ad/8/231/023F/h/download%20copie%204_81848988.avif
23,0.4,36.8769,10.3247,124.0,3.0,3.0,0.5,0.8015,2.0,2562.03,0.2907,4,0,0,0,0,0,0,1,0,0,0,1,0,0,0,0,0,0,440000.0,https://www.mubawab-media.com/ad/8/292/215F/h/thumb_1266318_property_large_81845429.avif
23,0.4,36.8769,10.3247,120.0,5.0,4.0,0.5,0.8015,2.0,2562.03,0.3116,4,0,1,0,1,0,0,1,1,1,1,0,0,0,1,0,0,0,325000.0,https://www.mubawab-media.com/ad/8/299/895F/h/619606367_1001349509720306_615929593092109160_n_81931638.avif
20,0.26,36.819,10.2358,115.0,8.0,20.0,0.5,0.517,2.0,43985.0,0.3168,1,0,1,0,1,0,0,1,1,1,1,0,1,1,1,1,0,0,13000000.0,https://www.mubawab-media.com/ad/8/247/895F/h/APPARTEMENT%201111111_81364159.avif
20,0.3067,36.8,10.1,120.0,3.0,2.0,0.5,0.3807,2.0,110184.0,0.3605,4,0,1,0,1,0,0,0,1,1,1,0,0,1,1,0,0,0,360000.0,https://www.mubawab-media.com/ad/8/246/148F/h/28_81346746.avif
16,0.32,36.4561,10.7376,116.0,2.0,2.0,0.5,0.4552,2.0,154974.0,0.318,4,0,0,0,0,0,0,1,0,1,1,1,0,0,0,0,0,0,390000.0,https://www.mubawab-media.com/ad/8/247/061F/h/thumb_1199543_property_large_81356274.avif
20,0.3333,35.8245,10.6346,200.0,4.0,3.0,0.5,0.2902,2.0,150620.48,0.3208,4,0,0,0,1,0,0,0,0,1,1,0,0,1,0,0,0,0,450000.0,https://www.mubawab-media.com/ad/8/125/862F/h/Picture-85845480-13-watermark_80106229.avif
1,0.3533,36.899,10.2358,280.0,8.0,7.0,0.5,0.4235,2.0,43985.0,0.3746,4,0,0,0,0,0,0,1,0,1,1,0,0,0,1,1,0,0,820000.0,https://www.mubawab-media.com/ad/7/349/813F/h/20220122_163946_17097554.avif
1,0.32,36.8665,10.1647,134.0,4.0,3.0,0.5,0.5305,2.0,43985.0,0.275,4,0,0,0,1,0,0,1,0,1,0,0,0,0,1,1,0,0,279900.0,https://www.mubawab-media.com/ad/8/269/915F/h/IMG_20251209_122241_81607837.avif
1,0.32,36.8665,10.1647,100.0,3.0,2.0,0.5,0.5305,2.0,43985.0,0.3388,4,0,0,0,1,0,0,1,0,0,1,0,0,0,1,0,0,0,218000.0,https://www.mubawab-media.com/ad/7/765/943F/h/1693236935142_54708836.avif
23,0.092,36.8,10.1,74.0,3.0,2.0,0.5,0.3155,2.0,110184.0,0.318,4,0,0,0,1,0,0,1,0,0,0,0,0,0,1,0,0,0,170000.0,https://www.mubawab-media.com/ad/8/299/739F/h/1000007166_81930169.avif
23,0.092,36.8,10.1,131.0,4.0,3.0,0.5,0.3155,2.0,110184.0,0.3378,4,0,1,0,1,0,0,0,0,0,1,0,0,1,1,0,0,0,280000.0,https://www.mubawab-media.com/ad/8/284/010F/h/2_81759965.avif
23,0.4,36.8769,10.3247,115.0,3.0,2.0,0.5,0.8015,2.0,2562.03,0.2726,4,0,1,0,0,0,0,1,0,1,0,0,0,0,1,1,0,0,590000.0,https://www.mubawab-media.com/ad/8/286/595F/h/1000065325_81786775.avif
8,0.1422,35.6781,10.0963,46.0,2.0,1.0,0.5,0.2424,2.0,178346.92,0.3164,4,0,0,0,1,0,0,0,0,0,0,0,0,0,0,0,0,0,132041.0,https://www.mubawab-media.com/ad/8/255/185F/h/WhatsApp%20Image%202025-11-22%20%C3%A0%2013.42.29_81a4a372_81460898.avif
8,0.1422,35.6781,10.0963,94.0,3.0,2.0,0.5,0.2424,2.0,178346.92,0.2802,4,0,0,0,0,0,0,0,0,0,0,0,0,0,0,0,0,0,221534.0,https://www.mubawab-media.com/ad/8/255/536F/h/WhatsApp%20Image%202025-11-22%20%C3%A0%2013.42.29_9d2597ab_81460909.avif
1,0.3533,36.899,10.2358,121.0,3.0,2.0,0.5,0.4235,2.0,43985.0,0.2694,4,0,0,0,0,1,0,1,1,0,0,0,0,0,0,1,0,0,750000.0,https://www.mubawab-media.com/ad/8/299/565F/h/gallery_81928439.avif
20,0.3333,35.8245,10.6346,73.0,3.0,1.0,0.5,0.2902,2.0,150620.48,0.2722,1,0,1,0,1,1,0,0,0,0,0,0,0,0,1,1,0,0,350000.0,https://www.mubawab-media.com/ad/8/218/244F/h/WhatsApp%20Image%202024-09-15%20at%2013.48.13%20%284%29_81051092.avif
17,0.46,36.8,10.1,104.0,3.0,2.0,0.5,0.3961,2.0,110184.0,0.3261,4,0,1,0,0,0,0,0,0,0,1,0,0,0,0,0,0,0,245000.0,https://www.mubawab-media.com/ad/8/299/514F/h/img01_81927936.avif
23,0.4,36.8769,10.3247,189.0,3.0,3.0,0.5,0.8015,2.0,2562.03,0.3236,4,0,1,1,1,1,0,1,1,1,1,1,1,1,1,1,0,0,650000.0,https://www.mubawab-media.com/ad/8/119/558F/h/photo_00_80042405.avif
23,0.4,36.8769,10.3247,189.0,3.0,3.0,0.5,0.8015,2.0,2562.03,0.3228,4,0,1,1,1,1,0,1,1,1,1,1,1,1,1,1,0,0,650000.0,https://www.mubawab-media.com/ad/7/902/538F/h/photo_00_73826721.avif
23,0.4,36.8769,10.3247,136.0,3.0,3.0,0.5,0.8015,2.0,2562.03,0.3244,4,0,0,0,1,0,0,1,0,1,1,1,1,1,0,0,0,1,385000.0,https://www.mubawab-media.com/ad/8/189/662F/h/photo_00_80759585.avif
4,0.12,36.8,10.1,90.0,3.0,2.0,0.5,0.2697,2.0,110184.0,0.3192,4,0,0,0,0,0,0,0,0,0,0,0,1,1,0,0,0,0,250000.0,https://www.mubawab-media.com/ad/8/287/379F/h/IMG_1699_81794816.avif
16,0.32,36.4561,10.7376,105.0,3.0,2.0,0.5,0.4552,2.0,154974.0,0.2714,4,0,1,1,1,0,0,1,1,1,1,1,1,1,1,0,0,1,380000.0,https://www.mubawab-media.com/ad/8/100/056F/h/photo_0_81652162.avif
23,0.6867,36.819,10.1658,118.0,3.0,2.0,0.5,0.5524,2.0,2562.03,0.3415,4,0,1,0,1,0,0,1,0,1,1,0,0,0,0,0,0,0,576000.0,https://www.mubawab-media.com/ad/7/928/574F/h/WhatsApp%20Image%202024-05-30%20at%2016.25.52_76293325_76293723.avif
3,0.14,36.8,10.1,121.0,3.0,2.0,0.5,0.2793,2.0,110184.0,0.2778,4,0,1,0,0,1,0,1,0,1,1,0,0,0,0,0,0,0,325000.0,https://www.mubawab-media.com/ad/8/285/426F/h/03_81775617.avif
20,0.3067,36.8,10.1,143.0,3.0,2.0,0.5,0.334,2.0,110184.0,0.2814,4,0,1,0,1,0,1,1,0,0,0,0,0,0,1,0,0,0,558000.0,https://www.mubawab-media.com/ad/8/193/881F/h/513999841_1153304726813288_7507868785277231446_n%20%281%29_80803446.avif
23,0.4,36.8769,10.3247,95.0,3.0,2.0,0.5,0.8015,2.0,2562.03,0.28,4,0,0,0,1,0,0,0,0,0,0,0,0,0,1,0,0,0,300000.0,https://www.mubawab-media.com/ad/8/273/820F/h/IMG-20251226-WA0011_81685776.avif
23,0.6867,36.819,10.1658,100.0,1.0,2.0,0.5,0.5524,2.0,2562.03,0.3383,4,0,0,0,1,0,0,0,0,1,1,1,1,1,1,1,0,0,435000.0,https://www.mubawab-media.com/ad/8/256/259F/h/9a47cc50-1a8f-4764-ab1d-90ff2db7c80e_1_81449897.avif
1,0.332,36.819,10.2358,115.0,3.0,2.0,0.5,0.517,2.0,43985.0,0.3168,4,0,0,0,0,0,0,0,0,0,0,0,0,0,0,0,0,0,369000.0,nan
23,0.6867,36.819,10.1658,74.0,1.0,1.0,0.5,0.5524,2.0,2562.03,0.3383,4,0,1,0,1,0,0,0,0,1,1,1,1,1,1,1,0,0,400000.0,https://www.mubawab-media.com/ad/8/272/593F/h/865d3429-bb82-46b4-8930-ddea3cf7661d_1_81636018.avif
1,0.32,36.8665,10.1647,179.0,4.0,3.0,0.5,0.5305,2.0,43985.0,0.3124,4,0,1,0,1,0,0,1,0,1,1,1,0,1,0,0,0,0,520000.0,https://www.mubawab-media.com/ad/8/299/284F/h/photo_7_2026-02-07_15-17-10_81925879.avif
1,0.32,36.8665,10.1647,133.0,4.0,3.0,0.5,0.5305,2.0,43985.0,0.314,4,0,0,0,1,0,0,0,0,0,1,0,0,0,0,0,0,0,200000.0,https://www.mubawab-media.com/ad/8/298/462F/h/IMG_1942_81925666.avif
16,0.2833,36.4561,10.7376,136.0,3.0,2.0,0.5,0.4454,2.0,154974.0,0.3309,4,0,1,0,1,1,0,1,1,1,1,1,1,1,1,1,0,0,450000.0,https://www.mubawab-media.com/ad/8/236/722F/h/Brown%20Simple%20Home%20For%20Sale%20Facebook%20Post_81248980.avif
20,0.3067,36.8,10.1,110.0,2.0,2.0,0.5,0.3807,2.0,110184.0,0.2754,4,0,1,0,1,0,0,0,1,1,1,1,0,0,1,0,0,0,380000.0,https://www.mubawab-media.com/ad/8/299/217F/h/20260207_105923_81925013.avif
23,0.6867,36.819,10.1658,65.0,1.0,1.0,0.5,0.5524,2.0,2562.03,0.3317,1,0,1,0,0,0,0,0,0,1,1,0,0,0,1,0,0,0,380000.0,https://www.mubawab-media.com/ad/8/278/247F/h/8ae66ef0-b161-488e-8584-fc9d1ae22b48_81870082.avif
23,0.4,36.8769,10.3247,138.0,4.0,3.0,0.5,0.8015,2.0,2562.03,0.3136,4,0,1,0,1,0,0,0,0,1,1,0,0,0,0,0,0,0,395000.0,https://www.mubawab-media.com/ad/8/120/754F/h/IMG-20251108-WA0067_81377292.avif
1,0.3533,36.899,10.2358,200.0,5.0,3.0,0.5,0.4235,2.0,43985.0,0.3132,4,0,1,0,1,0,0,1,0,1,0,0,0,0,0,0,0,0,770000.0,https://www.mubawab-media.com/ad/8/299/203F/h/WhatsApp%20Image%202026-02-04%20at%2014.07.28%20%282%29_81924791.avif
23,0.1733,36.819,10.1658,50.0,2.0,1.0,0.5,0.6863,2.0,2562.03,0.3168,4,0,0,1,1,0,0,0,0,1,0,1,0,0,0,0,0,0,170000.0,https://www.mubawab-media.com/ad/8/294/100F/h/e610adf2-bdb1-4c57-b5cc-bc2cd4becbe3_35925857-5190-4cca-9155-db87848cdefb_81865120.avif
23,0.4,36.8769,10.3247,145.0,5.0,4.0,0.5,0.8015,2.0,2562.03,0.2718,4,0,1,0,0,0,0,0,0,0,0,0,0,0,1,0,0,0,400000.0,https://www.mubawab-media.com/ad/8/299/193F/h/IMG_4729_81924703.avif
20,0.26,35.8245,10.6346,115.0,2.0,3.0,0.5,0.517,2.0,150620.48,0.318,4,0,1,0,1,0,1,0,0,1,0,0,0,0,0,0,0,0,550000.0,https://www.mubawab-media.com/ad/8/251/856F/h/thumb_63584_property_xlarge_81410705.avif
23,0.1867,36.8094,10.1414,110.0,3.0,2.0,0.5,0.3144,2.0,2562.03,0.277,4,0,0,0,1,0,0,1,0,0,0,0,0,0,1,0,0,0,210000.0,https://www.mubawab-media.com/ad/8/299/139F/h/WhatsApp%20Image%202026-02-07%20at%2011.18.24_81924197.avif
1,0.3533,36.899,10.2358,83.0,2.0,1.0,0.5,0.4235,2.0,43985.0,0.2718,4,0,0,0,1,0,0,1,0,1,0,0,0,0,0,0,0,0,285000.0,https://www.mubawab-media.com/ad/8/299/149F/h/724ced32-0227-460c-be97-0c6331ffaab2_81924234.avif
1,0.32,36.8665,10.1647,180.0,4.0,3.0,0.5,0.5305,2.0,43985.0,0.3128,4,0,1,0,1,0,0,1,0,0,0,1,0,0,0,0,0,0,380000.0,https://www.mubawab-media.com/ad/8/299/123F/h/7_81924110.avif
15,0.2633,35.7643,10.8113,70.0,3.0,2.0,0.5,0.3655,2.0,134734.0,0.2694,4,0,0,0,0,0,0,0,0,0,0,0,0,0,0,0,0,0,95000.0,https://www.mubawab-media.com/ad/8/278/632F/h/gallery_81701536.avif
15,0.2633,35.7643,10.8113,190.0,7.0,5.0,0.5,0.3655,2.0,134734.0,0.2734,4,0,0,0,0,0,0,0,0,1,1,0,0,0,0,0,0,0,420000.0,https://www.mubawab-media.com/ad/8/294/054F/h/WhatsApp%20Image%202025-12-24%20at%2016.12.15_81864650.avif
15,0.2633,35.7643,10.8113,114.0,3.0,2.0,0.5,0.3655,2.0,134734.0,0.2694,4,0,0,0,1,0,0,0,1,0,0,0,0,0,0,0,0,0,171000.0,https://www.mubawab-media.com/ad/8/283/353F/h/gallery_81752754.avif
15,0.2633,35.7643,10.8113,71.0,3.0,2.0,0.5,0.3655,2.0,134734.0,0.2694,4,0,0,0,0,0,0,0,0,0,0,0,0,0,0,0,0,0,92000.0,https://www.mubawab-media.com/ad/8/263/159F/h/gallery_81530296.avif
15,0.2633,35.7643,10.8113,114.0,3.0,2.0,0.5,0.3655,2.0,134734.0,0.2694,4,0,0,0,1,0,0,0,0,0,0,0,0,0,0,0,0,0,259000.0,https://www.mubawab-media.com/ad/8/235/067F/h/gallery_81232071.avif
15,0.2633,35.7643,10.8113,87.0,3.0,2.0,0.5,0.3655,2.0,134734.0,0.2694,4,0,0,0,1,0,0,0,1,0,0,0,0,0,0,1,0,0,255000.0,https://www.mubawab-media.com/ad/8/130/624F/h/gallery_80153715.avif
15,0.2633,35.7643,10.8113,75.0,3.0,2.0,0.5,0.3655,2.0,134734.0,0.2694,4,0,0,0,0,0,0,0,0,0,0,0,0,0,0,0,0,0,92000.0,https://www.mubawab-media.com/ad/8/259/147F/h/gallery_81479153.avif
23,0.6867,36.819,10.1658,136.0,4.0,3.0,0.5,0.5524,2.0,2562.03,0.3308,4,0,1,0,1,0,0,1,0,1,1,0,0,0,0,0,0,0,622000.0,https://www.mubawab-media.com/ad/7/928/576F/h/WhatsApp%20Image%202024-05-30%20at%2016.25.52_76293325_76293769.avif
3,0.14,36.8,10.1,121.0,3.0,2.0,0.5,0.2793,2.0,110184.0,0.2794,4,0,1,0,0,1,0,1,0,1,0,0,0,0,0,0,0,0,325000.0,https://www.mubawab-media.com/ad/8/285/427F/h/01_81775680.avif
23,0.4,36.8769,10.3247,87.0,1.0,1.0,0.5,0.8015,2.0,2562.03,0.338,4,0,1,0,0,0,0,1,1,1,1,0,0,0,0,0,0,0,380000.0,https://www.mubawab-media.com/ad/8/272/040F/h/7f7695a8-19f9-40ce-9fbe-fc12c0745598_2_81630281.avif
23,0.6867,36.819,10.1658,118.0,2.0,2.0,0.5,0.5524,2.0,2562.03,0.3391,1,0,1,0,1,0,0,1,0,0,0,0,0,0,1,1,0,0,576000.0,https://www.mubawab-media.com/ad/8/176/743F/h/CONTACTEZ-NOUS%20%20%2B216%2055334397%20Medimmolac%40gmail.com%20%2837%29_80629251.avif
23,0.4,36.819,10.2358,115.0,1.0,3.0,0.5,0.517,2.0,43985.0,0.3168,4,0,1,1,1,0,0,1,1,1,1,1,1,1,1,0,0,0,950000.0,https://www.mubawab-media.com/ad/8/259/059F/h/2651bb31-7f87-42fe-87d8-905d166639bf_1_81478337.avif
15,0.2633,35.7643,10.8113,112.0,3.0,2.0,0.5,0.3655,2.0,134734.0,0.2694,4,0,0,0,1,0,0,0,0,0,0,0,0,0,0,0,0,0,255000.0,https://www.mubawab-media.com/ad/8/237/800F/h/gallery_81259791.avif
1,0.3533,36.899,10.2358,153.0,3.0,2.0,0.5,0.4235,2.0,43985.0,0.3136,4,0,1,0,1,0,0,1,0,0,0,0,0,0,0,0,0,0,425000.0,https://www.mubawab-media.com/ad/8/299/103F/h/d32818bd-2e20-4b1a-bb83-7b5e603b4b65_GF_81923839.avif
15,0.2633,35.7643,10.8113,150.0,4.0,3.0,0.5,0.3655,2.0,134734.0,0.3025,4,0,0,0,0,0,0,1,1,1,0,1,0,0,0,1,0,0,320000.0,https://www.mubawab-media.com/ad/8/290/994F/h/1630766039347_81867854.avif
20,0.284,36.8,10.1,92.0,1.0,1.0,0.5,0.3272,2.0,110184.0,0.3184,4,0,1,1,0,0,1,1,1,1,1,1,0,0,0,0,0,0,185000.0,https://www.mubawab-media.com/ad/8/298/934F/h/WhatsApp%20Image%202026-02-06%20at%2018.33.02_81922063.avif
23,0.1867,36.8094,10.1414,178.0,5.0,4.0,0.5,0.3144,2.0,2562.03,0.3128,4,0,1,0,0,0,0,1,1,1,1,1,1,1,1,0,0,0,440000.0,https://www.mubawab-media.com/ad/8/298/888F/h/WhatsApp%20Image%202026-01-26%20at%2014.34.49%20%2817%29_81921551.avif
16,0.32,36.4561,10.7376,305.0,5.0,4.0,0.5,0.4552,2.0,154974.0,0.2734,4,0,0,0,1,1,1,1,0,1,1,1,0,0,0,1,0,0,1250000.0,https://www.mubawab-media.com/ad/8/281/520F/h/20e0b422-3e56-4c11-adf5-8d79f4c5d3e4_81736817.avif
23,0.4,36.8769,10.3247,92.0,3.0,2.0,0.5,0.8015,2.0,2562.03,0.2694,4,0,0,0,0,0,0,0,0,0,0,0,0,0,0,0,0,0,745000.0,https://www.mubawab-media.com/ad/8/298/716F/h/gallery_81919720.avif
23,0.4,36.8769,10.3247,151.0,3.0,2.0,0.5,0.8015,2.0,2562.03,0.271,1,0,0,0,1,0,0,1,0,1,1,0,0,0,0,1,0,0,650000.0,https://www.mubawab-media.com/ad/8/256/981F/h/gallery_81457091.avif
16,0.3433,36.8,10.1,121.0,4.0,3.0,0.5,0.1884,2.0,110184.0,0.3446,4,0,0,0,1,0,1,0,0,0,0,0,0,0,1,0,0,0,485000.0,https://www.mubawab-media.com/ad/8/298/887F/h/thumb_1270735_property_xlarge_81921455.avif
16,0.3433,36.8,10.1,123.0,4.0,3.0,0.5,0.1884,2.0,110184.0,0.3305,4,0,0,0,0,0,0,0,0,0,0,0,0,0,1,1,0,0,560000.0,https://www.mubawab-media.com/ad/8/298/875F/h/thumb_1271102_property_xlarge_81921395.avif
23,0.4,36.8769,10.3247,273.0,3.0,3.0,0.5,0.8015,2.0,2562.03,0.2722,4,0,0,0,0,0,0,1,1,0,0,0,0,0,0,0,0,0,1350000.0,https://www.mubawab-media.com/ad/8/281/393F/h/thumb_1234332_property_large_81735608.avif
3,0.32,36.8,10.1,101.0,4.0,3.0,0.5,0.2195,2.0,110184.0,0.3172,4,0,0,0,1,0,0,1,0,1,1,0,0,0,1,0,0,0,215000.0,https://www.mubawab-media.com/ad/8/298/687F/h/WhatsApp%20Image%202026-02-06%20at%2012.54.45%20PM_81920883.avif
16,0.2833,36.4561,10.7376,125.0,3.0,2.0,0.5,0.4454,2.0,154974.0,0.2694,4,0,1,0,1,0,1,1,0,0,0,0,0,0,1,0,0,0,400000.0,https://www.mubawab-media.com/ad/8/269/189F/h/fotohigh-viewimg%20%281%29_81600316.avif
16,0.2833,36.4561,10.7376,128.0,3.0,2.0,0.5,0.4454,2.0,154974.0,0.2694,4,0,1,0,1,0,1,1,0,0,0,0,0,0,1,0,0,0,400000.0,https://www.mubawab-media.com/ad/8/269/194F/h/fotohigh-viewimg%20%281%29_81600383.avif
16,0.2833,36.4561,10.7376,110.0,3.0,2.0,0.5,0.4454,2.0,154974.0,0.2694,4,0,0,0,1,0,0,0,0,0,0,1,0,0,0,0,0,0,185000.0,https://www.mubawab-media.com/ad/8/285/387F/h/e1d26835-5c87-4d70-9d68-b92ca5d69bd1_81774021.avif
23,0.4,36.8769,10.3247,123.0,3.0,2.0,0.5,0.8015,2.0,2562.03,0.2778,4,0,1,0,1,0,0,0,0,1,0,0,0,0,1,0,0,0,494440.0,https://www.mubawab-media.com/ad/8/298/799F/h/thumb_1272564_property_xlarge_81920626.avif
23,0.1867,36.8094,10.1414,70.0,2.0,2.0,0.5,0.3144,2.0,2562.03,0.277,1,0,0,0,0,0,0,0,0,0,0,0,1,1,0,0,0,0,80000.0,https://www.mubawab-media.com/ad/8/298/749F/h/Appartement%20S%2B2%20%C3%A0%20vendre%20%281%29_81920102.avif
1,0.32,36.8665,10.1647,67.0,2.0,1.0,0.5,0.5305,2.0,43985.0,0.3305,4,0,1,0,0,0,0,0,0,1,1,0,0,0,1,0,0,0,215000.0,https://www.mubawab-media.com/ad/8/266/943F/h/2cc506b3-f5f3-41e8-a3be-8278ded467a2_81576887.avif
20,0.3067,35.8604,10.5953,120.0,3.0,3.0,0.5,0.3642,2.0,150620.48,0.3152,4,0,0,0,0,0,0,0,0,0,0,0,0,0,0,1,0,0,640000.0,https://www.mubawab-media.com/ad/8/298/694F/h/thumb_1272497_property_large_81919519.avif
23,0.4,36.8769,10.3247,60.0,2.0,1.0,0.5,0.8015,2.0,2562.03,0.314,4,0,1,1,1,0,0,0,1,1,1,1,1,0,1,0,0,0,186000.0,https://www.mubawab-media.com/ad/8/296/130F/h/WhatsApp%20Image%202026-01-28%20at%206.20.40%20PM%20%282%29_81890265.avif
23,0.4,36.8769,10.3247,135.0,3.0,2.0,0.5,0.8015,2.0,2562.03,0.3188,4,0,1,0,1,0,0,1,1,1,1,1,1,1,1,0,0,0,369000.0,https://www.mubawab-media.com/ad/8/251/084F/h/thumb_1207611_property_xlarge_81628319.avif
13,0.16,36.8,10.1,142.0,4.0,3.0,0.5,0.2875,2.0,110184.0,0.3168,4,0,1,0,0,0,0,1,1,1,1,1,0,0,1,0,0,0,340000.0,https://www.mubawab-media.com/ad/8/273/880F/h/WhatsApp%20Image%202025-12-18%20at%2015.44.58_81649876.avif
3,0.14,36.8,10.1,128.0,4.0,3.0,0.5,0.2793,2.0,110184.0,0.3172,2,0,1,0,1,0,0,1,1,1,1,1,1,0,1,1,0,0,245000.0,https://www.mubawab-media.com/ad/8/296/596F/h/gallery%20%2817%29_81894974.avif
23,0.6867,36.819,10.1658,129.0,3.0,2.0,0.5,0.5524,2.0,2562.03,0.3305,4,0,1,0,1,0,0,1,1,1,1,1,1,1,1,0,0,0,640000.0,https://www.mubawab-media.com/ad/8/298/614F/h/image_1_81918731.avif
23,0.6867,36.819,10.1658,160.0,4.0,3.0,0.5,0.5524,2.0,2562.03,0.3321,4,0,1,0,1,0,0,1,0,1,1,0,0,0,0,0,0,0,720000.0,https://www.mubawab-media.com/ad/7/928/577F/h/WhatsApp%20Image%202024-05-30%20at%2016.25.52_76293325_76293789.avif
3,0.14,36.8,10.1,134.0,4.0,3.0,0.5,0.2793,2.0,110184.0,0.2778,4,0,0,0,0,1,0,1,0,1,0,0,0,0,0,0,0,0,365000.0,https://www.mubawab-media.com/ad/8/285/428F/h/02_81775738.avif
23,0.6867,36.819,10.1658,200.0,2.0,2.0,0.5,0.5524,2.0,2562.03,0.3379,4,0,1,0,1,0,0,1,0,1,0,0,0,0,0,1,0,0,580000.0,https://www.mubawab-media.com/ad/8/173/515F/h/443bc2bd-bf73-42d0-a865-1ab09ec891f2_photo%203_80596635.avif
23,0.4,36.8769,10.3247,273.0,1.0,3.0,0.5,0.8015,2.0,2562.03,0.3372,4,0,1,0,1,0,0,1,0,1,0,0,0,0,1,0,0,0,1400000.0,https://www.mubawab-media.com/ad/8/247/178F/h/29c5e8b5-afa5-42c2-942a-b82e831addd8_1_81357344.avif
23,0.4,36.8769,10.3247,168.0,1.0,3.0,0.5,0.8015,2.0,2562.03,0.3152,4,0,1,0,1,0,0,1,0,0,0,0,0,0,0,0,0,0,630000.0,https://www.mubawab-media.com/ad/8/269/009F/h/086569f6-f343-4a47-91f7-bd30e16ebd27_2_81598106.avif
23,0.6867,36.819,10.1658,182.0,3.0,2.0,0.5,0.5524,2.0,2562.03,0.3364,4,0,1,0,1,1,0,1,1,1,1,1,1,1,1,1,0,0,990000.0,https://www.mubawab-media.com/ad/8/298/323F/h/image_1_81915742.avif
23,0.6867,36.819,10.2358,115.0,3.0,2.0,0.5,0.517,2.0,43985.0,0.3168,4,0,0,0,0,0,0,0,0,0,0,0,0,0,0,0,0,0,419000.0,nan
23,0.6867,36.819,10.1658,140.0,3.0,2.0,0.5,0.5524,2.0,2562.03,0.2746,4,0,1,0,1,0,0,1,1,1,1,1,0,0,1,0,0,0,470000.0,https://www.mubawab-media.com/ad/8/287/714F/h/WhatsApp%20Image%202026-01-14%20at%2012.34.38%20PM%20%281%29_81798227.avif
23,0.6867,36.819,10.1658,129.0,3.0,2.0,0.5,0.5524,2.0,2562.03,0.3305,4,0,1,0,1,0,0,1,1,1,1,1,1,1,1,0,0,0,640000.0,https://www.mubawab-media.com/ad/8/298/614F/h/image_1_81918731.avif
16,0.15,36.8,10.1,95.0,2.0,2.0,0.5,0.2237,2.0,110184.0,0.3605,4,0,0,0,1,0,1,0,1,0,0,1,0,0,0,0,0,0,195000.0,https://www.mubawab-media.com/ad/8/209/722F/h/483bd408-1d2d-4b5e-bb7f-ba4f170c68c6_81862352.avif
20,0.26,35.8245,10.6346,140.0,4.0,3.0,0.5,0.517,2.0,150620.48,0.3791,4,0,1,0,1,1,0,0,1,0,1,1,1,0,1,0,0,0,406000.0,https://www.mubawab-media.com/ad/8/191/480F/h/WhatsApp%20Image%202025-07-29%20at%2011.24.15%20%281%29_80777077.avif
20,0.26,35.8245,10.6346,70.0,3.0,2.0,0.5,0.517,2.0,150620.48,0.2694,4,0,0,0,1,0,0,0,0,0,0,0,0,0,0,0,0,0,70000.0,https://www.mubawab-media.com/ad/8/273/708F/h/gallery_81648076.avif
20,0.26,35.8245,10.6346,197.0,3.0,2.0,0.5,0.517,2.0,150620.48,0.2694,4,0,0,0,1,0,0,0,0,0,0,0,0,0,0,0,0,0,155000.0,https://www.mubawab-media.com/ad/8/214/092F/h/gallery_81006599.avif
23,0.6867,36.819,10.1658,131.0,3.0,2.0,0.5,0.5524,2.0,2562.03,0.3124,4,0,1,0,0,0,0,1,1,1,1,1,1,1,1,0,0,0,650000.0,https://www.mubawab-media.com/ad/8/298/589F/h/image_1_81918487.avif
20,0.3067,35.8604,10.5953,75.0,1.0,1.0,0.5,0.3642,2.0,150620.48,0.3549,4,0,0,0,1,0,0,1,1,1,1,0,0,0,0,0,0,0,350000.0,https://www.mubawab-media.com/ad/8/178/038F/h/thumb_1124949_property_large_80643344.avif
1,0.3533,36.899,10.2358,180.0,3.0,3.0,0.5,0.4235,2.0,43985.0,0.3144,4,0,0,0,0,0,0,0,0,0,0,1,0,0,0,1,0,0,652000.0,https://www.mubawab-media.com/ad/8/248/386F/h/thumb_1190308_property_large_81368086.avif
3,0.2,36.7533,10.2283,142.0,4.0,3.0,0.5,0.1826,2.0,114262.5,0.3188,4,0,1,0,0,0,0,1,0,0,0,0,0,0,1,0,0,1,283600.0,https://www.mubawab-media.com/ad/8/288/611F/h/WhatsApp%20Image%202026-01-19%20at%2014.50.54_81807649.avif
23,0.1733,36.819,10.1658,92.0,1.0,2.0,0.5,0.6863,2.0,2562.03,0.2734,4,0,1,0,1,0,0,1,0,0,1,0,0,0,1,0,0,0,187000.0,https://www.mubawab-media.com/ad/8/103/867F/h/1000089682_79883662.avif
3,0.1133,36.7533,10.2283,55.0,2.0,2.0,0.5,0.4302,2.0,114262.5,0.2734,4,0,1,0,1,0,0,0,0,1,1,1,0,0,0,0,0,0,195000.0,https://www.mubawab-media.com/ad/8/298/332F/h/2026-4_81915815.avif
1,0.32,36.8665,10.1647,155.0,4.0,3.0,0.5,0.5305,2.0,43985.0,0.2698,4,0,0,1,0,0,0,1,0,0,0,0,0,0,0,0,0,0,320000.0,https://www.mubawab-media.com/ad/8/298/315F/h/WhatsApp%20Image%202026-02-05%20at%2016.42.00%20%281%29_81915586.avif
16,0.32,36.4561,10.7376,120.0,4.0,3.0,0.5,0.4552,2.0,154974.0,0.2734,4,0,0,0,1,1,1,0,0,1,1,0,0,0,0,1,0,0,595000.0,https://www.mubawab-media.com/ad/8/298/272F/h/8a24b72e-39c5-4db7-aee9-70da06a6c16a_81912845.avif
23,0.4,36.8769,10.3247,114.0,4.0,3.0,0.5,0.8015,2.0,2562.03,0.2758,4,0,0,0,0,0,0,0,0,0,0,0,0,0,0,0,0,0,400000.0,https://www.mubawab-media.com/ad/8/291/198F/h/thumb_1265276_property_large_81835027.avif
23,0.4,36.8769,10.3247,65.0,2.0,1.0,0.5,0.8015,2.0,2562.03,0.2722,4,0,1,0,1,0,0,1,1,0,1,1,0,1,0,0,0,0,210000.0,https://www.mubawab-media.com/ad/8/253/926F/h/WhatsApp%20Image%202026-01-15%20at%2016.34.46%20%284%29_81789424.avif
16,0.32,36.4561,10.7376,70.0,1.0,1.0,0.5,0.4552,2.0,154974.0,0.2758,4,0,0,0,1,0,0,1,0,1,1,0,0,0,0,0,0,0,245000.0,https://www.mubawab-media.com/ad/8/298/257F/h/8ceaa619-6fdb-4173-bd38-2bab98e7984e_81912692.avif
23,0.3467,36.819,10.1658,92.0,3.0,2.0,0.5,0.3526,2.0,2562.03,0.2722,4,0,1,0,1,0,0,1,0,0,0,1,0,0,1,0,0,0,570000.0,https://www.mubawab-media.com/ad/8/298/166F/h/9443f8d0-fdf3-4789-b499-b32921a251f2_81911766.avif
23,0.3467,36.819,10.1658,69.0,3.0,2.0,0.5,0.3526,2.0,2562.03,0.271,4,0,1,1,1,0,0,1,0,0,0,1,0,0,1,0,0,0,415000.0,https://www.mubawab-media.com/ad/8/298/107F/h/b390098b-3854-48ee-949f-00ee77c4ef43_81911176.avif
1,0.3533,36.899,10.2358,175.0,3.0,3.0,0.5,0.4235,2.0,43985.0,0.2718,4,0,0,0,1,0,0,1,0,1,1,0,0,0,0,0,0,0,385000.0,https://www.mubawab-media.com/ad/8/257/533F/h/thumb_1213750_property_large_81462198.avif
23,0.6867,36.819,10.1658,136.0,4.0,3.0,0.5,0.5524,2.0,2562.03,0.3415,4,0,1,0,1,0,0,1,0,1,1,0,0,0,0,0,0,0,622000.0,https://www.mubawab-media.com/ad/7/928/578F/h/lac-immo-de-l-avenue_76293316_76293802.avif
3,0.14,36.8,10.1,92.0,3.0,2.0,0.5,0.2793,2.0,110184.0,0.2778,4,0,1,0,0,1,0,1,0,1,0,0,0,0,0,0,0,0,260000.0,https://www.mubawab-media.com/ad/8/285/429F/h/01_81775576.avif
23,0.6867,36.819,10.1658,158.0,3.0,2.0,0.5,0.5524,2.0,2562.03,0.2746,4,0,1,0,1,0,0,1,0,1,0,0,0,0,1,0,0,0,670000.0,https://www.mubawab-media.com/ad/8/298/277F/h/WhatsApp%20Image%202026-02-05%20at%202.49.34%20PM%20%282%29_81912885.avif
23,0.4,36.8769,10.3247,189.0,4.0,3.0,0.5,0.8015,2.0,2562.03,0.3136,4,0,1,0,0,0,0,1,0,0,0,0,0,0,1,0,0,0,840000.0,https://www.mubawab-media.com/ad/8/300/203F/h/WhatsApp%20Image%202026-02-09%20at%2012.44.04%20%283%29_81934693.avif
23,0.4,36.8769,10.3247,111.0,3.0,2.0,0.5,0.8015,2.0,2562.03,0.3257,4,0,1,0,0,0,0,1,1,0,1,0,0,0,1,0,0,0,245000.0,https://www.mubawab-media.com/ad/8/283/795F/h/605822422_833500092788880_3507298625484873982_n_81757642.avif
23,0.4,36.819,10.2358,115.0,3.0,2.0,0.5,0.517,2.0,43985.0,0.3168,4,0,0,0,0,0,0,0,0,0,0,0,0,0,0,0,0,0,240000.0,nan
16,0.15,36.8,10.1,85.0,2.0,2.0,0.5,0.2237,2.0,110184.0,0.3152,4,0,0,0,1,0,1,0,0,0,0,0,0,0,0,0,0,0,178000.0,https://www.mubawab-media.com/ad/7/968/912F/h/logo3_81115267.avif
23,0.4,36.8769,10.3247,115.0,1.0,1.0,0.5,0.8015,2.0,2562.03,0.2766,4,0,0,1,1,0,0,1,0,0,1,0,0,0,0,0,0,0,175000.0,https://www.mubawab-media.com/ad/8/269/389F/h/thumb_1223753_property_large_81602352.avif
1,0.32,36.8665,10.1647,108.0,3.0,2.0,0.5,0.5305,2.0,43985.0,0.2694,4,0,0,0,1,0,0,0,0,0,0,0,0,0,0,0,0,0,130000.0,https://www.mubawab-media.com/ad/8/298/158F/h/gallery_81911502.avif
12,0.22,35.5047,11.0622,108.0,3.0,2.0,0.5,0.4425,2.0,1278.45,0.2694,4,0,0,0,1,0,0,0,0,0,0,0,0,0,0,0,0,0,160000.0,https://www.mubawab-media.com/ad/8/298/154F/h/gallery_81911486.avif
1,0.3533,36.899,10.2358,175.0,4.0,3.0,0.5,0.4235,2.0,43985.0,0.2968,4,0,1,0,1,0,0,1,1,1,1,1,1,1,1,0,0,0,630000.0,https://www.mubawab-media.com/ad/8/232/642F/h/thumb_104012_property_xlarge_81207721.avif
20,0.32,36.8,10.1,70.0,2.0,1.0,0.5,0.3244,2.0,110184.0,0.3152,4,0,1,0,1,0,0,1,1,1,1,1,1,1,1,0,0,0,245000.0,https://www.mubawab-media.com/ad/8/182/276F/h/1_80685149.avif
20,0.32,36.8,10.1,123.0,3.0,2.0,0.5,0.3244,2.0,110184.0,0.3152,4,0,1,0,0,0,1,0,1,1,1,1,1,1,1,0,0,0,395000.0,https://www.mubawab-media.com/ad/8/178/808F/h/1_80650954.avif
20,0.3067,36.8,10.1,120.0,1.0,2.0,0.5,0.334,2.0,110184.0,0.3168,4,0,1,1,1,0,0,0,0,0,0,0,0,0,1,0,0,0,360000.0,https://www.mubawab-media.com/ad/7/892/069F/h/1_77535911.avif
20,0.32,36.8,10.1,110.0,3.0,2.0,0.5,0.3244,2.0,110184.0,0.2778,4,0,1,0,0,0,0,0,0,1,1,0,0,0,0,0,0,0,295000.0,https://www.mubawab-media.com/ad/8/213/707F/h/1_81002302.avif
20,0.3067,35.8604,10.5953,100.0,3.0,2.0,0.5,0.3642,2.0,150620.48,0.316,4,0,1,0,1,0,0,0,0,1,0,0,0,0,1,0,0,0,280000.0,https://www.mubawab-media.com/ad/8/239/163F/h/1_81273900.avif
20,0.32,36.8,10.1,125.0,3.0,3.0,0.5,0.3244,2.0,110184.0,0.2778,4,0,1,1,1,0,0,1,0,0,0,0,0,0,1,0,0,0,350000.0,https://www.mubawab-media.com/ad/8/279/766F/h/1_81713806.avif
1,0.3533,36.899,10.2358,60.0,2.0,1.0,0.5,0.4235,2.0,43985.0,0.3132,4,0,1,0,0,0,0,1,0,0,0,0,0,0,0,0,0,0,250000.0,https://www.mubawab-media.com/ad/8/298/093F/h/5b312621-e98e-4217-a9f8-dc908f429065_GF_81910753.avif
3,0.1133,36.7533,10.2283,98.0,3.0,3.0,0.5,0.4302,2.0,114262.5,0.2694,4,0,0,0,1,0,0,0,0,0,1,0,0,0,0,0,0,0,175000.0,https://www.mubawab-media.com/ad/8/248/858F/h/gallery_81373394.avif
3,0.14,36.8,10.1,79.0,3.0,2.0,0.5,0.2793,2.0,110184.0,0.2694,4,0,0,0,0,0,0,0,0,0,0,0,0,0,0,0,0,0,140000.0,https://www.mubawab-media.com/ad/8/297/435F/h/gallery_81903623.avif
20,0.32,36.8,10.1,160.0,3.0,3.0,0.5,0.3244,2.0,110184.0,0.2762,4,0,1,0,1,0,1,0,0,0,0,0,0,0,1,0,0,0,320000.0,https://www.mubawab-media.com/ad/8/253/750F/h/480811139_1116024050535110_347461573980213050_n_81423760.avif
23,0.4,36.8769,10.3247,95.0,3.0,2.0,0.5,0.8015,2.0,2562.03,0.2884,4,0,0,0,1,0,0,0,0,1,1,1,0,0,0,0,0,0,280000.0,https://www.mubawab-media.com/ad/8/297/965F/h/wm1_81909384.avif
1,0.3533,36.899,10.2358,63.0,2.0,1.0,0.5,0.4235,2.0,43985.0,0.3224,4,0,1,0,0,0,0,1,0,0,0,0,0,0,1,0,0,0,290000.0,https://www.mubawab-media.com/ad/8/252/807F/h/WhatsApp%20Image%202025-12-19%20at%2015.32.53%20%282%29_81908713.avif
1,0.3533,36.899,10.2358,93.0,3.0,2.0,0.5,0.4235,2.0,43985.0,0.3549,4,0,1,0,1,0,0,1,0,1,0,0,0,0,1,0,0,0,380000.0,https://www.mubawab-media.com/ad/8/094/449F/h/1000087280_79793366.avif
16,0.2833,36.4561,10.7376,240.0,3.0,3.0,0.5,0.4454,2.0,154974.0,0.3168,4,0,0,0,0,0,0,1,0,1,1,0,0,0,0,0,0,0,520000.0,https://www.mubawab-media.com/ad/8/270/211F/h/thumb_1224737_property_large_81610850.avif
23,0.4,36.8769,10.3247,41.0,1.0,1.0,0.5,0.8015,2.0,2562.03,0.3144,4,0,1,0,0,0,0,1,1,1,1,0,1,0,1,0,0,0,300000.0,https://www.mubawab-media.com/ad/8/247/259F/h/WhatsApp%20Image%202025-10-16%20at%201.22.19%20PM_81358163.avif
16,0.32,36.4561,10.7376,46.0,2.0,1.0,0.5,0.4552,2.0,154974.0,0.3176,4,0,1,0,1,1,0,1,1,1,1,1,1,1,1,1,0,0,248000.0,https://www.mubawab-media.com/ad/8/173/484F/h/3mahrsi-4rnyIvrgzCGkGsTRqQouzg_cleanup_81908682.avif
16,0.2833,36.4561,10.7376,102.0,4.0,2.0,0.5,0.4454,2.0,154974.0,0.338,4,0,1,0,1,1,0,1,1,1,1,1,1,1,1,0,0,1,340000.0,https://www.mubawab-media.com/ad/8/163/446F/h/12-ink_80494786.avif
16,0.2833,36.4561,10.7376,109.0,4.0,2.0,0.5,0.4454,2.0,154974.0,0.2962,4,0,1,0,1,1,0,1,1,1,1,1,1,1,1,0,0,1,410000.0,https://www.mubawab-media.com/ad/8/220/148F/h/Sans%20titre5-ink%289%29_81071082.avif
16,0.2833,36.4561,10.7376,109.0,2.0,2.0,0.5,0.4454,2.0,154974.0,0.3152,4,0,1,0,1,1,0,1,0,1,1,0,0,0,0,0,0,0,410000.0,https://www.mubawab-media.com/ad/8/220/155F/h/thumb_1167068_property_large_81071152.avif
23,0.6867,36.819,10.1658,118.0,3.0,2.0,0.5,0.5524,2.0,2562.03,0.3415,4,0,1,0,1,0,0,1,0,1,1,0,0,0,0,0,0,0,576000.0,https://www.mubawab-media.com/ad/7/928/574F/h/WhatsApp%20Image%202024-05-30%20at%2016.25.52_76293325_76293723.avif
3,0.14,36.8,10.1,121.0,3.0,2.0,0.5,0.2793,2.0,110184.0,0.2778,4,0,1,0,0,1,0,1,0,1,1,0,0,0,0,0,0,0,325000.0,https://www.mubawab-media.com/ad/8/285/426F/h/03_81775617.avif
16,0.15,36.8,10.1,85.0,2.0,2.0,0.5,0.2237,2.0,110184.0,0.3152,4,0,0,0,1,0,1,0,0,0,0,0,0,0,0,0,0,0,178000.0,https://www.mubawab-media.com/ad/7/968/912F/h/logo3_81115267.avif
20,0.3067,36.8,10.1,125.0,4.0,3.0,0.5,0.3807,2.0,110184.0,0.2758,4,0,1,0,1,0,0,0,0,1,0,0,0,0,1,0,0,0,275000.0,https://www.mubawab-media.com/ad/8/302/284F/h/1-WhatsApp%20Image%202026-02-12%20at%2014.30.34%20%281%29_81956020.avif
1,0.32,36.8665,10.1647,150.0,3.0,3.0,0.5,0.5305,2.0,43985.0,0.3136,4,0,1,0,0,0,0,1,0,0,0,0,0,0,1,0,0,0,375000.0,https://www.mubawab-media.com/ad/8/186/281F/h/photo_00_81831700.avif
1,0.32,36.8665,10.1647,51.0,3.0,1.0,0.5,0.5305,2.0,43985.0,0.3148,4,0,1,0,0,0,0,0,1,1,1,1,1,1,1,0,0,0,214000.0,https://www.mubawab-media.com/ad/8/289/951F/h/photo_00_81821590.avif
1,0.332,36.819,10.2358,115.0,3.0,2.0,0.5,0.517,2.0,43985.0,0.3168,4,0,0,0,0,0,0,0,0,0,0,0,0,0,0,0,0,0,369000.0,nan
1,0.32,36.8665,10.1647,51.0,3.0,1.0,0.5,0.5305,2.0,43985.0,0.3354,2,0,1,0,1,0,0,1,1,1,1,0,1,1,1,1,0,0,214000.0,https://www.mubawab-media.com/ad/8/224/198F/h/photo_00_81822388.avif
23,0.4,36.8769,10.3247,95.0,3.0,2.0,0.5,0.8015,2.0,2562.03,0.3184,4,0,1,0,1,0,0,1,1,1,1,1,1,0,1,0,0,0,289000.0,https://www.mubawab-media.com/ad/8/254/380F/h/WhatsApp%20Image%202025-11-17%20at%202.38.14%20PM%20%285%29_81430337.avif
23,0.4,36.8769,10.3247,149.0,4.0,3.0,0.5,0.8015,2.0,2562.03,0.3176,4,0,1,0,1,0,0,1,1,1,1,1,1,1,1,0,0,0,510000.0,https://www.mubawab-media.com/ad/8/277/578F/h/WhatsApp%20Image%202025-12-02%20at%2012.54.35%20PM%20%282%29_81689911.avif
16,0.32,36.4561,10.7376,127.0,2.0,2.0,0.5,0.4552,2.0,154974.0,0.3073,4,0,1,0,1,1,0,1,1,1,1,1,1,1,1,0,0,0,550000.0,https://www.mubawab-media.com/ad/8/297/884F/h/WhatsApp%20Image%202026-01-23%20at%2012.01.10%20%282%29_81908565.avif
16,0.32,36.4561,10.7376,131.0,3.0,2.0,0.5,0.4552,2.0,154974.0,0.3124,4,0,0,0,0,0,1,1,0,0,0,0,0,0,0,1,0,0,620000.0,https://www.mubawab-media.com/ad/8/297/869F/h/d82feb2d-a5e5-4572-84a4-6d3f7647b580_81908362.avif
3,0.2,36.7533,10.2283,115.0,3.0,2.0,0.5,0.1826,2.0,114262.5,0.3188,4,0,1,0,0,0,0,1,1,0,1,1,1,1,1,0,0,1,229200.0,https://www.mubawab-media.com/ad/8/288/589F/h/WhatsApp%20Image%202026-01-19%20at%2014.51.49_81807466.avif
23,0.4,36.8769,10.3247,61.0,3.0,1.0,0.5,0.8015,2.0,2562.03,0.3232,4,0,0,0,0,0,0,0,0,1,0,1,1,0,0,0,0,0,247000.0,https://www.mubawab-media.com/ad/8/297/788F/h/photo_00_81907462.avif
1,0.3533,36.899,10.2358,128.0,3.0,2.0,0.5,0.4235,2.0,43985.0,0.3152,4,0,1,0,1,0,0,0,0,0,0,0,0,0,1,0,0,0,350000.0,https://www.mubawab-media.com/ad/8/297/639F/h/1000097951_81905812.avif
23,0.4,36.8769,10.3247,200.0,4.0,3.0,0.5,0.8015,2.0,2562.03,0.314,4,0,0,0,1,0,0,1,0,1,1,0,0,0,1,0,0,0,950000.0,https://www.mubawab-media.com/ad/8/239/912F/h/thumb_1190394_property_large_81281674.avif
23,0.4,36.8769,10.3247,191.0,3.0,3.0,0.5,0.8015,2.0,2562.03,0.3396,4,0,0,0,1,0,0,1,1,0,0,1,0,0,0,0,0,0,790000.0,https://www.mubawab-media.com/ad/8/266/619F/h/thumb_1220475_property_xlarge_81573497.avif
16,0.32,36.4561,10.7376,116.0,3.0,2.0,0.5,0.4552,2.0,154974.0,0.3116,4,0,0,0,0,0,0,1,0,0,0,0,0,0,0,0,0,0,390000.0,https://www.mubawab-media.com/ad/8/297/535F/h/TAARAFCHI%20IMMO%2058%20823%20036%2058%20828%20837%20-%202026-02-04T152836.888_81904824.avif
23,0.1867,36.8094,10.1414,140.0,4.0,3.0,0.5,0.3144,2.0,2562.03,0.2738,4,0,0,0,0,0,0,0,0,1,1,1,0,0,0,0,0,0,300000.0,https://www.mubawab-media.com/ad/8/287/925F/h/e6f1f47e-7e0b-477f-b68a-dffb4d0b2ded_81805237.avif
23,0.1867,36.8094,10.1414,137.0,6.0,5.0,0.5,0.3144,2.0,2562.03,0.2742,4,0,0,0,1,0,0,1,0,0,1,1,0,0,0,0,0,0,420000.0,https://www.mubawab-media.com/ad/8/286/353F/h/BARDO%20%284%29_81784042.avif
23,0.1867,36.8094,10.1414,387.0,4.0,3.0,0.5,0.3144,2.0,2562.03,0.2742,4,0,0,0,0,0,0,1,0,0,0,1,0,0,0,1,0,0,730000.0,https://www.mubawab-media.com/ad/8/286/390F/h/BARDO%20%282%29_81784221.avif
23,0.1867,36.8094,10.1414,227.0,4.0,3.0,0.5,0.3144,2.0,2562.03,0.2738,4,0,0,0,1,0,0,1,0,0,0,1,0,0,0,0,0,0,280000.0,https://www.mubawab-media.com/ad/8/286/873F/h/BARDO%20%289%29_81792846.avif
23,0.32,36.844,10.192,135.0,4.0,3.0,0.5,0.3403,2.0,43985.0,0.2766,1,0,1,0,1,0,0,1,0,0,0,0,0,0,0,0,0,1,385000.0,https://www.mubawab-media.com/ad/8/297/510F/h/a%20vendre%202_81904426.avif
23,0.092,36.8,10.1,140.0,4.0,3.0,0.5,0.3155,2.0,110184.0,0.3136,4,0,1,0,1,0,0,1,0,0,1,0,0,0,1,0,0,0,300000.0,https://www.mubawab-media.com/ad/8/287/332F/h/4_81794264.avif
23,0.4,36.8769,10.3247,170.0,4.0,3.0,0.5,0.8015,2.0,2562.03,0.3273,4,0,1,0,1,0,0,1,0,0,0,0,0,0,1,0,0,0,890000.0,https://www.mubawab-media.com/ad/8/257/775F/h/image_1_81464772.avif
23,0.4,36.8769,10.3247,119.0,3.0,2.0,0.5,0.8015,2.0,2562.03,0.2758,4,0,1,0,1,0,0,0,0,1,1,1,0,0,1,0,0,0,348000.0,https://www.mubawab-media.com/ad/8/263/524F/h/thumb_1228271_property_xlarge_81644526.avif
1,0.32,36.8665,10.1647,107.0,2.0,2.0,0.5,0.5305,2.0,43985.0,0.3128,4,0,0,0,1,0,0,1,0,1,1,1,0,0,0,0,0,0,270000.0,https://www.mubawab-media.com/ad/8/275/623F/h/1_81667393.avif
1,0.32,36.8665,10.1647,120.0,3.0,3.0,0.5,0.5305,2.0,43985.0,0.277,4,0,0,0,1,0,0,1,0,1,1,1,0,0,0,0,0,0,300000.0,https://www.mubawab-media.com/ad/8/275/702F/h/WhatsApp%20Image%202025-12-18%20at%2017.01.52%20%281%29_81668251.avif
1,0.3533,36.899,10.2358,116.0,4.0,3.0,0.5,0.4235,2.0,43985.0,0.2726,4,0,0,0,1,0,0,0,0,0,0,1,0,0,0,0,0,0,285000.0,https://www.mubawab-media.com/ad/8/270/058F/h/1000120689_81609292.avif
20,0.32,36.8,10.1,160.0,3.0,3.0,0.5,0.3244,2.0,110184.0,0.2762,4,0,1,0,1,0,1,0,1,1,1,1,1,1,1,0,0,0,320000.0,https://www.mubawab-media.com/ad/8/252/819F/h/IMG_9706_81714593.avif
23,0.6867,36.819,10.1658,136.0,4.0,3.0,0.5,0.5524,2.0,2562.03,0.3308,4,0,1,0,1,0,0,1,0,1,1,0,0,0,0,0,0,0,622000.0,https://www.mubawab-media.com/ad/7/928/576F/h/WhatsApp%20Image%202024-05-30%20at%2016.25.52_76293325_76293769.avif
3,0.14,36.8,10.1,121.0,3.0,2.0,0.5,0.2793,2.0,110184.0,0.2794,4,0,1,0,0,1,0,1,0,1,0,0,0,0,0,0,0,0,325000.0,https://www.mubawab-media.com/ad/8/285/427F/h/01_81775680.avif
1,0.32,36.8665,10.1647,163.0,3.0,3.0,0.5,0.5305,2.0,43985.0,0.3273,2,0,1,0,1,0,1,1,0,0,0,0,0,0,0,1,0,0,550000.0,https://www.mubawab-media.com/ad/8/289/987F/h/photo_00_81821964.avif
1,0.32,36.8665,10.1647,140.0,3.0,2.0,0.5,0.5305,2.0,43985.0,0.3479,2,0,1,0,1,0,0,1,0,0,0,0,0,0,1,1,0,0,458000.0,https://www.mubawab-media.com/ad/8/242/595F/h/photo_0_81822028.avif
23,0.6867,36.819,10.1658,243.0,5.0,4.0,0.5,0.5524,2.0,2562.03,0.2742,4,0,1,0,1,0,0,1,0,0,0,0,0,0,1,0,0,0,1185000.0,https://www.mubawab-media.com/ad/8/286/740F/h/805061ca-982b-4e6c-825d-673a42183cd0_81788203.avif
23,0.6867,36.819,10.1658,155.0,4.0,3.0,0.5,0.5524,2.0,2562.03,0.2742,4,0,1,0,1,0,0,1,1,1,1,1,1,1,1,0,0,0,789000.0,https://www.mubawab-media.com/ad/8/287/214F/h/WhatsApp%20Image%202026-01-16%20at%2010.20.51_81792996.avif
23,0.6867,36.819,10.1658,143.0,3.0,3.0,0.5,0.5524,2.0,2562.03,0.2742,4,0,1,0,1,1,0,1,1,1,1,1,1,1,1,0,0,0,650000.0,https://www.mubawab-media.com/ad/8/286/702F/h/f9352a68-c5ba-4bea-96a2-3bb788cdf041_81787953.avif
1,0.32,36.8665,10.1647,107.0,2.0,2.0,0.5,0.5305,2.0,43985.0,0.3128,4,0,0,0,1,0,0,1,0,1,1,1,0,0,0,0,0,0,270000.0,https://www.mubawab-media.com/ad/8/275/623F/h/1_81667393.avif
1,0.32,36.8665,10.1647,120.0,3.0,3.0,0.5,0.5305,2.0,43985.0,0.277,4,0,0,0,1,0,0,1,0,1,1,1,0,0,0,0,0,0,300000.0,https://www.mubawab-media.com/ad/8/275/702F/h/WhatsApp%20Image%202025-12-18%20at%2017.01.52%20%281%29_81668251.avif
1,0.3533,36.899,10.2358,116.0,4.0,3.0,0.5,0.4235,2.0,43985.0,0.2726,4,0,0,0,1,0,0,0,0,0,0,1,0,0,0,0,0,0,285000.0,https://www.mubawab-media.com/ad/8/270/058F/h/1000120689_81609292.avif
20,0.32,36.8,10.1,160.0,3.0,3.0,0.5,0.3244,2.0,110184.0,0.2762,4,0,1,0,1,0,1,0,1,1,1,1,1,1,1,0,0,0,320000.0,https://www.mubawab-media.com/ad/8/252/819F/h/IMG_9706_81714593.avif
1,0.3533,36.899,10.2358,181.0,5.0,4.0,0.5,0.4235,2.0,43985.0,0.3009,4,0,1,0,1,0,0,1,1,1,1,1,0,0,0,0,0,0,445000.0,https://www.mubawab-media.com/ad/8/297/328F/h/1_81902521.avif
23,0.4,36.8769,10.3247,70.0,4.0,1.0,0.5,0.8015,2.0,2562.03,0.3097,4,0,1,1,1,0,0,0,0,0,1,0,0,0,1,0,0,0,190000.0,https://www.mubawab-media.com/ad/8/297/318F/h/fa76d946-44c2-4bd6-b0fc-a073c1a959d0_81902437.avif
1,0.3533,36.899,10.2358,58.0,1.0,1.0,0.5,0.4235,2.0,43985.0,0.309,2,0,0,0,1,0,0,1,0,1,0,0,0,0,0,0,0,0,252000.0,https://www.mubawab-media.com/ad/8/297/320F/h/thumb_1270071_property_large_81902456.avif
20,0.3067,35.8604,10.5953,90.0,2.0,2.0,0.5,0.3642,2.0,150620.48,0.275,4,0,0,0,1,0,0,0,1,0,1,0,0,0,0,0,0,0,265000.0,https://www.mubawab-media.com/ad/8/209/665F/h/thumb_1155150_property_large_80960194.avif
20,0.3333,35.8245,10.6346,74.0,3.0,3.0,0.5,0.2902,2.0,150620.48,0.3244,4,0,0,0,1,1,0,1,0,1,0,1,0,0,0,0,0,0,370000.0,https://www.mubawab-media.com/ad/8/197/499F/h/thumb_1142980_property_xlarge_80837496.avif
20,0.3067,35.8604,10.5953,160.0,4.0,4.0,0.5,0.3642,2.0,150620.48,0.3419,4,0,0,0,1,0,0,1,1,1,1,0,0,0,0,0,0,0,720000.0,https://www.mubawab-media.com/ad/8/273/619F/h/thumb_1228551_property_large_81647205.avif
20,0.3333,35.8245,10.6346,100.0,2.0,2.0,0.5,0.2902,2.0,150620.48,0.3176,4,0,1,0,0,0,0,0,0,1,0,1,0,0,0,0,0,0,260000.0,https://www.mubawab-media.com/ad/8/284/884F/h/thumb_1237430_property_large_81768508.avif
23,0.4,36.8769,10.3247,185.0,2.0,3.0,0.5,0.8015,2.0,2562.03,0.3365,4,0,0,0,1,0,0,0,0,0,0,0,0,0,0,1,0,0,620000.0,https://www.mubawab-media.com/ad/8/277/537F/h/thumb_1232354_property_large_81689451.avif
1,0.3533,36.899,10.2358,150.0,3.0,2.0,0.5,0.4235,2.0,43985.0,0.3289,4,0,0,0,1,0,0,0,0,0,0,0,0,0,1,1,0,0,295000.0,https://www.mubawab-media.com/ad/8/281/338F/h/IMG_8865_81735242.avif
16,0.13,36.8,10.1,83.0,1.0,1.0,0.5,0.2426,2.0,110184.0,0.3613,4,0,0,0,0,0,0,0,0,0,0,0,0,0,0,0,0,0,320000.0,https://www.mubawab-media.com/ad/8/209/826F/h/9dbcecad-1073-4b34-a1d2-0f9d14a85257_81579678.avif
3,0.32,36.8,10.1,110.0,3.0,2.0,0.5,0.2195,2.0,110184.0,0.3164,4,0,1,0,1,0,1,0,0,0,0,0,0,0,1,0,0,0,300000.0,https://www.mubawab-media.com/ad/8/287/767F/h/WhatsApp%20Image%202025-07-28%20at%2010.52.19%20%284%29_81798738.avif
1,0.3533,36.899,10.2358,155.0,4.0,3.0,0.5,0.4235,2.0,43985.0,0.3148,4,0,1,0,1,0,0,1,0,0,0,0,0,0,1,0,0,0,530000.0,https://www.mubawab-media.com/ad/8/297/064F/h/WhatsApp%20Image%202026-02-03%20at%2019.40.14%20%281%29_81899730.avif
23,0.4,36.8769,10.3247,140.0,4.0,3.0,0.5,0.8015,2.0,2562.03,0.3379,1,0,0,0,1,0,0,1,1,1,1,1,1,1,0,0,0,0,690000.0,https://www.mubawab-media.com/ad/8/288/677F/h/IMG_9226_81808399.avif
1,0.32,36.8665,10.1647,180.0,2.0,2.0,0.5,0.5305,2.0,43985.0,0.2895,4,0,0,0,1,0,0,1,0,0,1,1,0,0,0,1,0,0,365000.0,https://www.mubawab-media.com/ad/8/296/975F/h/thumb_1266878_property_large_81898909.avif
20,0.32,36.8,10.1,212.0,4.0,3.0,0.5,0.3244,2.0,110184.0,0.2806,4,0,1,1,1,0,1,0,1,1,1,1,0,0,1,0,0,0,835000.0,https://www.mubawab-media.com/ad/8/296/960F/h/WhatsApp%20Image%202026-02-03%20at%2015.48.57%20%281%29_81898719.avif
16,0.32,36.4561,10.7376,180.0,4.0,3.0,0.5,0.4552,2.0,154974.0,0.3258,4,0,0,0,1,1,0,1,1,1,0,1,0,0,1,0,0,0,630000.0,https://www.mubawab-media.com/ad/8/296/942F/h/0_81898496.avif
23,0.4,36.8769,10.3247,182.0,7.0,3.0,0.5,0.8015,2.0,2562.03,0.3093,4,0,1,0,1,0,0,0,1,0,1,1,0,0,1,0,0,0,436800.0,https://www.mubawab-media.com/ad/8/296/847F/h/177d9e83-c794-449f-844c-fb1b8c328e64_81897503.avif
1,0.3533,36.899,10.2358,61.0,2.0,2.0,0.5,0.4235,2.0,43985.0,0.339,4,0,0,0,0,0,0,0,1,0,0,0,0,0,0,1,0,0,215000.0,https://www.mubawab-media.com/ad/8/260/002F/h/thumb_1216301_property_xlarge_81487460.avif
23,0.6867,36.819,10.1658,160.0,4.0,3.0,0.5,0.5524,2.0,2562.03,0.3321,4,0,1,0,1,0,0,1,0,1,1,0,0,0,0,0,0,0,720000.0,https://www.mubawab-media.com/ad/7/928/577F/h/WhatsApp%20Image%202024-05-30%20at%2016.25.52_76293325_76293789.avif
3,0.14,36.8,10.1,134.0,4.0,3.0,0.5,0.2793,2.0,110184.0,0.2778,4,0,0,0,0,1,0,1,0,1,0,0,0,0,0,0,0,0,365000.0,https://www.mubawab-media.com/ad/8/285/428F/h/02_81775738.avif
16,0.2833,36.4561,10.7376,158.0,3.0,2.0,0.5,0.4454,2.0,154974.0,0.2694,4,0,1,0,1,1,1,1,0,0,0,0,0,0,0,0,0,0,680000.0,https://www.mubawab-media.com/ad/8/244/962F/h/gallery_81334392.avif
16,0.2833,36.4561,10.7376,80.0,3.0,2.0,0.5,0.4454,2.0,154974.0,0.2694,4,0,1,0,1,0,0,0,0,1,1,0,0,0,0,0,0,0,350000.0,https://www.mubawab-media.com/ad/8/271/568F/h/gallery_81625362.avif
16,0.2833,36.4561,10.7376,105.0,3.0,2.0,0.5,0.4454,2.0,154974.0,0.271,4,0,0,0,1,0,0,0,0,1,1,0,0,0,0,0,0,0,390000.0,https://www.mubawab-media.com/ad/8/271/569F/h/gallery_81625372.avif
16,0.32,36.4561,10.7376,80.0,3.0,2.0,0.5,0.4552,2.0,154974.0,0.2794,4,0,0,0,1,0,0,1,1,1,1,1,0,1,1,0,0,1,395000.0,https://www.mubawab-media.com/ad/8/267/916F/h/1-7_81586867.avif
23,0.4,36.819,10.2358,115.0,3.0,2.0,0.5,0.517,2.0,43985.0,0.3168,4,0,0,0,0,0,0,0,0,0,0,0,0,0,0,0,0,0,240000.0,nan
1,0.32,36.8665,10.1647,151.0,4.0,3.0,0.5,0.5305,2.0,43985.0,0.312,4,0,1,0,1,0,0,1,1,1,1,1,0,0,1,0,0,0,445000.0,https://www.mubawab-media.com/ad/8/283/653F/h/WhatsApp%20Image%202025-10-23%20at%2009.28.00%20%281%29_81756323.avif
23,0.4,36.8769,10.3247,182.0,7.0,3.0,0.5,0.8015,2.0,2562.03,0.3093,4,0,1,0,1,0,0,0,1,0,1,1,0,0,1,0,0,0,436800.0,https://www.mubawab-media.com/ad/8/296/847F/h/177d9e83-c794-449f-844c-fb1b8c328e64_81897503.avif
1,0.3533,36.899,10.2358,61.0,2.0,2.0,0.5,0.4235,2.0,43985.0,0.339,4,0,0,0,0,0,0,0,1,0,0,0,0,0,0,1,0,0,215000.0,https://www.mubawab-media.com/ad/8/260/002F/h/thumb_1216301_property_xlarge_81487460.avif
16,0.2833,36.4561,10.7376,73.0,2.0,1.0,0.5,0.4454,2.0,154974.0,0.3402,4,0,1,1,1,1,1,1,1,1,1,1,1,1,1,0,0,0,335000.0,https://www.mubawab-media.com/ad/8/296/662F/h/thumb_1270355_property_xlarge_81895662.avif
1,0.32,36.8665,10.1647,70.0,2.0,1.0,0.5,0.5305,2.0,43985.0,0.3188,4,0,1,0,1,0,0,0,0,1,1,1,0,0,1,0,0,0,224000.0,https://www.mubawab-media.com/ad/8/233/761F/h/mon12_81226837.avif
1,0.32,36.8665,10.1647,212.0,4.0,3.0,0.5,0.5305,2.0,43985.0,0.3346,4,0,1,0,1,0,0,1,0,1,1,1,0,0,1,0,0,0,601000.0,https://www.mubawab-media.com/ad/7/616/180F/h/1673019727116_39255540.avif
23,0.4,36.8769,10.3247,66.0,2.0,1.0,0.5,0.8015,2.0,2562.03,0.277,4,0,1,0,1,0,0,1,0,1,1,0,0,0,1,0,0,0,285000.0,https://www.mubawab-media.com/ad/8/109/911F/h/V25-002019_79943362.avif
23,0.4,36.8769,10.3247,146.0,4.0,4.0,0.5,0.8015,2.0,2562.03,0.2738,4,0,1,0,0,0,0,0,0,1,1,0,0,0,0,0,0,0,400000.0,https://www.mubawab-media.com/ad/8/296/617F/h/598760523_1197363125072224_5899168657788210535_n%20%281%29_81895224.avif
3,0.14,36.8,10.1,100.0,2.0,2.0,0.5,0.2793,2.0,110184.0,0.316,4,0,0,0,1,0,0,0,0,0,0,0,0,0,0,0,0,0,205000.0,https://www.mubawab-media.com/ad/8/296/621F/h/thumb_1270417_property_large_81895240.avif
1,0.3533,36.899,10.2358,66.0,2.0,1.0,0.5,0.4235,2.0,43985.0,0.2746,4,0,1,0,1,0,0,1,0,1,0,0,0,0,1,0,0,0,238000.0,https://www.mubawab-media.com/ad/8/271/846F/h/thumb_1226647_property_xlarge_81628245.avif
16,0.2833,36.4561,10.7376,73.0,2.0,1.0,0.5,0.4454,2.0,154974.0,0.2758,4,0,1,0,1,1,0,1,0,0,0,0,0,0,0,0,0,1,300000.0,https://www.mubawab-media.com/ad/8/296/571F/h/thumb_1221453_property_big_81894761.avif
23,0.4,36.8769,10.3247,132.0,1.0,2.0,0.5,0.8015,2.0,2562.03,0.3244,4,0,0,0,1,0,0,0,0,0,0,0,0,0,0,1,0,0,427000.0,https://www.mubawab-media.com/ad/8/152/413F/h/regalia-nuit-1-1_36554497_80371764.avif
1,0.32,36.8665,10.1647,175.0,4.0,3.0,0.5,0.5305,2.0,43985.0,0.3116,4,0,1,0,1,0,0,1,0,1,0,0,0,0,1,0,0,0,400000.0,https://www.mubawab-media.com/ad/8/159/049F/h/29ee0d1d-1ed1-4648-8fdf-cd0f44d66a32_81437043.avif
20,0.26,35.8245,10.6346,141.0,4.0,3.0,0.5,0.517,2.0,150620.48,0.3168,1,0,0,0,1,0,0,0,0,0,0,0,0,0,0,0,0,0,145000.0,https://www.mubawab-media.com/ad/8/296/546F/h/WhatsApp%20Image%202026-02-02%20at%2016.47.19_81894408.avif
1,0.3533,36.899,10.2358,70.0,2.0,2.0,0.5,0.4235,2.0,43985.0,0.316,4,0,0,0,1,0,0,1,0,0,0,0,0,0,0,0,0,0,250000.0,https://www.mubawab-media.com/ad/8/275/425F/h/thumb_1230410_property_xlarge_81665352.avif
23,0.6867,36.819,10.1658,136.0,4.0,3.0,0.5,0.5524,2.0,2562.03,0.3415,4,0,1,0,1,0,0,1,0,1,1,0,0,0,0,0,0,0,622000.0,https://www.mubawab-media.com/ad/7/928/578F/h/lac-immo-de-l-avenue_76293316_76293802.avif
3,0.14,36.8,10.1,92.0,3.0,2.0,0.5,0.2793,2.0,110184.0,0.2778,4,0,1,0,0,1,0,1,0,1,0,0,0,0,0,0,0,0,260000.0,https://www.mubawab-media.com/ad/8/285/429F/h/01_81775576.avif
3,0.14,36.8,10.1,107.0,2.0,2.0,0.5,0.2793,2.0,110184.0,0.3188,4,0,0,0,1,0,0,0,0,0,0,0,0,0,0,0,0,0,230000.0,https://www.mubawab-media.com/ad/8/288/416F/h/thumb_1175742_property_large_81805630.avif
3,0.14,36.8,10.1,93.0,2.0,2.0,0.5,0.2793,2.0,110184.0,0.3136,4,0,0,0,1,0,0,0,0,0,0,0,0,0,0,0,0,0,190000.0,https://www.mubawab-media.com/ad/8/282/097F/h/thumb_1235465_property_large_81742644.avif
3,0.14,36.8,10.1,75.0,2.0,1.0,0.5,0.2793,2.0,110184.0,0.3136,4,0,0,0,0,0,0,0,0,0,0,0,0,0,0,0,0,0,160000.0,https://www.mubawab-media.com/ad/8/281/771F/h/thumb_1234823_property_large_81739262.avif
23,0.1867,36.8094,10.1414,100.0,4.0,3.0,0.5,0.3144,2.0,2562.03,0.277,4,0,1,0,1,0,0,0,1,1,1,1,0,0,1,0,0,0,250000.0,https://www.mubawab-media.com/ad/8/173/763F/h/9a42743b-8eca-417b-8ae4-ebdbccbafc4c_80599277.avif
23,0.4,36.819,10.2358,115.0,3.0,2.0,0.5,0.517,2.0,43985.0,0.3168,4,0,0,0,0,0,0,0,0,0,0,0,0,0,0,0,0,0,240000.0,nan
1,0.32,36.8665,10.1647,117.0,3.0,2.0,0.5,0.5305,2.0,43985.0,0.2694,4,0,0,0,0,0,0,1,0,1,1,0,0,0,0,0,0,0,315000.0,https://www.mubawab-media.com/ad/8/262/785F/h/gallery_81526374.avif
23,0.1733,36.819,10.1658,185.0,3.0,2.0,0.5,0.6863,2.0,2562.03,0.2694,4,0,0,0,0,0,0,0,0,0,0,0,0,0,0,0,0,0,377000.0,https://www.mubawab-media.com/ad/8/232/241F/h/gallery_81203513.avif
23,0.1733,36.819,10.1658,70.0,3.0,2.0,0.5,0.6863,2.0,2562.03,0.2694,4,0,0,0,0,0,0,0,0,0,0,0,0,0,0,0,0,0,145000.0,https://www.mubawab-media.com/ad/8/215/633F/h/35e3991d-5563-4396-a69c-cf01c1939279_81058509.avif
1,0.3533,36.899,10.2358,111.0,3.0,3.0,0.5,0.4235,2.0,43985.0,0.2774,4,0,0,0,1,0,0,1,0,1,1,1,0,0,0,0,0,0,370000.0,https://www.mubawab-media.com/ad/8/284/459F/h/thumb_1236701_property_xlarge_81764091.avif
13,0.16,36.8,10.1,115.0,3.0,2.0,0.5,0.2875,2.0,110184.0,0.2694,4,0,0,0,1,0,0,0,1,0,0,1,0,0,0,0,0,0,123000.0,https://www.mubawab-media.com/ad/8/155/345F/h/gallery_80411447.avif
13,0.16,36.8,10.1,97.0,3.0,2.0,0.5,0.2875,2.0,110184.0,0.2694,4,0,1,0,1,0,0,1,0,1,1,0,0,0,0,0,0,0,230000.0,https://www.mubawab-media.com/ad/8/244/727F/h/Entr%C3%A9e_81332102.avif
23,0.4,36.8769,10.3247,56.0,2.0,1.0,0.5,0.8015,2.0,2562.03,0.3156,4,0,0,0,1,0,0,0,0,0,0,0,0,0,0,0,0,0,195000.0,https://www.mubawab-media.com/ad/8/294/634F/h/thumb_1268448_property_large_81870941.avif
23,0.4,36.8769,10.3247,49.0,2.0,1.0,0.5,0.8015,2.0,2562.03,0.32,4,0,1,0,0,1,0,1,0,0,0,0,0,0,1,1,0,0,218000.0,https://www.mubawab-media.com/ad/8/257/879F/h/WhatsApp%20Image%202025-11-25%20at%2012.10.25%20PM%20%281%29_81470486.avif
23,0.4,36.8769,10.3247,67.0,2.0,1.0,0.5,0.8015,2.0,2562.03,0.3172,4,0,1,0,0,0,0,1,0,0,0,0,0,0,1,1,0,0,266680.0,https://www.mubawab-media.com/ad/8/285/144F/h/WhatsApp%20Image%202026-01-12%20at%206.29.13%20PM_81771494.avif
23,0.4,36.8769,10.3247,57.0,2.0,1.0,0.5,0.8015,2.0,2562.03,0.318,4,0,1,0,0,0,0,1,0,0,0,0,0,0,1,1,0,0,216000.0,https://www.mubawab-media.com/ad/8/268/694F/h/Residence%20Marbella_Patio_16%20-%20Photo_81686461.avif
23,0.4,36.8769,10.3247,52.0,2.0,1.0,0.5,0.8015,2.0,2562.03,0.32,4,0,1,0,0,0,0,1,0,0,0,0,0,0,1,1,0,0,215000.0,https://www.mubawab-media.com/ad/8/249/107F/h/WhatsApp%20Image%202026-01-16%20at%201.43.21%20PM%20%283%29_81810837.avif
23,0.4,36.8769,10.3247,115.0,3.0,2.0,0.5,0.8015,2.0,2562.03,0.3501,4,0,0,0,0,0,0,0,0,1,1,0,0,0,0,0,0,0,345000.0,https://www.mubawab-media.com/ad/8/284/280F/h/IMG-20251129-WA0011_81762426.avif
23,0.4,36.8769,10.3247,60.0,2.0,1.0,0.5,0.8015,2.0,2562.03,0.3176,4,0,1,0,1,0,0,0,0,1,0,0,0,0,1,0,0,0,225000.0,https://www.mubawab-media.com/ad/8/296/144F/h/WhatsApp%20Image%202026-02-02%20at%201.37.00%20PM_81890381.avif
20,0.3067,35.8604,10.5953,108.0,3.0,2.0,0.5,0.3642,2.0,150620.48,0.279,4,0,1,0,1,0,0,0,1,0,1,0,1,0,0,0,0,0,309000.0,https://www.mubawab-media.com/ad/8/296/137F/h/Picture-86693929-4-watermark_81890319.avif
16,0.2833,36.4561,10.7376,90.0,3.0,2.0,0.5,0.4454,2.0,154974.0,0.3045,4,0,0,0,1,0,0,1,0,1,1,0,0,0,0,1,0,0,260000.0,https://www.mubawab-media.com/ad/8/069/839F/h/WhatsApp%20Image%202024-11-01%20at%2012.08.51_79554128.avif
3,0.1133,36.7533,10.2283,103.0,3.0,2.0,0.5,0.4302,2.0,114262.5,0.2694,4,0,0,0,0,0,0,1,1,0,0,0,0,0,0,0,0,0,180000.0,https://www.mubawab-media.com/ad/8/214/068F/h/gallery_81006379.avif
1,0.3533,36.899,10.2358,107.0,3.0,2.0,0.5,0.4235,2.0,43985.0,0.3277,4,0,1,0,0,0,0,1,0,1,1,1,0,0,1,0,0,0,330000.0,https://www.mubawab-media.com/ad/8/283/278F/h/thumb_1230835_property_xlarge_81751997.avif
16,0.2833,36.4561,10.7376,95.0,2.0,2.0,0.5,0.4454,2.0,154974.0,0.2758,4,0,0,0,1,1,0,0,0,0,0,0,0,0,0,0,0,0,410000.0,https://www.mubawab-media.com/ad/8/252/401F/h/thumb_1206646_property_large_81409813.avif
1,0.3533,36.899,10.2358,58.0,2.0,1.0,0.5,0.4235,2.0,43985.0,0.2774,4,0,1,0,1,0,0,1,1,1,1,1,1,1,1,0,0,0,245000.0,https://www.mubawab-media.com/ad/8/295/959F/h/612193130_122273293040236584_3917765587103626587_n_81888344.avif
1,0.32,36.8665,10.1647,180.0,4.0,3.0,0.5,0.5305,2.0,43985.0,0.318,4,0,1,0,1,0,0,1,0,1,1,1,0,0,1,0,0,0,395000.0,https://www.mubawab-media.com/ad/8/276/554F/h/4d8d5569-18a5-40f5-8459-57757d91960e%20-%20Modifi%C3%A9_81678424.avif
1,0.3533,36.899,10.2358,83.0,3.0,2.0,0.5,0.4235,2.0,43985.0,0.277,4,0,1,0,1,0,0,1,1,1,1,1,1,1,1,0,0,0,340000.0,https://www.mubawab-media.com/ad/8/295/957F/h/622349693_122276454242236584_7574241534063666899_n_81888285.avif
3,0.14,36.8,10.1,61.0,2.0,1.0,0.5,0.2793,2.0,110184.0,0.3168,4,0,0,0,0,1,0,1,1,1,1,0,0,0,0,0,0,0,180000.0,https://www.mubawab-media.com/ad/8/285/430F/h/PAGE%20DE%20GARDE_81774133_81774613.avif
1,0.332,36.8665,10.1647,140.0,4.0,3.0,0.5,0.247,2.0,43985.0,0.3363,4,0,1,0,0,0,0,0,0,1,0,0,0,0,0,0,0,0,408000.0,https://www.mubawab-media.com/ad/8/164/001F/h/P2-O16_80564473.avif
23,0.4,36.8769,10.3247,46.0,3.0,1.0,0.5,0.8015,2.0,2562.03,0.3224,4,0,1,0,0,1,0,1,0,0,0,0,0,0,1,1,0,0,211000.0,https://www.mubawab-media.com/ad/8/274/852F/h/photo_00_81659392.avif
16,0.32,36.4561,10.7376,90.0,3.0,2.0,0.5,0.4552,2.0,154974.0,0.2778,4,0,1,0,0,1,0,0,1,1,1,0,0,0,0,0,0,0,350000.0,https://www.mubawab-media.com/ad/8/297/608F/h/WhatsApp%20Image%202026-02-04%20at%2012.10.33%20%282%29_81905473.avif
1,0.3533,36.899,10.2358,155.0,4.0,3.0,0.5,0.4235,2.0,43985.0,0.3116,4,0,1,0,1,0,0,1,0,0,0,0,0,0,1,0,0,0,530000.0,https://www.mubawab-media.com/ad/8/245/891F/h/salon_81344373.avif
1,0.3533,36.899,10.2358,270.0,5.0,4.0,0.5,0.4235,2.0,43985.0,0.3352,4,0,0,0,1,1,0,1,1,1,1,1,1,1,0,1,0,0,1350000.0,https://www.mubawab-media.com/ad/8/298/864F/h/image_1_81921699.avif
23,0.6867,36.819,10.2358,115.0,3.0,2.0,0.5,0.517,2.0,43985.0,0.3168,4,0,0,0,0,0,0,0,0,0,0,0,0,0,0,0,0,0,635000.0,nan
23,0.32,36.844,10.192,206.0,3.0,2.0,0.5,0.3403,2.0,43985.0,0.2694,4,0,1,0,1,0,0,1,0,1,1,1,0,0,0,0,0,0,475000.0,https://www.mubawab-media.com/ad/8/228/688F/h/gallery_81162997.avif
16,0.2367,36.8,10.1,250.0,3.0,3.0,0.5,0.2091,2.0,110184.0,0.3144,4,0,0,0,1,0,1,0,0,1,0,0,0,0,0,0,0,0,850000.0,https://www.mubawab-media.com/ad/8/144/659F/h/Sans%20titre_80295078.avif
16,0.13,36.8,10.1,100.0,2.0,2.0,0.5,0.2426,2.0,110184.0,0.3176,4,0,0,0,0,0,0,0,0,0,0,0,0,0,0,0,0,0,180000.0,https://www.mubawab-media.com/ad/8/269/871F/h/5_81607397.avif
20,0.3067,36.8,10.1,134.0,1.0,4.0,0.5,0.334,2.0,110184.0,0.3164,4,0,1,0,1,0,0,1,0,1,1,1,0,0,0,0,0,0,630000.0,https://www.mubawab-media.com/ad/8/127/876F/h/1_80126064.avif
20,0.0033,36.8,10.1,97.0,1.0,2.0,0.5,0.183,2.0,110184.0,0.2774,4,0,0,1,0,0,0,0,0,1,1,1,0,0,0,0,0,0,120000.0,https://www.mubawab-media.com/ad/8/199/198F/h/1_80853732.avif
20,0.3067,35.8604,10.5953,135.0,3.0,2.0,0.5,0.3642,2.0,150620.48,0.3297,4,0,0,0,1,0,0,0,1,1,1,1,0,0,0,0,0,0,563644.0,https://www.mubawab-media.com/ad/7/670/707F/h/Vue%204%20exterieur_44044207.avif
20,0.3067,35.8604,10.5953,95.0,3.0,2.0,0.5,0.3642,2.0,150620.48,0.2911,4,0,1,0,1,0,1,0,0,1,0,0,0,0,0,0,0,0,393633.0,https://www.mubawab-media.com/ad/7/670/704F/h/NVWhatsApp%20Image%202022-12-20%20%C3%A0%2017.27.04_44043814.avif
1,0.3533,36.899,10.2358,147.0,4.0,3.0,0.5,0.4235,2.0,43985.0,0.3112,4,0,1,0,1,0,0,1,0,0,0,0,0,0,1,0,0,0,430000.0,https://www.mubawab-media.com/ad/8/024/679F/h/thumb_936617_property_large_79107110.avif
20,0.3067,35.8604,10.5953,132.0,3.0,2.0,0.5,0.3642,2.0,150620.48,0.3412,4,0,1,0,1,1,0,0,1,0,0,0,0,0,1,1,0,0,620152.0,https://www.mubawab-media.com/ad/8/243/278F/h/NVWhatsApp%20Image%202022-12-20%20%C3%A0%2017.27.04_44037075_81314966.avif
20,0.3067,35.8604,10.5953,148.0,4.0,3.0,0.5,0.3642,2.0,150620.48,0.3184,4,0,0,0,0,1,0,0,1,1,1,0,0,0,1,0,0,0,596785.0,https://www.mubawab-media.com/ad/8/243/277F/h/NVWhatsApp%20Image%202022-12-20%20%C3%A0%2017.27.04_44037075_81314935.avif
20,0.3067,35.8604,10.5953,133.0,4.0,3.0,0.5,0.3642,2.0,150620.48,0.3188,4,0,0,0,0,1,0,0,1,1,1,0,0,0,1,0,0,0,538118.0,https://www.mubawab-media.com/ad/8/243/281F/h/NVWhatsApp%20Image%202022-12-20%20%C3%A0%2017.27.04_44037075_81315083.avif
23,0.4,36.8769,10.3247,122.0,1.0,2.0,0.5,0.8015,2.0,2562.03,0.2734,4,0,1,0,0,0,0,1,0,0,1,0,0,0,1,0,0,0,335000.0,https://www.mubawab-media.com/ad/8/293/922F/h/Design%20sans%20titre%20-%202026-01-29T125709.060_81862918.avif
20,0.3067,35.8604,10.5953,150.0,4.0,3.0,0.5,0.3642,2.0,150620.48,0.322,4,0,0,0,0,1,0,0,1,1,1,0,0,0,1,0,0,0,621626.0,https://www.mubawab-media.com/ad/8/243/275F/h/NVWhatsApp%20Image%202022-12-20%20%C3%A0%2017.27.04_44037075_81314838.avif
23,0.1733,36.819,10.1658,90.0,4.0,3.0,0.5,0.6863,2.0,2562.03,0.316,4,0,0,0,0,0,0,0,0,0,0,0,0,0,0,0,0,0,165000.0,https://www.mubawab-media.com/ad/8/219/801F/h/img001_81067523.avif
23,0.5067,36.8528,10.3247,180.0,8.0,2.0,0.5,0.5388,2.0,2562.03,0.3274,4,0,0,1,0,0,1,1,1,1,1,1,0,1,0,1,0,0,2000000.0,https://www.mubawab-media.com/ad/8/295/420F/h/ebdd36ae-ff5f-47e6-bd5b-76da04bbb5fa_81882398.avif
23,0.4,36.8769,10.3247,66.0,4.0,1.0,0.5,0.8015,2.0,2562.03,0.3172,4,0,1,0,1,0,0,1,1,1,1,1,0,0,1,0,0,0,300000.0,https://www.mubawab-media.com/ad/8/295/405F/h/2fcb82a0-841b-4263-b864-0122034c2534_81882212.avif
20,0.3067,36.8,10.1,125.0,4.0,3.0,0.5,0.3807,2.0,110184.0,0.2762,4,0,1,0,1,0,0,0,1,1,1,1,1,1,1,0,0,0,370000.0,https://www.mubawab-media.com/ad/8/295/349F/h/f6ee8a4e-72d8-465b-aa81-19eb673b3d55_81881441.avif
16,0.2833,36.4561,10.7376,163.0,4.0,3.0,0.5,0.4454,2.0,154974.0,0.312,4,0,1,0,1,1,1,1,1,1,1,1,0,0,1,0,0,1,540000.0,https://www.mubawab-media.com/ad/8/069/588F/h/WhatsApp%20Image%202024-11-12%20at%2017.04.09_79551495.avif
23,0.6867,36.819,10.1658,160.0,4.0,3.0,0.5,0.5524,2.0,2562.03,0.3321,4,0,1,0,1,0,0,1,0,1,1,0,0,0,0,0,0,0,720000.0,https://www.mubawab-media.com/ad/7/928/577F/h/WhatsApp%20Image%202024-05-30%20at%2016.25.52_76293325_76293789.avif
3,0.14,36.8,10.1,134.0,4.0,3.0,0.5,0.2793,2.0,110184.0,0.2778,4,0,0,0,0,1,0,1,0,1,0,0,0,0,0,0,0,0,365000.0,https://www.mubawab-media.com/ad/8/285/428F/h/02_81775738.avif
23,0.32,36.844,10.192,206.0,3.0,2.0,0.5,0.3403,2.0,43985.0,0.2694,4,0,1,0,1,0,0,1,0,1,1,0,0,0,0,0,0,0,475000.0,https://www.mubawab-media.com/ad/8/228/688F/h/gallery_81162997.avif
23,0.32,36.844,10.192,245.0,3.0,4.0,0.5,0.3403,2.0,43985.0,0.2694,4,0,1,0,1,0,0,1,0,1,1,0,0,0,0,0,0,0,530000.0,https://www.mubawab-media.com/ad/8/221/287F/h/gallery_81083014.avif
23,0.4,36.8769,10.3247,110.0,3.0,2.0,0.5,0.8015,2.0,2562.03,0.2694,4,0,0,0,0,0,0,0,0,1,1,0,0,0,0,0,0,0,365000.0,https://www.mubawab-media.com/ad/8/291/313F/h/gallery_81836215.avif
23,0.6867,36.819,10.2358,115.0,3.0,2.0,0.5,0.517,2.0,43985.0,0.3168,4,0,0,0,0,0,0,0,0,0,0,0,0,0,0,0,0,0,635000.0,nan
16,0.2833,36.4561,10.7376,135.0,4.0,3.0,0.5,0.4454,2.0,154974.0,0.3168,4,0,1,0,1,1,1,1,1,1,1,1,1,1,1,0,0,0,450000.0,https://www.mubawab-media.com/ad/8/131/098F/h/thumb_1088470_property_xlarge_80255531.avif
23,0.6867,36.819,10.1658,68.0,3.0,2.0,0.5,0.5524,2.0,2562.03,0.3196,4,0,0,0,1,0,0,1,0,1,1,1,1,0,0,0,0,0,250000.0,https://www.mubawab-media.com/ad/8/295/309F/h/aa8c5f1b-1b75-4001-ae19-accbb96d458c%20%281%29_81880997.avif
23,0.6867,36.819,10.1658,150.0,3.0,2.0,0.5,0.5524,2.0,2562.03,0.318,4,0,1,0,1,0,0,0,1,1,1,1,1,0,1,0,0,0,830000.0,https://www.mubawab-media.com/ad/8/169/531F/h/6t7AhWeAHEnBwM97-thumb_80554825.avif
23,0.4,36.8769,10.3247,200.0,4.0,3.0,0.5,0.8015,2.0,2562.03,0.3148,4,0,0,0,1,0,0,0,1,1,1,1,0,0,0,1,0,0,620000.0,https://www.mubawab-media.com/ad/8/248/558F/h/IS4SSfGiWoMWw5oX-thumb_81370141.avif
1,0.3533,36.899,10.2358,81.0,2.0,1.0,0.5,0.4235,2.0,43985.0,0.2778,4,0,1,0,0,0,0,0,1,1,1,1,1,0,1,0,0,0,249000.0,https://www.mubawab-media.com/ad/8/152/834F/h/pEL5bs5n1C1yPIE1-thumb_80375922.avif
23,0.4,36.8769,10.3247,160.0,4.0,3.0,0.5,0.8015,2.0,2562.03,0.316,4,0,1,0,1,0,0,1,1,1,1,1,1,0,1,1,0,0,860000.0,https://www.mubawab-media.com/ad/8/270/712F/h/cdLgfhYgsuREgstb-thumb_81616469.avif
23,0.4,36.8769,10.3247,117.0,3.0,2.0,0.5,0.8015,2.0,2562.03,0.3116,4,0,1,0,1,0,0,1,0,1,1,0,0,0,0,0,0,0,490000.0,https://www.mubawab-media.com/ad/8/195/865F/h/vFRJLStiQ3Z7DOoY-thumb%20-%20Copie_80822406.avif
1,0.32,36.8665,10.1647,60.0,2.0,1.0,0.5,0.5305,2.0,43985.0,0.2746,4,0,0,0,0,0,0,0,0,0,1,0,0,0,0,0,0,0,180000.0,https://www.mubawab-media.com/ad/8/295/272F/h/thumb_1269277_property_large_81880479.avif
23,0.4,36.8769,10.3247,220.0,4.0,3.0,0.5,0.8015,2.0,2562.03,0.2758,4,0,1,0,1,0,1,1,0,0,0,0,0,0,1,0,0,0,1050000.0,https://www.mubawab-media.com/ad/8/051/970F/h/detail_79378066.avif
16,0.2833,36.4561,10.7376,71.0,2.0,1.0,0.5,0.4454,2.0,154974.0,0.3172,4,0,0,0,1,1,0,1,0,1,1,0,0,0,0,0,0,0,375000.0,https://www.mubawab-media.com/ad/8/277/626F/h/thumb_1232426_property_large_81690397.avif
16,0.2833,36.4561,10.7376,141.0,4.0,3.0,0.5,0.4454,2.0,154974.0,0.3609,4,0,1,0,1,1,0,1,0,0,0,0,0,0,1,0,0,0,530000.0,https://www.mubawab-media.com/ad/8/264/661F/h/thumb_1218878_property_large_81548907.avif
1,0.3533,36.899,10.2358,110.0,3.0,2.0,0.5,0.4235,2.0,43985.0,0.3211,4,0,0,0,0,0,0,0,0,0,0,0,0,0,0,0,0,0,400000.0,https://www.mubawab-media.com/ad/8/295/226F/h/IMG_1272_81880095.avif
16,0.13,36.8,10.1,75.0,3.0,2.0,0.5,0.2426,2.0,110184.0,0.2762,4,0,0,0,0,0,0,0,0,0,0,0,0,0,0,0,0,0,160000.0,https://www.mubawab-media.com/ad/8/228/245F/h/555913081_810353871471573_8812910912470080130_n_81158286.avif
16,0.32,36.4561,10.7376,180.0,2.0,1.0,0.5,0.4552,2.0,154974.0,0.3552,1,0,1,0,1,1,1,1,0,0,0,0,0,0,0,0,0,0,700000.0,https://www.mubawab-media.com/ad/8/256/752F/h/thumb_1213483_property_large_81454929.avif
16,0.2833,36.4561,10.7376,104.0,3.0,2.0,0.5,0.4454,2.0,154974.0,0.3612,4,0,1,0,1,0,1,1,0,0,0,0,0,0,0,0,0,0,526000.0,https://www.mubawab-media.com/ad/8/276/108F/h/thumb_1231246_property_large_81672857.avif
16,0.2833,36.4561,10.7376,58.0,2.0,1.0,0.5,0.4454,2.0,154974.0,0.3184,4,0,0,0,1,1,0,1,0,1,0,0,0,0,0,0,0,0,269000.0,https://www.mubawab-media.com/ad/8/279/504F/h/thumb_1169131_property_large_81711010.avif
16,0.2833,36.4561,10.7376,57.0,2.0,1.0,0.5,0.4454,2.0,154974.0,0.3412,4,0,0,0,1,1,0,1,0,1,1,0,0,0,0,0,0,0,317000.0,https://www.mubawab-media.com/ad/8/263/605F/h/thumb_1218242_property_large_81535267.avif
16,0.2833,36.4561,10.7376,76.0,2.0,1.0,0.5,0.4454,2.0,154974.0,0.3168,4,0,1,0,1,1,0,1,0,0,0,0,0,0,1,0,0,0,260000.0,https://www.mubawab-media.com/ad/8/012/726F/h/thumb_892780_property_xlarge_78991720.avif
16,0.32,36.4561,10.7376,78.0,3.0,2.0,0.5,0.4552,2.0,154974.0,0.3156,4,0,0,0,0,0,0,0,0,1,1,1,0,0,0,0,0,0,220000.0,https://www.mubawab-media.com/ad/8/256/734F/h/thumb_1213432_property_large_81454731.avif
16,0.2833,36.4561,10.7376,72.0,2.0,1.0,0.5,0.4454,2.0,154974.0,0.3301,4,0,1,0,1,1,0,1,1,1,1,1,1,1,1,0,0,1,327000.0,https://www.mubawab-media.com/ad/8/169/238F/h/thumb_1117751_property_xlarge_80552318.avif
16,0.2833,36.4561,10.7376,190.0,3.0,2.0,0.5,0.4454,2.0,154974.0,0.3245,4,0,1,0,1,1,0,0,1,1,1,1,1,1,1,1,0,1,470000.0,https://www.mubawab-media.com/ad/7/820/424F/h/343577267_185400087699252_8949330817873401371_n-ink%20%282%29_61425702.avif
16,0.13,36.8,10.1,85.0,2.0,2.0,0.5,0.2426,2.0,110184.0,0.314,4,0,0,0,0,0,0,0,0,0,0,0,0,0,0,0,0,0,185000.0,https://www.mubawab-media.com/ad/8/209/816F/h/Sans%20titre2_80961770.avif
16,0.2833,36.4561,10.7376,65.0,3.0,2.0,0.5,0.4454,2.0,154974.0,0.2694,4,0,0,0,1,0,0,0,0,1,1,1,0,0,0,0,0,0,220000.0,https://www.mubawab-media.com/ad/8/285/402F/h/881936bc-2780-494b-8fe0-d89a0e45af4c_81819894.avif
16,0.2833,36.4561,10.7376,390.0,4.0,3.0,0.5,0.4454,2.0,154974.0,0.2714,4,0,0,0,1,0,1,0,1,1,1,1,0,0,0,1,0,0,410000.0,https://www.mubawab-media.com/ad/8/285/394F/h/01a49f1f-0860-429d-b2f6-66e3efe88895_81774074.avif
23,0.6867,36.819,10.1658,136.0,4.0,3.0,0.5,0.5524,2.0,2562.03,0.3415,4,0,1,0,1,0,0,1,0,1,1,0,0,0,0,0,0,0,622000.0,https://www.mubawab-media.com/ad/7/928/578F/h/lac-immo-de-l-avenue_76293316_76293802.avif
3,0.14,36.8,10.1,92.0,3.0,2.0,0.5,0.2793,2.0,110184.0,0.2778,4,0,1,0,0,1,0,1,0,1,0,0,0,0,0,0,0,0,260000.0,https://www.mubawab-media.com/ad/8/285/429F/h/01_81775576.avif
12,0.1333,36.8,10.1,105.0,3.0,2.0,0.5,0.1779,2.0,110184.0,0.273,4,0,0,0,1,0,0,0,1,1,1,0,0,0,0,0,0,0,265000.0,https://www.mubawab-media.com/ad/8/301/675F/h/detail_81949562.avif
23,0.32,36.844,10.192,115.0,4.0,3.0,0.5,0.3403,2.0,43985.0,0.3164,4,0,0,0,1,0,0,0,0,1,1,1,0,0,1,0,0,0,245000.0,https://www.mubawab-media.com/ad/8/298/753F/h/resize-image%20%282%29_81920180.avif
12,0.1333,36.8,10.1,196.0,4.0,3.0,0.5,0.1779,2.0,110184.0,0.2742,4,0,0,0,1,0,1,1,0,1,1,1,0,0,0,1,0,0,380000.0,https://www.mubawab-media.com/ad/8/301/427F/h/gallery%20%282%29_81947207.avif
23,0.4,36.819,10.2358,115.0,3.0,2.0,0.5,0.517,2.0,43985.0,0.3168,4,0,0,0,0,0,0,0,0,0,0,0,0,0,0,0,0,0,890000.0,nan
23,0.4,36.8769,10.3247,182.0,4.0,3.0,0.5,0.8015,2.0,2562.03,0.273,4,0,1,0,1,0,0,1,1,1,1,1,1,1,1,0,0,0,388000.0,https://www.mubawab-media.com/ad/8/238/974F/h/WhatsApp%20Image%202025-09-09%20%C3%A0%2013.16.35_6f8527b9_81872032.avif
23,0.6867,36.819,10.1658,147.0,4.0,3.0,0.5,0.5524,2.0,2562.03,0.3553,4,0,1,0,1,0,1,1,1,1,1,1,1,1,1,0,0,0,700000.0,https://www.mubawab-media.com/ad/8/286/468F/h/4b5fffcb-ff71-4004-8351-1bcb47652776_81785025.avif
23,0.4,36.8769,10.3247,120.0,4.0,3.0,0.5,0.8015,2.0,2562.03,0.2694,4,0,0,0,0,0,0,0,0,0,1,0,0,0,0,0,0,0,280000.0,https://www.mubawab-media.com/ad/8/219/734F/h/gallery_81066754.avif
1,0.3533,36.899,10.2358,146.0,4.0,3.0,0.5,0.4235,2.0,43985.0,0.3096,4,0,1,0,1,0,0,1,0,1,1,1,1,1,0,0,0,0,640000.0,https://www.mubawab-media.com/ad/8/289/750F/h/thumb_1263408_property_large_81819534.avif
23,0.4,36.8769,10.3247,100.0,3.0,2.0,0.5,0.8015,2.0,2562.03,0.2828,4,0,0,0,1,0,0,0,0,0,0,0,0,0,0,0,0,0,850000.0,https://www.mubawab-media.com/ad/8/079/413F/h/thumb_984009_property_xlarge_79647853.avif
23,0.1867,36.8094,10.1414,472.0,5.0,4.0,0.5,0.3144,2.0,2562.03,0.3569,4,0,1,1,1,0,0,1,1,1,1,1,0,0,1,1,0,0,560000.0,https://www.mubawab-media.com/ad/8/139/765F/h/7bb7c75a-511c-449f-888e-022792d9e6b4_WhatsApp%20Image%202025-05-09%20at%2018.32.35%20%282%29_80247426.avif
1,0.32,36.8665,10.1647,203.0,4.0,3.0,0.5,0.5305,2.0,43985.0,0.2722,4,0,1,0,1,0,0,1,0,1,1,1,0,1,0,0,0,0,695000.0,https://www.mubawab-media.com/ad/8/274/053F/h/1_81651754.avif
23,0.6867,36.819,10.1658,61.0,2.0,1.0,0.5,0.5524,2.0,2562.03,0.2742,1,0,1,0,1,0,0,1,0,1,0,0,0,0,1,0,0,0,350550.0,https://www.mubawab-media.com/ad/8/289/481F/h/plan_81816806.avif
1,0.32,36.8665,10.1647,140.0,3.0,2.0,0.5,0.5305,2.0,43985.0,0.314,4,0,1,0,1,0,0,1,0,0,0,0,0,0,0,0,0,0,392000.0,https://www.mubawab-media.com/ad/8/294/690F/h/395675e6-0b9c-4217-b4b6-10a5f5b6466f_GF_81871693.avif
1,0.32,36.8665,10.1647,110.0,3.0,2.0,0.5,0.5305,2.0,43985.0,0.2694,4,0,0,0,1,0,0,0,1,0,1,0,0,0,0,0,0,0,260000.0,https://www.mubawab-media.com/ad/8/294/544F/h/gallery_81869994.avif
13,0.16,36.8,10.1,70.0,3.0,2.0,0.5,0.2875,2.0,110184.0,0.2694,2,0,0,0,1,0,0,0,0,0,0,0,0,0,0,0,0,0,175000.0,https://www.mubawab-media.com/ad/8/294/464F/h/gallery_81869154.avif
20,0.26,35.8245,10.6346,476.0,3.0,2.0,0.5,0.517,2.0,150620.48,0.2694,1,0,0,0,0,1,0,0,0,0,0,0,0,0,0,1,0,0,851000.0,https://www.mubawab-media.com/ad/8/294/440F/h/gallery_81869029.avif
13,0.16,36.8,10.1,105.0,3.0,2.0,0.5,0.2875,2.0,110184.0,0.271,4,0,0,0,1,0,0,0,0,0,0,0,0,0,0,1,0,0,330000.0,https://www.mubawab-media.com/ad/8/294/428F/h/gallery_81868887.avif
1,0.3533,36.899,10.2358,218.0,4.0,3.0,0.5,0.4235,2.0,43985.0,0.3394,4,0,0,0,1,0,0,1,0,1,1,1,0,0,0,0,0,0,1000000.0,https://www.mubawab-media.com/ad/8/294/370F/h/thumb_1268590_property_large_81868081.avif
1,0.3533,36.899,10.2358,100.0,2.0,1.0,0.5,0.4235,2.0,43985.0,0.3414,4,0,1,0,1,1,0,1,0,0,0,0,0,0,1,1,0,0,280000.0,https://www.mubawab-media.com/ad/8/153/406F/h/552413794_1976763153057688_4360178061129040550_n_81101490.avif
1,0.3533,36.899,10.2358,70.0,2.0,1.0,0.5,0.4235,2.0,43985.0,0.3249,1,0,1,0,0,0,0,1,0,1,0,0,0,0,1,1,0,0,270000.0,https://www.mubawab-media.com/ad/7/544/035F/h/08e0dd42-bb74-476d-9831-1f83b99be332_81649303.avif
23,0.1733,36.819,10.1658,60.0,3.0,2.0,0.5,0.6863,2.0,2562.03,0.2694,4,0,0,0,0,0,0,0,0,0,0,0,0,0,0,0,0,0,115000.0,https://www.mubawab-media.com/ad/8/247/681F/h/gallery_81362355.avif
23,0.6867,36.819,10.1658,118.0,2.0,2.0,0.5,0.5524,2.0,2562.03,0.3666,4,0,0,0,1,0,0,1,0,0,0,0,0,0,0,0,0,0,733000.0,https://www.mubawab-media.com/ad/7/771/698F/h/thumb_1233991_property_xlarge_81734172.avif
23,0.4,36.8769,10.3247,143.0,3.0,2.0,0.5,0.8015,2.0,2562.03,0.3403,4,0,0,0,1,0,0,1,0,1,1,0,0,0,0,0,0,0,825000.0,https://www.mubawab-media.com/ad/8/283/902F/h/thumb_1236347_property_xlarge_81758857.avif
16,0.32,36.4561,10.7376,57.0,2.0,1.0,0.5,0.4552,2.0,154974.0,0.3168,4,0,1,0,1,1,0,1,0,1,1,1,0,0,1,0,0,0,300000.0,https://www.mubawab-media.com/ad/8/247/936F/h/dc6db96b-5381-4492-91de-5f859ad37df2_81364434.avif
16,0.2833,36.4561,10.7376,63.0,2.0,1.0,0.5,0.4454,2.0,154974.0,0.2746,4,0,1,0,1,1,0,0,1,1,1,1,0,0,1,0,0,0,275000.0,https://www.mubawab-media.com/ad/8/284/921F/h/thumb_1237510_property_xlarge_81768906.avif
20,0.26,35.8245,10.6346,127.0,3.0,2.0,0.5,0.517,2.0,150620.48,0.2694,4,0,0,0,0,1,0,0,1,0,0,0,0,0,0,0,0,0,343000.0,https://www.mubawab-media.com/ad/8/267/467F/h/gallery_81582204.avif
16,0.2833,36.4561,10.7376,29.0,1.0,1.0,0.5,0.4454,2.0,154974.0,0.3424,4,0,0,0,1,1,0,0,0,1,0,1,0,0,1,0,0,0,150000.0,https://www.mubawab-media.com/ad/8/290/174F/h/thumb_1100299_property_xlarge_81824263.avif
16,0.2833,36.4561,10.7376,110.0,3.0,2.0,0.5,0.4454,2.0,154974.0,0.3136,4,0,1,0,1,1,0,0,1,1,1,1,1,1,1,0,0,0,400000.0,https://www.mubawab-media.com/ad/8/226/082F/h/1_81134843.avif
3,0.14,36.8,10.1,61.0,2.0,1.0,0.5,0.2793,2.0,110184.0,0.3168,4,0,0,0,0,1,0,1,1,1,1,0,0,0,0,0,0,0,180000.0,https://www.mubawab-media.com/ad/8/285/430F/h/PAGE%20DE%20GARDE_81774133_81774613.avif
1,0.332,36.8665,10.1647,140.0,4.0,3.0,0.5,0.247,2.0,43985.0,0.3363,4,0,1,0,0,0,0,0,0,1,0,0,0,0,0,0,0,0,408000.0,https://www.mubawab-media.com/ad/8/164/001F/h/P2-O16_80564473.avif
23,0.6867,36.819,10.1658,155.0,4.0,3.0,0.5,0.5524,2.0,2562.03,0.3499,4,0,1,0,1,0,0,1,0,0,0,0,0,0,1,0,0,0,770000.0,https://www.mubawab-media.com/ad/8/293/784F/h/36df88db-e446-4ec4-91cb-c7a78c95b6e3_81942933.avif
23,0.6867,36.819,10.1658,70.0,2.0,1.0,0.5,0.5524,2.0,2562.03,0.3249,2,0,0,0,1,0,0,1,0,1,1,0,0,0,0,1,0,0,388000.0,https://www.mubawab-media.com/ad/8/038/523F/h/1_81946552.avif
1,0.332,36.819,10.2358,115.0,3.0,2.0,0.5,0.517,2.0,43985.0,0.3168,4,0,0,0,0,0,0,0,0,0,0,0,0,0,0,0,0,0,309900.0,nan
20,0.1333,36.8,10.1,100.0,3.0,2.0,0.5,0.2413,2.0,110184.0,0.2722,4,0,0,1,1,0,1,0,1,1,1,1,1,1,1,0,0,0,210000.0,https://www.mubawab-media.com/ad/7/931/712F/h/WhatsApp%20Image%202026-02-06%20at%2011.48.39_81921877.avif
16,0.2833,36.4561,10.7376,29.0,1.0,1.0,0.5,0.4454,2.0,154974.0,0.3424,4,0,0,0,1,1,0,0,0,1,0,1,0,0,1,0,0,0,150000.0,https://www.mubawab-media.com/ad/8/290/174F/h/thumb_1100299_property_xlarge_81824263.avif
16,0.2833,36.4561,10.7376,110.0,3.0,2.0,0.5,0.4454,2.0,154974.0,0.3136,4,0,1,0,1,1,0,0,1,1,1,1,1,1,1,0,0,0,400000.0,https://www.mubawab-media.com/ad/8/226/082F/h/1_81134843.avif
23,0.4,36.8769,10.3247,100.0,3.0,2.0,0.5,0.8015,2.0,2562.03,0.325,4,0,0,1,1,0,1,1,1,1,1,1,0,0,1,0,0,0,850000.0,https://www.mubawab-media.com/ad/8/039/543F/h/88yC8IHjJC0g1nCH-thumb_79253586.avif
16,0.2833,36.4561,10.7376,366.0,5.0,4.0,0.5,0.4454,2.0,154974.0,0.3584,4,0,1,0,1,1,1,1,1,1,1,1,0,1,1,0,0,1,927000.0,https://www.mubawab-media.com/ad/8/062/891F/h/3_79485762.avif
16,0.32,36.4561,10.7376,71.0,3.0,2.0,0.5,0.4552,2.0,154974.0,0.3172,4,0,0,0,1,0,0,0,0,1,1,1,0,0,0,0,0,0,395000.0,https://www.mubawab-media.com/ad/8/207/104F/h/1756469806sanstitre101_80931706.avif
23,0.4,36.8769,10.3247,42.0,1.0,1.0,0.5,0.8015,2.0,2562.03,0.3372,4,0,0,0,0,0,0,1,1,1,1,0,1,0,1,0,0,0,350000.0,https://www.mubawab-media.com/ad/8/294/025F/h/307fb67f-289a-44d1-946b-d2711c540e25_81864212.avif
1,0.3533,36.899,10.2358,127.0,3.0,2.0,0.5,0.4235,2.0,43985.0,0.3277,4,0,1,0,1,0,0,1,0,0,0,0,0,0,1,0,0,0,460000.0,https://www.mubawab-media.com/ad/8/294/016F/h/WhatsApp%20Image%202026-01-29%20at%2014.46.32%20%284%29_81864092.avif
1,0.32,36.8665,10.1647,61.0,2.0,1.0,0.5,0.5305,2.0,43985.0,0.2694,4,0,0,0,1,0,0,1,0,1,1,0,0,0,0,0,0,0,273000.0,https://www.mubawab-media.com/ad/8/280/320F/h/gallery_81719478.avif
1,0.32,36.8665,10.1647,155.0,5.0,4.0,0.5,0.5305,2.0,43985.0,0.2694,4,0,1,0,1,0,0,1,0,1,1,0,0,0,0,0,0,0,450000.0,https://www.mubawab-media.com/ad/8/267/803F/h/gallery_81585546.avif
1,0.32,36.8665,10.1647,167.0,4.0,3.0,0.5,0.5305,2.0,43985.0,0.2694,4,0,0,0,1,0,0,1,1,0,1,0,0,0,0,0,0,0,660000.0,https://www.mubawab-media.com/ad/8/257/347F/h/gallery_81460021.avif
20,0.3067,36.8,10.1,110.0,3.0,2.0,0.5,0.3807,2.0,110184.0,0.277,4,0,1,0,1,0,0,0,1,1,1,0,0,0,0,0,0,0,265000.0,https://www.mubawab-media.com/ad/8/278/199F/h/WhatsApp%20Image%202025-12-26%20at%2014.25.56_81696958.avif
20,0.284,36.8,10.1,150.0,4.0,3.0,0.5,0.3272,2.0,110184.0,0.3261,4,0,1,0,1,0,0,1,0,1,1,0,0,0,0,0,0,0,510000.0,https://www.mubawab-media.com/ad/8/256/163F/h/WhatsApp%20Image%202025-04-10%20at%2015.47.37_81448850.avif
20,0.3067,35.8604,10.5953,120.0,1.0,2.0,0.5,0.3642,2.0,150620.48,0.3265,4,0,0,0,1,0,0,1,0,1,1,0,0,0,0,1,0,0,340000.0,https://www.mubawab-media.com/ad/8/268/299F/h/fd091094-2187-4647-afde-a37ca87cf179_81590958.avif
1,0.3533,36.899,10.2358,120.0,3.0,2.0,0.5,0.4235,2.0,43985.0,0.2778,4,0,1,0,0,0,0,1,0,1,1,1,0,0,0,0,0,0,400000.0,https://www.mubawab-media.com/ad/8/293/478F/h/WhatsApp%20Image%202026-01-28%20at%2016.10.04_81862054.avif
1,0.3533,36.899,10.2358,250.0,4.0,3.0,0.5,0.4235,2.0,43985.0,0.3356,4,0,0,0,1,1,0,1,0,0,0,0,0,0,0,1,0,0,860000.0,https://www.mubawab-media.com/ad/8/293/831F/h/328105983_859175475389696_6328294407942426316_n_81861903.avif
23,0.4,36.8769,10.3247,164.0,4.0,3.0,0.5,0.8015,2.0,2562.03,0.3109,4,0,1,0,1,0,0,0,0,0,0,0,0,0,1,0,0,0,390000.0,https://www.mubawab-media.com/ad/8/286/414F/h/WhatsApp%20Image%202026-01-10%20at%2015.04.05_81784478.avif
15,0.2633,35.7643,10.8113,58.0,3.0,2.0,0.5,0.3655,2.0,134734.0,0.2694,1,0,0,0,1,0,0,0,1,0,0,0,0,0,0,0,0,0,257000.0,https://www.mubawab-media.com/ad/8/214/018F/h/gallery_81005791.avif
15,0.2633,35.7643,10.8113,191.0,3.0,2.0,0.5,0.3655,2.0,134734.0,0.2694,4,0,0,0,1,0,0,1,0,0,0,0,0,0,0,1,0,0,560000.0,https://www.mubawab-media.com/ad/8/159/238F/h/gallery_80451592.avif
15,0.2633,35.7643,10.8113,121.0,3.0,2.0,0.5,0.3655,2.0,134734.0,0.2694,1,0,0,0,0,0,0,0,0,0,0,0,0,0,0,0,0,0,575000.0,https://www.mubawab-media.com/ad/8/230/886F/h/gallery_81188999.avif
15,0.2633,35.7643,10.8113,63.0,3.0,2.0,0.5,0.3655,2.0,134734.0,0.2694,4,0,0,0,0,0,0,0,1,0,0,0,0,0,0,0,0,0,130000.0,https://www.mubawab-media.com/ad/8/241/430F/h/gallery_81296727.avif
15,0.2633,35.7643,10.8113,240.0,3.0,2.0,0.5,0.3655,2.0,134734.0,0.2694,4,0,0,0,0,0,0,0,0,0,0,0,0,0,0,0,0,0,780000.0,https://www.mubawab-media.com/ad/8/256/007F/h/gallery_81447172.avif
16,0.13,36.8,10.1,120.0,3.0,2.0,0.5,0.2426,2.0,110184.0,0.3168,4,0,0,1,1,0,0,0,0,0,0,1,0,0,0,0,0,0,220000.0,https://www.mubawab-media.com/ad/8/215/272F/h/WhatsApp%20Image%202025-08-01%20at%2012.33.22_81019183.avif
3,0.14,36.8,10.1,124.0,3.0,2.0,0.5,0.2793,2.0,110184.0,0.2818,4,0,0,0,0,1,0,1,0,1,0,0,0,0,0,0,0,0,335000.0,https://www.mubawab-media.com/ad/8/285/547F/h/04_81775997.avif
1,0.332,36.8665,10.1647,136.0,4.0,3.0,0.5,0.247,2.0,43985.0,0.3363,4,0,1,0,0,0,0,1,0,1,0,0,0,0,0,0,0,0,396000.0,https://www.mubawab-media.com/ad/8/164/019F/h/Copy%20of%20O16%20project%2002%281%29_80500615.avif
17,0.2367,36.8,10.1,147.0,4.0,3.0,0.5,0.1516,2.0,110184.0,0.3108,4,0,1,0,0,0,0,0,1,0,1,0,0,1,0,0,0,0,230000.0,https://www.mubawab-media.com/ad/8/300/917F/h/447303fa-087e-4af9-82df-88dee1f353ee_81941789.avif
15,0.2633,35.7643,10.8113,250.0,3.0,2.0,0.5,0.3655,2.0,134734.0,0.271,4,0,0,0,0,0,0,0,1,1,0,0,0,0,0,1,0,0,1250000.0,https://www.mubawab-media.com/ad/8/271/573F/h/gallery_81625397.avif
15,0.2633,35.7643,10.8113,92.0,3.0,2.0,0.5,0.3655,2.0,134734.0,0.2694,4,0,0,0,0,0,0,0,0,0,0,0,0,0,0,0,0,0,250000.0,https://www.mubawab-media.com/ad/8/283/961F/h/gallery_81759399.avif
16,0.2833,36.4561,10.7376,73.0,2.0,1.0,0.5,0.4454,2.0,154974.0,0.3422,4,0,1,1,1,1,1,1,1,1,1,1,1,1,1,0,0,0,330000.0,https://www.mubawab-media.com/ad/8/300/872F/h/thumb_1276077_property_xlarge_81941348.avif
1,0.332,36.819,10.2358,115.0,3.0,2.0,0.5,0.517,2.0,43985.0,0.3168,4,0,0,0,0,0,0,0,0,0,0,0,0,0,0,0,0,0,369000.0,nan
16,0.2833,36.4561,10.7376,91.0,3.0,2.0,0.5,0.4454,2.0,154974.0,0.3609,4,0,1,0,1,1,0,1,1,1,1,1,1,0,1,0,0,0,330000.0,https://www.mubawab-media.com/ad/8/167/782F/h/1_81398758.avif
1,0.3533,36.899,10.2358,40.0,1.0,1.0,0.5,0.4235,2.0,43985.0,0.3073,1,0,0,0,0,0,0,0,0,0,0,0,0,0,0,0,0,0,120000.0,https://www.mubawab-media.com/ad/8/293/791F/h/thumb_1267155_property_large_81861567.avif
23,0.4,36.8769,10.3247,200.0,5.0,4.0,0.5,0.8015,2.0,2562.03,0.3568,1,0,1,0,0,0,0,1,1,1,1,1,1,1,1,0,0,0,1300000.0,https://www.mubawab-media.com/ad/8/286/365F/h/dup%201.3_81783912.avif
23,0.1733,36.819,10.1658,146.0,4.0,3.0,0.5,0.6863,2.0,2562.03,0.2694,4,0,0,0,0,0,0,0,0,1,0,0,0,0,0,0,0,0,265000.0,https://www.mubawab-media.com/ad/8/175/098F/h/gallery_80612671.avif
1,0.32,36.8665,10.1647,180.0,4.0,3.0,0.5,0.5305,2.0,43985.0,0.3573,4,0,1,0,1,0,0,1,0,1,1,1,0,0,1,0,0,0,540000.0,https://www.mubawab-media.com/ad/8/282/892F/h/zied02%20%282%29_81748010.avif
16,0.32,36.4561,10.7376,120.0,6.0,3.0,0.5,0.4552,2.0,154974.0,0.2798,4,0,0,0,1,0,0,0,0,0,0,1,0,0,0,0,0,0,295000.0,https://www.mubawab-media.com/ad/8/293/745F/h/Design%20sans%20titre%20%2813%29_81880779.avif
16,0.32,36.4561,10.7376,149.0,2.0,2.0,0.5,0.4552,2.0,154974.0,0.3313,4,0,1,0,1,0,1,1,0,0,0,0,0,0,1,0,0,0,584000.0,https://www.mubawab-media.com/ad/8/293/469F/h/WhatsApp%20Image%202026-01-28%20at%2015.45.34%20%284%29_81858569.avif
20,0.3067,35.8604,10.5953,110.0,4.0,3.0,0.5,0.3642,2.0,150620.48,0.3176,4,0,0,0,1,0,0,0,0,0,0,0,0,0,0,0,0,0,240000.0,https://www.mubawab-media.com/ad/8/293/416F/h/thumb_1267312_property_large_81857911.avif
23,0.4,36.8769,10.3247,129.0,3.0,3.0,0.5,0.8015,2.0,2562.03,0.3257,4,0,1,0,0,0,0,1,0,0,0,0,0,0,1,1,0,0,395000.0,https://www.mubawab-media.com/ad/8/287/721F/h/thumb_1241284_property_large_81798274.avif
1,0.3533,36.899,10.2358,115.0,1.0,1.0,0.5,0.4235,2.0,43985.0,0.3136,4,0,1,0,1,0,0,1,0,1,0,0,0,0,0,0,0,0,225000.0,https://www.mubawab-media.com/ad/8/293/298F/h/WhatsApp%20Image%202026-01-28%20at%2010.57.07%20%282%29_81856755.avif
23,0.3067,36.8,10.1,89.0,2.0,1.0,0.5,0.3453,2.0,110184.0,0.316,4,0,1,0,1,0,1,1,0,0,0,0,0,0,1,0,0,0,350000.0,https://www.mubawab-media.com/ad/8/264/699F/h/12_81560755.avif
3,0.1133,36.7533,10.2283,116.0,3.0,2.0,0.5,0.4302,2.0,114262.5,0.3132,4,0,1,0,0,0,0,1,0,0,0,0,0,0,1,0,0,0,250000.0,https://www.mubawab-media.com/ad/8/293/214F/h/6526c8a4-6dc4-40d5-9ed1-11edb351b50a%20%281%29_81855960.avif
16,0.32,36.4561,10.7376,130.0,4.0,3.0,0.5,0.4552,2.0,154974.0,0.3368,4,0,0,0,1,1,1,1,0,0,0,0,0,0,1,0,0,0,1300000.0,https://www.mubawab-media.com/ad/8/255/837F/h/WhatsApp%20Image%202025-11-19%20at%2015.23.51_81445377.avif
16,0.2833,36.4561,10.7376,100.0,3.0,2.0,0.5,0.4454,2.0,154974.0,0.3379,4,0,1,0,1,0,1,1,0,0,1,0,0,0,0,0,0,0,340000.0,https://www.mubawab-media.com/ad/8/069/597F/h/WhatsApp%20Image%202024-11-12%20at%2018.51.22_79551551.avif
23,0.1733,36.819,10.1658,104.0,5.0,3.0,0.5,0.6863,2.0,2562.03,0.3021,4,0,0,0,0,0,0,1,0,0,0,0,0,0,1,0,0,0,240000.0,https://www.mubawab-media.com/ad/8/250/458F/h/cuisinee%CC%81_81390586.avif
23,0.4,36.8769,10.3247,86.0,4.0,2.0,0.5,0.8015,2.0,2562.03,0.3073,4,0,1,0,1,0,0,1,0,1,0,0,0,0,1,0,0,0,317000.0,https://www.mubawab-media.com/ad/8/293/184F/h/12853738-ffec-4db7-90c6-2d03de024096_81855714.avif
23,0.4,36.8769,10.3247,54.0,3.0,1.0,0.5,0.8015,2.0,2562.03,0.3093,4,0,1,0,1,0,0,0,1,0,1,1,0,0,1,0,0,0,185000.0,https://www.mubawab-media.com/ad/8/285/209F/h/4ad68b69-93a6-487d-86f7-a5175a060988_81772058.avif
16,0.2833,36.4561,10.7376,119.0,5.0,3.0,0.5,0.4454,2.0,154974.0,0.3384,1,0,1,0,1,1,0,1,1,1,1,1,1,1,1,0,0,1,445000.0,https://www.mubawab-media.com/ad/8/069/095F/h/A15_page-0001-ink%20-%20Copie_81855504.avif
1,0.32,36.8665,10.1647,115.0,3.0,2.0,0.5,0.5305,2.0,43985.0,0.2895,4,0,1,0,1,0,0,1,1,1,1,1,0,0,0,1,0,0,295000.0,https://www.mubawab-media.com/ad/8/247/299F/h/thumb_1199850_property_large_81358556.avif
16,0.2833,36.4561,10.7376,68.0,2.0,1.0,0.5,0.4454,2.0,154974.0,0.3257,4,0,1,0,1,1,0,1,1,1,1,1,1,1,1,1,0,1,312000.0,https://www.mubawab-media.com/ad/7/841/185F/h/Sans%20ti8-ink%283%29_81855418.avif
16,0.13,36.8,10.1,120.0,2.0,2.0,0.5,0.2426,2.0,110184.0,0.3136,4,0,0,0,0,0,0,0,0,0,0,0,0,0,0,0,0,0,235000.0,https://www.mubawab-media.com/ad/7/995/835F/h/d64a5c75-e0b0-4e20-b5be-4d345bb52531_78816000.avif
16,0.13,36.8,10.1,85.0,2.0,2.0,0.5,0.2426,2.0,110184.0,0.3589,4,0,0,0,0,0,0,0,0,0,0,0,0,0,0,0,0,0,170000.0,https://www.mubawab-media.com/ad/8/222/947F/h/2_81101801.avif
1,0.332,36.8665,10.1647,127.0,4.0,3.0,0.5,0.247,2.0,43985.0,0.3096,4,0,1,0,0,0,0,0,0,1,1,0,0,0,0,0,0,0,369170.0,https://www.mubawab-media.com/ad/8/164/024F/h/O16%20project%2001_80564462.avif
23,0.4,36.8769,10.3247,128.0,3.0,3.0,0.5,0.8015,2.0,2562.03,0.3371,4,0,0,0,0,0,0,1,0,0,0,0,0,0,0,1,0,0,950000.0,https://www.mubawab-media.com/ad/8/277/579F/h/thumb_1232416_property_large_81689876.avif
23,0.4,36.8769,10.3247,230.0,4.0,4.0,0.5,0.8015,2.0,2562.03,0.3414,4,0,0,0,1,0,0,0,1,0,0,0,0,0,0,0,0,0,1050000.0,https://www.mubawab-media.com/ad/8/269/357F/h/thumb_1223705_property_large_81602041.avif
23,0.4,36.8769,10.3247,185.0,3.0,3.0,0.5,0.8015,2.0,2562.03,0.2856,4,0,0,0,1,1,0,0,1,0,0,0,0,0,0,0,0,0,1380000.0,https://www.mubawab-media.com/ad/8/062/640F/h/thumb_981241_property_xlarge_79483734.avif
1,0.332,36.819,10.2358,115.0,3.0,2.0,0.5,0.517,2.0,43985.0,0.3168,4,0,0,0,0,0,0,0,0,0,0,0,0,0,0,0,0,0,369000.0,nan
16,0.32,36.4561,10.7376,82.0,1.0,1.0,0.5,0.4552,2.0,154974.0,0.273,4,0,0,0,1,1,0,1,0,1,1,1,1,0,1,1,0,0,350000.0,https://www.mubawab-media.com/ad/8/232/579F/h/7_81207050.avif
20,0.3067,36.8,10.1,96.0,2.0,2.0,0.5,0.3807,2.0,110184.0,0.2778,4,0,1,0,1,0,0,0,1,1,1,1,0,0,1,0,0,0,400000.0,https://www.mubawab-media.com/ad/8/293/147F/h/20260115_134000_81855368.avif
16,0.2833,36.4561,10.7376,64.0,2.0,1.0,0.5,0.4454,2.0,154974.0,0.312,4,0,1,0,1,1,0,1,1,1,1,1,1,1,1,0,0,1,260000.0,https://www.mubawab-media.com/ad/8/160/310F/h/450951127_856965239662553_2319587435101258843_n-ink_81547900.avif
16,0.2833,36.4561,10.7376,95.0,4.0,2.0,0.5,0.4454,2.0,154974.0,0.3418,4,0,1,0,1,1,0,1,1,1,1,1,0,1,1,1,0,0,445000.0,https://www.mubawab-media.com/ad/7/840/292F/h/Sans%20titre52-ink%281%29_81855354.avif
20,0.3333,35.8245,10.6346,123.0,3.0,3.0,0.5,0.2902,2.0,150620.48,0.3266,4,0,1,0,1,0,1,1,1,1,1,1,0,0,1,0,0,0,500000.0,https://www.mubawab-media.com/ad/8/286/613F/h/IMG-20260106-WA0012_81786942.avif
20,0.26,35.8245,10.6346,108.0,3.0,3.0,0.5,0.517,2.0,150620.48,0.29,4,0,1,0,1,0,1,0,1,1,1,1,0,0,1,0,0,0,350000.0,https://www.mubawab-media.com/ad/8/291/336F/h/20260123_143453_81836460.avif
23,0.5067,36.8528,10.3247,50.0,2.0,1.0,0.5,0.5388,2.0,2562.03,0.2774,4,0,0,0,0,0,0,0,0,0,0,0,0,0,0,0,0,0,450000.0,https://www.mubawab-media.com/ad/8/279/601F/h/e7c374b6-6723-4a09-95f5-a893eca65aa3_GF_81711996.avif
1,0.32,36.8665,10.1647,115.0,4.0,3.0,0.5,0.5305,2.0,43985.0,0.3188,4,0,0,0,0,0,0,1,0,0,0,0,0,0,1,0,0,0,310000.0,https://www.mubawab-media.com/ad/8/292/983F/h/1055_81853405.avif
23,0.6867,36.819,10.1658,125.0,2.0,2.0,0.5,0.5524,2.0,2562.03,0.3581,4,0,0,0,1,0,0,0,0,0,0,1,0,0,0,0,0,0,725000.0,https://www.mubawab-media.com/ad/7/955/392F/h/thumb_1239223_property_xlarge_81789632.avif
3,0.2227,36.8,10.1,121.0,6.0,3.0,0.5,0.274,2.0,110184.0,0.2774,4,0,0,0,1,0,0,0,1,1,1,0,0,0,1,0,0,0,285000.0,https://www.mubawab-media.com/ad/8/292/835F/h/WhatsApp%20Image%202026-01-27%20at%2015.56.57_81851955.avif
23,0.4,36.8769,10.3247,57.0,2.0,1.0,0.5,0.8015,2.0,2562.03,0.3286,4,0,1,0,1,0,0,1,0,1,0,0,0,0,0,0,0,0,375000.0,https://www.mubawab-media.com/ad/8/292/150F/h/thumb_1264091_property_xlarge_81844710.avif
23,0.4,36.8769,10.3247,85.0,3.0,1.0,0.5,0.8015,2.0,2562.03,0.336,4,0,1,0,0,0,0,1,0,0,0,0,0,0,0,0,0,0,240000.0,https://www.mubawab-media.com/ad/8/292/855F/h/photo_00_81851908.avif
20,0.3067,35.8604,10.5953,70.0,2.0,2.0,0.5,0.3642,2.0,150620.48,0.279,4,0,0,0,0,0,0,0,1,0,1,1,0,0,0,0,0,0,195000.0,https://www.mubawab-media.com/ad/8/281/214F/h/thumb_64540_property_xlarge_81733988.avif
23,0.4,36.8769,10.3247,249.0,3.0,2.0,0.5,0.8015,2.0,2562.03,0.3371,4,0,0,0,1,0,0,1,0,0,0,0,0,0,1,1,0,0,2000000.0,https://www.mubawab-media.com/ad/8/292/770F/h/image_1_81851003.avif
23,0.4,36.8769,10.3247,100.0,3.0,2.0,0.5,0.8015,2.0,2562.03,0.2868,4,0,0,0,0,0,0,1,1,1,1,1,0,0,0,0,0,0,480000.0,https://www.mubawab-media.com/ad/7/650/305F/h/3324ad3c-5d46-4426-bac0-c250a97de967_GF_1_42235750.avif
1,0.32,36.8665,10.1647,170.0,4.0,3.0,0.5,0.5305,2.0,43985.0,0.2981,4,0,0,0,0,0,0,1,0,0,0,1,0,0,0,0,0,0,430000.0,https://www.mubawab-media.com/ad/8/234/069F/h/WhatsApp%20Image%202025-10-13%20%C3%A0%2015.43.59_0c4c5944_81221387.avif
23,0.4,36.8769,10.3247,109.0,3.0,2.0,0.5,0.8015,2.0,2562.03,0.3128,4,0,0,0,1,1,0,1,0,0,0,0,0,0,0,0,0,0,975000.0,https://www.mubawab-media.com/ad/8/255/659F/h/image_1_81443507.avif
23,0.4,36.8769,10.3247,150.0,4.0,3.0,0.5,0.8015,2.0,2562.03,0.2916,4,0,1,0,1,0,0,1,0,0,0,0,0,0,0,0,0,1,795000.0,https://www.mubawab-media.com/ad/8/292/721F/h/thumb_1264045_property_xlarge_81850604.avif
1,0.3533,36.899,10.2358,89.0,4.0,3.0,0.5,0.4235,2.0,43985.0,0.2734,4,0,0,0,1,0,0,0,0,0,0,1,0,0,0,0,0,0,153000.0,https://www.mubawab-media.com/ad/8/292/684F/h/1000027922_81850183.avif
23,0.092,36.8,10.1,139.0,3.0,2.0,0.5,0.3155,2.0,110184.0,0.2694,4,0,1,0,1,0,0,0,1,0,1,0,0,0,0,0,0,0,335000.0,https://www.mubawab-media.com/ad/8/292/665F/h/gallery_81849932.avif
23,0.4,36.8769,10.3247,148.0,4.0,3.0,0.5,0.8015,2.0,2562.03,0.3093,4,0,1,0,1,0,0,1,1,1,1,1,1,1,1,0,0,1,495000.0,https://www.mubawab-media.com/ad/8/292/652F/h/thumb_1266555_property_large_81849797.avif
23,0.4,36.8769,10.3247,120.0,3.0,2.0,0.5,0.8015,2.0,2562.03,0.3128,4,0,0,0,1,0,0,1,0,1,1,1,0,0,0,0,0,0,500000.0,https://www.mubawab-media.com/ad/8/212/280F/h/a32987bb-c58f-44df-90c0-cf8e788b82ca_GF_80987155.avif
1,0.3533,36.899,10.2358,220.0,10.0,7.0,0.5,0.4235,2.0,43985.0,0.2943,4,0,0,0,1,0,0,1,0,0,0,1,0,0,0,0,0,0,850000.0,https://www.mubawab-media.com/ad/7/780/343F/h/0dc63be6-ed3b-4cb6-bda7-1f2db670da3f_GF_56453368.avif
23,0.4,36.8769,10.3247,150.0,4.0,3.0,0.5,0.8015,2.0,2562.03,0.2782,4,0,1,0,0,0,0,0,0,1,1,1,0,0,0,0,0,0,360000.0,https://www.mubawab-media.com/ad/7/941/228F/h/f35f0233-d08e-4d17-9d47-4c5366a2beca_GF_77420526.avif
16,0.32,36.4561,10.7376,138.0,1.0,2.0,0.5,0.4552,2.0,154974.0,0.2722,4,0,0,1,0,0,0,1,0,1,1,0,0,0,0,0,0,0,430000.0,https://www.mubawab-media.com/ad/8/235/803F/h/17_81239455.avif
23,0.4,36.8769,10.3247,117.0,2.0,2.0,0.5,0.8015,2.0,2562.03,0.2766,4,0,1,0,1,0,0,1,0,0,1,1,0,0,0,0,0,0,300000.0,https://www.mubawab-media.com/ad/8/288/683F/h/thumb_1262677_property_large_81808392.avif
23,0.32,36.844,10.192,93.0,3.0,2.0,0.5,0.3403,2.0,43985.0,0.3128,4,0,0,0,0,0,0,1,0,1,1,0,0,0,0,0,0,0,245000.0,https://www.mubawab-media.com/ad/8/300/230F/h/WhatsApp%20Image%202026-02-09%20at%2014.41.14%20%281%29_81935074.avif
20,0.3067,36.8,10.1,119.0,3.0,2.0,0.5,0.3807,2.0,110184.0,0.3032,4,0,1,0,1,0,0,0,1,1,1,0,0,0,1,0,0,0,450000.0,https://www.mubawab-media.com/ad/8/246/122F/h/1_81346419.avif
23,0.6867,36.819,10.2358,115.0,3.0,2.0,0.5,0.517,2.0,43985.0,0.3168,4,0,0,0,0,0,0,0,0,0,0,0,0,0,0,0,0,0,635000.0,nan
23,0.4,36.8769,10.3247,143.0,4.0,3.0,0.5,0.8015,2.0,2562.03,0.2746,4,0,0,0,1,0,0,1,0,1,1,1,0,0,0,0,0,0,430000.0,https://www.mubawab-media.com/ad/7/853/641F/h/76a27f7f-9df2-4bb1-bb93-7fe496834238_GF_66354195.avif
1,0.3533,36.899,10.2358,78.0,2.0,1.0,0.5,0.4235,2.0,43985.0,0.318,4,0,0,0,1,0,0,0,0,0,1,1,0,0,0,0,0,0,288000.0,https://www.mubawab-media.com/ad/8/122/684F/h/WhatsApp%20Image%202025-04-10%20%C3%A0%2016.47.36_9dc89242_GF_80073247.avif
1,0.3533,36.899,10.2358,145.0,4.0,3.0,0.5,0.4235,2.0,43985.0,0.2782,4,0,0,0,0,0,0,1,0,0,0,1,0,0,0,0,0,0,600000.0,https://www.mubawab-media.com/ad/8/126/663F/h/4a39325b-553c-4063-80a3-b6f50c23ccba_GF_80114620.avif
23,0.4,36.8769,10.3247,211.0,4.0,3.0,0.5,0.8015,2.0,2562.03,0.34,4,0,0,0,1,0,0,1,0,1,1,1,0,0,0,0,0,0,970000.0,https://www.mubawab-media.com/ad/8/084/896F/h/1a0cf38f-84f6-4615-b9f0-796434a2953d_GF_79700693.avif
23,0.6867,36.819,10.1658,70.0,2.0,1.0,0.5,0.5524,2.0,2562.03,0.3439,4,0,0,1,0,0,0,1,0,1,1,1,0,0,0,1,0,0,410000.0,https://www.mubawab-media.com/ad/8/072/108F/h/fb6c9f80-ed9c-4bc0-8ba5-6d91914b6eea_GF_79575988.avif
23,0.4,36.8769,10.3247,85.0,2.0,1.0,0.5,0.8015,2.0,2562.03,0.3156,4,0,0,0,0,0,0,0,0,1,1,1,0,0,0,0,0,0,400000.0,https://www.mubawab-media.com/ad/8/055/851F/h/5ad9314a-a392-4b33-89c6-e41daf1c42dc_GF_79417684.avif
23,0.4,36.8769,10.3247,153.0,4.0,3.0,0.5,0.8015,2.0,2562.03,0.3136,4,0,0,0,1,0,0,0,0,1,1,1,0,0,0,0,0,0,550000.0,https://www.mubawab-media.com/ad/8/195/053F/h/0b090e64-6e89-46d8-be3b-870d7a11ae4f_GF_80814401.avif
23,0.4,36.8769,10.3247,198.0,5.0,4.0,0.5,0.8015,2.0,2562.03,0.2762,4,0,1,0,1,0,0,1,0,0,0,0,0,0,0,0,0,0,420000.0,https://www.mubawab-media.com/ad/8/214/736F/h/41539b13-f4f1-4d4b-bcde-d87141b7d0f8_GF_81013438.avif
23,0.4,36.8769,10.3247,197.0,3.0,2.0,0.5,0.8015,2.0,2562.03,0.2884,4,0,0,0,0,1,0,1,0,0,0,0,0,0,0,0,0,0,630000.0,https://www.mubawab-media.com/ad/8/213/491F/h/b98c1de3-fdfd-448a-a112-d77e9d473b94_GF_81000068.avif
1,0.3533,36.899,10.2358,160.0,4.0,3.0,0.5,0.4235,2.0,43985.0,0.3132,4,0,1,0,1,0,0,1,0,0,0,1,0,0,0,0,0,0,700000.0,https://www.mubawab-media.com/ad/8/222/860F/h/4805b86c-4d06-4f04-9cf5-5af272208ee3_GF_81104324.avif
1,0.3533,36.899,10.2358,60.0,2.0,1.0,0.5,0.4235,2.0,43985.0,0.3152,4,0,0,1,0,0,0,0,0,0,0,0,0,0,0,0,0,0,330000.0,https://www.mubawab-media.com/ad/8/227/925F/h/WhatsApp%20Image%202025-09-09%20%C3%A0%2010.15.42_4de7274b_GF_81154783.avif
1,0.3533,36.899,10.2358,149.0,4.0,3.0,0.5,0.4235,2.0,43985.0,0.3168,4,0,0,0,0,0,0,1,0,0,0,0,0,0,0,0,0,0,520000.0,https://www.mubawab-media.com/ad/8/237/917F/h/56f7f3e2-c4b7-4a9d-8674-d2ee84bdb98a_GF_81261021.avif
23,0.4,36.8769,10.3247,139.0,4.0,3.0,0.5,0.8015,2.0,2562.03,0.316,4,0,0,0,0,0,0,0,0,1,1,1,0,0,0,1,0,0,580000.0,https://www.mubawab-media.com/ad/8/195/074F/h/1738076737_503f20e3_2162_4228_a29f_525aaea855f4_GF_80815240.avif
1,0.332,36.8665,10.1647,200.0,4.0,3.0,0.5,0.247,2.0,43985.0,0.3442,4,0,1,0,1,0,1,1,0,0,0,0,0,0,0,0,0,0,800000.0,https://www.mubawab-media.com/ad/8/292/599F/h/image_1_81849333.avif
20,0.32,36.8,10.1,211.0,4.0,4.0,0.5,0.3244,2.0,110184.0,0.2782,4,0,1,0,1,0,0,1,0,0,0,0,0,0,0,0,0,0,640000.0,https://www.mubawab-media.com/ad/8/276/573F/h/thumb_64276_property_xlarge_81678670.avif
23,0.6867,36.819,10.1658,131.0,3.0,2.0,0.5,0.5524,2.0,2562.03,0.3662,4,0,1,0,1,0,0,1,1,1,1,1,1,1,1,0,0,0,680000.0,https://www.mubawab-media.com/ad/8/275/618F/h/photo_00_81667293.avif
16,0.2833,36.4561,10.7376,91.0,3.0,2.0,0.5,0.4454,2.0,154974.0,0.3156,4,0,1,0,1,1,0,1,1,1,1,1,0,0,1,0,0,0,370000.0,https://www.mubawab-media.com/ad/8/169/477F/h/EXqc3hxUIyDTGUTJ-thumb_80554267.avif
1,0.32,36.8665,10.1647,345.0,4.0,3.0,0.5,0.5305,2.0,43985.0,0.342,4,0,0,0,0,1,0,1,1,1,1,1,1,1,1,1,0,0,900000.0,https://www.mubawab-media.com/ad/8/264/572F/h/bbdde494-9c90-44e8-a2b2-ef993c03dc9d_81548302.avif
1,0.32,36.8665,10.1647,143.0,4.0,3.0,0.5,0.5305,2.0,43985.0,0.318,4,0,1,0,1,0,0,1,0,1,1,1,0,0,1,0,0,0,430000.0,https://www.mubawab-media.com/ad/8/276/557F/h/c104ed1e-1428-46b8-bcfa-b9897f0d7d55_81678465.avif
1,0.332,36.8665,10.1647,134.0,4.0,3.0,0.5,0.247,2.0,43985.0,0.3363,4,0,1,0,0,0,0,0,0,1,1,0,0,0,0,0,0,0,389354.0,https://www.mubawab-media.com/ad/8/164/247F/h/13_80502768.avif
23,0.092,36.8,10.1,70.0,2.0,1.0,0.5,0.3155,2.0,110184.0,0.2915,4,0,1,0,1,0,0,0,1,0,1,0,0,0,1,0,0,0,145000.0,https://www.mubawab-media.com/ad/8/287/413F/h/1_81795150.avif
3,0.14,36.8,10.1,109.0,3.0,2.0,0.5,0.2793,2.0,110184.0,0.2794,4,0,1,0,1,0,0,1,0,0,0,0,0,0,1,0,0,0,269000.0,https://www.mubawab-media.com/ad/8/274/233F/h/2_81653442.avif
1,0.3533,36.899,10.2358,169.0,4.0,3.0,0.5,0.4235,2.0,43985.0,0.2746,4,0,1,0,1,0,0,1,1,1,1,1,1,1,1,0,0,0,540000.0,https://www.mubawab-media.com/ad/8/203/496F/h/1c4fd26f-547f-4396-9135-728b8fa60466_80896314.avif
1,0.332,36.819,10.2358,115.0,3.0,2.0,0.5,0.517,2.0,43985.0,0.3168,4,0,0,0,0,0,0,0,0,0,0,0,0,0,0,0,0,0,369000.0,nan
23,0.6867,36.819,10.1658,200.0,4.0,3.0,0.5,0.5524,2.0,2562.03,0.3423,4,0,1,0,1,0,0,1,1,1,1,1,1,1,1,0,0,0,720000.0,https://www.mubawab-media.com/ad/8/289/631F/h/8kRx9Aj9jJBkE9Il-thumb_81818392.avif
16,0.32,36.4561,10.7376,146.0,7.0,3.0,0.5,0.4552,2.0,154974.0,0.316,4,0,0,0,1,0,0,0,0,1,1,1,0,1,0,0,0,0,320000.0,https://www.mubawab-media.com/ad/8/022/768F/h/2_81564390.avif
16,0.32,36.4561,10.7376,130.0,6.0,2.0,0.5,0.4552,2.0,154974.0,0.2778,4,0,1,0,1,0,0,1,1,1,1,1,0,1,1,0,0,0,465000.0,https://www.mubawab-media.com/ad/7/825/719F/h/1_62132113.avif
16,0.32,36.4561,10.7376,70.0,4.0,1.0,0.5,0.4552,2.0,154974.0,0.277,4,0,0,1,1,0,0,0,1,1,1,1,1,1,0,0,0,0,280000.0,https://www.mubawab-media.com/ad/8/255/577F/h/1_81444029.avif
16,0.2833,36.4561,10.7376,75.0,3.0,2.0,0.5,0.4454,2.0,154974.0,0.2694,4,0,0,0,0,0,0,0,0,1,0,1,0,0,0,0,0,0,100000.0,https://www.mubawab-media.com/ad/8/292/462F/h/5a32f473-f69d-4b7f-8a21-97c711ca026b_81847986.avif
16,0.32,36.4561,10.7376,78.0,4.0,2.0,0.5,0.4552,2.0,154974.0,0.279,4,0,1,0,1,0,0,1,1,1,1,1,1,1,1,0,0,0,320000.0,https://www.mubawab-media.com/ad/8/255/093F/h/1_81437590.avif
16,0.32,36.4561,10.7376,52.0,5.0,2.0,0.5,0.4552,2.0,154974.0,0.3176,4,0,1,0,0,0,0,1,1,0,1,1,0,1,0,0,0,0,330000.0,https://www.mubawab-media.com/ad/8/272/629F/h/2ac6e0ce-f3bd-4b26-b669-e4dc5379b023%20%281%29_81636397.avif
16,0.32,36.4561,10.7376,82.0,4.0,1.0,0.5,0.4552,2.0,154974.0,0.3293,4,0,1,0,1,0,0,1,0,0,0,0,0,0,1,0,0,0,310000.0,https://www.mubawab-media.com/ad/8/191/526F/h/5_80777860.avif
1,0.3533,36.899,10.2358,200.0,4.0,3.0,0.5,0.4235,2.0,43985.0,0.3132,4,0,0,0,0,0,0,1,0,0,0,0,0,0,0,0,0,0,780000.0,https://www.mubawab-media.com/ad/8/279/565F/h/9db59eb9-58e9-461d-8b94-bd82d788b03d_GF_81711671.avif
1,0.3533,36.899,10.2358,174.0,4.0,3.0,0.5,0.4235,2.0,43985.0,0.3132,4,0,0,0,0,1,0,1,0,0,0,0,0,0,0,0,0,0,550000.0,https://www.mubawab-media.com/ad/8/282/979F/h/f8f6292a-06a3-4e1a-8dc6-15d2e1925c7c_GF_81748803.avif
16,0.32,36.4561,10.7376,166.0,6.0,2.0,0.5,0.4552,2.0,154974.0,0.3317,4,0,1,0,1,0,0,0,0,1,0,0,0,0,1,1,0,0,1300000.0,https://www.mubawab-media.com/ad/7/926/449F/h/3_76115894.avif
16,0.32,36.4561,10.7376,78.0,5.0,2.0,0.5,0.4552,2.0,154974.0,0.3164,4,0,1,0,1,0,0,1,0,1,0,0,0,0,1,0,0,0,300000.0,https://www.mubawab-media.com/ad/8/097/483F/h/1_79821808.avif
23,0.6867,36.819,10.1658,115.0,2.0,1.0,0.5,0.5524,2.0,2562.03,0.3399,4,0,0,0,1,0,0,1,1,0,0,0,0,0,0,0,0,0,420000.0,https://www.mubawab-media.com/ad/8/245/306F/h/thumb_977251_property_xlarge_81338541.avif
16,0.32,36.4561,10.7376,61.0,4.0,1.0,0.5,0.4552,2.0,154974.0,0.2782,4,0,1,1,1,1,0,0,0,1,0,0,0,0,0,0,0,0,255000.0,https://www.mubawab-media.com/ad/7/990/528F/h/WhatsApp%20Image%202023-09-09%20at%2012.12.49%20%281%29_81453764.avif
16,0.32,36.4561,10.7376,71.0,5.0,2.0,0.5,0.4552,2.0,154974.0,0.279,4,0,0,0,1,0,0,0,0,1,0,0,0,0,1,0,0,0,395000.0,https://www.mubawab-media.com/ad/8/206/302F/h/3_80923834.avif
23,0.4,36.8769,10.3247,100.0,3.0,2.0,0.5,0.8015,2.0,2562.03,0.3714,4,0,1,0,1,0,0,0,0,0,1,0,0,0,1,1,0,0,225000.0,https://www.mubawab-media.com/ad/8/250/503F/h/598762277_754638830439732_8612568373516166885_n_81756669.avif
23,0.4,36.8769,10.3247,124.0,3.0,2.0,0.5,0.8015,2.0,2562.03,0.3261,4,0,1,0,1,0,0,0,0,1,0,0,0,0,1,0,0,0,340000.0,https://www.mubawab-media.com/ad/8/268/564F/h/597041046_857707053649465_4918244499514893792_n%20%281%29_81593680.avif
23,0.1733,36.819,10.1658,75.0,1.0,2.0,0.5,0.6863,2.0,2562.03,0.3192,4,0,0,0,1,1,0,1,0,0,0,0,0,0,0,0,0,0,140000.0,https://www.mubawab-media.com/ad/8/201/916F/h/thumb_1147066_property_large_80880694.avif
23,0.35,36.77,10.23,96.0,3.0,2.0,0.5,0.2779,2.0,2562.03,0.3449,2,0,1,0,1,0,0,1,0,1,1,1,1,0,0,0,0,0,375000.0,https://www.mubawab-media.com/ad/8/199/809F/h/494686464_2150062332084603_9155432911230376122_n_80859775.avif
3,0.1133,36.7533,10.2283,100.0,3.0,3.0,0.5,0.4302,2.0,114262.5,0.2734,2,0,0,0,1,0,0,1,0,0,1,0,0,0,0,0,0,0,210000.0,https://www.mubawab-media.com/ad/8/238/311F/h/437798180_786124306470170_2114991842585846311_n_81265144.avif
1,0.32,36.8665,10.1647,155.0,4.0,3.0,0.5,0.5305,2.0,43985.0,0.3116,4,0,1,0,1,0,0,1,1,1,1,1,0,0,1,0,0,0,395000.0,https://www.mubawab-media.com/ad/8/253/729F/h/79955667-b004-4d51-88b6-ad86745a4145_81423460.avif
20,0.3067,36.8,10.1,100.0,4.0,3.0,0.5,0.3807,2.0,110184.0,0.3136,4,0,0,0,1,0,0,0,0,0,0,0,0,0,0,0,0,0,180000.0,https://www.mubawab-media.com/ad/8/292/111F/h/1-7b92bd76-c725-4ab8-a6a9-426f7b51d6a5_81844330.avif
1,0.3533,36.899,10.2358,140.0,4.0,3.0,0.5,0.4235,2.0,43985.0,0.3164,4,0,0,0,0,0,0,1,0,1,1,1,0,0,1,1,0,0,765000.0,https://www.mubawab-media.com/ad/8/291/242F/h/WhatsApp%20Image%202026-01-24%20at%2011.47.26%20%285%29_81835416.avif
23,0.4,36.8769,10.3247,231.0,4.0,3.0,0.5,0.8015,2.0,2562.03,0.3559,3,0,1,0,0,0,1,1,0,0,0,0,0,0,1,1,0,0,1642000.0,https://www.mubawab-media.com/ad/8/298/291F/h/eHT2pJdZQReghwC6-thumb_81915314.avif
23,0.4,36.8769,10.3247,188.0,3.0,2.0,0.5,0.8015,2.0,2562.03,0.3156,4,0,1,0,1,0,0,1,0,0,0,0,0,0,1,1,0,0,464000.0,https://www.mubawab-media.com/ad/8/256/232F/h/1_81449556.avif
20,0.26,35.8245,10.6346,74.0,2.0,1.0,0.5,0.517,2.0,150620.48,0.3148,4,0,1,0,1,0,0,1,0,0,0,0,0,0,1,0,0,0,275000.0,https://www.mubawab-media.com/ad/8/246/938F/h/1_81355034.avif
23,0.1867,36.8094,10.1414,170.0,4.0,3.0,0.5,0.3144,2.0,2562.03,0.277,4,0,1,0,0,0,0,1,1,0,1,1,1,1,1,1,0,0,510000.0,https://www.mubawab-media.com/ad/8/298/807F/h/WhatsApp%20Image%202026-02-05%20at%2016.26.05%20%283%29_81920707.avif
1,0.332,36.819,10.2358,115.0,3.0,2.0,0.5,0.517,2.0,43985.0,0.3168,4,0,0,0,0,0,0,0,0,0,0,0,0,0,0,0,0,0,369000.0,nan
23,0.4,36.8769,10.3247,130.0,4.0,3.0,0.5,0.8015,2.0,2562.03,0.3216,4,0,1,0,1,0,1,1,0,0,0,1,0,0,1,0,0,0,570000.0,https://www.mubawab-media.com/ad/8/280/639F/h/IMG_4185_81771228.avif
23,0.4,36.8769,10.3247,174.0,3.0,4.0,0.5,0.8015,2.0,2562.03,0.32,4,0,1,0,1,0,0,1,0,0,1,1,0,0,1,0,0,0,350000.0,https://www.mubawab-media.com/ad/8/273/475F/h/photo_00_81645761.avif
23,0.4,36.8769,10.3247,510.0,10.0,9.0,0.5,0.8015,2.0,2562.03,0.3262,4,0,0,0,1,0,0,0,0,0,0,1,0,0,0,1,0,0,1450000.0,https://www.mubawab-media.com/ad/8/104/184F/h/1_GF_79886714.avif
23,0.1867,36.8094,10.1414,50.0,2.0,1.0,0.5,0.3144,2.0,2562.03,0.2762,4,0,1,0,1,0,0,0,1,1,1,1,0,0,0,0,0,0,157000.0,https://www.mubawab-media.com/ad/8/247/222F/h/thumb_1199803_property_large_81357833.avif
23,0.4,36.8769,10.3247,184.0,4.0,3.0,0.5,0.8015,2.0,2562.03,0.2746,4,0,1,0,1,0,0,1,0,1,1,0,0,0,0,0,0,0,800000.0,https://www.mubawab-media.com/ad/8/286/690F/h/12_81787772.avif
1,0.3533,36.899,10.2358,112.0,2.0,2.0,0.5,0.4235,2.0,43985.0,0.309,4,0,1,0,1,0,0,1,0,0,0,0,0,0,0,1,0,1,360000.0,https://www.mubawab-media.com/ad/8/269/960F/h/thumb_1224303_property_large_81608236.avif
1,0.32,36.8665,10.1647,114.0,6.0,4.0,0.5,0.5305,2.0,43985.0,0.2766,4,0,0,0,0,0,0,0,0,1,1,0,1,1,0,0,0,0,345000.0,https://www.mubawab-media.com/ad/8/291/884F/h/617853748_1383541493562930_3428007716472992117_n_81842066.avif
1,0.3533,36.899,10.2358,104.0,3.0,2.0,0.5,0.4235,2.0,43985.0,0.3497,4,0,0,0,1,0,0,1,0,1,0,0,0,0,1,1,0,0,530000.0,https://www.mubawab-media.com/ad/8/228/323F/h/2%20%281%29_81661243.avif
1,0.332,36.8665,10.1647,160.0,2.0,2.0,0.5,0.247,2.0,43985.0,0.3365,4,0,1,0,1,0,0,1,0,0,1,1,0,0,0,0,0,0,398000.0,https://www.mubawab-media.com/ad/8/252/983F/h/thumb_1207050_property_xlarge_81415699.avif
1,0.32,36.8665,10.1647,179.0,3.0,3.0,0.5,0.5305,2.0,43985.0,0.3136,4,0,0,0,0,0,0,1,0,0,0,0,0,0,0,0,0,0,490000.0,https://www.mubawab-media.com/ad/8/251/735F/h/thumb_1205192_property_xlarge_81403018.avif
23,0.4,36.8769,10.3247,72.0,2.0,1.0,0.5,0.8015,2.0,2562.03,0.2782,4,0,0,0,0,0,0,1,0,0,0,0,0,0,0,0,0,0,333000.0,https://www.mubawab-media.com/ad/8/286/808F/h/60ec7ca9-27ff-4c63-824e-72138bf0a69d_GF_81794865.avif
20,0.16,36.8,10.1,72.0,3.0,2.0,0.5,0.182,2.0,110184.0,0.2742,4,0,0,0,1,0,0,0,0,0,0,1,0,0,0,0,0,0,147000.0,https://www.mubawab-media.com/ad/8/219/874F/h/WhatsApp%20Image%202025-09-03%20at%2009.09.45%20%282%29_81068089.avif
23,0.3467,36.819,10.1658,57.0,2.0,1.0,0.5,0.3526,2.0,2562.03,0.3148,4,0,1,0,1,0,1,0,0,0,1,0,0,0,0,0,0,0,385000.0,https://www.mubawab-media.com/ad/8/254/369F/h/8b31b258-52ab-48ba-be8a-659c284cc875_GF_81430193.avif
16,0.32,36.4561,10.7376,74.0,3.0,2.0,0.5,0.4552,2.0,154974.0,0.3289,4,0,0,0,1,0,0,0,0,1,1,1,0,0,0,0,0,0,395000.0,https://www.mubawab-media.com/ad/8/234/670F/h/WhatsApp%20Image%202025-08-15%20at%2023.05.16_81227679.avif
1,0.32,36.8665,10.1647,160.0,4.0,3.0,0.5,0.5305,2.0,43985.0,0.3132,4,0,0,0,1,0,0,0,0,0,0,0,0,0,0,0,0,0,380000.0,https://www.mubawab-media.com/ad/8/291/632F/h/thumb_1072917_property_large_81839596.avif
23,0.4,36.819,10.2358,115.0,1.0,1.0,0.5,0.517,2.0,43985.0,0.3168,4,0,1,0,1,0,0,0,0,1,0,0,0,0,1,0,0,0,400000.0,https://www.mubawab-media.com/ad/8/291/515F/h/Liv%20R%2015%20%2B%2B_81838299.avif
23,0.6867,36.819,10.1658,156.0,4.0,3.0,0.5,0.5524,2.0,2562.03,0.3297,4,0,1,1,1,0,0,1,1,1,1,1,1,1,1,1,0,0,675000.0,https://www.mubawab-media.com/ad/8/256/677F/h/IMG-20251122-WA0029_81454336.avif
4,0.12,36.8,10.1,97.0,2.0,2.0,0.5,0.2697,2.0,110184.0,0.316,4,0,0,0,1,0,0,0,1,0,0,1,1,1,0,0,0,0,210000.0,https://www.mubawab-media.com/ad/8/239/267F/h/thumb_1178848_property_xlarge_81274972.avif
23,0.4,36.8769,10.3247,66.0,3.0,2.0,0.5,0.8015,2.0,2562.03,0.2694,4,0,0,0,0,0,0,1,1,0,1,0,0,0,0,0,0,0,310000.0,https://www.mubawab-media.com/ad/8/291/296F/h/gallery_81836030.avif
1,0.332,36.8665,10.1647,142.0,4.0,3.0,0.5,0.247,2.0,43985.0,0.3114,4,0,1,0,0,0,0,0,0,1,1,0,0,0,0,0,0,0,407000.0,https://www.mubawab-media.com/ad/8/164/257F/h/Copy%20of%20O16%20project%2008_80502890.avif
1,0.32,36.8665,10.1647,120.0,4.0,3.0,0.5,0.5305,2.0,43985.0,0.3585,4,0,0,0,1,0,0,1,0,0,0,0,0,0,1,0,0,0,406000.0,https://www.mubawab-media.com/ad/8/224/243F/h/D6-7_81116242.avif
16,0.2833,36.4561,10.7376,91.0,3.0,2.0,0.5,0.4454,2.0,154974.0,0.2782,4,0,1,0,1,1,0,1,0,0,0,0,0,0,1,0,0,0,350000.0,https://www.mubawab-media.com/ad/8/154/256F/h/2e4920bb-0ced-4773-afbd-440a0bfa27f3_81439166.avif
23,0.1733,36.819,10.1658,180.0,4.0,3.0,0.5,0.6863,2.0,2562.03,0.3597,4,0,0,0,0,0,0,0,1,1,1,0,0,0,1,0,0,0,499900.0,https://www.mubawab-media.com/ad/7/666/375F/h/1679596644456_43665254.avif
23,0.6867,36.819,10.1658,165.0,4.0,3.0,0.5,0.5524,2.0,2562.03,0.3391,4,0,1,0,0,0,0,1,0,1,1,1,0,0,0,0,0,0,950000.0,https://www.mubawab-media.com/ad/8/178/951F/h/IMG_1477_80652360.avif
1,0.3533,36.899,10.2358,128.0,3.0,2.0,0.5,0.4235,2.0,43985.0,0.2746,4,0,0,0,1,0,0,1,0,1,1,1,0,0,0,0,0,0,330000.0,https://www.mubawab-media.com/ad/8/296/215F/h/thumb_1269557_property_xlarge_81891092.avif
1,0.332,36.819,10.2358,115.0,3.0,2.0,0.5,0.517,2.0,43985.0,0.3168,4,0,0,0,0,0,0,0,0,0,0,0,0,0,0,0,0,0,309900.0,nan
1,0.32,36.8665,10.1647,162.0,4.0,3.0,0.5,0.5305,2.0,43985.0,0.3136,4,0,1,0,1,0,0,1,1,1,1,1,0,1,1,0,0,0,450000.0,https://www.mubawab-media.com/ad/8/283/702F/h/e526742f-2835-4d5e-b487-9df89d1bd229_81757707.avif
23,0.4,36.8769,10.3247,66.0,3.0,2.0,0.5,0.8015,2.0,2562.03,0.2694,4,0,0,0,0,0,0,1,1,0,1,0,0,0,0,0,0,0,310000.0,https://www.mubawab-media.com/ad/8/291/296F/h/gallery_81836030.avif
23,0.4,36.8769,10.3247,600.0,3.0,2.0,0.5,0.8015,2.0,2562.03,0.2694,4,0,1,0,0,0,0,1,0,0,1,0,0,0,0,0,0,0,1700000.0,https://www.mubawab-media.com/ad/8/291/284F/h/gallery_81835899.avif
23,0.4,36.8769,10.3247,140.0,2.0,2.0,0.5,0.8015,2.0,2562.03,0.3147,4,0,0,0,1,0,0,1,0,1,1,0,0,0,0,0,0,0,680000.0,https://www.mubawab-media.com/ad/8/291/268F/h/thumb_1265375_property_large_81835708.avif
23,0.4,36.819,10.2358,440.0,5.0,4.0,0.5,0.517,2.0,43985.0,0.3168,4,0,0,0,1,0,0,1,1,1,1,1,1,1,0,1,0,0,2800000.0,https://www.mubawab-media.com/ad/7/868/686F/h/image_1_68442065.avif
16,0.2833,36.4561,10.7376,96.0,3.0,2.0,0.5,0.4454,2.0,154974.0,0.3148,4,0,0,0,1,1,0,1,0,1,1,1,0,0,0,1,0,0,428000.0,https://www.mubawab-media.com/ad/8/278/880F/h/thumb_1233138_property_large_81704318.avif
23,0.092,36.8,10.1,118.0,3.0,2.0,0.5,0.3155,2.0,110184.0,0.3283,4,0,1,0,1,0,0,0,1,1,1,0,0,0,1,0,0,0,285000.0,https://www.mubawab-media.com/ad/8/291/224F/h/3103ad6b-c73b-4b4e-b900-c09f446c8742_81835226.avif
23,0.4,36.8769,10.3247,114.0,3.0,2.0,0.5,0.8015,2.0,2562.03,0.3379,4,0,0,0,1,0,0,0,0,0,1,0,0,0,0,0,0,0,375000.0,https://www.mubawab-media.com/ad/8/118/819F/h/thumb_1061090_property_xlarge_80034914.avif
16,0.32,36.4561,10.7376,78.0,2.0,1.0,0.5,0.4552,2.0,154974.0,0.3156,4,0,0,1,0,1,0,1,0,0,0,0,0,0,0,0,0,0,340000.0,https://www.mubawab-media.com/ad/7/956/959F/h/thumb_1222286_property_xlarge_81589636.avif
16,0.32,36.4561,10.7376,98.0,3.0,2.0,0.5,0.4552,2.0,154974.0,0.3156,4,0,0,0,0,0,0,0,1,0,0,1,0,0,0,0,0,0,300000.0,https://www.mubawab-media.com/ad/7/863/835F/h/1c0879dc-3406-400a-bbf0-a0388c8eb9a7_80448614.avif
23,0.4,36.8769,10.3247,52.0,1.0,1.0,0.5,0.8015,2.0,2562.03,0.3561,4,0,1,0,0,0,0,0,0,1,1,0,0,0,0,0,0,0,185000.0,https://www.mubawab-media.com/ad/8/291/148F/h/614794179_2443575192723302_8540885404346487070_n%20%281%29_81834535.avif
4,0.12,36.8,10.1,182.0,4.0,3.0,0.5,0.2697,2.0,110184.0,0.2802,4,0,0,0,1,0,1,0,0,1,1,1,0,0,0,0,0,0,440000.0,https://www.mubawab-media.com/ad/8/291/141F/h/bc99ef97-a425-4fed-82ce-aafcbcd44f3b_GF_81834490.avif
16,0.32,36.4561,10.7376,128.0,3.0,2.0,0.5,0.4552,2.0,154974.0,0.2754,4,0,0,0,1,0,1,1,0,1,0,0,0,0,0,0,0,0,480000.0,https://www.mubawab-media.com/ad/7/971/426F/h/2a151122-ba9d-41f8-bebb-2eb46473b516_79366275.avif
1,0.3533,36.899,10.2358,175.0,4.0,3.0,0.5,0.4235,2.0,43985.0,0.3168,4,0,1,0,1,0,0,1,0,0,0,0,0,0,1,0,0,0,600000.0,https://www.mubawab-media.com/ad/8/215/236F/h/WhatsApp%20Image%202025-09-10%20at%2016.25.55%20%2815%29_81018853.avif
23,0.4,36.8769,10.3247,138.0,4.0,3.0,0.5,0.8015,2.0,2562.03,0.314,4,0,1,0,1,0,0,0,0,1,0,0,0,0,1,0,0,0,395000.0,https://www.mubawab-media.com/ad/8/248/549F/h/WhatsApp%20Image%202025-11-07%20at%2012.02.27%20PM_81370059.avif
1,0.3533,36.899,10.2358,110.0,3.0,2.0,0.5,0.4235,2.0,43985.0,0.3279,4,0,1,0,0,0,0,1,0,0,0,0,0,0,1,0,0,0,388000.0,https://www.mubawab-media.com/ad/8/250/535F/h/1_81391403.avif
23,0.4,36.8769,10.3247,57.0,2.0,1.0,0.5,0.8015,2.0,2562.03,0.3156,4,0,1,0,1,1,0,1,0,0,0,0,0,0,1,1,0,0,205000.0,https://www.mubawab-media.com/ad/8/177/961F/h/WhatsApp%20Image%202025-07-10%20at%201.19.31%20PM_81192261.avif
23,0.6867,36.819,10.1658,56.0,2.0,1.0,0.5,0.5524,2.0,2562.03,0.3407,4,0,1,0,0,0,0,1,0,0,0,0,0,0,1,1,0,0,382000.0,https://www.mubawab-media.com/ad/8/268/832F/h/WhatsApp%20Image%202025-12-08%20at%205.05.18%20PM%20%281%29_81596296.avif
3,0.0933,36.819,10.2358,1000.0,3.0,4.0,0.5,0.517,2.0,43985.0,0.3168,4,0,0,0,0,0,0,0,0,1,1,1,0,0,0,0,0,0,980000.0,https://www.mubawab-media.com/ad/8/283/221F/h/photo_0_81751388.avif
16,0.13,36.819,10.2358,1000.0,2.0,2.0,0.5,0.517,2.0,43985.0,0.3168,2,0,0,1,1,0,1,0,1,1,1,1,1,1,0,0,0,0,200000.0,https://www.mubawab-media.com/ad/8/290/968F/h/1000014434_81832483.avif
23,0.6867,36.819,10.1658,153.0,4.0,3.0,0.5,0.5524,2.0,2562.03,0.3386,4,0,1,0,1,0,0,1,1,1,1,1,1,1,1,0,0,0,870000.0,https://www.mubawab-media.com/ad/8/290/938F/h/JVj14jqCAFjA20qO-thumb_81832127.avif
23,0.6867,36.819,10.1658,180.0,4.0,3.0,0.5,0.5524,2.0,2562.03,0.3305,4,0,1,0,1,0,0,1,1,1,1,1,1,1,1,0,0,0,750000.0,https://www.mubawab-media.com/ad/8/190/884F/h/image_1_80771071.avif
1,0.32,36.8665,10.1647,124.0,4.0,3.0,0.5,0.5305,2.0,43985.0,0.3104,4,0,0,0,1,0,0,1,0,0,0,0,0,0,1,0,0,0,417000.0,https://www.mubawab-media.com/ad/8/224/250F/h/D6-10_81116325.avif
3,0.32,36.8,10.1,129.0,4.0,3.0,0.5,0.2195,2.0,110184.0,0.3188,4,0,0,0,0,0,0,1,0,0,0,0,0,0,1,1,0,0,407000.0,https://www.mubawab-media.com/ad/8/111/784F/h/02%20%281%29_79962345_79962352.avif
1,0.32,36.8665,10.1647,117.0,4.0,3.0,0.5,0.5305,2.0,43985.0,0.3136,4,0,1,0,1,0,0,1,0,0,1,0,0,0,1,0,0,0,410000.0,https://www.mubawab-media.com/ad/8/286/557F/h/Salon3_81786419.avif
23,0.32,36.844,10.192,132.0,4.0,3.0,0.5,0.3403,2.0,43985.0,0.3082,4,0,0,0,1,0,0,0,0,0,0,1,0,0,1,0,0,0,270000.0,https://www.mubawab-media.com/ad/8/298/125F/h/hba%201_81911251.avif
3,0.14,36.8,10.1,216.0,5.0,4.0,0.5,0.2793,2.0,110184.0,0.2694,4,0,1,0,1,0,0,1,0,0,0,0,0,0,0,0,0,0,580000.0,https://www.mubawab-media.com/ad/8/224/041F/h/gallery_81113899.avif
23,0.4,36.8769,10.3247,120.0,3.0,2.0,0.5,0.8015,2.0,2562.03,0.2848,4,0,1,0,1,0,0,1,0,1,1,1,0,0,1,0,0,0,425000.0,https://www.mubawab-media.com/ad/8/286/888F/h/thumb_1276949_property_xlarge_81949807.avif
1,0.332,36.819,10.2358,115.0,3.0,2.0,0.5,0.517,2.0,43985.0,0.3168,4,0,0,0,0,0,0,0,0,0,0,0,0,0,0,0,0,0,309900.0,nan
16,0.2833,36.4561,10.7376,97.0,3.0,2.0,0.5,0.4454,2.0,154974.0,0.2982,4,0,1,0,1,1,0,0,1,1,1,1,1,1,1,0,0,1,320000.0,https://www.mubawab-media.com/ad/7/898/410F/h/Sans%20titre1-ink%2811%29_81908675.avif
23,0.092,36.8,10.1,113.0,4.0,3.0,0.5,0.3155,2.0,110184.0,0.3144,4,0,0,0,0,0,0,0,0,0,0,0,0,0,0,0,0,0,185000.0,https://www.mubawab-media.com/ad/8/269/844F/h/556417608_122111605125013003_3529073854050330217_n_81606945.avif
23,0.6867,36.819,10.1658,120.0,3.0,2.0,0.5,0.5524,2.0,2562.03,0.3363,4,0,1,0,0,0,0,1,1,0,1,1,0,0,1,0,0,0,425000.0,https://www.mubawab-media.com/ad/8/277/250F/h/thumb_1232310_property_large_81686422.avif
23,0.37,36.861,10.195,120.0,3.0,2.0,0.5,0.4309,2.0,43985.0,0.2694,4,0,0,0,1,0,0,0,0,1,1,1,0,0,0,0,0,0,450000.0,https://www.mubawab-media.com/ad/8/290/748F/h/gallery_81830284.avif
12,0.22,35.5047,11.0622,60.0,3.0,2.0,0.5,0.4425,2.0,1278.45,0.2694,3,0,0,0,0,0,0,1,0,0,0,0,0,0,0,0,0,0,198000.0,https://www.mubawab-media.com/ad/8/224/709F/h/gallery_81120912.avif
23,0.6867,36.819,10.1658,70.0,3.0,1.0,0.5,0.5524,2.0,2562.03,0.3391,4,0,1,1,1,0,0,1,1,1,1,1,1,1,1,0,0,1,415000.0,https://www.mubawab-media.com/ad/8/290/695F/h/photo_0_81829707.avif
13,0.2467,36.8,10.1,73.0,2.0,1.0,0.5,0.2476,2.0,110184.0,0.2766,4,0,1,0,1,1,0,0,1,1,1,1,0,1,0,0,0,0,310000.0,https://www.mubawab-media.com/ad/8/290/658F/h/Picture-86674231-1-watermark_81829327.avif
1,0.32,36.8665,10.1647,254.0,5.0,4.0,0.5,0.5305,2.0,43985.0,0.2766,4,0,1,0,1,0,0,0,0,0,0,0,0,0,0,0,0,0,480000.0,https://www.mubawab-media.com/ad/8/218/114F/h/Appartement%20S%2B4%20Ennasr_81049673.avif
17,0.0533,36.8,10.1,534.0,3.0,2.0,0.5,0.1511,2.0,110184.0,0.3168,1,0,0,0,0,0,0,0,0,0,0,0,0,0,0,0,0,0,440000.0,https://www.mubawab-media.com/ad/8/217/727F/h/4%20app%20sfax%20route%20mahdia%20%282%29_81045405.avif
16,0.13,36.8,10.1,101.0,3.0,2.0,0.5,0.2426,2.0,110184.0,0.3172,4,0,0,0,1,0,1,1,0,0,0,0,0,0,1,1,0,0,295000.0,https://www.mubawab-media.com/ad/8/175/397F/h/WhatsApp%20Image%202025-07-10%20at%202.26.06%20PM_81690164.avif
16,0.13,36.8,10.1,80.0,3.0,2.0,0.5,0.2426,2.0,110184.0,0.3184,4,0,0,0,1,0,0,0,0,0,0,1,1,1,0,0,0,0,185000.0,https://www.mubawab-media.com/ad/8/274/937F/h/WhatsApp%20Image%202025-11-21%20at%203.31.23%20PM%20-%20Copie_81660174.avif
16,0.13,36.8,10.1,83.0,2.0,1.0,0.5,0.2426,2.0,110184.0,0.3148,4,0,1,0,0,1,0,0,0,0,0,0,0,0,1,1,0,0,320000.0,https://www.mubawab-media.com/ad/8/267/424F/h/gallery%20%283%29_81581759.avif
1,0.3533,36.899,10.2358,142.0,3.0,2.0,0.5,0.4235,2.0,43985.0,0.3152,4,0,1,0,1,0,0,1,0,0,0,0,0,0,1,0,0,0,450000.0,https://www.mubawab-media.com/ad/8/246/089F/h/WhatsApp%20Image%202025-11-03%20at%2010.27.32%20%2810%29_81346129.avif
16,0.2833,36.4561,10.7376,158.0,5.0,3.0,0.5,0.4454,2.0,154974.0,0.3411,4,0,1,0,1,1,0,1,0,0,0,0,0,0,0,0,0,1,540000.0,https://www.mubawab-media.com/ad/8/013/125F/h/435925440_463948056112752_8260192419282279441_n-ink_78995832.avif
23,0.4,36.8769,10.3247,99.0,7.0,4.0,0.5,0.8015,2.0,2562.03,0.2981,4,0,0,0,0,0,0,0,0,0,0,0,0,0,0,0,0,0,750000.0,https://www.mubawab-media.com/ad/8/120/725F/h/3_80053530.avif
20,0.1333,36.8,10.1,101.0,2.0,2.0,0.5,0.2413,2.0,110184.0,0.2734,4,0,0,0,1,0,0,1,1,0,1,0,0,0,0,0,0,0,260000.0,https://www.mubawab-media.com/ad/8/239/958F/h/thumb_1191124_property_large_81282201.avif
23,0.092,36.8,10.1,104.0,6.0,3.0,0.5,0.3155,2.0,110184.0,0.3325,4,0,0,0,1,0,0,1,0,1,1,0,0,0,1,1,0,0,157000.0,https://www.mubawab-media.com/ad/8/290/453F/h/Capture%20d%E2%80%99%C3%A9cran%202026-01-22%20143403_81827134.avif
14,0.0533,36.8,10.1,124.0,2.0,3.0,0.5,0.3307,2.0,110184.0,0.3192,1,0,0,0,0,0,0,0,0,0,0,0,0,0,0,0,0,0,150000.0,https://www.mubawab-media.com/ad/8/290/400F/h/IMG-20251020-WA0003_81826538.avif
16,0.2833,36.4561,10.7376,82.0,4.0,2.0,0.5,0.4454,2.0,154974.0,0.3172,3,0,0,0,0,0,0,0,0,0,1,0,0,0,0,0,0,0,250000.0,https://www.mubawab-media.com/ad/8/290/292F/h/WhatsApp-Image-2026-01-14-at-18.28.56_81825407.avif
23,0.6867,36.819,10.1658,227.0,4.0,3.0,0.5,0.5524,2.0,2562.03,0.3263,4,0,1,0,1,0,0,1,1,1,1,1,1,1,0,1,0,0,860000.0,https://www.mubawab-media.com/ad/8/290/074F/h/IMG-20260109-WA0001_81824976.avif
1,0.32,36.8665,10.1647,72.0,2.0,1.0,0.5,0.5305,2.0,43985.0,0.2746,4,0,0,0,0,0,0,0,0,0,0,0,0,0,0,0,0,0,220000.0,https://www.mubawab-media.com/ad/8/254/365F/h/WhatsApp%20Image%202025-11-06%20%C3%A0%2014.33.22_15747c15_81430152.avif
1,0.332,36.8665,10.1647,106.0,3.0,2.0,0.5,0.247,2.0,43985.0,0.3626,1,0,1,0,1,0,0,0,0,1,0,0,0,0,0,0,0,0,319000.0,https://www.mubawab-media.com/ad/8/164/271F/h/O16%20project%20nuit%2002_81821799.avif
1,0.32,36.8665,10.1647,120.0,4.0,3.0,0.5,0.5305,2.0,43985.0,0.3256,4,0,0,0,1,0,0,1,0,0,0,0,0,0,1,0,0,0,406000.0,https://www.mubawab-media.com/ad/8/224/256F/h/D6-4_81116390.avif
3,0.32,36.8,10.1,104.0,3.0,2.0,0.5,0.2195,2.0,110184.0,0.3156,4,0,0,0,0,0,0,1,0,0,0,0,0,0,1,1,0,0,329000.0,https://www.mubawab-media.com/ad/8/111/785F/h/01%20%281%29_79962344_79962354.avif
20,0.3067,35.8604,10.5953,74.0,1.0,1.0,0.5,0.3642,2.0,150620.48,0.3565,4,0,0,0,0,0,0,1,1,1,1,0,0,0,0,0,0,0,350000.0,https://www.mubawab-media.com/ad/8/137/275F/h/thumb_1084126_property_large_80221360.avif
1,0.3533,36.899,10.2358,58.0,2.0,1.0,0.5,0.4235,2.0,43985.0,0.2746,4,0,1,0,1,0,0,0,0,1,0,0,0,0,1,0,0,0,220000.0,https://www.mubawab-media.com/ad/8/291/956F/h/thumb_1265972_property_xlarge_81842740.avif
13,0.16,36.8,10.1,141.0,4.0,3.0,0.5,0.2875,2.0,110184.0,0.2758,4,0,1,0,1,0,0,1,1,1,1,1,0,0,1,0,0,0,352000.0,https://www.mubawab-media.com/ad/8/231/198F/h/salon_81192464.avif
1,0.332,36.819,10.2358,115.0,3.0,2.0,0.5,0.517,2.0,43985.0,0.3168,4,0,0,0,0,0,0,0,0,0,0,0,0,0,0,0,0,0,369000.0,nan
13,0.16,36.8,10.1,78.0,3.0,2.0,0.5,0.2875,2.0,110184.0,0.2694,4,0,0,0,0,0,0,0,1,0,0,0,0,0,0,0,0,0,178000.0,https://www.mubawab-media.com/ad/8/272/853F/h/66b98e47-dbf3-44bf-8d73-33764b1909cd_81638833.avif
1,0.32,36.8665,10.1647,72.0,2.0,1.0,0.5,0.5305,2.0,43985.0,0.2746,4,0,0,0,0,0,0,0,0,0,0,0,0,0,0,0,0,0,220000.0,https://www.mubawab-media.com/ad/8/254/365F/h/WhatsApp%20Image%202025-11-06%20%C3%A0%2014.33.22_15747c15_81430152.avif
1,0.32,36.8665,10.1647,109.0,3.0,2.0,0.5,0.5305,2.0,43985.0,0.3301,4,0,0,0,0,0,0,0,0,1,1,1,0,0,0,1,0,0,295000.0,https://www.mubawab-media.com/ad/8/257/524F/h/EL4JgwNlchqe7ogI-thumb_81462142.avif
1,0.32,36.8665,10.1647,180.0,3.0,3.0,0.5,0.5305,2.0,43985.0,0.3128,4,0,0,0,1,0,0,1,0,0,0,1,0,0,0,0,0,0,310000.0,https://www.mubawab-media.com/ad/8/252/450F/h/IMG-20251114-WA0002_81410330.avif
1,0.32,36.8665,10.1647,64.0,1.0,1.0,0.5,0.5305,2.0,43985.0,0.277,4,0,0,0,0,0,0,0,0,0,1,1,0,0,0,0,0,0,170000.0,https://www.mubawab-media.com/ad/8/275/642F/h/WhatsApp%20Image%202025-12-18%20at%2016.58.39%20%281%29_81667624.avif
1,0.32,36.8665,10.1647,155.0,3.0,3.0,0.5,0.5305,2.0,43985.0,0.3128,4,0,1,0,1,0,0,1,0,1,1,1,0,0,0,0,0,0,395000.0,https://www.mubawab-media.com/ad/8/282/976F/h/0_81748772.avif
23,0.4,36.8769,10.3247,97.0,2.0,2.0,0.5,0.8015,2.0,2562.03,0.2758,4,0,1,0,1,0,0,1,0,0,1,1,0,0,0,0,0,0,295000.0,https://www.mubawab-media.com/ad/8/226/471F/h/thumb_1174852_property_large_81138436.avif
1,0.32,36.8665,10.1647,190.0,4.0,4.0,0.5,0.5305,2.0,43985.0,0.2746,4,0,0,0,1,0,0,1,0,0,1,1,0,0,0,0,0,0,490000.0,https://www.mubawab-media.com/ad/8/198/773F/h/thumb_1144725_property_large_80849777.avif
1,0.32,36.8665,10.1647,80.0,2.0,1.0,0.5,0.5305,2.0,43985.0,0.2895,4,0,1,0,1,0,0,1,0,1,0,0,0,0,0,1,0,0,210000.0,https://www.mubawab-media.com/ad/8/283/894F/h/thumb_1236602_property_large_81758695.avif
1,0.3533,36.899,10.2358,115.0,3.0,3.0,0.5,0.4235,2.0,43985.0,0.2734,4,0,1,0,1,0,0,1,0,0,1,1,0,0,0,0,0,0,370000.0,https://www.mubawab-media.com/ad/8/287/232F/h/thumb_1240530_property_large_81793200.avif
1,0.3533,36.899,10.2358,162.0,4.0,3.0,0.5,0.4235,2.0,43985.0,0.3281,4,0,1,0,1,0,0,1,0,0,0,0,0,0,1,0,0,0,693000.0,https://www.mubawab-media.com/ad/8/241/852F/h/WhatsApp%20Image%202025-10-26%20at%203.10.53%20PM%20%281%29_81300912.avif
23,0.32,36.844,10.192,120.0,3.0,3.0,0.5,0.3403,2.0,43985.0,0.2991,4,0,1,0,1,0,0,0,0,1,1,0,0,0,1,0,0,0,320000.0,https://www.mubawab-media.com/ad/8/149/600F/h/photo_0_80350163.avif
13,0.16,36.8,10.1,112.0,4.0,3.0,0.5,0.2875,2.0,110184.0,0.2766,4,0,0,0,1,0,0,1,1,0,1,0,0,0,1,0,0,0,215000.0,https://www.mubawab-media.com/ad/8/199/892F/h/e57c03c7-05b0-43be-b5ff-659abfcd16df_3e484eda-df70-484c-a69c-6babfee5f806_80863175.avif
20,0.26,35.8245,10.6346,135.0,4.0,3.0,0.5,0.517,2.0,150620.48,0.3605,4,0,0,1,1,0,0,0,0,1,1,0,0,0,0,0,0,0,380000.0,https://www.mubawab-media.com/ad/8/079/742F/h/Picture-6654295-1-watermark_79651380.avif
20,0.3067,35.8604,10.5953,85.0,3.0,2.0,0.5,0.3642,2.0,150620.48,0.3156,4,0,1,0,1,0,0,0,0,0,0,0,0,0,0,0,0,0,290000.0,https://www.mubawab-media.com/ad/7/899/495F/h/Picture-83441043-1-watermark_73445153.avif
15,0.2633,35.7643,10.8113,91.0,3.0,2.0,0.5,0.3655,2.0,134734.0,0.2782,4,0,0,0,1,0,0,1,0,1,0,1,0,0,0,0,0,0,320000.0,https://www.mubawab-media.com/ad/8/286/186F/h/Picture-3921047-1-watermark_81782134.avif
23,0.4,36.8769,10.3247,348.0,3.0,2.0,0.5,0.8015,2.0,2562.03,0.3804,4,0,1,0,1,0,1,1,0,0,0,0,0,0,0,0,0,0,1350000.0,https://www.mubawab-media.com/ad/8/290/046F/h/image_1_81822874.avif
1,0.32,36.8665,10.1647,59.0,2.0,1.0,0.5,0.5305,2.0,43985.0,0.3132,4,0,1,0,0,0,0,0,0,0,0,0,0,0,1,0,0,0,205000.0,https://www.mubawab-media.com/ad/8/270/155F/h/WhatsApp%20Image%202025-12-11%20at%2015.41.00%20%281%29_81610211.avif
23,0.4,36.8769,10.3247,230.0,4.0,3.0,0.5,0.8015,2.0,2562.03,0.2726,4,0,0,0,1,0,0,1,0,1,1,1,1,0,0,1,0,0,950000.0,https://www.mubawab-media.com/ad/8/268/103F/h/10_81588822.avif
23,0.4,36.8769,10.3247,210.0,4.0,3.0,0.5,0.8015,2.0,2562.03,0.3124,4,0,0,0,1,0,0,0,0,1,1,0,0,0,0,0,0,1,1100000.0,https://www.mubawab-media.com/ad/8/287/190F/h/1_81792695.avif
20,0.3067,36.8,10.1,108.0,2.0,2.0,0.5,0.3807,2.0,110184.0,0.2782,4,0,1,0,1,0,1,1,1,1,1,1,0,1,1,0,0,0,370000.0,https://www.mubawab-media.com/ad/8/286/812F/h/20260115_133307_81788934.avif
4,0.12,36.8,10.1,100.0,3.0,2.0,0.5,0.2697,2.0,110184.0,0.3402,4,0,0,0,1,0,1,0,0,0,0,1,0,0,0,0,0,0,330000.0,https://www.mubawab-media.com/ad/8/273/990F/h/1_81651064.avif
20,0.3067,36.8,10.1,130.0,2.0,2.0,0.5,0.3807,2.0,110184.0,0.3172,4,0,1,0,1,0,0,1,1,1,1,1,0,0,1,0,0,0,350000.0,https://www.mubawab-media.com/ad/8/288/991F/h/20260119_111329_81811834.avif
1,0.32,36.8665,10.1647,157.0,3.0,3.0,0.5,0.5305,2.0,43985.0,0.3136,4,0,0,0,1,0,0,1,0,1,1,1,0,0,0,0,0,0,340000.0,https://www.mubawab-media.com/ad/8/255/462F/h/thumb_1210538_property_xlarge_81441534.avif
1,0.332,36.8665,10.1647,106.0,3.0,2.0,0.5,0.247,2.0,43985.0,0.3626,1,0,1,0,1,0,0,0,0,1,0,0,0,0,0,0,0,0,319000.0,https://www.mubawab-media.com/ad/8/164/271F/h/O16%20project%20nuit%2002_81821799.avif
3,0.32,36.8,10.1,120.0,3.0,2.0,0.5,0.2195,2.0,110184.0,0.3152,4,0,0,0,0,0,0,1,0,0,0,0,0,0,1,1,0,0,380000.0,https://www.mubawab-media.com/ad/8/111/786F/h/03%20%281%29_79962346_79962359.avif
1,0.3533,36.899,10.2358,142.0,4.0,3.0,0.5,0.4235,2.0,43985.0,0.3398,4,0,0,0,1,0,0,0,0,1,0,0,0,0,0,1,0,0,594000.0,https://www.mubawab-media.com/ad/7/933/297F/h/WhatsApp%20Image%202025-10-31%20at%2010.20.01%20%282%29_81834783.avif
13,0.16,36.8,10.1,78.0,3.0,2.0,0.5,0.2875,2.0,110184.0,0.2694,4,0,0,0,0,0,0,0,1,0,0,0,0,0,0,0,0,0,178000.0,https://www.mubawab-media.com/ad/8/272/853F/h/66b98e47-dbf3-44bf-8d73-33764b1909cd_81638833.avif
13,0.16,36.8,10.1,105.0,3.0,2.0,0.5,0.2875,2.0,110184.0,0.2694,4,0,1,0,1,0,0,0,0,0,0,0,0,0,1,0,0,0,310000.0,https://www.mubawab-media.com/ad/8/272/888F/h/gallery_81639052.avif
13,0.16,36.8,10.1,67.0,2.0,1.0,0.5,0.2875,2.0,110184.0,0.2694,4,0,1,0,1,0,0,0,0,0,0,0,0,0,1,0,0,0,200000.0,https://www.mubawab-media.com/ad/8/272/868F/h/detail_81639012.avif
13,0.16,36.8,10.1,81.0,1.0,2.0,0.5,0.2875,2.0,110184.0,0.3152,4,0,0,0,1,0,0,0,0,0,0,0,0,0,0,0,0,0,135000.0,https://www.mubawab-media.com/ad/8/063/090F/h/WhatsApp%20Image%202024-12-25%20at%2015.52.33_79487706.avif
23,0.6867,36.819,10.2358,115.0,3.0,2.0,0.5,0.517,2.0,43985.0,0.3168,4,0,0,0,0,0,0,0,0,0,0,0,0,0,0,0,0,0,635000.0,nan
13,0.16,36.8,10.1,55.0,2.0,1.0,0.5,0.2875,2.0,110184.0,0.2694,4,0,0,0,0,0,0,0,0,0,0,0,0,0,0,0,0,0,77000.0,https://www.mubawab-media.com/ad/8/284/127F/h/detail%20%281%29_81761039.avif
1,0.32,36.8665,10.1647,70.0,1.0,1.0,0.5,0.5305,2.0,43985.0,0.3317,4,0,0,0,0,0,0,0,0,1,1,1,0,0,0,0,0,0,220000.0,https://www.mubawab-media.com/ad/8/160/248F/h/WhatsApp%20Image%202026-01-30%20at%2011.26.07_81888507.avif
13,0.2467,36.8,10.1,122.0,3.0,2.0,0.5,0.2476,2.0,110184.0,0.3669,4,0,1,0,1,0,1,0,1,1,1,0,0,0,1,0,0,0,355000.0,https://www.mubawab-media.com/ad/8/245/026F/h/WhatsApp%20Image%202025-07-13%20at%2021.39.12%281%29_81335048.avif
1,0.3533,36.899,10.2358,157.0,1.0,3.0,0.5,0.4235,2.0,43985.0,0.3232,4,0,1,0,0,0,0,1,0,1,1,1,1,0,1,0,0,0,431000.0,https://www.mubawab-media.com/ad/8/289/974F/h/1000040704_81821876.avif
16,0.2833,36.4561,10.7376,100.0,2.0,2.0,0.5,0.4454,2.0,154974.0,0.3184,4,0,0,0,0,1,0,1,0,0,0,0,0,0,0,0,0,0,382000.0,https://www.mubawab-media.com/ad/8/267/907F/h/thumb_1221850_property_large_81586768.avif
16,0.2833,36.4561,10.7376,210.0,3.0,3.0,0.5,0.4454,2.0,154974.0,0.3152,4,0,0,0,0,0,0,0,0,0,0,0,0,0,0,0,0,0,350000.0,https://www.mubawab-media.com/ad/8/252/405F/h/thumb_875101_property_large_81420014.avif
16,0.32,36.4561,10.7376,132.0,2.0,2.0,0.5,0.4552,2.0,154974.0,0.3172,4,0,0,0,0,0,0,0,1,0,0,0,0,0,0,0,0,0,390000.0,https://www.mubawab-media.com/ad/8/172/916F/h/thumb_1121057_property_large_80590612.avif
16,0.32,36.4561,10.7376,57.0,1.0,1.0,0.5,0.4552,2.0,154974.0,0.3128,1,0,0,0,0,1,0,1,0,0,0,0,0,0,0,0,0,0,268000.0,https://www.mubawab-media.com/ad/8/262/546F/h/thumb_1217687_property_large_81523997.avif
16,0.2833,36.4561,10.7376,60.0,1.0,1.0,0.5,0.4454,2.0,154974.0,0.3172,4,0,0,0,0,0,0,1,0,0,0,0,0,0,0,0,0,0,237000.0,https://www.mubawab-media.com/ad/8/267/269F/h/thumb_1221415_property_large_81580188.avif
16,0.32,36.4561,10.7376,128.0,3.0,2.0,0.5,0.4552,2.0,154974.0,0.3184,4,0,1,0,1,1,0,1,0,0,0,0,0,0,0,0,0,1,570000.0,https://www.mubawab-media.com/ad/8/012/353F/h/Sans%205-ink_81547951.avif
16,0.2833,36.4561,10.7376,97.0,3.0,2.0,0.5,0.4454,2.0,154974.0,0.3368,4,0,1,0,1,1,0,0,0,0,0,0,0,0,0,0,0,1,415000.0,https://www.mubawab-media.com/ad/8/135/448F/h/465001856_591553266703842_1642213716527918139_n-ink_81589716.avif
20,0.3067,36.8,10.1,119.0,4.0,3.0,0.5,0.3807,2.0,110184.0,0.3168,4,0,1,0,1,0,0,0,1,1,0,1,0,0,1,0,0,0,350000.0,https://www.mubawab-media.com/ad/8/277/531F/h/472786513_906973114751497_7639901033876784677_n_81689432.avif
20,0.3067,36.8,10.1,92.0,3.0,2.0,0.5,0.334,2.0,110184.0,0.3172,4,0,1,0,1,0,0,0,0,0,0,0,0,0,1,0,0,0,330000.0,https://www.mubawab-media.com/ad/8/284/294F/h/3b2b4fd2-8988-4e57-800d-47fc94c846c7_81762630.avif
4,0.2367,36.819,10.2358,115.0,3.0,20.0,0.5,0.517,2.0,43985.0,0.3168,4,0,0,0,1,1,1,0,0,0,0,0,0,0,0,1,0,1,1400000.0,https://www.mubawab-media.com/ad/8/289/836F/h/20260113_152341%281%29%281%29_81820536.avif
3,0.14,36.8,10.1,120.0,2.0,2.0,0.5,0.2793,2.0,110184.0,0.2758,4,0,0,0,1,0,0,1,0,1,1,1,0,0,0,0,0,0,240000.0,https://www.mubawab-media.com/ad/8/287/822F/h/2026-4_81799235.avif
15,0.2633,35.7643,10.8113,73.0,1.0,1.0,0.5,0.3655,2.0,134734.0,0.2738,4,0,1,0,1,0,0,1,0,0,0,0,0,0,0,1,0,1,450000.0,https://www.mubawab-media.com/ad/8/289/668F/h/Untitled%20design_81818660.avif
23,0.6867,36.819,10.1658,188.0,4.0,3.0,0.5,0.5524,2.0,2562.03,0.3423,4,0,1,0,1,0,0,1,1,1,1,1,1,1,1,1,0,0,750000.0,https://www.mubawab-media.com/ad/8/289/649F/h/IXYWWgInvVPVBmMD-thumb_81818483.avif
23,0.4,36.8769,10.3247,105.0,3.0,2.0,0.5,0.8015,2.0,2562.03,0.2726,4,0,1,0,1,0,0,1,1,1,1,1,0,0,1,0,0,0,325000.0,https://www.mubawab-media.com/ad/8/280/004F/h/IMG_6870_81717102.avif
20,0.3067,35.8604,10.5953,42.0,1.0,1.0,0.5,0.3642,2.0,150620.48,0.3258,1,0,0,0,0,0,0,0,0,0,0,0,0,0,0,0,0,0,350000.0,https://www.mubawab-media.com/ad/8/289/540F/h/thumb_1263072_property_large_81817334.avif
20,0.284,36.8,10.1,120.0,3.0,2.0,0.5,0.3272,2.0,110184.0,0.3176,4,0,1,0,1,0,0,1,1,1,1,0,0,0,0,0,0,0,320000.0,https://www.mubawab-media.com/ad/8/245/085F/h/WhatsApp%20Image%202025-10-23%20at%2011.01.07%20%281%29_81335522.avif
4,0.2367,36.8,10.1,108.0,3.0,2.0,0.5,0.2007,2.0,110184.0,0.279,4,0,1,0,1,0,1,1,0,0,0,1,0,0,0,0,0,1,350000.0,https://www.mubawab-media.com/ad/8/054/202F/h/thumb_1111580_property_big_81792386.avif
4,0.24,37.2744,9.8739,179.0,12.0,8.0,0.5,0.4278,2.0,61540.22,0.2931,4,0,0,0,1,0,0,1,0,0,0,1,0,0,0,0,0,0,450000.0,https://www.mubawab-media.com/ad/8/125/366F/h/thumb_1068971_property_big_80101661.avif
3,0.32,36.8,10.1,103.0,3.0,2.0,0.5,0.2195,2.0,110184.0,0.2762,4,0,0,0,0,0,0,1,0,0,0,0,0,0,1,1,0,0,326000.0,https://www.mubawab-media.com/ad/8/111/787F/h/02%20%281%29_79962345_79962361.avif
1,0.3533,36.899,10.2358,150.0,4.0,3.0,0.5,0.4235,2.0,43985.0,0.3292,4,0,1,0,0,0,0,1,0,1,0,0,0,0,0,1,0,0,664000.0,https://www.mubawab-media.com/ad/7/934/632F/h/WhatsApp%20Image%202025-10-31%20at%2010.20.00%20%281%29_81488019.avif
13,0.16,36.8,10.1,111.0,3.0,2.0,0.5,0.2875,2.0,110184.0,0.2694,4,0,0,0,0,0,0,1,0,0,0,1,0,0,0,0,0,0,290000.0,https://www.mubawab-media.com/ad/8/230/912F/h/gallery_81189277.avif
13,0.16,36.8,10.1,80.0,3.0,2.0,0.5,0.2875,2.0,110184.0,0.2694,4,0,0,0,1,0,0,0,1,0,0,0,0,0,0,0,0,0,125000.0,https://www.mubawab-media.com/ad/8/284/131F/h/gallery_81761053.avif
13,0.16,36.8,10.1,153.0,4.0,3.0,0.5,0.2875,2.0,110184.0,0.2694,4,0,1,0,0,0,0,1,0,0,0,0,0,0,1,0,0,0,390000.0,https://www.mubawab-media.com/ad/8/294/349F/h/gallery%20%284%29_81867962.avif
13,0.16,36.8,10.1,88.0,3.0,3.0,0.5,0.2875,2.0,110184.0,0.2694,4,0,0,0,1,0,0,0,0,0,0,0,0,0,0,0,0,0,165000.0,https://www.mubawab-media.com/ad/8/296/548F/h/gallery%20%281%29_81894558.avif
23,0.6867,36.819,10.2358,115.0,3.0,2.0,0.5,0.517,2.0,43985.0,0.3168,4,0,0,0,0,0,0,0,0,0,0,0,0,0,0,0,0,0,635000.0,nan
1,0.32,36.8665,10.1647,74.0,3.0,1.0,0.5,0.5305,2.0,43985.0,0.3136,4,0,1,0,0,0,0,1,1,1,1,1,1,1,1,0,0,0,175000.0,https://www.mubawab-media.com/ad/8/279/411F/h/photo_00_81817221.avif
4,0.24,37.2744,9.8739,90.0,3.0,2.0,0.5,0.4278,2.0,61540.22,0.3168,4,0,0,0,1,0,1,0,0,0,0,0,0,0,0,0,0,1,180000.0,https://www.mubawab-media.com/ad/8/224/151F/h/thumb_698729_property_big_81115086.avif
4,0.24,37.2744,9.8739,147.0,4.0,3.0,0.5,0.4278,2.0,61540.22,0.3081,4,0,0,0,1,0,1,1,0,0,0,1,1,0,0,0,0,1,550000.0,https://www.mubawab-media.com/ad/8/281/176F/h/610716780_1444437997691872_8980226607616994957_n_81733622.avif
1,0.3533,36.899,10.2358,84.0,2.0,1.0,0.5,0.4235,2.0,43985.0,0.3124,4,0,0,0,1,0,0,1,0,1,1,1,0,0,0,1,0,0,298000.0,https://www.mubawab-media.com/ad/8/288/703F/h/thumb_1192521_property_xlarge_81808602.avif
3,0.1133,36.7533,10.2283,127.0,3.0,2.0,0.5,0.4302,2.0,114262.5,0.2694,4,0,1,0,0,0,0,1,0,0,0,1,0,0,0,0,0,0,315000.0,https://www.mubawab-media.com/ad/8/289/216F/h/gallery_81814240.avif
23,0.37,36.861,10.195,130.0,3.0,2.0,0.5,0.4309,2.0,43985.0,0.2694,4,0,1,0,1,0,0,1,0,1,1,1,0,0,0,0,0,0,345000.0,https://www.mubawab-media.com/ad/8/289/208F/h/gallery_81814142.avif
17,0.1427,34.7405,10.7603,193.0,3.0,2.0,0.5,0.3081,2.0,130875.5,0.271,4,0,0,0,1,0,0,0,0,0,0,0,0,0,0,0,0,0,190000.0,https://www.mubawab-media.com/ad/8/289/205F/h/gallery_81814116.avif
1,0.32,36.8665,10.1647,129.0,3.0,2.0,0.5,0.5305,2.0,43985.0,0.2694,4,0,0,0,1,0,0,1,0,0,0,0,0,0,0,0,0,0,155000.0,https://www.mubawab-media.com/ad/8/289/202F/h/gallery_81814093.avif
23,0.092,36.8,10.1,109.0,3.0,2.0,0.5,0.3155,2.0,110184.0,0.2694,4,0,0,0,1,0,0,1,1,0,1,0,0,0,0,0,0,0,265000.0,https://www.mubawab-media.com/ad/8/289/201F/h/gallery_81814083.avif
23,0.32,36.844,10.192,114.0,4.0,3.0,0.5,0.3403,2.0,43985.0,0.314,4,0,0,0,0,0,0,0,0,1,1,1,1,0,0,0,0,0,325000.0,https://www.mubawab-media.com/ad/8/288/998F/h/IMG_2199_81811978.avif
23,0.4,36.8769,10.3247,275.0,3.0,4.0,0.5,0.8015,2.0,2562.03,0.3286,4,0,1,0,0,1,0,1,0,0,0,1,0,0,0,1,0,0,980000.0,https://www.mubawab-media.com/ad/8/255/445F/h/thumb_1210688_property_xlarge_81441335.avif
20,0.3067,36.8,10.1,108.0,2.0,2.0,0.5,0.3807,2.0,110184.0,0.2766,4,0,1,0,1,0,1,1,0,0,0,0,0,0,1,0,0,0,370000.0,https://www.mubawab-media.com/ad/8/288/651F/h/20260115_134552_81811781.avif
23,0.4,36.8769,10.3247,158.0,4.0,3.0,0.5,0.8015,2.0,2562.03,0.3271,4,0,1,0,1,0,0,1,0,0,0,0,0,0,1,0,0,0,1300000.0,https://www.mubawab-media.com/ad/8/239/816F/h/image_1_81280713.avif
4,0.24,37.2744,9.8739,90.0,3.0,2.0,0.5,0.4278,2.0,61540.22,0.3144,4,0,0,0,0,0,0,0,0,0,0,1,0,0,0,0,0,0,210000.0,https://www.mubawab-media.com/ad/8/266/007F/h/thumb_1219986_property_xlarge_81563306.avif
1,0.3533,36.899,10.2358,138.0,3.0,2.0,0.5,0.4235,2.0,43985.0,0.3132,4,0,0,0,0,0,0,0,0,1,0,0,0,0,1,1,0,0,540000.0,https://www.mubawab-media.com/ad/8/214/540F/h/thumb_1160652_property_large_81011191.avif
23,0.4,36.8769,10.3247,138.0,3.0,3.0,0.5,0.8015,2.0,2562.03,0.277,4,0,0,0,1,0,0,1,1,1,1,0,0,0,1,0,0,0,375000.0,https://www.mubawab-media.com/ad/8/273/334F/h/thumb_1228190_property_large_81644123.avif
20,0.3067,36.8,10.1,137.0,3.0,2.0,0.5,0.3807,2.0,110184.0,0.2887,4,0,1,0,1,0,0,0,0,0,1,1,0,0,0,0,0,0,340000.0,https://www.mubawab-media.com/ad/8/049/487F/h/gallery_79352312.avif
23,0.4,36.8769,10.3247,119.0,3.0,2.0,0.5,0.8015,2.0,2562.03,0.296,4,0,1,0,1,0,0,0,1,1,1,1,0,0,1,0,0,0,449000.0,https://www.mubawab-media.com/ad/8/277/107F/h/bb9f92ee-d231-4e2e-a7d3-5323290e1ed4_81684550.avif
23,0.6867,36.819,10.1658,188.0,4.0,3.0,0.5,0.5524,2.0,2562.03,0.3569,4,0,1,0,1,0,0,0,1,1,1,1,1,1,1,0,0,0,1238000.0,https://www.mubawab-media.com/ad/8/269/199F/h/caacf387-14a7-4750-b2e7-a6b7975c914a_81600405.avif
23,0.32,36.844,10.192,149.0,3.0,2.0,0.5,0.3403,2.0,43985.0,0.2778,4,0,1,0,0,0,0,1,1,1,1,1,0,1,1,0,0,0,350000.0,https://www.mubawab-media.com/ad/8/256/733F/h/1000018322_81454750.avif
17,0.1427,34.7405,10.7603,105.0,1.0,2.0,0.5,0.3081,2.0,130875.5,0.3156,4,0,1,0,1,0,0,1,1,0,0,0,0,0,0,0,0,0,159000.0,https://www.mubawab-media.com/ad/8/288/680F/h/thumb_1262624_property_xlarge_81808380.avif
1,0.3533,36.899,10.2358,118.0,1.0,3.0,0.5,0.4235,2.0,43985.0,0.3116,3,0,0,0,0,0,0,0,0,1,0,0,0,0,0,0,0,0,200000.0,https://www.mubawab-media.com/ad/8/288/694F/h/618920106_4334034510209212_3524639337148659084_n%20%281%29_81808523.avif
3,0.32,36.8,10.1,134.0,4.0,3.0,0.5,0.2195,2.0,110184.0,0.32,4,0,0,0,0,0,0,1,0,0,0,0,0,0,1,1,0,0,424000.0,https://www.mubawab-media.com/ad/8/111/788F/h/02%20%281%29_79962345_79962364.avif
1,0.3533,36.899,10.2358,115.0,3.0,2.0,0.5,0.4235,2.0,43985.0,0.3541,4,0,0,0,1,0,0,0,0,1,0,0,0,0,0,1,0,0,489000.0,https://www.mubawab-media.com/ad/7/934/679F/h/WhatsApp%20Image%202025-10-31%20at%2010.20.01%20%282%29_81834583.avif
1,0.32,36.8665,10.1647,74.0,3.0,1.0,0.5,0.5305,2.0,43985.0,0.3136,4,0,1,0,0,0,0,1,0,0,0,0,0,0,1,0,0,0,175000.0,https://www.mubawab-media.com/ad/8/279/411F/h/photo_00_81817221.avif
23,0.3467,36.819,10.1658,57.0,2.0,1.0,0.5,0.3526,2.0,2562.03,0.3281,4,0,1,1,1,0,1,0,0,0,0,0,0,0,1,0,0,0,370000.0,https://www.mubawab-media.com/ad/8/246/428F/h/HR8HwAXJOaIx0B9Q-thumb_81349436.avif
3,0.14,36.8,10.1,117.0,2.0,2.0,0.5,0.2793,2.0,110184.0,0.3176,4,0,1,0,1,0,0,1,0,0,0,0,0,0,1,0,0,0,292500.0,https://www.mubawab-media.com/ad/8/260/278F/h/thumb_1007135_property_large_81491106.avif
23,0.1733,36.819,10.1658,75.0,1.0,2.0,0.5,0.6863,2.0,2562.03,0.318,4,0,1,0,1,0,0,1,0,0,0,0,0,0,0,0,0,0,299000.0,https://www.mubawab-media.com/ad/8/159/889F/h/thumb_1108524_property_large_80458006.avif
23,0.4,36.819,10.2358,115.0,3.0,2.0,0.5,0.517,2.0,43985.0,0.3168,4,0,0,0,0,0,0,0,0,0,0,0,0,0,0,0,0,0,890000.0,nan
23,0.4,36.8769,10.3247,101.0,3.0,4.0,0.5,0.8015,2.0,2562.03,0.3176,4,0,1,0,1,0,0,0,0,0,0,0,0,0,0,0,0,0,325000.0,https://www.mubawab-media.com/ad/8/044/306F/h/thumb_743280_property_large_79300146.avif
1,0.3533,36.899,10.2358,178.0,4.0,3.0,0.5,0.4235,2.0,43985.0,0.3148,4,0,1,0,0,0,0,1,0,1,1,1,0,0,1,0,0,0,720000.0,https://www.mubawab-media.com/ad/8/288/595F/h/thumb_1241522_property_xlarge_81807506.avif
1,0.3533,36.899,10.2358,108.0,3.0,2.0,0.5,0.4235,2.0,43985.0,0.2758,4,0,1,0,0,0,0,1,1,1,1,1,1,1,1,0,0,0,399000.0,https://www.mubawab-media.com/ad/7/698/263F/h/thumb_460745_property_xlarge_77848454.avif
1,0.3533,36.899,10.2358,161.0,4.0,3.0,0.5,0.4235,2.0,43985.0,0.3475,4,0,1,0,1,0,0,1,1,1,1,1,1,1,1,1,0,0,700000.0,https://www.mubawab-media.com/ad/8/127/917F/h/dressing_80127374.avif
1,0.3533,36.899,10.2358,131.0,3.0,2.0,0.5,0.4235,2.0,43985.0,0.3257,4,0,1,0,1,0,0,1,1,1,1,1,1,1,1,1,0,0,592000.0,https://www.mubawab-media.com/ad/8/127/928F/h/salon_80126477.avif
1,0.3533,36.899,10.2358,156.0,4.0,3.0,0.5,0.4235,2.0,43985.0,0.3402,4,0,1,0,1,0,0,1,0,1,1,1,0,0,1,0,0,0,650000.0,https://www.mubawab-media.com/ad/8/227/691F/h/s%2B3-08_81152423.avif
16,0.32,36.4561,10.7376,175.0,5.0,4.0,0.5,0.4552,2.0,154974.0,0.275,4,0,0,0,1,0,0,0,0,1,0,1,1,1,0,0,0,0,380000.0,https://www.mubawab-media.com/ad/8/273/666F/h/f43d46b0-b655-44f1-8c11-0e0945f40b2b_81647707.avif
1,0.3533,36.899,10.2358,140.0,4.0,3.0,0.5,0.4235,2.0,43985.0,0.3156,4,0,0,0,1,0,0,1,0,1,0,0,0,0,1,1,0,0,703000.0,https://www.mubawab-media.com/ad/8/228/447F/h/s%2B3-07_81160428.avif
1,0.3533,36.899,10.2358,135.0,3.0,3.0,0.5,0.4235,2.0,43985.0,0.2782,4,0,1,0,1,0,0,1,0,0,1,1,0,0,0,0,0,0,355000.0,https://www.mubawab-media.com/ad/8/288/489F/h/thumb_1262226_property_large_81806451.avif
20,0.3067,36.8,10.1,140.0,4.0,3.0,0.5,0.3807,2.0,110184.0,0.3404,4,0,1,0,1,0,0,0,0,1,0,0,0,0,0,0,0,0,295000.0,https://www.mubawab-media.com/ad/8/288/421F/h/WhatsApp%20Image%202026-01-17%20at%2010.29.57%20%281%29_81805736.avif
23,0.4,36.8769,10.3247,92.0,2.0,2.0,0.5,0.8015,2.0,2562.03,0.3132,4,0,1,0,1,0,0,0,0,0,1,0,0,0,0,0,0,0,330000.0,https://www.mubawab-media.com/ad/8/288/401F/h/thumb_1262064_property_large_81805492.avif
23,0.4,36.8769,10.3247,114.0,3.0,2.0,0.5,0.8015,2.0,2562.03,0.3156,4,0,1,0,1,0,0,1,0,0,0,0,0,0,1,0,0,0,300000.0,https://www.mubawab-media.com/ad/8/139/154F/h/889d0b98-ce13-43a4-aef5-b2ca696cd716_80292478.avif
20,0.26,35.8245,10.6346,101.0,3.0,2.0,0.5,0.517,2.0,150620.48,0.3144,4,0,1,0,1,0,1,1,0,0,0,0,0,0,1,0,0,0,385000.0,https://www.mubawab-media.com/ad/8/246/952F/h/1_81355132.avif
16,0.15,36.8,10.1,95.0,2.0,2.0,0.5,0.2237,2.0,110184.0,0.3589,4,0,0,1,1,0,1,0,0,0,0,0,0,0,0,0,0,1,240000.0,https://www.mubawab-media.com/ad/8/016/342F/h/c3bb5fac-47a9-40bc-b6f8-cb5e152ec213_79027931.avif
16,0.32,36.4561,10.7376,95.0,3.0,2.0,0.5,0.4552,2.0,154974.0,0.2722,4,0,0,0,1,0,0,0,0,0,1,1,0,0,0,0,0,0,260000.0,https://www.mubawab-media.com/ad/8/242/168F/h/IMG_20250913_112337_81304008.avif
16,0.32,36.4561,10.7376,65.0,3.0,2.0,0.5,0.4552,2.0,154974.0,0.3289,4,0,0,0,1,0,0,0,0,0,0,0,0,0,0,0,0,0,300000.0,https://www.mubawab-media.com/ad/8/248/589F/h/IMG_20250802_151544_81462003.avif
16,0.32,36.4561,10.7376,116.0,3.0,2.0,0.5,0.4552,2.0,154974.0,0.335,4,0,0,0,1,0,0,1,0,0,0,1,0,0,0,0,0,0,390000.0,https://www.mubawab-media.com/ad/7/876/206F/h/WhatsApp%20Image%202024-02-16%20at%2015.54.39_69533757.avif
16,0.32,36.4561,10.7376,127.0,3.0,2.0,0.5,0.4552,2.0,154974.0,0.275,4,0,0,0,1,0,0,1,0,0,0,0,0,0,1,1,0,1,470000.0,https://www.mubawab-media.com/ad/8/274/098F/h/274481637_354115829882453_5257228806364385030_n%20copie_81652061.avif
1,0.3533,36.899,10.2358,93.0,3.0,2.0,0.5,0.4235,2.0,43985.0,0.3419,4,0,1,0,1,0,0,0,0,1,0,0,0,0,0,1,0,0,385000.0,https://www.mubawab-media.com/ad/7/934/693F/h/WhatsApp%20Image%202025-10-31%20at%2010.19.58_81834621.avif
3,0.2227,36.8,10.1,116.0,3.0,2.0,0.5,0.274,2.0,110184.0,0.3297,4,0,1,0,0,0,0,1,1,1,1,0,0,0,0,0,0,0,287000.0,https://www.mubawab-media.com/ad/7/928/114F/h/DSC_6827-HDR_21207779_76256906.avif
23,0.6867,36.819,10.1658,128.0,3.0,2.0,0.5,0.5524,2.0,2562.03,0.3411,4,0,1,0,1,0,0,1,0,1,0,0,0,0,1,0,0,0,485000.0,https://www.mubawab-media.com/ad/8/290/724F/h/gallery_81829976.avif
23,0.4,36.8769,10.3247,225.0,4.0,3.0,0.5,0.8015,2.0,2562.03,0.3379,4,0,0,0,1,1,0,1,0,0,0,0,0,0,0,0,0,0,930000.0,https://www.mubawab-media.com/ad/8/169/539F/h/image_1_80554923.avif
1,0.32,36.8665,10.1647,247.0,5.0,3.0,0.5,0.5305,2.0,43985.0,0.271,4,0,0,0,1,0,0,1,0,1,0,0,0,0,0,1,0,0,1350000.0,https://www.mubawab-media.com/ad/8/244/356F/h/gallery_81326457.avif
1,0.32,36.8665,10.1647,152.0,4.0,3.0,0.5,0.5305,2.0,43985.0,0.2694,4,0,1,0,1,0,0,0,0,1,1,0,0,0,0,0,0,0,317000.0,https://www.mubawab-media.com/ad/8/236/341F/h/gallery_81245145.avif
23,0.6867,36.819,10.2358,115.0,3.0,2.0,0.5,0.517,2.0,43985.0,0.3168,4,0,0,0,0,0,0,0,0,0,0,0,0,0,0,0,0,0,419000.0,nan
1,0.32,36.8665,10.1647,211.0,4.0,3.0,0.5,0.5305,2.0,43985.0,0.2694,4,0,1,1,1,0,0,1,0,1,1,0,0,0,0,1,0,0,740000.0,https://www.mubawab-media.com/ad/8/129/473F/h/gallery_80142057.avif
23,0.1733,36.819,10.1658,179.0,5.0,3.0,0.5,0.6863,2.0,2562.03,0.3184,4,0,1,0,1,0,0,1,0,0,0,1,1,0,1,0,0,0,420000.0,https://www.mubawab-media.com/ad/7/954/069F/h/298688624_6250916654925140_6348435558656115011_n_78355456.avif
23,0.4,36.8769,10.3247,114.0,3.0,2.0,0.5,0.8015,2.0,2562.03,0.3124,1,0,1,0,0,0,0,1,1,1,1,1,1,1,1,1,0,0,600000.0,https://www.mubawab-media.com/ad/8/266/183F/h/3aa1cb50-0367-4378-8fb4-3920464910f7_81770804.avif
1,0.32,36.8665,10.1647,91.0,3.0,2.0,0.5,0.5305,2.0,43985.0,0.3136,4,0,1,0,1,0,0,1,1,1,1,0,1,1,1,0,0,0,315000.0,https://www.mubawab-media.com/ad/8/287/129F/h/8a2f70cd-af5f-4ad0-984e-eb35c7fb210b%20%286%29_81864037.avif
1,0.32,36.8665,10.1647,66.0,2.0,1.0,0.5,0.5305,2.0,43985.0,0.3136,4,0,1,0,1,0,0,1,1,1,1,1,1,1,1,0,0,0,320000.0,https://www.mubawab-media.com/ad/8/287/144F/h/4985caf9-d196-4716-b3c6-d6a26bee09f2_81792153.avif
23,0.4,36.8769,10.3247,90.0,3.0,2.0,0.5,0.8015,2.0,2562.03,0.2802,4,0,0,0,0,0,0,1,0,1,1,1,0,0,0,0,0,0,490000.0,https://www.mubawab-media.com/ad/8/288/008F/h/RGTE7666%5B1%5D_81801399.avif
1,0.32,36.8665,10.1647,290.0,3.0,2.0,0.5,0.5305,2.0,43985.0,0.2714,4,0,0,0,0,0,0,1,0,0,0,1,0,0,0,0,0,0,520000.0,https://www.mubawab-media.com/ad/8/287/991F/h/gallery_81801162.avif
23,0.4,36.8769,10.3247,156.0,3.0,2.0,0.5,0.8015,2.0,2562.03,0.2694,4,0,0,0,1,0,0,1,0,0,0,0,0,0,0,0,0,0,680000.0,https://www.mubawab-media.com/ad/8/287/982F/h/gallery_81801046.avif
3,0.0933,36.7533,10.2283,170.0,3.0,2.0,0.5,0.2965,2.0,114262.5,0.271,4,0,0,0,0,0,0,0,0,0,1,0,0,0,0,0,0,0,595000.0,https://www.mubawab-media.com/ad/8/287/976F/h/gallery_81800986.avif
1,0.32,36.8665,10.1647,122.0,3.0,2.0,0.5,0.5305,2.0,43985.0,0.2694,4,0,0,0,0,0,0,0,0,1,1,0,0,0,0,0,0,0,360000.0,https://www.mubawab-media.com/ad/8/287/971F/h/gallery_81800938.avif
23,0.3067,36.8,10.1,125.0,3.0,2.0,0.5,0.3453,2.0,110184.0,0.2694,4,0,0,0,1,0,0,0,0,1,1,0,0,0,0,0,0,0,280000.0,https://www.mubawab-media.com/ad/8/243/778F/h/gallery_81320466.avif
23,0.4,36.8769,10.3247,65.0,1.0,2.0,0.5,0.8015,2.0,2562.03,0.2836,4,0,0,0,0,0,0,0,0,0,0,0,0,0,0,0,0,0,180000.0,https://www.mubawab-media.com/ad/8/287/811F/h/615200053_2106588973477823_8805991512465977265_n%20%281%29_81799143.avif
20,0.3733,36.8,10.1,121.0,3.0,2.0,0.5,0.2689,2.0,110184.0,0.3168,4,0,1,0,1,0,0,1,0,0,0,0,0,0,1,0,0,0,440000.0,https://www.mubawab-media.com/ad/8/232/589F/h/WhatsApp%20Image%202025-09-11%20at%2019.17.40%20%281%29_81207187.avif
23,0.4,36.8769,10.3247,290.0,4.0,3.0,0.5,0.8015,2.0,2562.03,0.3404,4,0,1,0,1,1,0,1,0,0,0,0,0,0,1,0,0,0,1800000.0,https://www.mubawab-media.com/ad/8/190/571F/h/image_1_80768207.avif
23,0.4,36.8769,10.3247,146.0,5.0,4.0,0.5,0.8015,2.0,2562.03,0.3273,4,0,0,0,1,1,0,1,1,1,1,1,1,1,1,1,0,0,560000.0,https://www.mubawab-media.com/ad/8/016/670F/h/0f440b92-7ba4-4c9a-a0be-bfa2fdbf3414_79185739.avif
23,0.4,36.8769,10.3247,212.0,4.0,3.0,0.5,0.8015,2.0,2562.03,0.2742,4,0,0,0,1,0,0,1,1,1,1,1,1,1,1,0,0,0,950000.0,https://www.mubawab-media.com/ad/7/974/147F/h/452589662_473659012263361_3576100650054624329_n_78602593.avif
16,0.32,36.4561,10.7376,400.0,3.0,2.0,0.5,0.4552,2.0,154974.0,0.3277,4,0,0,0,1,0,0,1,0,0,0,0,0,0,0,1,0,0,390000.0,https://www.mubawab-media.com/ad/8/276/842F/h/1_81681508.avif
23,0.4,36.8769,10.3247,175.0,3.0,3.0,0.5,0.8015,2.0,2562.03,0.279,4,0,0,0,1,0,0,1,0,0,1,0,1,0,0,0,0,0,380000.0,https://www.mubawab-media.com/ad/8/255/300F/h/thumb_1210802_property_large_81439778.avif
23,0.092,36.8,10.1,97.0,3.0,2.0,0.5,0.3155,2.0,110184.0,0.3112,4,0,0,0,1,0,0,1,1,1,0,0,0,0,0,0,0,0,140000.0,https://www.mubawab-media.com/ad/8/287/734F/h/WhatsApp%20Image%202026-01-15%20at%2019.07.58_81798478.avif
1,0.3533,36.899,10.2358,61.0,2.0,1.0,0.5,0.4235,2.0,43985.0,0.3179,4,0,1,0,1,1,0,1,0,0,0,0,0,0,1,1,0,0,285000.0,https://www.mubawab-media.com/ad/8/091/245F/h/WhatsApp%20Image%202025-10-31%20at%2010.19.59%20%285%29_81492409.avif
12,0.1733,35.5047,11.0622,88.0,3.0,2.0,0.5,0.4425,2.0,1278.45,0.2742,4,0,0,0,1,0,1,0,0,0,0,0,1,1,0,0,0,0,275000.0,https://www.mubawab-media.com/ad/8/293/772F/h/07294388-09f4-4b11-8db0-7e21c3ba7f76_81861409.avif
23,0.1733,36.819,10.1658,95.0,3.0,2.0,0.5,0.6863,2.0,2562.03,0.2694,4,0,1,0,1,0,0,1,0,1,1,0,0,0,0,0,0,0,315000.0,https://www.mubawab-media.com/ad/8/290/740F/h/gallery_81830216.avif
23,0.4,36.8769,10.3247,160.0,4.0,3.0,0.5,0.8015,2.0,2562.03,0.2694,4,0,0,0,0,0,0,1,0,1,1,0,0,0,0,1,0,0,650000.0,https://www.mubawab-media.com/ad/8/262/774F/h/gallery_81526303.avif
13,0.16,36.8,10.1,50.0,2.0,1.0,0.5,0.2875,2.0,110184.0,0.2694,4,0,0,0,0,0,0,0,0,0,0,0,0,0,0,0,0,0,130000.0,https://www.mubawab-media.com/ad/8/284/123F/h/detail_81760995.avif
23,0.6867,36.819,10.2358,115.0,3.0,2.0,0.5,0.517,2.0,43985.0,0.3168,4,0,0,0,0,0,0,0,0,0,0,0,0,0,0,0,0,0,419000.0,nan
1,0.3533,36.899,10.2358,87.0,1.0,1.0,0.5,0.4235,2.0,43985.0,0.3176,4,0,1,0,1,0,0,0,1,1,1,1,0,0,1,0,0,0,295000.0,https://www.mubawab-media.com/ad/8/288/943F/h/1000296033_81811272.avif
23,0.4,36.8769,10.3247,260.0,5.0,4.0,0.5,0.8015,2.0,2562.03,0.2856,4,0,1,0,0,1,0,0,1,1,1,1,0,0,0,1,0,0,1020000.0,https://www.mubawab-media.com/ad/8/067/162F/h/thumb_984470_property_large_79528141.avif
23,0.4,36.8769,10.3247,153.0,3.0,3.0,0.5,0.8015,2.0,2562.03,0.3168,4,0,0,0,1,0,0,0,0,0,0,1,0,0,0,0,0,0,375000.0,https://www.mubawab-media.com/ad/8/083/398F/h/thumb_1005121_property_large_79685856.avif
23,0.6867,36.819,10.1658,155.0,4.0,4.0,0.5,0.5524,2.0,2562.03,0.3269,4,0,0,0,0,0,0,1,0,0,0,1,0,0,0,1,0,0,650000.0,https://www.mubawab-media.com/ad/8/099/423F/h/thumb_1023668_property_large_79839795.avif
16,0.32,36.4561,10.7376,98.0,4.0,3.0,0.5,0.4552,2.0,154974.0,0.3156,4,0,1,0,1,0,0,1,0,1,1,1,0,0,1,0,0,0,430000.0,https://www.mubawab-media.com/ad/8/282/030F/h/d1c5320b-ae59-425f-b428-b77eaa5dc896_81741892.avif
16,0.32,36.4561,10.7376,160.0,3.0,2.0,0.5,0.4552,2.0,154974.0,0.2754,4,0,0,0,1,0,0,1,0,0,0,1,0,0,0,0,0,0,330000.0,https://www.mubawab-media.com/ad/8/247/842F/h/427076625_290770900418503_6673978095728929106_n_81363783.avif
16,0.32,36.4561,10.7376,89.0,2.0,1.0,0.5,0.4552,2.0,154974.0,0.2762,4,0,0,0,1,1,0,0,1,1,1,1,1,1,0,0,0,0,330000.0,https://www.mubawab-media.com/ad/8/270/953F/h/331322032_1160279667943423_2230432484783118297_n%20copie_81618714.avif
1,0.3533,36.899,10.2358,124.0,4.0,3.0,0.5,0.4235,2.0,43985.0,0.3152,4,0,1,0,1,0,0,1,0,0,0,0,0,0,1,0,0,0,426600.0,https://www.mubawab-media.com/ad/8/181/372F/h/b0fb867a-5c5b-4e33-878c-9bdcc4165ae5_52bf129e-2e42-4059-a9c8-6beaf7b1b986_80676061.avif
1,0.332,36.8665,10.1647,100.0,6.0,4.0,0.5,0.247,2.0,43985.0,0.3152,4,0,0,0,0,0,0,1,0,1,0,0,0,0,1,0,0,0,190000.0,https://www.mubawab-media.com/ad/7/864/845F/h/WhatsApp%20Image%202024-02-14%20%C3%A0%2018.59.50_a8225392_67902685.avif
23,0.1733,36.819,10.1658,60.0,1.0,2.0,0.5,0.6863,2.0,2562.03,0.3144,4,0,0,0,0,0,0,0,0,0,0,0,0,0,0,0,0,0,128000.0,https://www.mubawab-media.com/ad/8/287/676F/h/PSX_20251110_152309_81797838.avif
1,0.3533,36.899,10.2358,150.0,4.0,3.0,0.5,0.4235,2.0,43985.0,0.3136,4,0,1,0,0,0,0,1,0,1,0,0,0,0,1,0,0,0,395000.0,https://www.mubawab-media.com/ad/8/254/706F/h/img001_81433652.avif
15,0.2633,35.7643,10.8113,85.0,2.0,1.0,0.5,0.3655,2.0,134734.0,0.382,2,0,0,1,1,1,0,1,0,0,0,0,0,0,1,1,0,0,370000.0,https://www.mubawab-media.com/ad/8/287/654F/h/IMG-20241004-WA0026_81797646.avif
15,0.2633,35.7643,10.8113,110.0,2.0,2.0,0.5,0.3655,2.0,134734.0,0.3108,4,0,0,1,1,0,0,1,0,0,0,0,0,0,1,0,0,0,335000.0,https://www.mubawab-media.com/ad/8/259/760F/h/IMG-20241004-WA0032_81485116.avif
1,0.3533,36.899,10.2358,136.0,3.0,3.0,0.5,0.4235,2.0,43985.0,0.277,4,0,0,0,1,0,0,1,0,0,0,1,0,0,0,0,0,0,385000.0,https://www.mubawab-media.com/ad/8/013/800F/h/thumb_921322_property_xlarge_79002502.avif
12,0.22,35.5047,11.0622,100.0,3.0,2.0,0.5,0.4425,2.0,1278.45,0.2694,4,0,0,0,0,0,1,0,0,0,0,0,0,0,0,0,0,0,150000.0,https://www.mubawab-media.com/ad/8/287/565F/h/gallery_81796610.avif
23,0.6867,36.819,10.1658,115.0,6.0,4.0,0.5,0.5524,2.0,2562.03,0.3443,4,0,1,0,1,0,0,0,0,1,0,0,0,0,1,1,0,0,1300000.0,https://www.mubawab-media.com/ad/8/287/458F/h/95caad9b-a212-49fe-bb9d-6beca95a4537_81795603.avif
1,0.3533,36.899,10.2358,51.0,2.0,1.0,0.5,0.4235,2.0,43985.0,0.3144,4,0,0,0,1,0,0,1,0,1,1,0,0,0,0,0,0,0,240000.0,https://www.mubawab-media.com/ad/8/270/084F/h/thumb_1224447_property_large_81609468.avif
1,0.32,36.8665,10.1647,130.0,2.0,2.0,0.5,0.5305,2.0,43985.0,0.3293,2,0,1,0,1,0,0,1,0,0,1,1,0,0,0,0,0,0,279000.0,https://www.mubawab-media.com/ad/8/137/431F/h/GEd99qJLOIDgRp16-thumb_81794763.avif
16,0.32,36.4561,10.7376,255.0,6.0,3.0,0.5,0.4552,2.0,154974.0,0.3368,4,0,0,0,1,1,0,0,1,1,1,1,1,1,0,1,0,0,690000.0,https://www.mubawab-media.com/ad/8/083/898F/h/3_81671784.avif
16,0.32,36.4561,10.7376,50.0,3.0,1.0,0.5,0.4552,2.0,154974.0,0.3277,4,0,0,0,1,0,0,1,0,1,1,1,0,0,0,0,0,0,210000.0,https://www.mubawab-media.com/ad/8/270/547F/h/1_81614711.avif
1,0.3533,36.899,10.2358,97.0,3.0,2.0,0.5,0.4235,2.0,43985.0,0.312,4,0,1,0,1,0,0,1,1,1,1,1,1,1,1,0,0,0,335000.0,https://www.mubawab-media.com/ad/8/155/538F/h/1748996039068_80413577.avif
16,0.2833,36.4561,10.7376,130.0,3.0,2.0,0.5,0.4454,2.0,154974.0,0.3104,4,0,1,0,1,1,0,1,1,1,1,1,0,0,1,0,0,0,450000.0,https://www.mubawab-media.com/ad/8/255/239F/h/yWuhQXcOS3raGSBS-thumb_81438902.avif
17,0.1427,34.7405,10.7603,125.0,3.0,2.0,0.5,0.3081,2.0,130875.5,0.318,4,0,1,0,1,0,0,1,0,0,0,0,0,0,1,0,0,0,239000.0,https://www.mubawab-media.com/ad/7/851/007F/h/IMG_9992_65649202_65972303.avif
20,0.3067,35.8604,10.5953,80.0,1.0,1.0,0.5,0.3642,2.0,150620.48,0.3281,4,0,1,0,1,0,1,1,0,0,0,0,0,0,1,0,0,0,420000.0,https://www.mubawab-media.com/ad/8/229/949F/h/thumb_40951_property_xlarge_81179714.avif
20,0.3067,35.8604,10.5953,58.0,1.0,1.0,0.5,0.3642,2.0,150620.48,0.2794,4,0,0,0,1,1,0,0,0,1,1,0,0,0,1,0,0,0,295000.0,https://www.mubawab-media.com/ad/8/285/642F/h/thumb_64662_property_xlarge_81776817.avif
23,0.4,36.8769,10.3247,43.0,2.0,1.0,0.5,0.8015,2.0,2562.03,0.3293,4,0,1,0,1,0,0,0,0,1,0,0,0,0,1,1,0,0,150000.0,https://www.mubawab-media.com/ad/8/292/447F/h/617564203_1427779162190569_6216968752063438975_n_81847789.avif
3,0.2227,36.8,10.1,107.0,1.0,3.0,0.5,0.274,2.0,110184.0,0.271,4,0,0,0,1,0,0,0,0,1,1,0,0,0,0,0,0,0,360000.0,https://www.mubawab-media.com/ad/8/258/576F/h/gallery_81473062.avif
23,0.4,36.819,10.2358,115.0,3.0,2.0,0.5,0.517,2.0,43985.0,0.3168,4,0,0,0,0,0,0,0,0,0,0,0,0,0,0,0,0,0,240000.0,nan
23,0.4,36.8769,10.3247,289.0,4.0,3.0,0.5,0.8015,2.0,2562.03,0.2746,4,0,1,0,1,0,0,1,1,1,1,1,1,0,0,0,0,0,1480000.0,https://www.mubawab-media.com/ad/8/286/864F/h/2_81789484.avif
16,0.32,36.4561,10.7376,200.0,3.0,2.0,0.5,0.4552,2.0,154974.0,0.2786,4,0,0,0,1,0,0,0,0,1,1,1,0,0,1,0,0,0,444000.0,https://www.mubawab-media.com/ad/8/241/952F/h/UdWr5ekgghiTo9gv-thumb_81301776.avif
23,0.6867,36.819,10.1658,130.0,3.0,2.0,0.5,0.5524,2.0,2562.03,0.3285,4,0,1,0,1,1,0,1,1,1,1,0,0,0,1,1,0,0,690000.0,https://www.mubawab-media.com/ad/8/273/834F/h/80924d45-228f-442c-9e0f-468eed1256dc%20%281%29_81649483.avif
1,0.3533,36.899,10.2358,105.0,3.0,2.0,0.5,0.4235,2.0,43985.0,0.2746,4,0,0,1,1,0,0,1,0,0,1,1,0,0,1,0,0,0,298000.0,https://www.mubawab-media.com/ad/8/270/674F/h/thumb_1225400_property_xlarge_81615951.avif
23,0.4,36.8769,10.3247,90.0,2.0,1.0,0.5,0.8015,2.0,2562.03,0.3404,4,0,0,0,1,0,0,1,0,1,1,0,0,0,1,0,0,0,360000.0,https://www.mubawab-media.com/ad/8/258/730F/h/thumb_660175_property_large_81474680.avif
23,0.4,36.8769,10.3247,40.0,2.0,1.0,0.5,0.8015,2.0,2562.03,0.3573,4,0,1,1,1,0,0,0,0,1,0,0,0,0,1,0,0,0,170000.0,https://www.mubawab-media.com/ad/8/229/745F/h/554325243_737966899293623_1022844663537621142_n_81173849.avif
23,0.4,36.8769,10.3247,53.0,3.0,1.0,0.5,0.8015,2.0,2562.03,0.312,4,0,1,0,1,0,0,0,1,0,1,0,0,0,1,0,0,0,180000.0,https://www.mubawab-media.com/ad/8/263/510F/h/photo_00_81534383.avif
3,0.0933,36.7533,10.2283,122.0,3.0,3.0,0.5,0.2965,2.0,114262.5,0.2758,3,0,0,0,0,0,0,0,1,1,1,0,0,0,0,0,0,0,200000.0,https://www.mubawab-media.com/ad/8/287/275F/h/2026-1_81793747.avif
23,0.4,36.8769,10.3247,116.0,1.0,2.0,0.5,0.8015,2.0,2562.03,0.3077,4,0,1,0,1,0,0,1,0,0,0,0,0,0,1,1,0,0,380000.0,https://www.mubawab-media.com/ad/8/287/285F/h/552df827-ed94-4819-98ad-b78b1dd7fc14%20%281%29_81793758.avif
23,0.4,36.8769,10.3247,322.0,4.0,3.0,0.5,0.8015,2.0,2562.03,0.2884,4,0,1,0,1,1,0,1,0,0,0,0,0,0,1,0,0,0,1950000.0,https://www.mubawab-media.com/ad/8/287/248F/h/2_81793589.avif
1,0.3533,36.899,10.2358,110.0,3.0,2.0,0.5,0.4235,2.0,43985.0,0.31,4,0,1,0,0,0,0,1,0,0,0,0,0,0,1,0,0,0,430000.0,https://www.mubawab-media.com/ad/8/270/178F/h/90733079-da08-460d-9b31-c05c852e8602_81610534.avif
23,0.4,36.8769,10.3247,107.0,1.0,2.0,0.5,0.8015,2.0,2562.03,0.3257,4,0,1,0,1,0,0,1,0,1,0,0,0,0,0,1,0,0,280000.0,https://www.mubawab-media.com/ad/8/287/240F/h/b2412fb2-a5be-4a97-9101-89d3f2d9e5c7%20%281%29_81793219.avif
3,0.0933,36.7533,10.2283,110.0,3.0,3.0,0.5,0.2965,2.0,114262.5,0.3128,4,0,0,0,0,0,0,1,0,0,1,0,0,0,0,0,0,0,180000.0,https://www.mubawab-media.com/ad/8/105/136F/h/thumb_983409_property_large_79896528.avif
23,0.6867,36.819,10.1658,65.0,2.0,1.0,0.5,0.5524,2.0,2562.03,0.367,4,0,1,0,1,0,0,1,0,0,0,0,0,0,1,1,0,0,384000.0,https://www.mubawab-media.com/ad/8/287/195F/h/thumb_1240428_property_large_81792738.avif
23,0.6867,36.819,10.1658,147.0,4.0,3.0,0.5,0.5524,2.0,2562.03,0.3478,4,0,1,0,1,0,0,1,1,1,1,1,1,1,0,0,0,0,700000.0,https://www.mubawab-media.com/ad/8/286/543F/h/thumb_1239424_property_large_81792272.avif
17,0.1467,34.7405,10.7603,143.0,4.0,3.0,0.5,0.152,2.0,130875.5,0.2718,4,0,1,0,0,0,0,0,0,0,1,1,1,1,1,0,0,0,230000.0,https://www.mubawab-media.com/ad/8/171/234F/h/503219489_24146511001610554_6223560736281825632_n_80614040.avif
1,0.32,36.8665,10.1647,138.0,3.0,2.0,0.5,0.5305,2.0,43985.0,0.2694,4,0,1,0,0,0,0,1,1,1,1,0,0,0,0,0,0,0,370000.0,https://www.mubawab-media.com/ad/8/286/974F/h/gallery_81790458.avif
20,0.3067,36.8,10.1,107.0,3.0,2.0,0.5,0.3807,2.0,110184.0,0.318,4,0,1,0,1,0,0,1,0,0,0,0,0,0,1,0,0,0,360000.0,https://www.mubawab-media.com/ad/7/860/876F/h/WhatsApp%20Image%202025-01-14%20at%2014.28.12_79648571.avif
1,0.3533,36.899,10.2358,58.0,2.0,1.0,0.5,0.4235,2.0,43985.0,0.312,4,0,1,0,1,0,0,1,0,0,0,0,0,0,0,0,0,0,252000.0,https://www.mubawab-media.com/ad/8/266/213F/h/C05_S%2B1_81577526.avif
23,0.4,36.8769,10.3247,312.0,4.0,3.0,0.5,0.8015,2.0,2562.03,0.2726,4,0,1,0,1,0,0,1,0,1,0,0,0,0,1,0,0,0,1600000.0,https://www.mubawab-media.com/ad/8/286/649F/h/1_81787442.avif
1,0.32,36.8665,10.1647,140.0,3.0,4.0,0.5,0.5305,2.0,43985.0,0.3562,4,0,1,0,1,0,0,0,0,1,0,0,0,0,1,1,0,0,389000.0,https://www.mubawab-media.com/ad/8/286/037F/h/IMG_20260110_132848_81780732.avif
23,0.4,36.8769,10.3247,160.0,3.0,3.0,0.5,0.8015,2.0,2562.03,0.329,4,0,0,0,0,0,0,0,1,0,0,1,0,0,0,1,0,0,1320000.0,https://www.mubawab-media.com/ad/8/242/460F/h/WhatsApp%20Image%202025-10-28%20at%2016.17.36%20%281%29_81423920.avif
23,0.32,36.844,10.192,72.0,3.0,2.0,0.5,0.3403,2.0,43985.0,0.2694,4,0,0,0,0,0,0,0,0,0,0,0,0,0,0,0,0,0,280000.0,https://www.mubawab-media.com/ad/8/249/225F/h/gallery_81377388.avif
1,0.332,36.819,10.2358,115.0,3.0,2.0,0.5,0.517,2.0,43985.0,0.3168,4,0,0,0,0,0,0,0,0,0,0,0,0,0,0,0,0,0,369000.0,nan
1,0.3533,36.899,10.2358,115.0,5.0,4.0,0.5,0.4235,2.0,43985.0,0.3383,4,0,1,0,0,0,0,1,0,1,1,1,1,1,0,0,0,0,370000.0,https://www.mubawab-media.com/ad/8/291/232F/h/618638667_1383430013574078_257110048245197389_n_81835354.avif
12,0.1953,36.8,10.1,91.0,3.0,2.0,0.5,0.1695,2.0,110184.0,0.2859,4,0,0,0,1,0,0,0,0,0,0,1,0,0,0,0,0,0,243000.0,https://www.mubawab-media.com/ad/8/286/886F/h/image00015_81789690.avif
23,0.4,36.8769,10.3247,270.0,4.0,3.0,0.5,0.8015,2.0,2562.03,0.2746,4,0,0,0,1,0,0,1,0,1,1,1,1,1,0,0,0,0,1290000.0,https://www.mubawab-media.com/ad/8/286/882F/h/WhatsApp%20Image%202025-06-17%20at%2011.30.40%20%2820%29_81789619.avif
23,0.4,36.8769,10.3247,75.0,2.0,1.0,0.5,0.8015,2.0,2562.03,0.2746,4,0,1,0,1,0,0,1,1,1,1,1,1,0,1,0,0,0,420000.0,https://www.mubawab-media.com/ad/8/286/875F/h/1_81789590.avif
23,0.4,36.8769,10.3247,159.0,3.0,2.0,0.5,0.8015,2.0,2562.03,0.3168,4,0,0,0,0,0,0,0,0,1,1,1,0,0,0,0,0,0,300000.0,https://www.mubawab-media.com/ad/8/281/408F/h/51b3b416-936e-4c04-9b81-e770c6925edf_81735782.avif
16,0.32,36.4561,10.7376,117.0,3.0,2.0,0.5,0.4552,2.0,154974.0,0.2766,4,0,0,1,0,0,0,1,1,1,1,1,0,0,1,1,0,0,430000.0,https://www.mubawab-media.com/ad/8/083/486F/h/d69087bf-e889-4db2-9a9e-42605ecb84a4_79686570.avif
4,0.24,37.2744,9.8739,325.0,13.0,9.0,0.5,0.4278,2.0,61540.22,0.2923,4,0,0,0,1,0,0,0,0,0,0,0,0,0,0,0,0,0,650000.0,https://www.mubawab-media.com/ad/7/929/382F/h/167d7930-45b2-4abc-8f6b-e1eeb6a969ac_GF_76342047.avif
16,0.2833,36.4561,10.7376,279.0,4.0,3.0,0.5,0.4454,2.0,154974.0,0.3261,4,0,1,1,1,0,0,1,0,0,0,0,0,0,1,0,0,0,592500.0,https://www.mubawab-media.com/ad/8/125/399F/h/DKgiJVlhZmYtVV0X-thumb_80101384.avif
16,0.2833,36.4561,10.7376,104.0,3.0,2.0,0.5,0.4454,2.0,154974.0,0.318,4,0,1,0,1,0,1,1,0,0,0,0,0,0,0,0,0,0,475000.0,https://www.mubawab-media.com/ad/8/286/670F/h/0BInSjkLvLKW8bc6-thumb_81787469.avif
23,0.4,36.8769,10.3247,86.0,3.0,2.0,0.5,0.8015,2.0,2562.03,0.3289,4,0,0,0,1,0,0,0,0,0,0,0,0,0,0,0,0,0,230000.0,https://www.mubawab-media.com/ad/8/286/667F/h/pIROaEu44YIjMCU9-thumb_81787436.avif
20,0.32,36.8,10.1,110.0,3.0,2.0,0.5,0.3244,2.0,110184.0,0.3168,4,0,1,0,1,0,0,1,0,0,0,0,0,0,1,0,0,0,290000.0,https://www.mubawab-media.com/ad/8/279/879F/h/605090259_1166304002151739_2005877316779678978_n_81715230.avif
16,0.32,36.4561,10.7376,140.0,6.0,3.0,0.5,0.4552,2.0,154974.0,0.3164,4,0,0,0,1,0,1,0,0,0,0,0,0,0,0,0,0,0,300000.0,https://www.mubawab-media.com/ad/8/286/647F/h/TAARAFCHI%20IMMO%2058%20823%20036%2058%20828%20837%20-%202026-02-02T085235.992_81888111.avif
16,0.32,36.4561,10.7376,140.0,6.0,3.0,0.5,0.4552,2.0,154974.0,0.3176,4,0,0,0,1,0,0,0,0,0,0,0,0,1,0,0,0,0,430000.0,https://www.mubawab-media.com/ad/8/286/612F/h/TAARAFCHI%20IMMO%2058%20823%20036%2058%20828%20837%20-%202025-10-27T154315.112_81787155.avif
1,0.332,36.8665,10.1647,80.0,2.0,2.0,0.5,0.247,2.0,43985.0,0.3164,4,0,0,0,1,0,0,1,0,1,1,0,0,0,1,0,0,0,130000.0,https://www.mubawab-media.com/ad/8/139/617F/h/IMG-20250410-WA0015_80245603.avif
23,0.4,36.8769,10.3247,96.0,3.0,2.0,0.5,0.8015,2.0,2562.03,0.2762,4,0,1,0,1,0,0,0,0,0,0,0,0,0,1,0,0,0,225000.0,https://www.mubawab-media.com/ad/8/285/037F/h/552368467_1348595653511863_7681392707260355419_n_81770400.avif
16,0.13,36.8,10.1,240.0,3.0,2.0,0.5,0.2426,2.0,110184.0,0.279,4,0,0,0,1,1,0,1,0,0,0,0,0,0,0,1,0,0,400000.0,https://www.mubawab-media.com/ad/7/828/838F/h/WhatsApp%20Image%202023-12-12%20%C3%A0%2009.34.45_94601b96_62576538.avif
1,0.3533,36.899,10.2358,330.0,4.0,3.0,0.5,0.4235,2.0,43985.0,0.3521,4,0,0,0,0,1,0,1,1,1,1,1,0,0,0,1,0,0,1200000.0,https://www.mubawab-media.com/ad/8/284/201F/h/thumb_1205845_property_xlarge_81761716.avif
23,0.0867,36.8,10.1,114.0,3.0,2.0,0.5,0.2194,2.0,110184.0,0.2694,4,0,1,0,0,0,0,0,0,0,1,1,0,0,0,0,0,0,240000.0,https://www.mubawab-media.com/ad/8/262/783F/h/gallery_81526365.avif
20,0.3333,35.8245,10.6346,63.0,3.0,2.0,0.5,0.2902,2.0,150620.48,0.271,4,0,0,0,0,0,0,0,0,1,1,1,0,1,0,0,0,0,159000.0,https://www.mubawab-media.com/ad/8/199/715F/h/WhatsApp%20Image%202025-08-15%20%C3%A0%2010.19.21_08aebb9c_80859012.avif
20,0.3333,35.8245,10.6346,118.0,3.0,2.0,0.5,0.2902,2.0,150620.48,0.3359,4,0,1,0,1,0,1,1,1,1,1,0,1,1,1,0,0,0,540000.0,https://www.mubawab-media.com/ad/8/109/138F/h/WhatsApp%20Image%202025-03-14%20%C3%A0%2012.36.14_4871cf2c_79935424.avif
23,0.4,36.8769,10.3247,161.0,4.0,3.0,0.5,0.8015,2.0,2562.03,0.3236,4,0,1,1,1,0,0,0,0,0,1,0,0,0,0,0,0,0,335000.0,https://www.mubawab-media.com/ad/7/604/887F/h/thumb_498128_property_xlarge_78383225.avif
23,0.3067,36.8,10.1,120.0,3.0,3.0,0.5,0.2562,2.0,110184.0,0.2778,4,0,0,0,1,0,0,0,0,0,1,1,0,0,0,0,0,0,240000.0,https://www.mubawab-media.com/ad/8/039/210F/h/thumb_954367_property_large_79250109.avif
20,0.3067,36.8,10.1,133.0,3.0,2.0,0.5,0.3807,2.0,110184.0,0.3208,4,0,1,0,1,0,0,1,0,0,0,0,0,0,1,0,0,0,450000.0,https://www.mubawab-media.com/ad/7/860/877F/h/WhatsApp%20Image%202025-04-17%20at%2017.22.58%20%286%29_80703799.avif
12,0.1733,35.5047,11.0622,126.0,3.0,2.0,0.5,0.4425,2.0,1278.45,0.3239,4,0,0,0,1,0,1,0,0,0,0,0,0,0,1,0,0,1,315000.0,https://www.mubawab-media.com/ad/8/125/542F/h/gallery%20%287%29_80102843.avif
16,0.2833,36.4561,10.7376,64.0,2.0,1.0,0.5,0.4454,2.0,154974.0,0.3112,4,0,1,1,1,1,0,0,0,0,1,0,0,0,0,0,0,0,215000.0,https://www.mubawab-media.com/ad/8/270/458F/h/IMG_20251211_155038_81613844.avif
20,0.284,36.8,10.1,125.0,3.0,3.0,0.5,0.3272,2.0,110184.0,0.2734,4,0,1,0,1,0,0,1,0,1,1,0,0,0,0,0,0,0,340000.0,https://www.mubawab-media.com/ad/8/278/516F/h/thumb_1232957_property_large_81700316.avif
20,0.3067,35.8604,10.5953,80.0,1.0,1.0,0.5,0.3642,2.0,150620.48,0.2742,4,0,1,0,0,0,0,1,0,0,0,0,0,0,0,0,0,0,350000.0,https://www.mubawab-media.com/ad/8/106/373F/h/thumb_1033809_property_large_79908405.avif
23,0.4,36.819,10.2358,115.0,3.0,2.0,0.5,0.517,2.0,43985.0,0.3168,4,0,0,0,0,0,0,0,0,0,0,0,0,0,0,0,0,0,890000.0,nan
23,0.1733,36.819,10.1658,95.0,3.0,2.0,0.5,0.6863,2.0,2562.03,0.3136,4,0,1,0,1,0,0,1,1,1,1,1,0,0,0,0,0,0,330000.0,https://www.mubawab-media.com/ad/8/289/417F/h/L_c0b61789-fac7-40c1-8f07-a12e92f9e796_81816150.avif
23,0.3067,36.8,10.1,120.0,3.0,3.0,0.5,0.2562,2.0,110184.0,0.2778,4,0,0,0,1,0,0,0,0,0,1,1,0,0,0,0,0,0,240000.0,https://www.mubawab-media.com/ad/8/039/210F/h/thumb_954367_property_large_79250109.avif
23,0.3067,36.8,10.1,208.0,4.0,5.0,0.5,0.2562,2.0,110184.0,0.3132,4,0,0,0,1,0,0,0,0,0,0,1,0,0,0,1,0,0,350000.0,https://www.mubawab-media.com/ad/7/863/740F/h/thumb_762669_property_xlarge_78383048.avif
23,0.3067,36.8,10.1,110.0,2.0,2.0,0.5,0.2562,2.0,110184.0,0.3597,4,0,0,0,0,0,0,0,0,0,1,0,0,0,0,0,0,0,280000.0,https://www.mubawab-media.com/ad/8/204/354F/h/thumb_1150521_property_large_80904840.avif
23,0.4,36.8769,10.3247,125.0,3.0,3.0,0.5,0.8015,2.0,2562.03,0.318,4,0,0,0,0,0,0,1,1,0,0,0,0,0,0,0,0,0,320000.0,https://www.mubawab-media.com/ad/8/203/118F/h/thumb_1149552_property_large_80892415.avif
23,0.4,36.8769,10.3247,450.0,4.0,4.0,0.5,0.8015,2.0,2562.03,0.3136,4,0,0,0,1,0,0,1,0,0,1,0,0,0,0,0,0,0,950000.0,https://www.mubawab-media.com/ad/8/151/122F/h/thumb_1100476_property_large_80358840.avif
1,0.3533,36.899,10.2358,94.0,3.0,3.0,0.5,0.4235,2.0,43985.0,0.3164,4,0,0,0,0,0,0,1,1,0,0,0,0,0,0,0,0,0,355000.0,https://www.mubawab-media.com/ad/8/286/531F/h/thumb_1238838_property_xlarge_81785716.avif
4,0.24,37.2744,9.8739,130.0,3.0,2.0,0.5,0.4278,2.0,61540.22,0.2694,4,0,0,0,0,0,0,0,0,0,0,0,0,0,0,0,0,0,330000.0,https://www.mubawab-media.com/ad/8/286/452F/h/gallery_81784825.avif
14,0.0533,36.8,10.1,70.0,2.0,1.0,0.5,0.3307,2.0,110184.0,0.3144,4,0,0,0,1,0,0,1,0,1,0,1,0,0,0,0,0,0,160000.0,https://www.mubawab-media.com/ad/8/236/752F/h/IMG-20251017-WA0006_81249270.avif
16,0.32,36.4561,10.7376,95.0,2.0,1.0,0.5,0.4552,2.0,154974.0,0.3156,3,0,0,1,1,0,0,1,0,0,0,0,0,0,0,0,0,0,280000.0,https://www.mubawab-media.com/ad/7/794/788F/h/thumb_1068393_property_xlarge_81063102.avif
16,0.32,36.4561,10.7376,69.0,2.0,1.0,0.5,0.4552,2.0,154974.0,0.2778,4,0,1,0,0,1,0,1,0,0,0,0,0,0,1,1,0,0,270000.0,https://www.mubawab-media.com/ad/7/829/861F/h/thumb_1028879_property_xlarge_79865177.avif
23,0.32,36.844,10.192,116.0,3.0,3.0,0.5,0.3403,2.0,43985.0,0.3124,4,0,0,0,1,0,0,1,0,1,1,0,0,0,0,1,0,0,450000.0,https://www.mubawab-media.com/ad/8/171/216F/h/IMG-20250630-WA0043_80571914.avif
23,0.6867,36.819,10.1658,69.0,3.0,1.0,0.5,0.5524,2.0,2562.03,0.3626,4,0,1,0,1,0,1,0,0,0,0,0,0,0,0,0,0,1,390000.0,https://www.mubawab-media.com/ad/8/286/319F/h/1000003736_81783362.avif
23,0.6867,36.819,10.1658,70.0,3.0,1.0,0.5,0.5524,2.0,2562.03,0.3371,4,0,0,1,1,0,0,1,0,0,0,0,0,0,1,0,0,0,360000.0,https://www.mubawab-media.com/ad/8/286/314F/h/1000024081_81783313.avif
23,0.2367,36.8,10.1,146.0,5.0,3.0,0.5,0.1953,2.0,110184.0,0.2726,1,0,0,0,0,0,0,1,0,0,0,0,0,0,0,0,0,1,111111.0,https://www.mubawab-media.com/ad/8/286/297F/h/medina-tunisi_156209965_m..image.694.390.low_81783192.avif
16,0.32,36.4561,10.7376,150.0,3.0,3.0,0.5,0.4552,2.0,154974.0,0.3416,4,0,0,0,1,1,0,1,0,1,0,0,0,0,0,0,0,0,680000.0,https://www.mubawab-media.com/ad/8/286/267F/h/5_81782903.avif
23,0.4,36.8769,10.3247,133.0,4.0,3.0,0.5,0.8015,2.0,2562.03,0.2758,4,0,1,0,1,0,0,1,0,1,0,0,0,0,1,0,0,0,265000.0,https://www.mubawab-media.com/ad/8/278/111F/h/thumb_1232583_property_xlarge_81695790.avif
23,0.6867,36.819,10.1658,147.0,4.0,3.0,0.5,0.5524,2.0,2562.03,0.32,4,0,0,0,1,0,0,1,0,0,0,1,0,0,0,0,0,0,690000.0,https://www.mubawab-media.com/ad/8/286/114F/h/thumb_1238994_property_large_81781410.avif
1,0.3533,36.899,10.2358,84.0,2.0,1.0,0.5,0.4235,2.0,43985.0,0.3269,4,0,1,0,1,0,0,1,1,1,1,1,1,1,1,1,0,0,298000.0,https://www.mubawab-media.com/ad/8/048/020F/h/OffresGallerie71ed4e1d-b1c7-4150-befe-bab03cbed6f6_c1e566bd-fc80-4ff7-a2c8-59084480b700_79474618.avif
1,0.3533,36.899,10.2358,200.0,4.0,3.0,0.5,0.4235,2.0,43985.0,0.2734,4,0,1,0,1,0,0,1,1,1,1,1,1,1,1,0,0,0,780000.0,https://www.mubawab-media.com/ad/8/258/118F/h/1ccc39ff-3173-42f0-95fb-3833e1dde9b8_37b1935c-4a65-490b-aeaf-3492297108f4_81468128.avif
20,0.3067,35.8604,10.5953,72.0,2.0,2.0,0.5,0.3642,2.0,150620.48,0.279,4,0,1,0,0,1,0,0,0,0,0,1,0,0,0,0,0,0,250000.0,https://www.mubawab-media.com/ad/8/286/108F/h/thumb_64671_property_xlarge_81781367.avif
1,0.32,36.8665,10.1647,167.0,4.0,3.0,0.5,0.5305,2.0,43985.0,0.3164,4,0,0,0,0,0,0,1,0,1,1,1,1,1,1,1,0,0,702000.0,https://www.mubawab-media.com/ad/8/283/848F/h/b8b54ab7-a0d8-49a8-a770-552168be2816_81781346.avif
20,0.3067,36.8,10.1,71.0,1.0,1.0,0.5,0.3807,2.0,110184.0,0.2774,4,0,1,0,1,0,0,0,0,0,0,0,0,0,0,0,0,0,245000.0,https://www.mubawab-media.com/ad/7/860/911F/h/WhatsApp%20Image%202023-11-07%20at%2014.34.14%20%281%29_60297147_67344707.avif
20,0.284,36.8,10.1,102.0,3.0,2.0,0.5,0.3272,2.0,110184.0,0.3232,4,0,1,1,0,0,0,1,0,0,0,0,0,0,1,0,0,0,293000.0,https://www.mubawab-media.com/ad/8/130/938F/h/490521714_1203723311755271_2385834928280733409_n_80141114_80156728.avif
23,0.1733,36.819,10.1658,95.0,3.0,2.0,0.5,0.6863,2.0,2562.03,0.3136,4,0,1,0,1,0,0,1,0,1,1,0,0,0,0,0,0,0,330000.0,https://www.mubawab-media.com/ad/8/289/417F/h/L_c0b61789-fac7-40c1-8f07-a12e92f9e796_81816150.avif
1,0.3533,36.899,10.2358,113.0,4.0,3.0,0.5,0.4235,2.0,43985.0,0.3188,4,0,1,0,1,0,0,1,0,1,0,0,0,0,1,0,0,0,607000.0,https://www.mubawab-media.com/ad/8/259/013F/h/1_81477861.avif
1,0.3533,36.899,10.2358,178.0,4.0,3.0,0.5,0.4235,2.0,43985.0,0.3374,4,0,1,0,1,0,0,1,0,1,0,0,0,0,1,0,0,0,740000.0,https://www.mubawab-media.com/ad/8/227/739F/h/s%2B3-09_81153008.avif
23,0.6867,36.819,10.1658,145.0,4.0,3.0,0.5,0.5524,2.0,2562.03,0.3317,4,0,1,0,1,0,0,1,0,1,1,1,0,1,1,1,0,0,650000.0,https://www.mubawab-media.com/ad/8/245/870F/h/thumb_1197703_property_large_81344042.avif
23,0.6867,36.819,10.2358,115.0,3.0,2.0,0.5,0.517,2.0,43985.0,0.3168,4,0,0,0,0,0,0,0,0,0,0,0,0,0,0,0,0,0,635000.0,nan
4,0.24,37.2744,9.8739,147.0,4.0,3.0,0.5,0.4278,2.0,61540.22,0.3172,4,0,0,0,0,0,1,1,0,0,0,0,0,0,1,0,0,0,420000.0,https://www.mubawab-media.com/ad/8/145/223F/h/thumb_1092142_property_big%20%281%29_80300458.avif
1,0.32,36.8665,10.1647,155.0,5.0,3.0,0.5,0.5305,2.0,43985.0,0.3274,4,0,1,0,1,0,0,1,0,1,1,0,0,0,1,1,0,0,445000.0,https://www.mubawab-media.com/ad/8/074/217F/h/freecompress-DSC00379_79597037.avif
23,0.4,36.8769,10.3247,140.0,7.0,3.0,0.5,0.8015,2.0,2562.03,0.3033,4,0,1,0,1,0,0,1,1,1,1,1,1,0,1,0,0,0,575000.0,https://www.mubawab-media.com/ad/8/286/052F/h/8cf2ed8d-4b1e-4ae6-992b-cf072a5d8079_81780887.avif
16,0.13,36.8,10.1,130.0,3.0,3.0,0.5,0.2426,2.0,110184.0,0.2774,4,0,0,0,1,0,1,0,0,0,0,0,0,0,0,0,0,0,200000.0,https://www.mubawab-media.com/ad/7/939/508F/h/Sans%20titre_81729055.avif
20,0.1333,36.8,10.1,60.0,2.0,1.0,0.5,0.2413,2.0,110184.0,0.3112,4,0,1,0,1,0,1,0,1,1,0,1,0,0,1,0,0,0,179000.0,https://www.mubawab-media.com/ad/8/153/165F/h/WhatsApp%20Image%202025-05-30%20%C3%A0%2009.07.56_35d4c2f1_80380014.avif
20,0.1333,36.8,10.1,120.0,3.0,2.0,0.5,0.2413,2.0,110184.0,0.3269,4,0,1,0,1,0,1,1,1,1,1,1,1,1,1,1,0,0,259000.0,https://www.mubawab-media.com/ad/8/155/679F/h/WhatsApp%20Image%202025-06-04%20%C3%A0%2016.00.14_839f7352_80418393.avif
20,0.32,36.8,10.1,121.0,3.0,2.0,0.5,0.3244,2.0,110184.0,0.2758,4,0,1,0,1,0,0,0,0,1,1,0,1,1,1,0,0,0,380000.0,https://www.mubawab-media.com/ad/8/116/093F/h/WhatsApp%20Image%202025-03-27%20%C3%A0%2014.33.47_725f9507_80005808.avif
20,0.32,36.8,10.1,56.0,2.0,1.0,0.5,0.3244,2.0,110184.0,0.3144,3,0,1,0,1,0,0,0,0,0,0,0,0,0,1,0,0,0,200000.0,https://www.mubawab-media.com/ad/8/143/328F/h/WhatsApp%20Image%202025-03-27%20%C3%A0%2014.29.59_7e59da07_80281618.avif
1,0.32,36.8665,10.1647,100.0,3.0,2.0,0.5,0.5305,2.0,43985.0,0.3694,4,0,1,0,1,0,0,1,0,1,1,0,0,0,0,0,0,0,369900.0,https://www.mubawab-media.com/ad/8/247/768F/h/IMG_20251105_142153_81363078.avif
15,0.2633,35.7643,10.8113,78.0,2.0,1.0,0.5,0.3655,2.0,134734.0,0.314,4,0,1,0,1,0,1,1,0,0,0,0,0,0,0,1,0,0,450000.0,https://www.mubawab-media.com/ad/8/268/018F/h/IMG-20241108-WA0145_81587981.avif
1,0.32,36.8665,10.1647,131.0,3.0,2.0,0.5,0.5305,2.0,43985.0,0.2694,4,0,0,0,0,0,0,1,0,1,1,0,0,0,0,0,0,0,270000.0,https://www.mubawab-media.com/ad/8/285/863F/h/gallery_81778644.avif
20,0.3067,36.8,10.1,100.0,4.0,3.0,0.5,0.3807,2.0,110184.0,0.3136,4,0,0,0,1,0,0,1,0,1,0,0,0,0,0,0,0,0,230000.0,https://www.mubawab-media.com/ad/8/163/610F/h/Visuel%20Agences%20Sahloul%20Ghrabi%20%2878%29_80496183.avif
1,0.32,36.8665,10.1647,61.0,2.0,1.0,0.5,0.5305,2.0,43985.0,0.3136,4,0,1,0,1,0,0,0,0,1,0,0,0,0,1,0,0,0,220000.0,https://www.mubawab-media.com/ad/8/267/937F/h/2d48478a-cd6e-47ab-b68b-3c03c35145c3%20%281%29_81587042.avif
23,0.6867,36.819,10.1658,138.0,3.0,2.0,0.5,0.5524,2.0,2562.03,0.3543,4,0,1,0,1,1,0,1,0,0,0,0,0,0,1,0,0,0,579000.0,https://www.mubawab-media.com/ad/8/246/567F/h/9508c845-1aca-409a-b2d9-4f9d904088c8_81350819.avif
16,0.2833,36.4561,10.7376,89.0,3.0,2.0,0.5,0.4454,2.0,154974.0,0.3053,4,0,0,0,1,0,0,0,0,0,0,0,0,0,0,0,0,0,180000.0,https://www.mubawab-media.com/ad/8/207/263F/h/thumb_1149298_property_xlarge_80933115.avif
20,0.3067,35.8604,10.5953,70.0,2.0,2.0,0.5,0.3642,2.0,150620.48,0.3289,4,0,1,0,1,0,1,0,0,1,0,0,0,0,0,0,0,0,330000.0,https://www.mubawab-media.com/ad/8/148/267F/h/thumb_61255_property_xlarge_80330523.avif
20,0.3733,36.8,10.1,170.0,3.0,3.0,0.5,0.2689,2.0,110184.0,0.2762,4,0,0,0,1,0,0,1,0,0,0,1,0,1,0,0,0,0,400000.0,https://www.mubawab-media.com/ad/8/219/392F/h/thumb_41719_property_xlarge_81062922.avif
23,0.4,36.8769,10.3247,113.0,3.0,2.0,0.5,0.8015,2.0,2562.03,0.279,4,0,1,0,1,0,0,1,0,1,1,1,0,0,1,0,0,0,285000.0,https://www.mubawab-media.com/ad/8/285/595F/h/IMG_8253_81776411.avif
1,0.32,36.8665,10.1647,150.0,4.0,3.0,0.5,0.5305,2.0,43985.0,0.2742,4,0,0,0,1,0,0,1,0,1,1,0,0,0,1,0,0,0,338000.0,https://www.mubawab-media.com/ad/8/191/793F/h/WhatsApp%20Image%202025-07-05%20%C3%A0%2013.31.06_91a64423_80780274.avif
23,0.0209,36.8,10.1,124.0,6.0,4.0,0.5,0.1812,2.0,110184.0,0.2734,4,0,1,0,1,0,0,0,0,0,0,0,0,0,1,1,0,1,196000.0,https://www.mubawab-media.com/ad/8/285/465F/h/IMM%2010_81775069.avif
16,0.32,36.4561,10.7376,86.0,3.0,1.0,0.5,0.4552,2.0,154974.0,0.2985,4,0,1,0,1,0,0,1,1,1,1,1,1,1,1,0,0,1,330000.0,https://www.mubawab-media.com/ad/8/285/454F/h/e0bfaa5f-4528-4a77-80e5-260eb7f95233_81774913.avif
20,0.32,36.8,10.1,300.0,5.0,4.0,0.5,0.3244,2.0,110184.0,0.3478,4,0,1,0,1,0,1,1,0,1,1,1,0,0,0,0,0,0,1100000.0,https://www.mubawab-media.com/ad/8/144/065F/h/thumb_60806_property_xlarge_80289167.avif
16,0.32,36.4561,10.7376,140.0,4.0,2.0,0.5,0.4552,2.0,154974.0,0.3009,4,0,1,0,1,0,0,1,1,1,1,1,1,1,1,0,0,1,560000.0,https://www.mubawab-media.com/ad/8/285/436F/h/d2102b73-cc3c-473c-9d01-cabd64959a25_81774673.avif
20,0.284,36.8,10.1,114.0,3.0,2.0,0.5,0.3272,2.0,110184.0,0.3345,4,0,1,0,0,0,0,1,0,0,0,0,0,0,1,0,0,0,330000.0,https://www.mubawab-media.com/ad/8/130/940F/h/490521714_1203723311755271_2385834928280733409_n_80141114_80156776.avif
1,0.32,36.8665,10.1647,121.0,4.0,3.0,0.5,0.5305,2.0,43985.0,0.3136,4,0,1,0,1,0,0,1,0,1,1,0,0,0,0,0,0,0,406600.0,https://www.mubawab-media.com/ad/8/283/835F/h/e3097963-29ea-48f9-be82-2fb258af0abe_81758114.avif
1,0.32,36.8665,10.1647,116.0,3.0,2.0,0.5,0.5305,2.0,43985.0,0.3136,4,0,1,0,1,0,0,1,0,0,0,0,0,0,1,0,0,0,457000.0,https://www.mubawab-media.com/ad/8/283/808F/h/6f36f197-3adc-4228-a9c9-24751bd1f935_81757838.avif
4,0.12,36.8,10.1,90.0,3.0,2.0,0.5,0.2697,2.0,110184.0,0.3176,4,0,0,0,1,0,0,0,0,0,0,0,0,0,0,0,0,0,130000.0,https://www.mubawab-media.com/ad/8/269/292F/h/thumb_1223392_property_xlarge_81601340.avif
4,0.24,37.2744,9.8739,90.0,3.0,2.0,0.5,0.4278,2.0,61540.22,0.3144,4,0,0,0,0,0,0,0,0,0,0,1,0,0,0,0,0,0,220000.0,https://www.mubawab-media.com/ad/8/263/666F/h/thumb_1217982_property_xlarge_81535837.avif
23,0.6867,36.819,10.2358,115.0,3.0,2.0,0.5,0.517,2.0,43985.0,0.3168,4,0,0,0,0,0,0,0,0,0,0,0,0,0,0,0,0,0,635000.0,nan
20,0.06,36.8,10.1,76.0,3.0,2.0,0.5,0.1527,2.0,110184.0,0.2694,4,0,0,0,0,0,0,0,1,0,0,0,0,0,0,0,0,0,165000.0,https://www.mubawab-media.com/ad/8/276/876F/h/gallery_81681825.avif
20,0.3067,36.8,10.1,85.0,3.0,2.0,0.5,0.3807,2.0,110184.0,0.2746,4,0,0,0,1,0,0,0,0,0,0,0,0,0,0,0,0,0,135000.0,https://www.mubawab-media.com/ad/8/225/039F/h/1-94cbac89-7eb2-4da1-a616-f2740602d40c_81124466.avif
23,0.4,36.8769,10.3247,115.0,3.0,2.0,0.5,0.8015,2.0,2562.03,0.3116,4,0,1,0,0,0,0,0,1,1,1,1,1,0,1,0,0,0,380000.0,https://www.mubawab-media.com/ad/8/277/964F/h/PHOTO-2025-12-25-12-09-30_81693929.avif
20,0.3067,35.8604,10.5953,35.0,1.0,1.0,0.5,0.3642,2.0,150620.48,0.2993,2,0,0,0,1,0,1,0,0,0,0,0,0,0,0,0,0,0,300000.0,https://www.mubawab-media.com/ad/8/151/443F/h/a0a1bedd-35b6-44bd-8656-d284c1d997dc_80362223.avif
1,0.3533,36.899,10.2358,50.0,2.0,2.0,0.5,0.4235,2.0,43985.0,0.3164,4,0,1,0,0,0,0,1,1,1,1,1,0,0,0,1,0,0,220000.0,https://www.mubawab-media.com/ad/8/285/318F/h/thumb_1236991_property_xlarge_81773308.avif
15,0.2633,35.7643,10.8113,150.0,4.0,3.0,0.5,0.3655,2.0,134734.0,0.3463,4,0,0,1,0,0,0,1,1,1,0,1,0,1,0,1,0,0,320000.0,https://www.mubawab-media.com/ad/8/186/749F/h/1630766037507_81660733.avif
23,0.1867,36.8094,10.1414,85.0,3.0,2.0,0.5,0.3144,2.0,2562.03,0.3136,4,0,1,1,0,0,0,0,1,0,1,0,0,0,0,0,0,0,145000.0,https://www.mubawab-media.com/ad/7/914/738F/h/1_75251792.avif
23,0.1867,36.8094,10.1414,100.0,4.0,3.0,0.5,0.3144,2.0,2562.03,0.3128,4,0,0,0,0,0,0,0,1,0,0,1,0,0,0,0,0,0,210000.0,https://www.mubawab-media.com/ad/7/968/412F/h/453135597_1024129022496649_3691950251777330452_n_78546878.avif
23,0.1867,36.8094,10.1414,90.0,4.0,3.0,0.5,0.3144,2.0,2562.03,0.2782,4,0,0,0,0,0,0,0,1,1,0,1,0,0,0,0,0,0,152000.0,https://www.mubawab-media.com/ad/8/132/653F/h/8ccfed43-521b-4aff-8d28-b3ce0e8afa6e_7f6b7a62-4c7e-4ae8-83cb-dccc7e00fa35_80173311.avif
23,0.1867,36.8094,10.1414,100.0,4.0,3.0,0.5,0.3144,2.0,2562.03,0.3176,4,0,1,0,1,0,0,1,0,0,1,0,0,0,1,0,0,0,299000.0,https://www.mubawab-media.com/ad/8/259/014F/h/5f64377e-d220-46ea-a93d-cefeb0f9457e_9ea75023-a67d-4f3e-ae00-2552c37761cc%20%281%29_81477848.avif
3,0.14,36.8,10.1,124.0,3.0,2.0,0.5,0.2793,2.0,110184.0,0.324,4,0,1,0,1,0,0,1,0,0,0,0,0,0,1,0,0,0,260000.0,https://www.mubawab-media.com/ad/8/285/185F/h/1000035521_81771862.avif
23,0.4,36.8769,10.3247,93.0,5.0,2.0,0.5,0.8015,2.0,2562.03,0.3168,4,0,1,0,0,0,0,1,0,1,0,0,0,0,1,1,0,0,420000.0,https://www.mubawab-media.com/ad/8/285/063F/h/0b5afa55-a462-4113-b3b9-c0a423e3f7cc_81770577.avif
23,0.4,36.8769,10.3247,120.0,3.0,2.0,0.5,0.8015,2.0,2562.03,0.341,4,0,1,0,1,1,0,1,0,0,0,0,0,0,1,0,0,0,582000.0,https://www.mubawab-media.com/ad/7/939/285F/h/WhatsApp%20Image%202024-10-02%20%C3%A0%2015.14.23_aa71e90f_78957645.avif
23,0.4,36.8769,10.3247,152.0,3.0,2.0,0.5,0.8015,2.0,2562.03,0.339,4,0,1,0,1,1,0,1,0,0,0,0,0,0,1,1,0,0,827000.0,https://www.mubawab-media.com/ad/7/940/558F/h/7-1_77404075.avif
23,0.4,36.819,10.2358,1583.0,4.0,3.0,0.5,0.517,2.0,43985.0,0.3168,4,0,1,1,1,0,0,1,0,0,0,0,0,0,1,0,0,0,506000.0,https://www.mubawab-media.com/ad/7/927/884F/h/01-1_76247582.avif
23,0.4,36.8769,10.3247,135.0,5.0,3.0,0.5,0.8015,2.0,2562.03,0.3176,4,0,1,0,1,1,0,1,0,0,0,0,0,0,1,0,0,0,648000.0,https://www.mubawab-media.com/ad/7/939/328F/h/WhatsApp%20Image%202024-10-02%20%C3%A0%2015.14.23_8004e9c6_78951800.avif
23,0.4,36.8769,10.3247,62.0,1.0,1.0,0.5,0.8015,2.0,2562.03,0.3148,4,0,1,0,1,0,0,1,0,0,0,0,0,0,1,1,0,0,247000.0,https://www.mubawab-media.com/ad/8/068/618F/h/WhatsApp%20Image%202024-11-18%20%C3%A0%2016.28.05_55ab85af_79541898.avif
16,0.32,36.4561,10.7376,50.0,1.0,1.0,0.5,0.4552,2.0,154974.0,0.3192,4,0,0,0,1,0,0,0,0,1,1,0,0,0,0,0,0,0,240000.0,https://www.mubawab-media.com/ad/8/284/956F/h/f5eaaf15-84b7-4afc-9a60-9b96005bbeec_81769337.avif
16,0.32,36.4561,10.7376,172.0,4.0,2.0,0.5,0.4552,2.0,154974.0,0.2742,4,0,1,0,1,0,1,1,0,0,0,0,0,0,0,0,0,0,613000.0,https://www.mubawab-media.com/ad/8/284/955F/h/c41da2d0-e414-4367-a9b1-1f2c7afb14b8_81769282.avif
23,0.6867,36.819,10.1658,153.0,7.0,4.0,0.5,0.5524,2.0,2562.03,0.3305,4,0,1,0,1,0,0,1,1,1,1,1,0,0,1,1,0,0,612000.0,https://www.mubawab-media.com/ad/8/280/040F/h/5dcb0bdc-c45d-4937-88cb-6468b1ab40a8_81716922.avif
1,0.32,36.8665,10.1647,45.0,1.0,1.0,0.5,0.5305,2.0,43985.0,0.3112,4,0,1,0,1,0,0,1,0,1,1,1,0,0,1,0,0,1,150000.0,https://www.mubawab-media.com/ad/8/284/933F/h/beb581b7-2b26-4dc4-ba4b-66fe4e6cef4d-scaled_81769041.avif
20,0.26,35.8245,10.6346,120.0,3.0,2.0,0.5,0.517,2.0,150620.48,0.2798,4,0,1,0,1,0,1,1,1,1,1,0,1,0,1,0,0,0,440000.0,https://www.mubawab-media.com/ad/8/246/935F/h/WhatsApp%20Image%202025-11-04%20at%2008.03.36%282%29_81354964.avif
16,0.32,36.4561,10.7376,160.0,4.0,3.0,0.5,0.4552,2.0,154974.0,0.2754,4,0,0,0,1,0,0,0,1,1,1,1,0,0,0,0,0,1,490000.0,https://www.mubawab-media.com/ad/8/080/284F/h/5f3dcc62-e9a6-4e6c-972f-0c2d9729a752_79656804.avif
16,0.15,36.8,10.1,100.0,2.0,2.0,0.5,0.2237,2.0,110184.0,0.3281,4,0,0,0,1,0,1,0,0,0,0,0,0,0,0,0,0,0,240000.0,https://www.mubawab-media.com/ad/7/985/362F/h/Sans%20titre3_80853893.avif
23,0.1733,36.819,10.1658,46.0,1.0,2.0,0.5,0.6863,2.0,2562.03,0.273,4,0,0,0,0,0,0,0,0,0,0,0,0,0,0,1,0,0,110000.0,https://www.mubawab-media.com/ad/8/284/725F/h/613423378_122109956313157769_7487557043546390742_n_81766896.avif
20,0.284,36.8,10.1,119.0,3.0,2.0,0.5,0.3272,2.0,110184.0,0.3353,4,0,1,0,0,0,0,1,0,0,0,0,0,0,1,0,0,0,340000.0,https://www.mubawab-media.com/ad/8/130/941F/h/490521714_1203723311755271_2385834928280733409_n_80141114_80156802.avif
23,0.32,36.844,10.192,120.0,3.0,2.0,0.5,0.3403,2.0,43985.0,0.2694,4,0,1,0,1,0,0,0,1,1,1,0,0,0,0,0,0,0,265000.0,https://www.mubawab-media.com/ad/8/141/764F/h/gallery_80266114.avif
23,0.4,36.819,10.2358,115.0,3.0,2.0,0.5,0.517,2.0,43985.0,0.3168,4,0,0,0,0,0,0,0,0,0,0,0,0,0,0,0,0,0,890000.0,nan
1,0.3533,36.899,10.2358,76.0,2.0,1.0,0.5,0.4235,2.0,43985.0,0.343,4,0,1,0,1,0,0,1,1,1,1,1,1,1,1,0,0,0,295000.0,https://www.mubawab-media.com/ad/8/205/614F/h/d8bab9dc-3905-41b7-9514-1b4266de2528_80917761.avif
23,0.4,36.8769,10.3247,103.0,3.0,2.0,0.5,0.8015,2.0,2562.03,0.2694,4,0,0,1,1,0,0,1,1,1,1,0,0,0,0,0,0,0,1050000.0,https://www.mubawab-media.com/ad/8/284/601F/h/gallery_81765692.avif
23,0.1867,36.8094,10.1414,122.0,4.0,3.0,0.5,0.3144,2.0,2562.03,0.2694,4,0,1,0,0,0,0,1,1,1,1,1,1,1,1,0,0,1,360000.0,https://www.mubawab-media.com/ad/8/254/550F/h/IMG_20251117_114530_81431985.avif
23,0.4,36.8769,10.3247,120.0,3.0,2.0,0.5,0.8015,2.0,2562.03,0.2738,4,0,1,0,0,0,0,0,1,1,1,1,1,1,1,0,0,0,230000.0,https://www.mubawab-media.com/ad/8/255/101F/h/1000019619_81437639.avif
23,0.4,36.8769,10.3247,80.0,3.0,2.0,0.5,0.8015,2.0,2562.03,0.273,4,0,0,0,0,0,0,1,0,0,1,0,0,0,0,0,0,0,270000.0,https://www.mubawab-media.com/ad/8/284/467F/h/Amg001_81764252.avif
1,0.2933,36.8665,10.1647,104.0,3.0,2.0,0.5,0.2426,2.0,43985.0,0.3265,2,0,1,0,1,0,0,1,0,1,0,0,0,0,1,0,0,0,320000.0,https://www.mubawab-media.com/ad/8/284/458F/h/1000122456_81764089.avif
1,0.32,36.8665,10.1647,106.0,4.0,3.0,0.5,0.5305,2.0,43985.0,0.3265,4,0,1,0,1,0,0,1,0,0,0,0,0,0,0,0,0,0,385000.0,https://www.mubawab-media.com/ad/8/284/453F/h/1000122406_81764065.avif
1,0.3533,36.899,10.2358,79.0,3.0,2.0,0.5,0.4235,2.0,43985.0,0.2694,4,0,0,0,0,0,0,0,1,0,0,0,0,0,0,0,0,0,400000.0,https://www.mubawab-media.com/ad/8/284/343F/h/gallery_81763033.avif
23,0.32,36.844,10.192,105.0,3.0,2.0,0.5,0.3403,2.0,43985.0,0.2694,4,0,0,0,0,0,0,0,1,1,1,0,0,0,0,0,0,0,330000.0,https://www.mubawab-media.com/ad/8/278/619F/h/gallery_81701398.avif
16,0.13,36.8,10.1,73.0,1.0,1.0,0.5,0.2426,2.0,110184.0,0.3597,4,0,0,0,1,0,0,0,0,0,0,0,0,0,0,0,0,0,215000.0,https://www.mubawab-media.com/ad/8/254/968F/h/5_81436301.avif
1,0.3533,36.899,10.2358,67.0,3.0,1.0,0.5,0.4235,2.0,43985.0,0.3424,4,0,0,0,1,0,0,0,0,0,0,0,0,0,1,0,0,0,285000.0,https://www.mubawab-media.com/ad/8/284/209F/h/photo_0_81761845.avif
16,0.2833,36.4561,10.7376,100.0,3.0,2.0,0.5,0.4454,2.0,154974.0,0.2694,4,0,0,0,1,0,0,1,0,1,0,0,0,0,0,1,0,0,300000.0,https://www.mubawab-media.com/ad/8/147/791F/h/gallery_80325928.avif
17,0.46,36.8,10.1,130.0,3.0,3.0,0.5,0.3961,2.0,110184.0,0.312,2,0,0,0,1,0,0,0,0,1,0,0,0,0,1,0,0,0,450000.0,https://www.mubawab-media.com/ad/8/284/174F/h/photo_0_81761451.avif
13,0.16,36.8,10.1,117.0,1.0,3.0,0.5,0.2875,2.0,110184.0,0.2742,4,0,0,0,0,0,0,1,0,1,0,0,0,0,1,0,0,1,250000.0,https://www.mubawab-media.com/ad/8/191/111F/h/WhatsApp%20Image%202025-07-30%20at%2012.42.01_80773122.avif
13,0.16,36.8,10.1,57.0,3.0,2.0,0.5,0.2875,2.0,110184.0,0.2694,4,0,0,0,0,0,0,0,1,1,1,1,0,0,0,0,0,0,150000.0,https://www.mubawab-media.com/ad/8/269/203F/h/39801561215082025_tu_tucg2_1436603900_1024_63f7616b-103c-4adc-a70c-65655ac92490_81600484.avif
16,0.32,36.4561,10.7376,160.0,4.0,3.0,0.5,0.4552,2.0,154974.0,0.2754,4,0,0,0,1,0,0,0,1,1,1,1,0,0,0,0,0,0,490000.0,https://www.mubawab-media.com/ad/8/080/273F/h/d5789865-426d-41ee-9292-05830c59c237_79656751.avif
23,0.0867,36.8,10.1,44.0,3.0,2.0,0.5,0.2194,2.0,110184.0,0.2694,4,0,1,0,0,0,0,0,0,0,0,0,0,0,0,0,0,0,130000.0,https://www.mubawab-media.com/ad/8/254/769F/h/gallery_81434246.avif
23,0.5067,36.8528,10.3247,138.0,4.0,3.0,0.5,0.5388,2.0,2562.03,0.2694,4,0,0,0,1,0,1,0,0,0,0,0,0,0,0,0,0,0,770000.0,https://www.mubawab-media.com/ad/8/179/633F/h/gallery_80659220.avif
12,0.1953,36.8,10.1,150.0,3.0,2.0,0.5,0.1695,2.0,110184.0,0.2738,4,0,0,0,1,0,0,0,0,0,0,1,0,0,0,0,0,0,140000.0,https://www.mubawab-media.com/ad/8/283/977F/h/gallery_81759574.avif
23,0.1733,36.819,10.1658,133.0,3.0,2.0,0.5,0.6863,2.0,2562.03,0.2694,3,0,0,0,0,0,0,0,0,0,0,0,0,0,0,0,0,0,210000.0,https://www.mubawab-media.com/ad/8/283/966F/h/gallery_81759446.avif
12,0.1953,36.8,10.1,70.0,3.0,2.0,0.5,0.1695,2.0,110184.0,0.2694,4,0,0,1,1,1,0,1,1,0,0,1,0,0,0,0,0,0,290000.0,https://www.mubawab-media.com/ad/8/264/994F/h/gallery_81552410.avif
20,0.284,36.8,10.1,121.0,3.0,2.0,0.5,0.3272,2.0,110184.0,0.3349,4,0,1,0,0,0,0,1,0,0,0,0,0,0,1,0,0,0,348000.0,https://www.mubawab-media.com/ad/8/130/942F/h/490521714_1203723311755271_2385834928280733409_n_80141114_80156829.avif
1,0.32,36.8665,10.1647,70.0,2.0,1.0,0.5,0.5305,2.0,43985.0,0.3309,4,0,1,0,0,1,0,1,0,1,0,0,0,0,0,1,0,0,317000.0,https://www.mubawab-media.com/ad/8/248/434F/h/C21%20%281%29_page-0001_81368653.avif
23,0.4,36.8769,10.3247,110.0,1.0,2.0,0.5,0.8015,2.0,2562.03,0.3218,4,0,1,0,1,0,0,0,0,1,0,0,0,0,0,0,0,0,387000.0,https://www.mubawab-media.com/ad/8/053/090F/h/09-1_79389509_79389605.avif
23,0.6867,36.819,10.2358,115.0,3.0,2.0,0.5,0.517,2.0,43985.0,0.3168,4,0,0,0,0,0,0,0,0,0,0,0,0,0,0,0,0,0,635000.0,nan
23,0.4,36.8769,10.3247,122.0,3.0,2.0,0.5,0.8015,2.0,2562.03,0.3418,4,0,1,0,1,0,0,1,1,1,1,1,1,1,1,0,0,0,496000.0,https://www.mubawab-media.com/ad/7/927/740F/h/WhatsApp%20Image%202025-02-18%20%C3%A0%2017.52.24_9c6c3f82_79851578.avif
23,0.4,36.8769,10.3247,130.0,4.0,3.0,0.5,0.8015,2.0,2562.03,0.2782,4,0,1,0,0,0,0,0,1,1,1,1,0,0,1,0,0,0,315000.0,https://www.mubawab-media.com/ad/8/283/873F/h/552168778_1092311579722662_70498808418401996_n_81758464.avif
1,0.32,36.8665,10.1647,118.0,4.0,3.0,0.5,0.5305,2.0,43985.0,0.277,4,0,0,0,1,0,0,1,0,1,1,1,0,0,0,0,0,0,305000.0,https://www.mubawab-media.com/ad/8/283/868F/h/thumb_1236554_property_large_81758349.avif
23,0.1867,36.8094,10.1414,36.0,1.0,1.0,0.5,0.3144,2.0,2562.03,0.3172,4,0,0,0,1,0,0,0,0,0,1,0,0,1,0,0,0,0,54000.0,https://www.mubawab-media.com/ad/8/283/769F/h/Capture%20d%E2%80%99%C3%A9cran%202026-01-09%20142026_81757393.avif
1,0.3533,36.899,10.2358,155.0,4.0,3.0,0.5,0.4235,2.0,43985.0,0.3553,4,0,1,0,1,0,0,1,1,1,1,1,1,1,1,0,0,0,630000.0,https://www.mubawab-media.com/ad/8/269/358F/h/WhatsApp%20Image%202025-12-10%20at%2010.58.49%20AM_81602092.avif
1,0.332,36.8665,10.1647,115.0,3.0,2.0,0.5,0.247,2.0,43985.0,0.3033,4,0,0,0,1,0,1,1,0,0,1,0,0,0,0,0,0,0,199500.0,https://www.mubawab-media.com/ad/6/460/545F/h/no-name-x-739461-1.avif
16,0.2833,36.4561,10.7376,45.0,1.0,1.0,0.5,0.4454,2.0,154974.0,0.275,4,0,1,0,0,0,0,1,0,0,0,0,0,0,1,0,0,1,180000.0,https://www.mubawab-media.com/ad/8/135/403F/h/Sans%20titre7-ink%286%29_81587017.avif
16,0.32,36.4561,10.7376,64.0,1.0,1.0,0.5,0.4552,2.0,154974.0,0.338,4,0,1,1,1,1,0,1,0,0,0,0,0,0,1,0,0,0,260000.0,https://www.mubawab-media.com/ad/8/273/979F/h/2_81650961.avif
1,0.3533,36.899,10.2358,130.0,4.0,3.0,0.5,0.4235,2.0,43985.0,0.3527,4,0,0,0,1,0,0,1,0,1,1,0,0,0,0,1,0,0,686000.0,https://www.mubawab-media.com/ad/8/225/748F/h/s%2B2-05_81131244.avif
1,0.3533,36.899,10.2358,125.0,3.0,2.0,0.5,0.4235,2.0,43985.0,0.3168,4,0,0,0,1,0,0,1,0,1,0,0,0,0,1,1,0,0,569000.0,https://www.mubawab-media.com/ad/8/217/451F/h/8e7645d3-0b32-469f-92bb-b57f8280a3cf_81042623.avif
20,0.3067,36.8,10.1,95.0,2.0,2.0,0.5,0.3807,2.0,110184.0,0.2754,4,0,0,0,1,0,0,1,0,1,0,0,0,0,1,1,0,0,450000.0,https://www.mubawab-media.com/ad/8/276/564F/h/20251224_141344_81678542.avif
23,0.1733,36.819,10.1658,105.0,3.0,3.0,0.5,0.6863,2.0,2562.03,0.2746,4,0,0,0,1,0,0,0,0,0,1,1,0,0,0,0,0,0,250000.0,https://www.mubawab-media.com/ad/8/192/292F/h/thumb_1124157_property_large_80786105.avif
23,0.4,36.8769,10.3247,37.0,2.0,1.0,0.5,0.8015,2.0,2562.03,0.3277,4,0,1,1,1,0,0,0,0,0,0,0,0,0,1,1,0,0,160000.0,https://www.mubawab-media.com/ad/8/283/524F/h/600256715_1284857880147696_4224714256720594876_n_81754707.avif
16,0.2833,36.4561,10.7376,120.0,3.0,2.0,0.5,0.4454,2.0,154974.0,0.3156,4,0,1,0,1,0,0,1,0,1,0,0,0,0,1,0,0,0,440000.0,https://www.mubawab-media.com/ad/8/181/978F/h/2uZXuw6Y0zzREw87-thumb_80682356.avif
23,0.4,36.8769,10.3247,90.0,3.0,2.0,0.5,0.8015,2.0,2562.03,0.3354,3,0,1,0,0,0,0,0,0,0,1,0,0,0,1,0,0,0,308000.0,https://www.mubawab-media.com/ad/8/283/517F/h/IMG-20250812-WA0008_1_81754650.avif
20,0.0033,36.8,10.1,108.0,3.0,2.0,0.5,0.183,2.0,110184.0,0.2694,4,0,0,0,1,0,0,0,0,0,0,0,0,0,0,0,0,0,98000.0,https://www.mubawab-media.com/ad/8/283/351F/h/gallery_81752743.avif
23,0.4,36.8769,10.3247,55.0,4.0,1.0,0.5,0.8015,2.0,2562.03,0.3301,4,0,1,1,1,0,0,0,0,0,0,0,0,0,1,1,0,0,160000.0,https://www.mubawab-media.com/ad/8/283/262F/h/92bb486e-4c55-4399-b815-8a2703d64cda_81751824.avif
23,0.4,36.8769,10.3247,315.0,5.0,4.0,0.5,0.8015,2.0,2562.03,0.3376,4,0,0,0,1,0,0,1,0,1,1,1,0,0,0,0,0,0,1580000.0,https://www.mubawab-media.com/ad/8/283/212F/h/thumb_1235975_property_large_81751307.avif
1,0.32,36.8665,10.1647,115.0,5.0,4.0,0.5,0.5305,2.0,43985.0,0.2766,4,0,0,0,1,0,0,1,0,0,0,1,0,0,0,0,0,0,390000.0,https://www.mubawab-media.com/ad/7/948/256F/h/8_GF_77956458.avif
23,0.4,36.8769,10.3247,92.0,3.0,2.0,0.5,0.8015,2.0,2562.03,0.2742,4,0,1,0,0,0,0,1,1,1,1,1,0,0,1,0,0,0,320000.0,https://www.mubawab-media.com/ad/8/279/415F/h/c256f390-e8ef-49c6-b046-74fbebb05279_WhatsApp%20Image%202026-01-02%20at%2010.35.14%20AM%20%281%29_81710214.avif
23,0.4,36.8769,10.3247,162.0,3.0,2.0,0.5,0.8015,2.0,2562.03,0.2836,4,0,1,0,1,0,0,1,1,1,1,1,0,0,1,0,0,0,660000.0,https://www.mubawab-media.com/ad/8/271/937F/h/603d3f6c-3a92-46c4-9ff1-5c3ca50f7462_WhatsApp%20Image%202025-12-10%20at%202.35.33%20PM_81629200.avif
23,0.4,36.8769,10.3247,150.0,4.0,3.0,0.5,0.8015,2.0,2562.03,0.3242,4,0,1,0,1,0,0,1,1,1,1,1,0,0,1,0,0,0,400000.0,https://www.mubawab-media.com/ad/8/266/368F/h/9b922ba7-1bc1-4072-9398-2a59e7a0e228_263b39e1-b583-4f48-acde-50eb888585b1_81570618.avif
16,0.2833,36.4561,10.7376,62.0,2.0,1.0,0.5,0.4454,2.0,154974.0,0.3132,4,0,1,1,1,1,0,1,1,1,1,1,0,0,1,0,0,0,280000.0,https://www.mubawab-media.com/ad/8/222/161F/h/Gfzmefy3lG1bkzhP-thumb_81093181.avif
20,0.284,36.8,10.1,116.0,3.0,2.0,0.5,0.3272,2.0,110184.0,0.3236,4,0,1,1,0,0,0,1,0,0,0,0,0,0,1,0,0,0,333000.0,https://www.mubawab-media.com/ad/8/130/943F/h/490521714_1203723311755271_2385834928280733409_n_80141114_80156846.avif
23,0.4,36.8769,10.3247,69.0,1.0,1.0,0.5,0.8015,2.0,2562.03,0.2766,4,0,1,0,0,0,0,0,0,1,0,0,0,0,0,1,0,0,262000.0,https://www.mubawab-media.com/ad/8/053/092F/h/02_79389505_79389636.avif
23,0.4,36.819,10.2358,115.0,3.0,2.0,0.5,0.517,2.0,43985.0,0.3168,4,0,0,0,0,0,0,0,0,0,0,0,0,0,0,0,0,0,890000.0,nan
16,0.2833,36.4561,10.7376,141.0,4.0,3.0,0.5,0.4454,2.0,154974.0,0.2774,4,0,1,0,1,1,0,1,1,1,1,1,0,0,1,0,0,0,530000.0,https://www.mubawab-media.com/ad/8/264/861F/h/VhzBTkEzFENaWX7q-thumb_81550994.avif
16,0.32,36.4561,10.7376,86.0,2.0,1.0,0.5,0.4552,2.0,154974.0,0.2742,4,0,1,0,1,0,0,1,1,1,1,1,0,0,1,0,0,0,295000.0,https://www.mubawab-media.com/ad/8/268/936F/h/QEAWo5wDqOAeYOIP-thumb_81600184.avif
23,0.4,36.8769,10.3247,289.0,4.0,3.0,0.5,0.8015,2.0,2562.03,0.3382,4,0,0,0,1,0,0,1,0,1,1,1,0,0,0,0,0,0,1500000.0,https://www.mubawab-media.com/ad/8/283/026F/h/thumb_1235775_property_large_81749334.avif
16,0.32,36.4561,10.7376,72.0,3.0,2.0,0.5,0.4552,2.0,154974.0,0.341,4,0,1,0,1,0,1,1,1,1,1,1,0,0,1,0,0,0,480000.0,https://www.mubawab-media.com/ad/8/268/966F/h/1_81608254.avif
23,0.1733,36.819,10.1658,65.0,3.0,2.0,0.5,0.6863,2.0,2562.03,0.318,4,0,0,0,1,0,0,0,0,0,0,0,0,0,0,0,0,0,150000.0,https://www.mubawab-media.com/ad/8/276/801F/h/a6c9159e-d5d4-4e1e-b5a5-94026816d4e3_1c93aaf9-63e8-457e-bf43-ab30e15b1773_81680885.avif
23,0.1733,36.819,10.1658,170.0,3.0,3.0,0.5,0.6863,2.0,2562.03,0.318,4,0,0,0,1,0,0,0,1,0,0,0,0,0,1,0,0,0,275000.0,https://www.mubawab-media.com/ad/8/244/183F/h/bd6c5f89-9065-40d2-893d-254dc60b1521_beca53ac-7a0a-45bd-90c9-bc57902cdcc1_81324878.avif
16,0.32,36.4561,10.7376,160.0,4.0,3.0,0.5,0.4552,2.0,154974.0,0.316,4,0,0,0,1,0,0,0,0,0,0,1,0,0,0,0,0,0,490000.0,https://www.mubawab-media.com/ad/8/162/941F/h/1750149814sanstitre1plandetravail1_80489736.avif
23,0.4,36.8769,10.3247,225.0,5.0,4.0,0.5,0.8015,2.0,2562.03,0.329,4,0,0,0,1,0,0,1,0,0,0,0,0,0,1,0,0,0,680000.0,https://www.mubawab-media.com/ad/8/273/818F/h/9e4d539b-481a-4c64-ad9a-6c97f32fbc6c_81649270.avif
16,0.32,36.4561,10.7376,80.0,3.0,2.0,0.5,0.4552,2.0,154974.0,0.2782,4,0,0,0,1,0,0,1,0,0,0,0,0,0,1,0,0,0,410000.0,https://www.mubawab-media.com/ad/8/282/914F/h/3_81748193.avif
16,0.32,36.4561,10.7376,220.0,3.0,2.0,0.5,0.4552,2.0,154974.0,0.2778,4,0,0,0,1,0,0,1,0,0,0,0,0,0,1,1,0,0,575000.0,https://www.mubawab-media.com/ad/8/282/912F/h/1_81748181.avif
13,0.2467,36.8,10.1,88.0,2.0,1.0,0.5,0.2476,2.0,110184.0,0.2722,4,0,0,1,1,1,0,1,0,0,0,0,0,0,1,1,0,0,285000.0,https://www.mubawab-media.com/ad/8/147/473F/h/WhatsApp%20Image%202025-11-09%20at%2009.24.54%20%285%29_81378645.avif
23,0.3467,36.819,10.1658,63.0,2.0,1.0,0.5,0.3526,2.0,2562.03,0.3144,1,0,0,0,1,0,0,0,0,0,0,1,0,0,0,0,0,0,365000.0,https://www.mubawab-media.com/ad/8/220/010F/h/thumb_1155328_property_large_81069551.avif
3,0.14,36.8,10.1,80.0,2.0,2.0,0.5,0.2793,2.0,110184.0,0.316,4,0,0,0,1,0,0,0,0,0,0,0,0,0,0,0,0,0,145000.0,https://www.mubawab-media.com/ad/8/282/123F/h/thumb_1235513_property_large_81742940.avif
23,0.6867,36.819,10.1658,93.0,2.0,2.0,0.5,0.5524,2.0,2562.03,0.3265,4,0,0,0,0,0,0,1,0,0,0,0,0,0,0,1,0,0,475000.0,https://www.mubawab-media.com/ad/8/079/782F/h/thumb_999852_property_large_79651671.avif
23,0.4,36.8769,10.3247,154.0,5.0,4.0,0.5,0.8015,2.0,2562.03,0.3136,4,0,1,0,1,0,0,1,0,0,0,0,0,0,1,0,0,0,345000.0,https://www.mubawab-media.com/ad/8/211/557F/h/WhatsApp%20Image%202025-10-01%20at%2009.16.53_81654003.avif
20,0.26,35.8245,10.6346,70.0,3.0,2.0,0.5,0.517,2.0,150620.48,0.2694,4,0,0,0,1,0,0,0,0,0,0,0,0,0,0,0,0,0,75000.0,https://www.mubawab-media.com/ad/8/282/135F/h/gallery_81743057.avif
23,0.3067,36.8,10.1,108.0,3.0,2.0,0.5,0.3453,2.0,110184.0,0.2694,4,0,0,1,1,0,0,1,1,0,0,0,0,0,0,0,0,0,520000.0,https://www.mubawab-media.com/ad/8/282/128F/h/gallery_81742988.avif
23,0.092,36.8,10.1,113.0,3.0,2.0,0.5,0.3155,2.0,110184.0,0.3144,4,0,1,0,1,0,0,0,0,0,1,0,0,0,0,0,0,0,245000.0,https://www.mubawab-media.com/ad/8/273/466F/h/1_81645684.avif
20,0.1333,36.8,10.1,101.0,3.0,2.0,0.5,0.2413,2.0,110184.0,0.3136,4,0,0,0,1,0,0,0,1,1,1,1,1,1,1,0,0,0,250000.0,https://www.mubawab-media.com/ad/8/250/068F/h/WhatsApp%20Image%202025-11-03%20%C3%A0%2009.47.37_64b2829e_81386689.avif
20,0.3333,35.8245,10.6346,120.0,3.0,2.0,0.5,0.2902,2.0,150620.48,0.341,4,0,0,1,1,0,1,1,1,1,1,1,0,0,0,0,0,0,450000.0,https://www.mubawab-media.com/ad/8/141/885F/h/WhatsApp%20Image%202025-05-14%20at%2011.00.05_80963983.avif
1,0.3533,36.899,10.2358,66.0,2.0,1.0,0.5,0.4235,2.0,43985.0,0.3132,4,0,1,0,1,0,0,1,0,0,0,0,0,0,0,0,0,0,282000.0,https://www.mubawab-media.com/ad/8/267/011F/h/C09_S%2B1_81577574.avif
20,0.284,36.8,10.1,98.0,3.0,2.0,0.5,0.3272,2.0,110184.0,0.3236,4,0,1,0,0,0,0,1,0,0,0,0,0,0,1,0,0,0,282000.0,https://www.mubawab-media.com/ad/8/130/944F/h/490521714_1203723311755271_2385834928280733409_n_80141114_80156876.avif
23,0.4,36.8769,10.3247,109.0,1.0,2.0,0.5,0.8015,2.0,2562.03,0.279,4,0,1,0,0,0,0,0,0,0,0,0,0,0,1,1,0,0,402000.0,https://www.mubawab-media.com/ad/8/053/093F/h/01-1_79389508_79389674.avif
1,0.332,36.819,10.2358,115.0,3.0,2.0,0.5,0.517,2.0,43985.0,0.3168,4,0,0,0,0,0,0,0,0,0,0,0,0,0,0,0,0,0,369000.0,nan
1,0.3533,36.899,10.2358,62.0,2.0,1.0,0.5,0.4235,2.0,43985.0,0.3297,4,0,0,0,0,0,0,1,1,1,1,1,1,1,0,1,0,0,294380.0,https://www.mubawab-media.com/ad/8/185/332F/h/5D_80715445.avif
23,0.4,36.8769,10.3247,98.0,3.0,2.0,0.5,0.8015,2.0,2562.03,0.3248,4,0,1,0,1,0,0,0,1,1,1,1,1,0,1,0,0,0,289000.0,https://www.mubawab-media.com/ad/8/274/860F/h/photo_0_81659432.avif
20,0.26,35.8245,10.6346,82.0,2.0,2.0,0.5,0.517,2.0,150620.48,0.2754,4,0,1,0,0,0,0,0,1,1,1,1,0,0,0,0,0,0,200000.0,https://www.mubawab-media.com/ad/8/236/782F/h/thumb_62984_property_big_81249508.avif
23,0.6867,36.819,10.1658,65.0,3.0,1.0,0.5,0.5524,2.0,2562.03,0.3371,3,0,1,0,0,0,0,1,1,1,1,1,1,1,1,0,0,0,330000.0,https://www.mubawab-media.com/ad/8/228/886F/h/1000023304_81740336.avif
1,0.3533,36.899,10.2358,101.0,3.0,2.0,0.5,0.4235,2.0,43985.0,0.284,4,0,1,0,1,0,0,1,1,1,1,1,1,1,1,1,0,0,382000.0,https://www.mubawab-media.com/ad/8/114/896F/h/thumb_1057643_property_xlarge_79993282.avif
1,0.3533,36.899,10.2358,231.0,4.0,3.0,0.5,0.4235,2.0,43985.0,0.3305,4,0,1,0,1,1,0,1,1,1,1,1,1,1,1,0,0,0,850000.0,https://www.mubawab-media.com/ad/8/198/255F/h/ters%20nuit_80844858.avif
1,0.3533,36.899,10.2358,80.0,2.0,1.0,0.5,0.4235,2.0,43985.0,0.2867,4,0,1,0,0,0,0,0,0,0,0,0,0,0,1,1,0,0,285000.0,https://www.mubawab-media.com/ad/8/120/746F/h/salon_80053725.avif
1,0.32,36.8665,10.1647,127.0,7.0,2.0,0.5,0.5305,2.0,43985.0,0.3382,4,0,1,1,1,0,0,0,0,0,0,0,0,0,1,0,0,0,285000.0,https://www.mubawab-media.com/ad/8/281/815F/h/WhatsApp%20Image%202026-01-07%20at%2011.35.26_81739697.avif
20,0.3067,35.8604,10.5953,130.0,3.0,3.0,0.5,0.3642,2.0,150620.48,0.277,3,0,0,0,0,0,0,1,1,0,1,1,0,0,0,0,0,0,320000.0,https://www.mubawab-media.com/ad/8/281/826F/h/thumb_64619_property_big_81739774.avif
23,0.4,36.8769,10.3247,115.0,3.0,2.0,0.5,0.8015,2.0,2562.03,0.316,4,0,1,0,0,0,0,1,0,1,1,0,0,0,0,0,0,0,535000.0,https://www.mubawab-media.com/ad/8/281/801F/h/Design-sans-titre-49-1170x785_81739496.avif
1,0.3533,36.899,10.2358,65.0,2.0,2.0,0.5,0.4235,2.0,43985.0,0.3172,4,0,0,0,0,0,0,0,0,0,0,1,0,0,0,0,0,0,120000.0,https://www.mubawab-media.com/ad/8/275/607F/h/WhatsApp%20Image%202025-12-17%20at%2018.48.26%20%281%29_81667180.avif
23,0.4,36.819,10.2358,200.0,2.0,2.0,0.5,0.517,2.0,43985.0,0.3168,4,0,0,1,0,0,0,0,0,0,0,1,0,0,0,0,0,0,2400000.0,https://www.mubawab-media.com/ad/8/267/288F/h/IMG-20251206-WA0009_81580356.avif
20,0.26,35.8245,10.6346,130.0,3.0,2.0,0.5,0.517,2.0,150620.48,0.3104,4,0,1,0,1,0,0,1,0,1,0,0,0,0,1,0,0,0,250000.0,https://www.mubawab-media.com/ad/8/264/949F/h/018fe20a-fc76-467b-af92-7ef7bc18bb2d_81551848.avif
23,0.1867,36.8094,10.1414,70.0,2.0,2.0,0.5,0.3144,2.0,2562.03,0.2782,4,0,0,0,0,0,0,0,0,0,0,0,0,0,0,0,0,0,1300000.0,https://www.mubawab-media.com/ad/8/281/778F/h/S2_khaznadar_titre_individuel_1_81699188_81739342.avif
16,0.13,36.8,10.1,160.0,4.0,3.0,0.5,0.2426,2.0,110184.0,0.3281,4,0,0,0,1,0,1,0,0,0,0,0,0,0,0,0,0,0,480000.0,https://www.mubawab-media.com/ad/8/228/348F/h/WhatsApp%20Image%202025-07-22%20at%2010.06.14%20%283%29_81159347.avif
1,0.3533,36.899,10.2358,154.0,4.0,3.0,0.5,0.4235,2.0,43985.0,0.2726,4,0,1,0,1,0,0,1,0,1,0,0,0,0,1,0,0,0,565000.0,https://www.mubawab-media.com/ad/8/225/895F/h/1000113481_81132816.avif
1,0.332,36.8665,10.1647,128.0,3.0,2.0,0.5,0.247,2.0,43985.0,0.3232,4,0,1,0,1,0,0,1,0,0,0,0,0,0,1,0,0,0,270000.0,https://www.mubawab-media.com/ad/8/255/726F/h/photo_00_81444298.avif
16,0.15,36.8,10.1,103.0,3.0,2.0,0.5,0.2237,2.0,110184.0,0.3176,4,0,0,1,1,0,0,0,1,1,0,1,1,1,0,1,0,0,230000.0,https://www.mubawab-media.com/ad/7/593/334F/h/WhatsApp%20Image%202023-11-27%20%C3%A0%2014.58.15_5d62c49a_61427722.avif
1,0.3533,36.899,10.2358,185.0,5.0,3.0,0.5,0.4235,2.0,43985.0,0.3148,4,0,1,0,1,0,0,1,0,1,1,1,0,0,1,0,0,0,600000.0,https://www.mubawab-media.com/ad/8/236/501F/h/s%2B3-12_81246719.avif
23,0.1867,36.8094,10.1414,90.0,3.0,1.0,0.5,0.3144,2.0,2562.03,0.3156,4,0,0,0,1,0,0,1,1,0,1,0,0,1,0,0,0,0,250000.0,https://www.mubawab-media.com/ad/8/254/433F/h/3863d59b-c6f2-4134-824c-a7b553e4de37_7c31e473-5459-4df4-b386-9f8930262c44_81430962.avif
1,0.3533,36.899,10.2358,67.0,2.0,1.0,0.5,0.4235,2.0,43985.0,0.3088,4,0,1,0,1,0,0,1,0,1,1,1,1,1,1,0,0,0,295000.0,https://www.mubawab-media.com/ad/8/281/527F/h/thumb_1234812_property_large_81736890.avif
1,0.3533,36.899,10.2358,143.0,2.0,2.0,0.5,0.4235,2.0,43985.0,0.3073,4,0,0,0,1,0,0,1,0,0,0,0,0,0,0,0,0,0,539000.0,https://www.mubawab-media.com/ad/8/240/804F/h/thumb_1192288_property_large_81290912.avif
23,0.3067,36.8,10.1,134.0,4.0,3.0,0.5,0.3453,2.0,110184.0,0.314,4,0,0,0,0,0,0,1,0,1,1,1,0,0,0,0,0,0,230000.0,https://www.mubawab-media.com/ad/8/222/995F/h/io8wmVl4l3UjJnRr_81101964.avif
1,0.332,36.8665,10.1647,134.0,4.0,3.0,0.5,0.247,2.0,43985.0,0.3363,4,0,1,0,0,0,0,0,0,1,1,0,0,0,0,0,0,0,389354.0,https://www.mubawab-media.com/ad/8/164/247F/h/13_80502768.avif
3,0.32,36.8,10.1,103.0,3.0,2.0,0.5,0.2195,2.0,110184.0,0.2762,4,0,0,0,0,0,0,1,0,0,0,0,0,0,1,1,0,0,326000.0,https://www.mubawab-media.com/ad/8/111/787F/h/02%20%281%29_79962345_79962361.avif
20,0.3067,36.8,10.1,107.0,3.0,2.0,0.5,0.3807,2.0,110184.0,0.318,4,0,1,0,1,0,0,1,0,0,0,0,0,0,1,0,0,0,360000.0,https://www.mubawab-media.com/ad/7/860/876F/h/WhatsApp%20Image%202025-01-14%20at%2014.28.12_79648571.avif
20,0.284,36.8,10.1,102.0,3.0,2.0,0.5,0.3272,2.0,110184.0,0.3232,4,0,1,1,0,0,0,1,0,0,0,0,0,0,1,0,0,0,293000.0,https://www.mubawab-media.com/ad/8/130/938F/h/490521714_1203723311755271_2385834928280733409_n_80141114_80156728.avif
1,0.32,36.8665,10.1647,196.0,4.0,3.0,0.5,0.5305,2.0,43985.0,0.2786,4,0,1,1,1,0,0,1,1,1,1,1,1,1,1,0,0,1,588000.0,https://www.mubawab-media.com/ad/7/678/762F/h/IMG_9421_44982218.avif
1,0.32,36.8665,10.1647,136.0,3.0,2.0,0.5,0.5305,2.0,43985.0,0.318,4,0,1,0,1,0,0,1,1,1,1,1,1,1,0,0,0,0,460000.0,https://www.mubawab-media.com/ad/7/581/901F/h/IMG_5804_81451839.avif
1,0.3533,36.899,10.2358,147.0,4.0,3.0,0.5,0.4235,2.0,43985.0,0.273,4,0,1,0,1,0,0,1,0,1,1,1,1,1,1,0,0,0,450000.0,https://www.mubawab-media.com/ad/8/273/662F/h/thumb_1228881_property_large_81647646.avif
23,0.4,36.8769,10.3247,415.0,3.0,2.0,0.5,0.8015,2.0,2562.03,0.3419,4,0,1,0,1,0,0,1,1,1,1,1,1,0,1,1,0,0,880000.0,https://www.mubawab-media.com/ad/8/251/225F/h/G9U4hBtEqGBeEWrZ-thumb_81397833.avif
1,0.3533,36.899,10.2358,164.0,4.0,3.0,0.5,0.4235,2.0,43985.0,0.3152,4,0,1,0,0,0,0,1,1,1,1,1,1,1,1,1,0,0,862000.0,https://www.mubawab-media.com/ad/8/281/194F/h/34cfd12a-7eb7-4ea2-9c10-c7dc209f58f3_81733791.avif
23,0.4,36.8769,10.3247,114.0,3.0,2.0,0.5,0.8015,2.0,2562.03,0.312,4,0,0,0,1,1,0,1,0,0,0,0,0,0,1,1,0,0,295000.0,https://www.mubawab-media.com/ad/8/125/716F/h/490980037_1643002269678290_5676620632282962904_n_80104555.avif
20,0.3333,36.819,10.2358,115.0,2.0,1.0,0.5,0.517,2.0,43985.0,0.3168,4,0,0,0,0,0,1,0,0,1,1,0,0,0,1,0,0,0,175000.0,https://www.mubawab-media.com/ad/8/278/511F/h/WhatsApp%20Image%202025-12-26%20at%2012.52.07_81700298.avif
1,0.3533,36.899,10.2358,250.0,5.0,4.0,0.5,0.4235,2.0,43985.0,0.3297,4,0,0,0,0,0,0,0,0,0,0,0,0,0,0,1,0,0,720000.0,https://www.mubawab-media.com/ad/8/281/129F/h/thumb_1230302_property_xlarge_81733048.avif
23,0.1867,36.8094,10.1414,465.0,10.0,20.0,0.5,0.3144,2.0,2562.03,0.3273,4,0,0,0,1,0,0,0,0,0,0,0,0,0,1,1,0,0,2000000.0,https://www.mubawab-media.com/ad/7/878/410F/h/WhatsApp%20Image%202024-08-07%20at%209.42.10%20AM%20%281%29_81117349.avif
23,0.4,36.8769,10.3247,132.0,4.0,2.0,0.5,0.8015,2.0,2562.03,0.2778,4,0,1,0,1,0,0,0,1,0,0,0,0,0,1,0,0,0,330000.0,https://www.mubawab-media.com/ad/8/279/419F/h/IMG_8832_81710286.avif
16,0.13,36.8,10.1,100.0,3.0,2.0,0.5,0.2426,2.0,110184.0,0.2778,4,0,0,0,1,0,0,0,1,0,0,0,0,0,0,0,0,0,280000.0,https://www.mubawab-media.com/ad/8/015/361F/h/WhatsApp%20Image%202024-10-01%20%C3%A0%2011.16.01_d25e774f_79018328.avif
16,0.13,36.8,10.1,110.0,3.0,2.0,0.5,0.2426,2.0,110184.0,0.314,4,0,0,0,1,0,0,0,0,0,0,0,0,0,0,0,0,0,235000.0,https://www.mubawab-media.com/ad/8/055/737F/h/WhatsApp%20Image%202024-09-16%20%C3%A0%2016.14.13_1dbf7d4d_79416301.avif
1,0.3533,36.899,10.2358,68.0,1.0,1.0,0.5,0.4235,2.0,43985.0,0.3506,4,0,1,0,0,0,0,1,0,1,0,0,0,0,1,0,0,0,275000.0,https://www.mubawab-media.com/ad/8/280/783F/h/607833596_900255355683396_2402826586607191752_n%20%281%29_81727730.avif
16,0.2833,36.4561,10.7376,130.0,2.0,2.0,0.5,0.4454,2.0,154974.0,0.3132,4,0,1,0,1,1,0,1,0,0,0,0,0,0,0,0,0,1,440000.0,https://www.mubawab-media.com/ad/8/157/939F/h/Sans%20titre74-ink_81616330.avif
20,0.3067,36.8,10.1,95.0,2.0,2.0,0.5,0.3807,2.0,110184.0,0.2762,4,0,1,0,1,0,0,0,0,1,0,0,0,0,1,0,0,0,260000.0,https://www.mubawab-media.com/ad/8/154/439F/h/20250707_174458_80623537.avif
20,0.3333,35.8245,10.6346,115.0,3.0,3.0,0.5,0.2902,2.0,150620.48,0.2786,4,0,0,0,1,1,1,1,0,0,0,0,0,0,1,1,0,0,400000.0,https://www.mubawab-media.com/ad/8/251/915F/h/20251112_163916_81404706.avif
16,0.2833,36.4561,10.7376,64.0,2.0,1.0,0.5,0.4454,2.0,154974.0,0.3188,4,0,1,0,1,1,0,1,1,1,1,1,1,1,1,0,0,1,265000.0,https://www.mubawab-media.com/ad/8/204/355F/h/Sans%20t9-ink_80904859.avif
23,0.6867,36.819,10.1658,89.0,3.0,2.0,0.5,0.5524,2.0,2562.03,0.273,4,0,1,1,1,1,0,1,1,1,1,1,1,1,1,0,0,0,580000.0,https://www.mubawab-media.com/ad/8/115/673F/h/1000095240_80001252.avif
1,0.3533,36.899,10.2358,111.0,3.0,2.0,0.5,0.4235,2.0,43985.0,0.3277,4,0,1,0,1,0,0,1,1,1,1,1,1,1,1,1,0,0,398000.0,https://www.mubawab-media.com/ad/8/280/572F/h/thumb_1233999_property_xlarge_81722058.avif
16,0.32,36.4561,10.7376,113.0,6.0,2.0,0.5,0.4552,2.0,154974.0,0.2798,4,0,0,0,1,1,0,1,1,1,1,1,0,0,1,1,0,0,330000.0,https://www.mubawab-media.com/ad/8/208/299F/h/WhatsApp%20Image%202025-07-14%20at%2011.16.45%20%281%29_80943723.avif
1,0.3533,36.899,10.2358,117.0,2.0,2.0,0.5,0.4235,2.0,43985.0,0.3245,4,0,1,0,1,0,0,1,1,1,1,1,1,1,1,0,0,0,530000.0,https://www.mubawab-media.com/ad/8/225/920F/h/thumb_1174014_property_large_81133086.avif
23,0.4,36.8769,10.3247,122.0,4.0,3.0,0.5,0.8015,2.0,2562.03,0.3541,4,0,0,0,1,0,0,1,0,0,1,1,0,0,0,0,0,0,540000.0,https://www.mubawab-media.com/ad/8/258/784F/h/Messenger_creation_B01D5495-5DC3-4A61-BA04-C1F1A38C5DF9_81475359.avif
3,0.32,36.8,10.1,134.0,4.0,3.0,0.5,0.2195,2.0,110184.0,0.32,4,0,0,0,0,0,0,1,0,0,0,0,0,0,1,1,0,0,424000.0,https://www.mubawab-media.com/ad/8/111/788F/h/02%20%281%29_79962345_79962364.avif
20,0.3067,36.8,10.1,133.0,3.0,2.0,0.5,0.3807,2.0,110184.0,0.3208,4,0,1,0,1,0,0,1,0,0,0,0,0,0,1,0,0,0,450000.0,https://www.mubawab-media.com/ad/7/860/877F/h/WhatsApp%20Image%202025-04-17%20at%2017.22.58%20%286%29_80703799.avif
20,0.284,36.8,10.1,114.0,3.0,2.0,0.5,0.3272,2.0,110184.0,0.3345,4,0,1,0,0,0,0,1,0,0,0,0,0,0,1,0,0,0,330000.0,https://www.mubawab-media.com/ad/8/130/940F/h/490521714_1203723311755271_2385834928280733409_n_80141114_80156776.avif
1,0.32,36.8665,10.1647,70.0,2.0,1.0,0.5,0.5305,2.0,43985.0,0.3309,4,0,1,0,0,1,0,1,0,1,0,0,0,0,0,1,0,0,317000.0,https://www.mubawab-media.com/ad/8/248/434F/h/C21%20%281%29_page-0001_81368653.avif
1,0.332,36.8665,10.1647,90.0,3.0,2.0,0.5,0.247,2.0,43985.0,0.314,4,0,1,0,0,0,0,1,1,1,1,1,0,0,1,1,0,0,270000.0,https://www.mubawab-media.com/ad/7/966/175F/h/IMG_0998_80131625.avif
23,0.092,36.8,10.1,100.0,2.0,2.0,0.5,0.3155,2.0,110184.0,0.3239,4,0,1,0,1,0,0,1,1,1,1,1,1,1,1,0,0,0,270000.0,https://www.mubawab-media.com/ad/8/118/921F/h/69864804_436766477046777_7011560657912856576_n_80036100.avif
8,0.1422,35.6781,10.0963,70.0,2.0,1.0,0.5,0.2424,2.0,178346.92,0.2778,4,0,0,0,0,0,0,0,0,0,0,0,0,0,0,0,0,0,100000.0,https://www.mubawab-media.com/ad/8/048/382F/h/WhatsApp%20Image%202024-11-30%20at%2012.34.55%20%281%29_79341499.avif
8,0.1422,35.6781,10.0963,50.0,1.0,2.0,0.5,0.2424,2.0,178346.92,0.2758,4,0,0,0,0,0,0,0,0,0,0,0,0,0,0,0,0,0,90000.0,https://www.mubawab-media.com/ad/7/895/613F/h/WhatsApp%20Image%202024-12-03%20at%2015.02.26%20%281%29_79880222.avif
8,0.1422,35.6781,10.0963,180.0,3.0,2.0,0.5,0.2424,2.0,178346.92,0.3569,4,0,0,0,1,0,0,0,1,0,0,0,1,1,0,0,0,0,280000.0,https://www.mubawab-media.com/ad/8/210/896F/h/gallery%20-%20Copie_80973781.avif
1,0.32,36.8665,10.1647,97.0,2.0,2.0,0.5,0.5305,2.0,43985.0,0.2718,3,0,1,0,1,0,0,1,1,1,1,1,0,0,0,0,0,1,320000.0,https://www.mubawab-media.com/ad/8/277/752F/h/IMG_7793_81691670.avif
23,0.092,36.8,10.1,67.0,3.0,2.0,0.5,0.3155,2.0,110184.0,0.2766,4,0,0,0,0,0,0,1,0,0,0,0,0,0,0,0,0,0,125000.0,https://www.mubawab-media.com/ad/8/280/281F/h/IMG_5621_81719912.avif
20,0.26,35.8245,10.6346,77.0,3.0,2.0,0.5,0.517,2.0,150620.48,0.2694,4,0,0,0,1,0,0,0,0,0,0,0,0,0,0,0,0,0,70000.0,https://www.mubawab-media.com/ad/8/280/319F/h/gallery_81719451.avif
1,0.2933,36.8665,10.1647,300.0,1.0,2.0,0.5,0.2426,2.0,43985.0,0.314,4,0,0,0,0,0,0,0,0,0,0,0,1,0,0,0,0,0,700000.0,https://www.mubawab-media.com/ad/8/280/307F/h/1000017519_81719390.avif
20,0.1333,36.8,10.1,120.0,3.0,2.0,0.5,0.2413,2.0,110184.0,0.277,4,0,1,1,1,0,1,0,0,0,0,0,0,0,1,0,0,0,360000.0,https://www.mubawab-media.com/ad/8/280/140F/h/IMG_0597_81717847.avif
23,0.4,36.8769,10.3247,180.0,4.0,3.0,0.5,0.8015,2.0,2562.03,0.286,4,0,0,0,1,1,0,1,0,0,0,0,0,0,0,1,0,0,670000.0,https://www.mubawab-media.com/ad/8/128/492F/h/491218692_998750632371900_8221766512476952696_n_80131978.avif
23,0.4,36.8769,10.3247,90.0,3.0,2.0,0.5,0.8015,2.0,2562.03,0.2848,4,0,0,0,1,0,0,1,0,0,0,0,0,0,1,0,0,0,275000.0,https://www.mubawab-media.com/ad/8/263/464F/h/589624938_850163784421696_2677955262770278580_n_81533280.avif
23,0.4,36.8769,10.3247,120.0,4.0,3.0,0.5,0.8015,2.0,2562.03,0.277,4,0,0,0,1,1,0,1,0,0,0,0,0,0,0,1,0,0,435000.0,https://www.mubawab-media.com/ad/8/179/272F/h/516467818_1068087705291403_199750024724188530_n_80655434.avif
23,0.4,36.8769,10.3247,63.0,2.0,1.0,0.5,0.8015,2.0,2562.03,0.3012,4,0,1,0,1,1,0,0,0,0,0,0,0,0,1,1,0,0,330000.0,https://www.mubawab-media.com/ad/8/098/126F/h/473772713_1510340299645009_3872911771178024646_n_79827647.avif
23,0.4,36.8769,10.3247,350.0,5.0,4.0,0.5,0.8015,2.0,2562.03,0.3459,4,0,1,0,1,1,0,1,0,0,0,0,0,0,1,1,0,0,1870000.0,https://www.mubawab-media.com/ad/7/852/062F/h/IMG-20240116-WA0078_65497719_66106737.avif
23,0.1733,36.819,10.1658,85.0,3.0,2.0,0.5,0.6863,2.0,2562.03,0.2782,4,0,0,0,0,0,0,0,0,0,0,1,0,0,0,0,0,0,140000.0,https://www.mubawab-media.com/ad/8/250/064F/h/f1b8d488-2d27-4d6f-aaf0-debcd3fd2a2f_03a1fbdc-6818-4471-95b6-4662c45f9fb0_81386651.avif
23,0.092,36.8,10.1,74.0,3.0,2.0,0.5,0.3155,2.0,110184.0,0.3144,4,0,0,0,1,0,0,0,0,0,0,0,0,0,0,0,0,0,125000.0,https://www.mubawab-media.com/ad/8/279/805F/h/9f9862bd-ca37-4f7c-8a04-56ef675ca05f_81714235.avif
20,0.26,35.8245,10.6346,90.0,1.0,2.0,0.5,0.517,2.0,150620.48,0.2754,4,0,0,0,0,0,0,0,0,1,0,1,0,0,0,0,0,0,79000.0,https://www.mubawab-media.com/ad/8/239/482F/h/Brown%20Monochrome%20Simple%20Elegant%20Interior%20Design%20Promotion%20Instagram%20Post%20%283%29_81714102.avif
1,0.3533,36.899,10.2358,49.0,2.0,2.0,0.5,0.4235,2.0,43985.0,0.3184,4,0,0,0,0,0,0,1,0,0,0,0,0,0,0,0,0,0,211000.0,https://www.mubawab-media.com/ad/8/267/157F/h/thumb_1220645_property_xlarge_81579107.avif
20,0.3067,36.8,10.1,250.0,3.0,3.0,0.5,0.3807,2.0,110184.0,0.2778,4,0,0,0,1,0,0,0,0,1,1,1,0,0,0,0,0,0,550000.0,https://www.mubawab-media.com/ad/8/159/609F/h/1_80455417.avif
1,0.332,36.8665,10.1647,142.0,4.0,3.0,0.5,0.247,2.0,43985.0,0.3114,4,0,1,0,0,0,0,0,0,1,1,0,0,0,0,0,0,0,407000.0,https://www.mubawab-media.com/ad/8/164/257F/h/Copy%20of%20O16%20project%2008_80502890.avif
20,0.3067,36.8,10.1,71.0,1.0,1.0,0.5,0.3807,2.0,110184.0,0.2774,4,0,1,0,1,0,0,0,0,0,0,0,0,0,0,0,0,0,245000.0,https://www.mubawab-media.com/ad/7/860/911F/h/WhatsApp%20Image%202023-11-07%20at%2014.34.14%20%281%29_60297147_67344707.avif
20,0.284,36.8,10.1,119.0,3.0,2.0,0.5,0.3272,2.0,110184.0,0.3353,4,0,1,0,0,0,0,1,0,0,0,0,0,0,1,0,0,0,340000.0,https://www.mubawab-media.com/ad/8/130/941F/h/490521714_1203723311755271_2385834928280733409_n_80141114_80156802.avif
1,0.3533,36.899,10.2358,62.0,2.0,1.0,0.5,0.4235,2.0,43985.0,0.3297,4,0,0,0,0,0,0,1,1,1,1,0,0,0,0,1,0,0,294380.0,https://www.mubawab-media.com/ad/8/185/332F/h/5D_80715445.avif
1,0.332,36.8665,10.1647,107.0,3.0,2.0,0.5,0.247,2.0,43985.0,0.324,4,0,1,0,0,0,0,1,1,1,1,0,0,0,1,1,0,0,321000.0,https://www.mubawab-media.com/ad/7/966/176F/h/IMG_1082_80131652.avif
1,0.332,36.819,10.2358,115.0,3.0,2.0,0.5,0.517,2.0,43985.0,0.3168,4,0,0,0,0,0,0,0,0,0,0,0,0,0,0,0,0,0,369000.0,nan
3,0.14,36.8,10.1,128.0,3.0,3.0,0.5,0.2793,2.0,110184.0,0.3168,4,0,1,0,0,0,0,1,0,0,1,0,0,0,0,0,0,0,260000.0,https://www.mubawab-media.com/ad/8/199/168F/h/thumb_1144635_property_large_80853493.avif
16,0.32,36.4561,10.7376,160.0,4.0,3.0,0.5,0.4552,2.0,154974.0,0.2774,4,0,0,1,1,0,0,0,1,1,1,1,1,1,1,0,0,1,490000.0,https://www.mubawab-media.com/ad/8/080/519F/h/11-4_80068518.avif
23,0.4,36.8769,10.3247,220.0,4.0,3.0,0.5,0.8015,2.0,2562.03,0.3643,4,0,0,0,1,1,0,1,1,1,1,1,1,1,1,1,0,0,1700000.0,https://www.mubawab-media.com/ad/8/226/744F/h/image_1_81141200.avif
23,0.4,36.8769,10.3247,183.0,4.0,3.0,0.5,0.8015,2.0,2562.03,0.3285,4,0,1,0,1,0,1,1,1,1,1,1,1,1,1,0,0,0,1750000.0,https://www.mubawab-media.com/ad/8/257/856F/h/image_1_81465461.avif
23,0.6867,36.819,10.1658,115.0,4.0,3.0,0.5,0.5524,2.0,2562.03,0.2992,4,0,1,0,1,0,0,1,1,1,1,1,1,1,1,0,0,0,918000.0,https://www.mubawab-media.com/ad/8/167/242F/h/image_1_80532530.avif
23,0.4,36.8769,10.3247,187.0,3.0,3.0,0.5,0.8015,2.0,2562.03,0.3156,4,0,1,0,1,0,0,1,1,1,1,1,1,1,1,0,0,0,390000.0,https://www.mubawab-media.com/ad/8/245/116F/h/photo_00_81336555.avif
3,0.04,36.7293,10.3349,260.0,1.0,3.0,0.5,0.2303,2.0,114262.5,0.324,4,0,0,1,1,0,1,0,0,0,0,0,0,0,0,0,0,1,420000.0,https://www.mubawab-media.com/ad/8/279/508F/h/1000063513_81711069.avif
16,0.13,36.8,10.1,160.0,4.0,3.0,0.5,0.2426,2.0,110184.0,0.312,4,0,0,0,1,0,0,0,0,1,0,1,0,0,0,0,0,0,320000.0,https://www.mubawab-media.com/ad/8/279/457F/h/L_5896c350-9fa0-4f8f-96f4-a57af6979615_81710803.avif
23,0.4,36.819,10.2358,208.0,1.0,1.0,0.5,0.517,2.0,43985.0,0.3168,4,0,0,1,1,0,0,1,0,0,0,0,0,0,0,0,0,0,2200000.0,https://www.mubawab-media.com/ad/8/279/443F/h/Sans%20titre14_81710534.avif
23,0.4,36.8769,10.3247,50.0,3.0,1.0,0.5,0.8015,2.0,2562.03,0.3289,4,0,1,0,1,0,0,1,0,0,0,0,0,0,1,0,0,0,240000.0,https://www.mubawab-media.com/ad/8/250/758F/h/photo_0_81427523.avif
16,0.13,36.8,10.1,100.0,2.0,2.0,0.5,0.2426,2.0,110184.0,0.3184,4,0,0,0,0,0,0,0,0,0,0,0,0,0,0,0,0,0,240000.0,https://www.mubawab-media.com/ad/8/053/295F/h/4d656115-d9f7-41c2-8131-be874c6146c7_79391834.avif
20,0.3067,36.8,10.1,100.0,3.0,3.0,0.5,0.3807,2.0,110184.0,0.3212,3,0,0,0,0,0,0,1,0,0,0,0,0,0,0,0,0,0,185000.0,https://www.mubawab-media.com/ad/8/279/275F/h/photo_00_81708954.avif
23,0.4,36.8769,10.3247,60.0,1.0,1.0,0.5,0.8015,2.0,2562.03,0.2718,4,0,0,0,1,0,0,1,0,1,1,0,0,0,0,0,0,0,226000.0,https://www.mubawab-media.com/ad/8/279/125F/h/thumb_1233248_property_large_81707005.avif
20,0.32,36.8,10.1,67.0,2.0,1.0,0.5,0.3244,2.0,110184.0,0.3273,4,0,0,1,1,0,1,0,0,1,0,0,0,0,0,0,0,0,208000.0,https://www.mubawab-media.com/ad/8/279/058F/h/IMG_8817_81706385.avif
3,0.0933,36.7533,10.2283,81.0,3.0,2.0,0.5,0.2965,2.0,114262.5,0.2694,4,0,0,1,1,0,0,0,0,1,1,0,0,0,0,0,0,0,285000.0,https://www.mubawab-media.com/ad/8/279/009F/h/gallery_81705879.avif
23,0.4,36.8769,10.3247,232.0,4.0,3.0,0.5,0.8015,2.0,2562.03,0.3148,4,0,1,0,1,0,0,0,1,1,1,1,0,0,0,0,0,0,990000.0,https://www.mubawab-media.com/ad/8/035/588F/h/22f73f0d-1a27-42f8-a375-e075054a935b_c5c73f61-cb59-4756-a01b-07ea1fc98ed0_79214009.avif
1,0.3533,36.899,10.2358,100.0,4.0,3.0,0.5,0.4235,2.0,43985.0,0.2782,4,0,0,0,1,0,0,1,0,0,0,0,0,0,0,0,0,0,139000.0,https://www.mubawab-media.com/ad/8/043/636F/h/WhatsApp%20Image%202024-09-07%20at%2014.16.12%20%281%29_79309925.avif
16,0.32,36.4561,10.7376,120.0,2.0,1.0,0.5,0.4552,2.0,154974.0,0.2754,4,0,0,1,1,0,1,1,1,1,1,1,1,1,1,0,0,1,320000.0,https://www.mubawab-media.com/ad/8/245/854F/h/294228ab-5297-4236-90b8-49f5cf80b419_81343937.avif
20,0.3067,35.8604,10.5953,200.0,2.0,2.0,0.5,0.3642,2.0,150620.48,0.2794,4,0,1,0,1,0,1,1,1,1,1,0,1,1,0,0,0,1,1500000.0,https://www.mubawab-media.com/ad/8/234/800F/h/thumb_51896_property_xlarge_81229121.avif
1,0.32,36.8665,10.1647,62.0,3.0,1.0,0.5,0.5305,2.0,43985.0,0.3228,4,0,1,0,0,0,0,0,0,1,1,1,1,1,1,0,0,0,210000.0,https://www.mubawab-media.com/ad/8/278/785F/h/photo_00_81703274.avif
23,0.4,36.8769,10.3247,115.0,4.0,4.0,0.5,0.8015,2.0,2562.03,0.2848,4,0,1,0,1,0,0,1,1,1,1,1,1,1,1,0,0,0,550000.0,https://www.mubawab-media.com/ad/8/248/538F/h/9affc01e-d170-40ad-9ad8-65a8ca418d25_81369893.avif
20,0.284,36.8,10.1,121.0,3.0,2.0,0.5,0.3272,2.0,110184.0,0.3349,4,0,1,0,0,0,0,1,0,0,0,0,0,0,1,0,0,0,348000.0,https://www.mubawab-media.com/ad/8/130/942F/h/490521714_1203723311755271_2385834928280733409_n_80141114_80156829.avif
1,0.332,36.8665,10.1647,140.0,4.0,3.0,0.5,0.247,2.0,43985.0,0.3329,4,0,1,0,1,0,0,1,0,0,0,0,0,0,1,1,0,0,397000.0,https://www.mubawab-media.com/ad/7/966/177F/h/IMG_1024_80131696.avif
23,0.4,36.819,10.2358,115.0,3.0,2.0,0.5,0.517,2.0,43985.0,0.3168,4,0,0,0,0,0,0,0,0,0,0,0,0,0,0,0,0,0,890000.0,nan
20,0.3067,36.8,10.1,128.0,5.0,2.0,0.5,0.3807,2.0,110184.0,0.2762,4,0,1,0,1,0,0,1,1,1,1,1,1,1,1,0,0,0,423000.0,https://www.mubawab-media.com/ad/8/284/565F/h/Copie%20de%201_Artboard%204_81765287_81765302.avif
1,0.32,36.8665,10.1647,50.0,2.0,1.0,0.5,0.5305,2.0,43985.0,0.2742,4,0,1,0,0,0,0,1,1,1,1,1,0,0,0,0,0,0,185000.0,https://www.mubawab-media.com/ad/8/233/393F/h/WhatsApp%20Image%202025-09-01%20at%2022.25.42_81214987.avif
23,0.4,36.8769,10.3247,130.0,2.0,1.0,0.5,0.8015,2.0,2562.03,0.3422,4,0,1,0,0,0,0,0,1,1,1,1,0,0,1,0,0,0,418000.0,https://www.mubawab-media.com/ad/8/106/377F/h/thumb_1033851_property_large_79908449.avif
23,0.4,36.8769,10.3247,107.0,4.0,3.0,0.5,0.8015,2.0,2562.03,0.2742,4,0,0,0,1,0,0,1,0,1,1,1,1,1,1,0,0,0,380000.0,https://www.mubawab-media.com/ad/8/246/346F/h/thumb_1198530_property_xlarge_81348680.avif
23,0.4,36.8769,10.3247,145.0,4.0,3.0,0.5,0.8015,2.0,2562.03,0.2738,4,0,1,0,1,0,0,1,1,1,1,1,1,1,1,0,0,0,370000.0,https://www.mubawab-media.com/ad/8/242/996F/h/IMG_9377_81312003.avif
1,0.3533,36.899,10.2358,155.0,3.0,2.0,0.5,0.4235,2.0,43985.0,0.2694,4,0,0,0,0,0,0,0,1,1,1,0,0,0,0,0,0,0,310000.0,https://www.mubawab-media.com/ad/8/271/222F/h/gallery_81621555.avif
3,0.0933,36.7533,10.2283,109.0,3.0,2.0,0.5,0.2965,2.0,114262.5,0.2694,4,0,0,0,1,0,0,0,0,0,1,0,0,0,0,0,0,0,280000.0,https://www.mubawab-media.com/ad/8/278/623F/h/gallery_81701432.avif
20,0.26,35.8245,10.6346,181.0,3.0,2.0,0.5,0.517,2.0,150620.48,0.3487,4,0,1,1,1,0,0,0,0,0,0,0,0,0,0,0,0,0,566500.0,https://www.mubawab-media.com/ad/7/880/999F/h/thumb_721831_property_xlarge_70230517.avif
20,0.1333,36.8,10.1,50.0,3.0,2.0,0.5,0.2413,2.0,110184.0,0.2762,4,0,0,0,1,0,1,0,0,1,0,1,0,0,0,0,0,0,175000.0,https://www.mubawab-media.com/ad/8/273/907F/h/Picture-86519418-1-watermark_81650117.avif
20,0.3333,35.8245,10.6346,110.0,3.0,2.0,0.5,0.2902,2.0,150620.48,0.3168,4,0,0,0,1,0,0,0,0,0,0,0,0,0,0,0,0,0,255000.0,https://www.mubawab-media.com/ad/8/125/876F/h/Picture-85845544-7-watermark_80106359.avif
20,0.3067,36.8,10.1,107.0,3.0,2.0,0.5,0.3807,2.0,110184.0,0.2774,4,0,1,0,1,0,0,0,0,1,0,0,0,0,1,0,0,0,345050.0,https://www.mubawab-media.com/ad/8/211/153F/h/Picture-86198359-3-watermark_80976548.avif
23,0.6867,36.819,10.1658,327.0,5.0,4.0,0.5,0.5524,2.0,2562.03,0.3666,4,0,1,0,1,0,0,1,0,0,0,0,0,0,1,1,0,0,1889000.0,https://www.mubawab-media.com/ad/8/227/665F/h/thumb_1175498_property_large_81152171.avif
20,0.3067,35.8604,10.5953,65.0,2.0,2.0,0.5,0.3642,2.0,150620.48,0.2766,4,0,0,0,0,0,0,0,0,0,0,0,0,0,0,0,0,0,159000.0,https://www.mubawab-media.com/ad/8/269/966F/h/1765364536185_81608322.avif
16,0.32,36.4561,10.7376,77.0,1.0,1.0,0.5,0.4552,2.0,154974.0,0.3419,4,0,1,0,1,0,0,1,0,0,0,0,0,0,0,0,0,1,320000.0,https://www.mubawab-media.com/ad/8/025/772F/h/462648962_1318506585995815_4162690503350772912_n-ink_79116945.avif
23,0.4,36.8769,10.3247,68.0,2.0,1.0,0.5,0.8015,2.0,2562.03,0.3148,4,0,1,0,1,0,0,1,0,0,0,0,0,0,1,0,0,0,250000.0,https://www.mubawab-media.com/ad/8/272/460F/h/WhatsApp%20Image%202025-11-21%20at%202.42.09%20PM_81634608.avif
2,0.2367,36.819,10.2358,1000.0,11.0,19.0,0.5,0.517,2.0,43985.0,0.3168,4,0,0,0,0,0,0,0,0,0,0,0,0,0,0,0,0,0,3600000.0,https://www.mubawab-media.com/ad/8/242/649F/h/9701a089-bca2-406d-a1ee-72fec832b692_GF_81308479.avif
23,0.1867,36.8094,10.1414,70.0,2.0,2.0,0.5,0.3144,2.0,2562.03,0.318,4,0,0,0,1,0,0,0,0,0,1,0,0,0,0,0,0,1,130000.0,https://www.mubawab-media.com/ad/8/278/413F/h/S2_khaznadar_titre_individuel_5_81699186.avif
1,0.3533,36.899,10.2358,60.0,1.0,1.0,0.5,0.4235,2.0,43985.0,0.312,4,0,1,0,0,0,0,1,0,1,1,1,1,1,1,0,0,0,275000.0,https://www.mubawab-media.com/ad/8/278/339F/h/1bcdffb6-c584-4a30-be1b-00f4fd993868_81698484.avif
23,0.0867,36.8,10.1,86.0,1.0,2.0,0.5,0.2194,2.0,110184.0,0.2694,4,0,0,0,1,0,0,0,0,0,0,1,0,0,0,0,0,0,140000.0,https://www.mubawab-media.com/ad/8/254/766F/h/gallery_81434221.avif
23,0.4,36.8769,10.3247,204.0,5.0,5.0,0.5,0.8015,2.0,2562.03,0.277,4,0,0,0,0,0,0,1,0,0,0,1,0,0,0,0,0,0,465000.0,https://www.mubawab-media.com/ad/8/248/280F/h/thumb_1200252_property_xlarge_81367126.avif
16,0.32,36.4561,10.7376,80.0,2.0,1.0,0.5,0.4552,2.0,154974.0,0.3144,4,0,0,0,0,0,0,1,0,1,0,1,0,0,0,0,0,0,250000.0,https://www.mubawab-media.com/ad/8/225/171F/h/WhatsApp%20Image%202025-09-26%20%C3%A0%2012.24.04_b7e90cee_81125638.avif
1,0.3533,36.899,10.2358,126.0,3.0,2.0,0.5,0.4235,2.0,43985.0,0.3148,4,0,1,0,1,0,0,1,1,1,1,1,1,1,1,1,0,0,399000.0,https://www.mubawab-media.com/ad/8/241/529F/h/WhatsApp%20Image%202025-10-24%20at%2011.36.34%20AM_81297645.avif
1,0.3533,36.899,10.2358,63.0,2.0,1.0,0.5,0.4235,2.0,43985.0,0.341,4,0,1,0,1,1,0,1,1,1,1,1,1,1,1,1,0,0,257000.0,https://www.mubawab-media.com/ad/8/241/528F/h/WhatsApp%20Image%202025-10-24%20at%2011.28.55%20AM_81297619.avif
1,0.332,36.8665,10.1647,106.0,3.0,2.0,0.5,0.247,2.0,43985.0,0.3626,1,0,1,0,1,0,0,0,0,1,0,0,0,0,0,0,0,0,319000.0,https://www.mubawab-media.com/ad/8/164/271F/h/O16%20project%20nuit%2002_81821799.avif
20,0.284,36.8,10.1,116.0,3.0,2.0,0.5,0.3272,2.0,110184.0,0.3236,4,0,1,1,0,0,0,1,0,0,0,0,0,0,1,0,0,0,333000.0,https://www.mubawab-media.com/ad/8/130/943F/h/490521714_1203723311755271_2385834928280733409_n_80141114_80156846.avif
1,0.3533,36.899,10.2358,160.0,4.0,3.0,0.5,0.4235,2.0,43985.0,0.2774,4,0,1,0,0,0,0,1,0,1,0,0,0,0,0,0,0,0,699100.0,https://www.mubawab-media.com/ad/8/186/650F/h/4B_80730062.avif
1,0.332,36.8665,10.1647,160.0,4.0,3.0,0.5,0.247,2.0,43985.0,0.3275,4,0,1,0,0,0,0,1,0,1,0,0,0,0,1,1,0,0,550000.0,https://www.mubawab-media.com/ad/7/966/178F/h/FB%20%284%29_78523587_78523756.avif
23,0.4,36.819,10.2358,115.0,3.0,2.0,0.5,0.517,2.0,43985.0,0.3168,4,0,0,0,0,0,0,0,0,0,0,0,0,0,0,0,0,0,890000.0,nan
20,0.3067,36.8,10.1,150.0,6.0,2.0,0.5,0.3807,2.0,110184.0,0.2762,4,0,1,0,1,0,0,1,1,1,1,1,1,1,1,0,0,0,465000.0,https://www.mubawab-media.com/ad/8/285/742F/h/Copie%20de%201_Artboard%204_81765287_81777688.avif
23,0.1733,36.819,10.1658,155.0,3.0,3.0,0.5,0.6863,2.0,2562.03,0.3305,4,0,1,0,1,1,0,0,1,1,1,1,0,0,1,0,0,0,767000.0,https://www.mubawab-media.com/ad/8/205/427F/h/1000247971_80915250.avif
23,0.4,36.8769,10.3247,154.0,3.0,2.0,0.5,0.8015,2.0,2562.03,0.2718,4,0,0,0,1,0,0,0,1,1,1,1,1,1,1,0,0,0,595000.0,https://www.mubawab-media.com/ad/8/106/005F/h/2074837d-9845-4080-82bb-7b46555ac69b_79904946.avif
1,0.332,36.8665,10.1647,66.0,1.0,1.0,0.5,0.247,2.0,43985.0,0.3597,4,0,0,0,1,0,0,1,1,0,1,1,0,0,1,0,0,0,198300.0,https://www.mubawab-media.com/ad/8/181/195F/h/thumb_1127339_property_large_80674449.avif
1,0.3533,36.899,10.2358,304.0,5.0,4.0,0.5,0.4235,2.0,43985.0,0.3192,4,0,1,0,1,0,0,1,1,1,1,1,1,1,1,1,0,0,1200000.0,https://www.mubawab-media.com/ad/8/278/013F/h/WhatsApp%20Image%202025-12-24%20at%2017.35.54_81694570.avif
1,0.3533,36.899,10.2358,170.0,3.0,3.0,0.5,0.4235,2.0,43985.0,0.314,4,0,0,0,1,0,0,1,1,1,1,1,1,1,1,0,0,0,700000.0,https://www.mubawab-media.com/ad/8/100/281F/h/DD7CC9FD-CE94-49B7-B6DA-183CADBA33A7_1_105_c_79848598.avif
16,0.32,36.4561,10.7376,98.0,3.0,2.0,0.5,0.4552,2.0,154974.0,0.2778,4,0,1,0,1,1,0,1,0,0,0,0,0,0,1,1,0,0,390000.0,https://www.mubawab-media.com/ad/8/276/676F/h/04e12e56-25c0-4135-8f68-74726aa436ce_81679658.avif
16,0.2833,36.4561,10.7376,217.0,3.0,2.0,0.5,0.4454,2.0,154974.0,0.3164,4,0,0,0,1,0,1,1,0,0,0,0,0,0,0,1,0,1,590000.0,https://www.mubawab-media.com/ad/8/106/482F/h/482090228_1423345359075958_2094219884791804286_n-ink_79909513.avif
23,0.32,36.844,10.192,600.0,8.0,6.0,0.5,0.3403,2.0,43985.0,0.3565,4,0,0,0,1,0,0,1,0,1,1,0,0,0,0,1,0,0,1599000.0,https://www.mubawab-media.com/ad/8/276/525F/h/IMG_20251224_154321_81678154.avif
23,0.4,36.8769,10.3247,97.0,2.0,2.0,0.5,0.8015,2.0,2562.03,0.2738,3,0,1,0,1,1,0,1,0,0,0,0,0,0,1,0,0,0,440000.0,https://www.mubawab-media.com/ad/8/277/898F/h/IMG_0050_81693129.avif
23,0.4,36.8769,10.3247,149.0,4.0,4.0,0.5,0.8015,2.0,2562.03,0.277,4,0,0,0,1,0,0,0,0,0,0,1,0,0,0,0,0,0,360000.0,https://www.mubawab-media.com/ad/8/156/276F/h/thumb_1104807_property_xlarge_80421028.avif
1,0.32,36.8665,10.1647,126.0,3.0,2.0,0.5,0.5305,2.0,43985.0,0.2694,4,0,1,0,1,0,0,0,1,0,0,0,0,0,0,0,0,0,280000.0,https://www.mubawab-media.com/ad/8/277/864F/h/gallery_81692777.avif
1,0.32,36.8665,10.1647,146.0,3.0,2.0,0.5,0.5305,2.0,43985.0,0.2694,4,0,1,0,0,0,0,0,0,0,1,0,0,0,0,0,0,0,320000.0,https://www.mubawab-media.com/ad/8/277/863F/h/gallery_81692768.avif
23,0.1467,36.8,10.1,125.0,4.0,3.0,0.5,0.3123,2.0,110184.0,0.3362,4,0,0,0,0,0,0,0,0,0,0,0,0,0,0,0,0,0,290000.0,https://www.mubawab-media.com/ad/8/255/873F/h/img001_81445748.avif
23,0.4,36.8769,10.3247,125.0,1.0,2.0,0.5,0.8015,2.0,2562.03,0.2786,4,0,1,0,1,0,0,0,0,1,0,0,0,0,0,0,0,0,380000.0,https://www.mubawab-media.com/ad/8/277/557F/h/582851423_791005287253238_1555322955272412649_n_81689680.avif
23,0.4,36.8769,10.3247,113.0,3.0,4.0,0.5,0.8015,2.0,2562.03,0.3461,4,0,0,0,1,0,0,0,1,1,1,1,0,0,0,0,0,0,650000.0,https://www.mubawab-media.com/ad/8/128/383F/h/thumb_1070132_property_xlarge_80130717.avif
20,0.3333,35.8245,10.6346,85.0,3.0,2.0,0.5,0.2902,2.0,150620.48,0.3412,4,0,0,0,1,1,1,0,1,1,1,1,1,1,1,1,0,0,330000.0,https://www.mubawab-media.com/ad/8/265/992F/h/WhatsApp%20Image%202025-12-03%20%C3%A0%2010.21.22_64840fb8_81563147.avif
20,0.3067,36.8,10.1,68.0,2.0,1.0,0.5,0.3807,2.0,110184.0,0.3366,3,0,1,0,1,0,0,1,1,1,1,1,1,1,1,0,0,0,217600.0,https://www.mubawab-media.com/ad/8/137/482F/h/WhatsApp%20Image%202025-05-06%20%C3%A0%2010.28.46_ff51512a_80223417.avif
20,0.284,36.8,10.1,114.0,3.0,2.0,0.5,0.3272,2.0,110184.0,0.3605,4,0,1,0,1,0,1,1,1,1,1,1,1,1,1,0,0,0,310000.0,https://www.mubawab-media.com/ad/8/240/463F/h/WhatsApp%20Image%202025-10-20%20%C3%A0%2017.14.46_ad72ace1_81287323.avif
23,0.4,36.8769,10.3247,157.0,4.0,3.0,0.5,0.8015,2.0,2562.03,0.3277,4,0,1,0,0,0,0,1,0,1,1,1,1,1,1,1,0,0,780000.0,https://www.mubawab-media.com/ad/8/276/404F/h/Hall%20d%27entr%C3%A9e_81689209.avif
23,0.4,36.8769,10.3247,77.0,1.0,1.0,0.5,0.8015,2.0,2562.03,0.2786,4,0,1,1,1,0,0,0,1,1,1,1,0,0,1,0,0,0,258000.0,https://www.mubawab-media.com/ad/8/277/481F/h/598158598_1157750862788553_999108510772039996_n_81688971.avif
20,0.284,36.8,10.1,98.0,3.0,2.0,0.5,0.3272,2.0,110184.0,0.3236,4,0,1,0,0,0,0,1,0,0,0,0,0,0,1,0,0,0,282000.0,https://www.mubawab-media.com/ad/8/130/944F/h/490521714_1203723311755271_2385834928280733409_n_80141114_80156876.avif
1,0.32,36.8665,10.1647,211.0,4.0,3.0,0.5,0.5305,2.0,43985.0,0.3361,4,0,1,0,0,1,0,1,0,1,0,0,0,0,0,1,0,0,676000.0,https://www.mubawab-media.com/ad/8/248/462F/h/Le%20cesar_81363484_81369021.avif
1,0.3533,36.899,10.2358,61.0,2.0,1.0,0.5,0.4235,2.0,43985.0,0.3152,4,0,1,0,0,0,0,1,0,1,0,0,0,0,0,0,0,0,277970.0,https://www.mubawab-media.com/ad/8/186/658F/h/5F_80730184.avif
20,0.3067,36.8,10.1,169.0,7.0,3.0,0.5,0.3807,2.0,110184.0,0.2762,4,0,1,0,1,0,0,1,0,0,0,0,0,0,1,0,0,0,523000.0,https://www.mubawab-media.com/ad/8/286/455F/h/Copie%20de%201_Artboard%204_81784991.avif
1,0.332,36.8665,10.1647,175.0,4.0,3.0,0.5,0.247,2.0,43985.0,0.2722,4,0,1,0,1,0,0,1,1,1,1,0,1,0,1,1,0,0,599700.0,https://www.mubawab-media.com/ad/7/731/742F/h/image_6483441%20%282%29_51139696.avif
23,0.4,36.819,10.2358,115.0,3.0,2.0,0.5,0.517,2.0,43985.0,0.3168,4,0,0,0,0,0,0,0,0,0,0,0,0,0,0,0,0,0,890000.0,nan
4,0.24,37.2744,9.8739,61.0,2.0,1.0,0.5,0.4278,2.0,61540.22,0.3277,4,0,0,0,0,0,1,0,1,1,1,1,1,0,1,0,0,0,244000.0,https://www.mubawab-media.com/ad/7/582/018F/h/facade4%20%281%29_35358774.avif
12,0.2367,35.5047,11.0622,150.0,3.0,2.0,0.5,0.2237,2.0,1278.45,0.2738,4,0,0,0,1,0,0,0,0,0,0,0,0,0,0,0,0,0,160000.0,https://www.mubawab-media.com/ad/8/214/000F/h/gallery_81005625.avif
12,0.1953,36.8,10.1,276.0,3.0,2.0,0.5,0.1695,2.0,110184.0,0.2694,4,0,0,0,1,0,0,0,0,0,0,0,0,0,0,0,0,0,290000.0,https://www.mubawab-media.com/ad/8/264/993F/h/gallery_81552403.avif
12,0.2367,35.5047,11.0622,116.0,3.0,2.0,0.5,0.2237,2.0,1278.45,0.2694,4,0,1,0,1,0,0,1,0,0,0,0,0,0,0,0,0,0,165000.0,https://www.mubawab-media.com/ad/8/250/943F/h/gallery_81395041.avif
12,0.1953,36.8,10.1,186.0,3.0,2.0,0.5,0.1695,2.0,110184.0,0.2694,4,0,0,0,0,0,0,0,0,0,0,0,0,0,0,0,0,0,550000.0,https://www.mubawab-media.com/ad/8/247/669F/h/gallery_81362203.avif
12,0.1953,36.8,10.1,78.0,3.0,2.0,0.5,0.1695,2.0,110184.0,0.2694,4,0,0,0,1,0,0,0,0,0,0,1,0,0,0,0,0,0,223000.0,https://www.mubawab-media.com/ad/8/148/516F/h/image00020_81672140.avif
23,0.4,36.8769,10.3247,64.0,1.0,1.0,0.5,0.8015,2.0,2562.03,0.3233,4,0,0,1,1,0,0,1,0,1,1,0,0,0,0,0,0,0,260000.0,https://www.mubawab-media.com/ad/8/277/318F/h/602368646_1957951515075474_4402344350524562110_n_81687243.avif
16,0.13,36.8,10.1,90.0,1.0,1.0,0.5,0.2426,2.0,110184.0,0.3349,4,0,0,1,0,0,1,0,0,1,0,0,0,0,0,0,0,0,205000.0,https://www.mubawab-media.com/ad/8/277/205F/h/WhatsApp%20Image%202025-12-24%20at%2011.28.10%20AM%20%282%29_81685986.avif
13,0.2467,36.8,10.1,96.0,3.0,2.0,0.5,0.2476,2.0,110184.0,0.316,4,0,0,0,1,0,0,0,1,0,0,0,0,0,0,0,0,0,310000.0,https://www.mubawab-media.com/ad/8/129/413F/h/Picture-85853309-1-watermark_80141436.avif
23,0.1733,36.819,10.1658,60.0,2.0,1.0,0.5,0.6863,2.0,2562.03,0.273,4,0,0,0,0,0,0,0,0,0,0,0,0,0,0,0,0,0,150000.0,https://www.mubawab-media.com/ad/8/277/165F/h/0b0a58e2-145e-4605-99b3-5b67b846956c_81685575.avif
1,0.3533,36.899,10.2358,150.0,3.0,2.0,0.5,0.4235,2.0,43985.0,0.2694,4,0,0,0,0,0,0,1,1,0,1,0,0,0,0,0,0,0,360000.0,https://www.mubawab-media.com/ad/8/256/050F/h/gallery_81447570.avif
1,0.3533,36.899,10.2358,100.0,3.0,2.0,0.5,0.4235,2.0,43985.0,0.2694,4,0,1,0,1,0,0,1,0,1,1,0,0,0,0,0,0,0,360000.0,https://www.mubawab-media.com/ad/8/240/901F/h/gallery_81291891.avif
16,0.32,36.4561,10.7376,120.0,4.0,3.0,0.5,0.4552,2.0,154974.0,0.2912,4,0,0,0,1,1,0,1,0,0,0,0,0,0,1,0,0,0,450000.0,https://www.mubawab-media.com/ad/8/041/877F/h/1-5_79276585.avif
16,0.32,36.4561,10.7376,120.0,3.0,2.0,0.5,0.4552,2.0,154974.0,0.2904,4,0,0,0,1,1,0,1,0,0,0,0,0,0,1,0,0,0,472000.0,https://www.mubawab-media.com/ad/6/961/247F/h/0.avif
1,0.32,36.819,10.2358,768.0,3.0,16.0,0.5,0.517,2.0,43985.0,0.3168,4,0,0,0,0,0,0,1,0,0,1,1,0,0,0,0,0,0,1200000.0,https://www.mubawab-media.com/ad/8/231/167F/h/4897e51f-f4b7-4696-98f5-a371b13e3e38_GF_1_81192158.avif
23,0.4,36.8769,10.3247,58.0,2.0,1.0,0.5,0.8015,2.0,2562.03,0.3168,4,0,1,0,0,0,0,1,0,1,0,0,0,0,1,0,0,0,227000.0,https://www.mubawab-media.com/ad/8/161/947F/h/1000012398_80479509.avif
1,0.3533,36.899,10.2358,58.0,2.0,1.0,0.5,0.4235,2.0,43985.0,0.3188,4,0,1,0,1,0,0,1,1,1,1,1,1,1,1,0,0,0,227000.0,https://www.mubawab-media.com/ad/8/247/316F/h/68d9b13a-ea7e-4af1-8c10-6d14db59e1c5_81358718.avif
16,0.13,36.8,10.1,103.0,1.0,2.0,0.5,0.2426,2.0,110184.0,0.3125,4,0,0,0,1,0,1,0,0,0,0,1,0,0,0,0,0,0,240000.0,https://www.mubawab-media.com/ad/8/276/748F/h/Design%20sans%20titre%20-%202025-12-23T120653.642_81680502.avif
16,0.13,36.8,10.1,90.0,1.0,2.0,0.5,0.2426,2.0,110184.0,0.3136,4,0,0,0,1,0,0,0,0,0,0,1,0,0,0,0,0,0,200000.0,https://www.mubawab-media.com/ad/8/276/743F/h/Design%20sans%20titre%20-%202025-12-23T154404.793_81680389.avif
1,0.32,36.8665,10.1647,92.0,3.0,2.0,0.5,0.5305,2.0,43985.0,0.2694,4,0,0,0,1,0,0,1,0,0,0,0,0,0,0,0,0,0,177000.0,https://www.mubawab-media.com/ad/8/248/224F/h/gallery_81366457.avif
20,0.284,36.8,10.1,124.0,3.0,2.0,0.5,0.3272,2.0,110184.0,0.3195,4,0,1,0,0,0,0,1,0,0,0,0,0,0,1,0,0,0,357000.0,https://www.mubawab-media.com/ad/8/130/946F/h/490521714_1203723311755271_2385834928280733409_n_80141114_80156911.avif
1,0.32,36.8665,10.1647,211.0,4.0,3.0,0.5,0.5305,2.0,43985.0,0.3441,4,0,1,0,0,1,0,1,0,0,0,0,0,0,0,1,0,0,676000.0,https://www.mubawab-media.com/ad/8/248/463F/h/PH%202_81363486_81369043.avif
1,0.3533,36.899,10.2358,64.0,2.0,1.0,0.5,0.4235,2.0,43985.0,0.3297,4,0,1,0,0,0,0,1,0,1,0,0,0,0,1,1,0,0,352410.0,https://www.mubawab-media.com/ad/8/194/411F/h/1B_80808517.avif
20,0.3067,36.8,10.1,183.0,7.0,3.0,0.5,0.3807,2.0,110184.0,0.2762,4,0,1,0,1,0,1,1,0,0,0,0,0,0,1,0,0,0,605500.0,https://www.mubawab-media.com/ad/8/286/471F/h/Copie%20de%201_Artboard%204_81765287_81785042.avif
1,0.332,36.8665,10.1647,171.0,4.0,3.0,0.5,0.247,2.0,43985.0,0.2738,4,0,0,0,1,0,0,1,0,0,0,0,0,0,1,1,0,0,495700.0,https://www.mubawab-media.com/ad/7/731/750F/h/salon%201_51140230.avif
4,0.24,37.2744,9.8739,160.0,3.0,3.0,0.5,0.4278,2.0,61540.22,0.325,4,0,1,0,1,0,1,1,1,1,1,1,1,0,1,1,0,0,642000.0,https://www.mubawab-media.com/ad/7/582/073F/h/facade4%20%281%29_35362915.avif
1,0.332,36.819,10.2358,115.0,3.0,2.0,0.5,0.517,2.0,43985.0,0.3168,4,0,0,0,0,0,0,0,0,0,0,0,0,0,0,0,0,0,369000.0,nan
1,0.332,36.8665,10.1647,57.0,2.0,1.0,0.5,0.247,2.0,43985.0,0.3188,4,0,1,0,0,0,0,0,1,1,1,1,1,1,0,0,0,0,135000.0,https://www.mubawab-media.com/ad/7/985/900F/h/aa_3%20-%20Photo_78716013_78716021.avif
23,0.6867,36.819,10.1658,160.0,3.0,3.0,0.5,0.5524,2.0,2562.03,0.3395,4,0,0,0,0,0,0,1,1,1,1,1,0,0,1,0,0,0,700000.0,https://www.mubawab-media.com/ad/8/272/768F/h/67086_81637831.avif
23,0.6867,36.819,10.1658,170.0,4.0,3.0,0.5,0.5524,2.0,2562.03,0.3337,4,0,1,1,1,0,1,1,1,1,1,1,1,1,1,1,0,1,730000.0,https://www.mubawab-media.com/ad/8/017/836F/h/IMG_20241129_123751_074_79335485.avif
3,0.14,36.8,10.1,80.0,3.0,2.0,0.5,0.2793,2.0,110184.0,0.3451,1,0,1,0,1,0,0,0,0,0,1,0,0,0,0,0,0,0,200000.0,https://www.mubawab-media.com/ad/8/276/298F/h/immme_81675768.avif
16,0.32,36.4561,10.7376,180.0,4.0,3.0,0.5,0.4552,2.0,154974.0,0.2832,4,0,0,0,1,1,0,0,1,1,0,1,0,0,1,0,0,0,594000.0,https://www.mubawab-media.com/ad/7/914/734F/h/2020-08-10%2009.00.22_79575402.avif
1,0.32,36.8665,10.1647,87.0,2.0,1.0,0.5,0.5305,2.0,43985.0,0.3152,4,0,1,0,1,0,0,0,0,1,1,1,1,1,1,0,0,0,300000.0,https://www.mubawab-media.com/ad/8/209/781F/h/573a8526-059a-4e54-a6e2-5e2c640bae81_80961403.avif
1,0.32,36.8665,10.1647,205.0,3.0,2.0,0.5,0.5305,2.0,43985.0,0.3268,4,0,1,0,1,0,0,1,0,1,1,1,1,1,1,0,0,0,490000.0,https://www.mubawab-media.com/ad/8/199/374F/h/e1c05999-aa49-4d7d-af5f-050af80cd654_80855437.avif
1,0.32,36.8665,10.1647,186.0,4.0,3.0,0.5,0.5305,2.0,43985.0,0.3168,4,0,0,0,1,0,0,1,0,0,1,0,0,0,0,0,0,0,250000.0,https://www.mubawab-media.com/ad/8/250/860F/h/82820471228072025_tu_arca2_0744593700_1024_bbd0628d-41ab-4777-98b6-eb47a8ebd8db_81394214.avif
15,0.2633,35.7643,10.8113,90.0,3.0,2.0,0.5,0.3655,2.0,134734.0,0.2694,4,0,0,0,0,0,0,0,0,0,0,0,0,0,0,0,0,0,130000.0,https://www.mubawab-media.com/ad/8/247/678F/h/gallery_81362306.avif
1,0.3533,36.899,10.2358,77.0,3.0,2.0,0.5,0.4235,2.0,43985.0,0.316,4,0,0,0,1,0,0,0,1,1,1,1,0,0,0,0,0,0,258000.0,https://www.mubawab-media.com/ad/8/276/500F/h/thumb_1231128_property_xlarge_81677919.avif
16,0.2833,36.4561,10.7376,113.0,3.0,2.0,0.5,0.4454,2.0,154974.0,0.2694,4,0,1,0,1,1,0,1,0,1,0,0,0,0,0,0,0,0,450000.0,https://www.mubawab-media.com/ad/8/276/376F/h/gallery_81676713.avif
23,0.1733,36.819,10.1658,60.0,3.0,2.0,0.5,0.6863,2.0,2562.03,0.2694,4,0,0,0,0,0,0,0,0,0,0,0,0,0,0,0,0,0,150000.0,https://www.mubawab-media.com/ad/8/276/366F/h/gallery_81676585.avif
1,0.32,36.8665,10.1647,300.0,10.0,10.0,0.5,0.5305,2.0,43985.0,0.314,4,0,0,0,0,0,0,0,0,1,1,0,0,0,0,0,0,0,650000.0,https://www.mubawab-media.com/ad/8/030/551F/h/thumb_942798_property_xlarge_79164040.avif
23,0.0867,36.8,10.1,64.0,4.0,3.0,0.5,0.2194,2.0,110184.0,0.3168,4,0,0,0,1,0,0,0,0,1,0,0,0,0,0,0,0,0,145000.0,https://www.mubawab-media.com/ad/8/276/215F/h/IMG-20251016-WA0003_81673954.avif
20,0.06,36.8,10.1,68.0,3.0,2.0,0.5,0.1527,2.0,110184.0,0.2694,4,0,0,0,1,0,0,0,1,0,0,0,0,0,0,0,0,0,125000.0,https://www.mubawab-media.com/ad/8/241/432F/h/gallery_81296734.avif
20,0.06,36.8,10.1,130.0,3.0,2.0,0.5,0.1527,2.0,110184.0,0.2694,4,0,0,0,1,0,0,0,0,0,0,0,0,0,0,0,0,0,190000.0,https://www.mubawab-media.com/ad/8/237/471F/h/gallery_81256686.avif
23,0.4,36.8769,10.3247,127.0,3.0,2.0,0.5,0.8015,2.0,2562.03,0.3108,4,0,1,0,1,0,0,1,1,0,1,0,0,0,0,0,0,0,300000.0,https://www.mubawab-media.com/ad/8/276/212F/h/oEVggG8PCHdNspks-thumb_81673902.avif
1,0.3533,36.899,10.2358,162.0,4.0,3.0,0.5,0.4235,2.0,43985.0,0.3402,4,0,1,0,1,0,0,1,0,1,0,0,0,0,1,0,0,0,693494.0,https://www.mubawab-media.com/ad/8/239/826F/h/s%2B3-09_81280864.avif
23,0.32,36.844,10.192,140.0,4.0,3.0,0.5,0.3403,2.0,43985.0,0.3164,4,0,0,0,0,0,0,1,0,1,1,1,1,1,1,0,0,0,390000.0,https://www.mubawab-media.com/ad/8/276/121F/h/Messenger_creation_D5C2D7DA-9581-48DD-AE2C-2B0A455032FC_81672986.avif
16,0.2833,36.4561,10.7376,156.0,4.0,3.0,0.5,0.4454,2.0,154974.0,0.316,4,0,0,0,0,0,0,1,1,0,1,0,0,0,0,1,0,0,590000.0,https://www.mubawab-media.com/ad/8/228/381F/h/WhatsApp%20Image%202025-07-15%20at%2006.43.09%20%281%29_81159668.avif
16,0.13,36.8,10.1,106.0,3.0,2.0,0.5,0.2426,2.0,110184.0,0.279,4,0,0,0,1,0,0,0,0,0,0,0,0,0,0,0,0,0,230000.0,https://www.mubawab-media.com/ad/8/248/513F/h/46f926e0-65f4-4a63-a353-1f401027833a_81369730.avif
16,0.13,36.8,10.1,50.0,2.0,1.0,0.5,0.2426,2.0,110184.0,0.3144,4,0,0,0,1,0,0,0,0,0,0,0,0,0,0,0,0,0,120000.0,https://www.mubawab-media.com/ad/8/228/398F/h/482249211_656851373488491_672205822632605944_n_81159858.avif
16,0.32,36.4561,10.7376,77.0,5.0,2.0,0.5,0.4552,2.0,154974.0,0.3105,4,0,0,0,1,0,0,0,0,0,0,0,0,0,0,0,0,0,260000.0,https://www.mubawab-media.com/ad/8/226/673F/h/WhatsApp%20Image%202025-09-30%20at%2014.05.29%20%283%29_81140371.avif
23,0.4,36.8769,10.3247,83.0,2.0,1.0,0.5,0.8015,2.0,2562.03,0.2774,4,0,1,0,0,0,0,0,1,1,1,1,0,0,1,0,0,0,209000.0,https://www.mubawab-media.com/ad/8/276/056F/h/thumb_1231195_property_xlarge_81672174.avif
20,0.284,36.8,10.1,78.0,2.0,1.0,0.5,0.3272,2.0,110184.0,0.2802,4,0,1,0,0,0,0,1,0,0,0,0,0,0,1,0,0,0,225000.0,https://www.mubawab-media.com/ad/8/136/225F/h/490521714_1203723311755271_2385834928280733409_n_80141114_80211338.avif
1,0.32,36.8665,10.1647,122.0,3.0,2.0,0.5,0.5305,2.0,43985.0,0.3333,4,0,1,0,0,1,0,1,0,1,0,0,0,0,0,1,0,0,473000.0,https://www.mubawab-media.com/ad/8/248/464F/h/Le%20cesar_81363484_81369062.avif
1,0.3533,36.899,10.2358,55.0,2.0,1.0,0.5,0.4235,2.0,43985.0,0.3317,4,0,1,0,0,0,0,1,0,1,0,0,0,0,1,1,0,0,321900.0,https://www.mubawab-media.com/ad/8/198/646F/h/1B_80848612.avif
1,0.332,36.8665,10.1647,129.0,3.0,2.0,0.5,0.247,2.0,43985.0,0.3152,4,0,1,0,1,0,0,1,0,0,0,0,0,0,1,1,0,0,364000.0,https://www.mubawab-media.com/ad/7/731/754F/h/image_6483441%20%282%29_51141010.avif
1,0.332,36.8665,10.1647,164.0,5.0,4.0,0.5,0.247,2.0,43985.0,0.3211,4,0,0,0,1,0,0,1,0,1,0,0,0,0,0,1,0,0,550000.0,https://www.mubawab-media.com/ad/7/986/297F/h/B0_78914018.avif
23,0.6867,36.819,10.1658,72.0,2.0,1.0,0.5,0.5524,2.0,2562.03,0.3407,4,0,0,0,0,0,0,1,1,1,0,1,0,1,0,1,0,0,415000.0,https://www.mubawab-media.com/ad/8/208/534F/h/WhatsApp%20Image%202023-11-21%20at%2022.56.23%20%284%29_80944158_80948337.avif
23,0.6867,36.819,10.2358,115.0,3.0,2.0,0.5,0.517,2.0,43985.0,0.3168,4,0,0,0,0,0,0,0,0,0,0,0,0,0,0,0,0,0,635000.0,nan
23,0.4,36.8769,10.3247,106.0,3.0,2.0,0.5,0.8015,2.0,2562.03,0.3291,4,0,1,0,1,0,0,1,1,1,1,1,1,1,0,0,0,0,475000.0,https://www.mubawab-media.com/ad/8/014/762F/h/462710662_122168529242091777_6301231290002182054_n_79088533.avif
23,0.4,36.8769,10.3247,62.0,2.0,1.0,0.5,0.8015,2.0,2562.03,0.2798,4,0,1,0,0,0,0,0,1,1,1,1,0,1,0,0,0,0,232000.0,https://www.mubawab-media.com/ad/8/276/021F/h/thumb_1231105_property_xlarge_81671733.avif
1,0.3533,36.899,10.2358,67.0,2.0,1.0,0.5,0.4235,2.0,43985.0,0.3277,4,0,0,0,1,0,0,1,0,1,1,1,0,0,1,0,0,0,285000.0,https://www.mubawab-media.com/ad/8/254/979F/h/thumb_1226593_property_xlarge_81628062.avif
23,0.4,36.8769,10.3247,176.0,5.0,4.0,0.5,0.8015,2.0,2562.03,0.3176,4,0,1,0,1,0,0,1,1,1,1,1,1,1,1,0,0,0,425000.0,https://www.mubawab-media.com/ad/8/224/611F/h/1d36398b-ce04-48a8-9390-88fee1b0fdf8_81120042.avif
23,0.3067,36.8,10.1,100.0,3.0,2.0,0.5,0.3453,2.0,110184.0,0.3148,4,0,1,0,1,0,0,1,1,1,1,1,1,0,1,0,0,0,350000.0,https://www.mubawab-media.com/ad/8/275/957F/h/photo_0_81670929.avif
23,0.32,36.844,10.192,120.0,3.0,2.0,0.5,0.3403,2.0,43985.0,0.2694,4,0,0,0,1,0,0,1,1,0,1,0,0,0,0,0,0,0,265000.0,https://www.mubawab-media.com/ad/8/275/880F/h/gallery_81669972.avif
23,0.4,36.8769,10.3247,300.0,3.0,3.0,0.5,0.8015,2.0,2562.03,0.2928,4,0,0,0,1,0,0,1,0,0,0,1,0,0,0,0,0,0,390000.0,https://www.mubawab-media.com/ad/8/198/595F/h/thumb_1143020_property_xlarge_80848123.avif
23,0.4,36.8769,10.3247,107.0,3.0,2.0,0.5,0.8015,2.0,2562.03,0.3435,4,0,0,0,1,0,1,0,0,0,0,0,0,0,1,0,0,1,600000.0,https://www.mubawab-media.com/ad/8/244/536F/h/WhatsApp%20Image%202025-10-31%20at%2010.44.26%20%282%29_81328273.avif
23,0.4,36.8769,10.3247,151.0,4.0,3.0,0.5,0.8015,2.0,2562.03,0.3298,4,0,0,0,1,0,0,0,0,1,1,0,0,0,0,0,0,1,590000.0,https://www.mubawab-media.com/ad/7/731/444F/h/WhatsApp%20Image%202023-12-22%20%C3%A0%2011.16.21_a4d142e2_81596994.avif
20,0.32,36.8,10.1,82.0,3.0,2.0,0.5,0.3244,2.0,110184.0,0.3148,4,0,0,0,1,0,0,0,0,1,1,1,0,0,0,0,0,0,165500.0,https://www.mubawab-media.com/ad/8/255/268F/h/WhatsApp%20Image%202025-11-19%20at%2016.13.28_81439268.avif
20,0.284,36.8,10.1,133.0,3.0,2.0,0.5,0.3272,2.0,110184.0,0.2802,4,0,1,0,1,0,0,0,0,0,0,0,0,0,0,0,0,0,427000.0,https://www.mubawab-media.com/ad/8/266/390F/h/WhatsApp%20Image%202025-12-04%20at%2015.50.46_81570881.avif
20,0.284,36.8,10.1,218.0,4.0,3.0,0.5,0.3272,2.0,110184.0,0.3008,4,0,1,0,1,0,0,0,0,0,0,0,0,0,1,0,0,0,700000.0,https://www.mubawab-media.com/ad/8/271/744F/h/WhatsApp%20Image%202025-12-04%20at%2015.39.03_81627168.avif
23,0.6867,36.819,10.1658,166.0,4.0,3.0,0.5,0.5524,2.0,2562.03,0.3638,4,0,1,0,1,0,0,1,0,1,0,0,0,0,1,0,0,0,830000.0,https://www.mubawab-media.com/ad/8/275/741F/h/0a6opPRtUOxW7czg-thumb_81668501.avif
20,0.26,35.8245,10.6346,120.0,3.0,2.0,0.5,0.517,2.0,150620.48,0.3144,4,0,1,0,0,0,1,1,0,0,1,0,0,0,0,0,0,0,240000.0,https://www.mubawab-media.com/ad/8/230/748F/h/WhatsApp%20Image%202025-10-04%20at%2012.24.22%20PM_81187671.avif
1,0.3533,36.899,10.2358,153.0,3.0,2.0,0.5,0.4235,2.0,43985.0,0.2694,1,0,1,0,1,0,0,1,0,0,0,0,0,0,1,0,0,0,425000.0,https://www.mubawab-media.com/ad/8/275/660F/h/A21-_81667811.avif
23,0.1733,36.819,10.1658,117.0,4.0,4.0,0.5,0.6863,2.0,2562.03,0.3101,4,0,0,0,1,0,0,0,0,0,1,1,0,0,0,0,0,0,200000.0,https://www.mubawab-media.com/ad/7/969/989F/h/img001_80540398.avif
1,0.32,36.8665,10.1647,171.0,4.0,4.0,0.5,0.5305,2.0,43985.0,0.277,4,0,1,0,1,0,0,1,0,1,0,0,0,0,0,0,0,0,380000.0,https://www.mubawab-media.com/ad/8/275/650F/h/WhatsApp%20Image%202025-12-18%20at%2016.59.37_81667668.avif
3,0.0933,36.7533,10.2283,145.0,4.0,3.0,0.5,0.2965,2.0,114262.5,0.3152,4,0,1,0,1,0,0,1,0,0,0,0,0,0,0,0,0,1,180000.0,https://www.mubawab-media.com/ad/8/047/268F/h/WhatsApp%20Image%202024-11-06%20at%2019.51.37%20%281%29_79329744.avif
1,0.3533,36.899,10.2358,128.0,3.0,2.0,0.5,0.4235,2.0,43985.0,0.2694,4,0,0,0,1,0,0,0,1,1,1,0,0,0,0,0,0,0,275000.0,https://www.mubawab-media.com/ad/8/249/230F/h/gallery_81377456.avif
23,0.4,36.8769,10.3247,90.0,3.0,2.0,0.5,0.8015,2.0,2562.03,0.2734,4,0,1,0,0,0,0,0,0,1,1,0,0,0,1,0,0,0,240000.0,https://www.mubawab-media.com/ad/8/258/177F/h/photo_0_81468759.avif
1,0.332,36.8665,10.1647,200.0,4.0,3.0,0.5,0.247,2.0,43985.0,0.3265,4,0,0,0,1,0,1,1,1,1,1,1,1,0,1,0,0,0,800000.0,https://www.mubawab-media.com/ad/8/236/148F/h/2Jnk7OhlJNBqwIa6-thumb_81243038.avif
1,0.3533,36.899,10.2358,169.0,4.0,4.0,0.5,0.4235,2.0,43985.0,0.3096,4,0,0,0,1,0,0,1,0,0,0,0,0,0,0,0,0,0,583000.0,https://www.mubawab-media.com/ad/8/192/327F/h/thumb_1138885_property_large_80786499.avif
1,0.3533,36.899,10.2358,101.0,3.0,2.0,0.5,0.4235,2.0,43985.0,0.3104,4,0,1,0,1,0,0,1,0,1,1,1,1,0,1,0,0,0,382000.0,https://www.mubawab-media.com/ad/8/130/600F/h/thumb_1076017_property_large_80153470.avif
1,0.3533,36.899,10.2358,142.0,3.0,2.0,0.5,0.4235,2.0,43985.0,0.3096,4,0,1,0,1,0,0,1,0,1,1,1,1,1,1,0,0,0,450000.0,https://www.mubawab-media.com/ad/8/251/170F/h/thumb_1204847_property_large_81397177.avif
20,0.284,36.8,10.1,153.0,4.0,3.0,0.5,0.3272,2.0,110184.0,0.3357,4,0,1,0,1,0,0,1,0,0,0,0,0,0,1,0,0,0,450000.0,https://www.mubawab-media.com/ad/8/136/237F/h/488213561_1192357786225157_4192744304922501652_n_80141124_80211492.avif
1,0.32,36.8665,10.1647,101.0,3.0,2.0,0.5,0.5305,2.0,43985.0,0.3317,4,0,1,0,0,1,0,1,0,1,0,0,0,0,0,1,0,0,383000.0,https://www.mubawab-media.com/ad/8/248/466F/h/Le%20cesar_81363484_81369072.avif
1,0.3533,36.899,10.2358,55.0,2.0,1.0,0.5,0.4235,2.0,43985.0,0.3285,4,0,1,0,0,0,0,1,0,1,0,0,0,0,1,1,0,0,321900.0,https://www.mubawab-media.com/ad/8/208/345F/h/1B_80944304.avif
1,0.332,36.8665,10.1647,136.0,3.0,2.0,0.5,0.247,2.0,43985.0,0.2786,4,0,1,0,1,0,0,1,0,0,0,0,0,0,1,0,0,0,384000.0,https://www.mubawab-media.com/ad/7/731/755F/h/02%20%288%29_51141436.avif
1,0.332,36.8665,10.1647,127.0,4.0,3.0,0.5,0.247,2.0,43985.0,0.3374,4,0,1,0,0,0,0,0,0,1,1,0,0,0,0,0,0,0,295000.0,https://www.mubawab-media.com/ad/7/986/302F/h/223_78914030.avif
23,0.6867,36.819,10.1658,145.0,2.0,2.0,0.5,0.5524,2.0,2562.03,0.3391,4,0,0,0,0,1,0,1,0,1,1,1,0,1,0,1,0,0,841000.0,https://www.mubawab-media.com/ad/8/208/535F/h/WhatsApp%20Image%202023-11-21%20at%2022.56.22%20%283%29_80944156_80948358.avif
23,0.4,36.819,10.2358,115.0,3.0,2.0,0.5,0.517,2.0,43985.0,0.3168,4,0,0,0,0,0,0,0,0,0,0,0,0,0,0,0,0,0,890000.0,nan
23,0.4,36.8769,10.3247,88.0,3.0,2.0,0.5,0.8015,2.0,2562.03,0.3162,4,0,1,0,1,0,0,0,1,1,1,1,1,1,0,1,0,0,372000.0,https://www.mubawab-media.com/ad/8/016/249F/h/462710662_122168529242091777_6301231290002182054_n_79088540.avif
23,0.4,36.8769,10.3247,140.0,3.0,3.0,0.5,0.8015,2.0,2562.03,0.3136,4,0,0,0,1,0,0,1,0,0,0,1,0,0,0,0,0,0,650000.0,https://www.mubawab-media.com/ad/8/251/018F/h/thumb_1203987_property_xlarge_81395718.avif
16,0.32,36.4561,10.7376,52.0,2.0,1.0,0.5,0.4552,2.0,154974.0,0.318,4,0,0,0,0,0,0,0,1,1,1,1,0,0,0,0,0,0,190000.0,https://www.mubawab-media.com/ad/8/265/593F/h/TAARAFCHI%20IMMO_81787191.avif
23,0.6867,36.819,10.1658,207.0,4.0,4.0,0.5,0.5524,2.0,2562.03,0.3403,4,0,0,0,1,0,0,0,0,1,1,1,0,0,0,0,0,0,540000.0,https://www.mubawab-media.com/ad/8/274/400F/h/1bb505d4-3030-4afa-bb3c-65e0b20055de%20%281%29_81655159.avif
1,0.32,36.8665,10.1647,150.0,4.0,4.0,0.5,0.5305,2.0,43985.0,0.3128,4,0,1,0,1,0,0,1,0,1,1,1,0,0,0,0,0,0,440000.0,https://www.mubawab-media.com/ad/8/247/411F/h/IMG-20251031-WA0003_81359764.avif
23,0.4,36.8769,10.3247,140.0,3.0,2.0,0.5,0.8015,2.0,2562.03,0.316,4,0,1,0,1,0,0,1,0,1,1,1,1,1,1,0,0,0,385000.0,https://www.mubawab-media.com/ad/7/792/524F/h/1_81666234.avif
23,0.4,36.8769,10.3247,93.0,4.0,3.0,0.5,0.8015,2.0,2562.03,0.3246,4,0,0,0,0,0,0,0,0,0,0,0,0,0,0,0,0,0,650000.0,https://www.mubawab-media.com/ad/8/192/319F/h/8631fed3-ec96-4f1c-b96c-d6d6def8c921_GF_GF_80786351.avif
1,0.332,36.8665,10.1647,180.0,4.0,3.0,0.5,0.247,2.0,43985.0,0.3398,4,0,0,0,1,0,0,1,0,1,1,1,0,0,0,0,0,0,410000.0,https://www.mubawab-media.com/ad/8/228/185F/h/IMG_20251002_110005_81157787.avif
23,0.6867,36.819,10.1658,166.0,3.0,3.0,0.5,0.5524,2.0,2562.03,0.3411,4,0,0,0,1,0,0,0,0,0,0,1,0,0,0,0,0,0,830000.0,https://www.mubawab-media.com/ad/8/275/406F/h/thumb_1219021_property_xlarge_81665193.avif
23,0.6867,36.819,10.1658,174.0,3.0,3.0,0.5,0.5524,2.0,2562.03,0.3666,4,0,0,0,1,0,0,1,0,0,0,1,0,0,0,0,0,0,1034000.0,https://www.mubawab-media.com/ad/7/792/813F/h/thumb_1233988_property_xlarge_81734208.avif
23,0.4,36.8769,10.3247,115.0,3.0,2.0,0.5,0.8015,2.0,2562.03,0.2848,4,0,0,0,1,0,0,0,0,0,0,1,0,0,0,0,0,0,330000.0,https://www.mubawab-media.com/ad/8/275/397F/h/thumb_1229970_property_xlarge_81665097.avif
23,0.6867,36.819,10.1658,120.0,4.0,3.0,0.5,0.5524,2.0,2562.03,0.314,4,0,0,0,0,0,0,0,0,0,0,1,0,0,0,0,0,0,525000.0,https://www.mubawab-media.com/ad/8/054/329F/h/26402365-44f7-4ce2-b984-2f5e73a05f5a_GF_79402154.avif
23,0.4,36.8769,10.3247,55.0,3.0,1.0,0.5,0.8015,2.0,2562.03,0.2876,4,0,0,0,0,0,0,0,0,0,0,0,0,0,0,0,0,0,260000.0,https://www.mubawab-media.com/ad/8/235/095F/h/thumb_1184851_property_xlarge_81232371.avif
20,0.3067,35.8604,10.5953,100.0,5.0,3.0,0.5,0.3642,2.0,150620.48,0.3543,4,0,0,0,0,0,0,0,0,0,0,0,0,0,0,1,0,0,380000.0,https://www.mubawab-media.com/ad/8/258/267F/h/thumb_1214806_property_large_81469643.avif
1,0.3533,36.899,10.2358,115.0,2.0,1.0,0.5,0.4235,2.0,43985.0,0.3384,4,0,0,0,1,0,0,1,0,1,1,1,0,0,0,0,0,0,285000.0,https://www.mubawab-media.com/ad/8/242/141F/h/thumb_1193230_property_large_81303645.avif
23,0.4,36.8769,10.3247,65.0,3.0,1.0,0.5,0.8015,2.0,2562.03,0.3152,4,0,1,0,1,0,0,0,0,0,0,0,0,0,1,0,0,0,255000.0,https://www.mubawab-media.com/ad/8/274/994F/h/photo_00_81660834.avif
16,0.13,36.8,10.1,61.0,1.0,1.0,0.5,0.2426,2.0,110184.0,0.318,4,0,0,0,0,0,1,0,0,0,0,0,0,0,0,0,0,0,135000.0,https://www.mubawab-media.com/ad/8/214/411F/h/Sans%20titre1_81010103.avif
1,0.32,36.8665,10.1647,141.0,4.0,3.0,0.5,0.5305,2.0,43985.0,0.3164,3,0,1,0,1,0,0,0,1,0,0,1,0,0,0,0,0,0,340000.0,https://www.mubawab-media.com/ad/8/147/624F/h/0eg2aGbQPigpYdGJ-thumb_81596954.avif
23,0.092,36.8,10.1,118.0,4.0,3.0,0.5,0.3155,2.0,110184.0,0.3108,4,0,0,0,1,0,0,0,0,1,1,0,0,0,1,0,0,0,240000.0,https://www.mubawab-media.com/ad/8/241/871F/h/4c71af6b-9be3-4944-9bf9-13d2b5402ec8_81301203.avif
23,0.6867,36.819,10.1658,192.0,4.0,3.0,0.5,0.5524,2.0,2562.03,0.3383,4,0,1,0,1,0,0,1,1,1,1,1,1,1,1,0,0,0,750000.0,https://www.mubawab-media.com/ad/8/236/529F/h/903404ad-73c2-4ca7-b35f-e4305fb0a502_81246933.avif
23,0.6867,36.819,10.1658,115.0,3.0,2.0,0.5,0.5524,2.0,2562.03,0.3411,4,0,1,0,1,1,0,1,0,1,1,1,0,0,0,0,0,0,620000.0,https://www.mubawab-media.com/ad/8/262/578F/h/IMG-20251129-WA0081_81524382.avif
1,0.3533,36.899,10.2358,145.0,3.0,3.0,0.5,0.4235,2.0,43985.0,0.3196,4,0,0,0,1,0,0,1,0,0,0,1,0,0,0,0,0,0,430000.0,https://www.mubawab-media.com/ad/8/254/333F/h/thumb_1208304_property_xlarge_81429883.avif
23,0.4,36.8769,10.3247,63.0,2.0,2.0,0.5,0.8015,2.0,2562.03,0.3148,3,0,0,0,0,0,0,0,0,0,0,1,0,0,0,0,0,0,330000.0,https://www.mubawab-media.com/ad/8/251/741F/h/thumb_1204696_property_xlarge_81403082.avif
1,0.3533,36.899,10.2358,61.0,2.0,1.0,0.5,0.4235,2.0,43985.0,0.2718,1,0,1,0,0,1,0,1,1,1,1,1,1,1,0,0,0,0,238000.0,https://www.mubawab-media.com/ad/8/273/824F/h/3900%20DtM%C2%B2_81649369.avif
20,0.284,36.8,10.1,96.0,3.0,2.0,0.5,0.3272,2.0,110184.0,0.3228,4,0,1,1,0,0,0,1,0,0,0,0,0,0,1,0,0,0,277000.0,https://www.mubawab-media.com/ad/8/136/238F/h/490521714_1203723311755271_2385834928280733409_n_80141114_80211504.avif
1,0.32,36.8665,10.1647,101.0,3.0,2.0,0.5,0.5305,2.0,43985.0,0.3301,4,0,1,0,0,1,0,1,0,1,0,0,0,0,0,1,0,0,383000.0,https://www.mubawab-media.com/ad/8/249/899F/h/PH%202_81363486_81384486.avif
1,0.3533,36.899,10.2358,85.0,2.0,1.0,0.5,0.4235,2.0,43985.0,0.3459,4,0,1,0,1,0,0,1,0,1,0,0,0,0,1,0,0,0,374730.0,https://www.mubawab-media.com/ad/8/208/387F/h/1E_80946298.avif
1,0.332,36.8665,10.1647,134.0,3.0,2.0,0.5,0.247,2.0,43985.0,0.2714,4,0,1,0,1,0,0,1,0,0,0,0,0,0,1,0,0,0,349300.0,https://www.mubawab-media.com/ad/7/731/767F/h/image_6483441%20%282%29_51143652.avif
1,0.332,36.8665,10.1647,95.0,4.0,3.0,0.5,0.247,2.0,43985.0,0.3152,4,0,1,0,0,0,0,0,0,1,1,0,0,0,0,0,0,0,220000.0,https://www.mubawab-media.com/ad/7/986/310F/h/81_78720084.avif
23,0.6867,36.819,10.1658,143.0,3.0,2.0,0.5,0.5524,2.0,2562.03,0.3391,4,0,1,0,0,0,0,1,1,1,1,1,1,1,0,1,0,0,829000.0,https://www.mubawab-media.com/ad/8/208/540F/h/WhatsApp%20Image%202023-11-21%20at%2022.56.22%20%283%29_80944156_80948521.avif
1,0.332,36.819,10.2358,115.0,3.0,2.0,0.5,0.517,2.0,43985.0,0.3168,4,0,0,0,0,0,0,0,0,0,0,0,0,0,0,0,0,0,369000.0,nan
23,0.4,36.8769,10.3247,63.0,2.0,2.0,0.5,0.8015,2.0,2562.03,0.3172,4,0,0,0,1,0,0,0,0,0,0,0,0,0,0,0,0,0,340000.0,https://www.mubawab-media.com/ad/8/251/742F/h/thumb_1204692_property_xlarge_81403085.avif
1,0.32,36.8665,10.1647,153.0,4.0,3.0,0.5,0.5305,2.0,43985.0,0.318,4,0,1,0,1,0,0,1,1,1,1,1,0,0,1,0,0,0,400000.0,https://www.mubawab-media.com/ad/8/267/403F/h/DSCN0525_81581578.avif
23,0.1867,36.8094,10.1414,75.0,3.0,2.0,0.5,0.3144,2.0,2562.03,0.2742,4,0,0,0,1,0,0,0,0,0,0,0,0,0,0,0,0,0,98000.0,https://www.mubawab-media.com/ad/8/269/548F/h/WhatsApp%20Image%202025-12-03%20at%2014.54.18%20%283%29_81604179.avif
1,0.32,36.8665,10.1647,70.0,3.0,2.0,0.5,0.5305,2.0,43985.0,0.3112,4,0,0,0,0,0,0,0,0,0,0,0,0,0,0,0,0,0,225000.0,https://www.mubawab-media.com/ad/8/218/097F/h/1000054452_81049436.avif
20,0.26,35.8245,10.6346,60.0,1.0,1.0,0.5,0.517,2.0,150620.48,0.31,4,0,0,0,0,0,0,0,0,0,0,0,0,0,0,1,0,0,98000.0,https://www.mubawab-media.com/ad/8/274/587F/h/066_81657009.avif
23,0.6867,36.819,10.1658,106.0,3.0,2.0,0.5,0.5524,2.0,2562.03,0.3398,2,0,1,0,1,0,0,1,0,0,0,0,0,0,1,0,0,0,566000.0,https://www.mubawab-media.com/ad/8/233/034F/h/d4037b1f-d1d4-470f-a086-684deeaa9ef2_81211620.avif
1,0.32,36.8665,10.1647,75.0,2.0,1.0,0.5,0.5305,2.0,43985.0,0.3104,4,0,0,0,0,0,0,1,1,1,1,0,0,0,1,0,0,0,195000.0,https://www.mubawab-media.com/ad/8/274/372F/h/1_81654880.avif
1,0.3533,36.899,10.2358,103.0,3.0,2.0,0.5,0.4235,2.0,43985.0,0.2754,4,0,1,0,0,0,0,1,1,1,1,0,0,0,1,0,0,0,350000.0,https://www.mubawab-media.com/ad/8/229/218F/h/img001_81168640.avif
1,0.3533,36.899,10.2358,108.0,3.0,2.0,0.5,0.4235,2.0,43985.0,0.3418,4,0,1,0,0,0,0,1,0,1,0,0,0,0,1,0,0,0,399000.0,https://www.mubawab-media.com/ad/7/846/467F/h/thumb_1018044_property_xlarge_80346088.avif
17,0.0533,36.8,10.1,67.0,1.0,2.0,0.5,0.1511,2.0,110184.0,0.2766,4,0,0,0,1,0,0,1,0,0,0,0,0,0,1,0,0,0,114000.0,https://www.mubawab-media.com/ad/8/274/026F/h/20251125_171414_81651432.avif
23,0.4,36.8769,10.3247,100.0,2.0,2.0,0.5,0.8015,2.0,2562.03,0.2778,4,0,0,0,0,0,0,0,0,1,1,1,0,0,0,0,0,0,235000.0,https://www.mubawab-media.com/ad/8/254/614F/h/thumb_1209635_property_large_81432732.avif
16,0.15,36.8,10.1,110.0,5.0,2.0,0.5,0.2237,2.0,110184.0,0.3164,4,0,0,0,1,0,1,0,0,1,0,0,0,0,0,0,0,0,200000.0,https://www.mubawab-media.com/ad/8/273/929F/h/560566535_828297192891442_8815256505147579120_n_81650509.avif
1,0.32,36.8665,10.1647,175.0,3.0,2.0,0.5,0.5305,2.0,43985.0,0.271,4,0,0,0,1,0,0,0,0,0,1,0,0,0,0,0,0,0,380000.0,https://www.mubawab-media.com/ad/8/220/440F/h/gallery_81074309.avif
1,0.3533,36.899,10.2358,61.0,2.0,1.0,0.5,0.4235,2.0,43985.0,0.2718,1,0,1,0,1,0,0,1,0,0,0,0,0,0,1,0,0,0,270000.0,https://www.mubawab-media.com/ad/8/273/839F/h/IMG_4224_81649494.avif
23,0.4,36.8769,10.3247,111.0,2.0,1.0,0.5,0.8015,2.0,2562.03,0.29,4,0,0,0,0,0,0,1,0,0,0,1,0,0,0,0,0,0,720000.0,https://www.mubawab-media.com/ad/8/035/363F/h/558e185c-f670-4c60-8502-5217cdd0386f_GF_79211728.avif
23,0.1733,36.819,10.1658,90.0,3.0,2.0,0.5,0.6863,2.0,2562.03,0.2694,4,0,0,0,0,0,0,0,0,0,0,0,0,0,0,0,0,0,110000.0,https://www.mubawab-media.com/ad/8/140/324F/h/gallery_80252776.avif
23,0.1733,36.819,10.1658,115.0,4.0,3.0,0.5,0.6863,2.0,2562.03,0.2694,4,0,0,0,1,0,0,0,0,0,0,0,0,0,0,0,0,0,250000.0,https://www.mubawab-media.com/ad/8/228/698F/h/gallery_81163075.avif
1,0.32,36.8665,10.1647,120.0,3.0,2.0,0.5,0.5305,2.0,43985.0,0.2762,1,0,1,0,1,0,0,0,0,1,1,1,1,1,1,0,0,0,240000.0,https://www.mubawab-media.com/ad/8/273/797F/h/IMG_1697_81649069.avif
16,0.2833,36.4561,10.7376,69.0,2.0,1.0,0.5,0.4454,2.0,154974.0,0.3152,4,0,1,1,1,1,0,1,1,1,1,1,0,0,1,0,0,0,280000.0,https://www.mubawab-media.com/ad/8/238/255F/h/LvBKQREZIcnWlWWR-thumb_81264607.avif
23,0.3067,36.8,10.1,70.0,1.0,2.0,0.5,0.3453,2.0,110184.0,0.318,4,0,1,0,0,0,0,1,0,1,1,0,0,0,1,0,0,0,350000.0,https://www.mubawab-media.com/ad/8/273/777F/h/1_81648857.avif
23,0.6867,36.819,10.1658,168.0,4.0,3.0,0.5,0.5524,2.0,2562.03,0.3545,4,0,1,0,1,1,1,1,1,1,1,1,1,1,1,0,0,1,755000.0,https://www.mubawab-media.com/ad/8/273/743F/h/IMG_20251218_123603_287_81648448.avif
23,0.4,36.8769,10.3247,140.0,3.0,2.0,0.5,0.8015,2.0,2562.03,0.3529,4,0,0,0,1,0,1,1,1,1,1,1,1,1,1,0,0,1,820000.0,https://www.mubawab-media.com/ad/8/266/805F/h/9_81575495.avif
20,0.284,36.8,10.1,116.0,3.0,2.0,0.5,0.3272,2.0,110184.0,0.3204,4,0,1,1,0,0,0,1,0,0,0,0,0,0,1,0,0,0,333000.0,https://www.mubawab-media.com/ad/8/136/239F/h/491400497_1203724655088470_2248565831909332026_n_80141123_80211522.avif
1,0.332,36.8665,10.1647,117.0,3.0,2.0,0.5,0.247,2.0,43985.0,0.2706,4,0,1,0,1,0,0,1,0,0,0,0,0,0,1,0,0,0,324000.0,https://www.mubawab-media.com/ad/7/731/769F/h/02%20%288%29_51144073.avif
1,0.332,36.8665,10.1647,99.0,3.0,2.0,0.5,0.247,2.0,43985.0,0.3408,4,0,1,0,1,0,0,0,0,1,0,0,0,0,0,1,0,0,255000.0,https://www.mubawab-media.com/ad/7/986/348F/h/02%20%281%29_78720418.avif
23,0.6867,36.819,10.1658,208.0,4.0,3.0,0.5,0.5524,2.0,2562.03,0.3391,4,0,0,0,0,0,0,1,0,1,0,0,0,0,0,1,0,0,1260000.0,https://www.mubawab-media.com/ad/8/208/541F/h/Entr%C3%A9e_19136917_80948565.avif
1,0.3533,36.899,10.2358,59.0,2.0,1.0,0.5,0.4235,2.0,43985.0,0.3176,4,0,1,0,1,0,0,1,0,0,0,0,0,0,1,0,0,0,275882.0,https://www.mubawab-media.com/ad/8/258/082F/h/WhatsApp%20Image%202025-11-13%20%C3%A0%2011.33.43_1faa8bf4_81467785.avif
1,0.332,36.8665,10.1647,71.0,2.0,1.0,0.5,0.247,2.0,43985.0,0.314,4,0,1,0,1,0,0,1,1,1,1,1,1,1,0,0,0,0,235507.0,https://www.mubawab-media.com/ad/8/027/212F/h/01%20%286%29_79130573_79130583.avif
1,0.332,36.819,10.2358,115.0,3.0,2.0,0.5,0.517,2.0,43985.0,0.3168,4,0,0,0,0,0,0,0,0,0,0,0,0,0,0,0,0,0,309900.0,nan
13,0.16,36.8,10.1,73.0,2.0,1.0,0.5,0.2875,2.0,110184.0,0.3301,4,0,1,0,1,0,0,0,1,1,1,1,1,1,1,0,0,0,273000.0,https://www.mubawab-media.com/ad/8/301/360F/h/2_81938349_81946425.avif
23,0.4,36.8769,10.3247,186.0,3.0,3.0,0.5,0.8015,2.0,2562.03,0.315,4,0,1,0,1,0,0,1,1,1,1,1,1,1,1,1,0,1,592000.0,https://www.mubawab-media.com/ad/8/068/465F/h/thumb_899906_property_large_79540452.avif
1,0.3533,36.899,10.2358,135.0,4.0,3.0,0.5,0.4235,2.0,43985.0,0.3269,4,0,1,0,0,0,0,1,1,1,1,1,1,1,1,1,0,0,665000.0,https://www.mubawab-media.com/ad/8/224/598F/h/thumb_1172942_property_large_81119888.avif
23,0.4,36.8769,10.3247,66.0,1.0,2.0,0.5,0.8015,2.0,2562.03,0.3152,4,0,1,0,0,0,0,1,0,0,1,0,0,0,0,0,0,0,220000.0,https://www.mubawab-media.com/ad/8/273/605F/h/596747249_1408715511263540_8266789711453876704_n_81647077.avif
23,0.4,36.8769,10.3247,134.0,1.0,3.0,0.5,0.8015,2.0,2562.03,0.3176,4,0,0,0,1,0,0,0,0,0,1,1,0,0,0,0,0,0,325000.0,https://www.mubawab-media.com/ad/8/273/601F/h/595068149_1410320067769751_2902360089739821035_n_81647029.avif
23,0.5067,36.8528,10.3247,111.0,5.0,4.0,0.5,0.5388,2.0,2562.03,0.3132,4,0,0,0,1,0,0,0,0,1,0,0,0,0,0,1,0,0,350000.0,https://www.mubawab-media.com/ad/8/273/563F/h/IMG_3660_81646590.avif
23,0.6867,36.819,10.1658,183.0,1.0,3.0,0.5,0.5524,2.0,2562.03,0.2973,4,0,1,0,0,0,0,1,0,0,0,0,0,0,1,0,0,0,750000.0,https://www.mubawab-media.com/ad/8/249/877F/h/IMG-20251110-WA0029_81384267.avif
16,0.32,36.4561,10.7376,110.0,3.0,2.0,0.5,0.4552,2.0,154974.0,0.2774,4,0,0,0,1,0,0,0,1,0,1,1,0,0,0,0,0,0,330000.0,https://www.mubawab-media.com/ad/8/109/147F/h/aa7f7ac8-6337-4328-9963-35fcc15ed740_79935515.avif
16,0.2367,36.8,10.1,62.0,4.0,1.0,0.5,0.1516,2.0,110184.0,0.3168,4,0,0,1,0,0,1,0,0,1,0,1,0,0,0,0,0,0,210000.0,https://www.mubawab-media.com/ad/8/271/065F/h/WhatsApp-Image-2025-12-08-at-10.01.07-%281%29_81646178.avif
16,0.2833,36.4561,10.7376,230.0,3.0,2.0,0.5,0.4454,2.0,154974.0,0.3164,4,0,1,0,1,1,0,0,0,0,0,0,0,0,0,1,0,1,570000.0,https://www.mubawab-media.com/ad/7/817/960F/h/341887973_953884389291793_2818762164236863733_n-ink%20%282%29_61025251.avif
23,0.32,36.844,10.192,175.0,4.0,3.0,0.5,0.3403,2.0,43985.0,0.3144,4,0,1,0,1,0,0,1,0,0,0,0,0,0,1,0,0,0,575000.0,https://www.mubawab-media.com/ad/8/273/471F/h/8f8bd2c2-b818-42f1-bc0e-5a2d84defb75_81645662.avif
23,0.1867,36.8094,10.1414,98.0,5.0,3.0,0.5,0.3144,2.0,2562.03,0.3168,4,0,0,0,1,0,0,0,0,0,0,0,0,0,0,0,0,0,120000.0,https://www.mubawab-media.com/ad/8/273/468F/h/WhatsApp%20Image%202025-12-18%20at%2011.58.33%20%282%29_81645654.avif
23,0.6867,36.819,10.1658,155.0,3.0,2.0,0.5,0.5524,2.0,2562.03,0.3422,4,0,1,0,1,0,0,1,0,0,0,0,0,0,1,1,0,0,710000.0,https://www.mubawab-media.com/ad/8/270/227F/h/596812311_766351746466647_3446412123724515059_n_81610982.avif
23,0.4,36.8769,10.3247,200.0,4.0,3.0,0.5,0.8015,2.0,2562.03,0.3184,4,0,1,0,1,0,1,1,1,1,1,1,0,0,1,1,0,0,980000.0,https://www.mubawab-media.com/ad/8/248/344F/h/20516%20%281%29_81367759.avif
1,0.3533,36.899,10.2358,110.0,4.0,3.0,0.5,0.4235,2.0,43985.0,0.3152,4,0,0,0,1,0,0,1,1,0,1,1,0,1,1,0,0,0,365000.0,https://www.mubawab-media.com/ad/8/258/183F/h/UIBttOCaJZq9LGRU-thumb_81468802.avif
16,0.2833,36.4561,10.7376,345.0,7.0,4.0,0.5,0.4454,2.0,154974.0,0.2762,4,0,1,0,1,1,1,1,1,1,1,1,1,1,1,0,0,1,960000.0,https://www.mubawab-media.com/ad/7/930/091F/h/343577267_185400087699252_8949330817873401371_n-ink_76386300.avif
1,0.32,36.8665,10.1647,75.0,1.0,2.0,0.5,0.5305,2.0,43985.0,0.2714,4,0,0,0,1,0,0,0,0,0,1,1,0,0,0,0,0,0,140000.0,https://www.mubawab-media.com/ad/8/116/172F/h/20250401_131436_80006531.avif
23,0.4,36.8769,10.3247,65.0,2.0,1.0,0.5,0.8015,2.0,2562.03,0.3108,1,0,1,1,0,0,0,0,1,1,1,1,1,1,0,0,0,0,160000.0,https://www.mubawab-media.com/ad/8/273/287F/h/IMG_20251113_130427_336_81643644.avif
20,0.284,36.8,10.1,77.0,2.0,1.0,0.5,0.3272,2.0,110184.0,0.324,4,0,1,0,1,0,0,1,0,0,0,0,0,0,1,0,0,0,250000.0,https://www.mubawab-media.com/ad/8/136/241F/h/488569417_1196395039154765_4306749625644171080_n_80141127_80211564.avif
1,0.332,36.8665,10.1647,111.0,3.0,2.0,0.5,0.247,2.0,43985.0,0.2742,4,0,1,0,1,0,0,1,0,0,0,0,0,0,1,0,0,0,322300.0,https://www.mubawab-media.com/ad/7/731/779F/h/salon%203_51144994.avif
1,0.332,36.8665,10.1647,144.0,4.0,3.0,0.5,0.247,2.0,43985.0,0.3168,4,0,1,0,0,0,0,0,1,1,1,0,0,0,0,0,0,0,330000.0,https://www.mubawab-media.com/ad/7/986/369F/h/B1_78914088.avif
23,0.6867,36.819,10.1658,250.0,4.0,3.0,0.5,0.5524,2.0,2562.03,0.3292,4,0,1,0,0,0,0,1,1,0,1,0,0,0,0,1,0,0,1260000.0,https://www.mubawab-media.com/ad/8/208/542F/h/WhatsApp%20Image%202023-11-21%20at%2022.56.23%20%284%29_80944158_80948623.avif
13,0.16,36.8,10.1,99.0,3.0,2.0,0.5,0.2875,2.0,110184.0,0.3172,4,0,1,0,0,0,0,0,0,0,0,0,0,0,1,0,0,0,272000.0,https://www.mubawab-media.com/ad/8/301/362F/h/3_81938350_81946479.avif
23,0.32,36.844,10.192,73.0,2.0,1.0,0.5,0.3403,2.0,43985.0,0.3216,4,0,1,0,0,1,0,1,1,1,1,1,1,1,1,0,0,0,326000.0,https://www.mubawab-media.com/ad/8/301/345F/h/render%205_81932978_81946130.avif
1,0.332,36.819,10.2358,115.0,3.0,2.0,0.5,0.517,2.0,43985.0,0.3168,4,0,0,0,0,0,0,0,0,0,0,0,0,0,0,0,0,0,369000.0,nan
23,0.4,36.8769,10.3247,60.0,2.0,1.0,0.5,0.8015,2.0,2562.03,0.3108,1,0,0,0,0,0,0,0,0,0,0,0,0,0,0,0,0,0,160000.0,https://www.mubawab-media.com/ad/8/273/285F/h/IMG_20251113_130431_534_81643637.avif
1,0.332,36.8665,10.1647,143.0,6.0,2.0,0.5,0.247,2.0,43985.0,0.3136,4,0,1,0,1,0,0,1,1,1,1,1,0,0,1,0,0,0,386100.0,https://www.mubawab-media.com/ad/8/192/844F/h/00eb6d51-064a-4ab4-b154-89fec6a02991_80791323.avif
1,0.3533,36.899,10.2358,175.0,8.0,3.0,0.5,0.4235,2.0,43985.0,0.3094,4,0,1,0,1,0,0,1,1,1,1,1,0,0,1,1,0,0,575000.0,https://www.mubawab-media.com/ad/8/192/237F/h/3e4ae348-cff3-45ca-bda2-a1a32f43dc58_80785554.avif
23,0.4,36.8769,10.3247,142.0,7.0,3.0,0.5,0.8015,2.0,2562.03,0.3301,4,0,1,0,1,0,0,1,1,0,1,1,0,0,1,1,0,0,430000.0,https://www.mubawab-media.com/ad/8/221/716F/h/3bf4be6e-1b0b-469b-a46a-a0255f7e55f4%20%281%29_81087439.avif
23,0.4,36.8769,10.3247,67.0,3.0,1.0,0.5,0.8015,2.0,2562.03,0.3114,4,0,1,0,1,0,0,0,1,0,1,1,0,0,1,0,0,0,275000.0,https://www.mubawab-media.com/ad/8/240/190F/h/566618271_1543338330445354_6302266709588922764_n_81284574.avif
15,0.2633,35.7643,10.8113,175.0,3.0,3.0,0.5,0.3655,2.0,134734.0,0.3122,4,0,0,0,1,0,0,1,0,0,0,0,0,0,0,0,0,0,315000.0,https://www.mubawab-media.com/ad/8/272/950F/h/IMG-20250603-WA0028_81639694.avif
12,0.1733,35.5047,11.0622,97.0,3.0,2.0,0.5,0.4425,2.0,1278.45,0.3053,4,0,0,0,1,0,0,0,0,1,0,0,1,0,0,0,0,0,175000.0,https://www.mubawab-media.com/ad/8/173/058F/h/WhatsApp%20Image%202025-07-01%20at%2018.08.54%20%281%29_80591941.avif
20,0.3067,35.8604,10.5953,109.0,1.0,2.0,0.5,0.3642,2.0,150620.48,0.3152,4,0,1,0,1,0,0,0,0,1,1,1,0,0,0,0,0,0,360000.0,https://www.mubawab-media.com/ad/8/150/844F/h/2%20%282%29_80356034.avif
17,0.1427,34.7405,10.7603,98.0,3.0,2.0,0.5,0.3081,2.0,130875.5,0.2694,4,0,0,0,1,0,0,1,0,0,1,0,0,0,0,0,0,0,300000.0,https://www.mubawab-media.com/ad/8/272/667F/h/gallery_81636855.avif
23,0.4,36.8769,10.3247,220.0,4.0,3.0,0.5,0.8015,2.0,2562.03,0.314,4,0,1,0,1,0,0,1,0,0,0,0,0,0,1,1,0,0,1350000.0,https://www.mubawab-media.com/ad/8/248/358F/h/20515%20%284%29_81368116.avif
1,0.3533,36.899,10.2358,136.0,3.0,2.0,0.5,0.4235,2.0,43985.0,0.309,4,0,1,0,1,0,0,1,0,1,0,0,0,0,1,0,0,0,380000.0,https://www.mubawab-media.com/ad/8/164/324F/h/cgoqlyfbwyrOnjDU-thumb_80503691.avif
23,0.4,36.8769,10.3247,208.0,5.0,4.0,0.5,0.8015,2.0,2562.03,0.3313,4,0,1,0,1,0,0,0,0,1,1,1,0,0,0,0,0,0,550000.0,https://www.mubawab-media.com/ad/8/250/651F/h/WhatsApp%20Image%202025-11-11%20at%2014.39.05_81392529.avif
20,0.3067,35.8604,10.5953,150.0,4.0,3.0,0.5,0.3642,2.0,150620.48,0.3078,4,0,0,0,1,0,0,0,0,1,1,1,0,0,0,0,0,0,325000.0,https://www.mubawab-media.com/ad/8/268/604F/h/WhatsApp%20Image%202025-12-04%20at%2011.39.08%20%281%29_81594027.avif
23,0.4,36.8769,10.3247,55.0,2.0,2.0,0.5,0.8015,2.0,2562.03,0.3164,4,0,0,0,0,0,0,1,0,0,0,0,0,0,0,1,0,0,270000.0,https://www.mubawab-media.com/ad/8/254/888F/h/thumb_1208476_property_xlarge_81435498.avif
20,0.3067,36.8,10.1,162.0,1.0,3.0,0.5,0.334,2.0,110184.0,0.275,4,0,0,0,0,0,1,0,0,1,0,0,0,0,0,0,0,0,350000.0,https://www.mubawab-media.com/ad/8/272/551F/h/1_81635672.avif
20,0.3333,35.8245,10.6346,104.0,3.0,2.0,0.5,0.2902,2.0,150620.48,0.3097,4,0,1,0,1,0,1,0,0,0,0,0,0,0,0,0,0,1,460000.0,https://www.mubawab-media.com/ad/8/272/385F/h/1_81635332.avif
23,0.4,36.8769,10.3247,70.0,3.0,2.0,0.5,0.8015,2.0,2562.03,0.329,4,0,0,0,0,0,0,0,0,0,0,0,0,0,0,0,0,0,320000.0,https://www.mubawab-media.com/ad/8/265/727F/h/Capture%20d%E2%80%99%C3%A9cran%202025-12-03%20155542_81560339.avif
20,0.3067,36.8,10.1,74.0,3.0,2.0,0.5,0.3807,2.0,110184.0,0.2778,4,0,1,1,1,0,0,1,0,1,1,1,0,0,1,0,0,0,315000.0,https://www.mubawab-media.com/ad/8/199/888F/h/Picture-85154901-5-watermark_80880161.avif
1,0.3533,36.899,10.2358,71.0,2.0,1.0,0.5,0.4235,2.0,43985.0,0.3404,4,0,1,1,0,1,0,1,1,1,1,1,1,1,1,1,0,0,335000.0,https://www.mubawab-media.com/ad/8/272/413F/h/IMG_8029_81634279.avif
1,0.32,36.8665,10.1647,97.0,2.0,1.0,0.5,0.5305,2.0,43985.0,0.3176,4,0,1,1,1,0,0,0,1,1,1,1,1,1,1,0,0,0,320000.0,https://www.mubawab-media.com/ad/7/646/191F/h/311BF7B1-BC44-4817-B21F-F8E5A536A12B_41906549.avif
20,0.284,36.8,10.1,77.0,2.0,1.0,0.5,0.3272,2.0,110184.0,0.324,4,0,1,0,1,0,0,1,0,0,0,0,0,0,1,0,0,0,250000.0,https://www.mubawab-media.com/ad/8/136/241F/h/488569417_1196395039154765_4306749625644171080_n_80141127_80211564.avif
1,0.332,36.8665,10.1647,110.0,3.0,2.0,0.5,0.247,2.0,43985.0,0.3088,4,0,1,0,1,0,0,1,0,0,0,0,0,0,1,1,0,0,378100.0,https://www.mubawab-media.com/ad/7/731/798F/h/plan-b04-floria_51147105.avif
13,0.16,36.8,10.1,99.0,3.0,2.0,0.5,0.2875,2.0,110184.0,0.3172,4,0,1,0,0,0,0,0,0,0,0,0,0,0,1,0,0,0,272000.0,https://www.mubawab-media.com/ad/8/301/362F/h/3_81938350_81946479.avif
23,0.32,36.844,10.192,73.0,2.0,1.0,0.5,0.3403,2.0,43985.0,0.3188,4,0,1,0,1,1,0,1,0,0,0,0,0,0,1,0,0,0,397000.0,https://www.mubawab-media.com/ad/8/301/346F/h/render%205_81932978_81946163.avif
23,0.6867,36.819,10.2358,115.0,3.0,2.0,0.5,0.517,2.0,43985.0,0.3168,4,0,0,0,0,0,0,0,0,0,0,0,0,0,0,0,0,0,419000.0,nan
1,0.32,36.8665,10.1647,155.0,4.0,3.0,0.5,0.5305,2.0,43985.0,0.3305,4,0,1,0,1,0,0,1,1,1,1,1,1,1,1,1,0,1,729000.0,https://www.mubawab-media.com/ad/8/034/158F/h/WhatsApp%20Image%202024-11-11%20at%2015.37.22%20%284%29_79199502.avif
1,0.32,36.8665,10.1647,198.0,5.0,4.0,0.5,0.5305,2.0,43985.0,0.2714,4,0,1,0,1,0,0,1,1,1,1,1,1,1,1,0,0,1,660000.0,https://www.mubawab-media.com/ad/7/744/516F/h/IMG_4518_79676775.avif
1,0.3533,36.899,10.2358,139.0,4.0,3.0,0.5,0.4235,2.0,43985.0,0.3105,4,0,1,0,1,0,0,1,1,1,1,1,1,0,1,0,0,0,550000.0,https://www.mubawab-media.com/ad/8/272/418F/h/1_81634341.avif
20,0.32,36.8,10.1,105.0,3.0,2.0,0.5,0.3244,2.0,110184.0,0.3152,4,0,1,0,1,0,0,1,1,1,1,1,0,0,0,0,0,0,360000.0,https://www.mubawab-media.com/ad/8/245/102F/h/WhatsApp%20Image%202025-10-28%20at%2009.20.35_81335974.avif
1,0.3533,36.899,10.2358,80.0,3.0,2.0,0.5,0.4235,2.0,43985.0,0.273,4,0,1,0,0,0,0,1,1,1,1,1,1,1,1,1,0,0,265000.0,https://www.mubawab-media.com/ad/8/266/907F/h/5_81576694.avif
1,0.32,36.8665,10.1647,83.0,3.0,3.0,0.5,0.5305,2.0,43985.0,0.3152,4,0,0,0,0,0,0,0,0,1,0,1,1,1,0,0,0,0,170000.0,https://www.mubawab-media.com/ad/8/266/790F/h/2.1_81575647.avif
23,0.6867,36.819,10.1658,110.0,3.0,2.0,0.5,0.5524,2.0,2562.03,0.3638,4,0,1,0,1,0,0,1,0,0,0,0,0,0,1,0,0,0,595000.0,https://www.mubawab-media.com/ad/8/248/369F/h/thumb_1201280_property_large_81367893.avif
23,0.6867,36.819,10.1658,173.0,4.0,3.0,0.5,0.5524,2.0,2562.03,0.3626,4,0,1,0,1,0,0,1,0,1,1,0,0,0,0,0,0,0,1033000.0,https://www.mubawab-media.com/ad/8/262/641F/h/thumb_1217853_property_large_81524994.avif
20,0.3067,35.8604,10.5953,162.0,5.0,3.0,0.5,0.3642,2.0,150620.48,0.3423,4,0,0,0,1,0,0,1,0,1,0,0,0,0,0,0,0,0,400000.0,https://www.mubawab-media.com/ad/8/266/030F/h/3_81563583.avif
20,0.3333,35.8245,10.6346,65.0,2.0,1.0,0.5,0.2902,2.0,150620.48,0.2734,4,0,1,1,1,1,1,0,0,0,0,0,0,0,0,0,0,0,355000.0,https://www.mubawab-media.com/ad/8/271/062F/h/5_81620029.avif
1,0.3533,36.899,10.2358,70.0,2.0,1.0,0.5,0.4235,2.0,43985.0,0.3096,4,0,1,1,1,0,0,1,0,0,0,0,0,0,1,0,0,0,300000.0,https://www.mubawab-media.com/ad/8/087/020F/h/thumb_1008968_property_large_79722264.avif
23,0.4,36.8769,10.3247,116.0,6.0,2.0,0.5,0.8015,2.0,2562.03,0.3093,4,0,1,0,0,0,0,1,0,0,0,0,0,0,1,0,0,0,390000.0,https://www.mubawab-media.com/ad/8/272/327F/h/34e37d90-c404-4514-b748-80e0741cea23_81633417.avif
13,0.2467,36.8,10.1,30.0,2.0,1.0,0.5,0.2476,2.0,110184.0,0.2766,4,0,0,0,1,0,0,0,0,0,0,1,0,0,0,0,0,0,190000.0,https://www.mubawab-media.com/ad/8/249/820F/h/Picture-86431501-1-watermark_81383596.avif
20,0.3067,36.8,10.1,116.0,4.0,3.0,0.5,0.3807,2.0,110184.0,0.314,4,0,1,1,1,0,0,0,0,0,1,1,0,0,0,0,0,0,440000.0,https://www.mubawab-media.com/ad/8/251/105F/h/Picture-86419009-1-watermark_81396574.avif
20,0.3067,35.8604,10.5953,160.0,4.0,3.0,0.5,0.3642,2.0,150620.48,0.2786,4,0,0,0,1,0,0,1,0,1,1,0,0,0,0,1,0,0,390000.0,https://www.mubawab-media.com/ad/8/263/637F/h/Picture-82518562-1-watermark_81535558.avif
20,0.1333,36.8,10.1,33.0,1.0,1.0,0.5,0.2413,2.0,110184.0,0.2774,4,0,1,0,1,1,0,1,0,1,0,0,0,0,0,0,0,0,190000.0,https://www.mubawab-media.com/ad/8/270/636F/h/Picture-86513915-10-watermark_81615618.avif
20,0.3067,35.8604,10.5953,45.0,1.0,1.0,0.5,0.3642,2.0,150620.48,0.3148,4,0,0,0,1,1,0,0,0,0,0,0,0,0,0,0,0,0,350000.0,https://www.mubawab-media.com/ad/8/181/234F/h/thumb_1127375_property_large_80674796.avif
20,0.284,36.8,10.1,120.0,2.0,2.0,0.5,0.3272,2.0,110184.0,0.2802,4,0,0,0,1,0,0,1,0,1,1,0,0,0,0,0,0,0,370000.0,https://www.mubawab-media.com/ad/8/270/621F/h/thumb_1225160_property_large_81615458.avif
20,0.3067,35.8604,10.5953,36.0,1.0,1.0,0.5,0.3642,2.0,150620.48,0.3281,4,0,0,0,0,0,0,0,0,1,0,0,0,0,0,1,0,0,190000.0,https://www.mubawab-media.com/ad/8/188/486F/h/thumb_1133532_property_large_80747997.avif
20,0.3733,36.8,10.1,130.0,3.0,3.0,0.5,0.2689,2.0,110184.0,0.3132,4,0,1,0,1,0,0,0,1,1,1,0,0,0,0,0,0,0,380000.0,https://www.mubawab-media.com/ad/8/178/064F/h/thumb_1124966_property_large_80643610.avif
20,0.26,35.8245,10.6346,120.0,3.0,2.0,0.5,0.517,2.0,150620.48,0.312,4,0,0,0,1,0,0,0,0,1,1,0,0,0,0,0,0,0,460000.0,https://www.mubawab-media.com/ad/8/138/428F/h/thumb_1084916_property_xlarge_80232982.avif
15,0.2633,35.7643,10.8113,112.0,5.0,3.0,0.5,0.3655,2.0,134734.0,0.3148,4,0,0,0,1,0,0,0,1,1,1,1,0,0,0,0,0,0,255000.0,https://www.mubawab-media.com/ad/8/254/702F/h/WhatsApp%20Image%202025-10-17%20at%2022.07.50_81433600.avif
20,0.284,36.8,10.1,96.0,3.0,2.0,0.5,0.3272,2.0,110184.0,0.322,4,0,1,1,0,0,0,1,0,0,0,0,0,0,1,0,0,0,277000.0,https://www.mubawab-media.com/ad/8/136/242F/h/488569417_1196395039154765_4306749625644171080_n_80141127_80211581.avif
1,0.332,36.8665,10.1647,136.0,3.0,2.0,0.5,0.247,2.0,43985.0,0.3132,4,0,1,0,1,0,0,1,0,0,0,0,0,0,1,0,0,0,375000.0,https://www.mubawab-media.com/ad/7/731/802F/h/06%20%281%29_51147617.avif
1,0.332,36.8665,10.1647,99.0,3.0,2.0,0.5,0.247,2.0,43985.0,0.3527,4,0,0,0,1,0,0,0,0,1,0,0,0,0,0,1,0,0,250000.0,https://www.mubawab-media.com/ad/7/986/970F/h/01%20%281%29_78726768.avif
13,0.16,36.8,10.1,104.0,3.0,2.0,0.5,0.2875,2.0,110184.0,0.32,4,0,1,0,1,0,0,0,0,0,0,0,0,0,1,0,0,0,328000.0,https://www.mubawab-media.com/ad/8/301/363F/h/1%20%283%29_81938351_81946496.avif
23,0.32,36.844,10.192,94.0,3.0,2.0,0.5,0.3403,2.0,43985.0,0.3116,4,0,1,0,0,1,0,1,0,0,0,0,0,0,1,0,0,0,416000.0,https://www.mubawab-media.com/ad/8/301/347F/h/T333333_81933007_81946237.avif
23,0.6867,36.819,10.2358,115.0,3.0,2.0,0.5,0.517,2.0,43985.0,0.3168,4,0,0,0,0,0,0,0,0,0,0,0,0,0,0,0,0,0,635000.0,nan
15,0.2633,35.7643,10.8113,99.0,2.0,2.0,0.5,0.3655,2.0,134734.0,0.2718,4,0,1,0,1,0,0,0,1,0,1,1,1,1,1,0,0,0,350000.0,https://www.mubawab-media.com/ad/8/261/024F/h/WhatsApp%20Image%202025-11-27%20at%2010.53.28_81501852.avif
15,0.2633,35.7643,10.8113,114.0,4.0,3.0,0.5,0.3655,2.0,134734.0,0.3116,4,0,0,0,1,0,0,0,0,1,1,1,0,0,1,0,0,0,259000.0,https://www.mubawab-media.com/ad/8/254/684F/h/WhatsApp%20Image%202025-10-17%20at%2017.24.08_81433506.avif
16,0.2833,36.4561,10.7376,103.0,3.0,2.0,0.5,0.4454,2.0,154974.0,0.3144,4,0,0,0,1,0,0,0,1,1,1,1,1,0,1,0,0,0,335000.0,https://www.mubawab-media.com/ad/8/166/935F/h/oHqupBW0gacuGF4m-thumb_80529047.avif
16,0.32,36.4561,10.7376,135.0,4.0,3.0,0.5,0.4552,2.0,154974.0,0.3116,4,0,1,0,1,1,0,0,1,1,1,1,0,0,1,0,0,0,450000.0,https://www.mubawab-media.com/ad/8/037/124F/h/thumb_948878_property_large_79230255.avif
23,0.4,36.8769,10.3247,85.0,3.0,2.0,0.5,0.8015,2.0,2562.03,0.3128,4,0,0,0,0,0,0,0,0,1,1,1,0,0,1,0,0,0,318000.0,https://www.mubawab-media.com/ad/8/271/910F/h/5480aac6-1122-4ac5-9025-6bbcba78a934_81628875.avif
16,0.32,36.4561,10.7376,102.0,3.0,2.0,0.5,0.4552,2.0,154974.0,0.2762,4,0,1,0,1,1,0,0,0,0,0,0,0,0,1,1,0,0,395000.0,https://www.mubawab-media.com/ad/8/029/912F/h/1_79157574.avif
3,0.14,36.8,10.1,90.0,2.0,2.0,0.5,0.2793,2.0,110184.0,0.3164,4,0,1,0,1,0,0,1,0,0,1,0,0,0,0,0,0,0,210000.0,https://www.mubawab-media.com/ad/8/236/859F/h/thumb_1187137_property_large_81250509.avif
3,0.14,36.8,10.1,98.0,2.0,2.0,0.5,0.2793,2.0,110184.0,0.314,4,0,0,0,1,0,0,1,0,0,0,0,0,0,0,0,0,0,150000.0,https://www.mubawab-media.com/ad/8/265/505F/h/thumb_1219508_property_large_81558000.avif
1,0.332,36.8665,10.1647,150.0,4.0,3.0,0.5,0.247,2.0,43985.0,0.2762,4,0,1,0,0,0,1,0,0,0,0,1,0,0,0,0,0,0,500000.0,https://www.mubawab-media.com/ad/8/036/176F/h/656c8eac-2b02-430b-a1bd-394b9a0111c0_GF_79219467.avif
23,0.0867,36.8,10.1,150.0,5.0,4.0,0.5,0.2194,2.0,110184.0,0.2935,4,0,0,0,1,0,0,1,0,0,0,1,0,0,0,0,0,0,680000.0,https://www.mubawab-media.com/ad/8/096/015F/h/1_GF_1_79807966.avif
1,0.332,36.8665,10.1647,154.0,3.0,2.0,0.5,0.247,2.0,43985.0,0.3069,4,0,0,0,0,0,0,0,0,0,0,1,0,0,0,0,0,0,490000.0,https://www.mubawab-media.com/ad/7/926/833F/h/1_GF_76145605.avif
1,0.32,36.8665,10.1647,147.0,4.0,3.0,0.5,0.5305,2.0,43985.0,0.3144,4,0,1,0,1,0,0,1,0,1,1,0,0,0,0,0,0,0,411000.0,https://www.mubawab-media.com/ad/8/038/491F/h/49b93024-eab3-40a3-8902-d17dabe56f28_GF_79243361.avif
1,0.32,36.8665,10.1647,143.0,3.0,2.0,0.5,0.5305,2.0,43985.0,0.3094,4,0,1,0,0,0,0,0,1,1,1,1,0,0,0,0,0,0,404000.0,https://www.mubawab-media.com/ad/8/038/477F/h/957a63e5-dab2-4149-b672-13d6932fd73d_GF_79243229.avif
3,0.32,36.8,10.1,135.0,5.0,4.0,0.5,0.2195,2.0,110184.0,0.316,4,0,0,0,1,0,0,0,0,1,1,1,0,0,0,1,0,0,800000.0,https://www.mubawab-media.com/ad/8/170/518F/h/httpcrmhsh.tnuploadsProperties_attachements17842384651718870020b2c0ca30-69d3-424e-abaa-ee31b7cd2ede_GF_80564996.avif
1,0.32,36.8665,10.1647,174.0,4.0,3.0,0.5,0.5305,2.0,43985.0,0.314,4,0,1,0,1,0,0,1,0,0,0,0,0,0,0,0,0,0,487200.0,https://www.mubawab-media.com/ad/8/153/087F/h/0cc3ff7f-4374-4747-93df-ef3f42f3ea6b_GF_80378651.avif
1,0.32,36.8665,10.1647,470.0,7.0,5.0,0.5,0.5305,2.0,43985.0,0.2959,4,0,0,0,1,0,0,1,0,0,0,1,0,0,0,0,0,0,870000.0,https://www.mubawab-media.com/ad/7/955/430F/h/1_GF_78420055.avif
16,0.13,36.8,10.1,95.0,1.0,1.0,0.5,0.2426,2.0,110184.0,0.2786,4,0,0,0,0,0,0,0,0,0,0,0,0,0,0,0,0,0,140000.0,https://www.mubawab-media.com/ad/7/959/840F/h/Sans%20titre4_78463397.avif
23,0.4,36.8769,10.3247,90.0,3.0,2.0,0.5,0.8015,2.0,2562.03,0.314,4,0,1,1,0,0,0,0,1,1,1,1,1,0,1,0,0,0,280000.0,https://www.mubawab-media.com/ad/8/271/702F/h/WhatsApp%20Image%202025-12-13%20at%202.50.02%20PM%20%281%29_81626728.avif
23,0.1733,36.819,10.1658,47.0,3.0,2.0,0.5,0.6863,2.0,2562.03,0.2694,4,0,0,0,1,0,0,0,1,0,0,0,0,0,0,0,0,0,92000.0,https://www.mubawab-media.com/ad/8/142/628F/h/gallery_80274686.avif
20,0.3067,36.8,10.1,100.0,3.0,2.0,0.5,0.3807,2.0,110184.0,0.3004,4,0,1,0,1,0,0,1,1,1,1,1,1,1,1,0,0,0,330000.0,https://www.mubawab-media.com/ad/8/241/040F/h/IMG-20251024-WA0002_81293076.avif
13,0.2467,36.8,10.1,60.0,2.0,1.0,0.5,0.2476,2.0,110184.0,0.2746,4,0,1,0,0,0,0,0,0,1,0,1,0,0,0,0,0,0,200000.0,https://www.mubawab-media.com/ad/8/222/626F/h/20250923_155146_81097806.avif
16,0.13,36.8,10.1,115.0,4.0,3.0,0.5,0.2426,2.0,110184.0,0.316,4,0,0,0,1,1,0,0,0,0,0,0,0,1,0,0,0,0,295000.0,https://www.mubawab-media.com/ad/8/256/145F/h/183_81448662.avif
13,0.16,36.8,10.1,129.0,4.0,3.0,0.5,0.2875,2.0,110184.0,0.32,4,0,1,0,0,0,0,0,0,0,0,0,0,0,1,0,0,0,354000.0,https://www.mubawab-media.com/ad/8/301/364F/h/s%2B3.origRGB.0000.origRGB.0008_81938357_81946527.avif
23,0.32,36.844,10.192,132.0,3.0,2.0,0.5,0.3403,2.0,43985.0,0.3164,4,0,1,0,1,1,0,1,0,0,0,0,0,0,1,0,0,0,589000.0,https://www.mubawab-media.com/ad/8/301/348F/h/render%205_81932978_81946238.avif
23,0.4,36.819,10.2358,115.0,3.0,2.0,0.5,0.517,2.0,43985.0,0.3168,4,0,0,0,0,0,0,0,0,0,0,0,0,0,0,0,0,0,240000.0,nan
20,0.16,36.8,10.1,65.0,2.0,1.0,0.5,0.182,2.0,110184.0,0.3188,4,0,1,0,0,0,0,0,1,1,1,1,1,1,1,0,0,0,180000.0,https://www.mubawab-media.com/ad/8/300/674F/h/1%20%282%29_81932159_81939320.avif
23,0.4,36.8769,10.3247,77.0,2.0,1.0,0.5,0.8015,2.0,2562.03,0.271,4,0,0,0,0,0,0,0,0,0,0,0,0,0,0,0,0,0,269000.0,https://www.mubawab-media.com/ad/8/271/522F/h/received_896479338758548_81624932.avif
23,0.6867,36.819,10.1658,89.0,1.0,2.0,0.5,0.5524,2.0,2562.03,0.3184,4,0,1,1,0,1,1,1,1,1,1,1,1,1,1,0,0,0,620000.0,https://www.mubawab-media.com/ad/8/271/446F/h/2eb87aa0-4044-4894-9199-e5b390287f10_81623920.avif
23,0.4,36.8769,10.3247,94.0,3.0,2.0,0.5,0.8015,2.0,2562.03,0.2694,4,0,0,0,1,0,0,0,1,1,1,0,0,0,0,0,0,0,250000.0,https://www.mubawab-media.com/ad/8/271/223F/h/gallery_81621578.avif
20,0.06,36.8,10.1,105.0,3.0,2.0,0.5,0.1527,2.0,110184.0,0.2694,4,0,0,0,1,0,0,0,0,0,0,0,0,0,0,0,0,0,150000.0,https://www.mubawab-media.com/ad/8/271/209F/h/gallery_81621480.avif
3,0.1133,36.7533,10.2283,68.0,3.0,2.0,0.5,0.4302,2.0,114262.5,0.2694,4,0,1,0,1,0,0,1,0,1,1,0,0,0,0,0,0,0,190000.0,https://www.mubawab-media.com/ad/8/271/201F/h/gallery_81621350.avif
16,0.2833,36.4561,10.7376,63.0,2.0,1.0,0.5,0.4454,2.0,154974.0,0.2746,4,0,1,0,1,1,1,0,0,0,0,0,0,0,1,0,0,0,260000.0,https://www.mubawab-media.com/ad/8/266/995F/h/thumb_1221250_property_xlarge_81577394.avif
16,0.32,36.4561,10.7376,120.0,2.0,2.0,0.5,0.4552,2.0,154974.0,0.3192,4,0,0,1,1,0,0,0,0,1,1,0,0,0,1,0,0,0,285000.0,https://www.mubawab-media.com/ad/8/270/987F/h/16_81619226.avif
23,0.4,36.8769,10.3247,199.0,3.0,3.0,0.5,0.8015,2.0,2562.03,0.3407,4,0,0,0,0,0,0,0,1,1,1,0,0,0,1,1,0,0,580000.0,https://www.mubawab-media.com/ad/8/263/427F/h/thumb_1218043_property_large_81532900.avif
16,0.2833,36.4561,10.7376,97.0,3.0,2.0,0.5,0.4454,2.0,154974.0,0.3152,4,0,1,1,1,1,0,0,0,0,0,0,0,0,1,0,0,0,400000.0,https://www.mubawab-media.com/ad/8/106/962F/h/pptewqE5CHoyQZpo-thumb_79914227.avif
16,0.2833,36.4561,10.7376,127.0,3.0,2.0,0.5,0.4454,2.0,154974.0,0.2694,4,0,1,0,1,0,0,1,0,0,0,0,0,0,1,0,0,0,420000.0,https://www.mubawab-media.com/ad/8/245/804F/h/fotohigh-viewimg%20%282%29_81343429.avif
23,0.4,36.8769,10.3247,153.0,4.0,3.0,0.5,0.8015,2.0,2562.03,0.3406,4,0,1,0,1,0,0,1,0,1,0,0,0,0,1,0,0,0,560000.0,https://www.mubawab-media.com/ad/8/244/620F/h/s%2B3-08_81330945.avif
16,0.2833,36.4561,10.7376,91.0,2.0,2.0,0.5,0.4454,2.0,154974.0,0.2754,4,0,1,0,1,1,0,1,0,0,0,0,0,0,0,0,0,1,350000.0,https://www.mubawab-media.com/ad/8/125/735F/h/357715573_599426525632959_3211848013975392899_n_81616268.avif
16,0.2833,36.819,10.2358,999.0,4.0,4.0,0.5,0.517,2.0,43985.0,0.3168,4,0,0,0,1,0,0,0,0,0,0,1,0,0,0,0,0,0,120000.0,https://www.mubawab-media.com/ad/8/269/408F/h/t%C3%A9l%C3%A9charg%C3%A9%20%287%29_81602667.avif
23,0.092,36.8,10.1,80.0,1.0,3.0,0.5,0.3155,2.0,110184.0,0.2746,4,0,0,0,0,0,0,1,0,0,0,0,1,1,0,0,0,0,149500.0,https://www.mubawab-media.com/ad/8/270/342F/h/03e87a27-504c-4051-a8f7-b5a5c6c93cc0_81615252.avif
20,0.26,35.8245,10.6346,73.0,2.0,1.0,0.5,0.517,2.0,150620.48,0.3565,4,0,1,0,1,0,1,0,1,1,1,0,0,0,1,0,0,0,260000.0,https://www.mubawab-media.com/ad/8/245/807F/h/518242765_122139308354786503_1332500646520541781_n_81343424.avif
15,0.2633,35.7643,10.8113,112.0,2.0,2.0,0.5,0.3655,2.0,134734.0,0.2778,4,0,1,0,1,1,1,1,0,0,0,1,0,0,0,0,0,0,600000.0,https://www.mubawab-media.com/ad/8/270/506F/h/WhatsApp%20Image%202025-12-11%20at%2012.45.15%20%281%29_81614327.avif
20,0.284,36.8,10.1,79.0,2.0,2.0,0.5,0.3272,2.0,110184.0,0.2766,4,0,0,0,1,0,0,0,0,0,0,1,0,0,0,0,0,0,230000.0,https://www.mubawab-media.com/ad/8/251/440F/h/thumb_1205147_property_large_81399984.avif
20,0.32,36.8,10.1,161.0,5.0,4.0,0.5,0.3244,2.0,110184.0,0.3188,4,0,1,0,1,0,0,1,1,1,1,1,1,1,1,1,0,0,600000.0,https://www.mubawab-media.com/ad/8/129/372F/h/thumb_1069526_property_xlarge_80141196.avif
20,0.32,36.8,10.1,138.0,3.0,2.0,0.5,0.3244,2.0,110184.0,0.2774,4,0,1,1,1,0,0,0,0,1,1,1,0,1,1,0,0,0,440000.0,https://www.mubawab-media.com/ad/8/014/722F/h/thumb_923029_property_xlarge_79012249.avif
20,0.284,36.8,10.1,144.0,2.0,2.0,0.5,0.3272,2.0,110184.0,0.3601,4,0,1,1,1,0,0,1,1,1,1,0,0,0,1,0,0,0,900000.0,https://www.mubawab-media.com/ad/8/255/576F/h/thumb_1154718_property_large_81442581.avif
1,0.332,36.8665,10.1647,110.0,3.0,2.0,0.5,0.247,2.0,43985.0,0.341,4,0,1,0,1,0,0,1,0,0,0,0,0,0,1,1,0,0,378100.0,https://www.mubawab-media.com/ad/7/814/247F/h/06%20%281%29_51074641_60785769.avif
13,0.16,36.8,10.1,131.0,4.0,3.0,0.5,0.2875,2.0,110184.0,0.3341,4,0,1,0,1,0,0,0,0,0,0,0,0,0,1,0,0,0,489000.0,https://www.mubawab-media.com/ad/8/301/365F/h/s%2B3.origRGB.0000.origRGB.0012_81938363_81946551.avif
23,0.32,36.844,10.192,125.0,4.0,3.0,0.5,0.3403,2.0,43985.0,0.3168,4,0,1,0,0,1,0,1,0,0,0,0,0,0,1,0,0,0,552000.0,https://www.mubawab-media.com/ad/8/301/349F/h/T1_81932993_81946313.avif
1,0.3533,36.899,10.2358,122.0,3.0,2.0,0.5,0.4235,2.0,43985.0,0.3108,4,0,0,0,1,0,0,1,0,0,0,0,0,0,1,0,0,0,491000.0,https://www.mubawab-media.com/ad/8/153/035F/h/CHAMBRE%20%20PARENTS_80584198.avif
23,0.6867,36.819,10.2358,115.0,3.0,2.0,0.5,0.517,2.0,43985.0,0.3168,4,0,0,0,0,0,0,0,0,0,0,0,0,0,0,0,0,0,419000.0,nan
20,0.16,36.8,10.1,86.0,2.0,1.0,0.5,0.182,2.0,110184.0,0.3168,4,0,1,0,0,0,0,1,1,1,1,1,1,1,1,0,0,0,212000.0,https://www.mubawab-media.com/ad/8/300/675F/h/C_81932165_81939384.avif
20,0.284,36.8,10.1,56.0,1.0,1.0,0.5,0.3272,2.0,110184.0,0.2782,4,0,1,0,0,0,0,1,1,0,1,1,1,0,0,0,0,0,200000.0,https://www.mubawab-media.com/ad/8/263/417F/h/thumb_968431_property_large_81532792.avif
20,0.32,36.8,10.1,204.0,4.0,3.0,0.5,0.3244,2.0,110184.0,0.3435,4,0,1,1,1,0,1,1,1,1,1,1,1,1,1,0,0,0,850000.0,https://www.mubawab-media.com/ad/8/253/882F/h/thumb_1207992_property_xlarge_81426252.avif
16,0.2833,36.4561,10.7376,66.0,1.0,1.0,0.5,0.4454,2.0,154974.0,0.3156,1,0,1,0,1,1,0,1,1,1,1,1,1,1,1,0,0,1,268000.0,https://www.mubawab-media.com/ad/8/089/213F/h/B32_page-0001-ink_79743322.avif
16,0.32,36.4561,10.7376,75.0,3.0,2.0,0.5,0.4552,2.0,154974.0,0.279,4,0,1,0,1,0,0,1,1,1,1,1,1,1,1,0,0,0,330000.0,https://www.mubawab-media.com/ad/8/264/899F/h/0-1_81551298.avif
23,0.1733,36.819,10.1658,155.0,4.0,3.0,0.5,0.6863,2.0,2562.03,0.2742,4,0,0,0,1,0,0,0,0,0,1,0,0,0,0,0,0,0,380000.0,https://www.mubawab-media.com/ad/8/270/402F/h/img001_81612930.avif
23,0.6867,36.819,10.1658,247.0,3.0,4.0,0.5,0.5524,2.0,2562.03,0.3369,4,0,0,0,1,0,0,1,0,0,0,0,0,0,0,0,0,0,1600000.0,https://www.mubawab-media.com/ad/8/270/361F/h/thumb_1224330_property_xlarge_81612476.avif
3,0.1133,36.7533,10.2283,52.0,3.0,2.0,0.5,0.4302,2.0,114262.5,0.2694,4,0,1,0,0,0,0,0,0,0,0,0,0,0,0,0,0,0,120000.0,https://www.mubawab-media.com/ad/8/270/264F/h/gallery_81611330.avif
1,0.32,36.8665,10.1647,100.0,3.0,2.0,0.5,0.5305,2.0,43985.0,0.2694,2,0,1,0,1,0,0,1,0,0,0,0,0,0,0,0,0,0,310000.0,https://www.mubawab-media.com/ad/8/270/251F/h/gallery_81611235.avif
16,0.2833,36.4561,10.7376,56.0,2.0,1.0,0.5,0.4454,2.0,154974.0,0.3184,4,0,1,0,1,1,0,0,0,1,0,0,0,0,1,0,0,0,235000.0,https://www.mubawab-media.com/ad/8/270/174F/h/thumb_1224631_property_xlarge_81610499.avif
20,0.1333,36.8,10.1,75.0,1.0,1.0,0.5,0.2413,2.0,110184.0,0.3176,4,0,0,1,1,0,0,1,0,0,0,0,0,0,1,0,0,0,215000.0,https://www.mubawab-media.com/ad/8/270/153F/h/5e41f81e-ba39-46b5-b21f-dbdb08f646b1_81610410.avif
20,0.26,35.8245,10.6346,100.0,4.0,3.0,0.5,0.517,2.0,150620.48,0.3168,4,0,0,0,1,0,1,1,0,1,0,0,0,0,1,0,0,0,275000.0,https://www.mubawab-media.com/ad/8/246/499F/h/thumb_1198664_property_xlarge_81350122.avif
20,0.3067,36.8,10.1,145.0,3.0,3.0,0.5,0.3807,2.0,110184.0,0.2794,4,0,1,0,0,0,0,1,0,1,0,0,0,0,1,0,0,0,350000.0,https://www.mubawab-media.com/ad/8/159/133F/h/20250611_135813_80450415.avif
20,0.3067,35.8604,10.5953,90.0,2.0,2.0,0.5,0.3642,2.0,150620.48,0.2794,4,0,1,0,0,0,0,0,1,1,1,1,0,0,0,0,0,0,340000.0,https://www.mubawab-media.com/ad/8/157/436F/h/Screenshot_20250608_132847_Gallery_80433211.avif
20,0.32,36.8,10.1,146.0,3.0,3.0,0.5,0.3244,2.0,110184.0,0.3156,4,0,1,0,1,0,0,1,0,1,0,0,0,0,1,0,0,0,450000.0,https://www.mubawab-media.com/ad/8/153/533F/h/Screenshot_20250531_130412_Gallery_80390749.avif
1,0.32,36.8665,10.1647,100.0,3.0,2.0,0.5,0.5305,2.0,43985.0,0.2794,4,0,0,0,1,0,0,0,0,1,0,0,0,0,1,0,0,0,260000.0,https://www.mubawab-media.com/ad/8/263/622F/h/WhatsApp%20Image%202025-12-01%20%C3%A0%2011.59.51_43d154ca_81535454.avif
13,0.2467,36.8,10.1,176.0,3.0,3.0,0.5,0.2476,2.0,110184.0,0.3136,4,0,1,0,1,1,1,1,0,0,0,0,0,0,0,0,0,0,300000.0,https://www.mubawab-media.com/ad/8/153/411F/h/Screenshot_20250531_092920_Gallery_80389579.avif
1,0.3533,36.899,10.2358,117.0,3.0,2.0,0.5,0.4235,2.0,43985.0,0.3228,4,0,1,0,0,0,0,0,0,1,0,0,0,0,1,0,0,0,330000.0,https://www.mubawab-media.com/ad/8/269/958F/h/photo_00_81608253.avif
23,0.6867,36.819,10.1658,170.0,4.0,3.0,0.5,0.5524,2.0,2562.03,0.339,4,0,1,0,1,0,0,1,1,1,1,1,1,1,1,0,0,0,1071000.0,https://www.mubawab-media.com/ad/8/269/931F/h/506x0_90_1_c_FFFFFF_4082702f7c07226754bc3b2cccf15731_81607991.avif
16,0.2833,36.4561,10.7376,115.0,3.0,2.0,0.5,0.4454,2.0,154974.0,0.2762,4,0,1,0,1,0,0,1,1,1,1,1,1,1,0,0,0,1,310000.0,https://www.mubawab-media.com/ad/8/167/194F/h/thumb_1199364_property_big_81365470.avif
23,0.6867,36.819,10.1658,110.0,3.0,2.0,0.5,0.5524,2.0,2562.03,0.339,2,0,1,0,1,0,0,1,1,1,1,1,1,1,1,0,0,0,680000.0,https://www.mubawab-media.com/ad/8/269/913F/h/506x0_90_1_c_FFFFFF_027e23a57046577d84032dac8230d89b_81607744.avif
23,0.6867,36.819,10.1658,65.0,2.0,1.0,0.5,0.5524,2.0,2562.03,0.339,3,0,1,0,1,0,0,1,1,1,1,1,1,1,1,0,0,0,415000.0,https://www.mubawab-media.com/ad/8/269/902F/h/03-600x400_81607635.avif
23,0.1467,36.8,10.1,170.0,3.0,8.0,0.5,0.3123,2.0,110184.0,0.2706,4,0,0,0,1,0,0,0,0,0,0,0,0,0,0,0,0,0,152000.0,https://www.mubawab-media.com/ad/8/269/830F/h/thumb_1220709_property_xlarge_81606786.avif
23,0.4,36.8769,10.3247,100.0,3.0,2.0,0.5,0.8015,2.0,2562.03,0.3313,4,0,1,0,1,0,0,1,1,1,1,1,0,1,1,1,0,0,235000.0,https://www.mubawab-media.com/ad/8/269/699F/h/Untitled%20design%20%283%29_81605664.avif
23,0.32,36.844,10.192,152.0,4.0,3.0,0.5,0.3403,2.0,43985.0,0.3273,4,0,1,0,1,1,0,1,0,0,0,0,0,0,1,0,0,0,686000.0,https://www.mubawab-media.com/ad/8/301/350F/h/T11_81932996_81946346.avif
1,0.3533,36.899,10.2358,121.0,3.0,2.0,0.5,0.4235,2.0,43985.0,0.3172,4,0,0,0,1,0,0,1,0,0,0,0,0,0,1,0,0,0,477000.0,https://www.mubawab-media.com/ad/8/153/039F/h/cuisine%20%20ferm%C3%A9e%20%20vue%20%202_81793790.avif
20,0.16,36.8,10.1,97.0,3.0,2.0,0.5,0.182,2.0,110184.0,0.3188,4,0,1,0,0,0,0,0,1,1,1,1,1,1,1,0,0,0,240000.0,https://www.mubawab-media.com/ad/8/300/676F/h/B_81932167_81939424.avif
23,0.6867,36.819,10.2358,115.0,3.0,2.0,0.5,0.517,2.0,43985.0,0.3168,4,0,0,0,0,0,0,0,0,0,0,0,0,0,0,0,0,0,419000.0,nan
1,0.3533,36.899,10.2358,80.0,3.0,2.0,0.5,0.4235,2.0,43985.0,0.3152,3,0,0,0,0,0,0,0,0,0,0,0,0,0,0,0,0,0,175000.0,https://www.mubawab-media.com/ad/7/910/408F/h/essaraya%20III%201200_74829960_74829963.avif
23,0.092,36.8,10.1,115.0,3.0,2.0,0.5,0.3155,2.0,110184.0,0.2694,4,0,0,0,0,0,0,1,1,1,1,0,0,0,0,0,0,0,250000.0,https://www.mubawab-media.com/ad/8/269/640F/h/gallery_81605107.avif
1,0.3533,36.899,10.2358,158.0,4.0,3.0,0.5,0.4235,2.0,43985.0,0.3022,4,0,0,0,1,1,0,0,1,1,1,1,1,1,0,1,0,0,980000.0,https://www.mubawab-media.com/ad/8/248/996F/h/image_1_81374858.avif
20,0.32,36.8,10.1,212.0,4.0,3.0,0.5,0.3244,2.0,110184.0,0.3589,4,0,0,0,1,1,0,1,1,1,1,1,1,1,1,1,0,0,750000.0,https://www.mubawab-media.com/ad/8/246/407F/h/WhatsApp%20Image%202025-11-03%20at%2016.48.38_81349308.avif
20,0.284,36.8,10.1,55.0,2.0,1.0,0.5,0.3272,2.0,110184.0,0.3386,3,0,1,0,1,0,0,1,1,1,1,1,1,1,0,0,0,0,177000.0,https://www.mubawab-media.com/ad/8/265/531F/h/WhatsApp%20Image%202025-11-18%20at%2010.34.04_81558329.avif
23,0.4,36.8769,10.3247,73.0,2.0,1.0,0.5,0.8015,2.0,2562.03,0.2778,4,0,0,0,1,0,0,1,0,1,1,1,0,0,1,0,0,0,200000.0,https://www.mubawab-media.com/ad/8/269/484F/h/IMG_6026_81603485.avif
23,0.4,36.8769,10.3247,100.0,4.0,3.0,0.5,0.8015,2.0,2562.03,0.3266,1,0,0,0,1,0,0,0,0,0,0,0,0,0,0,0,0,0,150000.0,https://www.mubawab-media.com/ad/8/269/480F/h/50e04e81-96dc-4ee1-b1af-2e87b541505c_81603459.avif
1,0.32,36.8665,10.1647,67.0,2.0,1.0,0.5,0.5305,2.0,43985.0,0.3313,4,0,1,0,0,0,0,0,0,1,0,0,0,0,1,1,0,0,225000.0,https://www.mubawab-media.com/ad/8/269/474F/h/IMG_5627_81603346.avif
1,0.32,36.8665,10.1647,129.0,4.0,3.0,0.5,0.5305,2.0,43985.0,0.3301,4,0,1,0,1,0,0,0,0,1,0,0,0,0,1,1,0,0,355000.0,https://www.mubawab-media.com/ad/8/269/464F/h/IMG_6023_81603188.avif
16,0.32,36.4561,10.7376,130.0,4.0,3.0,0.5,0.4552,2.0,154974.0,0.3184,4,0,0,0,0,1,0,1,0,0,0,0,0,0,0,1,0,0,530000.0,https://www.mubawab-media.com/ad/8/263/540F/h/real%20estate%20%28Facebook%20Post%29%20%28100%29_81534706.avif
1,0.32,36.8665,10.1647,110.0,4.0,3.0,0.5,0.5305,2.0,43985.0,0.2694,4,0,1,0,0,0,0,0,0,0,0,0,0,0,0,0,0,0,335000.0,https://www.mubawab-media.com/ad/8/229/155F/h/gallery_81167797.avif
1,0.32,36.8665,10.1647,144.0,4.0,3.0,0.5,0.5305,2.0,43985.0,0.318,4,0,0,0,1,0,0,0,0,1,1,1,0,0,0,0,0,0,280000.0,https://www.mubawab-media.com/ad/8/269/392F/h/IMG-20251210-WA0005_81602413.avif
1,0.3533,36.899,10.2358,143.0,4.0,3.0,0.5,0.4235,2.0,43985.0,0.3269,4,0,0,0,0,0,0,1,0,1,0,0,0,0,1,1,0,0,650000.0,https://www.mubawab-media.com/ad/8/174/243F/h/thumb_1122064_property_xlarge_80603966.avif
23,0.1733,36.819,10.1658,60.0,1.0,2.0,0.5,0.6863,2.0,2562.03,0.3144,3,0,0,0,0,0,0,0,0,0,0,0,0,0,0,0,0,0,128000.0,https://www.mubawab-media.com/ad/8/269/325F/h/PSX_20251110_152309_81601911.avif
20,0.1333,36.8,10.1,74.0,2.0,2.0,0.5,0.2413,2.0,110184.0,0.279,4,0,0,0,0,0,1,0,0,1,1,0,0,0,0,0,0,0,295000.0,https://www.mubawab-media.com/ad/8/146/176F/h/thumb_61212_property_xlarge_80309740.avif
1,0.32,36.8665,10.1647,130.0,3.0,3.0,0.5,0.5305,2.0,43985.0,0.277,4,0,1,0,1,0,0,1,0,0,1,1,0,0,0,0,0,0,350000.0,https://www.mubawab-media.com/ad/8/269/278F/h/thumb_1223538_property_large_81601136.avif
23,0.6867,36.819,10.1658,223.0,4.0,3.0,0.5,0.5524,2.0,2562.03,0.3679,4,0,1,0,1,1,0,1,1,1,1,1,0,0,1,1,0,0,1780000.0,https://www.mubawab-media.com/ad/8/242/717F/h/thumb_1194151_property_large_81309157.avif
23,0.6867,36.819,10.1658,62.0,2.0,1.0,0.5,0.5524,2.0,2562.03,0.3379,4,0,1,0,1,0,0,0,1,0,0,1,0,0,1,0,0,0,500000.0,https://www.mubawab-media.com/ad/8/240/146F/h/9434c077-f4ae-4b94-b45e-078facfa563f_81284149.avif
16,0.2833,36.4561,10.7376,208.0,4.0,3.0,0.5,0.4454,2.0,154974.0,0.2706,4,0,0,0,1,0,0,0,0,1,1,1,0,0,0,0,0,0,360000.0,https://www.mubawab-media.com/ad/8/269/176F/h/fotohigh-viewimg_81600231.avif
1,0.332,36.8665,10.1647,137.0,3.0,2.0,0.5,0.247,2.0,43985.0,0.3232,4,0,1,0,0,0,0,1,0,0,0,0,0,0,1,1,0,0,375200.0,https://www.mubawab-media.com/ad/8/180/235F/h/salon%201_51074648_80664823.avif
23,0.32,36.844,10.192,142.0,5.0,4.0,0.5,0.3403,2.0,43985.0,0.3313,4,0,1,0,1,1,0,1,0,0,0,0,0,0,1,0,0,0,701000.0,https://www.mubawab-media.com/ad/8/301/351F/h/T11_81932996_81946390.avif
1,0.3533,36.899,10.2358,121.0,3.0,2.0,0.5,0.4235,2.0,43985.0,0.3172,4,0,0,0,1,0,0,1,0,0,0,0,0,0,1,0,0,0,477000.0,https://www.mubawab-media.com/ad/8/153/039F/h/cuisine%20%20ferm%C3%A9e%20%20vue%20%202_81793790.avif
20,0.16,36.8,10.1,111.0,3.0,2.0,0.5,0.182,2.0,110184.0,0.2915,4,0,1,0,1,0,0,1,0,0,0,0,0,0,1,0,0,0,320000.0,https://www.mubawab-media.com/ad/8/300/677F/h/1%20%282%29_81932159_81939431.avif
1,0.3533,36.899,10.2358,80.0,3.0,2.0,0.5,0.4235,2.0,43985.0,0.3204,4,0,0,0,0,0,0,0,0,0,0,0,0,0,0,0,0,0,175000.0,https://www.mubawab-media.com/ad/7/925/872F/h/fac%C3%8C%C2%A7ade02_76070187_76070266.avif
20,0.3333,35.8245,10.6346,91.0,1.0,2.0,0.5,0.2902,2.0,150620.48,0.3192,4,0,1,0,1,1,1,1,1,1,1,1,1,1,1,1,0,0,429000.0,https://www.mubawab-media.com/ad/7/063/250F/h/costa%2011%20-copie_81532535.avif
23,0.6867,36.819,10.1658,178.0,5.0,4.0,0.5,0.5524,2.0,2562.03,0.3203,4,0,1,0,1,0,0,1,1,1,1,1,1,1,1,0,0,0,710000.0,https://www.mubawab-media.com/ad/8/268/848F/h/1000197090_81596475.avif
1,0.32,36.8665,10.1647,133.0,4.0,3.0,0.5,0.5305,2.0,43985.0,0.2818,4,0,0,0,1,0,0,1,1,1,1,1,0,1,0,0,0,0,220000.0,https://www.mubawab-media.com/ad/8/268/673F/h/592901833_1866640330619959_9083166938895548740_n_81598361.avif
1,0.3533,36.899,10.2358,70.0,2.0,1.0,0.5,0.4235,2.0,43985.0,0.2746,4,0,1,0,1,0,0,1,0,1,1,1,0,0,1,0,0,0,259000.0,https://www.mubawab-media.com/ad/8/268/983F/h/thumb_1223208_property_xlarge_81597892.avif
1,0.332,36.8665,10.1647,198.0,4.0,3.0,0.5,0.247,2.0,43985.0,0.331,4,0,1,1,1,0,1,1,1,1,1,1,1,1,1,0,0,0,770000.0,https://www.mubawab-media.com/ad/8/100/954F/h/WhatsApp%20Image%202024-12-10%20%C3%A0%2016.21.49_f007f6b7_79855027.avif
16,0.32,36.4561,10.7376,72.0,2.0,1.0,0.5,0.4552,2.0,154974.0,0.3168,4,0,1,0,1,1,0,0,1,1,1,1,0,0,1,0,0,0,265000.0,https://www.mubawab-media.com/ad/8/245/935F/h/61199f55-6519-47d3-9c85-4409ee2b8568_81344746.avif
4,0.2367,36.8,10.1,100.0,3.0,2.0,0.5,0.151,2.0,110184.0,0.2754,4,0,0,0,1,0,0,0,0,0,0,0,0,0,0,0,0,0,160000.0,https://www.mubawab-media.com/ad/8/268/863F/h/3_81596686.avif
16,0.32,36.4561,10.7376,104.0,3.0,2.0,0.5,0.4552,2.0,154974.0,0.342,4,0,1,0,1,1,0,0,0,0,0,0,0,0,0,0,0,1,230000.0,https://www.mubawab-media.com/ad/8/226/562F/h/thumb_1175039_property_xlarge_81139405.avif
16,0.2833,36.4561,10.7376,67.0,2.0,1.0,0.5,0.4454,2.0,154974.0,0.34,4,0,1,0,1,1,0,0,0,0,0,0,0,0,1,0,0,0,250000.0,https://www.mubawab-media.com/ad/8/224/426F/h/b7a7cc4e-4c4a-45e4-b972-6133b4285635_81180595.avif
20,0.3333,35.8245,10.6346,90.0,2.0,2.0,0.5,0.2902,2.0,150620.48,0.3391,4,0,0,0,1,0,1,1,1,0,0,0,0,0,1,1,0,0,380000.0,https://www.mubawab-media.com/ad/8/239/781F/h/thumb_63139_property_xlarge_81280286.avif
20,0.32,36.8,10.1,180.0,2.0,2.0,0.5,0.3244,2.0,110184.0,0.2826,4,0,1,0,1,0,1,1,0,0,0,0,0,0,1,0,0,0,850000.0,https://www.mubawab-media.com/ad/8/155/277F/h/thumb_36715_property_xlarge_80410738.avif
23,0.6867,36.819,10.1658,188.0,4.0,3.0,0.5,0.5524,2.0,2562.03,0.3407,4,0,1,0,1,0,0,1,0,0,0,0,0,0,0,0,0,0,1280000.0,https://www.mubawab-media.com/ad/8/254/084F/h/image_1_81427272.avif
23,0.32,36.844,10.192,99.0,4.0,3.0,0.5,0.3403,2.0,43985.0,0.3156,4,0,0,0,1,0,0,0,0,0,0,1,0,0,0,0,0,0,260000.0,https://www.mubawab-media.com/ad/8/145/653F/h/CmcnqsL6RFuJZ2IR-thumb_81363845.avif
23,0.32,36.844,10.192,130.0,7.0,3.0,0.5,0.3403,2.0,43985.0,0.3148,2,0,0,0,1,0,0,1,0,0,0,1,0,0,0,0,0,0,330000.0,https://www.mubawab-media.com/ad/8/137/475F/h/gMr8TbwKVInrXHSW-thumb_81426703.avif
23,0.6867,36.819,10.1658,76.0,1.0,1.0,0.5,0.5524,2.0,2562.03,0.3419,2,0,1,0,0,0,0,0,0,1,1,0,0,0,1,0,0,0,330000.0,https://www.mubawab-media.com/ad/8/267/148F/h/1000279138_81593947.avif
20,0.284,36.8,10.1,135.0,4.0,3.0,0.5,0.3272,2.0,110184.0,0.3152,4,0,1,0,1,0,0,1,0,1,1,0,0,0,0,0,0,0,395000.0,https://www.mubawab-media.com/ad/8/256/175F/h/WhatsApp%20Image%202025-11-12%20at%2016.09.33%20%281%29_81448937.avif
16,0.13,36.8,10.1,65.0,2.0,1.0,0.5,0.2426,2.0,110184.0,0.2774,4,0,0,1,1,0,0,0,0,0,0,0,0,0,0,0,0,0,175000.0,https://www.mubawab-media.com/ad/8/220/041F/h/499825857_710838174756477_1130996659659304293_n_81069948.avif
1,0.32,36.8665,10.1647,165.0,4.0,3.0,0.5,0.5305,2.0,43985.0,0.3132,4,0,1,0,1,0,0,1,0,1,1,1,0,0,1,0,0,0,629900.0,https://www.mubawab-media.com/ad/8/166/517F/h/1750693684396_80525092.avif
23,0.4,36.8769,10.3247,56.0,2.0,1.0,0.5,0.8015,2.0,2562.03,0.314,4,0,1,0,1,0,0,1,1,1,1,1,1,1,1,1,0,0,215000.0,https://www.mubawab-media.com/ad/8/147/226F/h/1_80321987.avif
3,0.32,36.8,10.1,128.0,4.0,3.0,0.5,0.2195,2.0,110184.0,0.2714,4,0,0,0,1,0,0,0,0,0,1,1,0,0,0,0,0,0,360000.0,https://www.mubawab-media.com/ad/8/267/481F/h/WhatsApp%20Image%202025-12-06%20at%2019.50.32%20%283%29_81582358.avif
3,0.0933,36.7533,10.2283,75.0,3.0,2.0,0.5,0.2965,2.0,114262.5,0.2694,4,0,0,0,1,0,0,0,0,0,0,0,0,0,0,0,0,0,150000.0,https://www.mubawab-media.com/ad/8/267/476F/h/gallery_81582301.avif
23,0.4,36.8769,10.3247,65.0,2.0,1.0,0.5,0.8015,2.0,2562.03,0.273,4,0,0,0,0,0,0,1,1,1,1,1,1,1,1,1,0,0,370000.0,https://www.mubawab-media.com/ad/8/267/433F/h/WhatsApp%20Image%202025-12-06%20at%2013.16.45%20%281%29_81581844.avif
16,0.2833,36.4561,10.7376,97.0,2.0,1.0,0.5,0.4454,2.0,154974.0,0.3184,4,0,1,1,1,0,1,1,0,0,0,1,0,0,1,0,0,0,400000.0,https://www.mubawab-media.com/ad/8/184/180F/h/1%20copie_80704773.avif
1,0.332,36.8665,10.1647,128.0,3.0,2.0,0.5,0.247,2.0,43985.0,0.324,4,0,1,0,1,0,0,1,0,0,0,0,0,0,1,1,0,0,354000.0,https://www.mubawab-media.com/ad/8/180/238F/h/02%20%288%29_51074640_80664838.avif
20,0.16,36.8,10.1,122.0,4.0,3.0,0.5,0.182,2.0,110184.0,0.316,4,0,1,0,0,0,0,1,0,0,0,0,0,0,1,0,0,0,300000.0,https://www.mubawab-media.com/ad/8/300/678F/h/1%20%282%29_81932159_81939446.avif
1,0.3533,36.899,10.2358,117.0,4.0,3.0,0.5,0.4235,2.0,43985.0,0.3224,4,0,0,0,0,0,0,0,1,0,0,1,0,1,0,0,0,0,263000.0,https://www.mubawab-media.com/ad/7/925/873F/h/fac%C3%8C%C2%A7ade02_76070187_76070395.avif
20,0.3333,35.8245,10.6346,73.0,1.0,1.0,0.5,0.2902,2.0,150620.48,0.3192,4,0,1,0,1,1,1,1,1,1,1,1,1,1,1,1,0,0,324000.0,https://www.mubawab-media.com/ad/7/063/253F/h/DSC06236_79935219.avif
1,0.332,36.819,10.2358,115.0,3.0,2.0,0.5,0.517,2.0,43985.0,0.3168,4,0,0,0,0,0,0,0,0,0,0,0,0,0,0,0,0,0,369000.0,nan
16,0.32,36.4561,10.7376,67.0,1.0,1.0,0.5,0.4552,2.0,154974.0,0.3184,4,0,1,1,1,1,1,1,1,1,1,1,1,1,0,1,0,0,295000.0,https://www.mubawab-media.com/ad/6/936/473F/h/Bousten%20%283%29_81151987.avif
16,0.32,36.4561,10.7376,95.0,2.0,2.0,0.5,0.4552,2.0,154974.0,0.3192,4,0,0,0,0,0,0,0,0,1,1,1,0,0,1,1,0,0,330000.0,https://www.mubawab-media.com/ad/8/267/377F/h/10_81581198.avif
20,0.32,36.8,10.1,80.0,3.0,2.0,0.5,0.3244,2.0,110184.0,0.302,4,0,1,0,1,0,0,1,1,1,1,1,1,1,0,0,0,0,355000.0,https://www.mubawab-media.com/ad/8/245/100F/h/WhatsApp%20Image%202025-10-31%20at%2016.56.16_81335737.avif
3,0.0933,36.7533,10.2283,100.0,3.0,3.0,0.5,0.2965,2.0,114262.5,0.2718,3,0,0,0,1,0,0,1,0,0,0,0,0,0,0,0,0,0,155000.0,https://www.mubawab-media.com/ad/8/264/482F/h/5_81547216.avif
23,0.35,36.77,10.23,141.0,4.0,3.0,0.5,0.2779,2.0,2562.03,0.2726,1,0,1,0,0,0,0,1,0,0,1,1,0,0,1,0,0,0,549000.0,https://www.mubawab-media.com/ad/8/162/280F/h/4_80482701.avif
23,0.4,36.8769,10.3247,189.0,4.0,3.0,0.5,0.8015,2.0,2562.03,0.3426,4,0,1,0,1,0,0,1,0,0,0,0,0,0,1,1,0,0,1436000.0,https://www.mubawab-media.com/ad/8/267/217F/h/GyojHeCnLHq0Irkz-thumb_81579748.avif
20,0.3067,36.8,10.1,96.0,3.0,2.0,0.5,0.3807,2.0,110184.0,0.2734,4,0,0,0,1,0,0,1,0,1,1,1,0,0,0,0,0,0,290000.0,https://www.mubawab-media.com/ad/8/188/975F/h/thumb_1133915_property_xlarge_80752695.avif
20,0.3067,35.8604,10.5953,90.0,2.0,2.0,0.5,0.3642,2.0,150620.48,0.312,4,0,0,0,0,0,0,1,0,0,0,0,0,0,0,0,0,0,395000.0,https://www.mubawab-media.com/ad/8/246/689F/h/thumb_1198993_property_large_81351865.avif
4,0.24,37.2744,9.8739,100.0,3.0,2.0,0.5,0.4278,2.0,61540.22,0.2694,4,0,0,0,0,0,0,0,1,0,0,1,0,0,0,0,0,0,330000.0,https://www.mubawab-media.com/ad/8/267/053F/h/gallery_81577935.avif
23,0.0233,36.8,10.1,90.0,3.0,2.0,0.5,0.151,2.0,110184.0,0.2722,4,0,0,0,1,0,0,0,0,0,0,0,0,0,1,0,0,0,160000.0,https://www.mubawab-media.com/ad/8/127/165F/h/3d700c6a-561c-4bb8-879f-de122aca79fd-w1000__80119405.avif
23,0.1733,36.819,10.1658,60.0,3.0,2.0,0.5,0.6863,2.0,2562.03,0.2722,4,0,0,0,0,0,0,0,0,0,0,1,0,0,0,0,0,0,140000.0,https://www.mubawab-media.com/ad/8/127/151F/h/IMG_20250412_134616_80119299.avif
23,0.4,36.8769,10.3247,69.0,3.0,1.0,0.5,0.8015,2.0,2562.03,0.3073,4,0,1,0,1,0,0,1,0,0,0,0,0,0,1,1,0,0,240000.0,https://www.mubawab-media.com/ad/8/266/961F/h/2d2450f6-4db5-42e5-8cfd-993f92c4cc4e_81577069.avif
20,0.3067,35.8604,10.5953,115.0,2.0,2.0,0.5,0.3642,2.0,150620.48,0.3156,2,0,0,0,1,0,0,0,0,0,0,0,0,0,0,0,0,0,580000.0,https://www.mubawab-media.com/ad/8/266/689F/h/thumb_63931_property_big_81575145.avif
1,0.3533,36.899,10.2358,156.0,4.0,3.0,0.5,0.4235,2.0,43985.0,0.2774,4,0,1,0,1,0,0,1,0,0,0,0,0,0,1,0,0,0,620000.0,https://www.mubawab-media.com/ad/8/250/609F/h/IMG_4145_81788388.avif
3,0.0933,36.7533,10.2283,89.0,4.0,3.0,0.5,0.2965,2.0,114262.5,0.2766,4,0,0,0,1,0,0,1,0,1,1,0,0,0,0,0,0,1,160000.0,https://www.mubawab-media.com/ad/8/244/093F/h/WhatsApp%20Image%202025-10-30%20at%2014.28.20%20%281%29_81323534.avif
1,0.3533,36.899,10.2358,113.0,3.0,2.0,0.5,0.4235,2.0,43985.0,0.3297,4,0,1,0,1,0,0,1,1,1,1,1,0,1,1,1,0,0,420000.0,https://www.mubawab-media.com/ad/8/253/969F/h/WhatsApp%20Image%202025-11-17%20at%2011.44.57_81426142.avif
23,0.4,36.8769,10.3247,75.0,3.0,1.0,0.5,0.8015,2.0,2562.03,0.3073,4,0,1,0,1,0,0,1,1,1,1,1,1,0,1,0,0,0,270000.0,https://www.mubawab-media.com/ad/8/266/754F/h/738aa9da-9d94-4361-89ad-8870d136c8ee_81574846.avif
20,0.3067,36.8,10.1,105.0,3.0,2.0,0.5,0.3807,2.0,110184.0,0.3144,4,0,1,0,1,0,0,0,1,1,1,1,1,1,1,0,0,0,347000.0,https://www.mubawab-media.com/ad/8/266/742F/h/20251202_122732_81574834.avif
23,0.4,36.8769,10.3247,289.0,3.0,3.0,0.5,0.8015,2.0,2562.03,0.2738,4,0,0,0,1,0,0,1,1,1,1,1,1,1,1,0,0,0,1500000.0,https://www.mubawab-media.com/ad/8/266/731F/h/thumb_1220814_property_large_81574666.avif
3,0.32,36.8,10.1,116.0,1.0,2.0,0.5,0.2195,2.0,110184.0,0.2774,4,0,1,0,0,0,0,1,1,0,1,1,1,1,1,0,0,0,280000.0,https://www.mubawab-media.com/ad/8/243/650F/h/WhatsApp%20Image%202025-10-29%20at%2010.41.00_81318998.avif
23,0.4,36.8769,10.3247,155.0,4.0,4.0,0.5,0.8015,2.0,2562.03,0.277,4,0,0,0,1,0,0,0,0,0,0,0,0,0,0,0,0,0,255000.0,https://www.mubawab-media.com/ad/8/020/517F/h/thumb_929955_property_xlarge_79067403.avif
1,0.332,36.8665,10.1647,104.0,2.0,1.0,0.5,0.247,2.0,43985.0,0.343,4,0,1,0,1,0,0,1,0,0,0,0,0,0,1,1,0,0,316100.0,https://www.mubawab-media.com/ad/8/180/245F/h/salon%201_51074648_80664965.avif
1,0.3533,36.899,10.2358,78.0,2.0,1.0,0.5,0.4235,2.0,43985.0,0.3108,4,0,0,0,1,0,0,1,0,0,0,0,0,0,1,0,0,0,309000.0,https://www.mubawab-media.com/ad/8/153/054F/h/A05%20SALON%20CUISINE_80615741.avif
20,0.16,36.8,10.1,141.0,4.0,3.0,0.5,0.182,2.0,110184.0,0.2915,4,0,1,0,1,0,0,1,0,0,0,0,0,0,1,0,0,0,367000.0,https://www.mubawab-media.com/ad/8/300/679F/h/2._81932169_81939512.avif
1,0.3533,36.899,10.2358,117.0,4.0,3.0,0.5,0.4235,2.0,43985.0,0.32,4,0,0,0,0,0,0,0,1,0,0,1,0,0,0,0,0,0,263000.0,https://www.mubawab-media.com/ad/7/925/874F/h/fac%C3%8C%C2%A7ade02_76070187_76070520.avif
20,0.3333,35.8245,10.6346,103.0,1.0,2.0,0.5,0.2902,2.0,150620.48,0.3447,4,0,1,0,1,1,1,0,0,0,0,0,0,0,0,1,0,0,465000.0,https://www.mubawab-media.com/ad/7/063/254F/h/copie%20de%2019_81600831.avif
16,0.32,36.4561,10.7376,96.0,5.0,3.0,0.5,0.4552,2.0,154974.0,0.322,4,0,1,1,1,1,1,1,1,1,1,1,1,1,1,1,0,0,585000.0,https://www.mubawab-media.com/ad/6/952/075F/h/9_14965173.avif
23,0.6867,36.819,10.2358,115.0,3.0,2.0,0.5,0.517,2.0,43985.0,0.3168,4,0,0,0,0,0,0,0,0,0,0,0,0,0,0,0,0,0,635000.0,nan
20,0.3067,36.8,10.1,97.0,2.0,2.0,0.5,0.3807,2.0,110184.0,0.316,4,0,1,0,1,1,0,1,1,1,1,1,1,1,1,1,0,0,340000.0,https://www.mubawab-media.com/ad/7/662/391F/h/6_79949062.avif
23,0.1733,36.819,10.1658,100.0,4.0,3.0,0.5,0.6863,2.0,2562.03,0.3321,1,0,0,0,0,0,0,1,0,0,0,0,0,0,1,1,0,0,250000.0,https://www.mubawab-media.com/ad/8/266/661F/h/IMG_0341_81573969.avif
1,0.3533,36.899,10.2358,100.0,3.0,1.0,0.5,0.4235,2.0,43985.0,0.3236,4,0,1,0,1,0,0,1,1,1,1,1,1,1,1,1,0,0,260000.0,https://www.mubawab-media.com/ad/8/266/463F/h/photo_00_81571763.avif
23,0.6867,36.819,10.1658,148.0,3.0,2.0,0.5,0.5524,2.0,2562.03,0.3363,4,0,1,0,1,1,0,1,1,1,1,1,1,1,1,0,0,0,750000.0,https://www.mubawab-media.com/ad/8/227/444F/h/logo1_81149322.avif
23,0.6867,36.819,10.1658,223.0,5.0,4.0,0.5,0.5524,2.0,2562.03,0.359,4,0,0,0,1,1,0,1,1,1,1,1,1,1,0,1,0,0,1800000.0,https://www.mubawab-media.com/ad/8/091/768F/h/logo1_79860959.avif
1,0.3533,36.899,10.2358,90.0,3.0,2.0,0.5,0.4235,2.0,43985.0,0.3309,1,0,1,0,1,0,0,1,0,0,0,0,0,0,1,0,0,0,360000.0,https://www.mubawab-media.com/ad/8/264/814F/h/IMG_0690_81550483.avif
23,0.4,36.8769,10.3247,300.0,5.0,4.0,0.5,0.8015,2.0,2562.03,0.3412,1,0,1,0,1,0,1,1,0,0,0,0,0,0,1,0,0,0,1850000.0,https://www.mubawab-media.com/ad/8/257/987F/h/image-1%20%281%29_81474655.avif
1,0.3533,36.899,10.2358,108.0,3.0,2.0,0.5,0.4235,2.0,43985.0,0.3128,1,0,1,0,0,0,0,1,0,1,0,0,0,0,1,1,0,0,425000.0,https://www.mubawab-media.com/ad/8/266/025F/h/PHOTOS%201_81563614.avif
23,0.4,36.8769,10.3247,90.0,3.0,2.0,0.5,0.8015,2.0,2562.03,0.3148,4,0,1,1,0,0,0,0,0,0,0,0,0,0,1,0,0,0,279000.0,https://www.mubawab-media.com/ad/8/265/990F/h/WhatsApp%20Image%202025-12-04%20at%209.28.18%20AM%20%282%29_cleanup_81563406.avif
4,0.24,37.2744,9.8739,51.0,3.0,2.0,0.5,0.4278,2.0,61540.22,0.2694,4,0,0,0,0,0,0,0,0,0,0,0,0,0,0,0,0,0,150000.0,https://www.mubawab-media.com/ad/8/214/006F/h/gallery_81005672.avif
4,0.24,37.2744,9.8739,110.0,3.0,2.0,0.5,0.4278,2.0,61540.22,0.2694,4,0,0,0,0,0,0,1,0,0,0,0,0,0,0,0,0,0,160000.0,https://www.mubawab-media.com/ad/8/159/979F/h/gallery_80458771.avif
1,0.332,36.8665,10.1647,290.0,6.0,5.0,0.5,0.247,2.0,43985.0,0.2782,4,0,0,0,1,0,0,1,0,0,0,0,0,0,0,1,0,0,330000.0,https://www.mubawab-media.com/ad/8/250/951F/h/38151fb3-aab9-4a29-b443-396f9e434ddb_81395139.avif
1,0.332,36.8665,10.1647,150.0,4.0,3.0,0.5,0.247,2.0,43985.0,0.275,4,0,1,0,1,0,0,1,0,1,1,0,0,0,0,0,0,0,350000.0,https://www.mubawab-media.com/ad/8/232/713F/h/WhatsApp%20Image%202025-05-29%20at%2008.50.31%20%281%29_81208413.avif
1,0.32,36.8665,10.1647,64.0,2.0,1.0,0.5,0.5305,2.0,43985.0,0.3199,4,0,1,0,1,0,0,0,0,0,0,0,0,0,1,0,0,1,230000.0,https://www.mubawab-media.com/ad/8/265/390F/h/d_81556887.avif
23,0.4,36.8769,10.3247,106.0,3.0,2.0,0.5,0.8015,2.0,2562.03,0.3164,4,0,1,0,1,0,0,1,0,1,0,0,0,0,1,0,0,0,300000.0,https://www.mubawab-media.com/ad/8/252/864F/h/WhatsApp%20Image%202025-11-14%20at%205.38.28%20PM%20%281%29_81414498.avif
23,0.6867,36.819,10.1658,87.0,2.0,2.0,0.5,0.5524,2.0,2562.03,0.3305,3,0,1,0,0,0,0,0,0,1,1,0,1,0,1,0,0,0,430000.0,https://www.mubawab-media.com/ad/8/254/829F/h/1000277206_81434921.avif
1,0.3533,36.899,10.2358,83.0,2.0,2.0,0.5,0.4235,2.0,43985.0,0.2742,4,0,1,0,1,0,0,1,0,0,0,0,0,0,1,0,0,0,375000.0,https://www.mubawab-media.com/ad/8/265/673F/h/1_81559722.avif
1,0.3533,36.899,10.2358,122.0,2.0,2.0,0.5,0.4235,2.0,43985.0,0.2722,2,0,1,0,0,0,0,1,0,0,0,0,0,0,0,0,0,0,650000.0,https://www.mubawab-media.com/ad/8/265/642F/h/S%2B2_81559311.avif
1,0.32,36.8665,10.1647,75.0,3.0,2.0,0.5,0.5305,2.0,43985.0,0.3277,4,0,1,0,1,0,0,1,0,1,1,1,0,1,1,0,0,1,400000.0,https://www.mubawab-media.com/ad/8/265/601F/h/f2e8d342-0043-4a34-aa5c-770d339580bc_81558992.avif
23,0.32,36.844,10.192,105.0,2.0,2.0,0.5,0.3403,2.0,43985.0,0.2738,4,0,1,0,1,0,0,1,0,0,1,0,0,0,0,0,0,0,260000.0,https://www.mubawab-media.com/ad/8/257/761F/h/3b1b4948-909a-4e6c-b8f2-6a583ab97c76_81557769.avif
1,0.332,36.8665,10.1647,96.0,3.0,2.0,0.5,0.247,2.0,43985.0,0.3285,4,0,1,0,1,0,0,1,0,0,0,0,0,0,1,1,0,0,309900.0,https://www.mubawab-media.com/ad/8/180/248F/h/image_6483441%20%282%29_51074639_80664990.avif
1,0.3533,36.899,10.2358,117.0,4.0,3.0,0.5,0.4235,2.0,43985.0,0.277,4,0,0,0,0,0,0,0,1,0,0,1,0,1,0,0,0,0,263000.0,https://www.mubawab-media.com/ad/8/238/590F/h/fac%C3%8C%C2%A7ade02_76070187_81268211.avif
20,0.3333,35.8245,10.6346,97.0,2.0,2.0,0.5,0.2902,2.0,150620.48,0.3359,4,0,1,0,1,1,1,0,0,0,0,0,0,0,0,1,0,0,401000.0,https://www.mubawab-media.com/ad/7/063/255F/h/Image%20%2820%29-copie_81607218.avif
16,0.32,36.4561,10.7376,108.0,1.0,3.0,0.5,0.4552,2.0,154974.0,0.281,4,0,1,0,1,1,1,0,0,0,0,0,0,0,0,1,0,0,500000.0,https://www.mubawab-media.com/ad/7/804/923F/h/Bousten%20%283%29_80854155.avif
20,0.3067,36.8,10.1,108.0,2.0,2.0,0.5,0.3807,2.0,110184.0,0.318,4,0,1,1,1,1,0,0,1,1,1,1,1,1,1,0,0,0,370000.0,https://www.mubawab-media.com/ad/7/830/588F/h/image%20_81869960.avif
23,0.6867,36.819,10.2358,115.0,3.0,2.0,0.5,0.517,2.0,43985.0,0.3168,4,0,0,0,0,0,0,0,0,0,0,0,0,0,0,0,0,0,419000.0,nan
16,0.13,36.8,10.1,250.0,3.0,2.0,0.5,0.2426,2.0,110184.0,0.3045,4,0,0,0,1,0,1,0,0,0,0,0,0,0,0,0,0,0,260000.0,https://www.mubawab-media.com/ad/7/817/498F/h/WhatsApp%20Image%202023-11-21%20%C3%A0%2013.38.24_61b86183_60993776.avif
1,0.3533,36.899,10.2358,65.0,1.0,1.0,0.5,0.4235,2.0,43985.0,0.2992,4,0,0,0,1,0,0,0,1,1,1,1,1,0,0,0,0,0,285000.0,https://www.mubawab-media.com/ad/8/265/391F/h/S%2B1%20chambre_81556945.avif
16,0.32,36.4561,10.7376,100.0,3.0,2.0,0.5,0.4552,2.0,154974.0,0.3394,4,0,0,0,1,0,0,1,0,0,1,1,0,0,0,0,0,0,350000.0,https://www.mubawab-media.com/ad/8/265/314F/h/TAARAFCHI%20IMMO%2058%20823%20036%2058%20828%20837%20-%202025-12-03T095153.026_81556678.avif
1,0.32,36.8665,10.1647,193.0,4.0,4.0,0.5,0.5305,2.0,43985.0,0.3136,4,0,0,0,1,0,0,1,0,1,1,1,0,0,0,0,0,0,505000.0,https://www.mubawab-media.com/ad/8/003/876F/h/thumb_909451_property_xlarge_78899712.avif
23,0.3067,36.8,10.1,152.0,3.0,3.0,0.5,0.3453,2.0,110184.0,0.2782,4,0,1,0,1,0,0,1,1,1,1,1,1,0,1,0,0,0,535000.0,https://www.mubawab-media.com/ad/8/265/223F/h/photo_00_81555278.avif
17,0.1427,34.7405,10.7603,170.0,3.0,2.0,0.5,0.3081,2.0,130875.5,0.3168,4,0,0,0,0,0,0,0,0,0,0,0,0,0,0,0,0,0,210000.0,https://www.mubawab-media.com/ad/8/264/873F/h/thumb_781769_property_xlarge_81551179.avif
23,0.4,36.8769,10.3247,100.0,3.0,2.0,0.5,0.8015,2.0,2562.03,0.2908,4,0,0,0,0,0,0,1,0,1,1,1,0,0,0,0,0,0,320000.0,https://www.mubawab-media.com/ad/8/153/091F/h/7G6DMRGndQ4AcPqY-thumb%20-%20Copie_80379192.avif
16,0.32,36.4561,10.7376,115.0,3.0,1.0,0.5,0.4552,2.0,154974.0,0.3156,3,0,0,0,0,1,0,0,0,0,0,0,0,0,0,0,0,0,180000.0,https://www.mubawab-media.com/ad/8/264/780F/h/WhatsApp-Image-2025-11-20-at-13.02.39_81604319.avif
1,0.3533,36.899,10.2358,102.0,3.0,2.0,0.5,0.4235,2.0,43985.0,0.3136,4,0,1,0,1,0,0,1,0,0,0,0,0,0,1,0,0,0,435000.0,https://www.mubawab-media.com/ad/8/121/471F/h/IMG_3148_80060829.avif
20,0.0033,36.8,10.1,89.0,3.0,2.0,0.5,0.183,2.0,110184.0,0.2742,4,0,0,0,1,0,0,1,0,0,0,0,0,0,1,1,0,1,110000.0,https://www.mubawab-media.com/ad/8/264/703F/h/WhatsApp%20Image%202025-12-02%20at%2013.04.03_81549311.avif
23,0.4,36.8769,10.3247,50.0,2.0,1.0,0.5,0.8015,2.0,2562.03,0.3164,4,0,1,1,0,0,0,0,0,1,1,0,0,0,0,0,0,0,175000.0,https://www.mubawab-media.com/ad/8/263/684F/h/5e6beba0-bd58-452b-93b9-845140f13413_81536118.avif
16,0.32,36.4561,10.7376,68.0,2.0,1.0,0.5,0.4552,2.0,154974.0,0.3196,4,0,1,0,1,0,0,1,0,0,0,0,0,0,0,0,0,0,300000.0,https://www.mubawab-media.com/ad/8/264/639F/h/TAARAFCHI%20IMMO%20%283%29_81548766.avif
1,0.32,36.8665,10.1647,198.0,5.0,4.0,0.5,0.5305,2.0,43985.0,0.2694,4,0,0,0,0,0,0,0,0,0,0,0,0,0,0,1,0,0,792000.0,https://www.mubawab-media.com/ad/8/231/552F/h/gallery_81195969.avif
3,0.2227,36.8,10.1,100.0,3.0,2.0,0.5,0.274,2.0,110184.0,0.3358,4,0,0,0,0,0,1,1,0,1,0,0,0,0,0,0,0,0,450000.0,https://www.mubawab-media.com/ad/8/264/626F/h/WhatsApp%20Image%202025-11-07%20at%2019.15.11_81548680.avif
23,0.6867,36.819,10.1658,103.0,2.0,2.0,0.5,0.5524,2.0,2562.03,0.3285,4,0,1,0,1,1,0,1,1,1,1,1,1,1,1,1,0,0,600000.0,https://www.mubawab-media.com/ad/8/212/989F/h/thumb_1159486_property_large_80994061.avif
23,0.6867,36.819,10.1658,62.0,3.0,1.0,0.5,0.5524,2.0,2562.03,0.3108,4,0,1,0,1,0,0,1,1,1,1,1,1,1,1,0,0,0,360000.0,https://www.mubawab-media.com/ad/8/222/979F/h/photo_00_81101855.avif
1,0.32,36.8665,10.1647,120.0,3.0,2.0,0.5,0.5305,2.0,43985.0,0.2734,4,0,1,0,1,0,0,1,1,1,1,1,0,0,1,0,0,0,368000.0,https://www.mubawab-media.com/ad/8/263/719F/h/577310181_1190237396364212_2875240558631484586_n_81536430.avif
1,0.3533,36.899,10.2358,135.0,4.0,3.0,0.5,0.4235,2.0,43985.0,0.3008,4,0,1,0,0,0,0,1,0,0,1,0,0,0,1,0,0,0,278000.0,https://www.mubawab-media.com/ad/7/873/349F/h/Diapositive4_78866497.avif
1,0.3533,36.899,10.2358,81.0,3.0,2.0,0.5,0.4235,2.0,43985.0,0.3152,4,0,0,0,0,0,0,0,0,0,0,1,0,0,0,0,0,0,175000.0,https://www.mubawab-media.com/ad/8/238/591F/h/fac%C3%8C%C2%A7ade02_76070187_81268251.avif
20,0.3333,35.8245,10.6346,107.0,1.0,2.0,0.5,0.2902,2.0,150620.48,0.3136,4,0,1,0,1,1,1,0,0,0,0,0,0,0,0,1,0,0,429000.0,https://www.mubawab-media.com/ad/7/074/092F/h/image%20%2816%29_81600782.avif
16,0.32,36.4561,10.7376,65.0,4.0,1.0,0.5,0.4552,2.0,154974.0,0.3128,4,0,1,0,1,1,1,0,0,0,0,0,0,0,0,1,0,0,290000.0,https://www.mubawab-media.com/ad/8/039/396F/h/7_79252787.avif
20,0.3067,36.8,10.1,151.0,2.0,3.0,0.5,0.3807,2.0,110184.0,0.2762,4,0,1,1,1,1,0,0,0,0,0,0,0,0,1,0,0,0,520000.0,https://www.mubawab-media.com/ad/8/045/887F/h/La%20Perle%201_81239316.avif
23,0.6867,36.819,10.2358,115.0,3.0,2.0,0.5,0.517,2.0,43985.0,0.3168,4,0,0,0,0,0,0,0,0,0,0,0,0,0,0,0,0,0,635000.0,nan
23,0.0209,36.8,10.1,66.0,2.0,2.0,0.5,0.1812,2.0,110184.0,0.279,4,0,1,0,0,0,0,0,0,0,0,0,0,1,0,1,0,0,106585.0,https://www.mubawab-media.com/ad/8/035/204F/h/0A9A8279_79204489_79210344.avif
1,0.332,36.8665,10.1647,125.0,3.0,2.0,0.5,0.247,2.0,43985.0,0.3012,4,0,1,0,1,0,0,0,0,1,1,0,0,0,0,0,0,0,270000.0,https://www.mubawab-media.com/ad/8/030/012F/h/3_81532113.avif
23,0.4,36.8769,10.3247,70.0,2.0,1.0,0.5,0.8015,2.0,2562.03,0.2887,4,0,1,0,1,0,0,1,1,1,1,1,0,1,1,0,0,0,285000.0,https://www.mubawab-media.com/ad/7/939/402F/h/535530294_1257117356205345_8151171859470417551_n_80959482.avif
23,0.4,36.8769,10.3247,172.0,4.0,3.0,0.5,0.8015,2.0,2562.03,0.3605,4,0,1,0,1,0,0,1,0,1,1,1,1,1,1,0,0,0,520000.0,https://www.mubawab-media.com/ad/7/990/493F/h/b98c39e0-a055-459b-9401-45a9bb38a211_80837596.avif
1,0.3533,36.899,10.2358,105.0,2.0,1.0,0.5,0.4235,2.0,43985.0,0.3408,4,0,0,0,1,0,0,0,1,1,1,1,1,1,1,0,0,0,285000.0,https://www.mubawab-media.com/ad/8/075/093F/h/586754161_1338270568090023_6508592980047688713_n_81468295.avif
3,0.14,36.8,10.1,90.0,2.0,2.0,0.5,0.2793,2.0,110184.0,0.3164,4,0,0,0,1,0,0,0,0,0,0,0,0,0,0,0,0,0,170000.0,https://www.mubawab-media.com/ad/8/236/819F/h/thumb_1187047_property_large_81249957.avif
3,0.14,36.8,10.1,90.0,3.0,3.0,0.5,0.2793,2.0,110184.0,0.314,4,0,0,0,1,0,0,1,0,0,0,0,0,0,0,0,0,0,165000.0,https://www.mubawab-media.com/ad/8/256/766F/h/thumb_1213500_property_large_81455031.avif
23,0.4,36.819,10.2358,250.0,4.0,3.0,0.5,0.517,2.0,43985.0,0.3168,4,0,0,0,1,0,0,1,0,1,0,0,0,0,0,1,0,0,2500000.0,https://www.mubawab-media.com/ad/8/258/304F/h/VID_20251124_133821_00_542_2025-11-25_10-53-49_capture%20d%27%C3%A9cran_81470060.avif
20,0.26,35.8245,10.6346,90.0,3.0,2.0,0.5,0.517,2.0,150620.48,0.3396,4,0,0,0,1,0,0,1,1,0,0,0,0,0,0,0,0,0,315000.0,https://www.mubawab-media.com/ad/8/224/305F/h/WhatsApp%20Image%202025-09-23%20at%2014.21.03%20%281%29_81116867.avif
23,0.35,36.77,10.23,110.0,3.0,3.0,0.5,0.2779,2.0,2562.03,0.3012,1,0,1,0,1,0,0,1,0,1,1,0,0,0,0,0,0,0,438000.0,https://www.mubawab-media.com/ad/8/263/400F/h/image3-3_81532643.avif
23,0.6867,36.819,10.1658,170.0,4.0,3.0,0.5,0.5524,2.0,2562.03,0.3257,4,0,1,1,1,0,0,1,0,0,0,0,0,0,1,0,0,0,835000.0,https://www.mubawab-media.com/ad/8/235/832F/h/fb875a0a-446b-4ff0-8934-b5329c66853c_81640723.avif
23,0.35,36.77,10.23,96.0,3.0,2.0,0.5,0.2779,2.0,2562.03,0.2754,1,0,1,0,1,0,0,1,0,1,1,0,0,0,0,0,0,0,385000.0,https://www.mubawab-media.com/ad/8/263/391F/h/immd_81532562.avif
20,0.3333,35.8245,10.6346,103.0,2.0,2.0,0.5,0.2902,2.0,150620.48,0.335,4,0,0,0,1,1,0,1,1,1,1,0,0,0,0,0,0,0,370000.0,https://www.mubawab-media.com/ad/8/103/069F/h/thumb_1030076_property_large_79876262.avif
16,0.2833,36.4561,10.7376,120.0,3.0,2.0,0.5,0.4454,2.0,154974.0,0.275,4,0,1,0,1,0,0,0,0,1,0,0,0,0,0,0,0,0,390000.0,https://www.mubawab-media.com/ad/7/983/409F/h/54846f0a-398f-432f-a137-034993f67e28_80294155.avif
20,0.3333,35.8245,10.6346,145.0,3.0,3.0,0.5,0.2902,2.0,150620.48,0.3188,4,0,1,0,1,1,0,1,0,1,1,0,0,0,0,0,0,0,570000.0,https://www.mubawab-media.com/ad/8/197/547F/h/thumb_1142991_property_large_80837958.avif
15,0.2633,35.7643,10.8113,110.0,2.0,2.0,0.5,0.3655,2.0,134734.0,0.3116,4,0,0,0,1,1,0,1,1,1,1,0,0,0,0,0,0,0,570000.0,https://www.mubawab-media.com/ad/8/257/574F/h/thumb_1213709_property_large_81462682.avif
20,0.3067,36.8,10.1,107.0,3.0,2.0,0.5,0.3807,2.0,110184.0,0.337,4,0,0,0,0,0,0,0,0,1,1,1,0,0,0,0,0,0,340000.0,https://www.mubawab-media.com/ad/8/181/923F/h/thumb_1127292_property_xlarge_80681830.avif
20,0.3067,35.8604,10.5953,67.0,2.0,2.0,0.5,0.3642,2.0,150620.48,0.3116,4,0,0,0,0,0,0,1,0,0,0,0,0,0,0,0,0,0,400000.0,https://www.mubawab-media.com/ad/8/247/927F/h/thumb_1200683_property_large_81364375.avif
23,0.4,36.8769,10.3247,150.0,4.0,3.0,0.5,0.8015,2.0,2562.03,0.3293,4,0,0,0,1,0,0,1,1,1,1,1,1,1,0,1,0,0,350000.0,https://www.mubawab-media.com/ad/8/239/470F/h/Unknown-16_81277126.avif
23,0.4,36.8769,10.3247,145.0,3.0,3.0,0.5,0.8015,2.0,2562.03,0.3282,4,0,1,0,1,0,0,1,1,1,1,1,1,1,1,0,0,0,550000.0,https://www.mubawab-media.com/ad/8/010/106F/h/25121D20-3873-4202-B9BD-755A056C3C70_78965224.avif
23,0.6867,36.819,10.1658,68.0,1.0,1.0,0.5,0.5524,2.0,2562.03,0.3188,2,0,1,0,1,0,0,1,0,0,0,1,0,0,1,0,0,0,397000.0,https://www.mubawab-media.com/ad/8/257/010F/h/1000278163_81457308.avif
20,0.3067,36.8,10.1,108.0,3.0,2.0,0.5,0.3807,2.0,110184.0,0.2774,1,0,0,0,0,0,0,0,1,1,1,0,0,1,1,0,0,0,470000.0,https://www.mubawab-media.com/ad/8/247/300F/h/saaaaaaaaaaaaaaaa_81358566.avif
23,0.6867,36.819,10.1658,92.0,4.0,2.0,0.5,0.5524,2.0,2562.03,0.3262,1,0,1,0,1,0,0,1,1,1,1,1,1,1,1,1,0,0,515000.0,https://www.mubawab-media.com/ad/8/263/330F/h/Screenshot%202025-12-01%20063347_81531809.avif
20,0.3333,35.8245,10.6346,70.0,1.0,1.0,0.5,0.2902,2.0,150620.48,0.3573,4,0,1,0,1,0,1,1,0,0,0,0,0,0,0,1,0,0,366000.0,https://www.mubawab-media.com/ad/7/079/659F/h/Costa%20plage%20-%20Copie_81151953.avif
16,0.32,36.4561,10.7376,104.0,3.0,3.0,0.5,0.4552,2.0,154974.0,0.2762,4,0,1,0,1,1,1,0,0,0,0,0,0,0,0,1,0,0,515000.0,https://www.mubawab-media.com/ad/8/039/490F/h/2_79252892.avif
20,0.3067,36.8,10.1,143.0,1.0,3.0,0.5,0.3807,2.0,110184.0,0.2972,4,0,1,1,1,1,0,0,0,0,0,0,0,0,1,0,0,0,445000.0,https://www.mubawab-media.com/ad/8/045/951F/h/Image%20%2820%29_81760760.avif
23,0.0209,36.8,10.1,85.0,3.0,2.0,0.5,0.1812,2.0,110184.0,0.3156,4,0,1,0,0,0,0,0,0,0,0,0,1,0,0,1,0,0,138142.0,https://www.mubawab-media.com/ad/8/035/207F/h/vue_001_79204490_79210423.avif
16,0.13,36.8,10.1,49.0,1.0,1.0,0.5,0.2426,2.0,110184.0,0.3176,4,0,0,0,1,0,1,0,0,1,0,1,0,0,0,0,0,0,120000.0,https://www.mubawab-media.com/ad/8/263/169F/h/Screenshot_20250727-224814_Photos_81530379.avif
23,0.4,36.8769,10.3247,86.0,1.0,1.0,0.5,0.8015,2.0,2562.03,0.3164,4,0,0,0,0,0,0,0,0,0,0,0,0,0,0,0,0,0,390000.0,https://www.mubawab-media.com/ad/8/250/550F/h/thumb_1203923_property_large_81391584.avif
3,0.0933,36.7533,10.2283,95.0,4.0,3.0,0.5,0.2965,2.0,114262.5,0.2794,4,0,0,0,0,0,0,0,0,0,0,0,0,0,0,0,0,0,135000.0,https://www.mubawab-media.com/ad/8/249/192F/h/1000021988_81379309.avif
1,0.3533,36.899,10.2358,124.0,3.0,2.0,0.5,0.4235,2.0,43985.0,0.3168,4,0,1,0,1,0,0,1,0,1,1,1,0,0,0,0,0,0,560000.0,https://www.mubawab-media.com/ad/8/257/783F/h/IMG-20251124-WA0032_81464855.avif
23,0.092,36.8,10.1,115.0,3.0,2.0,0.5,0.3155,2.0,110184.0,0.2694,4,0,0,0,0,0,0,1,1,0,1,0,0,0,0,0,0,0,230000.0,https://www.mubawab-media.com/ad/8/262/792F/h/gallery_81526458.avif
23,0.4,36.8769,10.3247,106.0,3.0,2.0,0.5,0.8015,2.0,2562.03,0.3124,4,0,1,0,1,0,0,1,1,1,1,1,1,1,1,1,0,0,360000.0,https://www.mubawab-media.com/ad/8/147/412F/h/s21ss2_80322013.avif
3,0.1133,36.7533,10.2283,112.0,3.0,2.0,0.5,0.4302,2.0,114262.5,0.3136,4,0,0,0,0,0,0,0,0,0,0,0,0,0,0,0,0,0,175000.0,https://www.mubawab-media.com/ad/8/260/125F/h/588812846_122115263805013003_1047481645249552035_n_81488884.avif
20,0.0033,36.8,10.1,43.0,1.0,1.0,0.5,0.183,2.0,110184.0,0.2686,4,0,0,0,0,0,0,0,0,1,0,0,0,0,0,0,0,0,125000.0,https://www.mubawab-media.com/ad/8/230/330F/h/IMG_1073_81183269.avif
17,0.1427,34.7405,10.7603,123.0,3.0,2.0,0.5,0.3081,2.0,130875.5,0.2694,4,0,0,0,1,0,0,1,1,0,0,0,0,0,0,0,0,0,320000.0,https://www.mubawab-media.com/ad/8/261/258F/h/gallery_81504930.avif
23,0.3067,36.8,10.1,84.0,1.0,1.0,0.5,0.3453,2.0,110184.0,0.3204,4,0,1,0,1,0,0,0,0,0,0,0,0,0,1,0,0,0,295000.0,https://www.mubawab-media.com/ad/8/221/584F/h/photo_03_81086102.avif
23,0.4,36.8769,10.3247,176.0,3.0,2.0,0.5,0.8015,2.0,2562.03,0.2742,4,0,1,0,1,0,0,0,0,0,0,0,0,0,1,0,0,1,550000.0,https://www.mubawab-media.com/ad/7/883/994F/h/344275448_561788229357465_8434687320809915758_n_70750049.avif
15,0.2633,35.7643,10.8113,80.0,2.0,2.0,0.5,0.3655,2.0,134734.0,0.3089,4,0,0,1,0,0,0,1,0,0,0,0,0,0,1,0,0,0,500000.0,https://www.mubawab-media.com/ad/8/260/991F/h/IMG_20251128_162606_81501394.avif
23,0.4,36.8769,10.3247,100.0,3.0,2.0,0.5,0.8015,2.0,2562.03,0.277,4,0,1,0,1,1,0,1,0,0,0,0,0,0,0,1,0,0,560000.0,https://www.mubawab-media.com/ad/8/100/110F/h/476088173_481298464815743_8451208254727190965_n_79846677.avif
3,0.0933,36.7533,10.2283,80.0,3.0,2.0,0.5,0.2965,2.0,114262.5,0.2694,4,0,0,0,1,0,0,1,1,0,0,0,0,0,0,0,0,0,137000.0,https://www.mubawab-media.com/ad/8/254/795F/h/gallery_81434566.avif
3,0.0933,36.7533,10.2283,100.0,3.0,2.0,0.5,0.2965,2.0,114262.5,0.2694,4,0,0,0,1,0,0,1,0,1,0,1,0,0,0,0,0,0,155000.0,https://www.mubawab-media.com/ad/8/258/569F/h/gallery_81472983.avif
16,0.2833,36.4561,10.7376,92.0,3.0,2.0,0.5,0.4454,2.0,154974.0,0.3456,4,0,1,0,1,1,0,1,0,0,0,0,0,0,1,0,0,0,350000.0,https://www.mubawab-media.com/ad/8/224/447F/h/370d836a-3314-40b6-90bb-f7332e23f1e0_81118410.avif
23,0.4,36.8769,10.3247,70.0,2.0,1.0,0.5,0.8015,2.0,2562.03,0.3148,4,0,0,0,0,0,0,0,0,0,1,0,0,0,0,0,0,0,200000.0,https://www.mubawab-media.com/ad/8/260/603F/h/thumb_1217425_property_large_81495706.avif
23,0.1733,36.819,10.1658,100.0,3.0,2.0,0.5,0.6863,2.0,2562.03,0.3156,4,0,1,1,0,0,0,0,0,1,0,0,0,0,1,0,0,0,250000.0,https://www.mubawab-media.com/ad/8/133/328F/h/thumb_1079468_property_xlarge_80181722.avif
1,0.332,36.8665,10.1647,139.0,4.0,3.0,0.5,0.247,2.0,43985.0,0.3164,4,0,1,0,1,0,0,1,1,1,1,1,1,1,1,0,0,0,375000.0,https://www.mubawab-media.com/ad/8/259/579F/h/4%20%282%29_81483304.avif
20,0.3067,35.8604,10.5953,250.0,3.0,3.0,0.5,0.3642,2.0,150620.48,0.318,4,0,1,0,1,1,0,1,1,0,0,1,0,0,1,1,0,1,1200000.0,https://www.mubawab-media.com/ad/8/238/562F/h/thumb_63065_property_big_81267962.avif
23,0.6867,36.819,10.1658,124.0,3.0,2.0,0.5,0.5524,2.0,2562.03,0.3411,4,0,1,1,1,0,0,1,0,1,1,1,0,0,0,0,0,0,475000.0,https://www.mubawab-media.com/ad/8/255/685F/h/IMG-20251120-WA0111_81443765.avif
1,0.3533,36.899,10.2358,40.0,1.0,1.0,0.5,0.4235,2.0,43985.0,0.275,4,0,1,0,0,0,0,0,1,0,1,1,0,1,1,0,0,0,130000.0,https://www.mubawab-media.com/ad/8/259/923F/h/Design%20sans%20titre%20%287%29_81486655.avif
23,0.092,36.8,10.1,101.0,3.0,2.0,0.5,0.3155,2.0,110184.0,0.2694,4,0,1,0,1,0,0,1,1,1,1,1,0,0,0,0,0,0,290000.0,https://www.mubawab-media.com/ad/8/259/808F/h/gallery_81485583.avif
1,0.3533,36.899,10.2358,66.0,2.0,1.0,0.5,0.4235,2.0,43985.0,0.3225,4,0,0,0,1,0,0,1,0,0,0,0,0,0,1,0,0,0,352000.0,https://www.mubawab-media.com/ad/8/153/081F/h/A05%20SALON%202_80378578.avif
20,0.3333,35.8245,10.6346,69.0,1.0,1.0,0.5,0.2902,2.0,150620.48,0.316,4,0,1,0,1,0,1,1,0,0,0,0,0,0,0,1,0,0,411000.0,https://www.mubawab-media.com/ad/7/307/051F/h/copie%20de%2019_81600857.avif
23,0.0209,36.8,10.1,81.0,3.0,2.0,0.5,0.1812,2.0,110184.0,0.3156,4,0,0,0,0,0,0,0,1,0,0,0,0,1,0,1,0,0,131997.0,https://www.mubawab-media.com/ad/8/035/209F/h/0A9A8273_79204487_79210442.avif
1,0.3533,36.899,10.2358,185.0,3.0,3.0,0.5,0.4235,2.0,43985.0,0.275,4,0,1,0,1,0,0,1,0,0,1,1,0,0,0,0,0,0,520000.0,https://www.mubawab-media.com/ad/8/259/754F/h/thumb_1216780_property_large_81485005.avif
23,0.6867,36.819,10.2358,115.0,3.0,2.0,0.5,0.517,2.0,43985.0,0.3168,4,0,0,0,0,0,0,0,0,0,0,0,0,0,0,0,0,0,635000.0,nan
23,0.3467,36.819,10.1658,119.0,4.0,3.0,0.5,0.3526,2.0,2562.03,0.2754,3,0,0,0,1,0,0,1,0,0,1,0,0,0,0,0,0,0,290000.0,https://www.mubawab-media.com/ad/8/259/750F/h/thumb_1216777_property_large_81484985.avif
23,0.4,36.8769,10.3247,100.0,3.0,2.0,0.5,0.8015,2.0,2562.03,0.3537,4,0,0,0,0,0,0,0,0,0,0,1,0,0,0,0,0,0,650000.0,https://www.mubawab-media.com/ad/8/259/730F/h/thumb_745599_property_xlarge_81484760.avif
1,0.3533,36.899,10.2358,65.0,2.0,1.0,0.5,0.4235,2.0,43985.0,0.2766,4,0,1,0,1,0,0,1,0,1,1,1,0,1,1,0,0,0,260000.0,https://www.mubawab-media.com/ad/8/021/068F/h/0_79072644.avif
1,0.3533,36.899,10.2358,150.0,3.0,2.0,0.5,0.4235,2.0,43985.0,0.3402,4,0,1,0,1,0,0,1,0,1,1,1,0,0,1,0,0,0,641400.0,https://www.mubawab-media.com/ad/8/239/812F/h/Sans%20titre%20-%202_Plan%20de%20travail%201%20copie%208_81280670.avif
23,0.32,36.844,10.192,359.0,6.0,3.0,0.5,0.3403,2.0,43985.0,0.3318,4,0,0,1,1,0,0,1,0,1,0,1,0,0,0,0,0,0,1150000.0,https://www.mubawab-media.com/ad/7/046/125F/h/25011-31-scaled_78411724.avif
12,0.22,35.5047,11.0622,85.0,3.0,2.0,0.5,0.4425,2.0,1278.45,0.2694,3,0,0,0,1,0,0,0,0,0,0,0,0,0,0,0,0,0,152000.0,https://www.mubawab-media.com/ad/8/259/146F/h/gallery_81479150.avif
12,0.22,35.5047,11.0622,110.0,3.0,2.0,0.5,0.4425,2.0,1278.45,0.2694,4,0,0,0,1,0,0,0,0,0,0,0,0,0,0,0,0,0,260000.0,https://www.mubawab-media.com/ad/8/259/145F/h/gallery_81479144.avif
13,0.16,36.8,10.1,120.0,3.0,2.0,0.5,0.2875,2.0,110184.0,0.3361,4,0,0,0,1,0,0,1,0,0,0,0,0,0,0,0,0,0,250000.0,https://www.mubawab-media.com/ad/8/201/193F/h/IMG_9468_80872966_80873094.avif
23,0.4,36.8769,10.3247,180.0,3.0,2.0,0.5,0.8015,2.0,2562.03,0.28,4,0,1,0,1,0,0,1,0,0,0,0,0,0,1,0,0,0,275000.0,https://www.mubawab-media.com/ad/8/167/657F/h/850f1d24-2aff-4e16-a633-f80aa5c14275_80536775.avif
13,0.16,36.8,10.1,115.0,3.0,2.0,0.5,0.2875,2.0,110184.0,0.3188,4,0,0,0,1,0,0,1,0,0,0,0,0,0,0,0,0,0,230000.0,https://www.mubawab-media.com/ad/8/201/585F/h/IMG_9473_80872967_80877135.avif
23,0.6867,36.819,10.1658,55.0,1.0,1.0,0.5,0.5524,2.0,2562.03,0.3369,3,0,0,0,0,0,0,0,0,0,0,1,0,0,0,0,0,0,310821.0,https://www.mubawab-media.com/ad/8/078/666F/h/thumb_996675_property_xlarge_79640425.avif
13,0.16,36.8,10.1,119.0,3.0,2.0,0.5,0.2875,2.0,110184.0,0.277,4,0,0,0,1,0,0,1,0,0,0,0,0,0,0,0,0,0,240000.0,https://www.mubawab-media.com/ad/8/201/190F/h/IMG_9434_80873068.avif
13,0.16,36.8,10.1,119.0,3.0,2.0,0.5,0.2875,2.0,110184.0,0.3232,4,0,0,0,1,0,0,1,0,0,0,0,0,0,0,0,0,0,240000.0,https://www.mubawab-media.com/ad/8/201/187F/h/IMG_9468_80872966_80872984.avif
13,0.16,36.8,10.1,115.0,3.0,2.0,0.5,0.2875,2.0,110184.0,0.3196,4,0,0,0,1,0,0,1,0,0,0,0,0,0,0,0,0,0,230000.0,https://www.mubawab-media.com/ad/8/201/196F/h/IMG_9468_80872966_80873159.avif
23,0.32,36.844,10.192,100.0,4.0,3.0,0.5,0.3403,2.0,43985.0,0.316,4,0,0,0,1,0,0,1,0,0,1,0,0,0,0,0,0,0,205000.0,https://www.mubawab-media.com/ad/8/256/239F/h/XayoMKXUIP2Qs7iU-thumb_81449740.avif
3,0.0933,36.7533,10.2283,81.0,3.0,2.0,0.5,0.2965,2.0,114262.5,0.3124,4,0,1,1,1,0,0,1,1,1,1,1,1,1,1,1,0,0,275000.0,https://www.mubawab-media.com/ad/8/207/525F/h/5_80935880.avif
1,0.332,36.8665,10.1647,75.0,2.0,2.0,0.5,0.247,2.0,43985.0,0.312,3,0,0,0,0,0,0,0,0,0,0,0,0,0,1,1,0,0,130000.0,https://www.mubawab-media.com/ad/8/120/286F/h/salon%20nour%20jaafar_80049376.avif
13,0.16,36.8,10.1,120.0,3.0,2.0,0.5,0.2875,2.0,110184.0,0.2798,4,0,0,0,1,0,0,1,0,0,0,0,0,0,0,0,0,0,250000.0,https://www.mubawab-media.com/ad/8/201/194F/h/IMG_9468_80872966_80873112.avif
3,0.0933,36.7533,10.2283,100.0,3.0,2.0,0.5,0.2965,2.0,114262.5,0.2694,4,0,0,0,0,0,0,1,0,0,0,0,0,0,0,0,0,0,155000.0,https://www.mubawab-media.com/ad/8/258/565F/h/gallery_81472959.avif
23,0.4,36.8769,10.3247,81.0,3.0,1.0,0.5,0.8015,2.0,2562.03,0.314,4,0,1,0,1,0,0,0,1,1,1,1,1,0,1,0,0,0,340000.0,https://www.mubawab-media.com/ad/8/258/498F/h/8c5943ca-fcb8-4f36-8b9f-26befad64a20_81472297.avif
1,0.3533,36.899,10.2358,69.0,2.0,1.0,0.5,0.4235,2.0,43985.0,0.318,4,0,1,0,1,0,0,1,0,0,0,0,0,0,1,0,0,0,293000.0,https://www.mubawab-media.com/ad/8/216/799F/h/1_80377506_81034991.avif
20,0.3333,35.8245,10.6346,103.0,1.0,2.0,0.5,0.2902,2.0,150620.48,0.3168,4,0,1,0,1,1,1,0,0,0,0,0,0,0,0,1,0,0,466000.0,https://www.mubawab-media.com/ad/7/565/564F/h/Photo%20%2813%29_79095901.avif
23,0.0209,36.8,10.1,120.0,4.0,2.0,0.5,0.1812,2.0,110184.0,0.2774,4,0,1,0,0,0,0,0,0,0,0,0,0,1,0,1,0,0,195241.0,https://www.mubawab-media.com/ad/8/035/211F/h/0A9A8273_79204487_79210490.avif
23,0.1733,36.819,10.1658,146.0,3.0,3.0,0.5,0.6863,2.0,2562.03,0.277,4,0,0,0,1,0,0,1,0,0,0,1,0,0,0,0,0,0,350000.0,https://www.mubawab-media.com/ad/8/219/021F/h/thumb_1165476_property_large_81059298.avif
20,0.3067,36.8,10.1,50.0,2.0,1.0,0.5,0.3807,2.0,110184.0,0.2774,4,0,1,0,0,0,0,0,1,1,1,0,1,1,1,0,0,0,205000.0,https://www.mubawab-media.com/ad/8/247/347F/h/Sans%20titre_81359099.avif
23,0.4,36.819,10.2358,115.0,3.0,2.0,0.5,0.517,2.0,43985.0,0.3168,4,0,0,0,0,0,0,0,0,0,0,0,0,0,0,0,0,0,240000.0,nan
20,0.1333,36.8,10.1,118.0,4.0,3.0,0.5,0.2413,2.0,110184.0,0.2762,4,0,0,0,1,0,0,0,1,1,1,0,0,0,0,0,0,0,360000.0,https://www.mubawab-media.com/ad/8/246/098F/h/514488967_122137411814786503_7924618775433964236_n_81346342.avif
16,0.32,36.4561,10.7376,100.0,5.0,2.0,0.5,0.4552,2.0,154974.0,0.3148,4,0,0,0,1,0,1,0,0,1,1,0,1,0,0,0,0,0,295000.0,https://www.mubawab-media.com/ad/8/175/488F/h/WhatsApp%20Image%202025-07-07%20at%2012.44.49_80616798.avif
1,0.3533,36.899,10.2358,143.0,3.0,2.0,0.5,0.4235,2.0,43985.0,0.2734,4,0,1,0,1,0,0,1,0,1,1,1,0,0,0,0,0,0,370000.0,https://www.mubawab-media.com/ad/8/039/892F/h/5_79257147.avif
23,0.4,36.8769,10.3247,117.0,3.0,3.0,0.5,0.8015,2.0,2562.03,0.2876,4,0,0,0,1,0,0,0,0,0,0,1,0,0,0,0,0,0,290000.0,https://www.mubawab-media.com/ad/8/229/194F/h/thumb_1178400_property_xlarge_81168406.avif
23,0.6867,36.819,10.1658,88.0,3.0,2.0,0.5,0.5524,2.0,2562.03,0.3172,4,0,1,0,1,0,0,1,1,1,1,1,1,0,1,0,0,0,387000.0,https://www.mubawab-media.com/ad/8/256/476F/h/WhatsApp%20Image%202025-11-24%20at%204.05.38%20PM%20%281%29_81465697.avif
1,0.32,36.8665,10.1647,129.0,4.0,3.0,0.5,0.5305,2.0,43985.0,0.2814,4,0,0,1,1,0,0,0,1,0,0,0,0,1,1,0,0,0,210000.0,https://www.mubawab-media.com/ad/8/119/422F/h/488286808_1177634160059168_3782944867117152003_n_80042570.avif
23,0.4,36.8769,10.3247,96.0,2.0,1.0,0.5,0.8015,2.0,2562.03,0.314,4,0,1,0,1,0,0,1,0,1,0,0,0,0,1,0,0,0,360000.0,https://www.mubawab-media.com/ad/8/236/855F/h/WhatsApp%20Image%202025-10-17%20at%205.10.28%20PM%20%284%29_81250483.avif
23,0.4,36.8769,10.3247,68.0,2.0,1.0,0.5,0.8015,2.0,2562.03,0.3168,4,0,1,0,1,0,0,1,0,0,0,0,0,0,0,0,0,1,275000.0,https://www.mubawab-media.com/ad/8/244/593F/h/WhatsApp%20Image%202025-10-25%20at%201.36.31%20PM%20%281%29_81330766.avif
23,0.3067,36.8,10.1,137.0,3.0,2.0,0.5,0.2562,2.0,110184.0,0.3176,4,0,0,0,1,0,0,1,1,1,1,0,0,0,0,0,0,0,290000.0,https://www.mubawab-media.com/ad/7/968/346F/h/7647beff-d874-450a-8e31-9278f44bae19_78546366.avif
20,0.26,35.8245,10.6346,103.0,3.0,2.0,0.5,0.517,2.0,150620.48,0.2694,4,0,1,0,1,0,0,1,0,0,0,0,0,0,0,0,0,0,250000.0,https://www.mubawab-media.com/ad/8/257/333F/h/gallery_81459860.avif
3,0.0933,36.7533,10.2283,100.0,3.0,2.0,0.5,0.2965,2.0,114262.5,0.2694,4,0,0,0,1,0,0,1,0,1,0,0,0,0,0,0,0,0,170000.0,https://www.mubawab-media.com/ad/8/254/764F/h/gallery_81434205.avif
3,0.0933,36.7533,10.2283,100.0,3.0,2.0,0.5,0.2965,2.0,114262.5,0.2694,4,0,0,0,0,0,0,1,1,0,0,1,0,0,0,0,0,0,228000.0,https://www.mubawab-media.com/ad/8/254/799F/h/gallery_81434617.avif
3,0.0933,36.7533,10.2283,91.0,3.0,2.0,0.5,0.2965,2.0,114262.5,0.2694,4,0,0,0,1,0,0,0,0,0,1,1,0,0,0,0,0,0,175000.0,https://www.mubawab-media.com/ad/8/254/803F/h/gallery_81434656.avif
23,0.4,36.8769,10.3247,135.0,4.0,3.0,0.5,0.8015,2.0,2562.03,0.3152,4,0,1,0,1,0,1,1,0,0,0,0,0,0,1,0,0,0,1050000.0,https://www.mubawab-media.com/ad/8/235/314F/h/WhatsApp%20Image%202025-03-28%20%C3%A0%2013.29.04_c3151ce7_81234513.avif
23,0.0867,36.8,10.1,126.0,3.0,2.0,0.5,0.2194,2.0,110184.0,0.2694,4,0,0,0,1,0,0,0,1,0,1,0,0,0,0,0,0,0,190000.0,https://www.mubawab-media.com/ad/8/254/782F/h/gallery_81434422.avif
23,0.0867,36.8,10.1,100.0,3.0,2.0,0.5,0.2194,2.0,110184.0,0.2694,4,0,0,0,1,0,0,0,0,0,0,0,0,0,0,0,0,0,185000.0,https://www.mubawab-media.com/ad/8/254/817F/h/gallery_81434757.avif
20,0.3067,35.8604,10.5953,96.0,2.0,2.0,0.5,0.3642,2.0,150620.48,0.3362,4,0,1,0,1,0,1,1,0,0,0,0,0,0,1,0,0,0,360000.0,https://www.mubawab-media.com/ad/8/253/465F/h/WhatsApp%20Image%202023-12-24%20at%2011.04.17%20%287%29_81420723.avif
13,0.16,36.8,10.1,115.0,3.0,2.0,0.5,0.2875,2.0,110184.0,0.3196,4,0,0,0,1,0,0,1,0,0,0,0,0,0,0,0,0,0,230000.0,https://www.mubawab-media.com/ad/8/201/197F/h/IMG_9468_80872966_80873188.avif
23,0.6867,36.819,10.1658,85.0,2.0,2.0,0.5,0.5524,2.0,2562.03,0.32,4,0,0,0,0,0,0,1,0,1,1,1,0,0,0,0,0,0,385000.0,https://www.mubawab-media.com/ad/8/257/570F/h/thumb_1213808_property_large_81462649.avif
23,0.4,36.8769,10.3247,73.0,2.0,1.0,0.5,0.8015,2.0,2562.03,0.3148,4,0,1,0,1,1,0,0,1,1,1,1,1,1,1,0,0,0,370000.0,https://www.mubawab-media.com/ad/8/241/520F/h/WhatsApp%20Image%202025-10-24%20at%2011.21.33%20AM%20%281%29_81297567.avif
16,0.32,36.4561,10.7376,72.0,3.0,2.0,0.5,0.4552,2.0,154974.0,0.2694,4,0,1,0,1,0,0,0,1,1,1,0,0,0,0,0,0,0,215000.0,https://www.mubawab-media.com/ad/8/257/340F/h/gallery_81459942.avif
23,0.3067,36.8,10.1,90.0,3.0,2.0,0.5,0.3453,2.0,110184.0,0.2694,4,0,0,0,0,0,0,0,0,0,0,0,0,0,0,0,0,0,210000.0,https://www.mubawab-media.com/ad/8/256/959F/h/gallery_81456834.avif
23,0.4,36.8769,10.3247,140.0,4.0,3.0,0.5,0.8015,2.0,2562.03,0.327,4,0,1,0,1,0,0,1,1,1,1,1,1,1,1,0,0,0,530000.0,https://www.mubawab-media.com/ad/8/252/943F/h/IMG_9733_81415305.avif
1,0.3533,36.899,10.2358,144.0,3.0,2.0,0.5,0.4235,2.0,43985.0,0.2694,4,0,0,0,1,0,0,1,1,1,1,0,0,0,0,1,0,0,497000.0,https://www.mubawab-media.com/ad/8/223/384F/h/gallery_81106194.avif
20,0.3333,35.8245,10.6346,97.0,1.0,2.0,0.5,0.2902,2.0,150620.48,0.3293,4,0,1,0,1,0,1,1,0,0,0,0,0,0,0,1,0,0,527000.0,https://www.mubawab-media.com/ad/7/617/661F/h/image%20%2816%29_81607204.avif
16,0.32,36.4561,10.7376,117.0,2.0,2.0,0.5,0.4552,2.0,154974.0,0.2758,4,0,1,0,1,0,1,1,0,0,0,0,0,0,0,1,0,0,470000.0,https://www.mubawab-media.com/ad/8/256/709F/h/4438db8b-13b0-47d6-87f3-0cd61a77f258_81454535.avif
3,0.32,36.8,10.1,180.0,5.0,5.0,0.5,0.2195,2.0,110184.0,0.3236,1,0,0,0,1,0,0,0,0,0,0,0,0,0,0,0,0,0,750000.0,https://www.mubawab-media.com/ad/8/256/629F/h/%D8%B5%D9%88%D8%B1%D8%A9%20%D9%88%D8%A7%D8%AA%D8%B3%D8%A7%D8%A8%20%D8%A8%D8%AA%D8%A7%D8%B1%D9%8A%D8%AE%202025-11-22%20%D9%81%D9%8A%2009.43.33_15ce5b8e_81453907.avif
20,0.3067,35.8604,10.5953,61.0,2.0,1.0,0.5,0.3642,2.0,150620.48,0.3183,4,0,1,1,1,1,0,0,0,0,0,0,0,0,0,1,0,0,293000.0,https://www.mubawab-media.com/ad/8/208/602F/h/WhatsApp%20Image%202025-07-07%20%C3%A0%2013.04.34_19b86b91_80949262.avif
23,0.0209,36.8,10.1,100.0,4.0,3.0,0.5,0.1812,2.0,110184.0,0.3232,4,0,0,0,0,0,0,0,0,0,0,0,0,0,1,0,0,0,180000.0,https://www.mubawab-media.com/ad/8/256/520F/h/Screenshot_20251121-202057_WhatsAppBusiness_81452705.avif
23,0.6867,36.819,10.2358,115.0,3.0,2.0,0.5,0.517,2.0,43985.0,0.3168,4,0,0,0,0,0,0,0,0,0,0,0,0,0,0,0,0,0,635000.0,nan
1,0.3533,36.899,10.2358,135.0,4.0,3.0,0.5,0.4235,2.0,43985.0,0.309,4,0,1,0,1,0,0,0,1,0,1,1,1,0,1,1,0,0,380000.0,https://www.mubawab-media.com/ad/8/244/449F/h/WhatsApp%20Image%202025-10-31%20at%2010.50.05_81327911.avif
1,0.3533,36.899,10.2358,68.0,2.0,1.0,0.5,0.4235,2.0,43985.0,0.3176,4,0,1,0,1,0,0,1,1,1,1,1,1,1,1,0,0,0,280000.0,https://www.mubawab-media.com/ad/8/086/994F/h/10c55b01-62bd-4709-bf1e-e8a0976b8111_1_79722062.avif
23,0.1733,36.819,10.1658,80.0,3.0,2.0,0.5,0.6863,2.0,2562.03,0.2742,4,0,0,0,0,0,0,0,0,0,0,0,0,0,0,0,0,0,110000.0,https://www.mubawab-media.com/ad/8/256/394F/h/IMG_20251013_170647_81451196.avif
16,0.32,36.4561,10.7376,107.0,3.0,2.0,0.5,0.4552,2.0,154974.0,0.3278,4,0,0,0,1,1,1,0,1,1,1,1,1,1,0,0,0,0,320000.0,https://www.mubawab-media.com/ad/8/256/374F/h/WhatsApp%20Image%202025-11-15%20at%2010.59.01%20%282%29_81451021.avif
20,0.3333,35.8245,10.6346,78.0,2.0,2.0,0.5,0.2902,2.0,150620.48,0.3164,4,0,0,0,1,1,0,1,0,0,1,0,0,0,0,1,0,0,400000.0,https://www.mubawab-media.com/ad/8/236/121F/h/thumb_62957_property_xlarge_81242639.avif
1,0.3533,36.899,10.2358,102.0,2.0,2.0,0.5,0.4235,2.0,43985.0,0.3305,4,0,0,0,1,0,0,0,0,1,1,0,0,0,0,1,0,0,415000.0,https://www.mubawab-media.com/ad/8/256/223F/h/thumb_1211068_property_large_81449492.avif
16,0.2833,36.4561,10.7376,109.0,3.0,2.0,0.5,0.4454,2.0,154974.0,0.2782,4,0,1,0,1,0,0,1,0,0,0,0,0,0,0,1,0,1,410000.0,https://www.mubawab-media.com/ad/8/226/793F/h/thumb_1201227_property_big_81449343.avif
1,0.332,36.8665,10.1647,120.0,3.0,2.0,0.5,0.247,2.0,43985.0,0.3236,4,0,0,0,1,0,0,0,0,0,0,0,0,0,0,0,0,1,159900.0,https://www.mubawab-media.com/ad/8/154/331F/h/IMG_4476_80610353.avif
3,0.1133,36.7533,10.2283,100.0,3.0,2.0,0.5,0.4302,2.0,114262.5,0.2694,4,0,0,0,0,0,0,1,0,0,0,0,0,0,0,0,0,0,128000.0,https://www.mubawab-media.com/ad/8/256/056F/h/gallery_81447624.avif
1,0.3533,36.899,10.2358,158.0,4.0,3.0,0.5,0.4235,2.0,43985.0,0.2758,4,0,0,0,1,1,0,1,0,0,0,0,0,0,1,1,0,0,475000.0,https://www.mubawab-media.com/ad/8/143/056F/h/306378335_631103075089542_8984114509434484029_n_80278724.avif
23,0.1467,36.8,10.1,111.0,3.0,2.0,0.5,0.3123,2.0,110184.0,0.3362,4,0,0,0,0,0,0,0,0,0,0,0,0,0,0,0,0,0,275000.0,https://www.mubawab-media.com/ad/8/255/864F/h/img001_81445683.avif
16,0.32,36.4561,10.7376,176.0,3.0,2.0,0.5,0.4552,2.0,154974.0,0.3434,4,0,0,0,1,0,0,1,0,0,0,0,0,0,0,0,0,0,360000.0,https://www.mubawab-media.com/ad/7/896/322F/h/thumb_1112349_property_xlarge_80555883.avif
1,0.3533,36.899,10.2358,110.0,3.0,2.0,0.5,0.4235,2.0,43985.0,0.2694,4,0,1,0,1,0,0,1,0,1,0,0,0,0,0,0,0,0,430000.0,https://www.mubawab-media.com/ad/8/255/810F/h/WhatsApp%20Image%202024-11-13%20at%2014.13.01%20%283%29_81445044.avif
1,0.3533,36.899,10.2358,119.0,3.0,2.0,0.5,0.4235,2.0,43985.0,0.3179,4,0,0,0,1,0,0,1,0,0,0,0,0,0,1,0,0,0,375000.0,https://www.mubawab-media.com/ad/8/255/754F/h/a95ccdda-9ea7-4f25-b6ac-1b8990a409ea_81444524.avif
16,0.32,36.4561,10.7376,92.0,3.0,2.0,0.5,0.4552,2.0,154974.0,0.2746,4,0,0,1,1,1,0,1,0,0,0,0,0,0,1,0,0,0,390000.0,https://www.mubawab-media.com/ad/8/122/227F/h/thumb_1065934_property_large_80068606.avif
23,0.6867,36.819,10.1658,150.0,3.0,4.0,0.5,0.5524,2.0,2562.03,0.3626,4,0,0,0,1,0,0,1,0,1,1,0,0,0,0,1,0,0,795000.0,https://www.mubawab-media.com/ad/8/162/652F/h/thumb_1111175_property_large_80486656.avif
23,0.4,36.8769,10.3247,112.0,3.0,2.0,0.5,0.8015,2.0,2562.03,0.2714,1,0,1,0,1,0,0,0,0,0,0,0,0,0,1,0,0,0,350000.0,https://www.mubawab-media.com/ad/8/255/413F/h/IMG_6845_81440934.avif
16,0.2833,36.4561,10.7376,286.0,10.0,5.0,0.5,0.4454,2.0,154974.0,0.2919,4,0,0,1,1,0,0,0,0,0,0,0,0,0,0,0,0,0,1900000.0,https://www.mubawab-media.com/ad/8/196/238F/h/7a110d5e-ab9d-45e1-892c-9ab932ad9d9d_GF_80826014.avif
23,0.1733,36.819,10.1658,65.0,2.0,2.0,0.5,0.6863,2.0,2562.03,0.3156,4,0,0,0,1,0,0,0,0,0,0,0,0,0,0,0,0,0,85000.0,https://www.mubawab-media.com/ad/8/228/798F/h/73b13d1b-db19-4db7-984e-f223327527ea_5b91f2ea-370b-4240-b9a3-8553e9449b97_81164212.avif
17,0.1427,34.7405,10.7603,220.0,3.0,2.0,0.5,0.3081,2.0,130875.5,0.2694,4,0,0,0,0,0,0,1,1,0,1,0,0,0,0,0,0,0,345000.0,https://www.mubawab-media.com/ad/8/255/397F/h/gallery_81440682.avif
23,0.092,36.8,10.1,80.0,3.0,2.0,0.5,0.3155,2.0,110184.0,0.2694,4,0,0,0,0,0,0,0,1,0,0,0,0,0,0,0,0,0,130000.0,https://www.mubawab-media.com/ad/8/255/393F/h/gallery_81440653.avif
3,0.1133,36.7533,10.2283,65.0,3.0,2.0,0.5,0.4302,2.0,114262.5,0.2694,4,0,0,0,1,0,0,0,0,0,0,0,0,0,0,0,0,0,130000.0,https://www.mubawab-media.com/ad/8/255/390F/h/gallery_81440628.avif
3,0.0933,36.7533,10.2283,75.0,3.0,2.0,0.5,0.2965,2.0,114262.5,0.2694,4,0,0,0,1,0,0,0,0,0,1,1,0,0,0,0,0,0,158000.0,https://www.mubawab-media.com/ad/8/254/789F/h/gallery_81434504.avif
20,0.3333,35.8245,10.6346,83.0,1.0,1.0,0.5,0.2902,2.0,150620.48,0.3393,4,0,1,0,1,0,1,1,0,0,0,0,0,0,0,1,0,0,481000.0,https://www.mubawab-media.com/ad/7/617/667F/h/DSC06236_79935101.avif
23,0.4,36.8769,10.3247,58.0,2.0,1.0,0.5,0.8015,2.0,2562.03,0.3172,4,0,1,0,1,0,0,1,0,1,0,0,0,0,1,0,0,0,230000.0,https://www.mubawab-media.com/ad/8/246/485F/h/WhatsApp%20Image%202025-11-04%20at%201.14.41%20PM%20%282%29_81351342.avif
23,0.4,36.8769,10.3247,97.0,3.0,2.0,0.5,0.8015,2.0,2562.03,0.3168,4,0,1,0,0,0,0,0,0,1,1,0,0,0,1,0,0,0,315000.0,https://www.mubawab-media.com/ad/8/239/581F/h/WhatsApp%20Image%202025-10-22%20at%205.21.52%20PM%20%282%29_81278279.avif
1,0.3533,36.899,10.2358,110.0,2.0,2.0,0.5,0.4235,2.0,43985.0,0.3176,4,0,1,0,1,0,0,1,1,1,1,1,1,1,1,1,0,0,415000.0,https://www.mubawab-media.com/ad/8/255/151F/h/DSC06443_81438120.avif
23,0.4,36.819,10.2358,115.0,3.0,2.0,0.5,0.517,2.0,43985.0,0.3168,4,0,0,0,0,0,0,0,0,0,0,0,0,0,0,0,0,0,240000.0,nan
1,0.32,36.8665,10.1647,147.0,5.0,3.0,0.5,0.5305,2.0,43985.0,0.3281,4,0,0,0,1,0,0,1,0,1,1,1,0,0,0,0,0,0,500000.0,https://www.mubawab-media.com/ad/8/079/537F/h/WhatsApp%20Image%202024-12-11%20%C3%A0%2012.01.52_f2a10430_79650321.avif
23,0.6867,36.819,10.1658,175.0,3.0,3.0,0.5,0.5524,2.0,2562.03,0.2762,4,0,1,0,1,0,0,1,1,1,1,1,1,1,1,1,0,0,935000.0,https://www.mubawab-media.com/ad/8/255/092F/h/9a7054af-52cf-4457-9807-edcd403f5432_81437713.avif
23,0.4,36.8769,10.3247,97.0,3.0,2.0,0.5,0.8015,2.0,2562.03,0.2758,4,0,1,0,0,0,0,0,1,0,1,0,0,0,1,0,0,0,250000.0,https://www.mubawab-media.com/ad/8/252/668F/h/1fe583ac-9465-4087-9af9-377b4bb2a00c_81412329.avif
23,0.3467,36.819,10.1658,53.0,2.0,1.0,0.5,0.3526,2.0,2562.03,0.2851,4,0,1,0,0,0,0,0,1,1,1,1,0,0,0,0,0,0,180000.0,https://www.mubawab-media.com/ad/8/167/052F/h/1c1d2371-5dd4-47cd-942c-ff2f45768988_80530299.avif
20,0.3067,36.8,10.1,123.0,3.0,2.0,0.5,0.3807,2.0,110184.0,0.2762,4,0,1,0,1,0,0,0,1,1,1,1,1,0,1,0,0,0,365000.0,https://www.mubawab-media.com/ad/8/231/404F/h/d0c98372-af4d-4343-a832-dbd4c1b7d2e7_81194475.avif
20,0.284,36.8,10.1,165.0,3.0,2.0,0.5,0.3272,2.0,110184.0,0.2726,4,0,1,0,1,0,0,0,0,1,0,0,0,0,1,0,0,0,380000.0,https://www.mubawab-media.com/ad/8/249/751F/h/20251103_141038_81382820.avif
20,0.3067,36.8,10.1,105.0,3.0,2.0,0.5,0.3807,2.0,110184.0,0.2774,3,0,0,0,1,0,0,0,0,0,1,0,0,0,0,0,0,0,165000.0,https://www.mubawab-media.com/ad/8/222/852F/h/1-671e5d77-9680-4769-b919-a929d01d4b9c-001_81100420.avif
16,0.15,36.8,10.1,70.0,2.0,1.0,0.5,0.2237,2.0,110184.0,0.3132,4,0,0,0,1,0,0,0,0,0,0,0,0,0,0,0,0,0,144000.0,https://www.mubawab-media.com/ad/8/242/650F/h/567021737_838842798646622_6930342753739224915_n_81315354.avif
23,0.6867,36.819,10.1658,201.0,3.0,2.0,0.5,0.5524,2.0,2562.03,0.3369,3,0,0,0,0,0,0,0,1,0,0,1,0,0,0,1,0,0,718000.0,https://www.mubawab-media.com/ad/8/078/665F/h/thumb_996756_property_xlarge_79640422.avif
23,0.6867,36.819,10.1658,115.0,2.0,1.0,0.5,0.5524,2.0,2562.03,0.3427,4,0,1,0,1,0,0,1,0,0,0,0,0,0,1,1,0,0,340000.0,https://www.mubawab-media.com/ad/8/254/079F/h/48b19b10-6515-45b0-9f35-5344d16522b7_81435726.avif
16,0.2833,36.4561,10.7376,96.0,3.0,2.0,0.5,0.4454,2.0,154974.0,0.2694,4,0,1,0,0,0,0,1,0,0,0,1,1,0,0,0,0,0,403200.0,https://www.mubawab-media.com/ad/8/254/820F/h/gallery_81434770.avif
3,0.0933,36.7533,10.2283,100.0,3.0,2.0,0.5,0.2965,2.0,114262.5,0.2694,4,0,0,0,1,0,0,1,0,1,0,0,0,0,1,0,0,0,230000.0,https://www.mubawab-media.com/ad/8/254/806F/h/gallery_81434670.avif
15,0.2633,36.819,10.2358,115.0,3.0,2.0,0.5,0.517,2.0,43985.0,0.3168,4,0,0,1,1,0,1,0,0,0,0,0,0,0,0,1,0,0,1300000.0,https://www.mubawab-media.com/ad/8/254/682F/h/WhatsApp%20Image%202025-10-02%20at%2016.53.23_81433443.avif
15,0.2633,35.7643,10.8113,90.0,1.0,2.0,0.5,0.3655,2.0,134734.0,0.2734,4,0,0,0,0,0,0,0,0,0,0,0,0,0,0,0,0,0,490000.0,https://www.mubawab-media.com/ad/8/125/881F/h/d4ee8bc3-ae34-42c3-9768-a97fe4834173_80106423.avif
3,0.14,36.8,10.1,41.0,1.0,1.0,0.5,0.2793,2.0,110184.0,0.3128,4,0,1,0,1,0,0,0,0,1,0,0,0,0,1,1,0,0,120000.0,https://www.mubawab-media.com/ad/8/254/576F/h/facing%20residence_81432664.avif
13,0.16,36.8,10.1,112.0,3.0,2.0,0.5,0.2875,2.0,110184.0,0.3156,4,0,1,0,1,0,0,1,0,1,0,0,0,0,1,0,0,0,280000.0,https://www.mubawab-media.com/ad/7/992/244F/h/1wEk5SbMwUvAb7xp-thumb_80617281.avif
23,0.4,36.8769,10.3247,210.0,3.0,3.0,0.5,0.8015,2.0,2562.03,0.32,4,0,1,0,1,0,0,1,0,1,1,1,0,0,0,0,0,0,850000.0,https://www.mubawab-media.com/ad/8/196/442F/h/4_80827739.avif
23,0.4,36.8769,10.3247,136.0,3.0,3.0,0.5,0.8015,2.0,2562.03,0.314,4,0,0,0,1,0,0,0,0,1,1,1,0,0,0,0,0,0,320000.0,https://www.mubawab-media.com/ad/8/200/222F/h/1_80863744.avif
20,0.3333,35.8245,10.6346,91.0,2.0,2.0,0.5,0.2902,2.0,150620.48,0.3355,4,0,1,0,1,0,1,1,0,0,0,0,0,0,0,1,0,0,439000.0,https://www.mubawab-media.com/ad/8/040/681F/h/4_81151894.avif
1,0.32,36.8665,10.1647,80.0,3.0,2.0,0.5,0.5305,2.0,43985.0,0.2694,4,0,0,0,0,0,0,1,0,0,0,0,0,0,0,0,0,0,113000.0,https://www.mubawab-media.com/ad/8/214/181F/h/gallery_81007530.avif
1,0.32,36.8665,10.1647,100.0,3.0,2.0,0.5,0.5305,2.0,43985.0,0.2694,4,0,0,0,0,0,0,0,0,0,0,0,0,0,0,0,0,0,100000.0,https://www.mubawab-media.com/ad/8/240/317F/h/gallery_81285868.avif
20,0.26,35.8245,10.6346,110.0,1.0,2.0,0.5,0.517,2.0,150620.48,0.2762,4,0,1,0,0,0,0,1,0,1,1,0,0,0,0,0,0,0,255000.0,https://www.mubawab-media.com/ad/8/238/708F/h/1_81269307.avif
20,0.3067,36.8,10.1,160.0,1.0,3.0,0.5,0.3807,2.0,110184.0,0.2766,4,0,1,0,0,0,0,1,0,1,1,1,0,0,0,0,0,0,512000.0,https://www.mubawab-media.com/ad/8/239/870F/h/1_81281281.avif
23,0.6867,36.819,10.2358,115.0,3.0,2.0,0.5,0.517,2.0,43985.0,0.3168,4,0,0,0,0,0,0,0,0,0,0,0,0,0,0,0,0,0,635000.0,nan
20,0.3067,36.8,10.1,170.0,1.0,3.0,0.5,0.3807,2.0,110184.0,0.2722,4,0,1,0,0,0,0,1,0,1,1,1,0,0,0,0,0,0,485000.0,https://www.mubawab-media.com/ad/8/239/480F/h/1_81277239.avif
23,0.6867,36.819,10.1658,330.0,4.0,4.0,0.5,0.5524,2.0,2562.03,0.3411,4,0,1,0,1,0,0,1,1,1,1,1,1,1,1,1,0,0,1828000.0,https://www.mubawab-media.com/ad/8/191/186F/h/1_80777475.avif
20,0.3333,35.8245,10.6346,110.0,4.0,3.0,0.5,0.2902,2.0,150620.48,0.3124,4,0,0,0,0,1,1,0,1,1,1,1,0,0,0,1,0,0,565000.0,https://www.mubawab-media.com/ad/8/228/954F/h/thumb_1178625_property_large_81165764.avif
3,0.14,36.8,10.1,119.0,4.0,3.0,0.5,0.2793,2.0,110184.0,0.3168,4,0,0,0,1,0,0,1,0,0,1,0,0,0,0,0,0,0,220000.0,https://www.mubawab-media.com/ad/8/254/205F/h/thumb_1208877_property_large_81428530.avif
1,0.3533,36.899,10.2358,80.0,3.0,3.0,0.5,0.4235,2.0,43985.0,0.3192,4,0,0,0,1,0,0,1,0,0,0,1,0,0,0,1,0,0,346000.0,https://www.mubawab-media.com/ad/8/251/020F/h/thumb_1203400_property_xlarge_81395739.avif
23,0.4,36.8769,10.3247,93.0,3.0,2.0,0.5,0.8015,2.0,2562.03,0.3286,4,0,0,0,1,0,0,0,0,0,1,0,0,0,0,0,0,0,290000.0,https://www.mubawab-media.com/ad/8/254/116F/h/thumb_1208801_property_large_81427609.avif
23,0.4,36.8769,10.3247,200.0,3.0,3.0,0.5,0.8015,2.0,2562.03,0.3037,4,0,0,0,1,0,0,0,0,1,1,1,0,0,0,0,0,0,550000.0,https://www.mubawab-media.com/ad/8/250/683F/h/Untitled3_Screenshot%283%29_81392741.avif
20,0.3333,35.8245,10.6346,74.0,2.0,1.0,0.5,0.2902,2.0,150620.48,0.2766,4,0,1,0,0,1,1,0,0,1,0,0,0,0,0,0,0,0,275000.0,https://www.mubawab-media.com/ad/8/211/232F/h/542752153_1576837426931915_3592588614004206511_n_80977371.avif
20,0.3333,35.8245,10.6346,200.0,4.0,3.0,0.5,0.2902,2.0,150620.48,0.3266,4,0,1,0,1,0,1,0,0,1,0,0,0,0,0,0,0,0,470000.0,https://www.mubawab-media.com/ad/8/249/163F/h/WhatsApp%20Image%202025-11-08%20at%2014.27.50_81376735.avif
23,0.4,36.8769,10.3247,160.0,2.0,2.0,0.5,0.8015,2.0,2562.03,0.3212,4,0,0,0,1,0,0,1,0,0,0,1,0,0,0,0,0,0,335000.0,https://www.mubawab-media.com/ad/8/254/056F/h/IMG-20251115-WA0024_81426979.avif
23,0.4,36.8769,10.3247,63.0,2.0,1.0,0.5,0.8015,2.0,2562.03,0.3402,4,0,1,0,1,1,0,0,0,1,0,0,0,0,0,1,0,0,340000.0,https://www.mubawab-media.com/ad/8/052/894F/h/3c6bf1cc-77ae-44a8-9ad9-a913f0ffd99b_79387348.avif
20,0.3067,35.8604,10.5953,100.0,3.0,2.0,0.5,0.3642,2.0,150620.48,0.3156,4,0,0,0,1,0,0,0,0,0,1,0,0,0,0,0,0,0,250000.0,https://www.mubawab-media.com/ad/8/254/029F/h/thumb_1144054_property_large_81426668.avif
20,0.3333,35.8245,10.6346,140.0,3.0,2.0,0.5,0.2902,2.0,150620.48,0.3406,4,0,1,0,1,1,0,1,0,0,0,0,0,0,0,0,0,0,540000.0,https://www.mubawab-media.com/ad/8/245/006F/h/WhatsApp%20Image%202025-10-31%20at%2010.21.16%20%281%29_81334865.avif
1,0.3533,36.899,10.2358,184.0,4.0,3.0,0.5,0.4235,2.0,43985.0,0.2778,4,0,1,0,1,0,0,1,0,1,0,0,0,0,1,0,0,0,780000.0,https://www.mubawab-media.com/ad/8/163/016F/h/Lh5uBpsIAujeTIfq-thumb%20-%20Copie_80490519.avif
20,0.284,36.8,10.1,155.0,4.0,4.0,0.5,0.3272,2.0,110184.0,0.318,4,0,0,0,1,0,0,0,0,1,1,0,0,0,0,0,0,0,460000.0,https://www.mubawab-media.com/ad/8/251/776F/h/thumb_1200215_property_large_81403345.avif
23,0.4,36.8769,10.3247,126.0,4.0,3.0,0.5,0.8015,2.0,2562.03,0.314,4,0,1,0,0,0,0,1,1,1,1,0,0,0,1,0,0,0,630000.0,https://www.mubawab-media.com/ad/8/252/426F/h/20514-1_81410035.avif
23,0.4,36.8769,10.3247,206.0,4.0,3.0,0.5,0.8015,2.0,2562.03,0.337,1,0,1,0,1,0,0,1,0,0,0,0,0,0,1,0,0,0,990000.0,https://www.mubawab-media.com/ad/8/253/858F/h/images_81424917.avif
23,0.4,36.8769,10.3247,256.0,3.0,3.0,0.5,0.8015,2.0,2562.03,0.3574,4,0,1,0,1,0,0,1,0,0,1,0,0,0,1,0,0,0,750000.0,https://www.mubawab-media.com/ad/8/251/787F/h/photo_00_81403452.avif
23,0.4,36.8769,10.3247,161.0,4.0,3.0,0.5,0.8015,2.0,2562.03,0.339,1,0,1,0,1,0,0,1,1,1,1,1,1,1,1,0,0,0,760000.0,https://www.mubawab-media.com/ad/8/253/822F/h/signature-palace-4_81424516.avif
23,0.4,36.8769,10.3247,62.0,2.0,1.0,0.5,0.8015,2.0,2562.03,0.3362,3,0,1,0,1,0,0,1,1,1,1,1,1,1,1,0,0,0,297000.0,https://www.mubawab-media.com/ad/8/253/808F/h/signature-palace-9_81424427.avif
23,0.4,36.8769,10.3247,150.0,3.0,3.0,0.5,0.8015,2.0,2562.03,0.3266,4,0,1,0,0,0,0,1,0,1,1,1,0,1,1,1,0,0,580000.0,https://www.mubawab-media.com/ad/8/253/758F/h/photo_0_81423821.avif
23,0.4,36.8769,10.3247,100.0,3.0,2.0,0.5,0.8015,2.0,2562.03,0.321,2,0,0,0,0,0,0,0,0,1,1,0,0,0,0,0,0,0,530000.0,https://www.mubawab-media.com/ad/8/205/566F/h/photo%20salle%20d%27attente%20avc%20logo_81423718.avif
16,0.2833,36.4561,10.7376,253.0,4.0,3.0,0.5,0.4454,2.0,154974.0,0.2694,4,0,0,0,1,0,0,0,0,1,0,0,0,0,0,1,0,0,395000.0,https://www.mubawab-media.com/ad/8/251/098F/h/fotohigh-viewimg%20%289%29_81396480.avif
20,0.3333,35.8245,10.6346,120.0,2.0,2.0,0.5,0.2902,2.0,150620.48,0.3168,4,0,0,1,0,0,0,1,0,1,0,0,0,0,0,1,0,0,350000.0,https://www.mubawab-media.com/ad/8/253/731F/h/1_81423478.avif
20,0.3333,35.8245,10.6346,85.0,2.0,2.0,0.5,0.2902,2.0,150620.48,0.3168,4,0,1,1,1,1,0,0,0,1,0,0,0,0,0,0,0,0,345000.0,https://www.mubawab-media.com/ad/8/253/725F/h/1_81423401.avif
1,0.332,36.819,10.2358,115.0,3.0,2.0,0.5,0.517,2.0,43985.0,0.3168,4,0,0,0,0,0,0,0,0,0,0,0,0,0,0,0,0,0,309900.0,nan
20,0.3333,35.8245,10.6346,140.0,1.0,2.0,0.5,0.2902,2.0,150620.48,0.3168,4,0,1,0,1,1,1,0,1,1,1,1,0,0,1,0,0,0,420000.0,https://www.mubawab-media.com/ad/8/163/571F/h/8_80495881.avif
20,0.32,36.8,10.1,118.0,3.0,2.0,0.5,0.3244,2.0,110184.0,0.3152,4,0,1,0,1,0,0,1,1,1,1,1,1,1,0,0,0,0,370000.0,https://www.mubawab-media.com/ad/8/182/055F/h/1_80683046.avif
23,0.6867,36.819,10.1658,165.0,4.0,3.0,0.5,0.5524,2.0,2562.03,0.3269,4,0,1,0,1,0,0,1,1,1,1,1,1,1,1,1,0,0,550000.0,https://www.mubawab-media.com/ad/8/033/169F/h/IMG_1636_79197271.avif
16,0.2833,36.4561,10.7376,70.0,3.0,1.0,0.5,0.4454,2.0,154974.0,0.2754,4,0,0,0,1,0,0,0,0,1,1,0,0,0,0,0,0,0,245000.0,https://www.mubawab-media.com/ad/8/253/123F/h/WhatsApp-Image-2025-11-14-at-09.51.26_81417080.avif
23,0.4,36.8769,10.3247,181.0,3.0,3.0,0.5,0.8015,2.0,2562.03,0.3216,4,0,0,1,1,0,0,0,0,1,0,0,0,0,1,1,0,0,650000.0,https://www.mubawab-media.com/ad/8/114/494F/h/thumb_1057882_property_large_79988857.avif
23,0.6867,36.819,10.1658,265.0,3.0,3.0,0.5,0.5524,2.0,2562.03,0.3581,4,0,1,1,1,0,0,1,0,1,0,0,0,0,0,0,0,0,1160000.0,https://www.mubawab-media.com/ad/8/076/037F/h/thumb_995620_property_large_79615153.avif
1,0.32,36.8665,10.1647,128.0,6.0,3.0,0.5,0.5305,2.0,43985.0,0.3097,4,0,1,0,1,0,0,1,0,0,1,0,0,0,1,0,0,0,450000.0,https://www.mubawab-media.com/ad/8/253/317F/h/IMG_9875_81419163.avif
2,0.2367,36.7256,9.1817,72.0,2.0,1.0,0.5,0.3114,2.0,144747.28,0.3549,4,0,1,0,0,0,0,1,1,0,0,0,0,0,1,0,0,0,142000.0,https://www.mubawab-media.com/ad/8/253/275F/h/att.JmSAhcANGQtjnUtXA7BCUhqQRY6qhZBoJ3QPNrFsk2g_81418656.avif
20,0.3067,35.8604,10.5953,67.0,2.0,2.0,0.5,0.3642,2.0,150620.48,0.277,4,0,1,0,1,0,0,0,0,1,0,0,0,0,1,0,0,0,390000.0,https://www.mubawab-media.com/ad/8/179/303F/h/thumb_61665_property_xlarge_80655716.avif
23,0.4,36.8769,10.3247,57.0,2.0,1.0,0.5,0.8015,2.0,2562.03,0.339,3,0,1,0,1,0,0,1,0,0,0,0,0,0,0,0,0,0,269000.0,https://www.mubawab-media.com/ad/8/083/905F/h/46220db1-1574-4f55-9386-bc7af48fab5b_79893381.avif
23,0.4,36.8769,10.3247,77.0,3.0,2.0,0.5,0.8015,2.0,2562.03,0.2782,2,0,1,0,1,0,0,1,0,1,1,0,0,0,0,0,0,0,325000.0,https://www.mubawab-media.com/ad/8/084/248F/h/855cc309-d76b-4d0a-80c2-78b46f195d81_79893370.avif
23,0.1733,36.819,10.1658,79.0,2.0,2.0,0.5,0.6863,2.0,2562.03,0.3152,4,0,0,0,0,0,0,0,0,0,0,0,0,0,0,0,0,0,160000.0,https://www.mubawab-media.com/ad/8/252/996F/h/1000000542_81415796.avif
23,0.4,36.8769,10.3247,150.0,3.0,2.0,0.5,0.8015,2.0,2562.03,0.2694,4,0,0,0,0,0,0,1,1,1,1,0,0,0,0,0,0,0,450000.0,https://www.mubawab-media.com/ad/8/252/911F/h/gallery_81415077.avif
3,0.0933,36.7533,10.2283,110.0,1.0,3.0,0.5,0.2965,2.0,114262.5,0.3176,4,0,0,0,0,0,0,0,0,0,0,0,1,0,1,1,0,0,180000.0,https://www.mubawab-media.com/ad/8/252/796F/h/1000019236_81413685.avif
23,0.4,36.8769,10.3247,62.0,2.0,1.0,0.5,0.8015,2.0,2562.03,0.3148,4,0,1,0,1,0,0,0,1,1,1,1,1,0,1,0,0,0,340000.0,https://www.mubawab-media.com/ad/7/876/212F/h/ETb0wxFspoIIK81f-thumb_69536532.avif
1,0.32,36.8665,10.1647,165.0,5.0,4.0,0.5,0.5305,2.0,43985.0,0.2698,4,0,0,0,1,0,0,1,0,0,0,1,0,0,0,0,0,0,435000.0,https://www.mubawab-media.com/ad/8/252/781F/h/WhatsApp%20Image%202025-11-13%20%C3%A0%2010.36.57_924d1c66_81413533.avif
23,0.35,36.77,10.23,195.0,4.0,4.0,0.5,0.2779,2.0,2562.03,0.2791,1,0,0,0,1,0,0,0,0,0,0,1,0,0,0,0,0,0,380000.0,https://www.mubawab-media.com/ad/8/252/748F/h/maison22_81413240.avif
1,0.32,36.8665,10.1647,140.0,3.0,3.0,0.5,0.5305,2.0,43985.0,0.2726,4,0,0,0,1,0,0,1,0,0,1,1,0,0,0,0,0,0,400000.0,https://www.mubawab-media.com/ad/8/198/764F/h/thumb_1144668_property_large_80849714.avif
23,0.4,36.8769,10.3247,155.0,3.0,3.0,0.5,0.8015,2.0,2562.03,0.2895,4,0,0,0,0,0,0,1,0,0,1,1,0,0,0,1,0,0,550000.0,https://www.mubawab-media.com/ad/8/227/767F/h/thumb_1176747_property_large_81153121.avif
23,0.4,36.8769,10.3247,130.0,4.0,3.0,0.5,0.8015,2.0,2562.03,0.273,4,0,1,0,1,0,0,1,0,0,1,0,0,0,0,0,0,0,438000.0,https://www.mubawab-media.com/ad/8/219/931F/h/d0338fc0-4c02-4ba4-a3c6-e3cf8a94dcb7_81093894.avif
23,0.4,36.8769,10.3247,116.0,3.0,2.0,0.5,0.8015,2.0,2562.03,0.2718,4,0,1,0,1,0,0,1,0,1,1,0,0,0,0,0,0,0,275000.0,https://www.mubawab-media.com/ad/8/224/469F/h/514743688_1284850313642339_4184300069709871270_n%20-%20Copie_81118671.avif
1,0.3533,36.899,10.2358,150.0,3.0,3.0,0.5,0.4235,2.0,43985.0,0.2734,4,0,0,0,1,0,0,1,0,0,1,1,0,0,0,0,0,0,400000.0,https://www.mubawab-media.com/ad/8/241/869F/h/thumb_1193085_property_large_81301051.avif
23,0.6867,36.819,10.2358,115.0,3.0,2.0,0.5,0.517,2.0,43985.0,0.3168,4,0,0,0,0,0,0,0,0,0,0,0,0,0,0,0,0,0,635000.0,nan
23,0.4,36.8769,10.3247,124.0,3.0,3.0,0.5,0.8015,2.0,2562.03,0.2722,3,0,0,0,0,0,0,1,0,1,1,1,0,0,0,0,0,0,650000.0,https://www.mubawab-media.com/ad/8/241/148F/h/thumb_1190616_property_large_81294014.avif
1,0.32,36.8665,10.1647,158.0,4.0,3.0,0.5,0.5305,2.0,43985.0,0.3192,4,0,1,0,0,0,0,0,0,0,1,1,0,0,1,0,0,0,405000.0,https://www.mubawab-media.com/ad/8/241/672F/h/APP%20A6%20IMM%20NOUR%20P0_81298996.avif
23,0.6867,36.819,10.1658,130.0,3.0,3.0,0.5,0.5524,2.0,2562.03,0.3431,4,0,1,0,1,0,0,0,1,0,0,0,0,0,0,1,0,0,650000.0,https://www.mubawab-media.com/ad/8/201/773F/h/20508-10_80879163.avif
20,0.3333,35.8245,10.6346,100.0,4.0,3.0,0.5,0.2902,2.0,150620.48,0.3444,4,0,0,1,0,1,0,1,1,1,1,1,1,0,1,1,0,0,370000.0,https://www.mubawab-media.com/ad/8/043/520F/h/immoladous_04_79316627.avif
20,0.3333,35.8245,10.6346,94.0,4.0,3.0,0.5,0.2902,2.0,150620.48,0.3662,4,0,1,0,0,1,1,1,0,0,0,0,0,0,0,1,0,0,610000.0,https://www.mubawab-media.com/ad/8/208/586F/h/963122222_80949084.avif
20,0.3333,35.8245,10.6346,119.0,3.0,2.0,0.5,0.2902,2.0,150620.48,0.3427,4,0,1,0,1,0,1,1,0,1,0,0,0,0,0,0,0,0,550000.0,https://www.mubawab-media.com/ad/8/238/798F/h/WhatsApp%20Image%202025-10-16%20at%2013.21.40_81270229.avif
16,0.3433,36.8,10.1,330.0,8.0,7.0,0.5,0.1884,2.0,110184.0,0.3132,4,0,0,0,1,0,0,0,0,1,0,0,0,0,0,0,0,0,580000.0,https://www.mubawab-media.com/ad/8/248/566F/h/thumb_1201643_property_xlarge_81370236.avif
23,0.3067,36.8,10.1,80.0,1.0,1.0,0.5,0.3453,2.0,110184.0,0.3172,4,0,1,0,1,0,0,1,0,1,0,0,0,0,1,0,0,0,240000.0,https://www.mubawab-media.com/ad/8/168/507F/h/photo_1_80544768.avif
23,0.4,36.8769,10.3247,140.0,5.0,4.0,0.5,0.8015,2.0,2562.03,0.2852,4,0,0,0,0,0,0,0,0,1,1,1,0,0,0,0,0,0,600000.0,https://www.mubawab-media.com/ad/8/062/446F/h/IMG-20241002-WA0026_79481903.avif
23,0.4,36.8769,10.3247,209.0,4.0,3.0,0.5,0.8015,2.0,2562.03,0.292,4,0,1,0,1,0,0,1,0,0,0,0,0,0,0,0,0,1,794000.0,https://www.mubawab-media.com/ad/7/886/272F/h/WhatsApp%20Image%202024-03-22%20%C3%A0%2014.47.01_0ecf985d_71104762.avif
23,0.4,36.8769,10.3247,163.0,3.0,2.0,0.5,0.8015,2.0,2562.03,0.3107,4,0,1,0,1,0,0,1,0,0,0,0,0,0,0,0,0,1,616000.0,https://www.mubawab-media.com/ad/7/900/474F/h/WhatsApp%20Image%202024-04-22%20%C3%A0%2010.58.29_6eade862_73627523.avif
23,0.4,36.8769,10.3247,180.0,4.0,3.0,0.5,0.8015,2.0,2562.03,0.3294,4,0,0,1,0,0,0,0,0,1,1,0,0,0,1,0,0,0,660000.0,https://www.mubawab-media.com/ad/8/034/723F/h/WhatsApp%20Image%202024-11-12%20%C3%A0%2012.16.37_5ee8915e_79205411.avif
1,0.332,36.8665,10.1647,154.0,3.0,2.0,0.5,0.247,2.0,43985.0,0.318,4,0,1,0,1,0,1,1,0,0,0,0,0,0,1,0,0,0,590000.0,https://www.mubawab-media.com/ad/8/055/313F/h/WhatsApp%20Image%202024-12-10%20%C3%A0%2012.57.55_d84cc2bd_79412021.avif
1,0.332,36.8665,10.1647,75.0,2.0,1.0,0.5,0.247,2.0,43985.0,0.318,4,0,1,0,1,0,1,1,0,0,0,0,0,0,1,0,0,0,315000.0,https://www.mubawab-media.com/ad/8/055/319F/h/WhatsApp%20Image%202024-12-10%20%C3%A0%2012.57.55_d84cc2bd_79412074.avif
23,0.4,36.8769,10.3247,123.0,3.0,2.0,0.5,0.8015,2.0,2562.03,0.2884,4,0,0,0,1,0,0,1,0,1,1,0,0,0,1,0,0,0,630000.0,https://www.mubawab-media.com/ad/8/215/863F/h/WhatsApp%20Image%202025-09-12%20%C3%A0%2011.31.45_14f28e61_81025599.avif
16,0.32,36.4561,10.7376,90.0,2.0,2.0,0.5,0.4552,2.0,154974.0,0.3152,4,0,0,0,0,0,0,1,0,1,1,1,0,0,0,1,0,0,350000.0,https://www.mubawab-media.com/ad/8/232/765F/h/thumb_1180952_property_large_81208992.avif
23,0.6867,36.819,10.1658,134.0,5.0,2.0,0.5,0.5524,2.0,2562.03,0.3293,4,0,1,1,1,0,0,1,1,1,1,1,0,1,1,0,0,0,590000.0,https://www.mubawab-media.com/ad/8/159/157F/h/f29a5626-5415-41c7-acd1-4dc5e37f197c_81403856.avif
20,0.32,36.8,10.1,115.0,2.0,1.0,0.5,0.3244,2.0,110184.0,0.3128,1,0,0,0,0,0,0,0,0,0,0,0,0,0,0,0,0,0,200000.0,https://www.mubawab-media.com/ad/8/251/775F/h/thumb_954145_property_big_81403344.avif
1,0.32,36.8665,10.1647,149.0,3.0,2.0,0.5,0.5305,2.0,43985.0,0.2694,4,0,0,0,0,0,0,0,1,0,1,0,0,0,0,1,0,0,320000.0,https://www.mubawab-media.com/ad/8/251/653F/h/gallery_81402191.avif
23,0.4,36.8769,10.3247,378.0,3.0,5.0,0.5,0.8015,2.0,2562.03,0.3416,4,0,0,0,0,1,0,0,1,0,0,0,0,0,0,1,0,0,1500000.0,https://www.mubawab-media.com/ad/8/251/597F/h/thumb_745736_property_xlarge_81401568.avif
23,0.1733,36.819,10.1658,55.0,2.0,1.0,0.5,0.6863,2.0,2562.03,0.3073,4,0,0,0,0,0,0,0,0,0,0,1,0,0,0,0,0,0,105000.0,https://www.mubawab-media.com/ad/8/251/475F/h/04858092-3aae-4823-9f14-2d364b4e93df_b3561b1e-6d59-4dde-b0bd-4ca12decc91c_81400450.avif
1,0.3533,36.899,10.2358,150.0,4.0,2.0,0.5,0.4235,2.0,43985.0,0.3108,4,0,1,0,1,0,0,1,0,0,0,0,0,0,1,0,0,0,680000.0,https://www.mubawab-media.com/ad/7/930/850F/h/IMG_1319_81398053.avif
20,0.3333,35.8245,10.6346,535.0,5.0,3.0,0.5,0.2902,2.0,150620.48,0.3321,4,0,0,0,1,0,0,0,0,0,0,0,0,0,0,0,0,0,1150000.0,https://www.mubawab-media.com/ad/8/168/461F/h/Picture-86058514-6-watermark_80544219.avif
23,0.6867,36.819,10.2358,115.0,3.0,2.0,0.5,0.517,2.0,43985.0,0.3168,4,0,0,0,0,0,0,0,0,0,0,0,0,0,0,0,0,0,635000.0,nan
13,0.2467,36.8,10.1,100.0,3.0,3.0,0.5,0.2476,2.0,110184.0,0.3152,4,0,0,0,1,1,1,1,1,1,1,1,0,0,0,1,0,0,550000.0,https://www.mubawab-media.com/ad/8/230/707F/h/541997586_1125905519731350_4883876041825533822_n_81191089.avif
13,0.16,36.8,10.1,80.0,1.0,2.0,0.5,0.2875,2.0,110184.0,0.2694,4,0,1,0,1,0,0,1,1,1,1,0,1,1,1,0,0,0,190000.0,https://www.mubawab-media.com/ad/8/191/451F/h/88a88c35-4c48-4fad-a327-da7d435cda49_80776747.avif
13,0.16,36.8,10.1,100.0,1.0,2.0,0.5,0.2875,2.0,110184.0,0.2774,4,0,1,0,1,0,0,0,1,1,1,1,1,1,1,0,0,1,260000.0,https://www.mubawab-media.com/ad/8/038/499F/h/35a99552-b056-4b27-8113-92212a06a236_79243494.avif
13,0.16,36.8,10.1,270.0,1.0,4.0,0.5,0.2875,2.0,110184.0,0.3049,4,0,0,0,1,0,0,0,0,0,0,0,0,0,0,1,0,0,370000.0,https://www.mubawab-media.com/ad/8/193/770F/h/7488736a-cbd3-414b-a6af-7e8786f410a2_80802094.avif
13,0.16,36.8,10.1,114.0,3.0,2.0,0.5,0.2875,2.0,110184.0,0.2694,4,0,0,0,1,0,0,1,1,1,1,0,0,0,0,0,0,0,280000.0,https://www.mubawab-media.com/ad/8/163/592F/h/gallery_80496013.avif
13,0.16,36.8,10.1,114.0,4.0,3.0,0.5,0.2875,2.0,110184.0,0.2734,4,0,1,0,1,0,0,0,0,0,1,0,0,0,0,1,0,0,330000.0,https://www.mubawab-media.com/ad/8/234/131F/h/WhatsApp%20Image%202025-10-13%20at%2012.19.18_81222530.avif
23,0.32,36.844,10.192,130.0,3.0,3.0,0.5,0.3403,2.0,43985.0,0.3236,4,0,0,0,0,0,0,1,0,0,1,1,0,1,1,0,0,0,295000.0,https://www.mubawab-media.com/ad/8/251/102F/h/photo_00_81396541.avif
23,0.4,36.8769,10.3247,70.0,4.0,2.0,0.5,0.8015,2.0,2562.03,0.2734,4,0,0,0,1,0,0,0,0,1,0,0,0,1,0,0,0,0,170000.0,https://www.mubawab-media.com/ad/8/251/072F/h/1000027479_81396212.avif
12,0.22,35.5047,11.0622,135.0,3.0,2.0,0.5,0.4425,2.0,1278.45,0.2694,4,0,0,0,1,0,1,0,0,0,0,0,0,0,0,0,0,0,360000.0,https://www.mubawab-media.com/ad/8/250/942F/h/gallery_81395029.avif
1,0.3533,36.899,10.2358,285.0,3.0,3.0,0.5,0.4235,2.0,43985.0,0.3049,4,0,0,0,1,1,0,1,0,0,0,0,0,0,0,1,0,0,1200000.0,https://www.mubawab-media.com/ad/8/250/911F/h/thumb_1204352_property_large_81394784.avif
16,0.2833,36.4561,10.7376,95.0,3.0,2.0,0.5,0.4454,2.0,154974.0,0.2758,4,0,0,0,1,0,0,0,0,1,1,1,0,0,0,0,0,0,320000.0,https://www.mubawab-media.com/ad/7/983/577F/h/22250669-eedd-448a-a506-880f8909c0d4_79745404.avif
23,0.4,36.8769,10.3247,50.0,3.0,1.0,0.5,0.8015,2.0,2562.03,0.3196,4,0,1,1,1,0,0,1,0,0,0,0,0,0,1,0,0,0,220000.0,https://www.mubawab-media.com/ad/8/250/746F/h/photo_0_81393239.avif
23,0.4,36.8769,10.3247,113.0,2.0,3.0,0.5,0.8015,2.0,2562.03,0.3206,4,0,1,0,1,0,0,1,0,0,0,0,0,0,1,0,0,0,650000.0,https://www.mubawab-media.com/ad/8/116/935F/h/thumb_1036680_property_large_80014454.avif
1,0.3533,36.899,10.2358,115.0,2.0,2.0,0.5,0.4235,2.0,43985.0,0.2722,4,0,0,0,1,0,0,1,0,0,0,1,0,0,0,0,0,0,350000.0,https://www.mubawab-media.com/ad/8/241/150F/h/thumb_1189577_property_large_81294024.avif
3,0.14,36.8,10.1,117.0,2.0,2.0,0.5,0.2793,2.0,110184.0,0.318,4,0,0,0,1,0,0,1,0,0,0,0,0,0,0,0,0,0,280000.0,https://www.mubawab-media.com/ad/8/215/820F/h/thumb_1162322_property_large_81025156.avif
23,0.092,36.8,10.1,111.0,4.0,3.0,0.5,0.3155,2.0,110184.0,0.2754,2,0,0,0,0,0,0,1,0,0,0,0,0,0,0,0,0,0,200000.0,https://www.mubawab-media.com/ad/8/250/584F/h/Image%202%20Appartement%20Mourouj%201_81391987.avif
23,0.4,36.8769,10.3247,120.0,1.0,2.0,0.5,0.8015,2.0,2562.03,0.3144,4,0,1,0,0,0,0,1,0,1,1,0,0,0,1,0,0,0,265000.0,https://www.mubawab-media.com/ad/8/250/557F/h/WhatsApp%20Image%202025-11-11%20at%2013.28.15%20%283%29_81391704.avif
16,0.13,36.8,10.1,130.0,2.0,1.0,0.5,0.2426,2.0,110184.0,0.2782,4,0,0,1,1,0,1,0,0,0,0,0,0,0,0,0,0,0,265000.0,https://www.mubawab-media.com/ad/8/250/544F/h/5_81391557.avif
23,0.4,36.8769,10.3247,157.0,3.0,2.0,0.5,0.8015,2.0,2562.03,0.3266,1,0,1,0,1,0,1,1,0,0,1,1,1,1,1,0,0,0,900000.0,https://www.mubawab-media.com/ad/8/250/470F/h/IMG_9058_81391028.avif
16,0.32,36.4561,10.7376,154.0,4.0,3.0,0.5,0.4552,2.0,154974.0,0.2746,4,0,1,1,1,0,1,1,0,1,1,1,1,0,1,0,0,0,630000.0,https://www.mubawab-media.com/ad/8/224/914F/h/thumb_1013542_property_xlarge_81123293.avif
23,0.6867,36.819,10.1658,117.0,2.0,2.0,0.5,0.5524,2.0,2562.03,0.3626,4,0,1,0,1,0,0,1,0,1,1,1,0,0,0,0,0,0,680000.0,https://www.mubawab-media.com/ad/8/164/890F/h/thumb_1110118_property_large_80509803.avif
23,0.1467,36.8,10.1,150.0,4.0,3.0,0.5,0.3123,2.0,110184.0,0.3144,4,0,0,0,1,0,0,1,0,1,1,0,0,0,0,0,0,0,185000.0,https://www.mubawab-media.com/ad/8/250/418F/h/thumb_659998_property_large_81389992.avif
23,0.32,36.844,10.192,500.0,12.0,9.0,0.5,0.3403,2.0,43985.0,0.314,4,0,0,0,1,0,0,1,1,1,1,1,1,1,0,1,0,0,1800000.0,https://www.mubawab-media.com/ad/7/892/625F/h/1.1_72177502.avif
1,0.32,36.8665,10.1647,50.0,1.0,1.0,0.5,0.5305,2.0,43985.0,0.275,4,0,0,1,0,0,0,0,0,1,1,1,0,0,0,0,0,0,230000.0,https://www.mubawab-media.com/ad/8/144/359F/h/WhatsApp%20Image%202025-10-21%20%C3%A0%2014.28.54_2a2edef0_81899354.avif
16,0.32,36.4561,10.7376,151.0,3.0,2.0,0.5,0.4552,2.0,154974.0,0.3093,4,0,0,0,1,0,0,1,0,0,0,0,0,0,0,0,0,0,330000.0,https://www.mubawab-media.com/ad/7/785/199F/h/thumb_1208098_property_xlarge_81426582.avif
23,0.4,36.8769,10.3247,190.0,3.0,3.0,0.5,0.8015,2.0,2562.03,0.3338,4,0,0,0,1,0,0,1,0,0,0,0,0,0,1,0,0,0,900000.0,https://www.mubawab-media.com/ad/8/250/265F/h/photo_00_81388559.avif
23,0.4,36.8769,10.3247,138.0,4.0,3.0,0.5,0.8015,2.0,2562.03,0.3301,4,0,1,0,1,0,0,1,0,0,0,0,0,0,1,0,0,0,325000.0,https://www.mubawab-media.com/ad/8/235/041F/h/WhatsApp%20Image%202025-10-03%20at%2022.15.34%20%288%29_81231765.avif
23,0.4,36.8769,10.3247,62.0,1.0,1.0,0.5,0.8015,2.0,2562.03,0.3361,4,0,1,0,1,0,0,0,0,0,0,0,0,0,1,1,0,0,240000.0,https://www.mubawab-media.com/ad/8/244/214F/h/att.GkAJF4Z_r7irMRuEK-BjoKmA2vkUMMlmeY4ePurqc28_81324947.avif
23,0.1867,36.8094,10.1414,111.0,5.0,3.0,0.5,0.3144,2.0,2562.03,0.277,4,0,0,1,0,0,0,1,1,0,1,1,0,0,1,0,0,0,255000.0,https://www.mubawab-media.com/ad/8/139/898F/h/dc0e457d-8639-4efd-9fac-ac9442527862_16183122-6ec0-4451-919a-c91a87f1f8e0_80248277.avif
20,0.3333,35.8245,10.6346,115.0,1.0,1.0,0.5,0.2902,2.0,150620.48,0.2694,4,0,0,0,0,0,0,0,0,0,0,0,0,0,0,0,0,0,160000.0,https://www.mubawab-media.com/ad/8/206/694F/h/thumb_59959_property_xlarge_80927506.avif
20,0.284,36.8,10.1,120.0,3.0,2.0,0.5,0.3272,2.0,110184.0,0.3184,4,0,0,1,1,0,0,1,1,1,1,1,0,0,0,0,0,0,470000.0,https://www.mubawab-media.com/ad/8/219/636F/h/thumb_62304_property_xlarge_81065767.avif
23,0.4,36.819,10.2358,115.0,3.0,2.0,0.5,0.517,2.0,43985.0,0.3168,4,0,0,0,0,0,0,0,0,0,0,0,0,0,0,0,0,0,240000.0,nan
20,0.32,36.8,10.1,112.0,4.0,3.0,0.5,0.3244,2.0,110184.0,0.2802,4,0,1,0,1,0,0,1,0,1,1,1,0,0,0,0,0,0,420000.0,https://www.mubawab-media.com/ad/8/239/198F/h/WhatsApp%20Image%202025-10-22%20at%2010.57.45_81274301.avif
1,0.32,36.8665,10.1647,158.0,3.0,3.0,0.5,0.5305,2.0,43985.0,0.3128,4,0,1,0,1,0,0,1,0,0,0,1,0,0,1,0,0,0,380000.0,https://www.mubawab-media.com/ad/8/250/027F/h/IMG-20251110-WA0021_81386184.avif
1,0.32,36.8665,10.1647,151.0,3.0,3.0,0.5,0.5305,2.0,43985.0,0.2798,4,0,0,0,1,0,0,0,0,0,1,0,0,0,0,0,0,0,380000.0,https://www.mubawab-media.com/ad/8/221/833F/h/thumb_1172132_property_xlarge_81111845.avif
20,0.3067,35.8604,10.5953,125.0,1.0,3.0,0.5,0.3642,2.0,150620.48,0.2742,4,0,0,0,1,0,1,0,0,1,1,1,0,0,0,0,0,0,350000.0,https://www.mubawab-media.com/ad/8/228/375F/h/Brown%20Monochrome%20Simple%20Elegant%20Interior%20Design%20Promotion%20Instagram%20Post%20%281%29_81159624.avif
20,0.26,35.8245,10.6346,248.0,1.0,3.0,0.5,0.517,2.0,150620.48,0.3302,4,0,1,0,1,0,0,0,0,1,1,1,0,0,0,0,0,0,350000.0,https://www.mubawab-media.com/ad/8/239/390F/h/1_81276314.avif
20,0.3067,36.8,10.1,150.0,1.0,2.0,0.5,0.3807,2.0,110184.0,0.2734,4,0,1,0,0,0,0,0,0,1,1,1,0,0,0,0,0,0,450000.0,https://www.mubawab-media.com/ad/8/230/736F/h/1_81187378.avif
23,0.4,36.8769,10.3247,160.0,2.0,2.0,0.5,0.8015,2.0,2562.03,0.316,4,0,0,0,1,0,0,0,1,1,1,0,0,0,0,1,0,0,560000.0,https://www.mubawab-media.com/ad/8/249/756F/h/thumb_1202698_property_large_81382798.avif
23,0.4,36.8769,10.3247,240.0,3.0,2.0,0.5,0.8015,2.0,2562.03,0.316,4,0,0,0,0,1,0,0,0,0,0,0,0,0,0,1,0,0,700000.0,https://www.mubawab-media.com/ad/8/249/725F/h/thumb_1202657_property_large_81382439.avif
23,0.32,36.844,10.192,150.0,4.0,3.0,0.5,0.3403,2.0,43985.0,0.2754,4,0,1,0,1,0,0,0,0,0,1,0,0,0,1,0,0,0,384500.0,https://www.mubawab-media.com/ad/8/215/083F/h/tah01_81017343.avif
20,0.3067,36.8,10.1,183.0,7.0,3.0,0.5,0.3807,2.0,110184.0,0.3585,4,0,1,0,0,0,0,1,0,0,0,0,0,0,1,0,0,0,735000.0,https://www.mubawab-media.com/ad/8/246/563F/h/WhatsApp%20Image%202025-11-03%20at%2023.22.49_81350914.avif
20,0.3067,36.8,10.1,160.0,3.0,2.0,0.5,0.3807,2.0,110184.0,0.3358,2,0,1,0,0,0,0,0,0,0,0,0,0,0,1,0,0,0,630000.0,https://www.mubawab-media.com/ad/8/245/030F/h/515292092_122138420174786503_2755646327441896491_n_81335100.avif
20,0.26,35.8245,10.6346,140.0,6.0,4.0,0.5,0.517,2.0,150620.48,0.3176,4,0,0,0,1,0,0,0,0,0,1,0,0,0,0,0,0,0,300000.0,https://www.mubawab-media.com/ad/8/246/469F/h/111_81349940.avif
20,0.3067,36.8,10.1,63.0,2.0,1.0,0.5,0.3807,2.0,110184.0,0.316,4,0,1,0,0,0,0,0,0,1,1,0,0,0,0,0,0,0,260000.0,https://www.mubawab-media.com/ad/8/245/092F/h/WhatsApp%20Image%202025-10-31%20at%2023.12.10%281%29_81336210.avif
20,0.26,35.8245,10.6346,107.0,3.0,2.0,0.5,0.517,2.0,150620.48,0.2774,4,0,1,0,0,0,0,0,0,0,0,0,0,0,1,0,0,0,445000.0,https://www.mubawab-media.com/ad/8/246/537F/h/WhatsApp%20Image%202025-11-03%20at%2022.53.46_81350580.avif
20,0.3067,36.8,10.1,135.0,3.0,2.0,0.5,0.3807,2.0,110184.0,0.3589,4,0,1,0,0,0,0,0,0,0,0,0,0,0,1,1,0,0,490000.0,https://www.mubawab-media.com/ad/8/245/816F/h/515745723_122137709954786503_7395183929768710034_n_81343495.avif
20,0.3067,36.8,10.1,167.0,4.0,3.0,0.5,0.3807,2.0,110184.0,0.2786,4,0,1,0,1,0,0,0,1,1,1,0,0,0,1,0,0,0,560000.0,https://www.mubawab-media.com/ad/8/246/508F/h/WhatsApp%20Image%202025-11-03%20at%2022.22.02%281%29_81350320.avif
1,0.32,36.8665,10.1647,158.0,4.0,4.0,0.5,0.5305,2.0,43985.0,0.2694,4,0,1,0,1,0,0,1,1,0,0,0,0,0,0,0,0,0,340000.0,https://www.mubawab-media.com/ad/8/249/243F/h/gallery_81377574.avif
4,0.24,37.2744,9.8739,100.0,3.0,2.0,0.5,0.4278,2.0,61540.22,0.2694,4,0,0,0,1,0,1,0,1,0,0,0,0,0,0,0,0,0,320000.0,https://www.mubawab-media.com/ad/8/249/237F/h/gallery_81377507.avif
23,0.1867,36.8094,10.1414,137.0,3.0,3.0,0.5,0.3144,2.0,2562.03,0.2758,4,0,0,0,1,0,0,0,0,0,1,1,0,0,0,0,0,0,345000.0,https://www.mubawab-media.com/ad/8/177/076F/h/thumb_1124043_property_large_80632724.avif
1,0.3533,36.899,10.2358,130.0,3.0,3.0,0.5,0.4235,2.0,43985.0,0.2778,4,0,0,0,1,0,0,1,0,0,1,0,0,0,0,0,0,0,320000.0,https://www.mubawab-media.com/ad/8/219/959F/h/thumb_1166522_property_large_81068981.avif
16,0.32,36.4561,10.7376,70.0,2.0,1.0,0.5,0.4552,2.0,154974.0,0.3309,4,0,1,0,1,0,1,1,0,0,0,0,0,0,1,0,0,0,290000.0,https://www.mubawab-media.com/ad/8/246/571F/h/575099195_122111154141013263_1071161440890361849_n_81350875.avif
23,0.4,36.8769,10.3247,130.0,4.0,3.0,0.5,0.8015,2.0,2562.03,0.3277,4,0,1,0,1,0,0,0,0,1,0,0,0,0,1,1,0,0,360000.0,https://www.mubawab-media.com/ad/8/104/304F/h/gE041r0eNYbCaygX-thumb_79888147.avif
20,0.3067,36.8,10.1,114.0,1.0,2.0,0.5,0.3807,2.0,110184.0,0.3152,4,0,1,0,1,0,0,0,0,1,1,0,0,0,0,0,0,0,370000.0,https://www.mubawab-media.com/ad/8/230/751F/h/1_81187616.avif
20,0.26,35.8245,10.6346,143.0,1.0,3.0,0.5,0.517,2.0,150620.48,0.314,4,0,1,0,1,0,1,1,0,1,1,1,1,1,1,0,0,0,370000.0,https://www.mubawab-media.com/ad/8/227/376F/h/1_81148419.avif
23,0.6867,36.819,10.2358,115.0,3.0,2.0,0.5,0.517,2.0,43985.0,0.3168,4,0,0,0,0,0,0,0,0,0,0,0,0,0,0,0,0,0,635000.0,nan
23,0.4,36.8769,10.3247,243.0,4.0,3.0,0.5,0.8015,2.0,2562.03,0.3037,4,0,0,0,1,0,0,1,0,0,0,0,0,0,0,0,0,0,1500000.0,https://www.mubawab-media.com/ad/8/245/132F/h/thumb_1197314_property_large_81336718.avif
23,0.4,36.8769,10.3247,149.0,4.0,3.0,0.5,0.8015,2.0,2562.03,0.316,4,0,0,0,0,0,0,1,0,1,1,1,0,0,0,0,0,0,520000.0,https://www.mubawab-media.com/ad/8/238/796F/h/thumb_1188988_property_large_81270209.avif
16,0.32,36.4561,10.7376,65.0,3.0,1.0,0.5,0.4552,2.0,154974.0,0.3224,4,0,0,0,0,0,0,0,0,1,1,1,1,1,0,0,0,0,250000.0,https://www.mubawab-media.com/ad/8/248/872F/h/photo_00_81373567.avif
23,0.4,36.8769,10.3247,52.0,2.0,1.0,0.5,0.8015,2.0,2562.03,0.3305,4,0,1,0,1,0,0,1,1,1,1,1,1,1,0,0,0,0,207000.0,https://www.mubawab-media.com/ad/8/247/302F/h/WhatsApp%20Image%202025-11-05%20at%2012.47.56%20PM%20%281%29%20-%20Copie_81358654.avif
16,0.32,36.4561,10.7376,220.0,3.0,2.0,0.5,0.4552,2.0,154974.0,0.3144,4,0,0,0,1,0,0,0,1,1,1,1,1,1,1,0,0,1,550000.0,https://www.mubawab-media.com/ad/7/842/104F/h/69145762-322f-49bc-9ead-2693c954abbd_81063480.avif
16,0.32,36.4561,10.7376,220.0,3.0,2.0,0.5,0.4552,2.0,154974.0,0.3164,4,0,0,0,1,0,1,1,0,0,0,0,0,0,0,0,0,0,360000.0,https://www.mubawab-media.com/ad/7/780/026F/h/WhatsApp%20Image%202022-09-27%20at%2009.30.38%20%282%29_56432076.avif
23,0.6867,36.819,10.1658,137.0,2.0,1.0,0.5,0.5524,2.0,2562.03,0.3285,4,0,0,0,1,1,0,0,0,1,1,0,0,0,0,1,0,0,860000.0,https://www.mubawab-media.com/ad/8/248/469F/h/thumb_1201511_property_large_81369140.avif
23,0.6867,36.819,10.1658,200.0,4.0,3.0,0.5,0.5524,2.0,2562.03,0.3313,1,0,1,0,1,0,0,1,0,1,0,0,0,0,1,0,0,0,720000.0,https://www.mubawab-media.com/ad/8/248/443F/h/1762510801208_81368774.avif
23,0.6867,36.819,10.1658,275.0,3.0,3.0,0.5,0.5524,2.0,2562.03,0.3365,4,0,0,0,1,0,0,1,0,0,0,1,0,0,0,1,0,0,1305000.0,https://www.mubawab-media.com/ad/8/007/424F/h/thumb_914521_property_xlarge_78936675.avif
23,0.4,36.8769,10.3247,154.0,4.0,3.0,0.5,0.8015,2.0,2562.03,0.2774,4,0,1,0,1,0,0,1,0,0,0,0,0,0,1,1,0,0,310000.0,https://www.mubawab-media.com/ad/8/227/730F/h/2_81152781.avif
23,0.4,36.8769,10.3247,150.0,4.0,3.0,0.5,0.8015,2.0,2562.03,0.2746,4,0,1,0,1,0,0,1,0,0,1,0,0,0,0,0,0,0,300000.0,https://www.mubawab-media.com/ad/8/244/075F/h/thumb_1195707_property_large_81323241.avif
16,0.32,36.4561,10.7376,120.0,3.0,2.0,0.5,0.4552,2.0,154974.0,0.3192,4,0,0,0,1,0,0,1,1,0,1,1,0,0,0,0,0,0,450000.0,https://www.mubawab-media.com/ad/7/879/688F/h/thumb_1148827_property_xlarge_80993734.avif
23,0.4,36.8769,10.3247,140.0,3.0,2.0,0.5,0.8015,2.0,2562.03,0.271,4,0,0,0,1,0,0,1,1,0,0,1,0,0,0,0,0,0,450000.0,https://www.mubawab-media.com/ad/8/224/645F/h/gallery_81120351.avif
23,0.4,36.8769,10.3247,110.0,3.0,2.0,0.5,0.8015,2.0,2562.03,0.2694,4,0,0,0,0,0,0,1,0,1,1,0,0,0,0,0,0,0,550000.0,https://www.mubawab-media.com/ad/8/232/237F/h/gallery_81203468.avif
16,0.2833,36.4561,10.7376,105.0,3.0,2.0,0.5,0.4454,2.0,154974.0,0.2694,4,0,0,0,1,1,0,1,1,1,1,0,0,0,0,0,0,0,398000.0,https://www.mubawab-media.com/ad/8/201/982F/h/gallery_80881325.avif
20,0.26,35.8245,10.6346,115.0,2.0,2.0,0.5,0.517,2.0,150620.48,0.327,4,0,1,0,0,0,1,1,1,1,0,1,0,0,0,0,0,0,472000.0,https://www.mubawab-media.com/ad/8/247/889F/h/thumb_1200596_property_large_81364081.avif
23,0.0867,36.8,10.1,90.0,3.0,6.0,0.5,0.2194,2.0,110184.0,0.32,4,0,0,0,1,0,0,0,0,0,0,0,0,0,0,0,0,0,150000.0,https://www.mubawab-media.com/ad/8/247/888F/h/thumb_1199277_property_xlarge_81364068.avif
23,0.4,36.8769,10.3247,56.0,2.0,1.0,0.5,0.8015,2.0,2562.03,0.3192,4,0,1,0,1,0,0,1,1,1,1,1,1,1,1,1,0,0,206000.0,https://www.mubawab-media.com/ad/8/147/415F/h/s3_80322047.avif
23,0.4,36.8769,10.3247,284.0,3.0,2.0,0.5,0.8015,2.0,2562.03,0.2714,4,0,1,0,1,1,0,1,1,1,1,1,0,0,0,0,0,0,1000000.0,https://www.mubawab-media.com/ad/8/247/659F/h/gallery_81362117.avif
20,0.284,36.8,10.1,172.0,4.0,3.0,0.5,0.3272,2.0,110184.0,0.3581,4,0,1,0,1,0,0,0,1,1,1,1,1,1,0,0,0,0,550000.0,https://www.mubawab-media.com/ad/8/247/406F/h/WhatsApp%20Image%202025-11-05%20%C3%A0%2013.02.33_dc339886_81359703.avif
23,0.1733,36.819,10.1658,140.0,3.0,3.0,0.5,0.6863,2.0,2562.03,0.3192,4,0,0,0,0,0,0,0,0,0,0,0,0,0,0,0,0,0,185000.0,https://www.mubawab-media.com/ad/8/213/745F/h/2d7387ad-b174-42c1-b0e4-eac361127542_81002642.avif
3,0.14,36.8,10.1,80.0,3.0,4.0,0.5,0.2793,2.0,110184.0,0.2742,4,0,1,0,0,0,0,0,1,0,0,1,0,0,0,0,0,0,220000.0,https://www.mubawab-media.com/ad/8/247/346F/h/IMG_7854_81359167.avif
20,0.3067,36.8,10.1,108.0,3.0,2.0,0.5,0.3807,2.0,110184.0,0.3366,4,0,1,0,1,0,0,0,0,0,0,0,0,0,1,0,0,0,345600.0,https://www.mubawab-media.com/ad/8/138/811F/h/WhatsApp%20Image%202025-05-06%20%C3%A0%2010.28.46_01ec18fa_80236781.avif
23,0.2367,36.8,10.1,160.0,4.0,3.0,0.5,0.3792,2.0,110184.0,0.2758,4,0,0,0,1,0,0,1,0,1,1,1,0,0,0,0,0,0,370000.0,https://www.mubawab-media.com/ad/8/245/986F/h/thumb_1197941_property_large_81345212.avif
23,0.4,36.8769,10.3247,174.0,4.0,3.0,0.5,0.8015,2.0,2562.03,0.2762,4,0,1,0,1,0,0,1,0,0,0,0,0,0,1,0,0,0,365000.0,https://www.mubawab-media.com/ad/8/247/201F/h/gallery_81357615.avif
23,0.4,36.8769,10.3247,93.0,3.0,2.0,0.5,0.8015,2.0,2562.03,0.2762,4,0,1,0,1,0,0,1,0,0,0,0,0,0,1,0,0,0,280000.0,https://www.mubawab-media.com/ad/8/247/188F/h/494361677_1052790959518649_5111431377793404547_n%20-%20Copie_81357441.avif
16,0.2833,36.4561,10.7376,75.0,1.0,1.0,0.5,0.4454,2.0,154974.0,0.34,4,0,1,0,1,1,0,1,0,1,1,0,0,0,0,0,0,0,290000.0,https://www.mubawab-media.com/ad/8/247/153F/h/thumb_1199142_property_large_81357144.avif
1,0.332,36.819,10.2358,115.0,3.0,2.0,0.5,0.517,2.0,43985.0,0.3168,4,0,0,0,0,0,0,0,0,0,0,0,0,0,0,0,0,0,369000.0,nan
1,0.32,36.8665,10.1647,112.0,3.0,2.0,0.5,0.5305,2.0,43985.0,0.3187,4,0,1,0,1,0,0,1,0,1,1,1,0,0,1,0,0,0,409000.0,https://www.mubawab-media.com/ad/8/225/325F/h/IMG_20250927_115625_81126988.avif
17,0.1427,34.7405,10.7603,239.0,3.0,2.0,0.5,0.3081,2.0,130875.5,0.2694,4,0,0,0,1,0,0,1,1,0,1,0,0,0,0,0,0,0,555000.0,https://www.mubawab-media.com/ad/8/245/685F/h/gallery_81342248.avif
23,0.092,36.8,10.1,66.0,3.0,2.0,0.5,0.3155,2.0,110184.0,0.2694,4,0,0,0,0,0,0,1,1,0,0,1,0,0,0,0,0,0,125000.0,https://www.mubawab-media.com/ad/8/240/948F/h/gallery_81292334.avif
23,0.32,36.844,10.192,234.0,5.0,3.0,0.5,0.3403,2.0,43985.0,0.3152,4,0,1,0,1,0,0,1,1,1,1,1,1,1,1,0,0,1,680000.0,https://www.mubawab-media.com/ad/8/246/864F/h/32635250-4e86-4ff6-988a-b5734b448dd3_81354280.avif
23,0.4,36.8769,10.3247,308.0,5.0,4.0,0.5,0.8015,2.0,2562.03,0.3439,4,0,0,0,0,0,1,1,1,1,1,1,1,1,1,1,0,0,1700000.0,https://www.mubawab-media.com/ad/8/092/131F/h/WhatsApp%20Image%202025-02-07%20%C3%A0%2016.42.00_60bfba12_80014432.avif
1,0.32,36.8665,10.1647,61.0,3.0,2.0,0.5,0.5305,2.0,43985.0,0.2694,4,0,0,0,1,0,0,1,0,0,0,0,0,0,0,0,0,0,115000.0,https://www.mubawab-media.com/ad/8/244/357F/h/gallery_81326511.avif
16,0.32,36.4561,10.7376,300.0,3.0,2.0,0.5,0.4552,2.0,154974.0,0.3196,4,0,0,0,1,0,0,0,0,0,0,0,0,0,0,0,0,0,297000.0,https://www.mubawab-media.com/ad/7/786/051F/h/thumb_1083710_property_xlarge_81310719.avif
16,0.32,36.4561,10.7376,160.0,4.0,3.0,0.5,0.4552,2.0,154974.0,0.3148,4,0,0,0,1,0,0,0,0,0,0,0,0,0,0,0,0,0,490000.0,https://www.mubawab-media.com/ad/7/802/037F/h/d8d43e8c-869e-45bf-949c-9dba148f91cf_79766738.avif
16,0.32,36.4561,10.7376,110.0,3.0,2.0,0.5,0.4552,2.0,154974.0,0.316,4,0,1,0,1,1,0,1,0,0,0,0,0,0,1,1,0,0,350000.0,https://www.mubawab-media.com/ad/7/903/699F/h/thumb_1163365_property_xlarge_81445608.avif
20,0.3067,35.8604,10.5953,126.0,3.0,2.0,0.5,0.3642,2.0,150620.48,0.2746,4,0,1,1,1,0,0,1,0,0,0,0,0,0,1,1,0,0,470000.0,https://www.mubawab-media.com/ad/8/226/439F/h/WhatsApp%20Image%202025-09-28%20at%2014.10.50_81138287.avif
23,0.4,36.8769,10.3247,112.0,3.0,2.0,0.5,0.8015,2.0,2562.03,0.3148,4,0,1,0,1,0,0,0,0,1,1,0,0,1,0,0,0,0,245000.0,https://www.mubawab-media.com/ad/8/246/527F/h/WhatsApp%20Image%202025-11-01%20%C3%A0%2013.20.04_73f1ab1c_81350434.avif
16,0.13,36.8,10.1,150.0,4.0,3.0,0.5,0.2426,2.0,110184.0,0.314,4,0,0,0,1,0,0,0,0,0,0,0,0,0,0,0,0,0,69000.0,https://www.mubawab-media.com/ad/8/243/542F/h/WhatsApp%20Image%202025-10-24%20%C3%A0%2013.25.31_ce832286_81317823.avif
20,0.0033,36.8,10.1,114.0,4.0,3.0,0.5,0.183,2.0,110184.0,0.2774,4,0,0,0,0,0,0,1,0,0,0,0,0,0,1,1,0,1,133000.0,https://www.mubawab-media.com/ad/8/246/452F/h/WhatsApp%20Image%202025-08-23%20at%2019.04.15_81349695.avif
20,0.0033,36.8,10.1,78.0,3.0,2.0,0.5,0.183,2.0,110184.0,0.2762,4,0,0,0,1,0,0,1,0,0,0,0,0,1,1,1,0,0,85000.0,https://www.mubawab-media.com/ad/8/246/300F/h/WhatsApp%20Image%202025-11-03%20at%2022.21.45_81348258.avif
23,0.6867,36.819,10.1658,60.0,3.0,1.0,0.5,0.5524,2.0,2562.03,0.3341,4,0,1,0,0,0,0,1,0,0,0,0,0,0,1,0,0,0,335000.0,https://www.mubawab-media.com/ad/8/212/271F/h/photo_0_80988318.avif
1,0.32,36.8665,10.1647,106.0,3.0,1.0,0.5,0.5305,2.0,43985.0,0.324,4,0,1,0,0,0,0,0,0,0,0,0,0,0,0,0,0,0,390000.0,https://www.mubawab-media.com/ad/8/227/255F/h/photo_00_81147250.avif
1,0.3533,36.899,10.2358,120.0,3.0,2.0,0.5,0.4235,2.0,43985.0,0.2694,4,0,0,0,0,0,0,0,0,1,1,0,0,0,0,0,0,0,439235.0,https://www.mubawab-media.com/ad/8/114/964F/h/gallery_79994015.avif
20,0.26,35.8245,10.6346,84.0,1.0,1.0,0.5,0.517,2.0,150620.48,0.3706,4,0,1,0,0,1,1,0,1,1,1,1,0,0,0,1,0,0,500000.0,https://www.mubawab-media.com/ad/8/209/960F/h/thumb_57784_property_xlarge_80963443.avif
23,0.4,36.8769,10.3247,143.0,4.0,3.0,0.5,0.8015,2.0,2562.03,0.3214,1,0,1,0,1,1,0,0,0,0,0,1,0,0,0,1,0,0,770000.0,https://www.mubawab-media.com/ad/8/212/562F/h/L_16f68094-8935-4e02-ba1f-e9f29898de65_80989941.avif
20,0.3333,35.8245,10.6346,110.0,1.0,2.0,0.5,0.2902,2.0,150620.48,0.2722,4,0,1,0,1,0,0,1,1,1,1,1,0,0,0,0,0,0,210000.0,https://www.mubawab-media.com/ad/8/228/955F/h/1_81165781.avif
20,0.26,35.8245,10.6346,105.0,1.0,2.0,0.5,0.517,2.0,150620.48,0.2762,4,0,1,0,1,0,0,0,0,1,1,1,1,0,1,0,0,0,376761.0,https://www.mubawab-media.com/ad/8/228/435F/h/White%20Grey%20Simple%20Photo%20Sold%20Real%20Estate%20Facebook%20Post%20%283%29_81160326.avif
20,0.26,35.8245,10.6346,218.0,1.0,3.0,0.5,0.517,2.0,150620.48,0.2714,4,0,1,0,1,0,1,1,1,1,1,1,1,1,1,0,0,0,720192.0,https://www.mubawab-media.com/ad/8/228/338F/h/1_81159211.avif
20,0.3067,36.8,10.1,126.0,1.0,2.0,0.5,0.3807,2.0,110184.0,0.2774,4,0,1,0,1,0,0,0,0,1,1,0,0,0,0,0,0,0,370000.0,https://www.mubawab-media.com/ad/8/230/710F/h/1_81187086.avif
20,0.26,35.8245,10.6346,55.0,1.0,1.0,0.5,0.517,2.0,150620.48,0.2762,4,0,1,0,1,0,0,0,0,1,0,0,0,0,1,0,0,0,210000.0,https://www.mubawab-media.com/ad/8/228/406F/h/Brown%20Monochrome%20Simple%20Elegant%20Interior%20Design%20Promotion%20Instagram%20Post%20%281%29_81160224.avif
20,0.3067,36.8,10.1,70.0,1.0,1.0,0.5,0.3807,2.0,110184.0,0.2734,4,0,1,0,0,0,0,0,0,1,1,0,0,0,0,0,0,0,245000.0,https://www.mubawab-media.com/ad/8/246/103F/h/1_81346299.avif
20,0.3333,35.8245,10.6346,75.0,1.0,2.0,0.5,0.2902,2.0,150620.48,0.2738,4,0,1,0,0,0,0,0,0,1,1,1,0,0,0,0,0,0,280000.0,https://www.mubawab-media.com/ad/8/232/586F/h/1_81207446.avif
1,0.32,36.8665,10.1647,130.0,3.0,2.0,0.5,0.5305,2.0,43985.0,0.3569,4,0,1,0,1,0,0,1,0,1,1,0,0,0,0,0,0,0,370000.0,https://www.mubawab-media.com/ad/8/245/964F/h/thumb_1197987_property_large_81344989.avif
3,0.2227,36.8,10.1,137.0,4.0,3.0,0.5,0.274,2.0,110184.0,0.277,4,0,0,0,1,0,0,1,0,1,1,1,0,0,0,0,0,0,400000.0,https://www.mubawab-media.com/ad/8/187/418F/h/WhatsApp%20Image%202025-07-16%20%C3%A0%2011.27.44_ee9471ba_80737788.avif
1,0.332,36.819,10.2358,115.0,3.0,2.0,0.5,0.517,2.0,43985.0,0.3168,4,0,0,0,0,0,0,0,0,0,0,0,0,0,0,0,0,0,309900.0,nan
1,0.332,36.8665,10.1647,160.0,4.0,3.0,0.5,0.247,2.0,43985.0,0.279,4,0,0,0,0,0,0,0,0,0,0,0,0,0,0,0,0,0,320000.0,https://www.mubawab-media.com/ad/8/245/912F/h/Untitled%20design%20-%202025-11-03T111932.220_81344558.avif
1,0.32,36.8665,10.1647,167.0,4.0,3.0,0.5,0.5305,2.0,43985.0,0.345,4,0,0,0,1,0,0,1,0,1,1,1,0,0,1,0,0,0,376900.0,https://www.mubawab-media.com/ad/8/091/651F/h/jin02_79765486.avif
1,0.32,36.8665,10.1647,300.0,7.0,3.0,0.5,0.5305,2.0,43985.0,0.3313,4,0,1,0,0,0,0,1,0,1,1,1,0,1,1,1,0,0,1220000.0,https://www.mubawab-media.com/ad/7/915/062F/h/1715705207532_75265773.avif
12,0.22,35.5047,11.0622,86.0,3.0,2.0,0.5,0.4425,2.0,1278.45,0.2694,4,0,0,0,1,0,0,1,0,0,0,0,0,0,0,0,0,0,308000.0,https://www.mubawab-media.com/ad/8/245/686F/h/gallery_81342259.avif
16,0.32,36.4561,10.7376,70.0,2.0,1.0,0.5,0.4552,2.0,154974.0,0.2818,4,0,1,1,1,0,0,1,1,1,1,1,1,1,1,0,0,0,340000.0,https://www.mubawab-media.com/ad/8/245/558F/h/IMG_4869_81341147.avif
20,0.3067,35.8604,10.5953,107.0,3.0,2.0,0.5,0.3642,2.0,150620.48,0.3734,4,0,1,0,1,0,0,1,0,0,1,1,0,0,0,0,0,0,320000.0,https://www.mubawab-media.com/ad/8/245/461F/h/IMG-20251022-WA0090_81340266.avif
16,0.2833,36.4561,10.7376,152.0,3.0,2.0,0.5,0.4454,2.0,154974.0,0.2694,4,0,1,0,0,1,0,0,1,0,0,0,0,0,0,0,0,0,720000.0,https://www.mubawab-media.com/ad/8/245/349F/h/gallery_81338930.avif
3,0.1133,36.7533,10.2283,104.0,3.0,2.0,0.5,0.4302,2.0,114262.5,0.2694,3,0,1,0,1,0,0,1,1,0,0,1,0,0,0,0,0,0,280000.0,https://www.mubawab-media.com/ad/8/245/346F/h/gallery_81338887.avif
1,0.2933,36.8665,10.1647,220.0,2.0,4.0,0.5,0.2426,2.0,43985.0,0.3148,4,0,0,0,1,0,0,1,0,1,1,0,0,0,0,0,0,0,450000.0,https://www.mubawab-media.com/ad/8/245/243F/h/1c263e6b-848c-4965-9524-afc203e17e80-1_all_190_81337767.avif
3,0.0933,36.7533,10.2283,150.0,4.0,3.0,0.5,0.2965,2.0,114262.5,0.277,4,0,1,0,1,0,0,1,0,0,0,0,0,0,0,0,0,1,400000.0,https://www.mubawab-media.com/ad/8/245/235F/h/f3cf8898-0e23-4cb3-84bf-68fa87bab055_81337648.avif
20,0.26,35.8245,10.6346,80.0,3.0,2.0,0.5,0.517,2.0,150620.48,0.279,3,0,0,1,1,0,0,0,0,1,1,0,0,0,0,0,0,0,200000.0,https://www.mubawab-media.com/ad/8/245/220F/h/photo_00_81337519.avif
13,0.2467,36.8,10.1,80.0,3.0,2.0,0.5,0.2476,2.0,110184.0,0.275,3,0,0,1,1,0,0,0,0,1,1,0,0,0,0,0,0,0,200000.0,https://www.mubawab-media.com/ad/8/245/189F/h/Messenger_creation_69151E5A-EED3-488C-A0BD-FD9803B50465_81337270.avif
1,0.32,36.8665,10.1647,180.0,4.0,3.0,0.5,0.5305,2.0,43985.0,0.3325,4,0,1,0,1,0,0,1,0,0,0,0,0,0,1,0,0,0,400000.0,https://www.mubawab-media.com/ad/8/232/701F/h/78528fad-0034-4c92-8a0c-9b98139b4cab%20%281%29_81208280.avif
23,0.6867,36.819,10.1658,138.0,4.0,3.0,0.5,0.5524,2.0,2562.03,0.3386,3,0,1,0,1,0,0,1,0,0,0,0,0,0,1,0,0,0,760000.0,https://www.mubawab-media.com/ad/8/233/033F/h/69ef8883-2640-4407-a8e3-407bacc15339_81211594.avif
23,0.6867,36.819,10.1658,373.0,6.0,5.0,0.5,0.5524,2.0,2562.03,0.3573,4,0,1,0,1,0,0,1,0,0,0,0,0,0,1,0,0,0,1500000.0,https://www.mubawab-media.com/ad/8/233/861F/h/01fa7ffe-23d9-4a1c-8a9c-34ece0009aca_81219107.avif
23,0.4,36.8769,10.3247,74.0,2.0,1.0,0.5,0.8015,2.0,2562.03,0.3362,4,0,1,0,1,0,0,1,1,1,1,1,1,1,1,0,0,0,370000.0,https://www.mubawab-media.com/ad/8/241/903F/h/pxRjjELQNp2iMY2X-thumb_81301353.avif
23,0.6867,36.819,10.1658,65.0,2.0,1.0,0.5,0.5524,2.0,2562.03,0.3362,1,0,1,0,1,0,0,1,1,1,1,1,1,1,1,0,0,0,373000.0,https://www.mubawab-media.com/ad/8/243/922F/h/eUoFSrFv6dQOcGad-thumb_81321791.avif
23,0.6867,36.819,10.1658,132.0,4.0,3.0,0.5,0.5524,2.0,2562.03,0.3362,2,0,1,0,1,0,0,1,1,1,1,1,1,1,1,0,0,0,766000.0,https://www.mubawab-media.com/ad/8/243/924F/h/EHxwIH9iqPy0ARk4-thumb_81321802.avif
23,0.6867,36.819,10.1658,91.0,3.0,2.0,0.5,0.5524,2.0,2562.03,0.3426,1,0,1,0,1,0,0,1,1,1,1,1,1,1,1,0,0,0,545000.0,https://www.mubawab-media.com/ad/8/243/926F/h/eUoFSrFv6dQOcGad-thumb_81321832.avif
20,0.284,36.8,10.1,151.0,4.0,3.0,0.5,0.3272,2.0,110184.0,0.3549,4,0,1,0,1,1,0,1,1,1,1,1,1,1,1,1,0,0,590000.0,https://www.mubawab-media.com/ad/8/240/718F/h/WhatsApp%20Image%202025-10-24%20%C3%A0%2014.27.22_a334161a_81290040.avif
20,0.32,36.8,10.1,94.0,3.0,2.0,0.5,0.3244,2.0,110184.0,0.3175,4,0,0,0,1,0,0,0,1,1,1,1,1,1,0,0,0,0,360000.0,https://www.mubawab-media.com/ad/8/245/050F/h/WhatsApp%20Image%202025-10-30%20%C3%A0%2015.14.14_8d84b89e_81335233.avif
20,0.3067,36.8,10.1,155.0,4.0,3.0,0.5,0.3807,2.0,110184.0,0.3144,4,0,1,0,1,0,0,1,0,1,0,0,0,0,1,0,0,0,450000.0,https://www.mubawab-media.com/ad/8/211/938F/h/WhatsApp%20Image%202024-12-16%20at%201.16.22%20PM_80984044.avif
20,0.32,36.8,10.1,174.0,5.0,4.0,0.5,0.3244,2.0,110184.0,0.3175,4,0,0,0,1,0,0,0,0,1,1,0,0,0,0,0,0,0,675000.0,https://www.mubawab-media.com/ad/8/245/025F/h/WhatsApp%20Image%202025-10-30%20%C3%A0%2015.53.22_34d33358_81335039.avif
20,0.3333,35.8245,10.6346,75.0,2.0,1.0,0.5,0.2902,2.0,150620.48,0.3406,4,0,1,0,1,1,0,1,0,0,0,0,0,0,0,0,0,0,280000.0,https://www.mubawab-media.com/ad/8/245/037F/h/IMG_0638_81335151.avif
17,0.1427,34.7405,10.7603,120.0,3.0,2.0,0.5,0.3081,2.0,130875.5,0.2694,4,0,0,0,1,0,0,0,1,0,0,0,0,0,0,0,0,0,215000.0,https://www.mubawab-media.com/ad/8/244/967F/h/gallery_81334430.avif
20,0.0033,36.8,10.1,85.0,1.0,2.0,0.5,0.183,2.0,110184.0,0.31,4,0,0,0,0,0,0,0,0,1,0,0,0,0,0,0,0,0,125000.0,https://www.mubawab-media.com/ad/8/230/770F/h/Brown%20Monochrome%20Simple%20Elegant%20Interior%20Design%20Promotion%20Instagram%20Post_81187882.avif
23,0.4,36.819,10.2358,115.0,3.0,2.0,0.5,0.517,2.0,43985.0,0.3168,4,0,0,0,0,0,0,0,0,0,0,0,0,0,0,0,0,0,240000.0,nan
23,0.35,36.77,10.23,496.0,6.0,3.0,0.5,0.2779,2.0,2562.03,0.2726,1,0,0,0,0,0,0,1,0,1,1,0,0,0,0,1,0,0,750000.0,https://www.mubawab-media.com/ad/8/091/977F/h/514253583_1257845973021988_8231616750700325750_n_81331656.avif
15,0.2633,35.7643,10.8113,95.0,2.0,2.0,0.5,0.3655,2.0,134734.0,0.275,4,0,1,0,1,0,1,1,1,1,1,1,0,0,0,0,0,0,435000.0,https://www.mubawab-media.com/ad/8/244/655F/h/IMG_8264_81331383.avif
23,0.4,36.8769,10.3247,120.0,4.0,3.0,0.5,0.8015,2.0,2562.03,0.273,4,0,0,0,1,0,0,0,0,1,1,1,0,0,0,0,0,0,550000.0,https://www.mubawab-media.com/ad/8/244/595F/h/WP_20180212_18_14_05_Pro_81330941.avif
16,0.32,36.4561,10.7376,100.0,3.0,2.0,0.5,0.4552,2.0,154974.0,0.2742,4,0,0,0,1,0,0,1,1,1,1,1,1,1,1,0,0,0,350000.0,https://www.mubawab-media.com/ad/8/154/425F/h/thumb_1103277_property_xlarge_80400613.avif
20,0.32,36.8,10.1,200.0,4.0,4.0,0.5,0.3244,2.0,110184.0,0.2754,4,0,0,0,0,0,0,0,0,0,0,0,0,0,0,0,0,0,450000.0,https://www.mubawab-media.com/ad/8/196/211F/h/cf234061-bcd3-4153-a4d1-0f32a566f8fa_80825634.avif
20,0.26,35.8245,10.6346,115.0,2.0,2.0,0.5,0.517,2.0,150620.48,0.2762,4,0,1,0,1,0,1,1,0,1,1,1,0,0,0,0,0,0,550000.0,https://www.mubawab-media.com/ad/8/162/709F/h/thumb_61520_property_big_80487239.avif
16,0.2833,36.4561,10.7376,109.0,3.0,2.0,0.5,0.4454,2.0,154974.0,0.3447,4,0,0,0,0,0,0,1,0,1,1,1,0,0,0,0,0,0,410000.0,https://www.mubawab-media.com/ad/8/244/546F/h/IMG-20251027-WA0141_81330253.avif
16,0.2367,36.8,10.1,175.0,4.0,3.0,0.5,0.1511,2.0,110184.0,0.3104,4,0,0,0,1,0,0,0,0,1,0,1,0,0,0,0,0,0,180000.0,https://www.mubawab-media.com/ad/8/029/562F/h/thumb_941909_property_xlarge_79154041.avif
16,0.2367,36.4561,10.7376,65.0,3.0,2.0,0.5,0.2218,2.0,154974.0,0.3208,4,0,0,0,0,0,0,1,1,1,1,0,0,0,0,0,0,0,170000.0,https://www.mubawab-media.com/ad/8/235/867F/h/thumb_1185785_property_xlarge_81240015.avif
3,0.04,36.7293,10.3349,92.0,3.0,2.0,0.5,0.2303,2.0,114262.5,0.3176,4,0,0,0,0,0,0,0,0,0,0,0,0,0,0,0,0,0,150000.0,https://www.mubawab-media.com/ad/8/239/836F/h/thumb_1190092_property_xlarge_81280924.avif
23,0.4,36.8769,10.3247,200.0,4.0,3.0,0.5,0.8015,2.0,2562.03,0.316,4,0,1,0,1,0,0,1,0,1,0,0,0,0,1,0,0,0,1200000.0,https://www.mubawab-media.com/ad/8/147/816F/h/IMG-20250428-WA0033_80326241.avif
23,0.3067,36.8,10.1,152.0,4.0,3.0,0.5,0.3453,2.0,110184.0,0.3112,4,0,1,0,1,0,0,1,0,0,1,0,0,0,1,0,0,0,550000.0,https://www.mubawab-media.com/ad/8/200/184F/h/01a378c2-1ac7-41af-979c-284d887ae083_80863366.avif
23,0.6867,36.819,10.1658,160.0,4.0,3.0,0.5,0.5524,2.0,2562.03,0.3362,4,0,1,0,1,0,0,1,0,0,0,0,0,0,1,0,0,0,916000.0,https://www.mubawab-media.com/ad/8/243/934F/h/KjFHpkX7VOesf73L-thumb_81321911.avif
23,0.6867,36.819,10.1658,135.0,3.0,2.0,0.5,0.5524,2.0,2562.03,0.2762,4,0,1,0,1,0,0,1,0,0,0,0,0,0,1,1,0,0,620000.0,https://www.mubawab-media.com/ad/8/048/313F/h/photo_0_81101700.avif
16,0.2833,36.4561,10.7376,200.0,4.0,3.0,0.5,0.4454,2.0,154974.0,0.2694,4,0,1,0,1,0,1,1,0,0,0,0,0,0,1,0,0,0,600000.0,https://www.mubawab-media.com/ad/8/240/834F/h/bebd4bc5-9866-45d4-ba3b-fa9f5fcbd4c9_81291295.avif
23,0.6867,36.819,10.1658,177.0,4.0,3.0,0.5,0.5524,2.0,2562.03,0.3646,4,0,1,1,1,0,0,1,1,1,1,1,1,1,1,1,0,0,1044000.0,https://www.mubawab-media.com/ad/7/957/668F/h/WhatsApp%20Image%202024-07-16%20%C3%A0%2010.57.55_5ee0047f_78441726.avif
20,0.3333,35.8245,10.6346,23.0,1.0,1.0,0.5,0.2902,2.0,150620.48,0.3172,4,0,0,1,1,1,0,0,1,1,0,1,0,0,0,0,0,0,135000.0,https://www.mubawab-media.com/ad/8/243/613F/h/thumb_1195283_property_large_81318549.avif
20,0.3333,35.8245,10.6346,115.0,2.0,2.0,0.5,0.2902,2.0,150620.48,0.2742,4,0,0,1,0,0,0,0,0,0,0,0,0,0,0,0,0,0,210000.0,https://www.mubawab-media.com/ad/8/206/695F/h/thumb_59950_property_xlarge_80927517.avif
20,0.3333,35.8245,10.6346,200.0,3.0,2.0,0.5,0.2902,2.0,150620.48,0.3188,4,0,1,1,1,0,1,1,1,1,1,1,0,0,0,0,0,0,650000.0,https://www.mubawab-media.com/ad/8/221/932F/h/thumb_62285_property_xlarge_81090477.avif
17,0.1427,34.7405,10.7603,110.0,6.0,4.0,0.5,0.3081,2.0,130875.5,0.3164,4,0,1,0,0,0,0,1,1,0,0,1,0,0,1,0,0,0,195000.0,https://www.mubawab-media.com/ad/8/243/560F/h/WhatsApp%20Image%202025-10-29%20at%2015.42.45%20%281%29_81318048.avif
1,0.32,36.8665,10.1647,115.0,2.0,2.0,0.5,0.5305,2.0,43985.0,0.2774,4,0,0,0,1,0,0,1,0,0,0,1,0,0,0,0,0,0,230000.0,https://www.mubawab-media.com/ad/8/211/206F/h/IMG-20250905-WA0016_80977090.avif
23,0.4,36.8769,10.3247,72.0,2.0,2.0,0.5,0.8015,2.0,2562.03,0.2778,4,0,1,0,1,0,0,1,0,1,0,0,0,0,0,0,0,0,270000.0,https://www.mubawab-media.com/ad/8/243/535F/h/IMG-20251029-WA0021_81317747.avif
23,0.6867,36.819,10.1658,138.0,3.0,2.0,0.5,0.5524,2.0,2562.03,0.3371,4,0,1,0,1,0,0,1,0,0,0,0,0,0,1,0,0,0,620000.0,https://www.mubawab-media.com/ad/8/243/506F/h/1000017514_81317454.avif
23,0.1733,36.819,10.1658,113.0,3.0,3.0,0.5,0.6863,2.0,2562.03,0.3196,4,0,0,0,0,0,0,0,0,0,0,0,0,0,0,0,0,0,178000.0,https://www.mubawab-media.com/ad/8/243/436F/h/photo_00_81316899.avif
23,0.4,36.8769,10.3247,67.0,2.0,1.0,0.5,0.8015,2.0,2562.03,0.3286,4,0,1,0,1,0,0,1,0,1,0,0,0,0,1,0,0,0,195000.0,https://www.mubawab-media.com/ad/8/236/719F/h/thumb_1186965_property_large_81248940.avif
16,0.32,36.4561,10.7376,90.0,2.0,2.0,0.5,0.4552,2.0,154974.0,0.314,4,0,1,0,1,1,0,0,0,0,0,0,0,0,0,1,0,1,360000.0,https://www.mubawab-media.com/ad/8/051/484F/h/25af45f8-1d76-4fe8-89d6-1e286cfbdfbd_79373339.avif
16,0.32,36.4561,10.7376,77.0,1.0,1.0,0.5,0.4552,2.0,154974.0,0.2802,4,0,1,1,1,1,0,0,1,1,1,1,1,0,1,1,0,1,320000.0,https://www.mubawab-media.com/ad/8/130/573F/h/f2afcd90-5e5c-4c9c-9a50-cae9a80197cb_80153231.avif
23,0.6867,36.819,10.2358,115.0,3.0,2.0,0.5,0.517,2.0,43985.0,0.3168,4,0,0,0,0,0,0,0,0,0,0,0,0,0,0,0,0,0,635000.0,nan
16,0.32,36.4561,10.7376,130.0,1.0,2.0,0.5,0.4552,2.0,154974.0,0.314,4,0,1,1,1,1,0,1,1,1,1,1,0,1,1,1,0,1,470000.0,https://www.mubawab-media.com/ad/7/974/817F/h/2eb65c61-1607-4a8b-b239-bbab3d5d24e6_78609424.avif
16,0.3433,36.8,10.1,82.0,3.0,2.0,0.5,0.1884,2.0,110184.0,0.3148,4,0,0,0,1,0,0,0,1,1,1,1,1,1,0,0,0,0,270000.0,https://www.mubawab-media.com/ad/8/243/235F/h/f4d2563e-0671-4558-956e-7c460c684ead_81314467.avif
16,0.3433,36.8,10.1,70.0,2.0,1.0,0.5,0.1884,2.0,110184.0,0.3148,4,0,0,0,1,0,0,0,1,1,1,1,1,1,0,0,0,0,200000.0,https://www.mubawab-media.com/ad/8/243/217F/h/5f5736ae-ab02-4390-9110-941dfad0b2af_81314253.avif
1,0.3533,36.899,10.2358,118.0,4.0,3.0,0.5,0.4235,2.0,43985.0,0.318,4,0,1,0,1,0,0,1,1,1,1,1,1,1,1,1,0,0,540000.0,https://www.mubawab-media.com/ad/8/243/188F/h/Screenshot_20250929_090606_Video%20Player_81313990.avif
1,0.332,36.8665,10.1647,147.0,4.0,3.0,0.5,0.247,2.0,43985.0,0.275,4,0,0,0,0,0,0,0,0,0,0,0,0,0,0,0,0,0,280000.0,https://www.mubawab-media.com/ad/8/242/989F/h/Screenshot_20250727-162302_Photos_81311943.avif
16,0.2833,36.4561,10.7376,150.0,3.0,2.0,0.5,0.4454,2.0,154974.0,0.2706,4,0,0,0,1,0,0,0,0,1,0,0,0,0,0,1,0,0,240000.0,https://www.mubawab-media.com/ad/8/198/707F/h/9e4d9669-5edb-4574-a611-694303546da1_80849193.avif
16,0.2833,36.4561,10.7376,80.0,3.0,2.0,0.5,0.4454,2.0,154974.0,0.2694,4,0,0,0,1,0,0,0,0,1,1,1,0,0,0,0,0,0,175000.0,https://www.mubawab-media.com/ad/8/236/495F/h/3f6c5932-e2e2-4d41-ac2f-5f22bcb2719d_81246615.avif
1,0.3533,36.899,10.2358,135.0,3.0,3.0,0.5,0.4235,2.0,43985.0,0.339,4,0,1,0,1,0,0,1,0,1,1,0,0,0,0,0,0,0,553000.0,https://www.mubawab-media.com/ad/8/241/845F/h/s%2B3-05_81300862.avif
23,0.4,36.8769,10.3247,206.0,3.0,3.0,0.5,0.8015,2.0,2562.03,0.2718,4,0,0,0,1,0,0,1,0,0,0,0,0,0,1,1,0,0,620000.0,https://www.mubawab-media.com/ad/8/240/054F/h/thumb_1191236_property_large_81283205.avif
20,0.3333,35.8245,10.6346,101.0,2.0,2.0,0.5,0.2902,2.0,150620.48,0.3176,4,0,1,0,1,0,0,1,0,0,0,0,0,0,0,0,0,0,355000.0,https://www.mubawab-media.com/ad/8/164/013F/h/thumb_60601_property_xlarge_80500589.avif
3,0.0933,36.7533,10.2283,132.0,4.0,4.0,0.5,0.2965,2.0,114262.5,0.2754,1,0,1,0,1,0,1,0,0,0,0,0,0,0,0,0,0,0,280000.0,https://www.mubawab-media.com/ad/8/242/340F/h/photo-113414_81305737.avif
16,0.2833,36.4561,10.7376,131.0,4.0,3.0,0.5,0.4454,2.0,154974.0,0.3176,4,0,1,0,1,1,1,1,0,0,0,0,0,0,0,0,0,0,706000.0,https://www.mubawab-media.com/ad/8/226/800F/h/thumb_1174835_property_big_81141755.avif
16,0.2833,36.4561,10.7376,116.0,3.0,2.0,0.5,0.4454,2.0,154974.0,0.3313,4,0,1,0,1,1,1,1,0,0,0,0,0,0,0,0,0,0,380000.0,https://www.mubawab-media.com/ad/8/194/156F/h/1_80805815.avif
23,0.0209,36.8,10.1,80.0,1.0,2.0,0.5,0.1812,2.0,110184.0,0.3156,4,0,0,0,1,0,0,1,0,1,0,0,0,0,0,0,0,0,105000.0,https://www.mubawab-media.com/ad/8/242/218F/h/WhatsApp%20Image%202024-03-14%20at%204.01.31%20PM%20%282%29_81304422.avif
1,0.3533,36.899,10.2358,184.0,5.0,4.0,0.5,0.4235,2.0,43985.0,0.3277,4,0,1,1,1,1,0,1,1,1,1,1,1,1,1,1,0,0,850000.0,https://www.mubawab-media.com/ad/8/091/128F/h/thumb_1012422_property_large_79760398.avif
1,0.32,36.8665,10.1647,100.0,4.0,3.0,0.5,0.5305,2.0,43985.0,0.273,4,0,1,0,0,0,0,0,0,0,0,0,0,0,0,0,0,0,355000.0,https://www.mubawab-media.com/ad/8/206/445F/h/539012945_1286317205713124_8765834808462339300_n_80925148.avif
1,0.32,36.8665,10.1647,100.0,3.0,2.0,0.5,0.5305,2.0,43985.0,0.2726,4,0,0,0,0,0,0,0,0,0,1,0,0,0,0,0,0,0,140000.0,https://www.mubawab-media.com/ad/8/242/022F/h/WhatsApp%20Image%202025-10-27%20%C3%A0%2012.47.35_09056941_81302430.avif
1,0.332,36.8665,10.1647,119.0,4.0,2.0,0.5,0.247,2.0,43985.0,0.3228,4,0,0,0,1,0,0,1,0,0,1,0,0,1,0,0,0,1,230000.0,https://www.mubawab-media.com/ad/8/241/964F/h/received_1340038406755978_81301924.avif
1,0.3533,36.899,10.2358,75.0,2.0,1.0,0.5,0.4235,2.0,43985.0,0.2746,4,0,1,0,0,0,0,0,1,1,1,1,0,0,0,0,0,0,195000.0,https://www.mubawab-media.com/ad/8/241/958F/h/thumb_1193154_property_large_81301790.avif
1,0.32,36.8665,10.1647,125.0,2.0,2.0,0.5,0.5305,2.0,43985.0,0.2895,4,0,0,0,1,0,0,0,0,0,1,1,0,0,0,1,0,0,260000.0,https://www.mubawab-media.com/ad/8/241/926F/h/thumb_1193139_property_large_81301567.avif
1,0.3533,36.899,10.2358,149.0,4.0,3.0,0.5,0.4235,2.0,43985.0,0.3195,4,0,1,0,1,0,0,1,0,1,1,0,0,0,0,0,0,0,520000.0,https://www.mubawab-media.com/ad/8/241/913F/h/thumb_1193111_property_large_81301406.avif
23,0.6867,36.819,10.1658,150.0,4.0,3.0,0.5,0.5524,2.0,2562.03,0.339,4,0,1,0,1,0,0,1,0,1,0,0,0,0,1,0,0,0,795000.0,https://www.mubawab-media.com/ad/7/976/834F/h/w9BthYKd3oZzTKwn-thumb_78629798.avif
1,0.32,36.8665,10.1647,134.0,3.0,2.0,0.5,0.5305,2.0,43985.0,0.3171,4,0,1,0,1,0,0,0,1,1,1,0,0,0,0,0,0,0,480000.0,https://www.mubawab-media.com/ad/8/241/896F/h/thumb_1193103_property_large_81301303.avif
23,0.4,36.819,10.2358,580.0,5.0,4.0,0.5,0.517,2.0,43985.0,0.3168,4,0,0,0,1,1,0,1,0,1,0,0,0,0,0,0,0,0,2200000.0,https://www.mubawab-media.com/ad/8/241/892F/h/5yBbJN9WO8Ryb5aX-thumb_81301286.avif
23,0.4,36.8769,10.3247,101.0,3.0,2.0,0.5,0.8015,2.0,2562.03,0.3148,4,0,1,0,1,0,0,1,0,1,0,0,0,0,1,0,0,0,351000.0,https://www.mubawab-media.com/ad/8/068/623F/h/WhatsApp%20Image%202024-11-18%20%C3%A0%2016.28.09_eea17859_79541938.avif
1,0.3533,36.899,10.2358,118.0,4.0,3.0,0.5,0.4235,2.0,43985.0,0.2702,4,0,0,0,1,0,0,1,0,1,1,1,0,0,0,0,0,0,410000.0,https://www.mubawab-media.com/ad/8/241/835F/h/thumb_1193061_property_large_81300692.avif
3,0.0933,36.7533,10.2283,81.0,3.0,2.0,0.5,0.2965,2.0,114262.5,0.2742,4,0,0,0,1,0,0,1,0,1,1,1,1,1,0,0,0,0,255000.0,https://www.mubawab-media.com/ad/7/997/342F/h/thumb_299819_property_xlarge_78830505.avif
1,0.3533,36.899,10.2358,80.0,4.0,3.0,0.5,0.4235,2.0,43985.0,0.2786,4,0,1,0,0,0,0,1,0,1,0,0,0,0,1,0,0,0,140000.0,https://www.mubawab-media.com/ad/8/186/396F/h/IMG_3494_80727638.avif
23,0.4,36.8769,10.3247,100.0,3.0,2.0,0.5,0.8015,2.0,2562.03,0.2718,4,0,1,0,0,0,0,1,1,1,1,1,0,0,1,1,0,0,250000.0,https://www.mubawab-media.com/ad/8/232/514F/h/Screen%20Shot%202025-10-26%20at%207.02.13%20PM_81298911.avif
23,0.4,36.8769,10.3247,86.0,2.0,1.0,0.5,0.8015,2.0,2562.03,0.3293,4,0,1,0,1,1,0,0,1,1,1,1,1,1,1,1,0,0,390000.0,https://www.mubawab-media.com/ad/8/241/524F/h/WhatsApp%20Image%202025-10-24%20at%2011.38.44%20AM%20%281%29_81297600.avif
1,0.32,36.8665,10.1647,72.0,3.0,2.0,0.5,0.5305,2.0,43985.0,0.2694,4,0,1,0,1,0,0,0,0,0,1,0,0,0,0,0,0,0,197000.0,https://www.mubawab-media.com/ad/8/241/422F/h/gallery_81296663.avif
16,0.32,36.4561,10.7376,160.0,3.0,3.0,0.5,0.4552,2.0,154974.0,0.3132,4,0,0,0,1,0,0,0,1,1,1,1,0,1,1,0,0,0,490000.0,https://www.mubawab-media.com/ad/8/152/918F/h/thumb_1102324_property_large_80376860.avif
20,0.26,35.8245,10.6346,70.0,5.0,2.0,0.5,0.517,2.0,150620.48,0.3045,4,0,0,0,1,0,0,1,0,0,0,0,0,0,0,0,0,0,170000.0,https://www.mubawab-media.com/ad/8/240/378F/h/FB_IMG_1761221529595_81286481.avif
17,0.1427,34.7405,10.7603,60.0,3.0,2.0,0.5,0.3081,2.0,130875.5,0.2694,4,0,0,0,0,0,0,0,0,0,0,0,0,0,0,0,0,0,145000.0,https://www.mubawab-media.com/ad/8/240/935F/h/gallery_81292203.avif
23,0.32,36.844,10.192,109.0,3.0,2.0,0.5,0.3403,2.0,43985.0,0.2694,4,0,0,0,1,0,0,0,0,0,1,0,0,0,0,0,0,0,220000.0,https://www.mubawab-media.com/ad/8/240/922F/h/gallery_81292092.avif
23,0.6867,36.819,10.1658,142.0,3.0,2.0,0.5,0.5524,2.0,2562.03,0.3411,4,0,0,0,1,0,0,1,0,0,0,0,0,0,0,0,0,0,730000.0,https://www.mubawab-media.com/ad/8/230/223F/h/thumb_1177943_property_xlarge_81182192.avif
23,0.6867,36.819,10.1658,158.0,4.0,3.0,0.5,0.5524,2.0,2562.03,0.3427,4,0,0,0,1,0,0,0,1,1,1,0,0,0,1,0,0,0,670000.0,https://www.mubawab-media.com/ad/8/240/649F/h/cb040e7d-4e2f-40da-8eaa-a38a5cade5a5_81289414.avif
23,0.6867,36.819,10.1658,113.0,2.0,2.0,0.5,0.5524,2.0,2562.03,0.2718,4,0,0,0,0,0,0,0,0,1,1,1,0,0,0,1,0,0,585000.0,https://www.mubawab-media.com/ad/8/240/685F/h/thumb_1192167_property_large_81289748.avif
1,0.3533,36.899,10.2358,97.0,2.0,2.0,0.5,0.4235,2.0,43985.0,0.3144,4,0,0,0,1,0,0,1,0,1,1,1,0,0,0,0,0,0,340000.0,https://www.mubawab-media.com/ad/8/192/890F/h/thumb_1139427_property_large_80791933.avif
23,0.4,36.8769,10.3247,50.0,2.0,1.0,0.5,0.8015,2.0,2562.03,0.28,1,0,1,0,0,0,0,1,0,0,0,0,0,0,1,0,0,0,520000.0,https://www.mubawab-media.com/ad/8/219/975F/h/8af1cd39-534d-4b95-91f6-630fad15c8b4_81069185.avif
20,0.3067,35.8604,10.5953,140.0,4.0,3.0,0.5,0.3642,2.0,150620.48,0.3199,4,0,1,0,1,0,1,1,0,0,0,0,0,0,1,0,0,0,1339000.0,https://www.mubawab-media.com/ad/8/209/657F/h/Picture-86187561-1-watermark_80960164.avif
20,0.3067,35.8604,10.5953,80.0,3.0,2.0,0.5,0.3642,2.0,150620.48,0.277,4,0,0,0,1,1,1,0,0,0,0,1,0,0,0,1,0,0,566500.0,https://www.mubawab-media.com/ad/8/209/672F/h/Picture-86187531-1-watermark_80960297.avif
1,0.3533,36.899,10.2358,126.0,3.0,3.0,0.5,0.4235,2.0,43985.0,0.3132,4,0,0,0,1,0,0,1,0,0,0,0,0,0,0,1,0,0,670000.0,https://www.mubawab-media.com/ad/8/205/659F/h/IMG-20250827-WA0030_80917518.avif
16,0.2833,36.4561,10.7376,113.0,2.0,2.0,0.5,0.4454,2.0,154974.0,0.2694,4,0,1,0,1,0,0,1,1,1,1,1,0,0,0,0,0,0,450000.0,https://www.mubawab-media.com/ad/8/151/378F/h/f3d02fe9-bae2-4497-b7ad-8a8704c1c9d6_80361440.avif
23,0.5067,36.8528,10.3247,150.0,3.0,3.0,0.5,0.5388,2.0,2562.03,0.3232,4,0,0,0,1,0,0,0,0,1,0,1,0,0,0,0,0,0,240000.0,https://www.mubawab-media.com/ad/8/240/449F/h/IMG_20230811_164647%20%282%29_81287190.avif
1,0.3533,36.899,10.2358,260.0,3.0,4.0,0.5,0.4235,2.0,43985.0,0.3305,4,0,0,0,1,0,0,1,1,0,0,0,0,0,0,1,0,0,610000.0,https://www.mubawab-media.com/ad/8/240/426F/h/thumb_421248_property_xlarge_81286977.avif
16,0.32,36.4561,10.7376,168.0,8.0,3.0,0.5,0.4552,2.0,154974.0,0.3077,4,0,1,0,1,1,0,1,0,0,0,0,0,0,1,1,0,0,550000.0,https://www.mubawab-media.com/ad/8/209/839F/h/4acbb432-0aee-4d3f-ab41-2789fc94f936_80962091.avif
16,0.2833,36.4561,10.7376,100.0,3.0,2.0,0.5,0.4454,2.0,154974.0,0.3156,4,0,0,0,1,0,0,0,1,1,1,1,0,0,0,0,0,0,300000.0,https://www.mubawab-media.com/ad/8/237/160F/h/dEbnN3ayAEumz3KJ-thumb_81253156.avif
16,0.2833,36.4561,10.7376,240.0,3.0,2.0,0.5,0.4454,2.0,154974.0,0.2726,4,0,0,0,1,0,0,1,0,1,1,0,0,0,0,1,0,0,400000.0,https://www.mubawab-media.com/ad/8/235/944F/h/GUAFDwYOM0Ns9pSZ-thumb_81240876.avif
4,0.12,36.8,10.1,90.0,4.0,4.0,0.5,0.2697,2.0,110184.0,0.2722,4,0,0,0,1,0,0,0,0,0,0,0,0,0,0,0,0,0,160000.0,https://www.mubawab-media.com/ad/8/239/864F/h/FB_IMG_1761215948861_81281227.avif
1,0.3533,36.899,10.2358,70.0,1.0,1.0,0.5,0.4235,2.0,43985.0,0.3132,4,0,1,0,1,0,0,1,0,0,0,0,0,0,1,0,0,0,290000.0,https://www.mubawab-media.com/ad/8/182/197F/h/thumb_1128548_property_large_80684328.avif
1,0.3533,36.899,10.2358,95.0,3.0,2.0,0.5,0.4235,2.0,43985.0,0.3132,4,0,0,0,1,0,0,1,0,1,1,0,0,0,0,0,0,0,400000.0,https://www.mubawab-media.com/ad/8/239/579F/h/thumb_1189564_property_large_81278239.avif
23,0.4,36.819,10.2358,115.0,3.0,2.0,0.5,0.517,2.0,43985.0,0.3168,4,0,0,0,0,0,0,0,0,0,0,0,0,0,0,0,0,0,890000.0,nan
1,0.3533,36.899,10.2358,138.0,4.0,3.0,0.5,0.4235,2.0,43985.0,0.2762,4,0,0,0,1,0,0,1,0,1,1,0,0,0,0,0,0,0,580000.0,https://www.mubawab-media.com/ad/8/239/573F/h/thumb_1189585_property_large_81278178.avif
1,0.3533,36.899,10.2358,55.0,2.0,1.0,0.5,0.4235,2.0,43985.0,0.3128,4,0,0,0,0,0,0,1,0,1,1,0,0,0,0,0,0,0,240000.0,https://www.mubawab-media.com/ad/8/239/530F/h/thumb_1188863_property_large_81277760.avif
23,0.4,36.8769,10.3247,127.0,3.0,2.0,0.5,0.8015,2.0,2562.03,0.3136,4,0,1,0,1,0,0,1,1,1,1,1,1,1,1,0,0,0,430000.0,https://www.mubawab-media.com/ad/8/239/521F/h/de93bbe2-2315-4642-9368-23f4865974cf_81277660.avif
23,0.2367,36.8451,10.2272,154.0,4.0,3.0,0.5,0.4448,2.0,43985.0,0.2782,4,0,1,0,1,0,0,1,1,0,1,0,0,0,1,0,0,0,315000.0,https://www.mubawab-media.com/ad/8/225/302F/h/L_c9203841-a80d-489a-812d-73eea7e0e93a_81126836.avif
3,0.2227,36.8,10.1,75.0,3.0,2.0,0.5,0.274,2.0,110184.0,0.2694,4,0,0,0,1,0,0,0,0,0,0,0,0,0,0,0,0,0,165000.0,https://www.mubawab-media.com/ad/8/214/043F/h/gallery_81006081.avif
23,0.4,36.8769,10.3247,69.0,3.0,1.0,0.5,0.8015,2.0,2562.03,0.3244,4,0,1,0,1,0,0,1,1,1,1,1,1,1,1,1,0,0,260000.0,https://www.mubawab-media.com/ad/8/239/365F/h/photo_00_81276875.avif
23,0.6867,36.819,10.1658,143.0,3.0,2.0,0.5,0.5524,2.0,2562.03,0.3423,4,0,0,0,1,0,0,0,1,1,1,0,0,0,1,0,0,0,870000.0,https://www.mubawab-media.com/ad/8/239/415F/h/f1b47ef9-c751-415b-9e83-8fbf097aab9c_81276554.avif
20,0.0033,36.8,10.1,626.0,3.0,2.0,0.5,0.183,2.0,110184.0,0.3188,4,0,0,0,0,0,0,1,0,0,0,0,0,0,0,0,0,0,480000.0,https://www.mubawab-media.com/ad/8/239/387F/h/thumb_1190010_property_large_81276207.avif
23,0.6867,36.819,10.1658,115.0,2.0,1.0,0.5,0.5524,2.0,2562.03,0.3317,4,0,1,0,1,0,0,1,0,1,0,0,0,0,1,0,0,0,460000.0,https://www.mubawab-media.com/ad/8/239/326F/h/2c475222-cfa0-4cc5-a48c-1bfcecc68f53_81275477.avif
1,0.3533,36.899,10.2358,53.0,2.0,1.0,0.5,0.4235,2.0,43985.0,0.312,4,0,1,0,0,0,0,1,0,0,0,0,0,0,1,1,0,0,220000.0,https://www.mubawab-media.com/ad/7/801/976F/h/thumb_689012_property_xlarge_77848414.avif
23,0.6867,36.819,10.1658,156.0,5.0,3.0,0.5,0.5524,2.0,2562.03,0.3321,4,0,0,0,1,0,0,0,1,1,1,0,0,0,1,0,0,0,960000.0,https://www.mubawab-media.com/ad/8/239/253F/h/5ba7deba-8f25-45a5-82ac-2abc16c59e91_81274880.avif
23,0.4,36.8769,10.3247,125.0,3.0,2.0,0.5,0.8015,2.0,2562.03,0.3116,4,0,1,0,1,0,0,1,0,0,0,0,0,0,1,1,0,0,500000.0,https://www.mubawab-media.com/ad/8/119/946F/h/9657_81274580.avif
1,0.32,36.8665,10.1647,170.0,4.0,3.0,0.5,0.5305,2.0,43985.0,0.2766,3,0,0,0,0,0,0,0,0,1,1,0,0,0,0,0,0,0,490000.0,https://www.mubawab-media.com/ad/8/239/174F/h/51663545-903b-49dc-8370-9f05f5d30a5b_81274017.avif
23,0.6867,36.819,10.1658,236.0,4.0,3.0,0.5,0.5524,2.0,2562.03,0.3808,4,0,1,0,1,0,0,1,0,0,0,0,0,0,1,0,0,0,1350000.0,https://www.mubawab-media.com/ad/8/184/239F/h/dp3_80705192.avif
1,0.3533,36.899,10.2358,151.0,5.0,5.0,0.5,0.4235,2.0,43985.0,0.3136,4,0,0,0,1,0,0,1,1,1,1,0,0,0,0,0,0,0,680000.0,https://www.mubawab-media.com/ad/8/113/705F/h/img001_79981506.avif
23,0.4,36.8769,10.3247,57.0,1.0,1.0,0.5,0.8015,2.0,2562.03,0.32,3,0,1,0,0,1,0,0,0,0,0,0,0,0,1,0,0,0,200000.0,https://www.mubawab-media.com/ad/8/239/061F/h/IMG_9846_81273007.avif
23,0.6867,36.819,10.1658,115.0,5.0,3.0,0.5,0.5524,2.0,2562.03,0.3423,4,0,1,0,1,0,0,0,0,1,0,0,0,0,1,0,0,0,620000.0,https://www.mubawab-media.com/ad/8/232/417F/h/b9878899-76a0-448b-8bcd-57b50b587c45_81271213.avif
16,0.13,36.8,10.1,75.0,2.0,1.0,0.5,0.2426,2.0,110184.0,0.2976,4,0,0,1,0,0,0,0,0,0,0,1,0,0,0,0,0,0,125000.0,https://www.mubawab-media.com/ad/8/060/203F/h/WhatsApp%20Image%202024-11-12%20%C3%A0%2014.23.26_dd0ef557_79459947.avif
15,0.2633,35.7643,10.8113,87.0,2.0,2.0,0.5,0.3655,2.0,134734.0,0.2766,4,0,0,0,1,0,0,0,0,0,0,1,0,0,0,0,0,0,250000.0,https://www.mubawab-media.com/ad/8/233/936F/h/thumb_62861_property_big_81220053.avif
23,0.4,36.8769,10.3247,55.0,2.0,2.0,0.5,0.8015,2.0,2562.03,0.3102,4,0,1,0,0,0,0,1,0,0,0,1,1,0,1,0,0,0,200000.0,https://www.mubawab-media.com/ad/8/218/381F/h/thumb_1164977_property_large_81052475.avif
23,0.32,36.844,10.192,130.0,3.0,3.0,0.5,0.3403,2.0,43985.0,0.3232,4,0,0,0,0,0,0,1,0,1,1,1,0,1,1,0,0,0,330000.0,https://www.mubawab-media.com/ad/8/238/694F/h/photo_00_81269224.avif
23,0.4,36.8769,10.3247,60.0,3.0,1.0,0.5,0.8015,2.0,2562.03,0.324,4,0,1,0,0,0,0,0,0,1,1,1,0,1,1,0,0,0,178000.0,https://www.mubawab-media.com/ad/8/238/689F/h/photo_00_81269166.avif
1,0.32,36.8665,10.1647,144.0,3.0,3.0,0.5,0.5305,2.0,43985.0,0.3244,4,0,0,0,1,0,0,1,0,1,1,1,0,1,1,0,0,0,340000.0,https://www.mubawab-media.com/ad/8/238/677F/h/photo_00_81269032.avif
23,0.6867,36.819,10.1658,135.0,3.0,2.0,0.5,0.5524,2.0,2562.03,0.3411,4,0,1,0,1,0,0,1,0,0,0,0,0,0,1,0,0,0,630000.0,https://www.mubawab-media.com/ad/8/236/560F/h/WhatsApp%20Image%202025-10-17%20at%2010.53.28%20%285%29_81247308.avif
1,0.32,36.8665,10.1647,152.0,4.0,3.0,0.5,0.5305,2.0,43985.0,0.3172,4,0,1,0,1,0,0,1,0,1,0,0,0,0,1,0,0,0,525000.0,https://www.mubawab-media.com/ad/7/907/037F/h/1714637591179_74496342.avif
20,0.3067,36.8,10.1,145.0,3.0,3.0,0.5,0.3807,2.0,110184.0,0.3176,4,0,1,0,1,0,0,1,0,1,0,0,0,0,1,0,0,0,360000.0,https://www.mubawab-media.com/ad/8/181/998F/h/20250611_140012_80682574.avif
20,0.32,36.8,10.1,197.0,4.0,4.0,0.5,0.3244,2.0,110184.0,0.2778,4,0,0,0,1,0,0,0,0,0,0,0,0,0,0,0,0,0,450000.0,https://www.mubawab-media.com/ad/8/195/122F/h/20250806_120917_80815162.avif
20,0.3067,36.8,10.1,184.0,4.0,4.0,0.5,0.3807,2.0,110184.0,0.277,4,0,0,0,1,0,0,1,1,1,1,1,0,0,1,1,0,0,400000.0,https://www.mubawab-media.com/ad/8/192/066F/h/20250731_120330_80782828.avif
1,0.332,36.819,10.2358,115.0,3.0,2.0,0.5,0.517,2.0,43985.0,0.3168,4,0,0,0,0,0,0,0,0,0,0,0,0,0,0,0,0,0,309900.0,nan
20,0.3067,36.8,10.1,119.0,2.0,2.0,0.5,0.3807,2.0,110184.0,0.2754,4,0,1,0,1,0,0,1,1,1,1,1,0,0,1,0,0,0,490000.0,https://www.mubawab-media.com/ad/8/201/598F/h/20250815_121717_80877288.avif
1,0.3533,36.899,10.2358,109.0,3.0,2.0,0.5,0.4235,2.0,43985.0,0.324,4,0,1,0,1,0,0,1,1,1,1,1,0,1,1,1,0,0,382000.0,https://www.mubawab-media.com/ad/8/238/068F/h/photo_00_81262470.avif
23,0.4,36.8769,10.3247,289.0,3.0,3.0,0.5,0.8015,2.0,2562.03,0.3582,4,0,1,0,1,0,0,1,1,1,1,1,1,1,1,0,0,0,1480000.0,https://www.mubawab-media.com/ad/8/238/070F/h/photo_00_81262298.avif
16,0.2833,36.4561,10.7376,230.0,5.0,4.0,0.5,0.4454,2.0,154974.0,0.2924,4,0,1,0,1,0,1,1,0,1,1,1,0,0,0,0,0,0,660000.0,https://www.mubawab-media.com/ad/8/123/523F/h/WhatsApp%20Image%202025-03-27%20%C3%A0%2003.55.29_1da6379f_80082084.avif
16,0.2833,36.4561,10.7376,46.0,2.0,1.0,0.5,0.4454,2.0,154974.0,0.3164,4,0,1,0,1,1,1,1,1,1,1,1,1,1,0,0,0,0,247000.0,https://www.mubawab-media.com/ad/8/226/781F/h/thumb_1174835_property_big_81141562.avif
16,0.13,36.8,10.1,105.0,2.0,2.0,0.5,0.2426,2.0,110184.0,0.3601,4,0,0,0,1,0,1,0,0,0,0,0,0,0,0,0,0,0,180000.0,https://www.mubawab-media.com/ad/8/082/025F/h/251665537_577838573422311_5121948531221192605_n_79672841.avif
1,0.3533,36.899,10.2358,75.0,2.0,1.0,0.5,0.4235,2.0,43985.0,0.2694,4,0,0,0,0,0,0,0,0,1,1,1,1,0,0,0,0,0,195000.0,https://www.mubawab-media.com/ad/8/237/763F/h/WhatsApp%20Image%202025-10-19%20%C3%A0%2019.53.09_e8df8e16_81259420.avif
11,0.2367,36.819,10.2358,750.0,4.0,1.0,0.5,0.517,2.0,43985.0,0.3168,1,0,0,0,1,0,0,0,1,0,0,0,0,0,0,0,0,0,300000.0,https://www.mubawab-media.com/ad/8/115/122F/h/att.OM8ZbicRaAswEWmzMbAmoyIhFlqEzkWEar45qgKKOf8_79995503.avif
20,0.3067,36.8,10.1,120.0,3.0,2.0,0.5,0.334,2.0,110184.0,0.2742,1,0,1,0,1,0,1,1,0,0,0,0,0,0,1,0,0,0,350000.0,https://www.mubawab-media.com/ad/8/237/561F/h/IMG_8764_81257567.avif
20,0.26,35.8245,10.6346,120.0,4.0,3.0,0.5,0.517,2.0,150620.48,0.3156,4,0,1,0,1,0,1,0,0,1,1,0,0,0,0,0,0,0,450000.0,https://www.mubawab-media.com/ad/8/148/387F/h/thumb_61271_property_xlarge_80331629.avif
16,0.32,36.4561,10.7376,145.0,4.0,3.0,0.5,0.4552,2.0,154974.0,0.2802,4,0,0,1,1,0,1,0,0,0,0,0,0,0,0,0,0,0,490000.0,https://www.mubawab-media.com/ad/8/159/617F/h/0-1_80455431.avif
23,0.4,36.8769,10.3247,181.0,3.0,3.0,0.5,0.8015,2.0,2562.03,0.318,4,0,1,0,1,0,0,1,0,1,0,0,0,0,1,0,0,0,399000.0,https://www.mubawab-media.com/ad/8/235/649F/h/IMG_3630_81238108.avif
1,0.3533,36.899,10.2358,47.0,2.0,1.0,0.5,0.4235,2.0,43985.0,0.3576,4,0,1,0,1,0,0,1,0,0,0,0,0,0,1,1,0,0,242000.0,https://www.mubawab-media.com/ad/8/237/027F/h/1_81251941.avif
23,0.4,36.8769,10.3247,153.0,4.0,3.0,0.5,0.8015,2.0,2562.03,0.3427,4,0,1,0,1,0,0,1,0,0,0,0,0,0,1,0,0,0,560000.0,https://www.mubawab-media.com/ad/8/237/025F/h/1_81251931.avif
20,0.3067,36.8,10.1,71.0,2.0,1.0,0.5,0.3807,2.0,110184.0,0.314,4,0,1,0,1,0,0,0,1,1,1,0,0,0,0,0,0,0,230000.0,https://www.mubawab-media.com/ad/8/234/030F/h/WhatsApp%20Image%202026-01-29%20at%2013.23.50%20%282%29_81864597.avif
16,0.13,36.8,10.1,100.0,3.0,2.0,0.5,0.2426,2.0,110184.0,0.316,4,0,0,0,1,0,0,0,0,0,0,0,0,0,0,0,0,0,185000.0,https://www.mubawab-media.com/ad/8/228/405F/h/WhatsApp%20Image%202025-06-23%20at%2018.47.20%20%281%29_81159904.avif
20,0.26,35.8245,10.6346,100.0,4.0,3.0,0.5,0.517,2.0,150620.48,0.2798,4,0,0,0,1,0,0,1,0,0,0,1,0,0,0,0,0,0,175100.0,https://www.mubawab-media.com/ad/8/222/148F/h/Picture-86243219-20-watermark_81093090.avif
23,0.1733,36.819,10.1658,85.0,3.0,2.0,0.5,0.6863,2.0,2562.03,0.318,4,0,0,0,1,0,0,0,0,1,1,1,0,0,0,0,0,0,270000.0,https://www.mubawab-media.com/ad/8/236/681F/h/cb9c6167-63b5-4faa-a0bc-1774d04a9d60_eb245026-3a22-453e-8f98-c2d6f0d426ed_81248734.avif
23,0.1733,36.819,10.1658,473.0,5.0,4.0,0.5,0.6863,2.0,2562.03,0.3184,4,0,0,0,1,0,0,1,0,1,1,1,0,0,0,1,0,0,900000.0,https://www.mubawab-media.com/ad/8/234/732F/h/171c676b-b096-415d-a3cb-a9a3258876c2_5ba8613e-5db7-4fc2-b4df-0636113ad867_81228348.avif
1,0.3533,36.899,10.2358,178.0,4.0,3.0,0.5,0.4235,2.0,43985.0,0.316,4,0,1,1,1,0,0,1,1,1,1,1,0,1,1,1,0,0,740000.0,https://www.mubawab-media.com/ad/8/229/832F/h/WhatsApp%20Image%202025-10-08%20%C3%A0%2017.25.37_740c6f87_81248062.avif
23,0.4,36.8769,10.3247,320.0,3.0,5.0,0.5,0.8015,2.0,2562.03,0.3151,4,0,0,0,0,0,0,0,0,0,0,0,0,0,0,1,0,0,1700000.0,https://www.mubawab-media.com/ad/8/227/486F/h/thumb_1175601_property_xlarge_81149986.avif
16,0.2833,36.4561,10.7376,60.0,2.0,1.0,0.5,0.4454,2.0,154974.0,0.2694,4,0,0,0,1,0,0,0,0,1,0,1,0,0,0,0,0,0,130000.0,https://www.mubawab-media.com/ad/8/236/507F/h/fotohigh-viewimg_81246744.avif
20,0.3067,36.8,10.1,99.0,3.0,2.0,0.5,0.3807,2.0,110184.0,0.3096,4,0,1,0,1,0,0,1,1,1,1,1,0,0,0,0,0,0,300000.0,https://www.mubawab-media.com/ad/8/212/013F/h/WhatsApp%20Image%202024-10-19%20at%202.02.27%20PM%20%281%29_80987116.avif
20,0.32,36.8,10.1,100.0,4.0,3.0,0.5,0.3244,2.0,110184.0,0.3261,4,0,0,0,1,0,0,0,0,0,1,1,0,0,0,0,0,0,300000.0,https://www.mubawab-media.com/ad/8/217/708F/h/WhatsApp%20Image%202025-09-13%20at%2012.01.20%20%281%29_81045186.avif
16,0.2833,36.4561,10.7376,117.0,3.0,2.0,0.5,0.4454,2.0,154974.0,0.2694,4,0,0,0,1,1,0,1,0,1,0,0,0,0,1,0,0,0,345000.0,https://www.mubawab-media.com/ad/8/044/473F/h/a41b0d4e-954e-4236-8df2-c298168de792_80964303.avif
1,0.32,36.8665,10.1647,135.0,4.0,3.0,0.5,0.5305,2.0,43985.0,0.275,1,0,1,0,1,0,0,1,0,0,0,0,0,0,0,0,0,1,385000.0,https://www.mubawab-media.com/ad/8/236/227F/h/a%20vendre%202_81243916.avif
3,0.14,36.8,10.1,98.0,3.0,2.0,0.5,0.2793,2.0,110184.0,0.3164,4,0,0,0,0,0,0,1,0,0,0,0,0,0,0,0,0,0,135000.0,https://www.mubawab-media.com/ad/8/074/729F/h/thumb_968056_property_xlarge_79602138.avif
23,0.32,36.844,10.192,100.0,3.0,2.0,0.5,0.3403,2.0,43985.0,0.3136,1,0,1,0,1,1,0,1,0,1,1,1,1,1,0,0,0,0,400000.0,https://www.mubawab-media.com/ad/8/236/073F/h/8bd56ba9-48d4-492e-bbd1-f9f7c1e6091c-w1000__81242172.avif
1,0.332,36.819,10.2358,115.0,3.0,2.0,0.5,0.517,2.0,43985.0,0.3168,4,0,0,0,0,0,0,0,0,0,0,0,0,0,0,0,0,0,369000.0,nan
20,0.26,35.8245,10.6346,130.0,4.0,3.0,0.5,0.517,2.0,150620.48,0.277,4,0,0,0,0,0,0,0,0,1,1,1,0,0,0,0,0,0,250000.0,https://www.mubawab-media.com/ad/8/167/600F/h/Picture-86053009-1-watermark_80536190.avif
23,0.6867,36.819,10.1658,125.0,3.0,2.0,0.5,0.5524,2.0,2562.03,0.3638,4,0,1,1,1,0,0,1,0,1,1,1,0,0,1,0,0,0,680000.0,https://www.mubawab-media.com/ad/8/098/681F/h/597702fe-0279-4498-93ad-241f3b2173de_79832948.avif
23,0.4,36.8769,10.3247,160.0,1.0,2.0,0.5,0.8015,2.0,2562.03,0.371,2,0,0,0,1,0,0,0,1,1,1,1,0,1,0,0,0,0,330000.0,https://www.mubawab-media.com/ad/8/235/734F/h/ch-romance_81238905.avif
1,0.3533,36.899,10.2358,131.0,3.0,2.0,0.5,0.4235,2.0,43985.0,0.3539,4,0,1,0,1,0,0,1,1,1,1,1,1,0,1,1,0,0,592000.0,https://www.mubawab-media.com/ad/8/127/940F/h/logo1_80126528.avif
1,0.3533,36.899,10.2358,160.0,4.0,3.0,0.5,0.4235,2.0,43985.0,0.3321,4,0,1,0,1,0,0,1,0,1,1,1,0,0,1,0,0,0,595000.0,https://www.mubawab-media.com/ad/7/795/972F/h/1697469363759_58517924.avif
17,0.1427,34.7405,10.7603,93.0,5.0,3.0,0.5,0.3081,2.0,130875.5,0.3188,4,0,0,0,0,0,0,0,0,0,0,0,0,0,0,0,0,0,125000.0,https://www.mubawab-media.com/ad/8/235/432F/h/20250831_130902_81235743.avif
3,0.32,36.8,10.1,112.0,2.0,2.0,0.5,0.2195,2.0,110184.0,0.2722,1,0,1,0,1,0,0,1,0,0,0,0,0,0,0,0,0,0,305000.0,https://www.mubawab-media.com/ad/8/234/992F/h/IMG_20251014_131955_81231318.avif
23,0.4,36.8769,10.3247,180.0,1.0,3.0,0.5,0.8015,2.0,2562.03,0.2884,4,0,0,0,1,0,0,0,0,1,0,0,0,0,0,0,0,0,685000.0,https://www.mubawab-media.com/ad/8/220/559F/h/thumb_1167520_property_large_81075458.avif
20,0.26,35.8245,10.6346,147.0,4.0,3.0,0.5,0.517,2.0,150620.48,0.2996,4,0,0,0,0,0,0,1,1,1,1,0,0,0,1,0,0,0,360500.0,https://www.mubawab-media.com/ad/8/232/475F/h/Picture-85015059-3-watermark_81206004.avif
16,0.32,36.4561,10.7376,68.0,2.0,1.0,0.5,0.4552,2.0,154974.0,0.2762,4,0,0,0,1,0,0,1,1,1,1,0,0,0,0,0,0,0,235000.0,https://www.mubawab-media.com/ad/8/234/822F/h/pJSVXwPfKJEpfcX6-thumb_81229215.avif
1,0.32,36.8665,10.1647,90.0,3.0,2.0,0.5,0.5305,2.0,43985.0,0.277,4,0,1,0,1,0,0,0,0,1,1,0,0,0,0,0,0,0,250000.0,https://www.mubawab-media.com/ad/8/228/791F/h/cf850f73-6955-4261-898d-9c7827375032_6116fea5-df80-4ecf-8629-e0fdb745e73d_81164140.avif
20,0.3067,35.8604,10.5953,115.0,1.0,1.0,0.5,0.3642,2.0,150620.48,0.3152,4,0,0,0,1,1,1,0,0,0,0,1,0,0,0,1,0,0,500000.0,https://www.mubawab-media.com/ad/8/234/618F/h/thumb_62873_property_xlarge_81227242.avif
13,0.2467,36.8,10.1,200.0,3.0,2.0,0.5,0.2476,2.0,110184.0,0.3134,4,0,0,0,1,0,1,1,0,0,0,0,0,0,1,1,0,0,600000.0,https://www.mubawab-media.com/ad/8/188/284F/h/WhatsApp%20Image%202025-06-30%20at%2010.13.25%20%282%29_80746151.avif
23,0.4,36.8769,10.3247,105.0,2.0,2.0,0.5,0.8015,2.0,2562.03,0.3164,4,0,0,0,1,0,0,0,0,1,1,1,0,0,0,0,0,0,430000.0,https://www.mubawab-media.com/ad/8/178/582F/h/IMG-20250710-WA0002_80648782.avif
1,0.32,36.8665,10.1647,120.0,3.0,2.0,0.5,0.5305,2.0,43985.0,0.2762,3,0,0,0,0,0,0,0,0,0,0,0,0,0,0,0,0,0,250000.0,https://www.mubawab-media.com/ad/8/234/487F/h/Untitled%20design%20%2882%29_81225978.avif
16,0.2833,36.4561,10.7376,45.0,1.0,1.0,0.5,0.4454,2.0,154974.0,0.2738,4,0,0,0,1,0,0,1,0,1,1,0,0,0,1,1,0,0,200000.0,https://www.mubawab-media.com/ad/8/234/488F/h/1dd98ead-aa52-42c0-9a6b-90425668c6fd_81225981.avif
20,0.3333,35.8245,10.6346,142.0,3.0,2.0,0.5,0.2902,2.0,150620.48,0.3124,4,0,1,0,1,0,1,1,0,1,1,1,1,1,0,1,0,0,450000.0,https://www.mubawab-media.com/ad/8/120/903F/h/WhatsApp%20Image%202025-04-07%20%C3%A0%2010.04.47_22f2f521_80055168.avif
1,0.3533,36.899,10.2358,162.0,4.0,3.0,0.5,0.4235,2.0,43985.0,0.2742,4,0,1,0,0,0,0,1,1,1,1,1,1,1,1,0,0,0,520000.0,https://www.mubawab-media.com/ad/8/221/772F/h/image%201_81088555.avif
1,0.32,36.8665,10.1647,100.0,3.0,2.0,0.5,0.5305,2.0,43985.0,0.31,4,0,1,0,0,0,0,1,0,1,1,1,0,0,1,0,0,0,240000.0,https://www.mubawab-media.com/ad/8/234/269F/h/550974047_122185941746552069_8323491220287612746_n_81224123.avif
3,0.32,36.8,10.1,110.0,4.0,3.0,0.5,0.2195,2.0,110184.0,0.3183,2,0,1,0,0,0,0,1,0,0,0,0,0,0,1,0,0,1,285000.0,https://www.mubawab-media.com/ad/8/234/107F/h/eclat%202_81222159.avif
3,0.14,36.8,10.1,134.0,4.0,3.0,0.5,0.2793,2.0,110184.0,0.3637,4,0,1,0,1,0,0,1,0,0,0,0,0,0,0,1,0,1,368500.0,https://www.mubawab-media.com/ad/8/194/158F/h/Image4_80805873.avif
20,0.3333,35.8245,10.6346,106.0,1.0,2.0,0.5,0.2902,2.0,150620.48,0.2836,4,0,1,0,1,1,1,0,0,0,0,0,0,0,1,0,0,0,360000.0,https://www.mubawab-media.com/ad/8/233/548F/h/1000028942_81216573.avif
23,0.4,36.8769,10.3247,100.0,4.0,3.0,0.5,0.8015,2.0,2562.03,0.2722,4,0,1,0,1,0,0,1,0,0,0,0,0,0,1,0,0,0,475000.0,https://www.mubawab-media.com/ad/8/198/115F/h/1000107876_80843607.avif
1,0.332,36.8665,10.1647,305.0,3.0,3.0,0.5,0.247,2.0,43985.0,0.3597,4,0,0,0,1,0,0,0,0,0,1,1,0,0,0,0,0,0,388500.0,https://www.mubawab-media.com/ad/8/181/243F/h/thumb_1127441_property_large_80674860.avif
20,0.3733,36.8,10.1,115.0,3.0,3.0,0.5,0.2689,2.0,110184.0,0.279,4,0,0,0,0,0,0,0,0,0,1,0,0,0,0,0,0,0,340000.0,https://www.mubawab-media.com/ad/8/233/819F/h/thumb_62839_property_xlarge_81218768.avif
16,0.32,36.4561,10.7376,131.0,1.0,2.0,0.5,0.4552,2.0,154974.0,0.2694,4,0,1,0,1,1,0,1,0,0,1,0,0,0,0,0,0,0,450000.0,https://www.mubawab-media.com/ad/8/167/814F/h/2fb3ed93-d89c-40d3-928d-f59cbde73787_81163779.avif
23,0.4,36.8769,10.3247,150.0,3.0,2.0,0.5,0.8015,2.0,2562.03,0.2876,4,0,0,0,0,0,0,0,0,1,1,1,0,0,0,0,0,0,450000.0,https://www.mubawab-media.com/ad/8/215/686F/h/thumb_1161923_property_xlarge_81023896.avif
23,0.4,36.8769,10.3247,92.0,3.0,2.0,0.5,0.8015,2.0,2562.03,0.3214,1,0,0,0,1,1,0,0,1,0,0,1,0,0,0,1,0,0,570000.0,https://www.mubawab-media.com/ad/8/214/319F/h/L_67fc7e2a-77e1-4022-be2c-9bef6a8776d7_81009038.avif
23,0.1733,36.819,10.1658,100.0,3.0,3.0,0.5,0.6863,2.0,2562.03,0.273,4,0,0,0,1,0,0,0,0,0,0,0,0,0,0,0,0,0,320000.0,https://www.mubawab-media.com/ad/8/227/173F/h/thumb_1175998_property_large_81146521.avif
16,0.32,36.4561,10.7376,56.0,2.0,1.0,0.5,0.4552,2.0,154974.0,0.2706,4,0,0,1,0,1,0,0,1,1,0,1,1,1,1,0,0,0,230000.0,https://www.mubawab-media.com/ad/7/985/472F/h/IMG_5199_78711821.avif
15,0.2633,35.7643,10.8113,70.0,1.0,1.0,0.5,0.3655,2.0,134734.0,0.3451,4,0,0,0,1,0,1,1,0,1,1,1,0,1,0,0,0,0,390000.0,https://www.mubawab-media.com/ad/8/226/217F/h/IMG_4539_81195447.avif
16,0.2367,36.4561,10.7376,91.0,3.0,2.0,0.5,0.2218,2.0,154974.0,0.279,4,0,0,0,1,0,0,0,0,0,0,0,0,0,0,0,0,0,190000.0,https://www.mubawab-media.com/ad/8/225/382F/h/image8_81299122.avif
1,0.32,36.8665,10.1647,160.0,3.0,2.0,0.5,0.5305,2.0,43985.0,0.271,4,0,0,0,0,0,0,0,0,1,1,0,0,0,0,0,0,0,450000.0,https://www.mubawab-media.com/ad/8/233/313F/h/gallery_81214144.avif
16,0.32,36.4561,10.7376,99.0,3.0,3.0,0.5,0.4552,2.0,154974.0,0.3436,4,0,0,0,1,1,0,1,0,1,0,0,0,0,1,0,0,0,375000.0,https://www.mubawab-media.com/ad/8/232/608F/h/WhatsApp%20Image%202025-10-10%20at%2015.37.47_81207670.avif
23,0.32,36.844,10.192,116.0,3.0,2.0,0.5,0.3403,2.0,43985.0,0.2694,1,0,1,0,1,0,0,0,0,0,0,0,0,0,0,0,0,0,320000.0,https://www.mubawab-media.com/ad/8/097/133F/h/gallery_79818587.avif
1,0.32,36.8665,10.1647,136.0,3.0,3.0,0.5,0.5305,2.0,43985.0,0.2694,4,0,1,0,1,0,0,0,0,0,1,0,0,0,0,0,0,0,335000.0,https://www.mubawab-media.com/ad/8/214/197F/h/gallery_81007686.avif
1,0.32,36.8665,10.1647,146.0,3.0,3.0,0.5,0.5305,2.0,43985.0,0.324,4,0,1,1,0,0,0,0,0,0,0,0,0,0,1,0,0,0,350000.0,https://www.mubawab-media.com/ad/8/204/339F/h/photo_00_80912418.avif
20,0.3067,36.8,10.1,60.0,2.0,1.0,0.5,0.3807,2.0,110184.0,0.3565,4,0,1,0,1,0,0,0,1,0,1,0,0,0,1,0,0,0,210000.0,https://www.mubawab-media.com/ad/8/203/317F/h/thumb_1148478_property_xlarge_80894515.avif
20,0.32,36.8,10.1,193.0,5.0,4.0,0.5,0.3244,2.0,110184.0,0.3045,4,0,0,0,1,0,0,0,1,0,0,0,0,0,0,0,0,0,530000.0,https://www.mubawab-media.com/ad/8/191/158F/h/thumb_1136702_property_xlarge_80773547.avif
20,0.3067,36.8,10.1,123.0,3.0,2.0,0.5,0.3807,2.0,110184.0,0.3565,4,0,1,0,0,0,0,0,0,1,0,0,0,0,1,0,0,0,369000.0,https://www.mubawab-media.com/ad/8/203/278F/h/thumb_1148438_property_xlarge_80894056.avif
20,0.3067,36.8,10.1,218.0,4.0,3.0,0.5,0.3807,2.0,110184.0,0.3565,4,0,0,0,1,0,0,0,0,0,0,0,0,0,0,0,0,0,720192.0,https://www.mubawab-media.com/ad/8/232/968F/h/thumb_1183086_property_large_81210933.avif
20,0.3067,36.8,10.1,136.0,2.0,2.0,0.5,0.3807,2.0,110184.0,0.3589,4,0,0,0,1,0,0,0,0,0,0,0,0,0,0,0,0,0,451968.0,https://www.mubawab-media.com/ad/8/232/957F/h/thumb_1183095_property_large_81210821.avif
23,0.37,36.861,10.195,59.0,3.0,2.0,0.5,0.4309,2.0,43985.0,0.2694,2,0,0,0,0,0,0,0,0,0,0,0,0,0,0,1,0,0,297000.0,https://www.mubawab-media.com/ad/8/218/686F/h/gallery_81055927.avif
3,0.1133,36.7533,10.2283,90.0,4.0,3.0,0.5,0.4302,2.0,114262.5,0.3232,4,0,0,0,1,0,0,1,0,0,1,0,0,0,0,0,0,0,120000.0,https://www.mubawab-media.com/ad/8/136/528F/h/photo_0_80214142.avif
16,0.32,36.4561,10.7376,101.0,1.0,2.0,0.5,0.4552,2.0,154974.0,0.3053,4,0,1,0,1,0,0,0,0,0,0,1,0,0,0,0,0,0,350000.0,https://www.mubawab-media.com/ad/8/100/047F/h/1_79846058.avif
1,0.3533,36.899,10.2358,181.0,2.0,2.0,0.5,0.4235,2.0,43985.0,0.3202,4,0,0,0,0,0,0,1,0,1,1,0,0,0,0,1,0,0,592000.0,https://www.mubawab-media.com/ad/8/230/264F/h/thumb_1179667_property_large_81182444.avif
1,0.3533,36.899,10.2358,105.0,3.0,2.0,0.5,0.4235,2.0,43985.0,0.3144,4,0,1,0,1,0,0,1,1,1,1,1,0,0,1,0,0,0,350000.0,https://www.mubawab-media.com/ad/8/232/495F/h/11_81206157.avif
23,0.6867,36.819,10.1658,380.0,3.0,3.0,0.5,0.5524,2.0,2562.03,0.3232,4,0,0,0,0,0,0,0,0,1,1,0,0,0,1,1,0,0,990000.0,https://www.mubawab-media.com/ad/8/232/450F/h/photo_00_81205710.avif
20,0.3333,35.8245,10.6346,60.0,3.0,2.0,0.5,0.2902,2.0,150620.48,0.2798,4,0,0,1,1,1,0,0,1,0,0,0,0,0,1,1,0,0,389500.0,https://www.mubawab-media.com/ad/8/232/442F/h/Picture-86355760-1-watermark_81205625.avif
23,0.6867,36.819,10.1658,142.0,3.0,2.0,0.5,0.5524,2.0,2562.03,0.3281,4,0,1,0,0,0,0,0,0,1,1,0,0,0,1,1,0,0,570000.0,https://www.mubawab-media.com/ad/8/232/406F/h/1973d8bf-efb8-41b1-a634-0a09dd07ee7b_81205245.avif
20,0.2367,36.8,10.1,380.0,5.0,5.0,0.5,0.1525,2.0,110184.0,0.3164,4,0,0,0,0,0,0,1,0,0,0,0,0,0,0,1,0,0,295000.0,https://www.mubawab-media.com/ad/8/224/241F/h/thumb_1171587_property_large_81116166.avif
4,0.0733,36.8,10.1,135.0,4.0,3.0,0.5,0.1627,2.0,110184.0,0.3172,4,0,0,0,1,0,0,0,0,0,0,1,0,0,0,0,0,0,190000.0,https://www.mubawab-media.com/ad/8/232/347F/h/1_81204616.avif
23,0.4,36.8769,10.3247,65.0,1.0,2.0,0.5,0.8015,2.0,2562.03,0.3357,4,0,0,0,1,0,0,1,0,1,1,1,0,0,0,1,0,0,240000.0,https://www.mubawab-media.com/ad/8/063/393F/h/thumb_981842_property_xlarge_79490467.avif
1,0.332,36.819,10.2358,115.0,3.0,2.0,0.5,0.517,2.0,43985.0,0.3168,4,0,0,0,0,0,0,0,0,0,0,0,0,0,0,0,0,0,309900.0,nan
23,0.32,36.844,10.192,83.0,3.0,2.0,0.5,0.3403,2.0,43985.0,0.3092,4,0,1,0,1,0,0,1,0,1,1,1,0,0,1,0,0,0,280000.0,https://www.mubawab-media.com/ad/8/232/095F/h/560344199_122188579628552069_6606329872381290880_n_81201999.avif
20,0.3067,35.8604,10.5953,128.0,2.0,2.0,0.5,0.3642,2.0,150620.48,0.3164,4,0,1,0,1,0,1,1,1,1,1,0,0,0,0,1,0,0,590000.0,https://www.mubawab-media.com/ad/8/167/922F/h/thumb_58091_property_big_80539250.avif
20,0.3067,35.8604,10.5953,48.0,1.0,1.0,0.5,0.3642,2.0,150620.48,0.3274,4,0,0,0,1,0,0,1,1,1,1,0,0,0,1,0,0,0,350000.0,https://www.mubawab-media.com/ad/8/231/926F/h/thumb_1181794_property_large_81200241.avif
23,0.4,36.8769,10.3247,80.0,3.0,2.0,0.5,0.8015,2.0,2562.03,0.324,4,0,1,0,0,0,0,0,0,1,1,1,0,0,1,0,0,0,218000.0,https://www.mubawab-media.com/ad/8/222/203F/h/photo_00_81093403.avif
23,0.4,36.8769,10.3247,220.0,3.0,3.0,0.5,0.8015,2.0,2562.03,0.3412,4,0,0,0,1,0,0,1,1,0,0,1,0,0,0,0,0,0,1100000.0,https://www.mubawab-media.com/ad/7/954/664F/h/thumb_861487_property_xlarge_78387945.avif
20,0.06,36.8,10.1,109.0,3.0,2.0,0.5,0.1527,2.0,110184.0,0.2694,4,0,0,0,1,0,0,0,1,0,0,0,0,0,0,0,0,0,198000.0,https://www.mubawab-media.com/ad/8/199/590F/h/gallery_80857775.avif
20,0.06,36.8,10.1,75.0,3.0,2.0,0.5,0.1527,2.0,110184.0,0.2694,4,0,0,0,1,0,0,0,0,0,0,0,0,0,0,0,0,0,155000.0,https://www.mubawab-media.com/ad/8/138/737F/h/gallery_80236140.avif
20,0.06,36.8,10.1,125.0,3.0,2.0,0.5,0.1527,2.0,110184.0,0.2694,4,0,0,0,0,0,0,0,1,0,0,0,0,0,0,0,0,0,248000.0,https://www.mubawab-media.com/ad/8/138/761F/h/gallery_80236318.avif
23,0.4,36.8769,10.3247,150.0,2.0,2.0,0.5,0.8015,2.0,2562.03,0.2876,4,0,0,0,0,0,0,1,0,0,0,1,0,0,0,0,0,0,350000.0,https://www.mubawab-media.com/ad/8/231/446F/h/thumb_1181457_property_large_81194922.avif
23,0.4,36.8769,10.3247,175.0,2.0,2.0,0.5,0.8015,2.0,2562.03,0.3399,4,0,0,0,0,0,0,1,0,0,0,1,0,0,0,1,0,0,370000.0,https://www.mubawab-media.com/ad/8/231/430F/h/thumb_1181442_property_large_81194834.avif
16,0.13,36.8,10.1,130.0,4.0,2.0,0.5,0.2426,2.0,110184.0,0.281,4,0,0,1,1,0,0,0,0,0,0,1,0,0,0,0,0,0,200000.0,https://www.mubawab-media.com/ad/8/231/331F/h/WhatsApp%20Image%202025-10-07%20at%2011.09.59_81193659.avif
1,0.32,36.8665,10.1647,145.0,2.0,2.0,0.5,0.5305,2.0,43985.0,0.2847,2,0,1,0,1,0,0,1,0,1,0,0,0,0,0,1,0,0,395000.0,https://www.mubawab-media.com/ad/8/221/713F/h/thumb_1169088_property_large_81087300.avif
23,0.0867,36.8,10.1,100.0,4.0,3.0,0.5,0.2194,2.0,110184.0,0.3208,4,0,0,0,1,0,1,0,0,0,1,0,0,0,0,0,0,1,160000.0,https://www.mubawab-media.com/ad/8/229/792F/h/222_81196901.avif
23,0.092,36.8,10.1,113.0,3.0,2.0,0.5,0.3155,2.0,110184.0,0.2718,4,0,1,0,1,0,0,1,0,0,0,0,0,0,1,0,0,0,225000.0,https://www.mubawab-media.com/ad/7/958/471F/h/1000041246_78451431.avif
20,0.0033,36.8,10.1,85.0,3.0,2.0,0.5,0.183,2.0,110184.0,0.3168,4,0,1,0,0,0,0,0,0,0,1,1,0,0,0,0,0,0,167000.0,https://www.mubawab-media.com/ad/8/230/483F/h/20251002_130236_81184725.avif
23,0.4,36.8769,10.3247,170.0,3.0,2.0,0.5,0.8015,2.0,2562.03,0.3244,4,0,1,0,1,1,0,1,0,0,0,0,0,0,1,0,0,0,707000.0,https://www.mubawab-media.com/ad/7/706/228F/h/WhatsApp%20Image%202023-12-12%20%C3%A0%2017.09.12_46a55ec6_79543733.avif
1,0.3533,36.899,10.2358,42.0,1.0,1.0,0.5,0.4235,2.0,43985.0,0.3168,4,0,1,0,1,0,0,1,1,1,1,1,1,1,1,0,0,0,250000.0,https://www.mubawab-media.com/ad/8/191/696F/h/1_80779671.avif
1,0.3533,36.899,10.2358,105.0,3.0,2.0,0.5,0.4235,2.0,43985.0,0.3406,4,0,1,0,1,0,0,1,0,0,0,1,0,0,1,0,0,0,360000.0,https://www.mubawab-media.com/ad/8/044/990F/h/photo_00_79306731.avif
23,0.1733,36.819,10.1658,50.0,3.0,2.0,0.5,0.6863,2.0,2562.03,0.2782,4,0,0,0,0,0,0,0,0,1,0,0,0,0,0,0,0,0,130000.0,https://www.mubawab-media.com/ad/8/229/739F/h/thumb_645704_property_large_81173811.avif
20,0.3067,36.8,10.1,66.0,2.0,1.0,0.5,0.334,2.0,110184.0,0.3431,4,0,1,0,1,0,0,1,1,1,1,0,1,1,0,1,0,0,400000.0,https://www.mubawab-media.com/ad/7/994/801F/h/thumb_58879_property_xlarge_78805874.avif
20,0.3333,35.8245,10.6346,95.0,2.0,2.0,0.5,0.2902,2.0,150620.48,0.3431,4,0,0,1,1,0,0,1,0,1,1,0,0,0,0,0,0,0,465000.0,https://www.mubawab-media.com/ad/8/229/944F/h/thumb_1179294_property_large_81179661.avif
16,0.2833,36.4561,10.7376,49.0,1.0,1.0,0.5,0.4454,2.0,154974.0,0.2694,4,0,0,0,1,1,0,1,0,1,1,0,0,0,0,0,0,0,215000.0,https://www.mubawab-media.com/ad/8/044/464F/h/gallery_79301651.avif
23,0.4,36.8769,10.3247,160.0,3.0,3.0,0.5,0.8015,2.0,2562.03,0.3408,4,0,0,0,1,0,0,1,1,0,0,1,0,0,0,0,0,0,560000.0,https://www.mubawab-media.com/ad/8/222/022F/h/thumb_1167109_property_xlarge_81091583.avif
23,0.4,36.8769,10.3247,108.0,3.0,2.0,0.5,0.8015,2.0,2562.03,0.3168,4,0,1,0,1,0,0,1,0,0,0,0,0,0,1,0,0,0,350000.0,https://www.mubawab-media.com/ad/8/229/807F/h/1_81174622.avif
3,0.2,36.7533,10.2283,117.0,2.0,2.0,0.5,0.1826,2.0,114262.5,0.2734,4,0,0,0,1,0,0,1,0,0,1,1,0,0,0,0,0,0,270000.0,https://www.mubawab-media.com/ad/8/226/493F/h/thumb_1174918_property_large_81138628.avif
20,0.3333,35.8245,10.6346,142.0,3.0,2.0,0.5,0.2902,2.0,150620.48,0.3407,4,0,1,0,1,0,1,1,0,1,0,0,0,0,0,0,0,0,426000.0,https://www.mubawab-media.com/ad/8/096/894F/h/thumb_1029353_property_xlarge_79868383.avif
1,0.32,36.8665,10.1647,100.0,2.0,2.0,0.5,0.5305,2.0,43985.0,0.2895,4,0,0,0,1,0,0,1,0,0,1,1,0,0,0,1,0,0,220000.0,https://www.mubawab-media.com/ad/8/229/795F/h/thumb_1179277_property_large_81174454.avif
23,0.4,36.819,10.2358,115.0,3.0,2.0,0.5,0.517,2.0,43985.0,0.3168,4,0,0,0,0,0,0,0,0,0,0,0,0,0,0,0,0,0,890000.0,nan
23,0.4,36.8769,10.3247,164.0,4.0,3.0,0.5,0.8015,2.0,2562.03,0.3192,4,0,1,1,1,0,0,1,1,1,1,1,1,1,1,0,0,0,330000.0,https://www.mubawab-media.com/ad/8/229/791F/h/1_81174439.avif
23,0.6867,36.819,10.1658,130.0,3.0,2.0,0.5,0.5524,2.0,2562.03,0.3269,4,0,1,0,1,0,0,1,0,1,1,0,0,0,0,0,0,0,733000.0,https://www.mubawab-media.com/ad/8/229/725F/h/thumb_1177211_property_large_81173583.avif
3,0.2,36.7533,10.2283,230.0,5.0,4.0,0.5,0.1826,2.0,114262.5,0.2754,4,0,0,0,1,1,0,0,0,1,1,1,0,0,0,1,0,0,830000.0,https://www.mubawab-media.com/ad/8/229/717F/h/1_81173500.avif
1,0.332,36.8665,10.1647,75.0,3.0,2.0,0.5,0.247,2.0,43985.0,0.3124,4,0,1,0,1,0,0,0,1,1,1,1,0,0,1,0,0,0,200000.0,https://www.mubawab-media.com/ad/8/155/156F/h/WhatsApp%20Image%202025-05-15%20%C3%A0%2011.38.27_4b49e3c8_80409571.avif
23,0.32,36.844,10.192,80.0,3.0,2.0,0.5,0.3403,2.0,43985.0,0.3152,4,0,0,0,1,0,0,0,0,0,0,1,0,0,0,0,0,0,190000.0,https://www.mubawab-media.com/ad/8/155/825F/h/8381735e-ee67-4d67-a830-3336b6bb26c9_Capture%20d%E2%80%99%C3%A9cran%202025-06-04%20130309_80416413.avif
23,0.1733,36.819,10.1658,86.0,3.0,2.0,0.5,0.6863,2.0,2562.03,0.3136,4,0,0,0,1,0,0,0,0,0,0,1,0,0,0,0,0,0,140000.0,https://www.mubawab-media.com/ad/8/158/950F/h/4551d75e-411b-4acb-9333-21fc15869de7_3c2c05a7-dbdd-4f97-8b82-53c8352342fa_80448527.avif
23,0.4,36.8769,10.3247,162.0,4.0,3.0,0.5,0.8015,2.0,2562.03,0.316,4,0,1,0,1,0,0,1,0,0,0,0,0,0,1,0,0,0,500000.0,https://www.mubawab-media.com/ad/8/229/619F/h/WhatsApp%20Image%202025-09-22%20%C3%A0%2011.48.59_04a0f2e9_81172679.avif
1,0.3533,36.899,10.2358,59.0,1.0,1.0,0.5,0.4235,2.0,43985.0,0.3378,4,0,1,0,1,0,0,0,0,1,0,0,0,0,0,0,0,0,220000.0,https://www.mubawab-media.com/ad/8/229/609F/h/vous%20pouvez%20m%27envoyer%20l%27annonce%20svp%20-%202025-09-26T182650.807_81172600.avif
23,0.4,36.8769,10.3247,100.0,2.0,2.0,0.5,0.8015,2.0,2562.03,0.3112,4,0,0,0,0,0,0,1,0,1,0,0,0,0,0,1,0,0,350000.0,https://www.mubawab-media.com/ad/8/221/406F/h/1_81084401.avif
23,0.4,36.8769,10.3247,70.0,2.0,1.0,0.5,0.8015,2.0,2562.03,0.3577,4,0,1,0,1,0,0,1,0,1,0,0,0,0,1,0,0,0,235000.0,https://www.mubawab-media.com/ad/8/193/740F/h/524615175_1286194579832283_8907509733985304_n_80801806.avif
1,0.332,36.8665,10.1647,88.0,3.0,2.0,0.5,0.247,2.0,43985.0,0.322,4,0,1,0,0,0,0,0,1,0,1,0,0,0,0,0,0,0,210000.0,https://www.mubawab-media.com/ad/8/229/303F/h/photo_00_81169608.avif
1,0.32,36.8665,10.1647,181.0,5.0,4.0,0.5,0.5305,2.0,43985.0,0.3281,4,0,1,0,1,0,0,1,0,1,0,0,0,0,1,0,0,0,660000.0,https://www.mubawab-media.com/ad/7/620/184F/h/1673549602448_39538174.avif
12,0.22,35.5047,11.0622,135.0,4.0,3.0,0.5,0.4425,2.0,1278.45,0.2694,4,0,0,0,1,0,0,0,1,0,0,0,0,0,0,0,0,0,285000.0,https://www.mubawab-media.com/ad/7/930/725F/h/WhatsApp%20Image%202024-07-31%20at%2014.07.11_78750846.avif
23,0.6867,36.819,10.1658,158.0,4.0,3.0,0.5,0.5524,2.0,2562.03,0.3249,4,0,1,0,0,1,0,1,0,1,0,0,0,0,0,1,0,0,1850000.0,https://www.mubawab-media.com/ad/8/228/980F/h/thumb_1177288_property_large_81165998.avif
23,0.6867,36.819,10.1658,155.0,4.0,3.0,0.5,0.5524,2.0,2562.03,0.3415,4,0,0,0,1,0,0,1,0,1,1,0,0,0,0,1,0,0,789000.0,https://www.mubawab-media.com/ad/8/167/909F/h/1_80539108.avif
16,0.2833,36.4561,10.7376,190.0,3.0,3.0,0.5,0.4454,2.0,154974.0,0.3251,4,0,1,0,1,1,1,1,0,0,0,0,0,0,0,0,0,0,510000.0,https://www.mubawab-media.com/ad/8/043/816F/h/thumb_959747_property_large_79295705.avif
20,0.3067,36.8,10.1,100.0,2.0,2.0,0.5,0.334,2.0,110184.0,0.2782,4,0,1,0,0,0,0,0,1,1,1,1,0,0,0,0,0,0,270000.0,https://www.mubawab-media.com/ad/7/962/475F/h/1000007363_78488397.avif
1,0.3533,36.899,10.2358,175.0,5.0,3.0,0.5,0.4235,2.0,43985.0,0.3128,4,0,1,0,1,0,0,1,1,1,1,1,0,0,1,0,0,0,600000.0,https://www.mubawab-media.com/ad/8/228/766F/h/5d343587-47bd-4eb4-9909-fb3068469819-fotor-202510031450_81163806.avif
23,0.4,36.8769,10.3247,98.0,3.0,2.0,0.5,0.8015,2.0,2562.03,0.3254,4,0,1,0,0,0,0,0,0,1,1,1,0,0,1,0,0,0,475000.0,https://www.mubawab-media.com/ad/8/173/572F/h/1000120742_81067996.avif
23,0.6867,36.819,10.1658,90.0,3.0,2.0,0.5,0.5524,2.0,2562.03,0.3407,4,0,1,0,1,0,0,1,1,1,1,1,1,1,1,0,0,0,435000.0,https://www.mubawab-media.com/ad/8/215/451F/h/photo_0_81021248.avif
23,0.4,36.8769,10.3247,259.0,3.0,3.0,0.5,0.8015,2.0,2562.03,0.3676,1,0,0,0,1,1,0,1,1,0,0,1,0,0,0,0,0,0,1700000.0,https://www.mubawab-media.com/ad/8/224/113F/h/thumb_1154998_property_xlarge_81114640.avif
23,0.5067,36.8528,10.3247,79.0,4.0,2.0,0.5,0.5388,2.0,2562.03,0.2802,3,0,0,0,0,0,0,0,0,0,0,1,0,0,0,0,0,0,330000.0,https://www.mubawab-media.com/ad/8/217/859F/h/WhatsApp%20Image%202025-09-18%20%C3%A0%2017.23.27_dce69c70_81065013.avif
23,0.4,36.8769,10.3247,224.0,4.0,3.0,0.5,0.8015,2.0,2562.03,0.3396,4,0,1,0,1,0,0,1,0,1,0,0,0,0,1,0,0,0,1050000.0,https://www.mubawab-media.com/ad/8/147/909F/h/WhatsApp%20Image%202025-05-20%20%C3%A0%2017.41.18_b5be5627_80327143.avif
20,0.3333,35.8245,10.6346,82.0,3.0,2.0,0.5,0.2902,2.0,150620.48,0.273,4,0,0,0,1,0,0,0,0,0,0,0,0,0,0,0,0,0,200000.0,https://www.mubawab-media.com/ad/8/214/587F/h/WhatsApp%20Image%202025-09-06%20at%2014.30.24%20%282%29_81011682.avif
20,0.3067,36.8,10.1,113.0,2.0,2.0,0.5,0.3807,2.0,110184.0,0.3168,4,0,0,0,1,0,0,1,0,0,1,0,0,0,0,0,0,0,320000.0,https://www.mubawab-media.com/ad/8/206/997F/h/thumb_61936_property_xlarge_80930528.avif
20,0.1333,36.8,10.1,76.0,3.0,2.0,0.5,0.2413,2.0,110184.0,0.2774,4,0,0,1,1,0,1,1,1,1,0,1,0,1,1,1,0,0,205000.0,https://www.mubawab-media.com/ad/8/144/703F/h/photo_00_80295753.avif
16,0.15,36.8,10.1,316.0,4.0,3.0,0.5,0.2237,2.0,110184.0,0.3156,4,0,0,0,1,0,1,0,0,0,0,0,0,0,0,1,0,0,860000.0,https://www.mubawab-media.com/ad/8/011/901F/h/462196087_962497399247873_4347394457048168349_n_78983641.avif
20,0.3067,35.8604,10.5953,150.0,4.0,3.0,0.5,0.3642,2.0,150620.48,0.3422,4,0,1,0,1,1,1,0,1,1,1,1,1,1,1,1,0,0,613772.0,https://www.mubawab-media.com/ad/8/105/733F/h/WhatsApp%20Image%202025-03-08%20%C3%A0%2012.02.50_5fe710c7_79902124.avif
20,0.3067,35.8604,10.5953,97.0,3.0,2.0,0.5,0.3642,2.0,150620.48,0.3132,4,0,1,0,1,1,1,0,1,1,1,0,1,1,1,1,0,0,383600.0,https://www.mubawab-media.com/ad/8/107/698F/h/WhatsApp%20Image%202025-03-12%20%C3%A0%2009.21.53_383ee551_79921134.avif
20,0.3333,35.8245,10.6346,102.0,4.0,3.0,0.5,0.2902,2.0,150620.48,0.3128,4,0,1,0,0,0,1,1,0,1,1,1,1,1,0,1,0,0,342000.0,https://www.mubawab-media.com/ad/8/123/951F/h/WhatsApp%20Image%202025-04-08%20%C3%A0%2011.05.15_f8865e04_80086346.avif
20,0.26,35.8245,10.6346,80.0,1.0,2.0,0.5,0.517,2.0,150620.48,0.3212,4,0,1,1,1,1,1,1,1,1,1,1,1,1,1,1,0,0,395000.0,https://www.mubawab-media.com/ad/8/017/677F/h/IMG_20250805_101655_635_81143999.avif
23,0.4,36.819,10.2358,264.0,9.0,8.0,0.5,0.517,2.0,43985.0,0.3168,2,0,0,0,1,0,0,0,0,1,1,0,0,0,0,0,0,0,4000000.0,https://www.mubawab-media.com/ad/8/226/788F/h/thumb_659720_property_large_81141590.avif
13,0.2467,36.8,10.1,160.0,4.0,2.0,0.5,0.2476,2.0,110184.0,0.3431,4,0,1,0,0,1,1,1,0,0,0,0,0,0,0,1,0,0,560000.0,https://www.mubawab-media.com/ad/8/212/350F/h/WhatsApp%20Image%202024-12-12%20at%204.05.42%20PM%20%282%29_80987880.avif
1,0.32,36.8665,10.1647,133.0,3.0,2.0,0.5,0.5305,2.0,43985.0,0.2694,3,0,0,0,1,0,0,1,0,0,0,0,0,0,0,0,0,0,370000.0,https://www.mubawab-media.com/ad/8/149/466F/h/gallery_80342255.avif
16,0.13,36.8,10.1,105.0,3.0,2.0,0.5,0.2426,2.0,110184.0,0.3204,4,0,0,1,1,0,1,0,0,0,0,0,0,0,0,1,0,0,290000.0,https://www.mubawab-media.com/ad/8/226/628F/h/photo_00_81140121.avif
16,0.32,36.4561,10.7376,88.0,1.0,3.0,0.5,0.4552,2.0,154974.0,0.3278,4,0,0,0,0,1,0,1,0,1,0,1,0,0,1,1,0,0,360000.0,https://www.mubawab-media.com/ad/8/226/498F/h/1_81138741.avif
23,0.6867,36.819,10.1658,347.0,3.0,4.0,0.5,0.5524,2.0,2562.03,0.3463,4,0,0,0,1,0,0,1,0,0,0,0,0,0,0,1,0,0,1890000.0,https://www.mubawab-media.com/ad/7/993/839F/h/thumb_896931_property_xlarge_78795855.avif
23,0.6867,36.819,10.1658,290.0,4.0,3.0,0.5,0.5524,2.0,2562.03,0.3678,4,0,1,0,1,1,0,1,0,0,0,0,0,0,1,1,0,0,1170000.0,https://www.mubawab-media.com/ad/8/026/298F/h/028cab41-9ae9-4012-a092-05249bf81a65_79121893.avif
20,0.3067,36.8,10.1,125.0,4.0,3.0,0.5,0.3807,2.0,110184.0,0.2758,4,0,0,0,0,0,0,0,1,1,1,0,0,0,0,0,0,0,300000.0,https://www.mubawab-media.com/ad/8/115/137F/h/20250328_134510_79995657.avif
20,0.1333,36.8,10.1,112.0,7.0,3.0,0.5,0.2413,2.0,110184.0,0.275,4,0,0,1,1,0,0,1,0,1,1,0,0,0,0,0,0,0,280000.0,https://www.mubawab-media.com/ad/8/219/143F/h/WhatsApp%20Image%202025-09-25%20at%2011.49.21%20%284%29_81135040.avif
23,0.4,36.8769,10.3247,179.0,3.0,3.0,0.5,0.8015,2.0,2562.03,0.3274,4,0,1,0,1,0,0,1,0,0,0,0,0,0,1,1,0,0,1200000.0,https://www.mubawab-media.com/ad/8/137/294F/h/thumb_1083956_property_large_80221611.avif
23,0.4,36.8769,10.3247,85.0,3.0,2.0,0.5,0.8015,2.0,2562.03,0.3156,4,0,1,0,1,0,0,0,0,1,1,1,1,1,1,0,0,0,330000.0,https://www.mubawab-media.com/ad/7/924/248F/h/1_81132631.avif
23,0.4,36.8769,10.3247,160.0,3.0,3.0,0.5,0.8015,2.0,2562.03,0.3535,4,0,0,0,1,0,0,1,0,0,0,0,0,0,0,1,0,0,860000.0,https://www.mubawab-media.com/ad/8/215/888F/h/thumb_1161778_property_large_81025838.avif
16,0.2833,36.4561,10.7376,75.0,1.0,1.0,0.5,0.4454,2.0,154974.0,0.2746,4,0,1,0,1,1,1,0,1,1,1,1,1,0,1,0,0,0,285000.0,https://www.mubawab-media.com/ad/8/223/272F/h/05ef226d-30be-4c3c-a381-6980a713992d_81117497.avif
23,0.1733,36.819,10.1658,70.0,1.0,2.0,0.5,0.6863,2.0,2562.03,0.3128,4,0,0,0,1,0,0,0,0,0,0,0,0,0,0,0,0,0,88000.0,https://www.mubawab-media.com/ad/8/225/874F/h/IMG_2943_81132447.avif
23,0.6867,36.819,10.1658,208.0,5.0,4.0,0.5,0.5524,2.0,2562.03,0.3423,4,0,1,0,1,0,0,1,1,1,1,1,1,1,1,0,0,0,930000.0,https://www.mubawab-media.com/ad/8/225/831F/h/0556f179-bb06-4889-96ff-5e8cfae25923_81132015.avif
23,0.0209,36.8,10.1,65.0,1.0,1.0,0.5,0.1812,2.0,110184.0,0.3184,4,0,0,0,0,0,0,0,0,0,0,0,0,0,0,1,0,0,107250.0,https://www.mubawab-media.com/ad/8/050/699F/h/thumb_963527_property_large_79364780.avif
23,0.4,36.8769,10.3247,150.0,3.0,2.0,0.5,0.8015,2.0,2562.03,0.2694,4,0,0,0,0,0,0,1,1,1,1,0,0,0,0,0,0,0,1000000.0,https://www.mubawab-media.com/ad/8/224/638F/h/gallery_81120310.avif
16,0.2833,36.4561,10.7376,155.0,4.0,3.0,0.5,0.4454,2.0,154974.0,0.331,4,0,1,0,1,0,1,1,0,0,0,0,0,0,0,0,0,0,487000.0,https://www.mubawab-media.com/ad/8/155/269F/h/0591dcba-0646-45ea-9d6f-98f3f4f9123b_81037417.avif
16,0.32,36.4561,10.7376,70.0,3.0,2.0,0.5,0.4552,2.0,154974.0,0.3168,4,0,0,0,1,0,0,0,0,0,0,0,0,0,0,0,0,0,220000.0,https://www.mubawab-media.com/ad/7/881/487F/h/e82c13fd-0f3f-421e-9dac-b51700a71163_81060856.avif
20,0.26,35.8245,10.6346,170.0,3.0,3.0,0.5,0.517,2.0,150620.48,0.3136,4,0,0,0,1,0,0,1,0,0,0,0,0,0,0,1,0,0,250000.0,https://www.mubawab-media.com/ad/8/221/644F/h/IMG-20250922-WA0028_81086787.avif
23,0.4,36.8769,10.3247,55.0,2.0,1.0,0.5,0.8015,2.0,2562.03,0.2758,4,0,0,0,0,0,1,1,0,1,1,1,0,1,1,0,0,0,550000.0,https://www.mubawab-media.com/ad/8/224/223F/h/119479664_238336904250306_4901187431163690957_n_81115866.avif
23,0.4,36.819,10.2358,115.0,3.0,2.0,0.5,0.517,2.0,43985.0,0.3168,4,0,0,0,0,0,0,0,0,0,0,0,0,0,0,0,0,0,890000.0,nan
13,0.16,36.8,10.1,104.0,4.0,3.0,0.5,0.2875,2.0,110184.0,0.3164,4,0,0,0,0,0,0,0,0,0,1,1,0,0,1,0,0,0,195000.0,https://www.mubawab-media.com/ad/8/225/578F/h/1000004639_81129230.avif
23,0.092,36.8,10.1,125.0,3.0,2.0,0.5,0.3155,2.0,110184.0,0.2694,4,0,0,0,1,0,0,0,0,0,0,0,0,0,0,0,0,0,280000.0,https://www.mubawab-media.com/ad/8/225/551F/h/gallery_81128976.avif
23,0.4,36.8769,10.3247,180.0,3.0,4.0,0.5,0.8015,2.0,2562.03,0.2722,4,0,0,0,1,0,0,1,0,0,0,0,0,0,0,0,0,0,799000.0,https://www.mubawab-media.com/ad/8/179/084F/h/thumb_1125357_property_xlarge_80653698.avif
16,0.2833,36.4561,10.7376,366.0,5.0,3.0,0.5,0.4454,2.0,154974.0,0.296,4,0,1,0,1,0,1,1,1,1,1,1,0,0,0,0,0,0,1150000.0,https://www.mubawab-media.com/ad/8/130/326F/h/WhatsApp%20Image%202024-08-06%20%C3%A0%2021.14.39_2fa6a635_78596435_80151031.avif
23,0.4,36.8769,10.3247,168.0,4.0,3.0,0.5,0.8015,2.0,2562.03,0.3124,4,0,1,0,1,0,0,1,0,1,1,1,0,0,1,0,0,0,600000.0,https://www.mubawab-media.com/ad/8/205/568F/h/WhatsApp%20Image%202025-08-25%20%C3%A0%2015.41.24_0c6616c6_80916450.avif
16,0.32,36.4561,10.7376,90.0,2.0,1.0,0.5,0.4552,2.0,154974.0,0.2912,4,0,0,0,1,1,0,1,1,1,0,1,1,0,1,1,0,0,350000.0,https://www.mubawab-media.com/ad/8/200/477F/h/WhatsApp%20Image%202025-05-26%20%C3%A0%2017.47.12_48844060_80866227.avif
23,0.3067,36.8,10.1,160.0,3.0,3.0,0.5,0.2562,2.0,110184.0,0.3172,4,0,0,1,0,0,0,0,0,0,0,0,0,0,0,0,0,0,350000.0,https://www.mubawab-media.com/ad/8/148/186F/h/APPARTEMENT%20%20A%20VENDRE%20AU%201ER%20ETAGE%202_80329808.avif
23,0.3067,36.8,10.1,160.0,3.0,3.0,0.5,0.2562,2.0,110184.0,0.318,4,0,0,1,1,0,0,0,0,0,0,0,0,0,0,0,0,0,400000.0,https://www.mubawab-media.com/ad/8/148/213F/h/thumb_1097467_property_large_80330046.avif
23,0.4,36.8769,10.3247,78.0,3.0,1.0,0.5,0.8015,2.0,2562.03,0.2802,4,0,1,0,1,0,0,1,0,0,0,0,0,0,1,0,0,0,288000.0,https://www.mubawab-media.com/ad/8/225/304F/h/photo_00_81126878.avif
23,0.32,36.844,10.192,80.0,4.0,3.0,0.5,0.3403,2.0,43985.0,0.3128,4,0,0,0,1,0,0,0,0,0,1,0,0,0,0,0,0,0,250000.0,https://www.mubawab-media.com/ad/8/225/222F/h/IMG_8729_81126167.avif
23,0.4,36.8769,10.3247,120.0,3.0,2.0,0.5,0.8015,2.0,2562.03,0.3168,4,0,1,0,1,0,0,0,0,1,0,0,0,0,1,0,0,0,265000.0,https://www.mubawab-media.com/ad/8/224/939F/h/att.6CuqqVBsBGffGtpNnT0nxRumZpHQVVWMBvLj6JK1zTo_81123611.avif
16,0.32,36.4561,10.7376,45.0,3.0,1.0,0.5,0.4552,2.0,154974.0,0.318,4,0,1,0,0,0,0,0,0,0,0,0,0,0,0,0,0,0,210000.0,https://www.mubawab-media.com/ad/8/145/196F/h/1_80300216.avif
1,0.32,36.8665,10.1647,55.0,2.0,1.0,0.5,0.5305,2.0,43985.0,0.3392,4,0,1,0,0,0,0,1,0,1,0,0,0,0,1,0,0,0,184000.0,https://www.mubawab-media.com/ad/7/971/655F/h/1722959306402_78579496.avif
16,0.2833,36.4561,10.7376,65.0,1.0,1.0,0.5,0.4454,2.0,154974.0,0.2782,4,0,1,0,0,1,0,0,0,0,0,0,0,0,1,1,0,0,245000.0,https://www.mubawab-media.com/ad/8/224/848F/h/inbound906440601259948822_81122578.avif
23,0.6867,36.819,10.1658,135.0,3.0,2.0,0.5,0.5524,2.0,2562.03,0.3638,4,0,1,0,0,0,0,1,0,0,0,0,0,0,1,0,0,0,675000.0,https://www.mubawab-media.com/ad/8/224/824F/h/thumb_1173073_property_large_81122241.avif
16,0.32,36.4561,10.7376,71.0,3.0,2.0,0.5,0.4552,2.0,154974.0,0.3108,4,0,0,0,1,0,0,0,1,1,1,1,0,0,0,0,0,0,420000.0,https://www.mubawab-media.com/ad/8/223/257F/h/img001_81104712.avif
23,0.092,36.8,10.1,105.0,3.0,2.0,0.5,0.3155,2.0,110184.0,0.2694,4,0,0,0,0,0,0,0,1,0,0,0,0,0,0,0,0,0,170000.0,https://www.mubawab-media.com/ad/8/224/724F/h/gallery_81121076.avif
1,0.3533,36.899,10.2358,53.0,1.0,1.0,0.5,0.4235,2.0,43985.0,0.341,4,0,0,0,1,0,0,0,0,0,0,0,0,0,0,1,0,0,240000.0,https://www.mubawab-media.com/ad/8/224/386F/h/thumb_1171936_property_large_81117719.avif
23,0.4,36.8769,10.3247,142.0,3.0,2.0,0.5,0.8015,2.0,2562.03,0.3029,4,0,0,0,1,0,0,1,1,1,1,1,1,1,0,1,0,0,671700.0,https://www.mubawab-media.com/ad/8/224/302F/h/image_1_81116899.avif
23,0.1733,36.819,10.1658,158.0,6.0,5.0,0.5,0.6863,2.0,2562.03,0.2742,4,0,0,0,0,0,0,0,0,0,0,0,0,0,1,0,0,0,300000.0,https://www.mubawab-media.com/ad/8/224/157F/h/20250206_120040_81115180.avif
23,0.4,36.8769,10.3247,143.0,4.0,3.0,0.5,0.8015,2.0,2562.03,0.3214,1,0,1,0,1,0,0,0,0,0,0,1,0,0,0,0,0,0,590000.0,https://www.mubawab-media.com/ad/8/212/561F/h/L_c5afcfc1-18e4-4b5b-b63c-486e37745c29_80989940.avif
23,0.4,36.8769,10.3247,142.0,3.0,2.0,0.5,0.8015,2.0,2562.03,0.3021,4,0,0,0,1,0,0,1,1,1,1,1,1,1,1,1,0,0,875000.0,https://www.mubawab-media.com/ad/8/223/869F/h/image_1_81112036.avif
23,0.4,36.8769,10.3247,45.0,1.0,1.0,0.5,0.8015,2.0,2562.03,0.2746,1,0,1,0,1,0,0,1,1,1,1,0,1,1,0,0,0,0,250000.0,https://www.mubawab-media.com/ad/8/223/747F/h/1000027003_81110518.avif
23,0.32,36.844,10.192,135.0,3.0,2.0,0.5,0.3403,2.0,43985.0,0.2738,4,0,0,0,1,0,0,1,0,1,1,0,0,0,0,0,0,0,290000.0,https://www.mubawab-media.com/ad/8/197/147F/h/492328544_1224120913048613_6709080359482211057_n_80834185.avif
20,0.3333,35.8245,10.6346,96.0,3.0,2.0,0.5,0.2902,2.0,150620.48,0.3851,4,0,1,0,1,1,1,1,0,0,0,0,0,0,0,1,0,0,420000.0,https://www.mubawab-media.com/ad/8/203/553F/h/thumb_1142666_property_xlarge_80897017.avif
23,0.1733,36.819,10.1658,130.0,4.0,3.0,0.5,0.6863,2.0,2562.03,0.3184,4,0,0,0,1,0,0,0,0,0,0,1,0,0,0,0,0,0,225000.0,https://www.mubawab-media.com/ad/8/150/843F/h/f063e039-034b-45a6-8737-0d911f60896b_14972492-da4b-4eca-8bd9-919213b548cd_80356006.avif
16,0.2833,36.4561,10.7376,65.0,1.0,1.0,0.5,0.4454,2.0,154974.0,0.316,4,0,1,0,1,1,0,1,0,0,0,0,0,0,0,0,0,1,265000.0,https://www.mubawab-media.com/ad/7/852/383F/h/411561020_1485271505539480_8846069808706243121_n-ink_66167221.avif
16,0.32,36.4561,10.7376,70.0,3.0,2.0,0.5,0.4552,2.0,154974.0,0.3172,4,0,1,0,1,1,0,0,0,0,0,0,0,0,1,1,0,0,285000.0,https://www.mubawab-media.com/ad/8/152/875F/h/Jka1yiIKdHcgdOPS-thumb_80376451.avif
16,0.2833,36.4561,10.7376,140.0,4.0,3.0,0.5,0.4454,2.0,154974.0,0.3152,4,0,1,0,1,1,0,1,0,0,0,0,0,0,1,0,0,0,595000.0,https://www.mubawab-media.com/ad/8/107/634F/h/EmiMgcdyuDtePggg-thumb_79920524.avif
1,0.332,36.8665,10.1647,192.0,6.0,4.0,0.5,0.247,2.0,43985.0,0.3504,4,0,1,0,1,0,1,1,0,1,1,1,1,1,1,0,0,0,1100000.0,https://www.mubawab-media.com/ad/8/201/683F/h/535159161_1257093466207734_1865554716306662276_n_80878204.avif
23,0.4,36.8769,10.3247,135.0,5.0,3.0,0.5,0.8015,2.0,2562.03,0.3128,4,0,0,0,1,0,0,1,0,1,1,1,0,1,0,0,0,0,350000.0,https://www.mubawab-media.com/ad/8/222/489F/h/thumb_1170499_property_large_81102544.avif
15,0.2367,36.819,10.2358,1400.0,5.0,2.0,0.5,0.517,2.0,43985.0,0.3168,3,0,0,0,1,1,0,1,0,1,0,1,0,1,0,1,0,1,300000.0,https://www.mubawab-media.com/ad/8/221/171F/h/WhatsApp%20Image%202025-09-25%20at%2016.55.02_d03bc14a_81110848.avif
20,0.3333,35.8245,10.6346,115.0,2.0,2.0,0.5,0.2902,2.0,150620.48,0.3164,4,0,0,0,1,0,0,1,0,0,0,0,0,0,0,0,0,0,150000.0,https://www.mubawab-media.com/ad/8/158/339F/h/thumb_61394_property_xlarge_80441860.avif
23,0.4,36.8769,10.3247,120.0,3.0,2.0,0.5,0.8015,2.0,2562.03,0.2742,4,0,1,0,1,0,0,1,0,1,1,1,0,0,1,0,0,0,385000.0,https://www.mubawab-media.com/ad/7/858/714F/h/Slide1_81769509.avif
23,0.4,36.8769,10.3247,90.0,3.0,2.0,0.5,0.8015,2.0,2562.03,0.312,4,0,1,0,1,0,0,1,1,1,1,1,1,0,1,0,0,0,350000.0,https://www.mubawab-media.com/ad/8/176/391F/h/photo_0_80856637.avif
23,0.35,36.77,10.23,140.0,3.0,2.0,0.5,0.2779,2.0,2562.03,0.2694,3,0,0,0,1,0,0,1,1,0,0,0,0,0,0,0,0,0,340000.0,https://www.mubawab-media.com/ad/8/222/715F/h/gallery_81098745.avif
20,0.3067,36.8,10.1,65.0,3.0,2.0,0.5,0.3807,2.0,110184.0,0.3176,4,0,0,0,1,0,0,1,0,0,0,0,0,0,0,0,0,0,195000.0,https://www.mubawab-media.com/ad/8/081/982F/h/photo_00_79672412.avif
23,0.4,36.8769,10.3247,112.0,3.0,2.0,0.5,0.8015,2.0,2562.03,0.3416,4,0,1,0,1,0,0,1,0,1,0,0,0,0,1,0,0,0,500000.0,https://www.mubawab-media.com/ad/8/221/307F/h/8749578f-98ec-411a-a153-4a96cdfbac21_81083279.avif
23,0.4,36.8769,10.3247,176.0,4.0,4.0,0.5,0.8015,2.0,2562.03,0.3168,4,0,1,0,1,0,0,1,0,1,0,0,0,0,1,0,0,0,420000.0,https://www.mubawab-media.com/ad/8/222/314F/h/thumb_1134527_property_xlarge_81094531.avif
1,0.32,36.8665,10.1647,170.0,3.0,2.0,0.5,0.5305,2.0,43985.0,0.324,4,0,1,0,1,0,0,1,0,0,0,0,0,0,1,1,0,0,430000.0,https://www.mubawab-media.com/ad/8/222/217F/h/photo_00_81093541.avif
23,0.4,36.8769,10.3247,280.0,3.0,3.0,0.5,0.8015,2.0,2562.03,0.2856,4,0,0,0,1,0,0,1,1,1,1,0,0,0,0,0,0,0,1650000.0,https://www.mubawab-media.com/ad/8/147/962F/h/thumb_1097275_property_large_80327659.avif
23,0.4,36.8769,10.3247,156.0,3.0,2.0,0.5,0.8015,2.0,2562.03,0.3633,4,0,1,0,1,1,0,1,0,0,0,0,0,0,1,1,0,0,430000.0,https://www.mubawab-media.com/ad/8/222/055F/h/photo_0_81196867.avif
23,0.3467,36.819,10.1658,75.0,3.0,1.0,0.5,0.3526,2.0,2562.03,0.3419,4,0,1,0,1,0,1,0,0,1,0,0,0,0,1,0,0,0,390000.0,https://www.mubawab-media.com/ad/8/221/962F/h/photo_00_81090840.avif
3,0.14,36.8,10.1,119.0,2.0,2.0,0.5,0.2793,2.0,110184.0,0.3168,4,0,0,0,1,0,0,1,0,0,1,0,0,0,0,0,0,0,225000.0,https://www.mubawab-media.com/ad/8/220/169F/h/thumb_1166668_property_large_81071250.avif
1,0.3533,36.899,10.2358,144.0,3.0,3.0,0.5,0.4235,2.0,43985.0,0.3232,4,0,0,0,1,0,0,1,0,1,0,0,0,0,1,1,0,0,330000.0,https://www.mubawab-media.com/ad/8/221/618F/h/photo_0_81086379.avif
23,0.32,36.844,10.192,120.0,3.0,2.0,0.5,0.3403,2.0,43985.0,0.2694,4,0,1,0,1,0,0,1,0,0,1,0,0,0,0,0,0,0,297000.0,https://www.mubawab-media.com/ad/8/204/288F/h/gallery_80904221.avif
16,0.32,36.4561,10.7376,120.0,3.0,2.0,0.5,0.4552,2.0,154974.0,0.2694,4,0,1,0,1,1,0,1,0,0,1,0,0,0,0,0,0,0,460000.0,https://www.mubawab-media.com/ad/8/208/210F/h/gallery_80942748.avif
13,0.16,36.8,10.1,68.0,3.0,2.0,0.5,0.2875,2.0,110184.0,0.275,3,0,0,1,1,0,0,1,0,1,0,1,1,0,0,1,0,0,280000.0,https://www.mubawab-media.com/ad/8/221/107F/h/1000007423_81081284.avif
23,0.4,36.8769,10.3247,200.0,5.0,4.0,0.5,0.8015,2.0,2562.03,0.273,4,0,1,0,1,0,0,1,1,1,1,1,1,1,1,0,0,0,900000.0,https://www.mubawab-media.com/ad/8/119/844F/h/IMG_4418_80045005.avif
1,0.3533,36.899,10.2358,106.0,3.0,2.0,0.5,0.4235,2.0,43985.0,0.3378,3,0,1,0,1,0,0,1,1,1,1,1,1,1,1,0,0,0,370000.0,https://www.mubawab-media.com/ad/8/173/070F/h/403bc1c9-7ca2-4a0a-8503-01b3c676517d_80592079.avif
4,0.12,36.8,10.1,97.0,4.0,2.0,0.5,0.2697,2.0,110184.0,0.3136,4,0,0,0,1,0,0,1,0,0,0,0,0,0,0,0,0,0,210000.0,https://www.mubawab-media.com/ad/8/214/085F/h/thumb_1179368_property_xlarge_81274934.avif
23,0.4,36.8769,10.3247,111.0,5.0,2.0,0.5,0.8015,2.0,2562.03,0.3073,4,0,1,0,0,0,0,0,1,0,1,1,0,0,1,0,0,0,240000.0,https://www.mubawab-media.com/ad/8/220/646F/h/a01de39e-9e70-443b-91bb-3501f058d446_81076398.avif
23,0.4,36.8769,10.3247,327.0,5.0,4.0,0.5,0.8015,2.0,2562.03,0.3553,4,0,0,0,0,0,0,1,0,0,0,1,0,0,0,1,0,0,1800000.0,https://www.mubawab-media.com/ad/7/754/879F/h/thumb_634087_property_xlarge_78389130.avif
23,0.4,36.8769,10.3247,45.0,1.0,1.0,0.5,0.8015,2.0,2562.03,0.3374,4,0,1,0,1,0,0,1,0,0,0,0,0,0,1,0,0,0,250000.0,https://www.mubawab-media.com/ad/8/173/086F/h/92e531c0-882d-45f0-907d-9aa5bcff3b82_80592253.avif
23,0.0233,36.8,10.1,69.0,3.0,2.0,0.5,0.151,2.0,110184.0,0.269,4,0,0,0,0,0,0,0,0,0,0,0,0,0,0,0,0,0,120000.0,https://www.mubawab-media.com/ad/8/220/511F/h/photo_00_81074987.avif
23,0.4,36.8769,10.3247,110.0,3.0,2.0,0.5,0.8015,2.0,2562.03,0.312,4,0,1,1,1,0,0,1,1,1,1,1,1,1,1,0,0,0,355000.0,https://www.mubawab-media.com/ad/8/219/867F/h/530501988_24190520890591048_4761539661715314139_n_81068117.avif
23,0.1733,36.819,10.1658,55.0,3.0,2.0,0.5,0.6863,2.0,2562.03,0.3196,4,0,0,0,1,0,0,0,0,0,0,0,0,0,0,0,0,0,120000.0,https://www.mubawab-media.com/ad/8/220/215F/h/abe1cdd4-7583-4fc8-95fb-9b3d0ad1bde0_b31d4f06-f6a2-4cee-963b-9fbfe1fbf1e6_81071772.avif
20,0.26,35.8245,10.6346,120.0,7.0,7.0,0.5,0.517,2.0,150620.48,0.2915,1,0,0,0,1,0,0,1,0,0,0,0,0,0,0,0,0,0,580000.0,https://www.mubawab-media.com/ad/8/220/211F/h/thumb_1167267_property_large_81071726.avif
23,0.1733,36.819,10.1658,85.0,4.0,3.0,0.5,0.6863,2.0,2562.03,0.3164,4,0,0,0,0,0,0,0,0,1,0,1,0,0,0,0,0,0,195000.0,https://www.mubawab-media.com/ad/8/155/198F/h/7d2557d2-c455-43af-8044-69236c637a94_aa6e9709-988c-4e37-a0a3-0a489ea638bc_80623702.avif
1,0.32,36.8665,10.1647,162.0,3.0,2.0,0.5,0.5305,2.0,43985.0,0.3148,4,0,1,0,1,0,0,1,1,1,1,1,1,1,0,0,0,0,395000.0,https://www.mubawab-media.com/ad/8/215/462F/h/p9_81021393.avif
3,0.2227,36.8,10.1,125.0,4.0,3.0,0.5,0.274,2.0,110184.0,0.3164,4,0,0,0,1,0,0,1,0,0,1,1,1,1,0,0,0,0,350000.0,https://www.mubawab-media.com/ad/8/218/910F/h/WhatsApp%20Image%202025-09-18%20%C3%A0%2009.42.51_a1aa5d0c_81058193.avif
1,0.32,36.8665,10.1647,144.0,3.0,3.0,0.5,0.5305,2.0,43985.0,0.3148,4,0,0,0,1,0,0,1,0,0,1,1,0,0,0,1,0,0,345000.0,https://www.mubawab-media.com/ad/8/219/974F/h/thumb_1166557_property_large_81069140.avif
23,0.4,36.8769,10.3247,200.0,2.0,2.0,0.5,0.8015,2.0,2562.03,0.2848,4,0,0,0,0,0,0,0,0,0,0,0,0,0,0,0,0,0,790000.0,https://www.mubawab-media.com/ad/8/219/849F/h/thumb_1166283_property_large_81067862.avif
23,0.4,36.8769,10.3247,127.0,6.0,4.0,0.5,0.8015,2.0,2562.03,0.3278,4,0,0,0,1,0,0,1,1,0,0,0,0,0,0,0,0,0,460000.0,https://www.mubawab-media.com/ad/8/219/611F/h/S2%20E_81065496.avif
23,0.4,36.8769,10.3247,131.0,4.0,3.0,0.5,0.8015,2.0,2562.03,0.3144,4,0,1,0,1,0,0,0,0,1,0,0,0,0,1,0,0,0,385000.0,https://www.mubawab-media.com/ad/8/175/494F/h/WhatsApp%20Image%202025-07-05%20at%202.18.23%20PM_80616804.avif
16,0.32,36.4561,10.7376,98.0,3.0,2.0,0.5,0.4552,2.0,154974.0,0.2798,4,0,0,0,1,0,0,1,0,1,1,0,0,0,0,1,0,0,320000.0,https://www.mubawab-media.com/ad/7/851/705F/h/480530775_488472830917136_8132385880958641068_n_80441657.avif
16,0.32,36.4561,10.7376,78.0,2.0,1.0,0.5,0.4552,2.0,154974.0,0.3148,4,0,1,0,1,1,0,1,0,0,0,0,0,0,1,1,0,0,270000.0,https://www.mubawab-media.com/ad/8/127/742F/h/thumb_1152841_property_xlarge_80992842.avif
16,0.2833,36.4561,10.7376,89.0,3.0,2.0,0.5,0.4454,2.0,154974.0,0.279,3,0,0,0,1,0,0,0,0,0,0,0,0,0,0,0,0,0,180000.0,https://www.mubawab-media.com/ad/8/218/943F/h/YVGkpBI1AA92Tcdx-thumb_81058534.avif
16,0.13,36.8,10.1,93.0,3.0,2.0,0.5,0.2426,2.0,110184.0,0.3407,4,0,0,1,1,0,0,0,0,0,1,1,0,0,0,0,0,0,220000.0,https://www.mubawab-media.com/ad/8/196/735F/h/vxGAfT1Yo7IPn1D9-thumb_80830394.avif
1,0.3533,36.899,10.2358,122.0,4.0,3.0,0.5,0.4235,2.0,43985.0,0.3354,4,0,1,0,1,0,0,1,0,1,0,0,0,0,1,0,0,0,428000.0,https://www.mubawab-media.com/ad/8/131/023F/h/thumb_1076433_property_large_80157690.avif
23,0.4,36.8769,10.3247,64.0,2.0,1.0,0.5,0.8015,2.0,2562.03,0.3102,4,0,0,0,0,0,0,1,0,1,1,1,1,1,0,0,0,0,200000.0,https://www.mubawab-media.com/ad/8/218/395F/h/thumb_1165008_property_large_81052654.avif
1,0.32,36.8665,10.1647,209.0,5.0,3.0,0.5,0.5305,2.0,43985.0,0.3281,4,0,0,0,1,0,0,1,1,1,1,1,0,1,1,1,0,0,650000.0,https://www.mubawab-media.com/ad/8/193/023F/h/526347284_2181429165697784_5521012620614230867_n_80793069.avif
12,0.22,35.5047,11.0622,127.0,3.0,2.0,0.5,0.4425,2.0,1278.45,0.2694,4,0,0,0,1,0,0,0,0,0,0,0,0,0,0,0,0,0,457000.0,https://www.mubawab-media.com/ad/8/207/835F/h/gallery_80938845.avif
20,0.3067,35.8604,10.5953,280.0,4.0,4.0,0.5,0.3642,2.0,150620.48,0.2742,4,0,0,0,1,0,0,0,0,0,0,1,0,0,0,0,0,0,285000.0,https://www.mubawab-media.com/ad/8/214/422F/h/IMG-20250830-WA0003_81035810.avif
23,0.4,36.8769,10.3247,141.0,4.0,3.0,0.5,0.8015,2.0,2562.03,0.2774,4,0,0,0,1,0,0,0,0,0,1,0,0,0,0,0,0,0,255000.0,https://www.mubawab-media.com/ad/8/216/571F/h/9673_81032629.avif
23,0.1733,36.819,10.1658,158.0,3.0,3.0,0.5,0.6863,2.0,2562.03,0.3305,4,0,1,0,1,0,0,1,0,0,0,0,0,0,1,1,0,0,590000.0,https://www.mubawab-media.com/ad/8/200/889F/h/1000244169_80870982.avif
1,0.32,36.8665,10.1647,110.0,3.0,2.0,0.5,0.5305,2.0,43985.0,0.2694,4,0,0,0,1,0,0,0,1,0,1,0,0,0,0,0,0,0,279700.0,https://www.mubawab-media.com/ad/8/218/009F/h/gallery_81048637.avif
20,0.3067,35.8604,10.5953,72.0,2.0,2.0,0.5,0.3642,2.0,150620.48,0.2734,4,0,0,0,0,0,0,0,0,0,1,1,0,0,0,0,0,0,290000.0,https://www.mubawab-media.com/ad/8/217/971F/h/att.M-y9DDPb-O2hjQTho5I6f6HKh0M1Q4y_sq3aVsUaJEw_81048139.avif
23,0.092,36.8,10.1,137.0,3.0,2.0,0.5,0.3155,2.0,110184.0,0.2718,4,0,1,0,1,0,0,0,0,0,0,0,0,0,0,0,0,0,300000.0,https://www.mubawab-media.com/ad/8/217/933F/h/IMG20250912071602_81047742.avif
16,0.2833,36.4561,10.7376,100.0,1.0,2.0,0.5,0.4454,2.0,154974.0,0.2774,4,0,1,1,1,1,0,1,0,0,0,0,0,0,0,1,0,0,420000.0,https://www.mubawab-media.com/ad/8/217/901F/h/1000000383_81047330.avif
3,0.14,36.8,10.1,90.0,3.0,2.0,0.5,0.2793,2.0,110184.0,0.3152,1,0,1,0,0,0,0,0,0,0,0,1,0,0,0,0,0,0,225000.0,https://www.mubawab-media.com/ad/8/217/857F/h/OIP_81046921.avif
3,0.04,36.7293,10.3349,105.0,1.0,2.0,0.5,0.2303,2.0,114262.5,0.3164,4,0,0,0,1,0,0,1,1,1,1,1,1,1,0,0,0,0,270000.0,https://www.mubawab-media.com/ad/8/217/808F/h/523745369_1067204222194447_1090291495058632734_n_81046876.avif
23,0.6867,36.819,10.2358,115.0,3.0,2.0,0.5,0.517,2.0,43985.0,0.3168,4,0,0,0,0,0,0,0,0,0,0,0,0,0,0,0,0,0,419000.0,nan
1,0.32,36.8665,10.1647,162.0,2.0,2.0,0.5,0.5305,2.0,43985.0,0.3132,4,0,1,0,1,0,0,1,1,1,1,1,0,0,1,0,0,1,380000.0,https://www.mubawab-media.com/ad/8/171/587F/h/ala_LE_upscale_balanced_x4_80576305.avif
20,0.1333,36.8,10.1,88.0,2.0,1.0,0.5,0.2413,2.0,110184.0,0.3293,4,0,1,1,1,1,1,1,1,1,1,1,0,0,1,0,0,0,240000.0,https://www.mubawab-media.com/ad/8/203/346F/h/thumb_1148704_property_xlarge_80894797.avif
16,0.32,36.4561,10.7376,95.0,2.0,2.0,0.5,0.4552,2.0,154974.0,0.2734,4,0,0,0,0,1,0,0,0,0,0,0,0,0,0,0,0,0,320000.0,https://www.mubawab-media.com/ad/7/963/492F/h/thumb_869169_property_large_78497430.avif
16,0.2833,36.4561,10.7376,75.0,2.0,1.0,0.5,0.4454,2.0,154974.0,0.2734,4,0,1,0,0,0,1,0,0,1,1,1,0,0,0,0,0,0,247000.0,https://www.mubawab-media.com/ad/8/162/504F/h/thumb_1111173_property_big_80484996.avif
1,0.32,36.8665,10.1647,80.0,3.0,2.0,0.5,0.5305,2.0,43985.0,0.3302,4,0,1,0,1,0,0,1,1,1,1,1,1,1,1,0,0,1,340000.0,https://www.mubawab-media.com/ad/8/217/285F/h/20250625_175358_81040690.avif
23,0.1733,36.819,10.1658,107.0,3.0,2.0,0.5,0.6863,2.0,2562.03,0.3184,3,0,0,0,0,0,0,0,0,1,0,1,0,0,0,0,0,0,140000.0,https://www.mubawab-media.com/ad/8/161/009F/h/1f4156a9-730e-43d8-953f-0f261ee96893_Capture%20d%E2%80%99%C3%A9cran%202025-06-12%20155944_80469922.avif
16,0.32,36.4561,10.7376,190.0,3.0,2.0,0.5,0.4552,2.0,154974.0,0.3188,4,0,0,1,0,1,0,0,0,1,1,1,0,0,0,0,0,0,650000.0,https://www.mubawab-media.com/ad/8/013/320F/h/4_78997827.avif
1,0.32,36.8665,10.1647,90.0,3.0,2.0,0.5,0.5305,2.0,43985.0,0.324,4,0,0,0,0,0,0,1,0,0,1,0,0,0,1,0,0,0,225000.0,https://www.mubawab-media.com/ad/8/216/857F/h/photo_00_81035854.avif
23,0.4,36.8769,10.3247,192.0,4.0,3.0,0.5,0.8015,2.0,2562.03,0.3016,4,0,0,0,0,0,1,1,0,1,0,0,0,0,1,0,0,0,1076000.0,https://www.mubawab-media.com/ad/8/190/442F/h/WhatsApp%20Image%202023-12-11%20%C3%A0%2016.50.35_aaab44ae_80767002.avif
1,0.32,36.8665,10.1647,260.0,5.0,4.0,0.5,0.5305,2.0,43985.0,0.2742,4,0,0,0,1,0,0,1,0,1,1,0,0,0,0,1,0,0,465000.0,https://www.mubawab-media.com/ad/8/216/766F/h/eae1ffce-11e3-4420-909c-5ad97df7515e_81034735.avif
16,0.32,36.4561,10.7376,100.0,3.0,2.0,0.5,0.4552,2.0,154974.0,0.2766,4,0,0,0,0,1,0,0,0,0,0,0,0,0,0,1,0,0,350000.0,https://www.mubawab-media.com/ad/7/678/927F/h/thumb_814847_property_xlarge_76060219.avif
20,0.3067,35.8604,10.5953,155.0,2.0,2.0,0.5,0.3642,2.0,150620.48,0.3192,4,0,1,0,1,0,1,1,0,1,0,0,0,0,0,0,0,0,650000.0,https://www.mubawab-media.com/ad/8/152/433F/h/IMG-20250506-WA0002_80372239.avif
23,0.32,36.844,10.192,81.0,3.0,2.0,0.5,0.3403,2.0,43985.0,0.3228,4,0,0,0,0,0,0,1,0,0,0,0,0,0,1,0,0,0,190000.0,https://www.mubawab-media.com/ad/8/159/445F/h/photo_00_80453637.avif
16,0.13,36.8,10.1,155.0,4.0,3.0,0.5,0.2426,2.0,110184.0,0.2879,4,0,0,0,1,0,0,1,0,0,0,0,0,0,0,0,0,0,240000.0,https://www.mubawab-media.com/ad/8/206/293F/h/IMG_2593_81029683.avif
1,0.3533,36.899,10.2358,130.0,4.0,3.0,0.5,0.4235,2.0,43985.0,0.2714,4,0,0,0,0,0,0,0,0,0,0,0,0,0,0,0,0,0,260000.0,https://www.mubawab-media.com/ad/8/216/166F/h/WhatsApp%20Image%202025-09-13%20at%2011.21.46%20PM%20%281%29_81028626.avif
23,0.1733,36.819,10.1658,140.0,3.0,2.0,0.5,0.6863,2.0,2562.03,0.271,4,0,0,0,1,0,0,0,0,0,0,0,0,0,0,0,0,0,280000.0,https://www.mubawab-media.com/ad/8/215/648F/h/gallery_81023500.avif
3,0.1133,36.7533,10.2283,120.0,4.0,3.0,0.5,0.4302,2.0,114262.5,0.2722,4,0,0,0,1,0,0,0,0,0,0,0,0,0,0,1,0,0,220000.0,https://www.mubawab-media.com/ad/8/216/004F/h/541617528_1150025270610208_4593732431172042761_n_81027007.avif
13,0.16,36.8,10.1,93.0,3.0,2.0,0.5,0.2875,2.0,110184.0,0.2706,2,0,0,0,1,0,0,1,0,0,0,1,0,1,1,0,0,0,159000.0,https://www.mubawab-media.com/ad/8/215/739F/h/08f3cbd3-41e1-4bc9-b65d-cd24996fa270_81024435.avif
1,0.32,36.8665,10.1647,134.0,3.0,2.0,0.5,0.5305,2.0,43985.0,0.269,4,0,1,1,1,0,0,1,0,1,1,1,1,1,1,0,0,0,590000.0,https://www.mubawab-media.com/ad/8/215/694F/h/1-%20Picture-2018_81023977.avif
23,0.32,36.844,10.192,130.0,3.0,2.0,0.5,0.3403,2.0,43985.0,0.2694,4,0,0,0,1,0,0,1,0,1,1,0,0,0,0,0,0,0,340000.0,https://www.mubawab-media.com/ad/8/215/647F/h/gallery_81023490.avif
12,0.1953,36.8,10.1,348.0,3.0,2.0,0.5,0.1695,2.0,110184.0,0.271,4,0,0,0,1,0,1,0,0,0,0,0,0,0,0,0,0,0,750000.0,https://www.mubawab-media.com/ad/8/215/625F/h/gallery_81023242.avif
23,0.6867,36.819,10.1658,183.0,3.0,3.0,0.5,0.5524,2.0,2562.03,0.3411,4,0,0,0,1,0,0,1,0,0,0,0,0,0,0,0,0,0,700000.0,https://www.mubawab-media.com/ad/8/013/060F/h/thumb_920202_property_xlarge_78995066.avif
23,0.4,36.8769,10.3247,110.0,3.0,2.0,0.5,0.8015,2.0,2562.03,0.292,4,0,0,1,0,0,0,0,0,0,0,0,0,0,1,0,0,0,580000.0,https://www.mubawab-media.com/ad/8/146/495F/h/WhatsApp%20Image%202025-05-20%20%C3%A0%2017.51.56_40bbd26c_80312636.avif
3,0.14,36.8,10.1,71.0,2.0,2.0,0.5,0.2793,2.0,110184.0,0.3176,4,0,0,0,0,0,0,1,0,0,0,0,0,0,0,0,0,0,150000.0,https://www.mubawab-media.com/ad/8/215/238F/h/thumb_1161479_property_large_81018871.avif
23,0.6867,36.819,10.1658,167.0,3.0,3.0,0.5,0.5524,2.0,2562.03,0.3603,4,0,0,0,0,0,0,0,0,0,0,1,0,0,0,1,0,0,1090000.0,https://www.mubawab-media.com/ad/8/215/025F/h/thumb_1161263_property_xlarge_81016832.avif
17,0.2367,36.8,10.1,114.0,1.0,2.0,0.5,0.1516,2.0,110184.0,0.2762,4,0,1,0,1,0,0,0,0,0,0,0,0,0,1,0,0,0,265000.0,https://www.mubawab-media.com/ad/8/214/966F/h/20250814_172044_81016189.avif
15,0.2633,35.7643,10.8113,118.0,3.0,2.0,0.5,0.3655,2.0,134734.0,0.3601,4,0,1,0,1,0,0,1,0,0,0,0,0,0,0,1,0,0,640000.0,https://www.mubawab-media.com/ad/8/197/607F/h/thumb_1119204_property_xlarge_80838599.avif
23,0.6867,36.819,10.1658,175.0,3.0,3.0,0.5,0.5524,2.0,2562.03,0.3513,1,0,0,0,1,1,0,0,0,0,0,0,0,0,0,1,0,0,1341000.0,https://www.mubawab-media.com/ad/8/194/036F/h/thumb_1139974_property_large_80804643.avif
23,0.4,36.819,10.2358,115.0,3.0,2.0,0.5,0.517,2.0,43985.0,0.3168,4,0,0,0,0,0,0,0,0,0,0,0,0,0,0,0,0,0,890000.0,nan
3,0.0933,36.7533,10.2283,93.0,4.0,2.0,0.5,0.2965,2.0,114262.5,0.2718,3,0,0,0,0,0,0,0,0,1,1,0,0,0,0,0,0,0,135000.0,https://www.mubawab-media.com/ad/8/205/661F/h/2_80917415.avif
17,0.1467,34.7405,10.7603,240.0,6.0,6.0,0.5,0.152,2.0,130875.5,0.2714,1,0,0,0,1,0,0,0,0,0,0,0,0,0,0,1,0,0,320000.0,https://www.mubawab-media.com/ad/8/214/462F/h/jardin_81010553.avif
4,0.24,37.2744,9.8739,160.0,3.0,2.0,0.5,0.4278,2.0,61540.22,0.2694,4,0,0,0,1,0,0,0,0,0,0,1,0,0,0,0,0,0,400000.0,https://www.mubawab-media.com/ad/8/214/032F/h/gallery_81005916.avif
16,0.13,36.8,10.1,75.0,1.0,1.0,0.5,0.2426,2.0,110184.0,0.3152,3,0,0,0,1,0,0,0,1,0,0,1,0,0,1,0,0,0,115000.0,https://www.mubawab-media.com/ad/8/213/829F/h/image-1-68075916aa84e0-6809163aa06215.94388682_81003502.avif
23,0.4,36.8769,10.3247,243.0,4.0,3.0,0.5,0.8015,2.0,2562.03,0.3087,4,0,1,0,1,0,0,1,1,1,1,1,1,0,1,0,0,1,921500.0,https://www.mubawab-media.com/ad/7/889/048F/h/WhatsApp%20Image%202024-03-29%20%C3%A0%2011.21.58_1ccb1b1a_71602456.avif
1,0.32,36.8665,10.1647,160.0,5.0,4.0,0.5,0.5305,2.0,43985.0,0.3132,4,0,0,0,1,0,0,1,1,1,1,1,1,1,1,1,0,0,550000.0,https://www.mubawab-media.com/ad/8/164/460F/h/thumb_1112605_property_xlarge_80504944.avif
4,0.0733,36.8,10.1,70.0,3.0,2.0,0.5,0.1627,2.0,110184.0,0.3132,4,0,0,0,1,0,0,0,0,0,0,1,0,0,0,0,0,0,89000.0,https://www.mubawab-media.com/ad/8/213/510F/h/thumb_1157956_property_xlarge_81000253.avif
17,0.1467,34.7405,10.7603,102.0,4.0,3.0,0.5,0.152,2.0,130875.5,0.2746,4,0,0,0,0,0,0,0,0,0,0,0,0,0,0,0,0,0,170000.0,https://www.mubawab-media.com/ad/8/213/386F/h/1000014057_80999018.avif
23,0.1733,36.819,10.1658,85.0,4.0,3.0,0.5,0.6863,2.0,2562.03,0.3096,4,0,0,0,0,0,0,0,0,0,0,1,1,1,1,0,0,0,265000.0,https://www.mubawab-media.com/ad/8/202/752F/h/1_80889157.avif
23,0.3067,36.8,10.1,480.0,3.0,3.0,0.5,0.2562,2.0,110184.0,0.3188,4,0,0,0,0,0,0,1,0,0,0,0,0,0,0,1,0,0,550000.0,https://www.mubawab-media.com/ad/8/147/444F/h/thumb_1096457_property_large_80322335.avif
1,0.3533,36.899,10.2358,107.0,3.0,2.0,0.5,0.4235,2.0,43985.0,0.3176,4,0,0,0,1,0,0,1,0,0,0,1,0,0,0,0,0,0,395000.0,https://www.mubawab-media.com/ad/8/191/419F/h/thumb_1136592_property_xlarge_80776403.avif
23,0.4,36.8769,10.3247,170.0,5.0,4.0,0.5,0.8015,2.0,2562.03,0.2766,4,0,1,0,1,0,0,1,0,0,0,0,0,0,0,0,0,0,850000.0,https://www.mubawab-media.com/ad/8/147/459F/h/thumb_658215_property_large_80322614.avif
1,0.3533,36.899,10.2358,165.0,4.0,3.0,0.5,0.4235,2.0,43985.0,0.2814,4,0,1,0,1,0,0,1,0,0,0,0,0,0,0,1,0,0,668159.0,https://www.mubawab-media.com/ad/8/133/835F/h/s3.origRGB.0001-1_80187022.avif
1,0.3533,36.899,10.2358,100.0,3.0,2.0,0.5,0.4235,2.0,43985.0,0.2814,4,0,1,0,0,0,0,1,0,0,0,0,0,0,1,1,0,0,366560.0,https://www.mubawab-media.com/ad/8/133/885F/h/s3.origRGB.0001-1_80187650.avif
4,0.12,36.8,10.1,78.0,3.0,2.0,0.5,0.2697,2.0,110184.0,0.2706,4,0,0,0,1,0,0,0,0,0,0,0,0,0,0,1,0,0,135000.0,https://www.mubawab-media.com/ad/7/997/923F/h/1562926998007_78836412.avif
16,0.32,36.4561,10.7376,98.0,3.0,2.0,0.5,0.4552,2.0,154974.0,0.3192,3,0,0,1,0,1,0,1,0,0,0,0,0,0,0,1,0,0,460000.0,https://www.mubawab-media.com/ad/7/923/359F/h/thumb_1034811_property_xlarge_79920997.avif
23,0.4,36.8769,10.3247,117.0,2.0,1.0,0.5,0.8015,2.0,2562.03,0.2824,4,0,1,0,1,0,0,1,0,0,0,0,0,0,1,0,0,0,300000.0,https://www.mubawab-media.com/ad/8/035/365F/h/104234909_585228889085890_5412168927532821370_n----1_79211796.avif
23,0.4,36.8769,10.3247,164.0,3.0,2.0,0.5,0.8015,2.0,2562.03,0.3,3,0,1,0,1,0,0,1,0,0,0,0,0,0,0,1,0,0,1233000.0,https://www.mubawab-media.com/ad/8/003/281F/h/Jc7a573RSbBy4GRB-thumb_78893175.avif
16,0.32,36.4561,10.7376,97.0,2.0,2.0,0.5,0.4552,2.0,154974.0,0.2762,4,0,0,1,1,0,0,1,0,0,0,0,0,0,0,0,0,0,440000.0,https://www.mubawab-media.com/ad/8/111/306F/h/thumb_1036490_property_large_79957649.avif
16,0.32,36.4561,10.7376,75.0,1.0,1.0,0.5,0.4552,2.0,154974.0,0.3116,4,0,0,1,0,0,0,0,0,1,1,0,0,0,0,0,0,0,270000.0,https://www.mubawab-media.com/ad/8/098/167F/h/thumb_977334_property_large_79828047.avif
1,0.32,36.8665,10.1647,146.0,3.0,3.0,0.5,0.5305,2.0,43985.0,0.2766,4,0,0,0,1,0,0,1,0,0,1,1,0,0,0,0,0,0,450000.0,https://www.mubawab-media.com/ad/8/192/296F/h/thumb_1124137_property_large_80786120.avif
1,0.332,36.8665,10.1647,174.0,3.0,3.0,0.5,0.247,2.0,43985.0,0.2738,4,0,1,0,1,0,0,0,0,0,1,1,0,0,0,0,0,0,487000.0,https://www.mubawab-media.com/ad/8/192/304F/h/thumb_1106149_property_large_80786220.avif
16,0.32,36.4561,10.7376,115.0,3.0,2.0,0.5,0.4552,2.0,154974.0,0.2912,4,0,0,0,1,1,0,1,0,0,0,1,0,0,1,1,0,0,450000.0,https://www.mubawab-media.com/ad/8/200/484F/h/DSC_2722_80973642.avif
23,0.4,36.8769,10.3247,115.0,3.0,2.0,0.5,0.8015,2.0,2562.03,0.3465,2,0,0,0,1,0,0,1,0,0,1,0,0,0,0,0,0,0,2200000.0,https://www.mubawab-media.com/ad/8/208/427F/h/8398170_80947856.avif
23,0.1867,36.8094,10.1414,140.0,3.0,3.0,0.5,0.3144,2.0,2562.03,0.3232,4,0,1,0,1,0,0,0,0,0,1,0,0,0,0,0,0,0,320000.0,https://www.mubawab-media.com/ad/8/208/292F/h/538695244_2814340115442401_8765920241832949307_n_80943655.avif
16,0.15,36.8,10.1,100.0,3.0,2.0,0.5,0.2237,2.0,110184.0,0.3601,4,0,0,0,1,0,1,0,0,0,0,0,0,0,0,0,0,0,235000.0,https://www.mubawab-media.com/ad/8/085/343F/h/472570734_1036419935188952_5630923172534537652_n_79704973.avif
23,0.35,36.77,10.23,92.0,3.0,2.0,0.5,0.2779,2.0,2562.03,0.2726,4,0,0,0,1,0,0,1,0,0,0,0,0,0,1,0,0,0,265000.0,https://www.mubawab-media.com/ad/8/211/089F/h/1000020381_80975825.avif
20,0.3333,35.8245,10.6346,115.0,4.0,4.0,0.5,0.2902,2.0,150620.48,0.3164,4,0,0,0,1,0,0,1,0,0,1,0,0,0,0,0,0,0,420000.0,https://www.mubawab-media.com/ad/8/060/036F/h/thumb_60446_property_big_79458266.avif
23,0.6867,36.819,10.2358,115.0,3.0,2.0,0.5,0.517,2.0,43985.0,0.3168,4,0,0,0,0,0,0,0,0,0,0,0,0,0,0,0,0,0,635000.0,nan
23,0.1733,36.819,10.1658,47.0,1.0,1.0,0.5,0.6863,2.0,2562.03,0.3176,4,0,1,0,0,0,0,0,0,0,0,1,0,0,1,0,0,0,175000.0,https://www.mubawab-media.com/ad/8/204/324F/h/1000246080_80904528.avif
23,0.1733,36.819,10.1658,60.0,3.0,1.0,0.5,0.6863,2.0,2562.03,0.3228,4,0,0,0,0,0,0,0,0,0,1,1,0,0,0,0,0,0,190000.0,https://www.mubawab-media.com/ad/8/210/595F/h/photo_00_80970583.avif
20,0.32,36.8,10.1,115.0,2.0,2.0,0.5,0.3244,2.0,110184.0,0.3108,4,0,0,0,1,0,0,0,0,0,1,0,0,0,0,0,0,0,200000.0,https://www.mubawab-media.com/ad/7/983/031F/h/thumb_887024_property_large_78687270.avif
16,0.32,36.4561,10.7376,65.0,3.0,2.0,0.5,0.4552,2.0,154974.0,0.3164,4,0,0,0,1,1,1,0,0,0,0,0,0,0,0,1,0,0,390000.0,https://www.mubawab-media.com/ad/8/193/782F/h/1_80802325.avif
16,0.32,36.4561,10.7376,100.0,3.0,2.0,0.5,0.4552,2.0,154974.0,0.3093,4,0,0,0,1,0,0,0,0,1,0,0,0,0,0,0,0,0,265000.0,https://www.mubawab-media.com/ad/8/004/314F/h/WhatsApp%20Image%202024-09-25%20at%2015.06.21_78904986.avif
1,0.3533,36.899,10.2358,70.0,2.0,1.0,0.5,0.4235,2.0,43985.0,0.3016,4,0,1,0,0,0,0,1,0,0,0,0,0,0,1,1,0,0,244000.0,https://www.mubawab-media.com/ad/7/796/302F/h/499999313_1190873572829724_5772695668410844492_n_80959571.avif
23,0.4,36.8769,10.3247,145.0,4.0,3.0,0.5,0.8015,2.0,2562.03,0.2782,4,0,1,0,0,0,0,1,0,1,0,0,0,0,1,0,0,0,420000.0,https://www.mubawab-media.com/ad/7/941/214F/h/536272571_1257047172879030_9110971195626844653_n_80959502.avif
23,0.32,36.844,10.192,80.0,3.0,2.0,0.5,0.3403,2.0,43985.0,0.2766,4,0,0,0,0,0,0,1,0,0,1,0,0,0,0,0,0,0,218000.0,https://www.mubawab-media.com/ad/8/185/517F/h/photo_00_80717330.avif
3,0.14,36.8,10.1,126.0,3.0,2.0,0.5,0.2793,2.0,110184.0,0.275,1,0,1,0,1,0,0,1,0,1,0,0,0,0,0,0,0,0,230000.0,https://www.mubawab-media.com/ad/8/209/325F/h/4_80956479.avif
4,0.0733,36.8,10.1,110.0,4.0,3.0,0.5,0.1627,2.0,110184.0,0.3593,4,0,0,0,1,0,0,0,0,0,0,1,0,0,0,0,0,0,220000.0,https://www.mubawab-media.com/ad/8/209/228F/h/thumb_1154284_property_xlarge_80955389.avif
23,0.1733,36.819,10.1658,115.0,4.0,3.0,0.5,0.6863,2.0,2562.03,0.3196,4,0,1,0,1,0,0,0,0,0,0,0,1,0,1,0,0,0,215000.0,https://www.mubawab-media.com/ad/8/209/148F/h/cf46f767-2240-495a-9ec3-30f078c23c36_resize-image%20%281%29%20%281%29_80954537.avif
16,0.32,36.4561,10.7376,119.0,3.0,2.0,0.5,0.4552,2.0,154974.0,0.2912,4,0,0,0,1,1,0,1,0,0,0,0,0,0,1,1,0,0,490000.0,https://www.mubawab-media.com/ad/8/209/139F/h/012445d7-71ba-4596-915e-600de6670371_80954526.avif
16,0.32,36.4561,10.7376,96.0,2.0,3.0,0.5,0.4552,2.0,154974.0,0.3132,4,0,0,0,0,1,0,1,0,1,0,0,0,0,0,0,0,0,290000.0,https://www.mubawab-media.com/ad/8/040/277F/h/thumb_955354_property_large_79261266.avif
16,0.2833,36.4561,10.7376,116.0,3.0,2.0,0.5,0.4454,2.0,154974.0,0.2762,4,0,1,0,1,1,0,0,1,1,1,1,1,1,0,0,0,0,370000.0,https://www.mubawab-media.com/ad/8/206/326F/h/thumb_1152122_property_xlarge_80924087.avif
16,0.32,36.4561,10.7376,93.0,1.0,1.0,0.5,0.4552,2.0,154974.0,0.3116,4,0,0,0,0,1,0,1,0,0,0,0,0,0,0,0,0,0,335000.0,https://www.mubawab-media.com/ad/8/044/945F/h/thumb_958688_property_large_79306074.avif
16,0.32,36.4561,10.7376,165.0,3.0,3.0,0.5,0.4552,2.0,154974.0,0.2915,4,0,1,0,0,1,0,1,0,1,1,1,0,0,1,1,0,0,600000.0,https://www.mubawab-media.com/ad/8/162/224F/h/26211371015052025_tu_naha3_1465090200_1024_a7d1a169-f740-48ab-90ff-ffc688c99d13_80482178.avif
23,0.35,36.77,10.23,80.0,3.0,2.0,0.5,0.2779,2.0,2562.03,0.2806,3,0,0,0,1,0,0,1,0,0,1,0,0,0,0,0,0,0,220000.0,https://www.mubawab-media.com/ad/8/053/294F/h/384531632_857809532199210_878283548209023568_n_80949305.avif
20,0.26,35.8245,10.6346,58.0,2.0,1.0,0.5,0.517,2.0,150620.48,0.3221,4,0,1,0,1,0,1,0,0,0,0,0,0,0,1,0,0,0,250000.0,https://www.mubawab-media.com/ad/8/208/423F/h/thumb_1153554_property_xlarge_80947375.avif
3,0.0933,36.7533,10.2283,90.0,3.0,2.0,0.5,0.2965,2.0,114262.5,0.2714,4,0,1,1,0,0,0,1,0,1,0,0,0,0,0,0,0,0,270000.0,https://www.mubawab-media.com/ad/8/208/331F/h/1_80944070.avif
20,0.3067,35.8604,10.5953,91.0,3.0,2.0,0.5,0.3642,2.0,150620.48,0.3609,4,0,1,0,1,0,0,0,0,0,0,0,0,0,1,0,0,0,295000.0,https://www.mubawab-media.com/ad/8/190/200F/h/thumb_1135114_property_xlarge_80764739.avif
12,0.22,35.5047,11.0622,60.0,3.0,2.0,0.5,0.4425,2.0,1278.45,0.2706,2,0,0,0,0,0,0,0,0,0,0,0,0,0,0,0,0,0,230000.0,https://www.mubawab-media.com/ad/8/208/230F/h/gallery_80942993.avif
23,0.4,36.819,10.2358,115.0,3.0,2.0,0.5,0.517,2.0,43985.0,0.3168,4,0,0,0,0,0,0,0,0,0,0,0,0,0,0,0,0,0,890000.0,nan
23,0.1733,36.819,10.1658,97.0,5.0,2.0,0.5,0.6863,2.0,2562.03,0.3172,4,0,1,0,1,0,0,0,0,0,1,0,0,0,1,0,0,0,255000.0,https://www.mubawab-media.com/ad/8/197/270F/h/WhatsApp%20Image%202025-08-10%20at%2012.46.05_80835441.avif
23,0.4,36.8769,10.3247,140.0,3.0,2.0,0.5,0.8015,2.0,2562.03,0.2742,3,0,1,0,0,0,0,1,0,0,0,1,0,0,0,0,0,0,520000.0,https://www.mubawab-media.com/ad/8/201/762F/h/IMG_1675_80879033.avif
23,0.0233,36.8,10.1,60.0,3.0,2.0,0.5,0.151,2.0,110184.0,0.3345,4,0,0,0,1,0,0,0,0,0,0,0,0,0,0,0,0,0,120000.0,https://www.mubawab-media.com/ad/8/207/681F/h/photo_00_80937367.avif
23,0.4,36.8769,10.3247,110.0,3.0,2.0,0.5,0.8015,2.0,2562.03,0.3301,4,0,0,0,1,0,0,1,0,0,0,1,0,0,0,0,0,0,350000.0,https://www.mubawab-media.com/ad/8/012/791F/h/thumb_920805_property_large_78992367.avif
20,0.3333,35.8245,10.6346,62.0,2.0,1.0,0.5,0.2902,2.0,150620.48,0.3273,4,0,1,0,1,0,1,1,1,1,1,1,1,0,1,0,0,0,250000.0,https://www.mubawab-media.com/ad/8/207/612F/h/thumb_1152560_property_xlarge_80936687.avif
1,0.3533,36.899,10.2358,142.0,3.0,3.0,0.5,0.4235,2.0,43985.0,0.3164,4,0,0,0,0,0,0,1,1,0,0,0,0,0,0,0,0,0,427600.0,https://www.mubawab-media.com/ad/8/181/853F/h/thumb_1126874_property_xlarge_80681157.avif
1,0.3533,36.899,10.2358,142.0,6.0,2.0,0.5,0.4235,2.0,43985.0,0.3144,4,0,1,0,1,0,0,1,1,1,1,1,0,0,1,0,0,0,475000.0,https://www.mubawab-media.com/ad/8/207/500F/h/1000062033_80935863.avif
20,0.3067,36.8,10.1,100.0,3.0,2.0,0.5,0.3807,2.0,110184.0,0.3565,4,0,1,0,1,0,0,0,0,1,0,0,0,0,1,0,0,0,400000.0,https://www.mubawab-media.com/ad/8/205/297F/h/thumb_1151548_property_xlarge_80913991.avif
20,0.32,36.8,10.1,96.0,3.0,2.0,0.5,0.3244,2.0,110184.0,0.3045,4,0,1,0,1,0,0,0,0,0,1,1,0,0,0,0,0,0,320000.0,https://www.mubawab-media.com/ad/8/207/147F/h/thumb_1147602_property_xlarge_80932166.avif
3,0.2367,36.819,10.2358,115.0,2.0,2.0,0.5,0.517,2.0,43985.0,0.3168,1,0,0,0,0,0,0,0,0,0,0,0,0,0,0,0,0,0,3200000.0,https://www.mubawab-media.com/ad/8/206/901F/h/dep11_80929685.avif
23,0.4,36.8769,10.3247,136.0,4.0,3.0,0.5,0.8015,2.0,2562.03,0.2734,4,0,1,0,1,0,0,1,0,0,0,0,0,0,1,0,0,0,460000.0,https://www.mubawab-media.com/ad/8/182/864F/h/WhatsApp%20Image%202025-07-16%20at%202.46.49%20PM_80691242.avif
17,0.2367,36.8,10.1,67.0,2.0,2.0,0.5,0.1504,2.0,110184.0,0.3176,4,0,0,0,0,0,0,0,0,0,0,0,0,0,0,0,0,0,65000.0,https://www.mubawab-media.com/ad/8/053/850F/h/2b72a20c-dfba-4bd4-8378-277c0673cb21-w1000__79397315.avif
4,0.24,37.2744,9.8739,275.0,3.0,2.0,0.5,0.4278,2.0,61540.22,0.2694,4,0,0,0,1,0,0,0,0,0,0,0,0,0,0,0,0,0,690000.0,https://www.mubawab-media.com/ad/8/206/759F/h/gallery_80928314.avif
3,0.0933,36.7533,10.2283,90.0,4.0,3.0,0.5,0.2965,2.0,114262.5,0.3172,4,0,0,0,1,0,0,0,0,0,0,0,0,0,1,0,0,1,182000.0,https://www.mubawab-media.com/ad/8/206/573F/h/salon_80926431.avif
16,0.32,36.4561,10.7376,190.0,4.0,3.0,0.5,0.4552,2.0,154974.0,0.3176,4,0,0,0,1,0,0,1,0,0,1,1,0,0,0,0,0,0,335000.0,https://www.mubawab-media.com/ad/8/125/390F/h/10_80101351.avif
16,0.32,36.4561,10.7376,190.0,4.0,3.0,0.5,0.4552,2.0,154974.0,0.3168,4,0,0,0,1,0,0,1,0,0,1,1,0,0,0,0,0,0,365000.0,https://www.mubawab-media.com/ad/8/125/398F/h/8_80101373.avif
16,0.32,36.4561,10.7376,127.0,3.0,2.0,0.5,0.4552,2.0,154974.0,0.3176,4,0,0,0,1,0,0,1,0,1,1,0,0,0,0,0,0,0,450000.0,https://www.mubawab-media.com/ad/7/641/150F/h/juju_41517641.avif
16,0.32,36.4561,10.7376,130.0,3.0,2.0,0.5,0.4552,2.0,154974.0,0.3168,4,0,0,0,1,0,0,1,0,0,1,1,0,0,0,0,0,0,490000.0,https://www.mubawab-media.com/ad/8/112/953F/h/3_79973848.avif
16,0.32,36.4561,10.7376,160.0,4.0,3.0,0.5,0.4552,2.0,154974.0,0.3168,4,0,0,0,1,0,0,0,0,0,0,1,0,0,0,0,0,0,490000.0,https://www.mubawab-media.com/ad/8/082/940F/h/4_79681897.avif
16,0.32,36.4561,10.7376,124.0,3.0,2.0,0.5,0.4552,2.0,154974.0,0.3156,4,0,0,1,1,0,0,1,0,1,1,1,0,0,0,0,0,0,450000.0,https://www.mubawab-media.com/ad/8/088/780F/h/2_79739199.avif
16,0.32,36.4561,10.7376,160.0,4.0,3.0,0.5,0.4552,2.0,154974.0,0.3164,4,0,0,0,1,0,0,0,0,0,0,1,0,0,0,0,0,0,490000.0,https://www.mubawab-media.com/ad/8/082/547F/h/6_79678075.avif
20,0.3067,35.8604,10.5953,167.0,4.0,4.0,0.5,0.3642,2.0,150620.48,0.3176,4,0,1,0,1,1,0,1,1,1,1,1,0,0,1,1,0,0,440000.0,https://www.mubawab-media.com/ad/8/199/197F/h/IMG-20250812-WA0021_80853764.avif
20,0.3067,35.8604,10.5953,36.0,1.0,1.0,0.5,0.3642,2.0,150620.48,0.314,4,0,0,0,1,1,0,0,0,1,1,1,0,0,1,1,0,0,190000.0,https://www.mubawab-media.com/ad/8/190/221F/h/thumb_1133985_property_xlarge_80764900.avif
20,0.32,36.8,10.1,56.0,2.0,1.0,0.5,0.3244,2.0,110184.0,0.2782,4,0,1,0,1,0,0,1,0,0,0,0,0,0,1,0,0,0,200000.0,https://www.mubawab-media.com/ad/8/045/883F/h/freepik-export-20241206100041634P_79371492.avif
20,0.3333,35.8245,10.6346,109.0,4.0,3.0,0.5,0.2902,2.0,150620.48,0.3431,4,0,1,0,1,0,1,0,0,0,0,0,0,0,1,0,0,0,600000.0,https://www.mubawab-media.com/ad/8/148/441F/h/thumb_1097548_property_xlarge_80332500.avif
20,0.3333,35.8245,10.6346,146.0,3.0,2.0,0.5,0.2902,2.0,150620.48,0.3431,4,0,1,0,1,0,1,1,0,0,0,0,0,0,0,0,0,0,450000.0,https://www.mubawab-media.com/ad/8/191/491F/h/thumb_1133660_property_xlarge_80777130.avif
1,0.332,36.8665,10.1647,65.0,3.0,1.0,0.5,0.247,2.0,43985.0,0.3313,4,0,1,0,1,0,0,1,0,0,0,0,0,0,1,0,0,0,180000.0,https://www.mubawab-media.com/ad/8/051/770F/h/842d9031-809e-47fd-a77c-27b6b27340c4_79376139.avif
16,0.32,36.4561,10.7376,102.0,3.0,2.0,0.5,0.4552,2.0,154974.0,0.3168,4,0,1,0,1,1,1,0,0,0,0,0,0,0,0,0,0,0,625000.0,https://www.mubawab-media.com/ad/8/030/247F/h/1_79161104.avif
1,0.3533,36.899,10.2358,59.0,1.0,1.0,0.5,0.4235,2.0,43985.0,0.3212,2,0,0,0,0,0,0,1,0,0,0,0,0,0,0,0,0,0,270000.0,https://www.mubawab-media.com/ad/7/868/841F/h/thumb_769401_property_xlarge_68460616.avif
23,0.6867,36.819,10.2358,115.0,3.0,2.0,0.5,0.517,2.0,43985.0,0.3168,4,0,0,0,0,0,0,0,0,0,0,0,0,0,0,0,0,0,635000.0,nan
3,0.14,36.8,10.1,134.0,1.0,3.0,0.5,0.2793,2.0,110184.0,0.279,4,0,0,0,1,0,0,0,0,0,1,1,0,0,0,0,0,0,240000.0,https://www.mubawab-media.com/ad/8/204/768F/h/IMG-20250825-WA0001_80908919.avif
1,0.3533,36.899,10.2358,70.0,2.0,1.0,0.5,0.4235,2.0,43985.0,0.3164,4,0,0,0,1,0,0,1,1,0,0,0,0,0,0,0,0,0,290000.0,https://www.mubawab-media.com/ad/8/168/232F/h/thumb_1116751_property_xlarge_80542063.avif
1,0.3533,36.899,10.2358,125.0,3.0,2.0,0.5,0.4235,2.0,43985.0,0.3176,4,0,1,1,1,0,0,1,1,1,1,1,1,1,1,0,0,0,400000.0,https://www.mubawab-media.com/ad/7/958/337F/h/WhatsApp%20Image%202024-07-15%20%C3%A0%2012.01.25_fcc6dce2_78447858.avif
16,0.13,36.8,10.1,120.0,5.0,2.0,0.5,0.2426,2.0,110184.0,0.2762,4,0,0,0,0,0,0,0,0,1,0,1,0,0,0,1,0,0,170000.0,https://www.mubawab-media.com/ad/8/204/489F/h/WhatsApp%20Image%202025-08-08%20at%2014.48.40_80906154.avif
3,0.04,36.7293,10.3349,190.0,4.0,3.0,0.5,0.2303,2.0,114262.5,0.3148,4,0,1,1,1,0,0,0,1,1,1,0,0,0,0,0,0,0,300000.0,https://www.mubawab-media.com/ad/8/204/263F/h/791729_20250823_073519_80905838.avif
16,0.32,36.4561,10.7376,73.0,1.0,1.0,0.5,0.4552,2.0,154974.0,0.2726,4,0,1,0,1,1,0,1,1,1,1,1,1,0,1,0,0,0,260000.0,https://www.mubawab-media.com/ad/8/067/753F/h/e16f4513-d037-4cae-9848-5f043d731854_80352351.avif
20,0.3067,36.8,10.1,200.0,5.0,2.0,0.5,0.334,2.0,110184.0,0.275,4,0,1,0,1,0,0,0,1,1,1,0,0,0,0,0,0,0,618000.0,https://www.mubawab-media.com/ad/8/190/288F/h/WhatsApp%20Image%202025-07-28%20at%2013.16.31%20%283%29_80765537.avif
16,0.2833,36.4561,10.7376,98.0,3.0,2.0,0.5,0.4454,2.0,154974.0,0.3144,4,0,1,0,1,1,0,0,0,0,0,0,0,0,1,0,0,0,315000.0,https://www.mubawab-media.com/ad/8/204/111F/h/527036195_751067844332520_2618536205604275426_n_80902378.avif
16,0.2833,36.4561,10.7376,64.0,2.0,1.0,0.5,0.4454,2.0,154974.0,0.3442,4,0,1,0,1,1,0,1,0,0,0,0,0,0,0,0,0,0,229000.0,https://www.mubawab-media.com/ad/8/204/102F/h/a001e121-ba97-4834-a067-d5d2772f9b9b_80902299.avif
3,0.14,36.8,10.1,147.0,3.0,4.0,0.5,0.2793,2.0,110184.0,0.3168,4,0,0,0,1,0,0,1,0,1,0,0,0,0,0,0,0,0,350000.0,https://www.mubawab-media.com/ad/8/201/919F/h/thumb_1147532_property_large_80880721.avif
20,0.3333,35.8245,10.6346,80.0,4.0,2.0,0.5,0.2902,2.0,150620.48,0.277,4,0,1,0,1,1,0,1,0,0,0,0,0,0,0,1,0,0,320000.0,https://www.mubawab-media.com/ad/8/203/645F/h/thumb_1056374_property_xlarge_80897885.avif
23,0.4,36.8769,10.3247,87.0,1.0,1.0,0.5,0.8015,2.0,2562.03,0.318,4,0,1,0,1,0,0,1,0,0,0,0,0,0,1,0,0,0,290000.0,https://www.mubawab-media.com/ad/8/032/432F/h/WhatsApp%20Image%202025-05-13%20at%2010.55.22%20AM%20%282%29_80265336.avif
4,0.0733,36.8,10.1,115.0,4.0,3.0,0.5,0.1627,2.0,110184.0,0.3152,4,0,0,0,1,0,0,0,0,0,0,1,0,0,0,0,0,0,230000.0,https://www.mubawab-media.com/ad/8/203/607F/h/thumb_1141734_property_xlarge_80897542.avif
16,0.32,36.4561,10.7376,100.0,3.0,2.0,0.5,0.4552,2.0,154974.0,0.316,4,0,0,1,0,0,0,0,0,0,1,1,0,0,0,0,0,0,369000.0,https://www.mubawab-media.com/ad/8/138/721F/h/9_80236050.avif
16,0.32,36.4561,10.7376,150.0,3.0,2.0,0.5,0.4552,2.0,154974.0,0.3172,4,0,0,1,1,0,1,1,0,0,0,0,0,0,0,0,0,0,600000.0,https://www.mubawab-media.com/ad/8/097/469F/h/5_79821701.avif
16,0.32,36.4561,10.7376,120.0,3.0,2.0,0.5,0.4552,2.0,154974.0,0.3192,4,0,0,0,1,1,0,1,0,0,0,0,0,0,0,1,0,0,486000.0,https://www.mubawab-media.com/ad/8/148/477F/h/5_80332421.avif
16,0.32,36.4561,10.7376,140.0,2.0,2.0,0.5,0.4552,2.0,154974.0,0.3281,4,0,0,0,1,0,0,1,0,0,0,0,0,0,1,0,0,0,280000.0,https://www.mubawab-media.com/ad/8/203/397F/h/1000024342_80895225.avif
16,0.32,36.4561,10.7376,75.0,2.0,1.0,0.5,0.4552,2.0,154974.0,0.3156,4,0,0,0,0,0,0,0,0,0,1,0,0,0,0,0,0,0,420000.0,https://www.mubawab-media.com/ad/8/072/600F/h/8_79580610.avif
1,0.3533,36.899,10.2358,145.0,3.0,2.0,0.5,0.4235,2.0,43985.0,0.3132,4,0,0,0,1,0,0,0,0,1,1,0,0,0,0,1,0,0,480000.0,https://www.mubawab-media.com/ad/8/155/015F/h/thumb_658433_property_large_80407797.avif
23,0.4,36.8769,10.3247,175.0,5.0,3.0,0.5,0.8015,2.0,2562.03,0.3128,4,0,1,0,1,0,0,1,1,1,1,1,0,0,1,0,0,0,980000.0,https://www.mubawab-media.com/ad/8/199/811F/h/thumb_659231_property_large_80859784.avif
20,0.3067,35.8604,10.5953,200.0,4.0,4.0,0.5,0.3642,2.0,150620.48,0.3148,4,0,0,0,1,0,0,0,0,1,1,0,0,0,0,0,0,0,490000.0,https://www.mubawab-media.com/ad/8/018/817F/h/thumb_928650_property_large_79052055.avif
23,0.4,36.8769,10.3247,286.0,4.0,3.0,0.5,0.8015,2.0,2562.03,0.3269,4,0,0,0,1,0,0,1,1,1,1,1,1,1,0,1,0,0,1070000.0,https://www.mubawab-media.com/ad/8/187/321F/h/thumb_1133050_property_xlarge_80736795.avif
17,0.1427,34.7405,10.7603,113.0,3.0,2.0,0.5,0.3081,2.0,130875.5,0.3164,4,0,1,0,1,0,0,1,0,1,0,1,1,0,1,0,0,0,227000.0,https://www.mubawab-media.com/ad/8/191/339F/h/WhatsApp%20Image%202025-08-07%20at%2014.22.19_8a8c7e54_80821995.avif
23,0.32,36.844,10.192,107.0,3.0,3.0,0.5,0.3403,2.0,43985.0,0.3001,4,0,1,0,1,0,0,1,0,0,0,0,0,0,1,0,0,0,360000.0,https://www.mubawab-media.com/ad/8/166/314F/h/photo_00_80523205.avif
1,0.32,36.8665,10.1647,96.0,3.0,2.0,0.5,0.5305,2.0,43985.0,0.275,4,0,0,0,1,0,0,1,0,1,0,0,0,0,1,0,0,0,190000.0,https://www.mubawab-media.com/ad/8/156/112F/h/IMG-20250816-WA0020_80884900.avif
20,0.3067,35.8604,10.5953,73.0,2.0,1.0,0.5,0.3642,2.0,150620.48,0.316,4,0,1,0,1,0,1,1,0,0,0,0,0,0,0,0,0,0,330000.0,https://www.mubawab-media.com/ad/7/921/469F/h/Picture-84406917-4-watermark_79924675.avif
20,0.3067,36.819,10.2358,1200.0,7.0,6.0,0.5,0.517,2.0,43985.0,0.3168,4,0,0,0,1,1,0,0,0,0,0,1,0,0,0,1,0,0,3605000.0,https://www.mubawab-media.com/ad/8/123/030F/h/Picture-85793673-18-watermark_80076833.avif
23,0.3467,36.819,10.1658,200.0,3.0,2.0,0.5,0.3526,2.0,2562.03,0.3148,4,0,0,0,1,0,0,0,0,0,0,0,0,0,0,1,0,0,380000.0,https://www.mubawab-media.com/ad/8/017/368F/h/c85839bb-3918-4ea3-ae06-9bcc9356e674_GF_79037224.avif
16,0.2833,36.4561,10.7376,66.0,1.0,1.0,0.5,0.4454,2.0,154974.0,0.3412,4,0,1,0,1,1,0,1,1,1,1,1,1,1,1,0,0,1,250800.0,https://www.mubawab-media.com/ad/8/089/959F/h/B01.RGB_color.0001-ink_79750312.avif
14,0.0533,36.8,10.1,180.0,3.0,2.0,0.5,0.3307,2.0,110184.0,0.314,1,0,0,0,0,0,0,0,0,0,0,0,0,0,0,0,0,0,475000.0,https://www.mubawab-media.com/ad/8/202/060F/h/WhatsApp%20Image%202025-08-13%20at%2022.29.59_80882029.avif
14,0.0533,36.8,10.1,220.0,4.0,3.0,0.5,0.3307,2.0,110184.0,0.269,4,0,0,1,1,1,0,1,0,1,0,1,0,0,0,1,0,0,850000.0,https://www.mubawab-media.com/ad/8/202/049F/h/WhatsApp%20Image%202025-08-14%20at%2010.52.30%20%282%29_80881937.avif
23,0.4,36.8769,10.3247,100.0,3.0,2.0,0.5,0.8015,2.0,2562.03,0.2916,4,0,0,0,0,0,0,1,0,0,0,1,0,0,0,0,0,0,740000.0,https://www.mubawab-media.com/ad/8/139/660F/h/thumb_1087390_property_xlarge_80246007.avif
23,0.4,36.8769,10.3247,76.0,3.0,2.0,0.5,0.8015,2.0,2562.03,0.3254,4,0,1,0,0,1,0,1,0,0,0,0,0,0,0,0,0,0,520000.0,https://www.mubawab-media.com/ad/8/201/774F/h/20509-1_80879173.avif
16,0.2833,36.4561,10.7376,132.0,3.0,2.0,0.5,0.4454,2.0,154974.0,0.2806,4,0,1,0,1,0,0,0,0,0,0,0,0,0,0,0,0,1,385000.0,https://www.mubawab-media.com/ad/8/167/232F/h/DFIDRfJStqbCdsV9-thumb_80532324.avif
16,0.13,36.8,10.1,130.0,5.0,2.0,0.5,0.2426,2.0,110184.0,0.32,4,0,0,0,0,0,0,0,0,1,0,1,0,0,0,0,0,0,200000.0,https://www.mubawab-media.com/ad/8/201/700F/h/WhatsApp%20Image%202025-07-12%20at%2011.29.07%20%281%29_80878251.avif
23,0.4,36.8769,10.3247,170.0,3.0,3.0,0.5,0.8015,2.0,2562.03,0.3152,4,0,0,0,1,0,0,1,0,1,1,0,0,0,0,0,0,0,515000.0,https://www.mubawab-media.com/ad/8/201/663F/h/thumb_1147922_property_large_80877809.avif
20,0.3067,36.8,10.1,161.0,3.0,3.0,0.5,0.3807,2.0,110184.0,0.2774,4,0,1,0,1,0,0,1,0,0,0,0,0,0,1,0,0,0,595000.0,https://www.mubawab-media.com/ad/8/201/592F/h/20250815_123133_80877215.avif
20,0.3067,35.8604,10.5953,167.0,3.0,3.0,0.5,0.3642,2.0,150620.48,0.2758,4,0,0,0,1,0,1,1,0,0,0,0,0,0,0,1,0,0,460000.0,https://www.mubawab-media.com/ad/8/178/680F/h/IMG-20250707-WA0001_80649713.avif
23,0.4,36.8769,10.3247,180.0,5.0,3.0,0.5,0.8015,2.0,2562.03,0.2754,4,0,1,0,1,0,0,1,0,0,0,0,0,0,0,0,0,0,650000.0,https://www.mubawab-media.com/ad/8/201/315F/h/thumb_1147632_property_large_80874438.avif
23,0.35,36.77,10.23,110.0,1.0,2.0,0.5,0.2779,2.0,2562.03,0.3827,1,0,1,0,1,0,0,1,0,1,0,0,0,0,0,0,0,0,422000.0,https://www.mubawab-media.com/ad/8/201/158F/h/2_80872682.avif
23,0.0233,36.8,10.1,140.0,4.0,3.0,0.5,0.151,2.0,110184.0,0.3144,4,0,0,0,1,0,0,0,1,0,0,1,0,0,1,0,0,0,220000.0,https://www.mubawab-media.com/ad/7/994/374F/h/6cff20e5-edce-4ea0-a4ff-acfa35ce7ccf_78801353.avif
1,0.332,36.8665,10.1647,54.0,1.0,1.0,0.5,0.247,2.0,43985.0,0.2754,4,0,1,0,0,0,0,0,0,0,1,0,0,0,0,0,0,0,150000.0,https://www.mubawab-media.com/ad/8/195/200F/h/thumb_1141278_property_large_80815990.avif
23,0.4,36.8769,10.3247,174.0,4.0,3.0,0.5,0.8015,2.0,2562.03,0.3396,4,0,1,0,1,0,0,1,1,1,1,1,1,1,1,0,0,0,730000.0,https://www.mubawab-media.com/ad/8/198/989F/h/1000177149_80868506.avif
16,0.2833,36.4561,10.7376,178.0,7.0,4.0,0.5,0.4454,2.0,154974.0,0.3301,4,0,1,1,1,1,1,1,1,1,1,1,1,1,1,0,0,1,620000.0,https://www.mubawab-media.com/ad/8/007/509F/h/458308591_1310124193296846_454570334343256896_n-ink_78937557.avif
1,0.32,36.8665,10.1647,155.0,3.0,4.0,0.5,0.5305,2.0,43985.0,0.3164,4,0,1,0,0,0,0,1,0,0,0,1,0,0,0,0,0,0,530000.0,https://www.mubawab-media.com/ad/8/006/537F/h/GEB1_78928036.avif
23,0.1867,36.8094,10.1414,630.0,3.0,14.0,0.5,0.3144,2.0,2562.03,0.318,1,0,0,0,0,0,0,0,0,0,0,0,0,0,0,0,0,0,1650000.0,https://www.mubawab-media.com/ad/8/188/894F/h/photo_0_80751927.avif
3,0.2,36.7533,10.2283,60.0,2.0,2.0,0.5,0.1826,2.0,114262.5,0.2694,4,0,1,0,0,0,0,1,1,1,1,0,0,0,1,0,0,1,130000.0,https://www.mubawab-media.com/ad/8/086/704F/h/1000015796_79719337.avif
23,0.6867,36.819,10.1658,150.0,4.0,3.0,0.5,0.5524,2.0,2562.03,0.365,4,0,0,0,1,0,0,1,1,1,1,1,1,1,0,0,0,0,795000.0,https://www.mubawab-media.com/ad/8/200/345F/h/thumb_1146999_property_large_80864875.avif
23,0.6867,36.819,10.1658,150.0,2.0,4.0,0.5,0.5524,2.0,2562.03,0.3543,4,0,0,0,0,0,0,1,0,0,0,1,0,0,0,1,0,0,920000.0,https://www.mubawab-media.com/ad/8/200/331F/h/thumb_1146987_property_large_80864793.avif
23,0.4,36.8769,10.3247,158.0,3.0,3.0,0.5,0.8015,2.0,2562.03,0.3388,4,0,0,0,1,0,0,1,1,0,0,1,0,0,0,0,0,0,800000.0,https://www.mubawab-media.com/ad/8/184/027F/h/thumb_1130029_property_xlarge_80703178.avif
3,0.0933,36.7533,10.2283,138.0,5.0,3.0,0.5,0.2965,2.0,114262.5,0.3085,4,0,0,0,1,0,0,1,0,0,1,0,0,0,0,0,0,0,410000.0,https://www.mubawab-media.com/ad/8/150/147F/h/L_8ce1a633-33a4-4ad9-b0aa-33c3ffdcb540_80348748.avif
1,0.32,36.8665,10.1647,50.0,2.0,2.0,0.5,0.5305,2.0,43985.0,0.2794,4,0,1,0,1,0,0,1,0,0,0,0,0,0,1,0,0,0,285000.0,https://www.mubawab-media.com/ad/8/199/866F/h/20170313_103647_80860318.avif
1,0.32,36.8665,10.1647,190.0,6.0,4.0,0.5,0.5305,2.0,43985.0,0.3132,4,0,0,0,1,0,0,1,1,1,1,0,1,0,1,0,0,1,600000.0,https://www.mubawab-media.com/ad/8/199/676F/h/IMG-20250805-WA0099_80858736.avif
23,0.6867,36.819,10.2358,115.0,3.0,2.0,0.5,0.517,2.0,43985.0,0.3168,4,0,0,0,0,0,0,0,0,0,0,0,0,0,0,0,0,0,419000.0,nan
23,0.32,36.844,10.192,400.0,5.0,4.0,0.5,0.3403,2.0,43985.0,0.3163,1,0,0,0,1,0,0,1,0,0,1,0,0,0,0,0,0,0,800000.0,https://www.mubawab-media.com/ad/8/046/045F/h/a%20vendre%20logo_79317376.avif
15,0.2633,35.7643,10.8113,75.0,3.0,2.0,0.5,0.3655,2.0,134734.0,0.2722,4,0,0,0,1,0,0,0,0,0,0,0,0,0,0,0,0,0,105000.0,https://www.mubawab-media.com/ad/8/199/315F/h/IMG-20250814-WA0009_80854816.avif
16,0.2833,36.4561,10.7376,100.0,2.0,1.0,0.5,0.4454,2.0,154974.0,0.3281,4,0,1,0,1,1,0,1,1,1,1,1,1,1,1,1,0,1,317600.0,https://www.mubawab-media.com/ad/7/872/033F/h/AR2_page-0001-ink_80344978.avif
20,0.3067,35.8604,10.5953,117.0,2.0,2.0,0.5,0.3642,2.0,150620.48,0.318,4,0,1,0,1,0,0,0,0,1,0,0,0,0,1,0,0,0,320000.0,https://www.mubawab-media.com/ad/8/189/755F/h/20250728_132458_80760502.avif
23,0.4,36.8769,10.3247,97.0,2.0,2.0,0.5,0.8015,2.0,2562.03,0.2879,4,0,0,0,0,0,0,1,0,0,0,0,0,0,0,1,0,0,365000.0,https://www.mubawab-media.com/ad/8/197/568F/h/1_80838192.avif
23,0.4,36.8769,10.3247,130.0,3.0,3.0,0.5,0.8015,2.0,2562.03,0.2742,4,0,0,0,1,0,0,0,0,0,0,0,0,0,1,0,0,0,920000.0,https://www.mubawab-media.com/ad/8/163/942F/h/IMG-20250526-WA0008_80499580.avif
20,0.2367,36.8,10.1,120.0,4.0,3.0,0.5,0.1695,2.0,110184.0,0.3172,4,0,0,1,1,0,1,0,0,1,0,0,0,0,0,0,0,0,216000.0,https://www.mubawab-media.com/ad/8/198/944F/h/balcon_80851614.avif
20,0.26,35.8245,10.6346,70.0,3.0,2.0,0.5,0.517,2.0,150620.48,0.2782,4,0,0,0,0,0,0,1,0,1,0,0,0,0,0,0,0,0,85000.0,https://www.mubawab-media.com/ad/7/890/414F/h/Picture-83246136-1-watermark_80233490.avif
1,0.332,36.8665,10.1647,220.0,3.0,3.0,0.5,0.247,2.0,43985.0,0.3128,4,0,1,0,1,0,0,1,0,0,0,0,0,0,0,1,0,0,500000.0,https://www.mubawab-media.com/ad/8/198/682F/h/IMG-20250811-WA0069_80849011.avif
15,0.2633,35.7643,10.8113,75.0,3.0,2.0,0.5,0.3655,2.0,134734.0,0.2722,4,0,0,0,1,0,0,0,0,0,0,0,0,0,0,0,0,0,87000.0,https://www.mubawab-media.com/ad/8/194/348F/h/IMG-20250813-WA0019_80848594.avif
23,0.32,36.844,10.192,90.0,3.0,2.0,0.5,0.3403,2.0,43985.0,0.2694,4,0,1,0,1,0,0,0,0,0,1,0,0,0,0,0,0,0,275000.0,https://www.mubawab-media.com/ad/8/198/517F/h/gallery_80847261.avif
1,0.332,36.8665,10.1647,162.0,1.0,3.0,0.5,0.247,2.0,43985.0,0.3605,4,0,1,0,1,0,0,0,0,0,0,0,0,0,0,0,0,0,498000.0,https://www.mubawab-media.com/ad/8/198/417F/h/WhatsApp%20Image%202025-08-09%20%C3%A0%2018_LE_upscale_balanced_x4%284%29_80846301.avif
23,0.32,36.844,10.192,132.0,4.0,3.0,0.5,0.3403,2.0,43985.0,0.3172,4,0,0,0,1,0,0,0,0,0,0,0,0,0,1,0,0,0,340000.0,https://www.mubawab-media.com/ad/8/198/398F/h/1000018893_80846145.avif
23,0.6867,36.819,10.1658,85.0,2.0,2.0,0.5,0.5524,2.0,2562.03,0.3238,4,0,1,0,0,0,0,1,0,0,0,0,0,0,1,1,0,0,470000.0,https://www.mubawab-media.com/ad/8/198/362F/h/thumb_1144329_property_large_80845805.avif
23,0.4,36.8769,10.3247,111.0,3.0,2.0,0.5,0.8015,2.0,2562.03,0.3208,4,0,0,0,1,0,0,1,0,0,0,0,0,0,0,0,0,0,477000.0,https://www.mubawab-media.com/ad/7/548/802F/h/thumb_951912_property_xlarge_80162606.avif
20,0.3067,36.8,10.1,107.0,2.0,2.0,0.5,0.3807,2.0,110184.0,0.2746,4,0,0,0,0,0,0,1,1,1,1,0,0,0,0,0,0,0,370000.0,https://www.mubawab-media.com/ad/8/189/798F/h/Screenshot_20250727_133140_Gallery_80760950.avif
20,0.3067,35.8604,10.5953,180.0,3.0,3.0,0.5,0.3642,2.0,150620.48,0.2734,4,0,1,0,1,0,1,1,0,0,0,0,0,0,0,0,0,0,750000.0,https://www.mubawab-media.com/ad/8/192/097F/h/20250731_125115_80783280.avif
3,0.1133,36.7533,10.2283,91.0,1.0,2.0,0.5,0.4302,2.0,114262.5,0.271,4,0,1,0,1,0,0,1,1,1,1,1,0,0,1,0,0,0,220000.0,https://www.mubawab-media.com/ad/8/198/076F/h/b19c865d-d3da-4da4-aab8-dd1bc98db7ba_80843000.avif
23,0.1733,36.819,10.1658,125.0,2.0,2.0,0.5,0.6863,2.0,2562.03,0.3305,4,0,1,0,1,0,0,1,0,1,1,1,0,0,1,0,0,0,625000.0,https://www.mubawab-media.com/ad/8/198/039F/h/1000219790_80842708.avif
23,0.4,36.8769,10.3247,147.0,3.0,2.0,0.5,0.8015,2.0,2562.03,0.2722,4,0,0,0,1,0,0,1,1,0,0,0,0,0,0,0,0,0,690000.0,https://www.mubawab-media.com/ad/8/092/342F/h/thumb_1013343_property_xlarge_79772324.avif
23,0.1733,36.819,10.1658,307.0,9.0,9.0,0.5,0.6863,2.0,2562.03,0.3172,4,0,1,0,1,0,0,0,1,0,0,0,1,0,1,0,0,0,570000.0,https://www.mubawab-media.com/ad/8/196/092F/h/IMG20250709135726_80840983.avif
23,0.4,36.8769,10.3247,170.0,2.0,2.0,0.5,0.8015,2.0,2562.03,0.3128,4,0,1,0,1,0,0,1,1,1,1,1,1,1,1,1,0,0,690000.0,https://www.mubawab-media.com/ad/8/197/669F/h/thumb_1142396_property_large_80839228.avif
15,0.2633,35.7643,10.8113,46.0,2.0,1.0,0.5,0.3655,2.0,134734.0,0.2722,4,0,0,0,0,0,0,0,1,0,0,0,0,0,0,0,0,0,83000.0,https://www.mubawab-media.com/ad/8/197/635F/h/IMG-20250809-WA0038_80838847.avif
15,0.2633,35.7643,10.8113,71.0,3.0,2.0,0.5,0.3655,2.0,134734.0,0.2722,4,0,0,0,1,0,0,0,0,0,0,0,0,0,0,0,0,0,110500.0,https://www.mubawab-media.com/ad/8/197/614F/h/IMG-20250809-WA0033_80838665.avif
16,0.32,36.4561,10.7376,80.0,6.0,2.0,0.5,0.4552,2.0,154974.0,0.32,4,0,0,0,0,0,0,1,0,0,0,0,0,0,1,1,0,0,190000.0,https://www.mubawab-media.com/ad/8/196/989F/h/1_80832748.avif
23,0.6867,36.819,10.1658,70.0,2.0,1.0,0.5,0.5524,2.0,2562.03,0.339,4,0,1,0,1,0,0,1,1,1,1,1,1,1,1,0,0,0,420000.0,https://www.mubawab-media.com/ad/8/040/938F/h/qt1zRmphqAgtmuiU_79267303.avif
23,0.6867,36.819,10.2358,115.0,3.0,2.0,0.5,0.517,2.0,43985.0,0.3168,4,0,0,0,0,0,0,0,0,0,0,0,0,0,0,0,0,0,635000.0,nan
23,0.1733,36.819,10.1658,55.0,1.0,1.0,0.5,0.6863,2.0,2562.03,0.3164,4,0,1,0,0,0,0,0,1,0,1,1,0,0,1,0,0,0,195000.0,https://www.mubawab-media.com/ad/8/196/805F/h/1000150994_80830947.avif
23,0.6867,36.819,10.1658,211.0,3.0,5.0,0.5,0.5524,2.0,2562.03,0.3184,4,0,0,0,0,0,0,0,0,0,0,0,0,0,0,0,0,0,700000.0,https://www.mubawab-media.com/ad/8/196/809F/h/photo_00_80830980.avif
23,0.4,36.8769,10.3247,55.0,2.0,1.0,0.5,0.8015,2.0,2562.03,0.3136,4,0,1,0,1,0,0,1,1,1,1,1,1,1,1,0,0,0,385000.0,https://www.mubawab-media.com/ad/7/911/157F/h/a6475f10-f09d-42c0-95d2-2bf6b2864180_74852113.avif
15,0.2367,35.7643,10.8113,100.0,1.0,2.0,0.5,0.1508,2.0,134734.0,0.2786,3,0,0,1,1,0,0,0,1,0,0,0,1,0,1,0,0,0,169000.0,https://www.mubawab-media.com/ad/8/196/441F/h/Screenshot_2025-04-04-14-47-40-44_99c04817c0de5652397fc8b56c3b3817_80827753.avif
1,0.32,36.8665,10.1647,60.0,1.0,1.0,0.5,0.5305,2.0,43985.0,0.2746,4,0,0,1,1,0,0,0,0,0,1,1,0,0,0,0,0,0,230000.0,https://www.mubawab-media.com/ad/8/195/043F/h/thumb_1140949_property_large_80814337.avif
1,0.3533,36.899,10.2358,183.0,4.0,3.0,0.5,0.4235,2.0,43985.0,0.2782,4,0,1,0,0,0,0,1,0,1,1,1,0,0,0,0,0,0,495000.0,https://www.mubawab-media.com/ad/7/942/822F/h/WhatsApp%20Image%202024-06-26%20%C3%A0%2013.19.45_db55bbec_77540022.avif
1,0.32,36.8665,10.1647,166.0,3.0,3.0,0.5,0.5305,2.0,43985.0,0.2798,4,0,0,0,1,0,0,1,0,1,0,0,0,0,1,0,0,0,470000.0,https://www.mubawab-media.com/ad/8/146/160F/h/thumb_1094962_property_large_80309523.avif
1,0.3533,36.899,10.2358,238.0,4.0,3.0,0.5,0.4235,2.0,43985.0,0.3376,4,0,0,0,1,1,0,1,0,0,0,0,0,0,0,1,0,0,1000000.0,https://www.mubawab-media.com/ad/8/177/697F/h/image_1_80639629.avif
16,0.2833,36.4561,10.7376,379.0,15.0,12.0,0.5,0.4454,2.0,154974.0,0.3836,4,0,0,1,1,1,0,1,0,0,0,0,0,0,0,0,0,0,1200000.0,https://www.mubawab-media.com/ad/8/194/868F/h/20200509_105032%280%29_80812892.avif
4,0.0733,36.8,10.1,85.0,2.0,2.0,0.5,0.1627,2.0,110184.0,0.2802,4,0,0,0,0,0,0,0,0,0,0,1,0,0,0,0,0,0,125000.0,https://www.mubawab-media.com/ad/8/183/091F/h/IMG_0632_80693723.avif
23,0.32,36.844,10.192,265.0,3.0,2.0,0.5,0.3403,2.0,43985.0,0.271,4,0,0,0,1,0,0,1,0,1,1,0,0,0,0,0,0,0,480000.0,https://www.mubawab-media.com/ad/8/080/695F/h/gallery_79660864.avif
23,0.6867,36.819,10.1658,115.0,6.0,5.0,0.5,0.5524,2.0,2562.03,0.3768,4,0,1,0,1,0,0,1,0,0,0,0,0,0,1,0,0,0,1600000.0,https://www.mubawab-media.com/ad/8/195/906F/h/803c968d-c50f-417a-af7c-9b4d29fa2300_80822797.avif
23,0.092,36.8,10.1,90.0,4.0,2.0,0.5,0.3155,2.0,110184.0,0.3128,4,0,1,0,1,0,0,1,0,0,0,0,0,0,1,0,0,0,180000.0,https://www.mubawab-media.com/ad/8/195/832F/h/72382_20240723_113308_80822114.avif
1,0.3533,36.899,10.2358,124.0,3.0,2.0,0.5,0.4235,2.0,43985.0,0.3128,4,0,1,0,1,0,0,1,0,0,0,0,0,0,1,0,0,0,395000.0,https://www.mubawab-media.com/ad/8/147/530F/h/thumb_1096626_property_large_80323339.avif
20,0.284,36.8,10.1,109.0,3.0,2.0,0.5,0.3272,2.0,110184.0,0.2806,4,0,1,0,0,0,0,0,1,0,0,0,1,0,0,0,0,0,473800.0,https://www.mubawab-media.com/ad/8/163/604F/h/Picture-86018196-2-watermark_80496154.avif
23,0.4,36.8769,10.3247,225.0,4.0,4.0,0.5,0.8015,2.0,2562.03,0.273,4,0,1,0,1,0,0,1,0,1,0,0,0,0,0,0,0,0,1300000.0,https://www.mubawab-media.com/ad/8/195/754F/h/thumb_1141656_property_large_80821330.avif
15,0.2633,35.7643,10.8113,80.0,3.0,2.0,0.5,0.3655,2.0,134734.0,0.2746,4,0,0,1,1,0,0,1,0,1,0,0,0,0,0,0,0,0,136000.0,https://www.mubawab-media.com/ad/8/195/653F/h/IMG-20250807-WA0002_80820349.avif
16,0.32,36.4561,10.7376,192.0,3.0,2.0,0.5,0.4552,2.0,154974.0,0.3337,4,0,0,1,1,0,0,1,1,1,1,1,0,1,0,1,0,0,540000.0,https://www.mubawab-media.com/ad/8/100/160F/h/496327314_3015307478677320_8012870198891228569_n_80902226.avif
23,0.4,36.8769,10.3247,67.0,1.0,1.0,0.5,0.8015,2.0,2562.03,0.2742,4,0,1,0,0,0,0,0,0,0,1,0,0,0,0,0,0,0,175000.0,https://www.mubawab-media.com/ad/8/195/601F/h/thumb_1141514_property_large_80819864.avif
23,0.4,36.8769,10.3247,170.0,4.0,3.0,0.5,0.8015,2.0,2562.03,0.367,4,0,1,1,1,1,0,1,1,1,1,1,1,1,1,1,0,0,1126000.0,https://www.mubawab-media.com/ad/7/940/495F/h/14_77403576.avif
20,0.3067,36.8,10.1,120.0,2.0,2.0,0.5,0.3807,2.0,110184.0,0.318,4,0,1,0,1,0,1,1,0,1,1,0,0,0,0,0,0,0,180000.0,https://www.mubawab-media.com/ad/8/177/121F/h/Screenshot_20250709_152644_Gallery_80633152.avif
20,0.3067,36.8,10.1,103.0,3.0,3.0,0.5,0.3807,2.0,110184.0,0.3172,4,0,1,0,1,0,0,1,0,1,0,0,0,0,0,0,0,0,310000.0,https://www.mubawab-media.com/ad/8/152/436F/h/IMG-20250424-WA0032_80372548.avif
1,0.3533,36.899,10.2358,162.0,3.0,3.0,0.5,0.4235,2.0,43985.0,0.3132,4,0,0,0,1,0,0,1,0,1,0,0,0,0,0,0,0,0,490000.0,https://www.mubawab-media.com/ad/8/195/120F/h/thumb_1140931_property_large_80815129.avif
23,0.6867,36.819,10.1658,80.0,2.0,2.0,0.5,0.5524,2.0,2562.03,0.275,4,0,0,0,1,0,1,0,0,0,1,0,0,0,0,0,0,0,220000.0,https://www.mubawab-media.com/ad/8/195/082F/h/thumb_1141045_property_large_80814617.avif
1,0.32,36.8665,10.1647,71.0,2.0,2.0,0.5,0.5305,2.0,43985.0,0.3112,4,0,1,0,1,0,0,1,0,0,0,0,0,0,0,0,0,0,210000.0,https://www.mubawab-media.com/ad/8/191/089F/h/f3012dbe-f369-4146-9e7d-7c96fd36a2aa_80772860.avif
23,0.4,36.8769,10.3247,110.0,3.0,2.0,0.5,0.8015,2.0,2562.03,0.2867,3,0,0,0,0,0,0,0,0,0,0,0,0,0,0,0,0,0,600000.0,https://www.mubawab-media.com/ad/8/195/001F/h/1683b24c-813a-49dd-9a15-d5e6e3fd0520_80813909.avif
1,0.32,36.8665,10.1647,50.0,2.0,1.0,0.5,0.5305,2.0,43985.0,0.2746,4,0,1,0,1,0,0,1,0,1,0,0,0,0,0,0,0,0,220000.0,https://www.mubawab-media.com/ad/8/180/449F/h/thumb_1126412_property_large_80666839.avif
1,0.32,36.8665,10.1647,180.0,3.0,4.0,0.5,0.5305,2.0,43985.0,0.3204,4,0,0,0,0,0,0,0,0,0,0,0,0,0,0,0,0,0,550000.0,https://www.mubawab-media.com/ad/8/194/862F/h/photo_00_80812822.avif
1,0.332,36.819,10.2358,115.0,3.0,2.0,0.5,0.517,2.0,43985.0,0.3168,4,0,0,0,0,0,0,0,0,0,0,0,0,0,0,0,0,0,369000.0,nan
1,0.32,36.8665,10.1647,46.0,3.0,1.0,0.5,0.5305,2.0,43985.0,0.3236,4,0,1,0,0,0,0,0,1,1,1,1,1,1,1,0,0,0,185000.0,https://www.mubawab-media.com/ad/8/194/827F/h/photo_00_80812501.avif
23,0.092,36.8,10.1,90.0,3.0,2.0,0.5,0.3155,2.0,110184.0,0.3144,4,0,0,0,1,0,0,1,1,0,0,0,0,0,1,1,0,0,149000.0,https://www.mubawab-media.com/ad/8/194/761F/h/1000022007_80811771.avif
23,0.4,36.8769,10.3247,115.0,3.0,2.0,0.5,0.8015,2.0,2562.03,0.3366,4,0,1,0,1,0,1,1,1,1,1,1,1,1,1,0,0,0,630000.0,https://www.mubawab-media.com/ad/8/183/420F/h/ad36d0df-d66b-4942-a173-efc0cbb76b53_80697130.avif
23,0.6867,36.819,10.1658,176.0,4.0,3.0,0.5,0.5524,2.0,2562.03,0.3245,4,0,1,0,1,0,0,1,1,1,1,1,1,1,1,1,0,0,850000.0,https://www.mubawab-media.com/ad/7/877/319F/h/WhatsApp%20Image%202025-07-02%20at%2011.42.40%20%283%29_80592121.avif
3,0.14,36.8,10.1,105.0,3.0,3.0,0.5,0.2793,2.0,110184.0,0.3168,4,0,1,0,0,0,0,1,0,0,0,0,0,0,0,0,0,0,175000.0,https://www.mubawab-media.com/ad/8/193/955F/h/thumb_1028270_property_large_80803691.avif
1,0.32,36.8665,10.1647,129.0,2.0,2.0,0.5,0.5305,2.0,43985.0,0.3195,4,0,1,0,0,0,0,0,0,0,1,0,0,0,0,0,0,0,330000.0,https://www.mubawab-media.com/ad/8/070/516F/h/thumb_975510_property_large_79560775.avif
23,0.4,36.8769,10.3247,64.0,3.0,1.0,0.5,0.8015,2.0,2562.03,0.3236,4,0,1,0,1,0,0,1,0,0,0,0,0,0,0,1,0,0,254000.0,https://www.mubawab-media.com/ad/8/193/910F/h/photo_00_80803371.avif
23,0.3467,36.819,10.1658,100.0,3.0,2.0,0.5,0.3526,2.0,2562.03,0.3306,1,0,0,0,0,0,1,0,0,0,0,0,0,0,0,0,0,0,999999.0,https://www.mubawab-media.com/ad/8/193/853F/h/salon_80802750.avif
23,0.1733,36.819,10.1658,60.0,2.0,2.0,0.5,0.6863,2.0,2562.03,0.271,1,0,0,0,0,0,0,0,0,0,0,0,0,0,0,0,0,0,135000.0,https://www.mubawab-media.com/ad/8/193/784F/h/images%20dar_80802255.avif
23,0.4,36.8769,10.3247,115.0,4.0,3.0,0.5,0.8015,2.0,2562.03,0.3396,4,0,1,0,1,0,0,0,0,0,0,0,0,0,0,1,0,0,1000000.0,https://www.mubawab-media.com/ad/8/193/757F/h/b31a6bb5-87b0-47c7-8611-d8586af53e40_80802010.avif
23,0.6867,36.819,10.1658,137.0,1.0,1.0,0.5,0.5524,2.0,2562.03,0.2718,4,0,0,0,1,1,0,1,0,1,0,0,0,0,0,0,0,0,670000.0,https://www.mubawab-media.com/ad/8/193/704F/h/thumb_1138129_property_large_80801489.avif
23,0.4,36.8769,10.3247,115.0,2.0,1.0,0.5,0.8015,2.0,2562.03,0.3326,4,0,1,0,1,0,0,1,0,0,0,0,0,0,1,0,0,0,451000.0,https://www.mubawab-media.com/ad/8/164/915F/h/5b745de6-cb1d-4505-b055-4dad2897817a_80510051.avif
23,0.4,36.8769,10.3247,115.0,3.0,2.0,0.5,0.8015,2.0,2562.03,0.3286,4,0,1,0,1,0,0,1,0,0,0,0,0,0,1,0,0,0,400000.0,https://www.mubawab-media.com/ad/8/192/215F/h/bfded185-aab9-418a-b349-3779b86a6415_80785277.avif
20,0.3067,36.8,10.1,177.0,3.0,3.0,0.5,0.3807,2.0,110184.0,0.2774,4,0,1,0,1,0,0,1,0,0,0,0,0,0,1,0,0,0,595000.0,https://www.mubawab-media.com/ad/8/182/872F/h/IMG-20250717-WA0029_80691339.avif
23,0.6867,36.819,10.1658,91.0,3.0,2.0,0.5,0.5524,2.0,2562.03,0.2907,3,0,1,0,1,0,0,1,0,0,0,0,0,0,1,0,0,0,435000.0,https://www.mubawab-media.com/ad/8/126/541F/h/IMG-20250414-WA0010_80113305.avif
1,0.3533,36.899,10.2358,245.0,3.0,3.0,0.5,0.4235,2.0,43985.0,0.3074,4,0,1,0,1,0,0,1,0,0,0,0,0,0,0,1,0,0,599000.0,https://www.mubawab-media.com/ad/8/100/936F/h/thumb_1026315_property_large_79854694.avif
1,0.3533,36.899,10.2358,155.0,4.0,4.0,0.5,0.4235,2.0,43985.0,0.2754,4,0,0,0,1,0,0,0,0,0,1,0,0,0,0,0,0,0,330000.0,https://www.mubawab-media.com/ad/8/192/737F/h/thumb_1126502_property_large_80790362.avif
23,0.4,36.8769,10.3247,85.0,2.0,2.0,0.5,0.8015,2.0,2562.03,0.2758,4,0,0,0,0,0,0,1,0,0,1,1,0,0,0,0,0,0,240000.0,https://www.mubawab-media.com/ad/8/177/098F/h/thumb_1124163_property_large_80632907.avif
16,0.13,36.8,10.1,100.0,2.0,1.0,0.5,0.2426,2.0,110184.0,0.2762,4,0,0,1,1,0,1,0,0,0,0,0,0,0,0,1,0,0,230000.0,https://www.mubawab-media.com/ad/7/813/786F/h/WhatsApp%20Image%202023-11-15%20%C3%A0%2017.17.43_8fe7b948_60781413.avif
16,0.32,36.4561,10.7376,101.0,4.0,3.0,0.5,0.4552,2.0,154974.0,0.3164,4,0,1,1,1,0,0,0,1,1,1,1,0,0,0,0,0,0,560000.0,https://www.mubawab-media.com/ad/8/081/075F/h/1_79664566.avif
23,0.4,36.8769,10.3247,120.0,2.0,2.0,0.5,0.8015,2.0,2562.03,0.3132,4,0,1,0,1,0,0,0,1,1,0,1,1,0,1,1,0,0,545000.0,https://www.mubawab-media.com/ad/8/133/351F/h/thumb_1079316_property_large_80181910.avif
1,0.332,36.8665,10.1647,200.0,5.0,4.0,0.5,0.247,2.0,43985.0,0.2786,1,0,0,0,0,0,0,1,0,0,0,0,0,0,0,1,0,0,180000.0,https://www.mubawab-media.com/ad/8/192/399F/h/WhatsApp%20Image%202025-07-10%20at%202.51.16%20PM_80787263.avif
23,0.4,36.8769,10.3247,74.0,3.0,2.0,0.5,0.8015,2.0,2562.03,0.3433,4,0,0,0,1,0,0,0,0,0,0,0,0,0,0,0,0,0,255000.0,https://www.mubawab-media.com/ad/8/192/376F/h/1000013084_80786879.avif
23,0.4,36.8769,10.3247,136.0,3.0,3.0,0.5,0.8015,2.0,2562.03,0.3549,4,0,0,0,1,0,0,1,0,0,1,1,0,0,0,0,0,0,465000.0,https://www.mubawab-media.com/ad/8/192/303F/h/thumb_1115728_property_large_80786209.avif
23,0.3067,36.8,10.1,80.0,1.0,1.0,0.5,0.3453,2.0,110184.0,0.2734,4,0,0,0,1,0,0,1,0,1,1,0,0,0,0,0,0,0,270000.0,https://www.mubawab-media.com/ad/8/192/301F/h/thumb_1115966_property_large_80786183.avif
1,0.332,36.8665,10.1647,100.0,2.0,2.0,0.5,0.247,2.0,43985.0,0.2738,4,0,1,0,1,0,0,1,0,0,1,0,0,0,0,0,0,0,208000.0,https://www.mubawab-media.com/ad/8/192/288F/h/thumb_1126455_property_large_80786062.avif
1,0.3533,36.899,10.2358,166.0,3.0,3.0,0.5,0.4235,2.0,43985.0,0.2762,4,0,0,0,1,0,0,1,0,0,1,1,0,0,0,0,0,0,360000.0,https://www.mubawab-media.com/ad/8/192/285F/h/thumb_1126521_property_large_80786027.avif
1,0.332,36.8665,10.1647,91.0,2.0,2.0,0.5,0.247,2.0,43985.0,0.2758,4,0,1,0,1,0,1,1,0,0,0,0,0,0,0,0,0,0,185000.0,https://www.mubawab-media.com/ad/8/144/165F/h/thumb_1093054_property_large_80290108.avif
23,0.1867,36.8094,10.1414,100.0,4.0,3.0,0.5,0.3144,2.0,2562.03,0.2726,4,0,0,0,0,0,0,0,0,0,0,0,0,0,0,0,0,0,260000.0,https://www.mubawab-media.com/ad/8/192/148F/h/473198876_1815947645899811_453074145911458249_n_80784508.avif
1,0.3533,36.899,10.2358,78.0,2.0,1.0,0.5,0.4235,2.0,43985.0,0.3577,4,0,1,0,0,1,0,1,1,1,1,1,1,1,1,1,0,0,381000.0,https://www.mubawab-media.com/ad/7/857/435F/h/thumb_754836_property_xlarge_77848416.avif
20,0.1333,36.8,10.1,70.0,1.0,1.0,0.5,0.2413,2.0,110184.0,0.2762,4,0,0,0,1,1,1,1,1,1,1,1,0,0,0,1,0,0,350000.0,https://www.mubawab-media.com/ad/8/153/766F/h/Screenshot_20250531_172354_Gallery_80393519.avif
20,0.3067,36.8,10.1,105.0,2.0,2.0,0.5,0.334,2.0,110184.0,0.2794,4,0,1,0,1,0,0,0,0,1,0,0,0,0,1,0,0,0,360000.0,https://www.mubawab-media.com/ad/8/168/979F/h/IMG-20250626-WA0109_80549747.avif
1,0.32,36.8665,10.1647,115.0,4.0,3.0,0.5,0.5305,2.0,43985.0,0.2734,4,0,1,0,1,0,0,1,0,0,0,0,0,0,1,0,0,0,650000.0,https://www.mubawab-media.com/ad/8/162/951F/h/66c39d23-f5ce-48c7-857b-0bf4b9d2e405_80489811.avif
23,0.6867,36.819,10.1658,115.0,3.0,2.0,0.5,0.5524,2.0,2562.03,0.3407,4,0,1,0,1,0,0,0,0,0,0,0,0,0,1,0,0,0,700000.0,https://www.mubawab-media.com/ad/8/190/196F/h/1885459f-1d51-4bea-a670-581303395448_80765504.avif
23,0.6867,36.819,10.1658,115.0,4.0,3.0,0.5,0.5524,2.0,2562.03,0.3658,4,0,1,0,1,0,0,0,0,0,0,0,0,0,1,0,0,0,850000.0,https://www.mubawab-media.com/ad/8/190/448F/h/52fba480-bf56-492b-aacb-064f3588ca17_80767030.avif
23,0.4,36.8769,10.3247,115.0,5.0,4.0,0.5,0.8015,2.0,2562.03,0.312,4,0,1,0,1,0,0,1,0,0,0,0,0,0,1,0,0,0,670000.0,https://www.mubawab-media.com/ad/8/166/265F/h/b1ea45ac-7191-4fb0-953a-35df64154164_80522965.avif
23,0.4,36.8769,10.3247,115.0,2.0,1.0,0.5,0.8015,2.0,2562.03,0.2758,4,0,1,0,1,1,0,0,0,0,0,0,0,0,1,0,0,0,395000.0,https://www.mubawab-media.com/ad/8/167/876F/h/a86fc75e-a58d-412d-b35c-11ad71ffd3c0_80538822.avif
23,0.6867,36.819,10.1658,115.0,2.0,1.0,0.5,0.5524,2.0,2562.03,0.3407,4,0,1,0,1,0,0,1,0,0,0,0,0,0,1,0,0,0,320000.0,https://www.mubawab-media.com/ad/8/162/564F/h/dd6df9d8-da7d-4cf1-8975-cd253f507b13_80485737.avif
16,0.32,36.4561,10.7376,88.0,2.0,1.0,0.5,0.4552,2.0,154974.0,0.3184,4,0,0,0,1,0,0,0,0,1,1,1,0,0,0,0,0,0,230000.0,https://www.mubawab-media.com/ad/8/150/908F/h/5_80356657.avif
23,0.4,36.8769,10.3247,64.0,1.0,1.0,0.5,0.8015,2.0,2562.03,0.314,4,0,1,0,0,0,0,1,0,1,0,0,0,0,1,0,0,0,226000.0,https://www.mubawab-media.com/ad/8/191/715F/h/thumb_1137666_property_large_80779603.avif
1,0.3533,36.899,10.2358,316.0,5.0,3.0,0.5,0.4235,2.0,43985.0,0.3412,4,0,0,0,0,1,0,1,0,0,1,1,0,0,0,1,0,0,750000.0,https://www.mubawab-media.com/ad/7/900/473F/h/V24-01-001_73629196.avif
23,0.4,36.8769,10.3247,115.0,4.0,3.0,0.5,0.8015,2.0,2562.03,0.2876,4,0,1,0,1,0,0,0,0,0,0,0,0,0,1,0,0,0,980000.0,https://www.mubawab-media.com/ad/8/191/175F/h/64bad334-a13b-4b3a-824b-5166c6a383fc_80773699.avif
3,0.14,36.8,10.1,64.0,3.0,2.0,0.5,0.2793,2.0,110184.0,0.2766,4,0,0,0,1,0,0,1,1,0,0,0,0,0,1,1,0,0,135000.0,https://www.mubawab-media.com/ad/8/191/445F/h/1000008268_80776654.avif
20,0.26,35.8245,10.6346,122.0,3.0,3.0,0.5,0.517,2.0,150620.48,0.318,4,0,0,0,0,0,1,0,0,0,0,0,0,0,0,0,0,0,207400.0,https://www.mubawab-media.com/ad/8/191/121F/h/1_80773192.avif
20,0.26,35.8245,10.6346,138.0,5.0,5.0,0.5,0.517,2.0,150620.48,0.318,4,0,0,0,0,0,1,0,0,0,0,0,0,0,0,0,0,0,234600.0,https://www.mubawab-media.com/ad/8/191/117F/h/2025-06-25_184513_80773146.avif
7,0.2513,36.5011,8.7757,93.0,2.0,1.0,0.5,0.2519,2.0,152144.23,0.3168,2,0,0,0,1,1,0,1,1,1,1,1,1,1,1,1,0,1,191100.0,https://www.mubawab-media.com/ad/8/135/022F/h/2_80241563.avif
23,0.1867,36.8094,10.1414,147.0,4.0,3.0,0.5,0.3144,2.0,2562.03,0.2758,4,0,1,0,1,0,0,0,0,0,1,0,0,0,1,0,0,0,300000.0,https://www.mubawab-media.com/ad/8/190/924F/h/balcon%20vue_80771866.avif
3,0.2227,36.8,10.1,115.0,4.0,3.0,0.5,0.274,2.0,110184.0,0.2802,4,0,0,0,1,0,0,0,1,1,1,1,1,1,1,1,0,0,200000.0,https://www.mubawab-media.com/ad/8/137/197F/h/2_80247976.avif
23,0.6867,36.819,10.1658,105.0,3.0,2.0,0.5,0.5524,2.0,2562.03,0.3383,4,0,1,0,1,0,0,1,1,1,1,1,1,1,1,1,0,0,420000.0,https://www.mubawab-media.com/ad/7/982/703F/h/IMG_8006_78684262.avif
23,0.4,36.8769,10.3247,190.0,5.0,4.0,0.5,0.8015,2.0,2562.03,0.2734,4,0,1,0,1,0,0,1,0,1,0,0,0,0,0,0,0,0,440000.0,https://www.mubawab-media.com/ad/8/190/362F/h/WhatsApp%20Image%202025-07-22%20%C3%A0%2013.38.38_04ff0e15_80766150.avif
1,0.32,36.8665,10.1647,220.0,4.0,3.0,0.5,0.5305,2.0,43985.0,0.2981,4,0,0,0,1,0,0,1,0,0,0,0,0,0,0,1,0,0,435000.0,https://www.mubawab-media.com/ad/8/190/258F/h/1000006044_80765147.avif
23,0.4,36.8769,10.3247,115.0,4.0,3.0,0.5,0.8015,2.0,2562.03,0.3396,4,0,1,0,1,0,0,1,0,0,0,0,0,0,1,0,0,0,700000.0,https://www.mubawab-media.com/ad/8/188/594F/h/767d6882-deb3-4d06-8c79-0aff340b5991_80749025.avif
23,0.092,36.8,10.1,280.0,2.0,3.0,0.5,0.3155,2.0,110184.0,0.3297,4,0,0,0,1,0,0,1,0,0,0,1,0,0,0,1,0,0,295000.0,https://www.mubawab-media.com/ad/8/189/548F/h/IMG-20250722-WA0069_80758140.avif
23,0.4,36.819,10.2358,115.0,3.0,2.0,0.5,0.517,2.0,43985.0,0.3168,4,0,0,0,0,0,0,0,0,0,0,0,0,0,0,0,0,0,890000.0,nan
15,0.2633,35.7643,10.8113,87.0,1.0,2.0,0.5,0.3655,2.0,134734.0,0.3168,4,0,0,0,0,0,0,0,0,0,0,0,0,0,0,0,0,0,169000.0,https://www.mubawab-media.com/ad/8/189/542F/h/Copie%20de%20Visuel%20Agences%20Monastir%20Centreville%20%2810%29_80758043.avif
1,0.3533,36.899,10.2358,47.0,2.0,1.0,0.5,0.4235,2.0,43985.0,0.3301,4,0,1,0,1,0,0,1,1,1,1,1,1,1,1,1,0,0,265000.0,https://www.mubawab-media.com/ad/8/147/548F/h/486265664_122119787402767161_699153807956433222_n_80323529.avif
23,0.4,36.8769,10.3247,172.0,3.0,2.0,0.5,0.8015,2.0,2562.03,0.2742,3,0,1,0,1,0,0,1,1,1,0,1,0,0,1,0,0,0,390000.0,https://www.mubawab-media.com/ad/8/189/191F/h/3009E5A5-35E7-49DA-9FEF-897D1C7FFC06_80754707.avif
20,0.3333,35.8245,10.6346,65.0,3.0,2.0,0.5,0.2902,2.0,150620.48,0.3395,1,0,1,0,1,1,0,0,1,1,1,1,1,1,1,0,0,0,390000.0,https://www.mubawab-media.com/ad/8/186/019F/h/WhatsApp%20Image%202025-07-22%20at%2012.35.27%20%281%29_80722183.avif
20,0.3067,36.8,10.1,99.0,3.0,2.0,0.5,0.3807,2.0,110184.0,0.2726,4,0,1,0,1,0,0,0,1,1,1,1,1,1,1,0,0,0,298000.0,https://www.mubawab-media.com/ad/8/163/449F/h/IMG_7025_80494818.avif
3,0.1133,36.819,10.2358,900.0,1.0,1.0,0.5,0.517,2.0,43985.0,0.3168,1,0,0,0,0,0,0,0,0,0,0,0,0,0,0,0,0,0,2000000.0,https://www.mubawab-media.com/ad/8/188/733F/h/TerrainBenArous_80750365.avif
23,0.6867,36.819,10.1658,115.0,4.0,3.0,0.5,0.5524,2.0,2562.03,0.3407,4,0,1,0,1,0,0,0,0,0,0,0,0,0,1,0,0,0,650000.0,https://www.mubawab-media.com/ad/8/188/688F/h/ab721e0c-396c-49bf-aa8b-38e9b2bc073f_80750032.avif
20,0.3333,35.8245,10.6346,145.0,9.0,3.0,0.5,0.2902,2.0,150620.48,0.3184,4,0,1,0,0,1,0,1,0,0,0,0,0,0,0,1,0,0,380000.0,https://www.mubawab-media.com/ad/8/178/581F/h/WhatsApp%20Image%202025-07-11%20at%2012.44.38%20PM%20%2811%29_80649173.avif
20,0.3067,35.8604,10.5953,318.0,5.0,5.0,0.5,0.3642,2.0,150620.48,0.3306,4,0,1,0,1,0,1,0,0,0,0,0,0,0,1,0,0,0,1100000.0,https://www.mubawab-media.com/ad/8/087/293F/h/WhatsApp%20Image%202025-02-03%20%C3%A0%2017.08.11_20111baa_79724859.avif
13,0.2467,36.8,10.1,52.0,2.0,1.0,0.5,0.2476,2.0,110184.0,0.3164,3,0,0,0,1,0,0,0,0,1,0,0,0,0,0,0,0,0,185000.0,https://www.mubawab-media.com/ad/8/090/105F/h/WhatsApp%20Image%202025-01-23%20%C3%A0%2016.20.08_f93ecfad_79751495.avif
20,0.3333,35.8245,10.6346,150.0,3.0,3.0,0.5,0.2902,2.0,150620.48,0.3406,4,0,1,0,1,0,1,1,0,0,0,0,0,0,0,0,0,0,575000.0,https://www.mubawab-media.com/ad/8/100/391F/h/3e8fc99f-1566-49fd-8dfa-78ce56e58656_79849549.avif
20,0.3067,36.8,10.1,90.0,2.0,1.0,0.5,0.3807,2.0,110184.0,0.3431,4,0,1,0,1,0,0,1,0,0,0,0,0,0,1,0,0,0,220000.0,https://www.mubawab-media.com/ad/8/091/046F/h/ec4f634e-46b8-48b6-b3a8-95e861f8ddd2_79897242.avif
20,0.3067,35.8604,10.5953,130.0,2.0,2.0,0.5,0.3642,2.0,150620.48,0.3463,4,0,1,0,1,0,0,1,0,0,0,0,0,0,0,1,0,0,550000.0,https://www.mubawab-media.com/ad/8/088/446F/h/921d3a23-d971-419b-94ec-6c023f5248ad_79736947.avif
13,0.2467,36.8,10.1,82.0,2.0,1.0,0.5,0.2476,2.0,110184.0,0.3017,4,0,1,0,1,0,1,1,0,0,0,0,0,0,0,0,0,0,280000.0,https://www.mubawab-media.com/ad/8/098/411F/h/WhatsApp%20Image%202025-02-20%20at%2017.40.35_79830806.avif
16,0.13,36.8,10.1,100.0,6.0,2.0,0.5,0.2426,2.0,110184.0,0.277,4,0,0,0,1,0,0,0,0,0,0,0,0,0,0,0,0,0,138000.0,https://www.mubawab-media.com/ad/7/661/419F/h/WhatsApp%20Image%202025-07-09%20at%2012.30.27%20-%20copie_80682094.avif
1,0.332,36.8665,10.1647,88.0,3.0,2.0,0.5,0.247,2.0,43985.0,0.2762,4,0,1,0,0,0,0,0,1,0,1,0,0,1,0,0,0,0,210000.0,https://www.mubawab-media.com/ad/8/188/391F/h/photo_0_80747173.avif
23,0.4,36.8769,10.3247,97.0,2.0,1.0,0.5,0.8015,2.0,2562.03,0.318,4,0,1,0,1,0,0,0,0,0,1,0,0,0,0,0,0,0,260000.0,https://www.mubawab-media.com/ad/8/187/809F/h/AINZAGHOUEN_80741454.avif
15,0.2367,35.7643,10.8113,250.0,18.0,12.0,0.5,0.1508,2.0,134734.0,0.2706,4,0,0,0,0,0,0,0,0,0,0,0,0,0,0,0,0,0,430000.0,https://www.mubawab-media.com/ad/8/182/813F/h/20230821_174427_80690656.avif
23,0.32,36.844,10.192,135.0,3.0,2.0,0.5,0.3403,2.0,43985.0,0.3265,4,0,0,0,1,0,0,0,0,1,1,1,0,0,0,1,0,0,245000.0,https://www.mubawab-media.com/ad/8/138/173F/h/thumb_1085355_property_large_80230348.avif
16,0.32,36.4561,10.7376,70.0,1.0,1.0,0.5,0.4552,2.0,154974.0,0.2896,4,0,0,0,1,0,0,0,0,0,0,0,0,0,0,0,0,0,180000.0,https://www.mubawab-media.com/ad/8/181/323F/h/WhatsApp%20Image%202025-07-12%20at%2013.54.52_80675650.avif
16,0.32,36.4561,10.7376,90.0,1.0,2.0,0.5,0.4552,2.0,154974.0,0.2896,3,0,0,1,1,0,1,1,0,0,0,0,0,0,0,0,0,0,320000.0,https://www.mubawab-media.com/ad/8/181/394F/h/WhatsApp%20Image%202025-07-08%20at%2015.54.30%20%281%29_80676407.avif
23,0.4,36.8769,10.3247,76.0,3.0,1.0,0.5,0.8015,2.0,2562.03,0.312,4,0,1,0,1,0,0,1,0,1,1,1,1,0,1,0,0,0,240000.0,https://www.mubawab-media.com/ad/8/118/629F/h/photo_00_80033182.avif
16,0.32,36.4561,10.7376,110.0,4.0,2.0,0.5,0.4552,2.0,154974.0,0.2722,4,0,1,0,1,1,0,1,0,0,0,0,0,0,0,0,0,0,369000.0,https://www.mubawab-media.com/ad/8/186/978F/h/sejour_80733348.avif
1,0.32,36.8665,10.1647,207.0,3.0,4.0,0.5,0.5305,2.0,43985.0,0.3188,4,0,0,0,0,0,0,0,0,0,0,0,0,0,0,0,0,0,550000.0,https://www.mubawab-media.com/ad/8/181/689F/h/photo_0_80679501.avif
4,0.12,36.8,10.1,89.0,4.0,3.0,0.5,0.2697,2.0,110184.0,0.2758,1,0,0,0,0,0,0,0,0,0,0,0,0,0,0,0,0,0,215000.0,https://www.mubawab-media.com/ad/8/101/153F/h/photo-136457_79856879.avif
20,0.0033,36.8,10.1,60.0,1.0,1.0,0.5,0.183,2.0,110184.0,0.3156,4,0,1,1,1,0,0,0,0,0,0,0,0,0,1,0,0,0,165000.0,https://www.mubawab-media.com/ad/8/154/273F/h/1_80399119.avif
1,0.3533,36.899,10.2358,161.0,4.0,3.0,0.5,0.4235,2.0,43985.0,0.3513,4,0,1,0,1,0,0,1,0,0,0,0,0,0,0,1,0,0,689000.0,https://www.mubawab-media.com/ad/7/909/686F/h/logo1_78727208.avif
23,0.3467,36.819,10.1658,110.0,2.0,2.0,0.5,0.3526,2.0,2562.03,0.3277,4,0,0,0,0,0,1,1,0,0,1,0,0,0,0,1,0,0,550000.0,https://www.mubawab-media.com/ad/8/177/119F/h/thumb_1124194_property_large_80633115.avif
23,0.6867,36.819,10.2358,115.0,3.0,2.0,0.5,0.517,2.0,43985.0,0.3168,4,0,0,0,0,0,0,0,0,0,0,0,0,0,0,0,0,0,635000.0,nan
1,0.3533,36.899,10.2358,135.0,3.0,3.0,0.5,0.4235,2.0,43985.0,0.277,4,0,0,0,1,0,0,1,0,1,1,1,0,0,0,0,0,0,310000.0,https://www.mubawab-media.com/ad/8/181/167F/h/thumb_1127313_property_large_80674291.avif
20,0.3333,35.8245,10.6346,126.0,2.0,2.0,0.5,0.2902,2.0,150620.48,0.2766,4,0,0,0,1,0,1,1,0,1,1,1,0,0,0,0,0,0,275000.0,https://www.mubawab-media.com/ad/8/153/379F/h/IMG-20250422-WA0019_80389326.avif
13,0.16,36.8,10.1,87.0,3.0,2.0,0.5,0.2875,2.0,110184.0,0.3176,4,0,0,0,0,0,0,0,0,0,0,0,0,0,0,0,0,0,185000.0,https://www.mubawab-media.com/ad/8/185/859F/h/photo_00_80720507.avif
16,0.3433,36.8,10.1,93.0,3.0,2.0,0.5,0.1884,2.0,110184.0,0.3148,4,0,1,0,1,1,1,0,1,1,1,1,0,0,1,0,0,0,270000.0,https://www.mubawab-media.com/ad/8/185/805F/h/8RnBmOA01vt2qyNU-thumb_80720041.avif
20,0.26,35.8245,10.6346,105.0,4.0,3.0,0.5,0.517,2.0,150620.48,0.2778,4,0,0,0,1,0,0,1,0,1,1,1,0,0,0,0,0,0,250000.0,https://www.mubawab-media.com/ad/8/099/783F/h/MODELE%202_79843508.avif
23,0.0867,36.8,10.1,122.0,3.0,2.0,0.5,0.2194,2.0,110184.0,0.3136,4,0,0,0,0,0,0,0,0,1,1,1,0,0,1,0,0,0,240000.0,https://www.mubawab-media.com/ad/8/022/448F/h/462555464_395607833490251_2708171266571803450_n_79086069.avif
16,0.2833,36.4561,10.7376,133.0,3.0,2.0,0.5,0.4454,2.0,154974.0,0.3376,4,0,0,0,1,1,0,1,0,0,0,1,0,0,0,1,0,0,650000.0,https://www.mubawab-media.com/ad/8/184/245F/h/1%20copie_80705235.avif
16,0.2833,36.4561,10.7376,135.0,3.0,2.0,0.5,0.4454,2.0,154974.0,0.3274,4,0,0,0,1,0,1,1,0,0,0,0,0,0,1,0,0,0,570000.0,https://www.mubawab-media.com/ad/8/184/259F/h/1%20copie_80705356.avif
20,0.26,35.8245,10.6346,115.0,3.0,2.0,0.5,0.517,2.0,150620.48,0.2794,4,0,0,1,1,0,0,0,0,1,1,0,0,0,0,0,0,0,220000.0,https://www.mubawab-media.com/ad/8/167/606F/h/Picture-1932060-1-watermark_80536308.avif
23,0.4,36.8769,10.3247,115.0,3.0,2.0,0.5,0.8015,2.0,2562.03,0.28,4,0,0,0,0,0,0,1,0,0,0,0,0,0,1,0,0,0,440000.0,https://www.mubawab-media.com/ad/8/078/866F/h/205907477_800256660508463_7019382562205277669_n_79642340.avif
20,0.1333,36.8,10.1,87.0,2.0,2.0,0.5,0.2413,2.0,110184.0,0.3049,4,0,0,0,1,0,0,0,0,0,0,0,0,0,0,0,0,0,220000.0,https://www.mubawab-media.com/ad/8/185/184F/h/thumb_1131127_property_large_80714022.avif
16,0.32,36.4561,10.7376,288.0,5.0,4.0,0.5,0.4552,2.0,154974.0,0.2762,4,0,0,0,1,1,0,1,0,0,0,0,0,0,1,1,0,0,730000.0,https://www.mubawab-media.com/ad/8/045/331F/h/thumb_961945_property_large_79309567.avif
1,0.3533,36.899,10.2358,145.0,4.0,3.0,0.5,0.4235,2.0,43985.0,0.3172,4,0,1,0,1,0,0,1,0,0,0,0,0,0,1,0,0,0,450000.0,https://www.mubawab-media.com/ad/8/185/120F/h/Design%20sans%20titre%20%284%29_80713346.avif
23,0.4,36.8769,10.3247,122.0,3.0,2.0,0.5,0.8015,2.0,2562.03,0.325,4,0,0,0,0,0,0,1,0,0,0,1,0,0,0,0,0,0,450000.0,https://www.mubawab-media.com/ad/8/077/837F/h/thumb_997339_property_large_79631826.avif
23,0.1733,36.819,10.1658,150.0,3.0,3.0,0.5,0.6863,2.0,2562.03,0.3172,4,0,0,0,0,0,0,0,0,0,0,0,0,0,0,0,0,0,300000.0,https://www.mubawab-media.com/ad/8/184/835F/h/6b683c6f-7afb-4321-92d1-c08f4c0f0a58%20%281%29_80710735.avif
1,0.3533,36.899,10.2358,162.0,2.0,2.0,0.5,0.4235,2.0,43985.0,0.3207,4,0,0,0,0,0,0,1,0,0,0,0,0,0,0,1,0,0,595000.0,https://www.mubawab-media.com/ad/8/177/070F/h/thumb_1124086_property_large_80632620.avif
20,0.3067,36.819,10.2358,353.0,3.0,2.0,0.5,0.517,2.0,43985.0,0.3168,1,0,1,0,1,0,1,0,0,0,0,0,0,0,1,0,0,0,3200000.0,https://www.mubawab-media.com/ad/7/616/151F/h/dd944230-c852-4c4c-b3d4-cc08ec66a259_39183019.avif
16,0.32,36.4561,10.7376,116.0,3.0,2.0,0.5,0.4552,2.0,154974.0,0.2694,4,0,0,0,1,0,0,1,0,1,0,0,0,0,0,0,0,0,390000.0,https://www.mubawab-media.com/ad/7/870/728F/h/gallery_78321974.avif
23,0.5067,36.8528,10.3247,400.0,2.0,4.0,0.5,0.5388,2.0,2562.03,0.279,3,0,1,0,1,0,0,1,0,0,0,1,0,0,1,0,0,0,500000.0,https://www.mubawab-media.com/ad/8/184/535F/h/IMG_7727_80707952.avif
16,0.2833,36.4561,10.7376,90.0,3.0,2.0,0.5,0.4454,2.0,154974.0,0.2782,4,0,0,0,1,0,0,1,0,0,0,1,0,0,0,0,0,0,350000.0,https://www.mubawab-media.com/ad/8/184/266F/h/1%20copie_80705428.avif
23,0.4,36.8769,10.3247,50.0,2.0,1.0,0.5,0.8015,2.0,2562.03,0.2754,4,0,1,0,1,0,0,0,1,0,1,1,1,1,1,0,0,0,190000.0,https://www.mubawab-media.com/ad/8/159/169F/h/IMG_3891_80450742.avif
23,0.6867,36.819,10.1658,115.0,3.0,2.0,0.5,0.5524,2.0,2562.03,0.3618,4,0,1,0,1,0,0,0,1,1,1,1,1,1,1,0,0,0,680000.0,https://www.mubawab-media.com/ad/8/181/278F/h/3e3661ef-99d3-4650-9730-7a635765424a_80676754.avif
15,0.2633,35.7643,10.8113,58.0,3.0,2.0,0.5,0.3655,2.0,134734.0,0.2694,2,0,0,0,0,0,0,0,0,0,0,0,0,0,0,0,0,0,215000.0,https://www.mubawab-media.com/ad/8/183/936F/h/gallery_80702305.avif
15,0.2633,35.7643,10.8113,99.0,4.0,3.0,0.5,0.3655,2.0,134734.0,0.2758,4,0,1,1,0,0,1,0,0,0,0,0,0,0,1,0,0,0,430000.0,https://www.mubawab-media.com/ad/8/183/680F/h/IMG-20250503-WA0000_80699693.avif
16,0.2833,36.4561,10.7376,70.0,1.0,1.0,0.5,0.4454,2.0,154974.0,0.2774,4,0,1,0,1,0,1,1,0,0,0,0,0,0,0,0,0,0,210000.0,https://www.mubawab-media.com/ad/8/183/629F/h/e08682d8-43bc-4334-97a5-8809f2960b18_80699276.avif
3,0.32,36.8,10.1,104.0,2.0,2.0,0.5,0.2195,2.0,110184.0,0.2706,4,0,1,0,1,0,0,0,0,0,0,0,0,0,1,0,0,0,300000.0,https://www.mubawab-media.com/ad/8/183/611F/h/IMG_9056_80699139.avif
23,0.1733,36.819,10.1658,50.0,2.0,1.0,0.5,0.6863,2.0,2562.03,0.2782,3,0,0,0,1,0,0,0,1,0,0,0,0,0,0,0,0,0,120000.0,https://www.mubawab-media.com/ad/8/182/725F/h/48c0d0b5-4725-4687-aa93-67722a900021_10_2024_f0f6c96a_80689896.avif
23,0.4,36.8769,10.3247,172.0,3.0,2.0,0.5,0.8015,2.0,2562.03,0.3326,4,0,1,0,1,0,0,1,1,1,1,1,1,1,1,0,0,0,950000.0,https://www.mubawab-media.com/ad/8/162/544F/h/1674e17e-a1b5-4da6-9b74-0a6357ee7b06_80485526.avif
1,0.332,36.819,10.2358,115.0,3.0,2.0,0.5,0.517,2.0,43985.0,0.3168,4,0,0,0,0,0,0,0,0,0,0,0,0,0,0,0,0,0,369000.0,nan
20,0.3067,35.8604,10.5953,160.0,1.0,3.0,0.5,0.3642,2.0,150620.48,0.2722,4,0,1,0,1,1,1,1,1,1,1,1,1,1,1,1,0,0,600000.0,https://www.mubawab-media.com/ad/8/079/505F/h/6382e09c-b167-4608-a0a8-4d6ca24dedb1_79682260.avif
20,0.3333,35.8245,10.6346,79.0,2.0,1.0,0.5,0.2902,2.0,150620.48,0.3584,4,0,1,0,1,0,1,1,1,1,1,1,1,1,1,1,0,0,330000.0,https://www.mubawab-media.com/ad/8/102/057F/h/WhatsApp%20Image%202025-01-15%20%C3%A0%2002.39.28_4b0193d9_79866052.avif
1,0.3533,36.899,10.2358,147.0,4.0,3.0,0.5,0.4235,2.0,43985.0,0.3156,4,0,0,0,1,0,0,1,1,1,1,1,0,0,1,0,0,0,420000.0,https://www.mubawab-media.com/ad/8/183/163F/h/img002_80694539.avif
23,0.3467,36.819,10.1658,65.0,2.0,2.0,0.5,0.3526,2.0,2562.03,0.2786,4,0,1,0,1,0,0,0,1,1,1,1,1,0,1,0,0,0,230000.0,https://www.mubawab-media.com/ad/8/183/103F/h/photo_00_80693828_81285076.avif
23,0.3467,36.819,10.1658,75.0,1.0,1.0,0.5,0.3526,2.0,2562.03,0.2746,4,0,1,0,0,0,0,0,1,1,1,1,0,0,1,0,0,0,250000.0,https://www.mubawab-media.com/ad/8/094/211F/h/photo_02_79790865.avif
16,0.32,36.4561,10.7376,42.0,3.0,1.0,0.5,0.4552,2.0,154974.0,0.3132,3,0,0,0,0,0,0,0,0,0,0,0,0,0,0,0,0,0,250000.0,https://www.mubawab-media.com/ad/8/049/874F/h/WhatsApp-Image-2024-11-27-at-01.45.13_79356249.avif
20,0.3067,35.8604,10.5953,140.0,3.0,3.0,0.5,0.3642,2.0,150620.48,0.3183,4,0,0,0,0,0,0,1,1,1,1,0,0,0,0,0,0,0,490000.0,https://www.mubawab-media.com/ad/8/138/556F/h/thumb_1085748_property_large_80234205.avif
20,0.1333,36.8,10.1,80.0,2.0,2.0,0.5,0.2413,2.0,110184.0,0.279,4,0,1,0,0,0,1,0,0,1,0,0,0,0,0,0,0,0,240000.0,https://www.mubawab-media.com/ad/8/153/377F/h/IMG-20250419-WA0004_80389318.avif
1,0.3533,36.899,10.2358,105.0,2.0,2.0,0.5,0.4235,2.0,43985.0,0.3121,4,0,1,0,0,0,0,1,0,0,0,0,0,0,1,1,0,0,590000.0,https://www.mubawab-media.com/ad/8/167/154F/h/WhatsApp%20Image%202025-06-24%20at%2017.47.01%20%283%29_80532856.avif
3,0.32,36.8,10.1,55.0,1.0,1.0,0.5,0.2195,2.0,110184.0,0.3164,4,0,1,0,1,0,0,0,0,0,0,0,0,0,0,0,0,1,165000.0,https://www.mubawab-media.com/ad/8/140/736F/h/6a0084b2-c64b-4518-b83a-03da696261cc_WhatsApp%20Image%202025-04-30%20at%2010.43.25%20%282%29_80256599.avif
16,0.32,36.4561,10.7376,88.0,2.0,1.0,0.5,0.4552,2.0,154974.0,0.3286,4,0,0,0,1,1,0,1,0,0,0,0,0,0,1,1,0,0,360000.0,https://www.mubawab-media.com/ad/8/136/873F/h/DSC_2770_80217504.avif
16,0.32,36.4561,10.7376,113.0,3.0,2.0,0.5,0.4552,2.0,154974.0,0.3286,4,0,0,0,1,1,0,1,0,0,0,0,0,0,1,1,0,0,445000.0,https://www.mubawab-media.com/ad/8/136/618F/h/DSC_2722_80217593.avif
16,0.32,36.4561,10.7376,86.0,2.0,1.0,0.5,0.4552,2.0,154974.0,0.279,4,0,1,0,1,0,0,1,0,1,0,0,0,0,0,0,0,0,330000.0,https://www.mubawab-media.com/ad/8/177/567F/h/thumb_1120627_property_big_80638139.avif
23,0.4,36.8769,10.3247,110.0,3.0,2.0,0.5,0.8015,2.0,2562.03,0.2867,1,0,0,0,0,0,0,0,0,0,0,0,0,0,0,0,0,0,550000.0,https://www.mubawab-media.com/ad/8/181/612F/h/a867c576-2b41-4dc1-bdcc-442d49e55430_80678637.avif
1,0.3533,36.899,10.2358,234.0,3.0,4.0,0.5,0.4235,2.0,43985.0,0.3104,4,0,1,0,1,0,0,1,0,0,0,0,0,0,1,0,0,0,580000.0,https://www.mubawab-media.com/ad/8/181/603F/h/photo_00_80678495.avif
1,0.3533,36.899,10.2358,153.0,3.0,2.0,0.5,0.4235,2.0,43985.0,0.2726,1,0,1,0,1,0,0,1,0,1,1,0,1,0,1,0,0,0,425000.0,https://www.mubawab-media.com/ad/8/181/335F/h/A21_80675705.avif
16,0.2833,36.4561,10.7376,140.0,4.0,3.0,0.5,0.4454,2.0,154974.0,0.2786,1,0,1,0,0,1,0,1,1,1,1,1,0,0,1,0,0,0,420000.0,https://www.mubawab-media.com/ad/8/181/261F/h/la%20perla_80675216.avif
20,0.3067,35.8604,10.5953,80.0,1.0,1.0,0.5,0.3642,2.0,150620.48,0.2798,1,0,1,0,1,0,1,0,1,1,1,1,0,0,0,0,0,0,280000.0,https://www.mubawab-media.com/ad/8/181/279F/h/InShot_20250715_120524044_80675274.avif
8,0.2367,36.8,10.1,160.0,1.0,1.0,0.5,0.3502,2.0,110184.0,0.2798,3,0,0,0,0,0,0,0,0,0,0,0,0,0,0,0,0,0,26000.0,https://www.mubawab-media.com/ad/8/180/681F/h/A474BF9B-F8A1-4E6C-8B5F-1B22B57CDCD8_80669312.avif
1,0.3533,36.899,10.2358,100.0,2.0,1.0,0.5,0.4235,2.0,43985.0,0.3152,4,0,1,0,1,0,0,1,0,0,0,0,0,0,0,1,0,0,320000.0,https://www.mubawab-media.com/ad/8/179/139F/h/WhatsApp%20Image%202025-07-12%20at%2009.21.37_80654311.avif
23,0.4,36.8769,10.3247,110.0,4.0,3.0,0.5,0.8015,2.0,2562.03,0.3164,4,0,1,0,1,0,0,1,0,0,0,0,0,0,1,0,0,0,310000.0,https://www.mubawab-media.com/ad/8/179/150F/h/Design%20sans%20titre%20%281%29_80654385.avif
1,0.3533,36.899,10.2358,125.0,3.0,2.0,0.5,0.4235,2.0,43985.0,0.3184,4,0,1,0,1,0,0,1,0,0,0,0,0,0,1,0,0,0,420000.0,https://www.mubawab-media.com/ad/8/180/303F/h/Design%20sans%20titre%20%282%29_80665587.avif
20,0.32,36.8,10.1,134.0,4.0,3.0,0.5,0.3244,2.0,110184.0,0.312,4,0,1,1,1,0,0,0,0,0,0,0,0,0,0,0,0,0,240000.0,https://www.mubawab-media.com/ad/8/113/088F/h/18445ef6-b2ab-40c1-b368-133e9e082f44_79975236.avif
1,0.332,36.8665,10.1647,80.0,1.0,2.0,0.5,0.247,2.0,43985.0,0.318,4,0,0,0,0,0,0,1,1,0,0,0,0,0,1,1,0,0,119999.0,https://www.mubawab-media.com/ad/8/180/441F/h/18_80667087.avif
23,0.4,36.819,10.2358,115.0,3.0,2.0,0.5,0.517,2.0,43985.0,0.3168,4,0,0,0,0,0,0,0,0,0,0,0,0,0,0,0,0,0,240000.0,nan
17,0.46,36.8,10.1,250.0,3.0,4.0,0.5,0.3961,2.0,110184.0,0.324,1,0,1,0,1,1,1,1,0,0,0,0,0,0,0,1,0,0,800000.0,https://www.mubawab-media.com/ad/8/180/478F/h/photo_0_80667086.avif
1,0.32,36.8665,10.1647,85.0,2.0,2.0,0.5,0.5305,2.0,43985.0,0.277,4,0,0,0,0,0,0,1,0,0,1,1,0,0,0,0,0,0,210000.0,https://www.mubawab-media.com/ad/8/180/408F/h/thumb_1126474_property_large_80666470.avif
23,0.4,36.8769,10.3247,220.0,5.0,4.0,0.5,0.8015,2.0,2562.03,0.3321,4,0,0,0,1,0,0,1,1,1,1,1,1,1,1,1,0,0,660000.0,https://www.mubawab-media.com/ad/8/180/390F/h/Design%20sans%20titre%20%282%29_80666308.avif
1,0.32,36.8665,10.1647,150.0,4.0,3.0,0.5,0.5305,2.0,43985.0,0.277,4,0,1,0,1,0,0,1,1,1,1,1,0,0,1,0,0,0,450000.0,https://www.mubawab-media.com/ad/8/143/467F/h/thumb_1091910_property_large_80282851.avif
20,0.3067,36.8,10.1,150.0,3.0,3.0,0.5,0.3807,2.0,110184.0,0.3176,4,0,1,0,1,0,0,1,1,1,1,1,0,0,1,0,0,0,350000.0,https://www.mubawab-media.com/ad/8/180/304F/h/20250611_140016_80665594.avif
20,0.3067,36.8,10.1,450.0,3.0,10.0,0.5,0.3807,2.0,110184.0,0.3132,4,0,0,0,1,0,0,1,0,1,0,0,0,0,0,1,0,0,1450000.0,https://www.mubawab-media.com/ad/8/180/184F/h/IMG_4744_80664391.avif
23,0.1733,36.819,10.1658,50.0,1.0,1.0,0.5,0.6863,2.0,2562.03,0.2746,4,0,0,0,0,0,0,0,0,0,0,0,0,0,0,0,0,0,115000.0,https://www.mubawab-media.com/ad/8/180/066F/h/IMG_4289_80663322.avif
23,0.1867,36.8094,10.1414,70.0,3.0,2.0,0.5,0.3144,2.0,2562.03,0.2698,4,0,0,0,0,0,0,0,0,0,0,0,0,0,0,0,0,0,160000.0,https://www.mubawab-media.com/ad/8/179/991F/h/dd6a0ef5-8638-48f6-9b8d-d9140c75404e_80662741.avif
1,0.332,36.8665,10.1647,149.0,4.0,3.0,0.5,0.247,2.0,43985.0,0.3172,4,0,0,0,1,0,0,1,0,0,1,0,0,0,0,1,0,0,220000.0,https://www.mubawab-media.com/ad/8/179/883F/h/IMG_8574_80661709.avif
1,0.32,36.8665,10.1647,73.0,1.0,2.0,0.5,0.5305,2.0,43985.0,0.2762,4,0,0,0,1,0,0,0,0,0,0,0,1,0,0,0,0,0,170000.0,https://www.mubawab-media.com/ad/8/179/844F/h/513937322_10234197198104566_3281745061954403362_n_80661223.avif
1,0.3533,36.899,10.2358,144.0,1.0,4.0,0.5,0.4235,2.0,43985.0,0.318,4,0,1,0,1,0,0,1,0,0,0,0,0,0,0,1,0,0,660000.0,https://www.mubawab-media.com/ad/8/176/959F/h/01_80631646.avif
23,0.6867,36.819,10.1658,156.0,4.0,4.0,0.5,0.5524,2.0,2562.03,0.3021,4,0,1,0,1,0,0,1,0,0,0,0,0,0,1,0,0,0,580000.0,https://www.mubawab-media.com/ad/8/154/304F/h/hqdefault_80399354.avif
20,0.3333,35.8245,10.6346,50.0,3.0,1.0,0.5,0.2902,2.0,150620.48,0.2997,3,0,1,0,1,0,0,1,0,0,0,0,0,0,0,1,0,0,420000.0,https://www.mubawab-media.com/ad/8/152/212F/h/121416937_823184465083680_4638635757751096507_n%20%281%29_80370055.avif
1,0.3533,36.899,10.2358,166.0,4.0,3.0,0.5,0.4235,2.0,43985.0,0.2758,1,0,1,0,1,0,0,1,0,0,0,0,0,0,1,0,0,0,564000.0,https://www.mubawab-media.com/ad/8/179/337F/h/HteDW9b7i5bmO7PR-thumb_80656053.avif
23,0.32,36.844,10.192,500.0,5.0,4.0,0.5,0.3403,2.0,43985.0,0.3176,1,0,0,0,0,0,0,0,0,0,0,0,0,0,0,0,0,0,1900000.0,https://www.mubawab-media.com/ad/8/164/966F/h/WhatsApp%20Image%202025-06-20%20at%2017.11.14_80510493.avif
23,0.32,36.844,10.192,80.0,3.0,2.0,0.5,0.3403,2.0,43985.0,0.2694,4,0,1,0,1,0,0,1,1,1,1,0,0,0,0,0,0,0,411000.0,https://www.mubawab-media.com/ad/8/178/979F/h/gallery_80652678.avif
16,0.32,36.4561,10.7376,129.0,3.0,2.0,0.5,0.4552,2.0,154974.0,0.2778,4,0,0,1,1,1,0,0,0,0,0,1,0,0,0,0,0,0,470000.0,https://www.mubawab-media.com/ad/7/903/757F/h/IMG-20240917-WA0001_78842888.avif
1,0.3533,36.899,10.2358,167.0,3.0,4.0,0.5,0.4235,2.0,43985.0,0.32,4,0,0,0,1,0,0,1,0,0,0,1,0,0,0,0,0,0,547800.0,https://www.mubawab-media.com/ad/8/171/905F/h/thumb_1119617_property_xlarge_80580077.avif
1,0.3533,36.899,10.2358,129.0,4.0,3.0,0.5,0.4235,2.0,43985.0,0.3507,4,0,1,0,0,1,0,1,0,0,0,0,0,0,0,1,0,0,817920.0,https://www.mubawab-media.com/ad/8/178/295F/h/L_f6b74fdd-b48b-4db4-a3f0-4bdf36c49784_80646039.avif
23,0.4,36.8769,10.3247,117.0,3.0,2.0,0.5,0.8015,2.0,2562.03,0.3297,4,0,1,0,1,0,0,1,0,0,0,0,0,0,0,1,0,0,430000.0,https://www.mubawab-media.com/ad/8/100/869F/h/photo_00_79854161.avif
20,0.1333,36.8,10.1,76.0,2.0,3.0,0.5,0.2413,2.0,110184.0,0.277,4,0,1,0,1,0,0,0,0,1,0,0,0,0,0,1,0,0,255000.0,https://www.mubawab-media.com/ad/8/178/159F/h/thumb_1123494_property_large_80644680.avif
23,0.2367,36.8451,10.2272,118.0,2.0,3.0,0.5,0.4448,2.0,43985.0,0.2778,4,0,0,0,1,0,0,1,0,1,1,0,0,0,0,0,0,0,280000.0,https://www.mubawab-media.com/ad/8/140/201F/h/thumb_1087993_property_xlarge_80251584.avif
23,0.4,36.8769,10.3247,90.0,3.0,2.0,0.5,0.8015,2.0,2562.03,0.3282,4,0,1,0,0,0,0,0,0,0,0,0,0,0,1,0,0,0,500000.0,https://www.mubawab-media.com/ad/8/177/610F/h/Design%20sans%20titre%20%288%29_80638676.avif
1,0.32,36.8665,10.1647,107.0,2.0,2.0,0.5,0.5305,2.0,43985.0,0.2742,4,0,1,0,1,0,1,0,0,0,0,0,0,0,0,0,0,0,430000.0,https://www.mubawab-media.com/ad/8/175/358F/h/PHOTO-2025-07-08-16-28-08_80637911.avif
20,0.0033,36.8,10.1,87.0,3.0,2.0,0.5,0.183,2.0,110184.0,0.2742,4,0,0,0,1,0,0,1,1,1,0,0,0,0,0,0,0,0,130000.0,https://www.mubawab-media.com/ad/8/177/397F/h/WhatsApp%20Image%202025-07-09%20at%2023.35.22%20%283%29_80636377.avif
20,0.0033,36.8,10.1,78.0,3.0,2.0,0.5,0.183,2.0,110184.0,0.2742,4,0,0,0,0,0,0,1,0,0,0,1,0,1,0,1,0,1,85000.0,https://www.mubawab-media.com/ad/8/177/389F/h/WhatsApp%20Image%202025-07-09%20at%2022.27.55%20%281%29_80636331.avif
23,0.4,36.819,10.2358,115.0,3.0,2.0,0.5,0.517,2.0,43985.0,0.3168,4,0,0,0,0,0,0,0,0,0,0,0,0,0,0,0,0,0,890000.0,nan
13,0.2467,36.8,10.1,88.0,1.0,1.0,0.5,0.2476,2.0,110184.0,0.2718,4,0,0,0,1,1,0,1,1,1,1,1,0,0,1,1,0,0,300000.0,https://www.mubawab-media.com/ad/8/159/064F/h/Screenshot_20250611_130428_Gallery_80449780.avif
1,0.3533,36.899,10.2358,124.0,3.0,2.0,0.5,0.4235,2.0,43985.0,0.3159,4,0,1,0,1,0,0,1,0,1,1,0,0,0,0,0,0,0,325000.0,https://www.mubawab-media.com/ad/8/051/342F/h/thumb_968382_property_large_79371774.avif
1,0.3533,36.899,10.2358,166.0,4.0,3.0,0.5,0.4235,2.0,43985.0,0.2722,4,0,1,0,1,0,0,1,1,1,1,1,1,1,1,0,0,0,620000.0,https://www.mubawab-media.com/ad/8/136/705F/h/thumb_1083480_property_large_80215893.avif
1,0.3533,36.899,10.2358,128.0,3.0,2.0,0.5,0.4235,2.0,43985.0,0.324,4,0,1,0,1,0,0,1,1,1,1,1,1,1,1,1,0,0,447000.0,https://www.mubawab-media.com/ad/8/173/403F/h/WhatsApp%20Image%202025-07-06%20at%2020.51.43_80612146.avif
1,0.3533,36.899,10.2358,106.0,3.0,3.0,0.5,0.4235,2.0,43985.0,0.32,4,0,0,0,0,0,0,1,0,0,0,1,0,0,0,0,0,0,360000.0,https://www.mubawab-media.com/ad/8/171/904F/h/thumb_1119519_property_xlarge_80580066.avif
23,0.1733,36.819,10.1658,50.0,3.0,2.0,0.5,0.6863,2.0,2562.03,0.3144,4,0,0,0,0,0,0,0,0,0,0,0,0,0,0,0,0,0,85000.0,https://www.mubawab-media.com/ad/8/176/258F/h/photo_00_80624452.avif
20,0.26,35.8245,10.6346,235.0,4.0,2.0,0.5,0.517,2.0,150620.48,0.327,4,0,1,0,1,0,1,0,0,0,0,0,0,0,1,0,0,0,600000.0,https://www.mubawab-media.com/ad/8/176/209F/h/IMG_3367_80624003.avif
20,0.3067,36.8,10.1,123.0,1.0,2.0,0.5,0.3807,2.0,110184.0,0.2782,4,0,1,0,1,0,0,1,0,1,0,0,0,0,0,0,0,0,393000.0,https://www.mubawab-media.com/ad/8/080/230F/h/1_79656330.avif
20,0.3067,36.8,10.1,136.0,1.0,2.0,0.5,0.3807,2.0,110184.0,0.3164,4,0,1,0,1,0,0,1,0,1,0,0,0,0,0,0,0,0,435000.0,https://www.mubawab-media.com/ad/8/080/212F/h/1_79656190.avif
1,0.3533,36.899,10.2358,118.0,3.0,2.0,0.5,0.4235,2.0,43985.0,0.3394,4,0,0,0,0,0,0,1,0,0,0,1,0,0,0,0,0,0,350000.0,https://www.mubawab-media.com/ad/8/148/412F/h/thumb_654313_property_large_80331780.avif
1,0.32,36.8665,10.1647,76.0,1.0,2.0,0.5,0.5305,2.0,43985.0,0.3136,4,0,1,0,0,0,0,1,0,0,0,0,0,0,0,1,0,0,320000.0,https://www.mubawab-media.com/ad/8/175/629F/h/514962427_708642055276347_8671206133851366848_n_80618265.avif
1,0.332,36.8665,10.1647,178.0,3.0,3.0,0.5,0.247,2.0,43985.0,0.3609,4,0,0,0,1,0,0,1,0,1,1,0,0,0,0,0,0,0,390000.0,https://www.mubawab-media.com/ad/8/159/236F/h/thumb_1107170_property_large_80451526.avif
20,0.1333,36.8,10.1,88.0,3.0,2.0,0.5,0.2413,2.0,110184.0,0.3108,4,0,1,0,1,0,0,0,0,0,0,0,0,0,1,1,0,0,220000.0,https://www.mubawab-media.com/ad/8/136/693F/h/WhatsApp%20Image%202025-04-30%20%C3%A0%2016.06.03_4aee0a66-fotor-enhance-20250505161520_80216253.avif
4,0.0733,36.8,10.1,100.0,2.0,4.0,0.5,0.1627,2.0,110184.0,0.318,4,0,0,0,1,0,0,0,0,0,0,1,0,0,0,0,0,0,160000.0,https://www.mubawab-media.com/ad/8/141/818F/h/thumb_1090202_property_xlarge_80266734.avif
3,0.2227,36.8,10.1,78.0,3.0,2.0,0.5,0.274,2.0,110184.0,0.3297,4,0,1,0,1,0,1,1,0,0,0,0,0,0,0,0,0,0,250000.0,https://www.mubawab-media.com/ad/8/155/134F/h/1_80409404.avif
23,0.4,36.8769,10.3247,134.0,4.0,3.0,0.5,0.8015,2.0,2562.03,0.3176,4,0,1,0,1,0,0,1,1,1,1,1,1,1,1,0,0,0,325000.0,https://www.mubawab-media.com/ad/8/173/888F/h/Design%20sans%20titre%20%285%29_80600500.avif
1,0.3533,36.899,10.2358,70.0,1.0,1.0,0.5,0.4235,2.0,43985.0,0.2774,4,0,1,0,0,0,0,1,1,1,0,0,0,0,1,0,0,0,258000.0,https://www.mubawab-media.com/ad/8/136/635F/h/475787886_122152032596358601_5371031080471004425_n_80215268.avif
20,0.3333,35.8245,10.6346,120.0,3.0,3.0,0.5,0.2902,2.0,150620.48,0.324,4,0,0,0,0,0,1,1,0,1,0,0,0,1,0,0,0,0,185000.0,https://www.mubawab-media.com/ad/8/174/960F/h/photo_0_80611430.avif
1,0.3533,36.899,10.2358,130.0,3.0,3.0,0.5,0.4235,2.0,43985.0,0.2722,4,0,0,0,0,0,0,1,0,0,1,0,0,0,0,0,0,0,410000.0,https://www.mubawab-media.com/ad/8/146/399F/h/thumb_1095373_property_large_80311744.avif
16,0.2833,36.4561,10.7376,107.0,3.0,2.0,0.5,0.4454,2.0,154974.0,0.2754,1,0,1,0,1,1,0,1,1,1,1,1,1,1,1,0,0,1,350000.0,https://www.mubawab-media.com/ad/7/840/996F/h/6311295_1_81093122.avif
1,0.3533,36.899,10.2358,263.0,3.0,3.0,0.5,0.4235,2.0,43985.0,0.3009,4,0,1,0,1,0,0,1,1,1,1,1,1,0,1,0,0,0,549000.0,https://www.mubawab-media.com/ad/8/162/730F/h/thumb_1111344_property_large_80487313.avif
23,0.0233,36.8,10.1,65.0,3.0,3.0,0.5,0.151,2.0,110184.0,0.3192,2,0,0,0,0,0,0,0,0,0,0,0,0,0,0,0,0,0,90000.0,https://www.mubawab-media.com/ad/8/174/035F/h/photo_00_80601928.avif
23,0.4,36.8769,10.3247,60.0,3.0,1.0,0.5,0.8015,2.0,2562.03,0.3156,4,0,0,0,1,0,0,0,0,0,0,0,0,0,0,0,0,0,350000.0,https://www.mubawab-media.com/ad/8/173/733F/h/4e0f9f26-6f31-413b-a2b9-96c467af89b6_80598923.avif
1,0.332,36.8665,10.1647,105.0,3.0,2.0,0.5,0.247,2.0,43985.0,0.2738,4,0,0,0,0,0,0,0,0,1,1,0,0,0,0,0,0,0,245000.0,https://www.mubawab-media.com/ad/8/070/493F/h/thumb_988347_property_large_79560523.avif
23,0.4,36.8769,10.3247,208.0,3.0,3.0,0.5,0.8015,2.0,2562.03,0.2738,4,0,0,0,1,0,0,1,1,0,0,0,0,0,0,0,0,0,1300000.0,https://www.mubawab-media.com/ad/8/142/100F/h/thumb_1090444_property_xlarge_80269445.avif
1,0.332,36.8665,10.1647,140.0,2.0,2.0,0.5,0.247,2.0,43985.0,0.3144,4,0,0,0,0,0,0,0,0,1,1,0,0,0,0,0,0,0,392000.0,https://www.mubawab-media.com/ad/8/039/228F/h/thumb_954143_property_large_79250305.avif
1,0.332,36.8665,10.1647,156.0,3.0,3.0,0.5,0.247,2.0,43985.0,0.279,4,0,0,0,1,0,0,0,0,0,1,0,0,0,0,0,0,0,250000.0,https://www.mubawab-media.com/ad/8/050/502F/h/thumb_967023_property_large_79362740.avif
23,0.092,36.8,10.1,86.0,3.0,2.0,0.5,0.3155,2.0,110184.0,0.2694,4,0,0,0,0,0,0,0,0,0,0,0,0,0,0,0,0,0,190000.0,https://www.mubawab-media.com/ad/8/173/308F/h/gallery_80594671.avif
23,0.4,36.8769,10.3247,67.0,2.0,1.0,0.5,0.8015,2.0,2562.03,0.312,4,0,1,0,1,0,0,0,1,1,1,1,1,1,1,0,0,1,175000.0,https://www.mubawab-media.com/ad/8/152/432F/h/IMG-20250529-WA0068_80371987.avif
1,0.3533,36.899,10.2358,86.0,3.0,2.0,0.5,0.4235,2.0,43985.0,0.3394,4,0,1,0,1,0,0,1,0,1,1,1,1,1,1,0,0,0,410000.0,https://www.mubawab-media.com/ad/8/173/084F/h/X6abM6WLIJQo3hgA-thumb_80592277.avif
23,0.3067,36.8,10.1,57.0,1.0,1.0,0.5,0.3453,2.0,110184.0,0.2706,4,0,0,0,1,0,0,0,0,1,1,0,0,0,0,0,0,0,250000.0,https://www.mubawab-media.com/ad/8/172/988F/h/346155cc-414c-4aec-91c1-194041cfe25f_80591243.avif
23,0.1733,36.819,10.1658,124.0,15.0,14.0,0.5,0.6863,2.0,2562.03,0.2935,1,0,0,0,0,0,0,0,0,0,0,0,0,0,0,0,0,0,650000.0,https://www.mubawab-media.com/ad/8/172/974F/h/d25a22e8-6e61-4243-98c4-144753f84305_Capture%20d%E2%80%99%C3%A9cran%202025-07-03%20123352_80591068.avif
23,0.4,36.8769,10.3247,135.0,3.0,3.0,0.5,0.8015,2.0,2562.03,0.316,4,0,0,0,1,0,0,1,0,0,0,1,0,0,0,0,0,0,380000.0,https://www.mubawab-media.com/ad/8/167/484F/h/thumb_1115482_property_xlarge_80534866.avif
20,0.3067,36.8,10.1,80.0,2.0,2.0,0.5,0.3807,2.0,110184.0,0.3168,4,0,0,0,1,0,0,0,0,1,0,0,0,0,1,0,0,0,260000.0,https://www.mubawab-media.com/ad/8/154/111F/h/IMG-20250521-WA0005_80397634.avif
16,0.32,36.4561,10.7376,168.0,3.0,2.0,0.5,0.4552,2.0,154974.0,0.2774,4,0,1,0,1,0,1,1,0,0,0,0,0,0,0,0,0,0,690000.0,https://www.mubawab-media.com/ad/7/990/279F/h/thumb_882969_property_xlarge_78759196.avif
20,0.3333,35.8245,10.6346,40.0,2.0,1.0,0.5,0.2902,2.0,150620.48,0.2774,4,0,0,0,1,0,0,1,0,1,0,0,0,0,0,0,0,0,300000.0,https://www.mubawab-media.com/ad/8/152/871F/h/WhatsApp%20Image%202025-05-28%20at%2012.13.56%20%282%29_80376408.avif
23,0.6867,36.819,10.1658,115.0,4.0,3.0,0.5,0.5524,2.0,2562.03,0.3359,4,0,1,0,1,0,0,1,0,0,0,0,0,0,1,0,0,0,860000.0,https://www.mubawab-media.com/ad/8/172/402F/h/3c7ae9e5-68da-49c1-9e4e-e6262a29bff3_80585563.avif
1,0.32,36.8665,10.1647,120.0,3.0,2.0,0.5,0.5305,2.0,43985.0,0.2694,4,0,0,0,1,0,0,1,0,1,1,0,0,0,0,0,0,0,270000.0,https://www.mubawab-media.com/ad/8/079/291F/h/gallery_79646640.avif
1,0.32,36.8665,10.1647,130.0,3.0,2.0,0.5,0.5305,2.0,43985.0,0.2694,4,0,0,0,1,0,0,1,0,1,1,0,0,0,0,0,0,0,270000.0,https://www.mubawab-media.com/ad/8/170/170F/h/gallery_80561624.avif
20,0.3067,36.8,10.1,160.0,6.0,3.0,0.5,0.3807,2.0,110184.0,0.3419,4,0,1,1,1,0,0,1,0,0,0,0,0,0,0,0,0,0,449000.0,https://www.mubawab-media.com/ad/8/172/057F/h/R%C3%A9sidence%20prestige_80582352.avif
16,0.2833,36.4561,10.7376,80.0,2.0,1.0,0.5,0.4454,2.0,154974.0,0.3404,4,0,1,0,1,0,0,1,0,0,0,0,0,0,0,0,0,0,325000.0,https://www.mubawab-media.com/ad/8/038/429F/h/411729022_204110059433592_7200333217905448441_n-ink_79242757.avif
20,0.3067,36.8,10.1,280.0,7.0,5.0,0.5,0.3807,2.0,110184.0,0.2884,4,0,1,0,1,0,1,1,0,0,0,0,1,1,1,0,0,0,425000.0,https://www.mubawab-media.com/ad/8/172/002F/h/IMG_4749_80581682.avif
16,0.13,36.8,10.1,95.0,3.0,2.0,0.5,0.2426,2.0,110184.0,0.3195,4,0,0,0,1,0,0,0,0,0,0,0,0,0,0,1,0,0,195000.0,https://www.mubawab-media.com/ad/7/861/683F/h/WhatsApp%20Image%202024-01-18%20at%2017.31.20%20%281%29_67457608.avif
23,0.1733,36.819,10.1658,150.0,3.0,4.0,0.5,0.6863,2.0,2562.03,0.3168,3,0,0,0,0,0,0,0,0,1,0,0,0,1,0,0,0,0,220000.0,https://www.mubawab-media.com/ad/8/171/313F/h/photo_00_80573486.avif
23,0.4,36.8769,10.3247,75.0,3.0,2.0,0.5,0.8015,2.0,2562.03,0.3232,4,0,1,0,0,0,0,1,0,1,1,1,1,1,0,1,0,0,220000.0,https://www.mubawab-media.com/ad/8/170/670F/h/photo_00_80566610.avif
23,0.4,36.8769,10.3247,121.0,3.0,2.0,0.5,0.8015,2.0,2562.03,0.316,4,0,1,0,1,0,0,1,0,0,0,0,0,0,1,0,0,0,505000.0,https://www.mubawab-media.com/ad/8/170/509F/h/Design%20sans%20titre%20%282%29_80564883.avif
23,0.4,36.8769,10.3247,88.0,2.0,1.0,0.5,0.8015,2.0,2562.03,0.3184,4,0,1,0,1,0,0,1,0,0,0,0,0,0,1,0,0,0,250000.0,https://www.mubawab-media.com/ad/8/165/005F/h/Design%20sans%20titre%20%281%29_80510764.avif
20,0.3067,36.8,10.1,110.0,3.0,2.0,0.5,0.3807,2.0,110184.0,0.3597,4,0,1,1,1,0,0,0,0,0,0,0,0,0,1,0,0,0,440000.0,https://www.mubawab-media.com/ad/8/133/459F/h/thumb_1064544_property_xlarge_80183082.avif
20,0.1333,36.8,10.1,100.0,3.0,2.0,0.5,0.2413,2.0,110184.0,0.277,4,0,1,1,1,0,0,0,0,0,0,0,0,0,1,0,0,0,225000.0,https://www.mubawab-media.com/ad/8/131/707F/h/thumb_1066757_property_xlarge_80164390.avif
20,0.3067,35.8604,10.5953,40.0,1.0,1.0,0.5,0.3642,2.0,150620.48,0.2746,4,0,0,1,1,1,0,1,0,0,0,0,0,0,1,0,0,0,179000.0,https://www.mubawab-media.com/ad/8/120/585F/h/Screenshot_20250621-153234_Messenger_80561198.avif
23,0.4,36.8769,10.3247,122.0,3.0,2.0,0.5,0.8015,2.0,2562.03,0.2836,4,0,1,0,1,0,0,1,0,0,0,0,0,0,1,0,0,0,450000.0,https://www.mubawab-media.com/ad/8/100/355F/h/IMG_6097_79848985.avif
1,0.32,36.8665,10.1647,90.0,3.0,2.0,0.5,0.5305,2.0,43985.0,0.2694,4,0,0,0,0,0,0,0,1,0,0,0,0,0,0,0,0,0,147000.0,https://www.mubawab-media.com/ad/8/169/740F/h/gallery_80557135.avif
23,0.6867,36.819,10.2358,115.0,3.0,2.0,0.5,0.517,2.0,43985.0,0.3168,4,0,0,0,0,0,0,0,0,0,0,0,0,0,0,0,0,0,419000.0,nan
16,0.32,36.4561,10.7376,162.0,4.0,3.0,0.5,0.4552,2.0,154974.0,0.3105,4,0,1,0,1,1,0,1,0,0,0,0,0,0,0,0,0,0,585000.0,https://www.mubawab-media.com/ad/7/823/298F/h/thumb_733912_property_xlarge_80555972.avif
23,0.4,36.8769,10.3247,115.0,3.0,2.0,0.5,0.8015,2.0,2562.03,0.3224,4,0,0,0,0,0,0,1,0,0,0,0,0,0,0,0,0,0,500000.0,https://www.mubawab-media.com/ad/7/825/723F/h/thumb_969677_property_xlarge_80262748.avif
23,0.4,36.8769,10.3247,115.0,4.0,3.0,0.5,0.8015,2.0,2562.03,0.2722,4,0,1,0,1,0,0,1,1,1,1,1,1,1,1,0,0,0,1300000.0,https://www.mubawab-media.com/ad/8/169/033F/h/820b077f-500a-4ba6-8f9f-4556de3bb5b1_80550319.avif
23,0.4,36.8769,10.3247,63.0,2.0,1.0,0.5,0.8015,2.0,2562.03,0.318,2,0,1,0,1,0,0,1,1,1,1,1,1,1,1,0,0,0,340000.0,https://www.mubawab-media.com/ad/8/157/947F/h/eixvqL3PeCqaA3w1-thumb_80437940.avif
23,0.6867,36.819,10.1658,159.0,4.0,3.0,0.5,0.5524,2.0,2562.03,0.3363,1,0,1,0,1,0,0,1,1,1,0,1,0,0,0,0,0,0,580000.0,https://www.mubawab-media.com/ad/8/169/359F/h/L_5f10417c-d184-4db4-a59f-00161e6b493e_80553280.avif
16,0.32,36.4561,10.7376,75.0,3.0,2.0,0.5,0.4552,2.0,154974.0,0.2798,3,0,0,0,0,0,0,0,1,1,1,1,1,1,0,0,0,0,250000.0,https://www.mubawab-media.com/ad/7/901/424F/h/1c0879dc-3406-400a-bbf0-a0388c8eb9a7%20%281%29_80215343.avif
7,0.2513,36.5011,8.7757,75.0,3.0,2.0,0.5,0.2519,2.0,152144.23,0.3402,4,0,0,0,1,0,1,0,0,0,0,0,0,0,0,1,0,0,290000.0,https://www.mubawab-media.com/ad/8/169/168F/h/IMG_20240114_172850_80551771.avif
23,0.3067,36.8,10.1,97.0,3.0,3.0,0.5,0.3453,2.0,110184.0,0.2742,4,0,0,1,1,0,0,1,0,1,0,0,0,0,0,0,0,0,220000.0,https://www.mubawab-media.com/ad/8/103/211F/h/photo_00_79877546.avif
20,0.3333,35.8245,10.6346,164.0,4.0,3.0,0.5,0.2902,2.0,150620.48,0.3561,4,0,1,0,1,0,1,1,0,0,0,0,0,0,0,0,0,0,576000.0,https://www.mubawab-media.com/ad/8/107/535F/h/21_79920493.avif
16,0.32,36.4561,10.7376,90.0,2.0,1.0,0.5,0.4552,2.0,154974.0,0.3168,4,0,0,0,1,0,1,1,0,0,0,0,0,0,0,0,0,0,320000.0,https://www.mubawab-media.com/ad/8/154/264F/h/thumb_1103145_property_xlarge_80399035.avif
20,0.3333,35.8245,10.6346,122.0,3.0,2.0,0.5,0.2902,2.0,150620.48,0.3112,4,0,0,0,1,0,1,0,0,0,0,0,0,0,1,0,0,0,220000.0,https://www.mubawab-media.com/ad/8/168/708F/h/de454639-af6c-4091-bded-6bba30d47cc6_80601781.avif
1,0.32,36.8665,10.1647,70.0,2.0,1.0,0.5,0.5305,2.0,43985.0,0.3112,4,0,1,0,1,0,0,0,0,1,0,0,0,0,1,0,0,0,240000.0,https://www.mubawab-media.com/ad/8/167/965F/h/33bbc60b-6b2f-4061-b721-09e408c3642b-scaled_80539625.avif
16,0.2833,36.4561,10.7376,60.0,2.0,1.0,0.5,0.4454,2.0,154974.0,0.3136,1,0,1,0,1,0,0,1,0,0,0,0,0,0,0,0,0,0,236000.0,https://www.mubawab-media.com/ad/8/101/778F/h/A1.4-ink_80538980.avif
20,0.15,36.8,10.1,98.0,4.0,3.0,0.5,0.2047,2.0,110184.0,0.3168,4,0,0,0,1,0,0,0,0,0,1,1,0,0,0,0,0,0,175000.0,https://www.mubawab-media.com/ad/8/167/886F/h/thumb_907297_property_big_80538859.avif
20,0.32,36.8,10.1,69.0,2.0,1.0,0.5,0.3244,2.0,110184.0,0.2778,4,0,1,0,1,0,0,0,0,1,0,0,0,0,1,0,0,0,235000.0,https://www.mubawab-media.com/ad/8/167/731F/h/thumb_813588_property_xlarge_80537620.avif
20,0.1333,36.8,10.1,73.0,3.0,2.0,0.5,0.2413,2.0,110184.0,0.3148,4,0,0,0,1,0,1,1,1,1,1,1,0,0,1,0,0,0,220000.0,https://www.mubawab-media.com/ad/8/167/751F/h/thumb_912173_property_xlarge_80537741.avif
15,0.2633,35.7643,10.8113,100.0,1.0,3.0,0.5,0.3655,2.0,134734.0,0.2758,4,0,0,0,1,0,0,0,0,0,0,0,0,0,0,0,0,0,145000.0,https://www.mubawab-media.com/ad/8/167/554F/h/5f1b2dba-821f-4744-ad9f-838745d607cc_80535598.avif
16,0.13,36.8,10.1,100.0,3.0,2.0,0.5,0.2426,2.0,110184.0,0.277,4,0,0,0,1,0,1,1,0,0,0,0,0,0,0,1,0,0,250000.0,https://www.mubawab-media.com/ad/7/676/314F/h/13_44729255.avif
1,0.32,36.8665,10.1647,162.0,4.0,3.0,0.5,0.5305,2.0,43985.0,0.3096,4,0,1,0,1,0,0,1,0,0,0,0,0,0,0,1,0,0,520000.0,https://www.mubawab-media.com/ad/8/167/237F/h/IMG_7467_80532332.avif
23,0.6867,36.819,10.2358,115.0,3.0,2.0,0.5,0.517,2.0,43985.0,0.3168,4,0,0,0,0,0,0,0,0,0,0,0,0,0,0,0,0,0,419000.0,nan
20,0.26,35.8245,10.6346,85.0,3.0,2.0,0.5,0.517,2.0,150620.48,0.3176,4,0,0,0,1,0,0,0,0,1,0,1,0,0,0,0,0,0,158000.0,https://www.mubawab-media.com/ad/8/167/208F/h/thumb_1095302_property_xlarge_80532154.avif
23,0.6867,36.819,10.1658,188.0,5.0,4.0,0.5,0.5524,2.0,2562.03,0.3589,4,0,0,0,1,0,0,1,0,0,0,0,0,0,0,0,0,0,1220000.0,https://www.mubawab-media.com/ad/8/150/138F/h/L_7bfc9f3f-8880-4ffc-9e9d-00623e7fa609_80348654.avif
23,0.4,36.8769,10.3247,115.0,3.0,2.0,0.5,0.8015,2.0,2562.03,0.3326,4,0,1,0,1,0,0,0,1,1,1,1,1,1,1,0,0,0,910000.0,https://www.mubawab-media.com/ad/8/166/849F/h/a2f60353-b5bd-4b8f-b232-80463f7e2164_80528133.avif
23,0.4,36.8769,10.3247,64.0,2.0,1.0,0.5,0.8015,2.0,2562.03,0.2778,4,0,1,0,0,0,0,0,0,0,0,1,0,0,0,0,0,0,265000.0,https://www.mubawab-media.com/ad/8/166/113F/h/1000009807_80521447.avif
23,0.4,36.8769,10.3247,150.0,4.0,3.0,0.5,0.8015,2.0,2562.03,0.3188,4,0,0,0,1,0,0,0,0,0,0,0,0,0,0,0,0,0,260000.0,https://www.mubawab-media.com/ad/8/144/100F/h/1000006994_80289528.avif
23,0.4,36.8769,10.3247,115.0,3.0,2.0,0.5,0.8015,2.0,2562.03,0.3342,3,0,0,0,0,1,0,1,1,0,0,0,0,0,0,0,0,0,633600.0,https://www.mubawab-media.com/ad/8/166/786F/h/20504-2_80527552.avif
12,0.1333,36.8,10.1,118.0,1.0,3.0,0.5,0.1779,2.0,110184.0,0.279,4,0,1,0,1,0,1,0,0,0,0,0,0,0,1,0,0,0,509421.0,https://www.mubawab-media.com/ad/8/166/708F/h/4_80526868.avif
1,0.3533,36.819,10.2358,800.0,11.0,8.0,0.5,0.517,2.0,43985.0,0.3168,4,0,0,0,1,0,0,1,0,0,0,0,0,0,0,1,0,0,980000.0,https://www.mubawab-media.com/ad/7/827/989F/h/ca7e1e75-871b-49d4-837b-443b27000dc7_62476272.avif
4,0.12,36.8,10.1,55.0,2.0,1.0,0.5,0.2697,2.0,110184.0,0.2798,4,0,0,0,0,0,1,0,0,1,0,0,0,0,0,0,0,0,155000.0,https://www.mubawab-media.com/ad/7/877/131F/h/385559721_1478022743046423_7782960727266720660_n_69660680.avif
23,0.4,36.8769,10.3247,155.0,4.0,3.0,0.5,0.8015,2.0,2562.03,0.277,4,0,1,0,0,0,0,1,0,0,0,0,0,0,1,0,0,0,760000.0,https://www.mubawab-media.com/ad/8/154/682F/h/Design%20sans%20titre%20%285%29_80404253.avif
4,0.2367,36.8,10.1,100.0,3.0,2.0,0.5,0.2007,2.0,110184.0,0.2806,4,0,0,0,1,0,1,0,0,0,0,0,0,0,0,0,0,0,175000.0,https://www.mubawab-media.com/ad/8/104/097F/h/1_80117521.avif
23,0.0867,36.8,10.1,108.0,3.0,2.0,0.5,0.2194,2.0,110184.0,0.3167,4,0,1,0,0,0,0,1,0,0,0,0,0,0,1,0,0,0,205000.0,https://www.mubawab-media.com/ad/8/166/157F/h/IMG-20240723-WA0004_80521788.avif
23,0.6867,36.819,10.1658,115.0,5.0,4.0,0.5,0.5524,2.0,2562.03,0.3545,4,0,1,0,1,0,0,1,0,0,0,0,0,0,1,0,0,0,1200000.0,https://www.mubawab-media.com/ad/8/162/972F/h/256643c6-961f-45a6-8f6f-60184112c7f4_80490006.avif
23,0.4,36.8769,10.3247,289.0,4.0,3.0,0.5,0.8015,2.0,2562.03,0.3545,4,0,1,0,1,0,0,1,0,0,0,0,0,0,1,0,0,0,1450000.0,https://www.mubawab-media.com/ad/8/162/624F/h/2c151189-d89c-4223-afd8-e5c914e5c88e_80486661.avif
23,0.6867,36.819,10.1658,115.0,5.0,4.0,0.5,0.5524,2.0,2562.03,0.3359,4,0,1,0,1,0,0,1,0,0,0,0,0,0,1,0,0,0,680000.0,https://www.mubawab-media.com/ad/8/162/970F/h/c8abce68-88e0-46c8-9c58-b4c90aa498bd_80489976.avif
20,0.3333,35.8245,10.6346,150.0,3.0,2.0,0.5,0.2902,2.0,150620.48,0.3167,3,0,0,1,1,0,0,1,0,0,0,0,0,0,0,1,0,0,450000.0,https://www.mubawab-media.com/ad/8/165/896F/h/3f3d78c3-9812-40b6-ac40-eddb027d18b6_80519362.avif
20,0.3333,35.8245,10.6346,150.0,3.0,2.0,0.5,0.2902,2.0,150620.48,0.3167,3,0,0,1,1,0,0,1,0,0,0,0,0,0,0,1,0,0,450000.0,https://www.mubawab-media.com/ad/8/165/897F/h/IMG-20250622-WA0003_80519359.avif
20,0.3333,35.8245,10.6346,150.0,3.0,2.0,0.5,0.2902,2.0,150620.48,0.3167,3,0,0,1,1,0,0,1,0,1,1,1,0,0,0,1,0,0,450000.0,https://www.mubawab-media.com/ad/8/165/893F/h/IMG_0049_80519356.avif
1,0.32,36.8665,10.1647,100.0,1.0,3.0,0.5,0.5305,2.0,43985.0,0.2734,4,0,1,0,1,0,0,1,1,0,1,0,0,0,1,0,0,0,208000.0,https://www.mubawab-media.com/ad/8/116/459F/h/1000005199_80663139.avif
1,0.3533,36.899,10.2358,58.0,3.0,1.0,0.5,0.4235,2.0,43985.0,0.2746,1,0,1,0,0,0,0,0,1,1,1,1,1,1,1,0,0,0,238000.0,https://www.mubawab-media.com/ad/8/135/315F/h/photo_0_80202792.avif
1,0.3533,36.899,10.2358,59.0,3.0,1.0,0.5,0.4235,2.0,43985.0,0.277,4,0,1,0,1,0,0,1,1,1,1,1,1,1,1,0,0,0,235000.0,https://www.mubawab-media.com/ad/8/139/588F/h/photo_0_80260880.avif
1,0.3533,36.899,10.2358,128.0,3.0,2.0,0.5,0.4235,2.0,43985.0,0.2746,4,0,1,0,1,0,0,1,1,1,1,1,1,1,1,0,0,0,448000.0,https://www.mubawab-media.com/ad/8/135/313F/h/photo_0_80202770.avif
3,0.14,36.8,10.1,125.0,2.0,2.0,0.5,0.2793,2.0,110184.0,0.3168,4,0,0,0,1,0,0,1,0,1,1,0,0,0,0,1,0,0,250000.0,https://www.mubawab-media.com/ad/8/165/437F/h/thumb_1114516_property_large_80514896.avif
1,0.3533,36.899,10.2358,130.0,3.0,2.0,0.5,0.4235,2.0,43985.0,0.318,4,0,1,0,1,0,0,1,0,0,0,0,0,0,1,0,0,0,500000.0,https://www.mubawab-media.com/ad/7/896/457F/h/thumb_1113908_property_xlarge_80514212.avif
23,0.6867,36.819,10.1658,101.0,3.0,2.0,0.5,0.5524,2.0,2562.03,0.3375,3,0,1,0,1,0,0,1,0,0,0,0,0,0,1,0,0,0,606000.0,https://www.mubawab-media.com/ad/8/162/649F/h/eAGZxmO05mHM16uF-thumb_80486870.avif
23,0.6867,36.819,10.1658,93.0,3.0,2.0,0.5,0.5524,2.0,2562.03,0.3375,4,0,1,0,1,0,0,1,0,0,0,0,0,0,1,0,0,0,595000.0,https://www.mubawab-media.com/ad/8/162/680F/h/NfxwXwCflxZFJk20-thumb_80486963.avif
20,0.3333,35.8245,10.6346,100.0,1.0,2.0,0.5,0.2902,2.0,150620.48,0.3148,4,0,0,0,1,0,0,0,0,1,0,1,0,0,0,0,0,0,270000.0,https://www.mubawab-media.com/ad/8/165/339F/h/1_80514002.avif
23,0.092,36.8,10.1,73.0,3.0,2.0,0.5,0.3155,2.0,110184.0,0.32,1,0,0,0,1,0,0,1,0,0,0,0,0,0,1,1,0,0,188000.0,https://www.mubawab-media.com/ad/8/165/326F/h/IMG_9511_80513975.avif
23,0.4,36.8769,10.3247,312.0,4.0,3.0,0.5,0.8015,2.0,2562.03,0.3144,4,0,1,0,1,0,0,1,1,1,1,1,1,1,1,0,0,0,1560000.0,https://www.mubawab-media.com/ad/8/162/512F/h/089dcc6c-91ab-413d-a1e8-e962964175b7_80485213.avif
23,0.6867,36.819,10.2358,115.0,3.0,2.0,0.5,0.517,2.0,43985.0,0.3168,4,0,0,0,0,0,0,0,0,0,0,0,0,0,0,0,0,0,635000.0,nan
20,0.3067,35.8604,10.5953,700.0,8.0,2.0,0.5,0.3642,2.0,150620.48,0.277,2,0,0,1,1,0,1,1,1,1,0,1,0,0,1,0,0,0,1400000.0,https://www.mubawab-media.com/ad/8/164/846F/h/IMG_20250616_143905_106_80509371.avif
23,0.6867,36.819,10.1658,67.0,2.0,1.0,0.5,0.5524,2.0,2562.03,0.3128,4,0,1,0,1,0,0,1,1,1,1,1,0,1,1,1,0,0,335000.0,https://www.mubawab-media.com/ad/8/164/680F/h/IMG-20250620-WA0015_80508610.avif
20,0.26,35.8245,10.6346,100.0,3.0,3.0,0.5,0.517,2.0,150620.48,0.2754,4,0,0,0,0,0,0,0,0,0,0,1,0,0,0,0,0,0,340000.0,https://www.mubawab-media.com/ad/8/164/763F/h/thumb_51549_property_xlarge_80508452.avif
16,0.32,36.4561,10.7376,100.0,1.0,2.0,0.5,0.4552,2.0,154974.0,0.3148,3,0,0,1,1,0,0,0,0,1,1,1,0,0,0,0,0,0,195000.0,https://www.mubawab-media.com/ad/8/164/684F/h/image-0-684af10aa6b606-684c507301fda9.88653375_80507484.avif
20,0.284,36.8,10.1,140.0,3.0,3.0,0.5,0.3272,2.0,110184.0,0.2734,4,0,0,0,0,0,0,0,0,0,1,0,0,0,0,0,0,0,275000.0,https://www.mubawab-media.com/ad/8/104/635F/h/thumb_1031985_property_xlarge_79891719.avif
23,0.4,36.8769,10.3247,160.0,4.0,3.0,0.5,0.8015,2.0,2562.03,0.2903,4,0,1,1,1,0,0,1,1,1,1,1,1,1,1,1,0,0,450000.0,https://www.mubawab-media.com/ad/8/098/038F/h/IMG_4116_79826815.avif
4,0.24,37.2744,9.8739,250.0,3.0,2.0,0.5,0.4278,2.0,61540.22,0.2694,4,0,0,0,1,0,0,0,0,0,0,0,0,0,0,0,0,0,520000.0,https://www.mubawab-media.com/ad/8/164/332F/h/gallery_80503575.avif
23,0.4,36.8769,10.3247,60.0,2.0,1.0,0.5,0.8015,2.0,2562.03,0.3136,4,0,0,0,1,0,0,0,0,1,1,1,0,0,0,0,0,0,220000.0,https://www.mubawab-media.com/ad/8/145/603F/h/Design%20sans%20titre%20%282%29_80304131.avif
23,0.4,36.8769,10.3247,60.0,2.0,1.0,0.5,0.8015,2.0,2562.03,0.3156,4,0,1,0,1,0,0,1,0,0,0,0,0,0,1,0,0,0,290000.0,https://www.mubawab-media.com/ad/8/158/524F/h/Design%20sans%20titre%20%282%29_80443881.avif
1,0.3533,36.899,10.2358,153.0,4.0,3.0,0.5,0.4235,2.0,43985.0,0.318,4,0,1,0,1,0,0,1,0,0,0,0,0,0,1,0,0,0,560000.0,https://www.mubawab-media.com/ad/8/142/583F/h/Design%20sans%20titre%20%284%29_80274311.avif
1,0.3533,36.899,10.2358,116.0,3.0,2.0,0.5,0.4235,2.0,43985.0,0.3293,3,0,1,0,0,0,0,1,0,0,0,0,0,0,1,1,0,0,430000.0,https://www.mubawab-media.com/ad/8/110/414F/h/salon%201_79948679.avif
17,0.2367,36.8,10.1,148.0,7.0,3.0,0.5,0.1506,2.0,110184.0,0.3192,4,0,1,0,1,0,0,1,0,0,0,0,0,0,1,0,0,0,260000.0,https://www.mubawab-media.com/ad/8/163/753F/h/IMG_3197_80497579.avif
20,0.3067,36.8,10.1,130.0,4.0,3.0,0.5,0.334,2.0,110184.0,0.2798,4,0,1,0,1,0,0,0,1,0,1,0,0,0,0,0,0,0,450000.0,https://www.mubawab-media.com/ad/8/149/793F/h/Picture-7974195-1-watermark_80345212.avif
20,0.3333,35.8245,10.6346,85.0,3.0,2.0,0.5,0.2902,2.0,150620.48,0.3212,4,0,0,0,1,0,0,0,0,0,0,1,0,0,0,0,0,0,205000.0,https://www.mubawab-media.com/ad/8/125/943F/h/Picture-85845614-5-watermark_80107001.avif
13,0.2467,36.8,10.1,126.0,4.0,3.0,0.5,0.2476,2.0,110184.0,0.318,4,0,0,0,1,0,0,0,1,0,0,0,0,0,0,0,0,0,415000.0,https://www.mubawab-media.com/ad/8/129/426F/h/Picture-85853317-6-watermark_80141775.avif
16,0.13,36.8,10.1,178.0,5.0,2.0,0.5,0.2426,2.0,110184.0,0.2935,4,0,0,0,1,0,1,1,0,1,1,0,0,0,0,0,0,0,120000.0,https://www.mubawab-media.com/ad/8/163/543F/h/WhatsApp%20Image%202025-03-17%20at%2010.08.01_80495684.avif
1,0.2933,36.8665,10.1647,130.0,3.0,3.0,0.5,0.2426,2.0,43985.0,0.3305,4,0,0,0,1,0,0,0,0,1,1,0,0,0,0,0,0,0,360000.0,https://www.mubawab-media.com/ad/8/163/456F/h/thumb_1112037_property_large_80494893.avif
23,0.6867,36.819,10.1658,165.0,4.0,3.0,0.5,0.5524,2.0,2562.03,0.373,4,0,1,0,1,0,0,1,1,1,1,1,1,1,1,1,0,0,650000.0,https://www.mubawab-media.com/ad/8/163/411F/h/495268152_1233959191475703_8073143682969004257_n_80494432.avif
23,0.6867,36.819,10.1658,170.0,4.0,3.0,0.5,0.5524,2.0,2562.03,0.3614,4,0,0,0,1,0,0,1,1,1,1,1,0,0,0,0,0,0,816000.0,https://www.mubawab-media.com/ad/8/054/391F/h/logo1_79402755.avif
23,0.4,36.8769,10.3247,57.0,3.0,1.0,0.5,0.8015,2.0,2562.03,0.2782,4,0,1,0,0,0,0,1,0,0,0,0,0,0,1,0,0,0,227000.0,https://www.mubawab-media.com/ad/8/153/159F/h/photo_00_80388348.avif
23,0.1733,36.819,10.1658,114.0,4.0,4.0,0.5,0.6863,2.0,2562.03,0.2762,4,0,0,0,0,0,0,0,0,1,0,0,0,0,1,0,0,0,231000.0,https://www.mubawab-media.com/ad/8/162/925F/h/IMG_5083_80489514.avif
1,0.3533,36.899,10.2358,250.0,3.0,3.0,0.5,0.4235,2.0,43985.0,0.3082,4,0,0,0,1,0,0,1,0,0,0,0,0,0,1,1,0,0,860000.0,https://www.mubawab-media.com/ad/7/660/369F/h/333524688_889131202378087_3700508822348951402_n_43048467.avif
23,0.4,36.8769,10.3247,90.0,3.0,2.0,0.5,0.8015,2.0,2562.03,0.3198,4,0,1,0,0,0,0,0,0,1,0,0,0,0,1,0,0,0,475000.0,https://www.mubawab-media.com/ad/8/050/615F/h/thumb_966744_property_large_79363960.avif
16,0.32,36.4561,10.7376,160.0,4.0,3.0,0.5,0.4552,2.0,154974.0,0.2758,4,0,0,0,1,0,0,0,0,1,1,0,0,0,0,0,0,0,490000.0,https://www.mubawab-media.com/ad/8/144/519F/h/1_80293555.avif
1,0.332,36.819,10.2358,115.0,3.0,2.0,0.5,0.517,2.0,43985.0,0.3168,4,0,0,0,0,0,0,0,0,0,0,0,0,0,0,0,0,0,369000.0,nan
23,0.4,36.8769,10.3247,87.0,3.0,2.0,0.5,0.8015,2.0,2562.03,0.2786,4,0,0,0,0,0,0,0,0,0,0,0,0,0,0,0,0,0,235000.0,https://www.mubawab-media.com/ad/8/161/866F/h/1000006464_80478751.avif
23,0.4,36.8769,10.3247,94.0,2.0,1.0,0.5,0.8015,2.0,2562.03,0.3362,4,0,1,1,1,0,0,1,1,1,1,1,1,1,1,0,0,0,350000.0,https://www.mubawab-media.com/ad/8/155/540F/h/1748996481804_80413615.avif
3,0.04,36.7293,10.3349,29.0,2.0,1.0,0.5,0.2303,2.0,114262.5,0.3116,4,0,0,0,1,0,1,0,0,0,0,0,0,0,0,0,0,0,80000.0,https://www.mubawab-media.com/ad/8/161/240F/h/iul551dR_80472125.avif
23,0.4,36.8769,10.3247,133.0,4.0,4.0,0.5,0.8015,2.0,2562.03,0.277,4,0,0,0,0,0,0,0,0,0,0,1,0,0,0,0,0,0,325000.0,https://www.mubawab-media.com/ad/8/145/917F/h/thumb_1093711_property_xlarge_80307116.avif
13,0.16,36.8,10.1,500.0,1.0,1.0,0.5,0.2875,2.0,110184.0,0.2802,3,0,0,0,1,0,0,0,0,0,0,0,0,0,0,0,0,0,650000.0,https://www.mubawab-media.com/ad/7/974/145F/h/thumb_878841_property_large_78602581.avif
1,0.3533,36.899,10.2358,178.0,4.0,3.0,0.5,0.4235,2.0,43985.0,0.3096,4,0,1,0,1,0,0,1,0,0,0,0,0,0,0,1,0,0,780000.0,https://www.mubawab-media.com/ad/8/160/461F/h/thumb_920384_property_large_80464125.avif
20,0.3067,35.8604,10.5953,59.0,2.0,1.0,0.5,0.3642,2.0,150620.48,0.3164,4,0,0,0,1,0,1,1,0,1,0,0,0,0,0,0,0,0,350000.0,https://www.mubawab-media.com/ad/8/126/188F/h/thumb_1071409_property_xlarge_80109261.avif
23,0.4,36.8769,10.3247,120.0,4.0,3.0,0.5,0.8015,2.0,2562.03,0.2778,4,0,0,0,1,0,0,0,0,1,1,1,0,0,0,0,0,0,250000.0,https://www.mubawab-media.com/ad/8/127/916F/h/thumb_1073360_property_xlarge_80126362.avif
20,0.3333,35.8245,10.6346,90.0,3.0,2.0,0.5,0.2902,2.0,150620.48,0.3085,4,0,1,1,1,0,0,0,0,0,0,0,0,0,0,0,0,0,370000.0,https://www.mubawab-media.com/ad/8/114/372F/h/17_79987626.avif
13,0.16,36.8,10.1,82.0,2.0,1.0,0.5,0.2875,2.0,110184.0,0.316,3,0,0,0,1,0,0,1,0,1,1,0,0,0,0,0,0,0,155000.0,https://www.mubawab-media.com/ad/7/980/674F/h/image%20%281%29_78666952.avif
1,0.3533,36.899,10.2358,62.0,2.0,1.0,0.5,0.4235,2.0,43985.0,0.3144,4,0,1,0,1,0,0,1,0,0,0,0,0,0,1,0,0,0,240000.0,https://www.mubawab-media.com/ad/8/094/429F/h/1000087261_79793138.avif
12,0.22,35.5047,11.0622,82.0,1.0,2.0,0.5,0.4425,2.0,1278.45,0.2746,4,0,1,0,0,0,0,0,0,0,0,0,0,0,1,0,0,0,295000.0,https://www.mubawab-media.com/ad/8/147/480F/h/Design%20sans%20titre%20%281%29_80322899.avif
23,0.4,36.8769,10.3247,144.0,4.0,3.0,0.5,0.8015,2.0,2562.03,0.2738,4,0,1,0,1,0,0,0,0,0,0,0,0,0,1,0,0,0,340000.0,https://www.mubawab-media.com/ad/8/060/790F/h/IMG_2885_79465504.avif
16,0.32,36.4561,10.7376,135.0,4.0,3.0,0.5,0.4552,2.0,154974.0,0.2754,4,0,0,0,1,0,0,1,1,1,1,1,1,1,1,0,0,0,430000.0,https://www.mubawab-media.com/ad/8/158/571F/h/a2a0c4df-0ab1-4307-98d8-a1a0a30b8016_80444543.avif
16,0.32,36.4561,10.7376,105.0,3.0,2.0,0.5,0.4552,2.0,154974.0,0.2782,4,0,0,0,1,0,1,0,1,1,1,1,0,0,1,0,0,0,365000.0,https://www.mubawab-media.com/ad/8/027/825F/h/1_79136573.avif
23,0.4,36.8769,10.3247,120.0,3.0,2.0,0.5,0.8015,2.0,2562.03,0.3156,4,0,1,1,1,0,0,1,0,1,1,1,0,0,0,0,0,0,650000.0,https://www.mubawab-media.com/ad/8/116/084F/h/5e93f19b-9982-4dfd-b999-4bc1e852e346_80005715.avif
1,0.32,36.8665,10.1647,187.0,1.0,4.0,0.5,0.5305,2.0,43985.0,0.273,4,0,0,0,1,0,0,1,0,1,1,1,0,0,0,0,0,0,580000.0,https://www.mubawab-media.com/ad/8/158/336F/h/124fa0cb-718b-4fe2-b051-4265283fea45_80441817.avif
1,0.32,36.8665,10.1647,169.0,4.0,3.0,0.5,0.5305,2.0,43985.0,0.3116,4,0,1,0,0,0,0,1,1,1,1,1,0,0,1,0,0,0,395000.0,https://www.mubawab-media.com/ad/8/153/162F/h/3fb19c3c-0dcb-4e8a-8690-c9726388d480-scaled_80379984.avif
1,0.32,36.8665,10.1647,167.0,3.0,3.0,0.5,0.5305,2.0,43985.0,0.2722,4,0,1,0,0,0,0,0,0,0,1,0,0,0,0,0,0,0,395000.0,https://www.mubawab-media.com/ad/8/033/085F/h/thumb_946741_property_large_79188975.avif
20,0.0033,36.8,10.1,500.0,1.0,2.0,0.5,0.183,2.0,110184.0,0.2718,4,0,0,1,0,0,0,0,0,1,0,0,0,0,0,0,0,0,1500000.0,https://www.mubawab-media.com/ad/8/157/832F/h/9da9bbcd-59bb-4b0b-9071-9e0c178a63f5_80436879.avif
1,0.3533,36.899,10.2358,162.0,4.0,3.0,0.5,0.4235,2.0,43985.0,0.3136,4,0,0,0,1,0,0,0,1,0,0,0,0,0,0,0,0,0,410000.0,https://www.mubawab-media.com/ad/7/770/983F/h/thumb_650392_property_xlarge_55256068.avif
23,0.4,36.8769,10.3247,73.0,2.0,1.0,0.5,0.8015,2.0,2562.03,0.3382,4,0,0,0,0,0,0,1,1,0,0,1,0,0,0,0,0,0,370000.0,https://www.mubawab-media.com/ad/8/073/636F/h/thumb_992192_property_large_79590800.avif
1,0.332,36.819,10.2358,115.0,3.0,2.0,0.5,0.517,2.0,43985.0,0.3168,4,0,0,0,0,0,0,0,0,0,0,0,0,0,0,0,0,0,369000.0,nan
23,0.1733,36.819,10.1658,287.0,5.0,4.0,0.5,0.6863,2.0,2562.03,0.318,4,0,0,0,1,0,0,0,0,0,0,0,0,0,0,0,0,0,290000.0,https://www.mubawab-media.com/ad/8/127/963F/h/dd5b0b7e-b7e9-42f6-8b5b-f6731f5c57dc_fb6e486e-721b-4adf-b101-b338b445bced_80126747.avif
23,0.6867,36.819,10.1658,100.0,3.0,1.0,0.5,0.5524,2.0,2562.03,0.3017,4,0,1,0,0,0,0,0,1,1,1,1,1,1,1,1,0,0,436000.0,https://www.mubawab-media.com/ad/8/139/053F/h/photo_0_80239651.avif
1,0.3533,36.899,10.2358,110.0,1.0,2.0,0.5,0.4235,2.0,43985.0,0.3188,4,0,1,0,1,0,0,1,1,1,1,1,1,1,1,0,0,0,396000.0,https://www.mubawab-media.com/ad/8/095/472F/h/thumb_1018232_property_large_79802506.avif
23,0.4,36.8769,10.3247,62.0,3.0,1.0,0.5,0.8015,2.0,2562.03,0.322,4,0,1,0,1,0,0,0,1,1,1,1,0,1,1,0,0,0,232500.0,https://www.mubawab-media.com/ad/8/152/502F/h/photo_00_80372680.avif
23,0.4,36.8769,10.3247,92.0,2.0,2.0,0.5,0.8015,2.0,2562.03,0.312,4,0,1,0,0,0,0,0,0,0,0,0,0,0,1,0,0,0,230000.0,https://www.mubawab-media.com/ad/8/074/565F/h/thumb_993338_property_large_79600025.avif
23,0.092,36.8,10.1,113.0,3.0,2.0,0.5,0.3155,2.0,110184.0,0.2694,4,0,0,0,0,0,0,0,1,0,0,1,0,0,0,0,0,0,245000.0,https://www.mubawab-media.com/ad/8/156/573F/h/gallery_80424461.avif
16,0.32,36.4561,10.7376,79.0,2.0,1.0,0.5,0.4552,2.0,154974.0,0.2778,4,0,0,0,1,0,0,0,0,0,0,0,0,0,0,0,0,0,219000.0,https://www.mubawab-media.com/ad/8/027/478F/h/1_80097932.avif
23,0.6867,36.819,10.1658,67.0,3.0,1.0,0.5,0.5524,2.0,2562.03,0.3666,4,0,0,0,1,0,0,0,0,0,0,0,0,0,0,0,0,0,335000.0,https://www.mubawab-media.com/ad/8/139/037F/h/thumb_1086356_property_xlarge_80239518.avif
23,0.092,36.8,10.1,138.0,1.0,3.0,0.5,0.3155,2.0,110184.0,0.2746,4,0,1,0,1,0,0,1,0,0,0,0,0,0,0,1,0,0,360000.0,https://www.mubawab-media.com/ad/8/155/407F/h/IMG-20250603-WA0011_80412119.avif
1,0.32,36.8665,10.1647,67.0,1.0,1.0,0.5,0.5305,2.0,43985.0,0.2734,4,0,1,0,1,0,0,1,0,1,0,0,0,0,0,0,0,0,275950.0,https://www.mubawab-media.com/ad/8/155/179F/h/4b461fd4-bbd0-411c-b650-acf63c1d95ee_80409782.avif
16,0.32,36.4561,10.7376,70.0,2.0,2.0,0.5,0.4552,2.0,154974.0,0.316,4,0,0,0,0,0,0,0,0,0,0,0,0,0,0,0,0,0,195000.0,https://www.mubawab-media.com/ad/8/154/974F/h/1_80407177.avif
1,0.32,36.8665,10.1647,90.0,4.0,2.0,0.5,0.5305,2.0,43985.0,0.273,4,0,0,0,1,0,0,1,0,0,0,0,0,0,1,1,0,0,320000.0,https://www.mubawab-media.com/ad/8/152/557F/h/1000018673_80404368.avif
1,0.3533,36.899,10.2358,58.0,1.0,1.0,0.5,0.4235,2.0,43985.0,0.3164,4,0,1,0,1,0,0,1,0,0,0,0,0,0,1,0,0,0,270000.0,https://www.mubawab-media.com/ad/8/100/352F/h/D31789C4-2A81-4786-8A37-E07976C48B40_1_105_c_79848980.avif
20,0.3067,36.8,10.1,161.0,1.0,3.0,0.5,0.3807,2.0,110184.0,0.3148,4,0,1,0,1,0,0,1,0,1,0,0,0,0,0,0,0,0,560000.0,https://www.mubawab-media.com/ad/8/154/451F/h/thumb_61379_property_xlarge_80401013.avif
1,0.32,36.8665,10.1647,157.0,4.0,3.0,0.5,0.5305,2.0,43985.0,0.3116,4,0,1,0,0,0,0,0,0,1,1,0,0,0,0,0,0,0,340000.0,https://www.mubawab-media.com/ad/8/153/114F/h/6d7ed184-3bd4-4bf4-88c2-2f71274ac41f-scaled_80379470.avif
23,0.4,36.8769,10.3247,113.0,3.0,2.0,0.5,0.8015,2.0,2562.03,0.318,4,0,1,0,1,0,0,1,1,1,1,1,1,1,1,1,0,0,430000.0,https://www.mubawab-media.com/ad/8/154/352F/h/WhatsApp%20Image%202025-05-30%20at%204.33.50%20PM%20%283%29_80399900.avif
13,0.16,36.8,10.1,126.0,4.0,3.0,0.5,0.2875,2.0,110184.0,0.275,4,0,1,0,1,0,0,1,1,0,1,1,0,0,1,0,0,0,330000.0,https://www.mubawab-media.com/ad/8/138/170F/h/WhatsApp%20Image%202025-05-07%20at%2015.47.48%20%282%29_80230355.avif
23,0.4,36.8769,10.3247,130.0,3.0,2.0,0.5,0.8015,2.0,2562.03,0.2884,4,0,0,0,1,0,0,0,0,1,1,1,0,0,0,0,0,0,395000.0,https://www.mubawab-media.com/ad/8/152/999F/h/501055342_122224938338038090_7101992350163253024_n_80377611.avif
23,0.4,36.8769,10.3247,90.0,3.0,2.0,0.5,0.8015,2.0,2562.03,0.324,4,0,1,0,1,0,0,1,0,0,0,0,0,0,1,0,0,0,315000.0,https://www.mubawab-media.com/ad/8/152/496F/h/photo_00_80372610.avif
20,0.3333,35.8245,10.6346,90.0,2.0,2.0,0.5,0.2902,2.0,150620.48,0.2746,4,0,0,0,1,1,1,0,0,0,0,0,0,0,1,0,0,0,450000.0,https://www.mubawab-media.com/ad/8/153/422F/h/IMG-20250514-WA0045_80389758.avif
23,0.4,36.8769,10.3247,74.0,3.0,2.0,0.5,0.8015,2.0,2562.03,0.3325,4,0,0,0,1,1,0,1,1,0,0,0,0,0,0,0,0,0,290000.0,https://www.mubawab-media.com/ad/8/153/351F/h/thumb_1102210_property_xlarge_80389037.avif
23,0.4,36.8769,10.3247,172.0,4.0,3.0,0.5,0.8015,2.0,2562.03,0.2758,4,0,1,0,1,0,0,1,0,0,0,0,0,0,1,0,0,0,500000.0,https://www.mubawab-media.com/ad/8/118/841F/h/thumb_1060444_property_large_80035150.avif
23,0.6867,36.819,10.1658,163.0,3.0,3.0,0.5,0.5524,2.0,2562.03,0.3273,4,0,0,0,0,0,0,1,0,1,1,0,0,0,0,1,0,0,650000.0,https://www.mubawab-media.com/ad/8/130/409F/h/thumb_1075752_property_large_80151705.avif
1,0.3533,36.899,10.2358,107.0,3.0,2.0,0.5,0.4235,2.0,43985.0,0.2746,1,0,1,0,1,0,0,1,0,0,0,0,0,0,1,0,0,0,415000.0,https://www.mubawab-media.com/ad/8/135/317F/h/photo_0_80202823.avif
23,0.6867,36.819,10.1658,95.0,3.0,2.0,0.5,0.5524,2.0,2562.03,0.3017,4,0,1,0,1,0,0,0,1,1,1,1,1,1,1,0,0,0,475000.0,https://www.mubawab-media.com/ad/8/139/046F/h/photo_00_80239590.avif
23,0.6867,36.819,10.2358,115.0,3.0,2.0,0.5,0.517,2.0,43985.0,0.3168,4,0,0,0,0,0,0,0,0,0,0,0,0,0,0,0,0,0,419000.0,nan
20,0.3067,35.8604,10.5953,167.0,4.0,3.0,0.5,0.3642,2.0,150620.48,0.3104,4,0,1,1,1,1,1,0,1,1,1,1,0,1,1,1,0,0,460000.0,https://www.mubawab-media.com/ad/8/152/757F/h/IMG-20250525-WA0006_80375106.avif
16,0.2833,36.4561,10.7376,107.0,6.0,2.0,0.5,0.4454,2.0,154974.0,0.3391,4,0,1,0,1,0,1,1,0,1,1,1,1,0,1,1,0,0,350000.0,https://www.mubawab-media.com/ad/8/152/737F/h/IMG-20250523-WA0025_80374927.avif
1,0.3533,36.899,10.2358,115.0,3.0,2.0,0.5,0.4235,2.0,43985.0,0.3104,4,0,0,0,0,0,0,0,0,0,0,1,0,0,0,1,0,0,242000.0,https://www.mubawab-media.com/ad/8/152/104F/h/5a90058d-7cd8-44fc-81ca-29e75088174d_80368862.avif
23,0.4,36.8769,10.3247,182.0,3.0,2.0,0.5,0.8015,2.0,2562.03,0.318,2,0,0,0,1,0,0,1,0,0,0,0,0,0,0,1,0,0,448000.0,https://www.mubawab-media.com/ad/8/097/623F/h/0cc321ff-ec57-4329-bb73-95856d9c25f1%20%281%29_79823796.avif
4,0.12,36.8,10.1,300.0,4.0,3.0,0.5,0.2697,2.0,110184.0,0.2935,4,0,0,0,1,0,0,0,1,1,0,1,1,0,0,0,0,0,650000.0,https://www.mubawab-media.com/ad/8/109/809F/h/1_79942252.avif
1,0.3533,36.899,10.2358,62.0,2.0,1.0,0.5,0.4235,2.0,43985.0,0.318,4,0,1,0,1,0,0,1,1,1,1,1,1,0,1,0,0,0,260000.0,https://www.mubawab-media.com/ad/8/142/621F/h/Design%20sans%20titre%20%284%29_80274811.avif
23,0.4,36.8769,10.3247,64.0,2.0,1.0,0.5,0.8015,2.0,2562.03,0.2754,4,0,1,1,0,0,0,1,0,0,0,0,0,0,1,0,0,0,320000.0,https://www.mubawab-media.com/ad/8/151/363F/h/899147c7-6ced-4540-936d-fd959b268b32_80361308.avif
23,0.4,36.8769,10.3247,139.0,2.0,1.0,0.5,0.8015,2.0,2562.03,0.3128,4,0,0,0,1,0,0,0,0,0,0,0,0,0,0,1,0,0,1050000.0,https://www.mubawab-media.com/ad/8/151/160F/h/L_0234a5de-f96a-472f-8556-aa05a02ec3dd_80359292.avif
23,0.32,36.844,10.192,220.0,3.0,4.0,0.5,0.3403,2.0,43985.0,0.3212,4,0,0,0,0,0,0,1,0,0,0,0,0,0,0,0,0,0,530000.0,https://www.mubawab-media.com/ad/8/151/133F/h/photo_00_80358996.avif
17,0.1427,34.7405,10.7603,150.0,7.0,3.0,0.5,0.3081,2.0,130875.5,0.279,4,0,1,0,1,0,0,1,0,0,0,0,0,0,1,0,0,0,265000.0,https://www.mubawab-media.com/ad/8/150/897F/h/IMG_1073_80356678.avif
20,0.3333,35.8245,10.6346,70.0,1.0,1.0,0.5,0.2902,2.0,150620.48,0.2822,4,0,0,0,1,1,0,1,0,0,0,0,1,0,0,0,0,0,240000.0,https://www.mubawab-media.com/ad/8/096/837F/h/thumb_1020326_property_large_79815500.avif
1,0.3533,36.899,10.2358,171.0,4.0,3.0,0.5,0.4235,2.0,43985.0,0.2718,4,0,1,0,1,0,0,1,0,0,0,0,0,0,1,0,0,0,700000.0,https://www.mubawab-media.com/ad/8/095/335F/h/d943d873-79f1-4356-8fde-1cc1348b6855_79801402.avif
23,0.32,36.844,10.192,162.0,4.0,3.0,0.5,0.3403,2.0,43985.0,0.2738,4,0,1,0,1,1,0,1,0,0,0,0,0,0,0,0,0,0,530000.0,https://www.mubawab-media.com/ad/8/150/252F/h/appartement%20a%CC%80%20el%20Menzah9%20a%CC%80%20vendre_80350045.avif
16,0.2367,36.8,10.1,200.0,4.0,3.0,0.5,0.1511,2.0,110184.0,0.2891,1,0,0,0,1,0,0,1,0,0,0,1,0,0,0,0,0,0,650000.0,https://www.mubawab-media.com/ad/8/150/127F/h/Sans%20titre%20%28Votre%20story%29_80348535.avif
23,0.4,36.8769,10.3247,120.0,5.0,3.0,0.5,0.8015,2.0,2562.03,0.2778,4,0,1,0,0,0,0,0,0,0,0,0,0,0,0,0,0,0,450000.0,https://www.mubawab-media.com/ad/8/150/097F/h/thumb_605666_property_large_80348123.avif
1,0.32,36.8665,10.1647,110.0,3.0,2.0,0.5,0.5305,2.0,43985.0,0.2694,4,0,0,0,0,0,0,1,0,0,1,0,0,0,0,0,0,0,180000.0,https://www.mubawab-media.com/ad/8/076/242F/h/gallery_79616889.avif
23,0.4,36.8769,10.3247,137.0,3.0,2.0,0.5,0.8015,2.0,2562.03,0.3338,4,0,1,0,1,0,0,1,1,1,1,1,0,0,1,0,0,0,800000.0,https://www.mubawab-media.com/ad/8/044/771F/h/logo1_79411191.avif
1,0.3533,36.899,10.2358,93.0,3.0,2.0,0.5,0.4235,2.0,43985.0,0.318,4,0,1,0,1,0,0,1,1,1,1,1,1,0,1,0,0,0,380000.0,https://www.mubawab-media.com/ad/8/142/609F/h/Design%20sans%20titre%20%284%29_80274573.avif
1,0.3533,36.899,10.2358,139.0,4.0,3.0,0.5,0.4235,2.0,43985.0,0.3176,4,0,1,0,1,0,0,1,1,1,1,1,1,1,1,0,0,0,486000.0,https://www.mubawab-media.com/ad/8/149/787F/h/WhatsApp%20Image%202025-05-19%20%C3%A0%2015.46.55_44eebb2e_80345135.avif
23,0.4,36.8769,10.3247,154.0,3.0,3.0,0.5,0.8015,2.0,2562.03,0.2778,4,0,1,0,1,0,0,0,1,1,1,0,0,1,1,0,0,0,380000.0,https://www.mubawab-media.com/ad/8/149/647F/h/IMG_20250525_013551_80343812.avif
1,0.3533,36.899,10.2358,57.0,2.0,1.0,0.5,0.4235,2.0,43985.0,0.2698,4,0,1,0,0,0,0,1,0,0,0,0,0,0,1,1,0,0,268000.0,https://www.mubawab-media.com/ad/8/133/321F/h/IMG_6246_80181750.avif
1,0.3533,36.899,10.2358,58.0,2.0,1.0,0.5,0.4235,2.0,43985.0,0.318,4,0,1,0,1,0,0,1,0,0,0,0,0,0,0,1,0,0,235000.0,https://www.mubawab-media.com/ad/8/142/647F/h/Design%20sans%20titre%20%284%29_80274891.avif
1,0.32,36.8665,10.1647,49.0,1.0,1.0,0.5,0.5305,2.0,43985.0,0.3285,4,0,0,0,0,0,0,0,0,1,0,0,0,0,0,1,0,0,169000.0,https://www.mubawab-media.com/ad/8/148/765F/h/Screenshot_2025-05-24-00-13-26-54_be80aec1db9a2b53c9d399db0c602181_80335462.avif
20,0.3333,35.8245,10.6346,67.0,3.0,2.0,0.5,0.2902,2.0,150620.48,0.31,4,0,0,0,1,0,0,0,0,1,0,0,0,0,0,0,0,0,260000.0,https://www.mubawab-media.com/ad/7/918/036F/h/WhatsApp%20Image%202024-03-30%20at%2011.58.18%20%281%29_75463235.avif
23,0.6867,36.819,10.1658,150.0,4.0,3.0,0.5,0.5524,2.0,2562.03,0.3638,4,0,1,0,1,0,0,1,0,0,0,0,0,0,1,0,0,0,800000.0,https://www.mubawab-media.com/ad/8/099/461F/h/e973422d-7dd3-4ae0-b5bf-60c774917608_79840211.avif
3,0.0933,36.7533,10.2283,100.0,3.0,2.0,0.5,0.2965,2.0,114262.5,0.318,1,0,0,0,1,0,0,1,0,0,0,0,0,0,0,0,0,0,150000.0,https://www.mubawab-media.com/ad/8/148/364F/h/493719878_1219781203191950_2801566648256659023_n_80331420.avif
23,0.4,36.819,10.2358,115.0,3.0,2.0,0.5,0.517,2.0,43985.0,0.3168,4,0,0,0,0,0,0,0,0,0,0,0,0,0,0,0,0,0,240000.0,nan
1,0.332,36.8665,10.1647,80.0,3.0,2.0,0.5,0.247,2.0,43985.0,0.2718,4,0,0,0,1,0,0,1,0,1,1,0,0,1,1,0,0,0,180000.0,https://www.mubawab-media.com/ad/8/148/262F/h/IMG-20250511-WA0006_80330457.avif
16,0.32,36.4561,10.7376,105.0,3.0,2.0,0.5,0.4552,2.0,154974.0,0.3156,4,0,0,0,0,0,0,1,0,0,0,0,0,0,0,0,0,0,420000.0,https://www.mubawab-media.com/ad/8/143/143F/h/1%20%282%29_80279592.avif
7,0.2513,36.5011,8.7757,100.0,3.0,4.0,0.5,0.2519,2.0,152144.23,0.3168,4,0,1,1,1,1,1,0,1,1,0,1,1,1,1,0,0,1,327000.0,https://www.mubawab-media.com/ad/8/042/649F/h/photo_0_79284613.avif
20,0.32,36.8,10.1,140.0,1.0,3.0,0.5,0.3244,2.0,110184.0,0.2782,4,0,1,0,1,0,0,0,0,1,1,1,0,0,0,0,0,0,270000.0,https://www.mubawab-media.com/ad/8/147/586F/h/1_80323819.avif
23,0.4,36.8769,10.3247,125.0,3.0,2.0,0.5,0.8015,2.0,2562.03,0.318,4,0,1,0,1,0,0,1,1,1,1,1,1,1,1,1,0,0,400000.0,https://www.mubawab-media.com/ad/8/147/525F/h/464315774_573860101969885_7596734855495767180_n_80323334.avif
20,0.0033,36.8,10.1,107.0,4.0,3.0,0.5,0.183,2.0,110184.0,0.2742,4,0,0,0,0,0,0,1,1,0,0,1,1,0,1,1,0,0,126000.0,https://www.mubawab-media.com/ad/8/147/380F/h/IMG_20250422_171347_80321650.avif
20,0.0033,36.8,10.1,90.0,4.0,3.0,0.5,0.183,2.0,110184.0,0.2742,4,0,0,0,0,0,0,1,0,0,0,0,0,0,0,1,0,0,97000.0,https://www.mubawab-media.com/ad/8/147/374F/h/WhatsApp%20Image%202025-04-25%20at%2010.59.27%20%284%29_80321608.avif
20,0.0033,36.8,10.1,73.0,3.0,2.0,0.5,0.183,2.0,110184.0,0.2742,4,0,0,0,0,0,0,1,0,0,0,0,0,0,0,1,0,0,69000.0,https://www.mubawab-media.com/ad/8/147/357F/h/IMG_20250429_151254_80321528.avif
20,0.32,36.819,10.2358,75.0,2.0,1.0,0.5,0.517,2.0,43985.0,0.3168,4,0,1,1,0,0,0,1,0,0,0,0,0,0,1,0,0,0,293000.0,nan
23,0.4,36.8769,10.3247,116.0,3.0,2.0,0.5,0.8015,2.0,2562.03,0.2786,4,0,1,0,1,0,0,1,0,0,0,0,0,0,1,0,0,0,345000.0,https://www.mubawab-media.com/ad/8/146/801F/h/493289429_122127786212767161_3140728080291123214_n_80315720.avif
1,0.3533,36.899,10.2358,115.0,2.0,2.0,0.5,0.4235,2.0,43985.0,0.3179,4,0,0,0,1,0,0,1,0,1,0,0,0,0,0,1,0,0,250000.0,https://www.mubawab-media.com/ad/8/125/436F/h/thumb_1010482_property_large_80101733.avif
23,0.1733,36.819,10.2358,386.0,6.0,4.0,0.5,0.517,2.0,43985.0,0.3168,1,0,1,0,1,0,0,0,0,1,0,0,0,0,0,0,0,0,4500000.0,https://www.mubawab-media.com/ad/8/146/476F/h/IMMEUBLE%20a_80312514.avif
1,0.3533,36.899,10.2358,99.0,4.0,2.0,0.5,0.4235,2.0,43985.0,0.3168,4,0,1,0,0,0,0,0,0,0,0,0,0,0,1,0,0,0,315000.0,https://www.mubawab-media.com/ad/8/146/436F/h/IMG_7363_80312108.avif
23,0.1733,36.819,10.1658,130.0,1.0,3.0,0.5,0.6863,2.0,2562.03,0.2754,4,0,0,0,1,0,0,0,0,0,0,0,1,0,0,0,0,0,330000.0,https://www.mubawab-media.com/ad/8/115/447F/h/IMG_5486_79999064.avif
20,0.3333,35.8245,10.6346,110.0,3.0,2.0,0.5,0.2902,2.0,150620.48,0.3407,4,0,1,0,1,0,1,0,0,0,0,0,0,0,1,0,0,0,210000.0,https://www.mubawab-media.com/ad/8/104/146F/h/Rouge%20blanc%20simple%20professionnel%20immobilier%20flyer%20%281%29_79886313.avif
16,0.32,36.4561,10.7376,103.0,3.0,3.0,0.5,0.4552,2.0,154974.0,0.2758,4,0,0,0,1,0,0,0,0,1,1,1,0,0,0,0,0,1,26000.0,https://www.mubawab-media.com/ad/8/145/426F/h/0a781330-2b66-4f74-a79e-d50aa4d4f527_80522814.avif
1,0.32,36.8665,10.1647,118.0,7.0,3.0,0.5,0.5305,2.0,43985.0,0.2706,4,0,0,0,1,0,0,1,1,1,1,1,1,0,1,0,0,0,400000.0,https://www.mubawab-media.com/ad/8/144/838F/h/IMG_5636_80297140.avif
1,0.3533,36.899,10.2358,117.0,2.0,1.0,0.5,0.4235,2.0,43985.0,0.318,4,0,1,0,1,0,0,1,1,1,1,1,1,1,1,1,0,0,308000.0,https://www.mubawab-media.com/ad/8/142/509F/h/Design%20sans%20titre%20%284%29_80273746.avif
1,0.3533,36.899,10.2358,144.0,4.0,3.0,0.5,0.4235,2.0,43985.0,0.3168,4,0,1,0,1,0,0,0,1,1,1,1,0,0,0,0,0,0,410000.0,https://www.mubawab-media.com/ad/8/144/910F/h/att.FsI2CbSE-SX1vL3GP45jGmNvpZfNpsFXpN0uOxnq8sQ_80297735.avif
23,0.1733,36.819,10.1658,86.0,1.0,4.0,0.5,0.6863,2.0,2562.03,0.3152,2,0,0,0,0,0,0,0,0,0,0,0,0,0,0,1,0,0,180000.0,https://www.mubawab-media.com/ad/8/144/692F/h/Messenger_creation_3FADD662-DD5F-437E-8FB2-C026E140F41B_80295599.avif
16,0.32,36.4561,10.7376,90.0,2.0,1.0,0.5,0.4552,2.0,154974.0,0.2762,4,0,0,0,1,0,1,1,0,0,0,0,0,0,0,1,0,0,320000.0,https://www.mubawab-media.com/ad/8/144/567F/h/b1032d40-f315-4701-a343-2316bccffd13_80294105.avif
23,0.1733,36.819,10.1658,175.0,4.0,4.0,0.5,0.6863,2.0,2562.03,0.3093,4,0,1,0,0,0,0,1,0,0,0,0,0,0,0,0,0,0,370000.0,https://www.mubawab-media.com/ad/8/069/832F/h/WhatsApp%20Image%202025-01-07%20at%203.17.51%20PM_79553779.avif
1,0.3533,36.899,10.2358,77.0,3.0,1.0,0.5,0.4235,2.0,43985.0,0.3232,4,0,1,0,1,0,0,1,0,0,0,0,0,0,0,1,0,0,291100.0,https://www.mubawab-media.com/ad/8/143/151F/h/photo_0_80290148.avif
17,0.46,36.8,10.1,139.0,3.0,3.0,0.5,0.3961,2.0,110184.0,0.3224,4,0,1,0,1,0,0,1,0,0,0,0,0,0,0,1,0,0,486500.0,https://www.mubawab-media.com/ad/8/144/151F/h/photo_0_80290037.avif
23,0.3067,36.8,10.1,260.0,4.0,3.0,0.5,0.3453,2.0,110184.0,0.3156,4,0,1,0,0,0,0,1,1,1,1,1,0,1,1,0,0,0,780000.0,https://www.mubawab-media.com/ad/8/144/049F/h/WhatsApp%20Image%202025-05-16%20at%2016.12.45_80288924.avif
23,0.4,36.819,10.2358,115.0,3.0,2.0,0.5,0.517,2.0,43985.0,0.3168,4,0,0,0,0,0,0,0,0,0,0,0,0,0,0,0,0,0,240000.0,nan
20,0.3333,35.8245,10.6346,50.0,1.0,1.0,0.5,0.2902,2.0,150620.48,0.3164,4,0,1,0,0,0,1,0,0,0,0,0,0,0,1,1,0,0,280000.0,https://www.mubawab-media.com/ad/8/022/513F/h/thumb_59702_property_xlarge_79086676.avif
1,0.3533,36.899,10.2358,139.0,1.0,3.0,0.5,0.4235,2.0,43985.0,0.3192,4,0,1,0,1,0,0,1,1,1,1,1,1,1,1,0,0,0,500000.0,https://www.mubawab-media.com/ad/8/095/498F/h/thumb_1018274_property_large_79802667.avif
1,0.3533,36.899,10.2358,113.0,1.0,2.0,0.5,0.4235,2.0,43985.0,0.3188,4,0,1,0,1,0,0,1,1,1,1,1,1,1,0,0,0,0,406800.0,https://www.mubawab-media.com/ad/8/096/067F/h/thumb_1019060_property_large_79808383.avif
1,0.3533,36.899,10.2358,127.0,1.0,3.0,0.5,0.4235,2.0,43985.0,0.3188,4,0,1,0,1,0,0,1,1,1,1,1,1,1,0,0,0,0,457200.0,https://www.mubawab-media.com/ad/8/096/026F/h/thumb_1018843_property_large_79808028.avif
4,0.12,36.8,10.1,129.0,4.0,3.0,0.5,0.2697,2.0,110184.0,0.3333,4,0,0,0,1,0,1,0,0,0,0,0,0,0,0,0,0,0,300000.0,https://www.mubawab-media.com/ad/8/142/948F/h/thumb_1089779_property_xlarge_80277839.avif
23,0.4,36.8769,10.3247,88.0,3.0,2.0,0.5,0.8015,2.0,2562.03,0.324,4,0,1,1,0,0,0,0,0,0,0,0,0,0,1,0,0,0,220000.0,https://www.mubawab-media.com/ad/8/142/454F/h/photo_00_80273128.avif
1,0.3533,36.899,10.2358,125.0,3.0,3.0,0.5,0.4235,2.0,43985.0,0.2734,4,0,0,0,1,0,0,1,0,0,1,0,0,0,1,0,0,0,300000.0,https://www.mubawab-media.com/ad/8/138/150F/h/thumb_1085298_property_large_80230048.avif
23,0.6867,36.819,10.1658,67.0,3.0,1.0,0.5,0.5524,2.0,2562.03,0.3411,4,0,0,0,1,0,0,0,0,0,0,0,0,0,0,0,0,0,276000.0,https://www.mubawab-media.com/ad/8/021/806F/h/thumb_932073_property_xlarge_79079562.avif
23,0.6867,36.819,10.1658,112.0,4.0,3.0,0.5,0.5524,2.0,2562.03,0.3395,4,0,1,0,0,0,0,1,0,1,0,0,0,0,0,0,0,0,740000.0,https://www.mubawab-media.com/ad/8/141/783F/h/thumb_1090214_property_xlarge_80266417.avif
1,0.32,36.8665,10.1647,62.0,1.0,1.0,0.5,0.5305,2.0,43985.0,0.3088,4,0,0,0,1,0,0,0,0,0,1,0,0,0,0,0,0,0,165000.0,https://www.mubawab-media.com/ad/8/141/659F/h/IMG-20250513-WA0005_80265246.avif
20,0.32,36.8,10.1,62.0,1.0,1.0,0.5,0.3244,2.0,110184.0,0.2762,4,0,1,0,0,0,0,0,1,1,0,0,0,0,1,0,0,0,270000.0,https://www.mubawab-media.com/ad/8/141/429F/h/IMG_1201_80263854.avif
20,0.3067,35.8604,10.5953,62.0,1.0,1.0,0.5,0.3642,2.0,150620.48,0.3144,4,0,1,0,1,1,1,0,0,0,0,0,0,0,0,0,0,0,270000.0,https://www.mubawab-media.com/ad/8/141/363F/h/IMG_1544_80263110.avif
20,0.32,36.8,10.1,155.0,5.0,4.0,0.5,0.3244,2.0,110184.0,0.2814,4,0,0,0,1,0,0,0,0,0,0,1,0,0,0,0,0,0,500000.0,https://www.mubawab-media.com/ad/8/141/252F/h/IMG-20250509-WA0004_80261901.avif
16,0.32,36.4561,10.7376,116.0,3.0,2.0,0.5,0.4552,2.0,154974.0,0.3172,4,0,0,0,1,0,0,1,0,0,0,0,0,0,0,0,0,1,390000.0,https://www.mubawab-media.com/ad/8/140/630F/h/BII%20-1%20-1_80255881.avif
20,0.32,36.8,10.1,105.0,3.0,2.0,0.5,0.3244,2.0,110184.0,0.3104,4,0,1,0,1,0,0,0,1,1,1,1,0,0,0,0,0,0,390000.0,https://www.mubawab-media.com/ad/8/131/714F/h/thumb_1075343_property_xlarge_80164483.avif
23,0.1867,36.8094,10.1414,100.0,4.0,3.0,0.5,0.3144,2.0,2562.03,0.277,4,0,1,0,1,0,0,0,0,0,0,0,0,0,0,0,0,0,110000.0,https://www.mubawab-media.com/ad/8/047/796F/h/1_79335456.avif
3,0.04,36.7293,10.3349,82.0,3.0,2.0,0.5,0.2303,2.0,114262.5,0.3224,4,0,0,0,0,0,1,0,0,0,0,0,0,0,0,0,0,1,150000.0,https://www.mubawab-media.com/ad/8/140/219F/h/photo_0_80251794.avif
20,0.3067,36.8,10.1,128.0,3.0,2.0,0.5,0.334,2.0,110184.0,0.3407,4,0,1,0,1,0,1,0,0,0,0,0,0,0,1,0,0,0,465000.0,https://www.mubawab-media.com/ad/7/937/938F/h/WhatsApp%20Image%202024-06-19%20at%2011.20.28_77160984.avif
17,0.2367,36.8,10.1,54.0,2.0,1.0,0.5,0.1506,2.0,110184.0,0.2746,4,0,0,0,0,0,0,0,0,0,0,0,0,0,0,0,0,0,70000.0,https://www.mubawab-media.com/ad/8/140/046F/h/Messenger_creation_87F0A58F-7452-49A2-B566-345E21DF1730_80249904.avif
1,0.32,36.8665,10.1647,111.0,3.0,2.0,0.5,0.5305,2.0,43985.0,0.2694,4,0,1,0,1,0,0,1,1,0,0,0,0,0,0,0,0,0,295000.0,https://www.mubawab-media.com/ad/8/139/990F/h/gallery_80249251.avif
23,0.4,36.8769,10.3247,280.0,4.0,3.0,0.5,0.8015,2.0,2562.03,0.3297,4,0,1,0,1,0,0,1,0,0,0,0,0,0,1,0,0,0,1400000.0,https://www.mubawab-media.com/ad/8/139/783F/h/image_1_80247344.avif
23,0.6867,36.819,10.1658,61.0,2.0,1.0,0.5,0.5524,2.0,2562.03,0.3017,4,0,1,0,1,0,0,1,1,0,1,1,1,0,1,0,0,0,280000.0,https://www.mubawab-media.com/ad/8/107/871F/h/IMG-20250312-WA0007_79923090.avif
23,0.6867,36.819,10.2358,115.0,3.0,2.0,0.5,0.517,2.0,43985.0,0.3168,4,0,0,0,0,0,0,0,0,0,0,0,0,0,0,0,0,0,635000.0,nan
20,0.15,36.8,10.1,208.0,8.0,11.0,0.5,0.2047,2.0,110184.0,0.2951,4,0,0,0,1,0,0,0,1,0,0,0,0,0,0,1,0,0,1000000.0,https://www.mubawab-media.com/ad/8/139/491F/h/immeuble.jpeg_80244322.avif
16,0.32,36.4561,10.7376,75.0,2.0,1.0,0.5,0.4552,2.0,154974.0,0.3176,4,0,0,0,1,0,0,0,0,1,1,1,0,0,0,0,0,0,270000.0,https://www.mubawab-media.com/ad/7/930/768F/h/1_76436861.avif
16,0.13,36.8,10.1,110.0,3.0,3.0,0.5,0.2426,2.0,110184.0,0.3164,4,0,0,0,1,0,0,0,0,0,0,0,0,0,0,0,0,0,260000.0,https://www.mubawab-media.com/ad/8/138/622F/h/WhatsApp%20Image%202025-05-06%20at%2010.18.53%20AM_80235297.avif
23,0.6867,36.819,10.1658,120.0,5.0,3.0,0.5,0.5524,2.0,2562.03,0.2742,4,0,0,0,1,0,0,0,0,0,0,0,0,0,0,0,0,1,120000.0,https://www.mubawab-media.com/ad/8/138/559F/h/323531399_938617207571727_5091506651205056776_n_80234291.avif
23,0.4,36.8769,10.3247,130.0,3.0,2.0,0.5,0.8015,2.0,2562.03,0.3396,3,0,1,0,1,0,0,1,0,0,0,0,0,0,1,0,0,0,670000.0,https://www.mubawab-media.com/ad/8/048/651F/h/IMG_1169_79344391.avif
1,0.32,36.8665,10.1647,114.0,3.0,2.0,0.5,0.5305,2.0,43985.0,0.3273,4,0,1,0,1,0,0,1,0,0,0,0,0,0,0,0,0,0,335000.0,https://www.mubawab-media.com/ad/8/138/125F/h/493970685_2679748238889119_3269714193668911365_n_80229847.avif
17,0.1427,34.7405,10.7603,160.0,4.0,3.0,0.5,0.3081,2.0,130875.5,0.2758,4,0,0,0,1,0,0,0,0,0,0,0,0,0,0,0,0,0,205000.0,https://www.mubawab-media.com/ad/8/137/858F/h/Screenshot_20250506_145348_80227252.avif
13,0.2467,36.8,10.1,72.0,2.0,2.0,0.5,0.2476,2.0,110184.0,0.3085,4,0,1,0,0,0,0,1,0,1,0,1,0,0,0,0,0,0,230000.0,https://www.mubawab-media.com/ad/8/137/816F/h/IMG_1030_80226971.avif
20,0.3733,36.8,10.1,103.0,3.0,2.0,0.5,0.2689,2.0,110184.0,0.2734,4,0,0,1,0,0,0,1,0,0,0,0,0,0,0,0,0,0,452880.0,https://www.mubawab-media.com/ad/8/111/868F/h/Picture-85723825-1-watermark_79963198.avif
20,0.3067,35.8604,10.5953,113.0,3.0,2.0,0.5,0.3642,2.0,150620.48,0.3297,4,0,1,0,1,0,0,1,0,0,0,0,0,0,0,1,0,0,288400.0,https://www.mubawab-media.com/ad/8/121/321F/h/Picture-85798568-3-watermark_80098034.avif
20,0.1333,36.8,10.1,88.0,3.0,2.0,0.5,0.2413,2.0,110184.0,0.2762,4,0,1,0,1,0,0,0,0,1,0,0,0,0,1,0,0,0,268000.0,https://www.mubawab-media.com/ad/8/074/434F/h/Picture-83935083-1-watermark_79598742.avif
1,0.3533,36.899,10.2358,176.0,4.0,3.0,0.5,0.4235,2.0,43985.0,0.3277,4,0,0,0,1,0,0,1,0,0,0,0,0,0,1,0,0,0,720000.0,https://www.mubawab-media.com/ad/8/137/526F/h/thumb_1084586_property_xlarge_80223851.avif
13,0.16,36.8,10.1,72.0,3.0,2.0,0.5,0.2875,2.0,110184.0,0.277,4,0,0,1,0,0,0,1,0,1,1,0,0,0,0,0,0,0,130000.0,https://www.mubawab-media.com/ad/8/137/489F/h/balcon%20cuisine_80223487.avif
23,0.4,36.8769,10.3247,148.0,3.0,2.0,0.5,0.8015,2.0,2562.03,0.2876,4,0,0,0,1,0,0,0,1,0,0,1,0,0,0,0,0,0,670000.0,https://www.mubawab-media.com/ad/8/062/641F/h/thumb_981227_property_xlarge_79483747.avif
16,0.32,36.4561,10.7376,201.0,2.0,2.0,0.5,0.4552,2.0,154974.0,0.3557,4,0,1,1,1,1,0,1,1,1,1,1,1,1,1,1,0,0,650000.0,https://www.mubawab-media.com/ad/8/130/049F/h/2cc20964-4f60-49c1-846c-767d52dc39ba_80148270.avif
23,0.1867,36.8094,10.1414,58.0,1.0,1.0,0.5,0.3144,2.0,2562.03,0.2762,4,0,0,1,0,0,0,0,0,1,0,0,0,0,0,0,0,0,69000.0,https://www.mubawab-media.com/ad/8/063/301F/h/Screenshot_20241226-050038_Photos%7E2_79489759.avif
12,0.1333,36.8,10.1,140.0,3.0,2.0,0.5,0.1779,2.0,110184.0,0.2742,4,0,0,0,1,0,0,0,0,1,1,1,0,0,0,1,0,0,265000.0,https://www.mubawab-media.com/ad/8/128/514F/h/gallery_80132236.avif
16,0.32,36.4561,10.7376,168.0,4.0,3.0,0.5,0.4552,2.0,154974.0,0.314,4,0,0,0,1,1,0,1,0,0,0,1,0,0,0,1,0,0,650000.0,https://www.mubawab-media.com/ad/8/130/404F/h/1_80151685.avif
1,0.3533,36.899,10.2358,173.0,4.0,3.0,0.5,0.4235,2.0,43985.0,0.277,4,0,0,0,1,0,0,1,1,1,1,1,0,0,0,0,0,0,520000.0,https://www.mubawab-media.com/ad/8/136/981F/h/WhatsApp%20Image%202025-05-06%20at%2000.32.31_80218523.avif
1,0.332,36.8665,10.1647,120.0,4.0,4.0,0.5,0.247,2.0,43985.0,0.3325,4,0,0,0,0,0,0,1,0,0,0,0,0,0,0,1,0,0,950000.0,https://www.mubawab-media.com/ad/8/136/903F/h/IMG_5670_80217823.avif
20,0.3067,35.8604,10.5953,142.0,3.0,2.0,0.5,0.3642,2.0,150620.48,0.3025,4,0,0,0,1,0,0,0,0,1,1,0,0,0,0,0,0,0,320000.0,https://www.mubawab-media.com/ad/8/136/639F/h/thumb_1082249_property_xlarge_80215320.avif
20,0.3067,35.8604,10.5953,75.0,3.0,2.0,0.5,0.3642,2.0,150620.48,0.3085,4,0,0,0,1,0,0,0,0,1,0,0,0,0,1,0,0,0,300000.0,https://www.mubawab-media.com/ad/8/136/561F/h/thumb_1082571_property_xlarge_80214727.avif
23,0.6867,36.819,10.1658,90.0,2.0,1.0,0.5,0.5524,2.0,2562.03,0.3423,4,0,0,1,1,0,0,1,0,0,0,0,0,0,1,1,0,0,435000.0,https://www.mubawab-media.com/ad/8/118/485F/h/487135837_3938515689740638_1002734258536974463_n_80031961.avif
1,0.32,36.8665,10.1647,180.0,4.0,4.0,0.5,0.5305,2.0,43985.0,0.2786,4,0,1,1,1,0,0,1,0,1,1,1,0,0,0,0,0,0,370000.0,https://www.mubawab-media.com/ad/8/135/887F/h/WhatsApp%20Image%202025-05-04%20%C3%A0%2011.23.55_233b2b99_80208328.avif
17,0.46,36.8,10.1,119.0,3.0,2.0,0.5,0.3961,2.0,110184.0,0.3154,4,0,1,0,1,0,0,1,0,1,1,1,0,1,1,1,0,0,410550.0,https://www.mubawab-media.com/ad/8/135/721F/h/photo_0_80206821.avif
1,0.332,36.8665,10.1647,103.0,2.0,2.0,0.5,0.247,2.0,43985.0,0.3144,4,0,0,1,1,0,0,0,0,1,1,0,0,0,0,0,0,0,230000.0,https://www.mubawab-media.com/ad/8/135/098F/h/thumb_1081645_property_large_80200647.avif
15,0.2633,35.7643,10.8113,45.0,1.0,1.0,0.5,0.3655,2.0,134734.0,0.2738,1,0,0,0,0,0,0,0,0,0,0,0,0,0,0,0,0,0,85000.0,https://www.mubawab-media.com/ad/8/134/968F/h/c5512e68-b7b2-47b3-a56e-c86d9b030803_80199486.avif
1,0.3533,36.899,10.2358,105.0,2.0,2.0,0.5,0.4235,2.0,43985.0,0.3156,4,0,1,0,1,0,0,1,1,1,1,1,1,1,1,0,0,0,370000.0,https://www.mubawab-media.com/ad/8/123/853F/h/48AA2E5F-C38E-4B58-8A1E-51224B6C980C_80093395.avif
20,0.284,36.8,10.1,80.0,3.0,2.0,0.5,0.3272,2.0,110184.0,0.2758,4,0,1,0,1,0,0,0,0,1,0,0,0,0,0,0,0,0,165000.0,https://www.mubawab-media.com/ad/8/074/670F/h/Picture-85347780-2-watermark_79601025.avif
3,0.0933,36.7533,10.2283,125.0,2.0,2.0,0.5,0.2965,2.0,114262.5,0.2706,4,0,1,0,0,0,0,1,0,0,0,0,0,0,0,0,0,1,260000.0,https://www.mubawab-media.com/ad/8/134/115F/h/b34bd9fe-7cdf-4c4a-a060-c78a2ead72bb_80190315.avif
23,0.4,36.8769,10.3247,140.0,3.0,2.0,0.5,0.8015,2.0,2562.03,0.3156,4,0,0,1,1,0,0,1,0,0,0,0,0,0,1,0,0,0,700000.0,https://www.mubawab-media.com/ad/8/024/571F/h/WhatsApp%20Image%202024-10-25%20%C3%A0%2015.57.00_406736f2_79106178.avif
23,0.4,36.8769,10.3247,154.0,4.0,3.0,0.5,0.8015,2.0,2562.03,0.3386,4,0,1,0,1,0,0,0,0,0,0,0,0,0,0,0,0,0,340000.0,https://www.mubawab-media.com/ad/7/921/774F/h/WhatsApp%20Image%202024-05-24%20%C3%A0%2011.42.41_ecbc9d1f_75717513.avif
1,0.3533,36.899,10.2358,190.0,3.0,3.0,0.5,0.4235,2.0,43985.0,0.339,4,0,0,0,1,0,0,1,0,0,0,0,0,0,1,1,0,0,750000.0,https://www.mubawab-media.com/ad/8/021/332F/h/A49ED353-35EA-4E5E-987F-DB2E6A1B4DD6_79074841.avif
23,0.4,36.8769,10.3247,219.0,3.0,4.0,0.5,0.8015,2.0,2562.03,0.3396,4,0,0,0,1,0,0,1,1,0,0,1,0,0,0,0,0,0,1200000.0,https://www.mubawab-media.com/ad/8/132/889F/h/thumb_1078294_property_xlarge_80175610.avif
23,0.3067,36.8,10.1,175.0,6.0,3.0,0.5,0.2562,2.0,110184.0,0.3136,2,0,0,0,1,0,0,1,0,0,0,0,0,0,0,0,0,1,360000.0,https://www.mubawab-media.com/ad/8/100/976F/h/4b1fce5f-2bfc-4989-b316-ab4a6646b84d_79855122.avif
12,0.22,35.5047,11.0622,160.0,3.0,2.0,0.5,0.4425,2.0,1278.45,0.2714,3,0,0,0,1,0,0,0,0,0,0,0,0,0,0,0,0,0,275000.0,https://www.mubawab-media.com/ad/8/094/662F/h/gallery_79795425.avif
23,0.4,36.8769,10.3247,139.0,3.0,2.0,0.5,0.8015,2.0,2562.03,0.277,4,0,0,0,1,1,0,1,1,1,1,1,0,1,0,1,0,0,770000.0,https://www.mubawab-media.com/ad/8/131/566F/h/489729661_1039891734689016_2867347758913112621_n_80162927.avif
1,0.3533,36.899,10.2358,132.0,4.0,4.0,0.5,0.4235,2.0,43985.0,0.312,4,0,0,0,1,0,0,1,1,1,1,1,0,0,0,0,0,0,420000.0,https://www.mubawab-media.com/ad/8/024/855F/h/img001_79108691.avif
20,0.284,36.8,10.1,86.0,1.0,2.0,0.5,0.3272,2.0,110184.0,0.3148,4,0,0,0,1,0,0,0,0,1,1,1,0,0,0,0,0,0,180000.0,https://www.mubawab-media.com/ad/8/131/181F/h/1_80159246.avif
13,0.16,36.8,10.1,112.0,4.0,3.0,0.5,0.2875,2.0,110184.0,0.3124,4,0,0,0,1,0,0,1,0,0,0,0,0,0,1,1,0,0,200000.0,https://www.mubawab-media.com/ad/7/718/020F/h/1000032602_75776449.avif
23,0.2367,36.8451,10.2272,95.0,3.0,3.0,0.5,0.4448,2.0,43985.0,0.3313,4,0,0,1,1,0,0,0,0,1,0,0,0,0,0,0,0,0,265000.0,https://www.mubawab-media.com/ad/8/130/909F/h/thumb_1075644_property_xlarge_80156444.avif
23,0.4,36.8769,10.3247,218.0,3.0,2.0,0.5,0.8015,2.0,2562.03,0.2738,3,0,0,0,0,0,0,0,0,0,0,0,0,0,0,0,0,0,1300000.0,https://www.mubawab-media.com/ad/8/130/886F/h/thumb_1076005_property_xlarge_80156251.avif
20,0.3067,36.8,10.1,100.0,3.0,2.0,0.5,0.3807,2.0,110184.0,0.3275,4,0,1,0,1,0,0,0,1,1,1,1,1,1,1,0,0,0,350000.0,https://www.mubawab-media.com/ad/8/104/177F/h/Picture-85687079-2-watermark_79886653.avif
23,0.6867,36.819,10.2358,115.0,3.0,2.0,0.5,0.517,2.0,43985.0,0.3168,4,0,0,0,0,0,0,0,0,0,0,0,0,0,0,0,0,0,419000.0,nan
20,0.3067,36.8,10.1,135.0,4.0,3.0,0.5,0.3807,2.0,110184.0,0.3386,4,0,1,0,1,1,0,1,1,1,1,1,1,1,1,0,0,0,589000.0,https://www.mubawab-media.com/ad/8/092/459F/h/Picture-82302983-1-watermark_79773744.avif
20,0.3067,36.8,10.1,132.0,3.0,2.0,0.5,0.3807,2.0,110184.0,0.2742,4,0,1,0,1,0,0,0,0,1,1,1,0,0,1,0,0,0,298700.0,https://www.mubawab-media.com/ad/8/096/877F/h/Picture-84808960-4-watermark_79815890.avif
20,0.3067,36.8,10.1,294.0,5.0,4.0,0.5,0.3807,2.0,110184.0,0.2794,4,0,0,1,1,0,0,1,0,1,1,1,1,1,0,1,0,0,550000.0,https://www.mubawab-media.com/ad/7/896/333F/h/Picture-7593360-15-watermark_73008302.avif
20,0.3067,36.8,10.1,120.0,3.0,2.0,0.5,0.3807,2.0,110184.0,0.2742,4,0,1,0,0,0,0,0,1,1,1,1,0,0,0,0,0,0,350000.0,https://www.mubawab-media.com/ad/8/075/771F/h/Picture-84673217-10-watermark_79612737.avif
20,0.3067,36.8,10.1,300.0,10.0,4.0,0.5,0.3807,2.0,110184.0,0.2782,4,0,0,0,1,0,0,1,1,1,1,1,0,1,1,1,0,0,1550000.0,https://www.mubawab-media.com/ad/8/093/920F/h/Picture-85647451-1-watermark_79788176.avif
20,0.32,36.8,10.1,183.0,4.0,3.0,0.5,0.3244,2.0,110184.0,0.333,4,0,0,0,1,0,0,1,1,1,1,1,1,0,1,0,0,0,1300000.0,https://www.mubawab-media.com/ad/8/113/845F/h/Picture-85766924-12-watermark_79982960.avif
20,0.32,36.8,10.1,220.0,5.0,4.0,0.5,0.3244,2.0,110184.0,0.2912,4,0,1,0,1,0,0,1,1,1,1,1,1,0,1,0,0,0,1350000.0,https://www.mubawab-media.com/ad/8/113/837F/h/Picture-7447161-3-watermark_79982934.avif
4,0.24,37.2744,9.8739,200.0,3.0,2.0,0.5,0.4278,2.0,61540.22,0.271,4,0,0,0,1,0,0,0,0,0,0,0,0,0,0,0,0,0,350000.0,https://www.mubawab-media.com/ad/8/129/438F/h/gallery_80141681.avif
20,0.3067,36.8,10.1,103.0,4.0,4.0,0.5,0.3807,2.0,110184.0,0.2766,1,0,1,0,0,0,0,1,0,0,0,0,0,0,1,0,0,0,290000.0,https://www.mubawab-media.com/ad/8/129/175F/h/IMG-20250405-WA0001_80139066.avif
23,0.2367,36.8,10.1,100.0,3.0,4.0,0.5,0.2656,2.0,110184.0,0.3228,1,0,0,0,0,0,0,0,0,0,0,0,0,1,0,0,0,0,190000.0,https://www.mubawab-media.com/ad/8/128/728F/h/photo_00_80134615.avif
23,0.2367,36.8,10.1,179.0,4.0,3.0,0.5,0.2656,2.0,110184.0,0.3081,4,0,0,0,1,0,0,0,0,0,0,0,0,0,0,0,0,1,550000.0,https://www.mubawab-media.com/ad/7/674/395F/h/4f41f010-ac37-4e24-8405-63a505d08b60_44466728.avif
1,0.2933,36.8665,10.1647,100.0,3.0,3.0,0.5,0.2426,2.0,43985.0,0.3176,4,0,0,0,0,0,0,0,0,0,0,0,0,0,0,0,0,0,150000.0,https://www.mubawab-media.com/ad/8/128/442F/h/IMG_20250418_141747_80131307.avif
12,0.22,35.5047,11.0622,93.0,1.0,2.0,0.5,0.4425,2.0,1278.45,0.3536,4,0,1,0,1,0,1,0,0,0,0,0,0,0,1,0,0,0,465000.0,https://www.mubawab-media.com/ad/8/127/242F/h/IMG_7407_80131058.avif
23,0.1733,36.819,10.1658,100.0,3.0,2.0,0.5,0.6863,2.0,2562.03,0.318,3,0,0,0,0,0,0,0,0,0,0,1,0,0,0,0,0,0,100000.0,https://www.mubawab-media.com/ad/8/128/125F/h/4b2da321-d747-43fa-b9ee-9da079b79b8c_7baee0ef-3765-4d50-9632-930fe73e2f44_80128288.avif
23,0.4,36.8769,10.3247,289.0,3.0,3.0,0.5,0.8015,2.0,2562.03,0.2722,4,0,0,0,1,0,0,1,1,0,0,0,0,0,0,0,0,0,1480000.0,https://www.mubawab-media.com/ad/8/114/719F/h/thumb_1057472_property_xlarge_79991353.avif
23,0.4,36.8769,10.3247,60.0,3.0,1.0,0.5,0.8015,2.0,2562.03,0.312,1,0,1,0,0,0,0,0,0,0,1,0,0,0,1,0,0,0,198000.0,https://www.mubawab-media.com/ad/8/100/864F/h/photo_0_79854118.avif
23,0.6867,36.819,10.1658,330.0,11.0,9.0,0.5,0.5524,2.0,2562.03,0.2875,1,0,0,0,0,0,0,0,0,0,0,0,0,0,0,0,0,0,500000.0,https://www.mubawab-media.com/ad/8/127/559F/h/guannouni%2033_0002_80122916.avif
20,0.3067,35.8604,10.5953,88.0,3.0,2.0,0.5,0.3642,2.0,150620.48,0.281,4,0,1,0,1,0,1,0,0,0,0,0,0,0,1,0,0,0,280000.0,https://www.mubawab-media.com/ad/8/028/910F/h/WhatsApp%20Image%202024-11-01%20at%2015.44.07_79150763.avif
20,0.3067,35.8604,10.5953,40.0,1.0,1.0,0.5,0.3642,2.0,150620.48,0.3172,4,0,0,0,0,0,0,0,0,1,1,0,0,0,0,1,0,0,230000.0,https://www.mubawab-media.com/ad/8/127/431F/h/thumb_1073132_property_large_80121678.avif
16,0.2367,36.8,10.1,600.0,7.0,6.0,0.5,0.2091,2.0,110184.0,0.3035,4,0,0,0,0,0,0,0,0,0,0,1,0,0,0,0,0,0,280000.0,https://www.mubawab-media.com/ad/7/942/201F/h/66452bf2-937e-46d3-8fb6-8ef8f801e997-w1000__77479957.avif
16,0.32,36.4561,10.7376,119.0,4.0,3.0,0.5,0.4552,2.0,154974.0,0.3164,4,0,1,1,1,0,0,0,1,1,1,1,0,0,0,0,0,0,660000.0,https://www.mubawab-media.com/ad/8/081/081F/h/2_79664619.avif
23,0.4,36.8769,10.3247,160.0,3.0,2.0,0.5,0.8015,2.0,2562.03,0.3711,4,0,1,0,1,0,1,1,1,1,1,1,1,1,0,0,0,0,720000.0,https://www.mubawab-media.com/ad/7/874/477F/h/1000060369_69260245.avif
4,0.24,37.2744,9.8739,194.0,3.0,2.0,0.5,0.4278,2.0,61540.22,0.271,4,0,0,0,1,0,0,0,0,0,0,0,0,0,0,0,0,0,350000.0,https://www.mubawab-media.com/ad/8/043/628F/h/gallery_79293959.avif
15,0.2633,35.7643,10.8113,130.0,1.0,2.0,0.5,0.3655,2.0,134734.0,0.2915,4,0,0,0,1,0,0,0,0,0,0,1,0,0,0,0,0,0,490000.0,https://www.mubawab-media.com/ad/8/125/793F/h/2a280718-c51a-4e19-ab9b-440fbc224aca_80105372.avif
23,0.6867,36.819,10.1658,157.0,3.0,4.0,0.5,0.5524,2.0,2562.03,0.3373,4,0,0,0,1,0,0,0,0,1,1,0,0,0,0,1,0,0,737900.0,https://www.mubawab-media.com/ad/8/126/357F/h/thumb_1070333_property_xlarge_80111200.avif
3,0.14,36.8,10.1,141.0,3.0,3.0,0.5,0.2793,2.0,110184.0,0.3148,4,0,0,0,0,0,0,1,1,0,1,0,0,0,0,0,0,0,265000.0,https://www.mubawab-media.com/ad/8/101/850F/h/thumb_1026372_property_large_79863567.avif
20,0.3067,35.8604,10.5953,37.0,3.0,1.0,0.5,0.3642,2.0,150620.48,0.3232,4,0,0,1,0,0,1,0,0,0,0,0,0,0,0,0,0,0,256000.0,https://www.mubawab-media.com/ad/8/125/948F/h/6_80107039.avif
20,0.3067,35.8604,10.5953,40.0,3.0,1.0,0.5,0.3642,2.0,150620.48,0.324,4,0,0,1,0,0,1,0,0,1,1,1,0,0,0,0,0,0,273000.0,https://www.mubawab-media.com/ad/8/125/889F/h/5_80106506.avif
1,0.332,36.819,10.2358,115.0,3.0,2.0,0.5,0.517,2.0,43985.0,0.3168,4,0,0,0,0,0,0,0,0,0,0,0,0,0,0,0,0,0,369000.0,nan
20,0.32,36.8,10.1,56.0,1.0,1.0,0.5,0.3244,2.0,110184.0,0.2786,4,0,1,0,1,0,0,1,1,1,1,1,0,0,1,0,0,0,200000.0,https://www.mubawab-media.com/ad/8/125/424F/h/IMG_4420_80101625.avif
16,0.32,36.4561,10.7376,74.0,3.0,2.0,0.5,0.4552,2.0,154974.0,0.2758,4,0,0,0,1,1,0,0,1,0,0,1,0,0,0,1,0,0,350000.0,https://www.mubawab-media.com/ad/7/994/186F/h/2e5dfaa9-62d4-47bf-b4b8-ebabfc95084a_79087954.avif
1,0.2367,36.8665,10.1647,22.0,2.0,1.0,0.5,0.3504,2.0,43985.0,0.3192,1,0,0,0,0,0,0,0,0,0,0,0,0,0,0,0,0,0,232423.0,https://www.mubawab-media.com/ad/8/125/047F/h/Spaces_La_Rocade_5785_Rabat_Morocco_Small_office_34477813_80097886.avif
23,0.4,36.8769,10.3247,281.0,3.0,3.0,0.5,0.8015,2.0,2562.03,0.3549,4,0,0,0,0,0,0,1,0,0,0,1,0,0,0,1,0,0,1900000.0,https://www.mubawab-media.com/ad/7/754/880F/h/thumb_634133_property_xlarge_78389142.avif
14,0.2367,36.819,10.2358,115.0,1.0,1.0,0.5,0.517,2.0,43985.0,0.3168,4,0,0,0,1,1,0,1,0,0,0,0,0,0,1,1,0,0,1500000.0,https://www.mubawab-media.com/ad/8/114/463F/h/thumb_656032_property_large_79988462.avif
23,0.1867,36.8094,10.1414,56.0,3.0,2.0,0.5,0.3144,2.0,2562.03,0.314,4,0,0,0,1,0,0,0,1,0,0,0,1,1,0,0,0,0,98000.0,https://www.mubawab-media.com/ad/8/124/165F/h/c3cdcb72-fce4-48e8-8071-61f74528c550_d2c2c200-7cf4-4718-bded-89adb1e13da6_80088576.avif
1,0.3533,36.899,10.2358,167.0,3.0,3.0,0.5,0.4235,2.0,43985.0,0.3132,4,0,1,0,1,0,0,0,0,0,0,0,0,0,1,0,0,0,420000.0,https://www.mubawab-media.com/ad/8/108/114F/h/53d17ed7-2111-4c76-ba3e-7d0f2a01ed75_79925263.avif
23,0.32,36.844,10.192,123.0,3.0,2.0,0.5,0.3403,2.0,43985.0,0.3144,4,0,1,0,1,0,0,1,0,0,0,0,0,0,1,0,0,0,340000.0,https://www.mubawab-media.com/ad/8/080/465F/h/WhatsApp%20Image%202025-01-13%20%C3%A0%2012.04.55_b674c17f_79658790.avif
12,0.1333,36.8,10.1,135.0,3.0,2.0,0.5,0.1779,2.0,110184.0,0.273,4,0,1,0,1,0,1,0,0,0,0,0,0,0,0,1,0,0,195000.0,https://www.mubawab-media.com/ad/8/087/956F/h/470670407_549442911397145_6048355354857054338_n_79730974.avif
23,0.1733,36.819,10.1658,80.0,3.0,2.0,0.5,0.6863,2.0,2562.03,0.2798,3,0,0,0,1,0,0,0,0,0,0,0,0,0,0,0,0,0,195000.0,https://www.mubawab-media.com/ad/8/123/011F/h/378eb668-6bc6-4c16-a5b0-36b9ac5f2cd7_80076647.avif
23,0.6867,36.819,10.1658,295.0,3.0,3.0,0.5,0.5524,2.0,2562.03,0.3831,4,0,0,0,1,1,0,1,0,0,0,1,0,0,0,1,0,0,1800000.0,https://www.mubawab-media.com/ad/8/122/967F/h/thumb_1062532_property_xlarge_80076262.avif
23,0.4,36.8769,10.3247,193.0,3.0,3.0,0.5,0.8015,2.0,2562.03,0.3606,4,0,0,0,0,0,0,1,1,0,0,1,0,0,0,0,0,0,1100000.0,https://www.mubawab-media.com/ad/8/069/800F/h/thumb_984879_property_xlarge_79553444.avif
20,0.26,36.819,10.2358,932.0,3.0,2.0,0.5,0.517,2.0,43985.0,0.3168,4,0,0,1,0,0,0,0,0,0,0,0,0,0,0,0,0,0,1100000.0,https://www.mubawab-media.com/ad/7/559/147F/h/1_33487944.avif
23,0.4,36.8769,10.3247,146.0,3.0,4.0,0.5,0.8015,2.0,2562.03,0.2786,4,0,1,0,1,0,0,0,1,0,0,0,0,0,0,0,0,0,330000.0,https://www.mubawab-media.com/ad/8/118/467F/h/thumb_1060624_property_xlarge_80031864.avif
4,0.2367,37.2744,9.8739,276.0,7.0,4.0,0.5,0.1502,2.0,61540.22,0.2818,4,0,0,0,1,0,0,0,0,0,0,0,0,0,0,0,0,0,240000.0,https://www.mubawab-media.com/ad/7/927/507F/h/441998737_1549925369271912_4131336973535108377_n_76216903.avif
20,0.3067,35.8604,10.5953,57.0,2.0,1.0,0.5,0.3642,2.0,150620.48,0.2766,4,0,1,1,1,0,1,1,0,1,1,1,1,1,1,0,0,0,225000.0,https://www.mubawab-media.com/ad/8/019/631F/h/Picture-85341587-6-watermark_79071684.avif
23,0.1733,36.819,10.1658,160.0,3.0,2.0,0.5,0.6863,2.0,2562.03,0.2694,4,0,0,0,1,0,0,0,0,0,0,0,0,0,0,0,0,0,292000.0,https://www.mubawab-media.com/ad/8/084/333F/h/gallery_79694868.avif
23,0.4,36.8769,10.3247,80.0,3.0,1.0,0.5,0.8015,2.0,2562.03,0.3396,4,0,0,0,1,0,0,0,1,0,0,1,0,0,0,0,0,0,420000.0,https://www.mubawab-media.com/ad/8/112/241F/h/thumb_1054923_property_xlarge_79966615.avif
1,0.32,36.8665,10.1647,134.0,4.0,3.0,0.5,0.5305,2.0,43985.0,0.314,4,0,0,0,1,0,0,0,0,0,0,0,0,0,1,0,0,1,255000.0,https://www.mubawab-media.com/ad/8/120/716F/h/c06584e2-90b7-4a7c-bed4-299ae3bfcb87-scaled_80053403.avif
12,0.1333,36.8,10.1,93.0,3.0,2.0,0.5,0.1779,2.0,110184.0,0.2742,4,0,1,1,1,0,0,0,0,0,1,0,0,0,0,0,0,0,265000.0,https://www.mubawab-media.com/ad/8/098/773F/h/4%20-%20Copie_79833831.avif
23,0.092,36.8,10.1,86.0,1.0,1.0,0.5,0.3155,2.0,110184.0,0.3434,4,0,0,0,0,0,0,0,1,0,1,1,0,0,0,0,0,0,175000.0,https://www.mubawab-media.com/ad/8/120/212F/h/thumb_1062419_property_large_80048516.avif
23,0.4,36.8769,10.3247,72.0,4.0,3.0,0.5,0.8015,2.0,2562.03,0.3273,4,0,1,0,1,0,0,1,1,1,1,1,1,1,1,0,0,0,1000000.0,https://www.mubawab-media.com/ad/8/119/920F/h/image_1_80045833.avif
23,0.4,36.819,10.2358,115.0,3.0,2.0,0.5,0.517,2.0,43985.0,0.3168,4,0,0,0,0,0,0,0,0,0,0,0,0,0,0,0,0,0,890000.0,nan
16,0.15,36.8,10.1,150.0,4.0,3.0,0.5,0.2237,2.0,110184.0,0.316,4,0,0,0,1,0,1,0,0,0,0,0,0,0,0,1,0,0,400000.0,https://www.mubawab-media.com/ad/8/055/926F/h/1_79418406.avif
23,0.4,36.8769,10.3247,130.0,6.0,3.0,0.5,0.8015,2.0,2562.03,0.269,4,0,1,0,0,0,0,1,1,1,1,1,1,1,1,0,0,0,360000.0,https://www.mubawab-media.com/ad/8/118/838F/h/20250405_104324_80041433.avif
1,0.3533,36.899,10.2358,166.0,4.0,3.0,0.5,0.4235,2.0,43985.0,0.3207,4,0,0,1,1,0,0,1,1,1,1,1,1,1,1,0,0,0,360000.0,https://www.mubawab-media.com/ad/8/119/369F/h/IMG_6639_80040557.avif
12,0.1333,36.8,10.1,105.0,3.0,2.0,0.5,0.1779,2.0,110184.0,0.273,4,0,0,0,1,0,0,0,0,1,0,0,0,0,0,0,0,0,183000.0,https://www.mubawab-media.com/ad/8/083/237F/h/2%20-%20Copie%20%282%29_79684537.avif
23,0.6867,36.819,10.1658,400.0,10.0,10.0,0.5,0.5524,2.0,2562.03,0.2875,1,0,0,0,0,0,0,0,0,0,0,0,0,0,0,0,0,0,1776100.0,https://www.mubawab-media.com/ad/8/119/223F/h/IMG0030C_80039227.avif
12,0.22,35.5047,11.0622,287.0,1.0,4.0,0.5,0.4425,2.0,1278.45,0.3585,4,0,0,0,0,0,1,0,1,1,1,0,1,0,1,0,0,0,1118000.0,https://www.mubawab-media.com/ad/8/116/890F/h/WhatsApp%20Image%202025-04-02%20%C3%A0%2013.42.30_f2c606cc_80014137.avif
20,0.32,36.8,10.1,119.0,4.0,3.0,0.5,0.3244,2.0,110184.0,0.2778,4,0,0,0,1,0,0,0,0,0,0,1,0,0,0,0,0,0,350000.0,https://www.mubawab-media.com/ad/8/119/141F/h/Picture-85792999-19-watermark_80038398.avif
16,0.2833,36.4561,10.7376,129.0,3.0,2.0,0.5,0.4454,2.0,154974.0,0.3143,4,0,0,0,0,0,0,0,0,0,0,1,0,0,0,0,0,0,405000.0,https://www.mubawab-media.com/ad/8/118/728F/h/1_80034035.avif
16,0.32,36.4561,10.7376,90.0,2.0,2.0,0.5,0.4552,2.0,154974.0,0.3152,4,0,0,0,0,0,0,0,0,0,0,0,0,0,0,0,0,0,240000.0,https://www.mubawab-media.com/ad/7/993/242F/h/Red%20and%20White%20Modern%20Real%20Estate%20Flyer%20A4%20Document%20%281%29_78789498.avif
23,0.4,36.8769,10.3247,165.0,3.0,3.0,0.5,0.8015,2.0,2562.03,0.3234,4,0,0,0,0,0,0,1,0,0,0,1,0,0,0,0,0,0,570000.0,https://www.mubawab-media.com/ad/8/117/041F/h/thumb_970840_property_large_80015400.avif
23,0.4,36.8769,10.3247,140.0,3.0,3.0,0.5,0.8015,2.0,2562.03,0.3273,4,0,0,0,1,0,0,0,0,0,0,1,0,0,0,0,0,0,340000.0,https://www.mubawab-media.com/ad/7/781/170F/h/thumb_665370_property_xlarge_78407627.avif
23,0.4,36.8769,10.3247,115.0,3.0,2.0,0.5,0.8015,2.0,2562.03,0.3415,4,0,0,0,1,0,0,0,0,1,1,0,0,0,0,1,0,0,850000.0,https://www.mubawab-media.com/ad/8/116/536F/h/thumb_1054403_property_large_80010564.avif
7,0.2513,36.5011,8.7757,240.0,5.0,3.0,0.5,0.2519,2.0,152144.23,0.3604,4,0,1,0,1,0,1,0,0,0,0,0,0,0,0,1,0,0,630000.0,https://www.mubawab-media.com/ad/7/984/110F/h/IMG_6943_78697436.avif
1,0.3533,36.899,10.2358,156.0,3.0,3.0,0.5,0.4235,2.0,43985.0,0.3406,4,0,1,0,1,0,0,1,0,0,0,0,0,0,1,0,0,0,650000.0,https://www.mubawab-media.com/ad/8/021/645F/h/CDAD628C-3178-49DE-B1C5-DF15CE256825_1_105_c_79078018.avif
1,0.3533,36.899,10.2358,113.0,3.0,2.0,0.5,0.4235,2.0,43985.0,0.3116,4,0,1,0,1,0,0,1,0,1,0,0,0,0,0,0,0,0,375000.0,https://www.mubawab-media.com/ad/8/116/108F/h/1_80005883.avif
16,0.2833,36.4561,10.7376,165.0,4.0,3.0,0.5,0.4454,2.0,154974.0,0.3176,4,0,0,0,1,0,0,1,1,1,0,1,0,0,0,0,0,0,280000.0,https://www.mubawab-media.com/ad/8/086/180F/h/received_351296860453388_79714027.avif
23,0.6867,36.819,10.1658,200.0,5.0,3.0,0.5,0.5524,2.0,2562.03,0.3415,4,0,1,0,1,0,0,1,1,1,1,1,1,1,0,1,0,0,780000.0,https://www.mubawab-media.com/ad/7/874/749F/h/IMG_7873_69315711.avif
3,0.14,36.8,10.1,126.0,3.0,2.0,0.5,0.2793,2.0,110184.0,0.3148,1,0,1,1,1,0,0,1,1,0,1,0,0,0,1,0,0,0,225000.0,https://www.mubawab-media.com/ad/8/103/703F/h/Capture%20d%E2%80%99%C3%A9cran%202025-03-04%20150239_79882070.avif
12,0.1333,36.8,10.1,82.0,3.0,2.0,0.5,0.1779,2.0,110184.0,0.273,4,0,0,0,1,0,0,0,1,1,0,1,0,0,0,0,0,0,195000.0,https://www.mubawab-media.com/ad/8/104/651F/h/8_79891873.avif
13,0.16,36.8,10.1,117.0,4.0,3.0,0.5,0.2875,2.0,110184.0,0.3354,4,0,1,0,1,0,0,1,0,0,0,0,0,0,0,1,0,0,300000.0,https://www.mubawab-media.com/ad/8/114/830F/h/Photos_Apprt%20001_79992558.avif
23,0.4,36.8769,10.3247,129.0,1.0,3.0,0.5,0.8015,2.0,2562.03,0.2746,4,0,1,0,0,0,0,1,0,0,0,0,0,0,0,0,0,0,400000.0,https://www.mubawab-media.com/ad/8/114/617F/h/1000029357_79990206.avif
23,0.4,36.8769,10.3247,500.0,3.0,10.0,0.5,0.8015,2.0,2562.03,0.3393,2,0,0,0,1,0,0,1,0,0,0,0,0,0,0,1,0,1,1300000.0,https://www.mubawab-media.com/ad/7/690/918F/h/photo_00_46346849.avif
16,0.13,36.8,10.1,290.0,8.0,5.0,0.5,0.2426,2.0,110184.0,0.3168,4,0,0,0,1,0,0,0,0,0,0,0,0,0,0,0,0,0,400000.0,https://www.mubawab-media.com/ad/8/113/891F/h/GTImageHandler%20%281%29_79983456.avif
23,0.6867,36.819,10.2358,115.0,3.0,2.0,0.5,0.517,2.0,43985.0,0.3168,4,0,0,0,0,0,0,0,0,0,0,0,0,0,0,0,0,0,419000.0,nan
23,0.4,36.8769,10.3247,115.0,2.0,2.0,0.5,0.8015,2.0,2562.03,0.3521,4,0,0,0,1,0,1,1,1,0,0,1,0,0,0,0,0,0,880000.0,https://www.mubawab-media.com/ad/8/101/152F/h/thumb_1027594_property_large_79856872.avif
23,0.4,36.8769,10.3247,172.0,4.0,3.0,0.5,0.8015,2.0,2562.03,0.275,4,0,1,0,1,0,0,1,1,1,1,1,1,1,0,0,0,0,505000.0,https://www.mubawab-media.com/ad/8/113/485F/h/entree1_79979453.avif
16,0.32,36.4561,10.7376,48.0,2.0,1.0,0.5,0.4552,2.0,154974.0,0.3188,4,0,0,0,0,0,0,0,0,1,1,1,0,0,0,0,0,0,380000.0,https://www.mubawab-media.com/ad/8/007/498F/h/199822622_536287217399638_8999176091009024076_n1_78937416.avif
16,0.32,36.4561,10.7376,250.0,3.0,2.0,0.5,0.4552,2.0,154974.0,0.3176,4,0,0,1,1,0,0,0,0,1,1,1,0,0,0,0,0,0,620000.0,https://www.mubawab-media.com/ad/8/008/352F/h/7_78947754.avif
20,0.3333,35.8245,10.6346,50.0,1.0,1.0,0.5,0.2902,2.0,150620.48,0.2726,1,0,1,1,0,1,0,0,1,1,0,1,1,1,1,0,0,0,237000.0,https://www.mubawab-media.com/ad/8/113/398F/h/PHOTO-2025-02-04-19-21-43%20%281%29_79978441.avif
1,0.32,36.8665,10.1647,105.0,3.0,2.0,0.5,0.5305,2.0,43985.0,0.2694,4,0,1,0,0,0,0,1,1,1,1,0,0,0,0,0,0,0,320000.0,https://www.mubawab-media.com/ad/8/102/040F/h/gallery_79865847.avif
23,0.1733,36.819,10.1658,85.0,3.0,2.0,0.5,0.6863,2.0,2562.03,0.2758,4,0,0,0,0,0,0,0,0,0,0,0,0,0,0,0,0,0,120000.0,https://www.mubawab-media.com/ad/8/113/120F/h/photo1_79975560.avif
23,0.4,36.8769,10.3247,190.0,3.0,4.0,0.5,0.8015,2.0,2562.03,0.34,4,0,0,0,1,0,0,1,1,0,0,1,0,0,0,0,0,0,900000.0,https://www.mubawab-media.com/ad/8/076/394F/h/thumb_985979_property_xlarge_79618388.avif
23,0.32,36.844,10.192,60.0,1.0,1.0,0.5,0.3403,2.0,43985.0,0.3188,4,0,0,0,0,0,0,0,0,1,1,0,0,0,0,0,0,0,220000.0,https://www.mubawab-media.com/ad/8/112/841F/h/IMG_6027_79972334.avif
16,0.13,36.819,10.2358,170.0,2.0,1.0,0.5,0.517,2.0,43985.0,0.3168,4,0,0,0,0,0,0,1,0,0,0,0,0,0,0,0,0,0,345000.0,nan
13,0.2467,36.8,10.1,106.0,3.0,2.0,0.5,0.2476,2.0,110184.0,0.316,4,0,1,0,1,0,1,1,0,0,0,0,0,0,0,0,0,0,560000.0,https://www.mubawab-media.com/ad/7/902/089F/h/Picture-4036361-1-watermark_73808027.avif
20,0.3067,35.8604,10.5953,65.0,2.0,1.0,0.5,0.3642,2.0,150620.48,0.2778,4,0,0,1,1,1,0,0,0,0,0,1,0,0,1,0,0,0,350200.0,https://www.mubawab-media.com/ad/8/109/790F/h/Picture-85716874-1-watermark_79942129.avif
20,0.3067,35.8604,10.5953,65.0,2.0,1.0,0.5,0.3642,2.0,150620.48,0.3266,4,0,0,1,1,0,1,0,0,1,0,0,0,0,0,0,0,0,370800.0,https://www.mubawab-media.com/ad/8/109/792F/h/Picture-85716695-4-watermark_79942150.avif
20,0.3067,35.8604,10.5953,90.0,3.0,2.0,0.5,0.3642,2.0,150620.48,0.3156,4,0,0,1,0,0,0,0,1,1,0,0,0,0,1,0,0,0,280000.0,https://www.mubawab-media.com/ad/8/109/969F/h/Picture-85719454-4-watermark_79943997.avif
20,0.3067,35.8604,10.5953,98.0,4.0,3.0,0.5,0.3642,2.0,150620.48,0.2814,4,0,0,0,1,1,0,1,0,0,0,0,0,0,1,1,0,0,600000.0,https://www.mubawab-media.com/ad/8/111/976F/h/Picture-85756624-3-watermark_79964099.avif
20,0.3067,36.8,10.1,96.0,3.0,2.0,0.5,0.3807,2.0,110184.0,0.3053,4,0,1,0,1,0,0,0,0,1,1,1,0,0,1,0,0,0,339900.0,https://www.mubawab-media.com/ad/8/087/550F/h/Picture-85626873-2-watermark_79727207.avif
12,0.22,35.5047,11.0622,160.0,4.0,3.0,0.5,0.4425,2.0,1278.45,0.2714,4,0,0,0,1,0,0,0,0,0,0,0,0,0,0,0,0,0,295000.0,https://www.mubawab-media.com/ad/8/112/305F/h/image00003_79967244.avif
20,0.3067,35.8604,10.5953,100.0,1.0,1.0,0.5,0.3642,2.0,150620.48,0.2742,4,0,0,0,1,0,0,0,1,1,1,0,0,0,0,0,0,0,170000.0,https://www.mubawab-media.com/ad/7/911/620F/h/432766578_425277233248797_3675137022888510549_n_74929603.avif
23,0.6867,36.819,10.1658,58.0,3.0,1.0,0.5,0.5524,2.0,2562.03,0.3561,4,0,1,0,1,0,0,0,1,0,1,1,0,0,1,0,0,0,195000.0,https://www.mubawab-media.com/ad/8/112/013F/h/bb0d6d8d1e3a8c897fbfba78bb8691c5_79964397.avif
1,0.332,36.8665,10.1647,85.0,2.0,1.0,0.5,0.247,2.0,43985.0,0.2702,3,0,0,0,0,0,0,1,0,0,0,0,0,0,0,0,0,0,165000.0,https://www.mubawab-media.com/ad/7/919/240F/h/IMG-20230517-WA0007_75543358.avif
16,0.32,36.4561,10.7376,75.0,3.0,1.0,0.5,0.4552,2.0,154974.0,0.2706,4,0,0,0,0,0,0,0,0,0,0,1,0,0,0,0,0,0,210000.0,https://www.mubawab-media.com/ad/8/111/877F/h/image-0-679b428db36f23-679b5c1279cdf1.81523703_79963194.avif
16,0.32,36.4561,10.7376,135.0,5.0,3.0,0.5,0.4552,2.0,154974.0,0.2706,4,0,0,0,1,0,1,0,0,1,0,0,0,0,0,0,0,0,485000.0,https://www.mubawab-media.com/ad/8/111/869F/h/image-0-679ce4daca49b6-679ddd39c9b704.29892324_79963154.avif
16,0.32,36.4561,10.7376,120.0,3.0,2.0,0.5,0.4552,2.0,154974.0,0.3176,4,0,0,0,1,0,0,0,0,1,1,1,0,0,0,0,0,0,350000.0,https://www.mubawab-media.com/ad/8/024/648F/h/1_79106832.avif
20,0.3067,35.8604,10.5953,80.0,2.0,1.0,0.5,0.3642,2.0,150620.48,0.2718,4,0,0,0,1,1,0,1,0,0,0,0,0,0,1,1,0,0,257000.0,https://www.mubawab-media.com/ad/8/110/843F/h/483831219_1058448839636972_7955393244377051059_n_79953010.avif
23,0.5067,36.8528,10.3247,183.0,9.0,5.0,0.5,0.5388,2.0,2562.03,0.316,4,0,0,1,0,0,0,0,0,0,0,0,0,0,0,0,0,0,445000.0,https://www.mubawab-media.com/ad/7/765/259F/h/7e539d16-df5f-46ab-bbb7-b5d2d5199eb8_54637325.avif
16,0.32,36.4561,10.7376,255.0,4.0,3.0,0.5,0.4552,2.0,154974.0,0.3176,4,0,0,0,1,1,0,0,0,0,0,1,0,0,0,1,0,0,690000.0,https://www.mubawab-media.com/ad/8/083/215F/h/3_79684299.avif
16,0.32,36.4561,10.7376,107.0,3.0,2.0,0.5,0.4552,2.0,154974.0,0.2778,2,0,0,0,1,1,0,1,0,1,0,0,0,1,0,0,0,0,650000.0,https://www.mubawab-media.com/ad/8/109/766F/h/WhatsApp%20Image%202025-02-25%20at%2010.04.58%20%281%29_79947332.avif
23,0.4,36.819,10.2358,115.0,3.0,2.0,0.5,0.517,2.0,43985.0,0.3168,4,0,0,0,0,0,0,0,0,0,0,0,0,0,0,0,0,0,890000.0,nan
23,0.4,36.8769,10.3247,110.0,3.0,2.0,0.5,0.8015,2.0,2562.03,0.3573,4,0,0,0,1,0,0,1,0,0,0,1,0,0,0,1,0,0,950000.0,https://www.mubawab-media.com/ad/7/375/478F/h/thumb_347557_property_xlarge_78388864.avif
23,0.5067,36.8528,10.3247,228.0,5.0,4.0,0.5,0.5388,2.0,2562.03,0.3341,4,0,1,0,1,0,0,1,0,0,0,1,1,1,0,0,0,0,735000.0,https://www.mubawab-media.com/ad/8/109/671F/h/PHOTO-2024-11-20-10-13-51-6_79940908.avif
23,0.4,36.8769,10.3247,146.0,1.0,4.0,0.5,0.8015,2.0,2562.03,0.277,4,0,1,0,0,0,0,1,1,0,1,0,0,0,1,0,0,0,315000.0,https://www.mubawab-media.com/ad/8/109/532F/h/Messenger_creation_151F89EE-C330-4AC9-9F0B-CE3C5C71E23D_79939583.avif
23,0.6867,36.819,10.1658,215.0,4.0,3.0,0.5,0.5524,2.0,2562.03,0.3423,4,0,0,0,1,0,0,1,1,1,1,1,0,0,0,1,0,0,770000.0,https://www.mubawab-media.com/ad/8/073/277F/h/thumb_991746_property_large_79587329.avif
3,0.32,36.8,10.1,63.0,1.0,1.0,0.5,0.2195,2.0,110184.0,0.2738,4,0,1,0,0,0,1,1,1,1,1,1,1,1,1,0,0,0,240000.0,https://www.mubawab-media.com/ad/8/109/422F/h/Screenshot_20250118-182539_Facebook_79938450.avif
1,0.32,36.8665,10.1647,135.0,4.0,3.0,0.5,0.5305,2.0,43985.0,0.3223,4,0,0,0,1,0,0,0,1,1,1,1,1,1,0,0,0,1,315000.0,https://www.mubawab-media.com/ad/8/108/970F/h/1000153526_79933771.avif
1,0.332,36.8665,10.1647,86.0,3.0,2.0,0.5,0.247,2.0,43985.0,0.314,4,0,0,1,1,0,0,0,1,1,1,1,0,0,0,0,0,0,150000.0,https://www.mubawab-media.com/ad/8/086/503F/h/WhatsApp%20Image%202025-03-11%20at%2014.20.07%20%281%29_79930597.avif
23,0.4,36.8769,10.3247,132.0,3.0,2.0,0.5,0.8015,2.0,2562.03,0.3144,4,0,1,0,0,0,0,0,0,1,0,0,0,0,1,0,0,0,552000.0,https://www.mubawab-media.com/ad/8/089/442F/h/1000086201_79745624.avif
16,0.32,36.4561,10.7376,104.0,5.0,2.0,0.5,0.4552,2.0,154974.0,0.3168,1,0,1,0,1,1,0,0,0,0,0,0,0,0,1,0,0,0,386243.0,https://www.mubawab-media.com/ad/8/108/198F/h/image-2-67c99b3e0b75b9-67cbf993e553b5.06372645_79925985.avif
16,0.32,36.4561,10.7376,85.0,5.0,2.0,0.5,0.4552,2.0,154974.0,0.3168,1,0,1,0,0,1,0,0,0,1,0,0,0,0,0,0,0,0,317000.0,https://www.mubawab-media.com/ad/8/108/184F/h/image-0-67c99b3debc031-67cbf97dd006c2.68071831_79925874.avif
23,0.4,36.8769,10.3247,131.0,3.0,2.0,0.5,0.8015,2.0,2562.03,0.2718,4,0,1,0,1,0,0,0,0,1,0,0,0,0,1,0,0,0,552000.0,https://www.mubawab-media.com/ad/8/105/344F/h/804e6565-bb73-4f15-b12c-00f69346e75c_79898506.avif
1,0.32,36.8665,10.1647,122.0,4.0,3.0,0.5,0.5305,2.0,43985.0,0.3164,4,0,0,0,0,0,0,0,0,1,1,0,0,0,0,0,0,0,250000.0,https://www.mubawab-media.com/ad/8/070/433F/h/thumb_972841_property_xlarge_79559984.avif
1,0.3533,36.899,10.2358,171.0,4.0,3.0,0.5,0.4235,2.0,43985.0,0.3184,4,0,1,0,1,0,0,1,0,0,0,0,0,0,1,0,0,0,700000.0,https://www.mubawab-media.com/ad/8/099/017F/h/bc7049ee-9938-442f-945d-d9fdb35c3903_79836092.avif
1,0.32,36.8665,10.1647,145.0,4.0,3.0,0.5,0.5305,2.0,43985.0,0.3152,4,0,1,0,1,0,0,0,0,1,0,0,0,0,0,0,0,0,419000.0,https://www.mubawab-media.com/ad/8/026/082F/h/storage%20emulated%200%20Android%20data%20com.miui.gallery%20cache%20SecurityShare%201730187384767_79119950.avif
3,0.0933,36.7533,10.2283,100.0,1.0,3.0,0.5,0.2965,2.0,114262.5,0.3172,4,0,0,0,1,0,0,0,1,0,0,1,0,0,0,0,0,0,190000.0,https://www.mubawab-media.com/ad/8/106/845F/h/WhatsApp%20Image%202025-03-06%20at%2013.59.41%20%281%29_79912924.avif
23,0.32,36.844,10.192,110.0,1.0,1.0,0.5,0.3403,2.0,43985.0,0.3136,4,0,1,0,1,0,0,1,1,1,1,0,0,0,1,1,0,0,240000.0,https://www.mubawab-media.com/ad/8/106/530F/h/resize-image%20%2826%29_79910012.avif
1,0.3533,36.899,10.2358,90.0,2.0,1.0,0.5,0.4235,2.0,43985.0,0.2726,4,0,1,1,1,0,0,1,0,1,1,1,1,0,1,0,0,0,300000.0,https://www.mubawab-media.com/ad/8/106/496F/h/7d8994fa-54b6-47b7-81e2-d0c95979828f_79909719.avif
23,0.3067,36.8,10.1,146.0,4.0,3.0,0.5,0.3453,2.0,110184.0,0.3136,4,0,1,0,0,0,0,1,0,0,1,1,0,0,1,0,0,0,580000.0,https://www.mubawab-media.com/ad/7/995/415F/h/thumb_899905_property_xlarge_78811880.avif
1,0.3533,36.899,10.2358,60.0,2.0,1.0,0.5,0.4235,2.0,43985.0,0.3144,4,0,1,0,1,0,0,1,0,0,0,0,0,0,1,0,0,0,280000.0,https://www.mubawab-media.com/ad/7/914/087F/h/FB_IMG_1715602732874_75194488.avif
16,0.13,36.8,10.1,90.0,2.0,2.0,0.5,0.2426,2.0,110184.0,0.277,4,0,0,0,0,0,0,0,0,0,0,0,0,0,0,0,0,0,215000.0,https://www.mubawab-media.com/ad/8/106/107F/h/image-6-67c013674b9154-67c021ab2ae7d1.70834408_79905806.avif
20,0.3067,36.8,10.1,150.0,3.0,2.0,0.5,0.3807,2.0,110184.0,0.2742,4,0,1,0,0,0,0,0,0,1,0,0,0,0,1,0,0,0,350200.0,https://www.mubawab-media.com/ad/8/096/955F/h/Picture-84673262-6-watermark_79816822.avif
20,0.3333,35.8245,10.6346,150.0,3.0,3.0,0.5,0.2902,2.0,150620.48,0.3144,4,0,1,0,0,0,0,0,0,1,1,0,0,0,0,0,0,0,310000.0,https://www.mubawab-media.com/ad/8/028/753F/h/thumb_941374_property_large_79146087.avif
20,0.3333,35.8245,10.6346,125.0,2.0,2.0,0.5,0.2902,2.0,150620.48,0.2774,4,0,0,0,1,0,0,0,0,1,1,0,0,0,0,0,0,0,340000.0,https://www.mubawab-media.com/ad/7/920/098F/h/thumb_825025_property_xlarge_78361404.avif
12,0.22,35.5047,11.0622,103.0,3.0,2.0,0.5,0.4425,2.0,1278.45,0.2694,4,0,0,0,1,0,0,0,1,0,0,0,0,0,0,0,0,0,250000.0,https://www.mubawab-media.com/ad/8/092/835F/h/gallery_79777239.avif
1,0.332,36.819,10.2358,115.0,3.0,2.0,0.5,0.517,2.0,43985.0,0.3168,4,0,0,0,0,0,0,0,0,0,0,0,0,0,0,0,0,0,369000.0,nan
12,0.22,35.5047,11.0622,280.0,3.0,2.0,0.5,0.4425,2.0,1278.45,0.2714,4,0,0,0,1,0,0,0,0,0,0,0,0,0,0,0,0,0,300000.0,https://www.mubawab-media.com/ad/8/075/658F/h/gallery_79611377.avif
1,0.3533,36.899,10.2358,121.0,2.0,2.0,0.5,0.4235,2.0,43985.0,0.3156,4,0,1,0,1,0,0,1,1,1,1,1,1,1,1,1,0,0,450000.0,https://www.mubawab-media.com/ad/8/038/773F/h/DFD6F04A-1DE2-4464-8208-D50673D8849B_1_105_c_79246222.avif
1,0.332,36.8665,10.1647,120.0,2.0,2.0,0.5,0.247,2.0,43985.0,0.2706,4,0,1,0,0,0,0,1,1,1,1,1,0,0,1,1,0,0,310000.0,https://www.mubawab-media.com/ad/8/105/047F/h/1000017577_79895714.avif
16,0.13,36.8,10.1,90.0,1.0,2.0,0.5,0.2426,2.0,110184.0,0.2706,4,0,0,1,0,0,0,0,1,1,0,1,1,0,1,0,0,0,175000.0,https://www.mubawab-media.com/ad/8/104/780F/h/Messenger_creation_082DCCCF-AFBC-4CF7-A136-F47158BF774C_79893132.avif
16,0.32,36.4561,10.7376,100.0,3.0,2.0,0.5,0.4552,2.0,154974.0,0.2762,4,0,0,0,0,0,0,0,1,0,1,1,0,0,0,0,0,0,248000.0,https://www.mubawab-media.com/ad/8/104/720F/h/Design%20sans%20titre%20%282%29_79892447.avif
23,0.1867,36.8094,10.1414,120.0,2.0,1.0,0.5,0.3144,2.0,2562.03,0.277,4,0,1,0,1,0,0,0,0,1,1,0,0,0,0,0,0,0,260000.0,https://www.mubawab-media.com/ad/8/104/393F/h/IMG-20231009-WA0010_79889039.avif
23,0.4,36.8769,10.3247,115.0,3.0,1.0,0.5,0.8015,2.0,2562.03,0.2884,4,0,0,0,0,0,1,0,0,0,0,0,0,0,0,0,0,0,750000.0,https://www.mubawab-media.com/ad/8/039/346F/h/photo_0_79251574.avif
16,0.32,36.4561,10.7376,46.0,2.0,1.0,0.5,0.4552,2.0,154974.0,0.3152,4,0,1,0,0,0,0,1,0,0,0,0,0,0,1,1,0,0,255000.0,https://www.mubawab-media.com/ad/8/104/249F/h/ff1793f2-8275-4654-875d-d6577993c76f_79887349.avif
23,0.1733,36.819,10.1658,110.0,3.0,3.0,0.5,0.6863,2.0,2562.03,0.2738,4,0,0,0,0,0,0,0,0,0,0,0,0,0,0,0,0,0,187000.0,https://www.mubawab-media.com/ad/8/104/124F/h/WhatsApp%20Image%202025-03-05%20%C3%A0%2010.51.50_23932809_79886270.avif
20,0.26,35.8245,10.6346,136.0,3.0,2.0,0.5,0.517,2.0,150620.48,0.2758,4,0,1,0,1,0,0,1,0,0,0,0,0,0,1,0,0,0,459086.0,https://www.mubawab-media.com/ad/8/104/107F/h/WhatsApp%20Image%202025-02-25%20at%2012.38.33_79885986.avif
4,0.24,37.2744,9.8739,140.0,3.0,2.0,0.5,0.4278,2.0,61540.22,0.2694,4,0,0,0,1,0,0,0,0,0,0,0,0,0,0,0,0,0,160000.0,https://www.mubawab-media.com/ad/8/103/832F/h/gallery_79883231.avif
1,0.3533,36.899,10.2358,140.0,2.0,2.0,0.5,0.4235,2.0,43985.0,0.2774,4,0,0,0,1,0,0,0,0,0,0,0,0,0,0,0,0,0,420000.0,https://www.mubawab-media.com/ad/8/050/697F/h/thumb_964897_property_large_79364748.avif
1,0.332,36.8665,10.1647,151.0,3.0,3.0,0.5,0.247,2.0,43985.0,0.3144,4,0,0,0,0,0,0,0,0,1,1,0,0,0,0,0,0,0,387800.0,https://www.mubawab-media.com/ad/8/039/218F/h/thumb_954284_property_large_79250227.avif
1,0.332,36.8665,10.1647,194.0,3.0,3.0,0.5,0.247,2.0,43985.0,0.3144,4,0,0,0,0,0,0,0,0,1,1,0,0,0,0,0,0,0,498400.0,https://www.mubawab-media.com/ad/8/039/221F/h/thumb_954312_property_large_79250256.avif
1,0.332,36.8665,10.1647,173.0,2.0,3.0,0.5,0.247,2.0,43985.0,0.3144,4,0,0,0,0,0,0,0,0,1,1,0,0,0,0,0,0,0,418600.0,https://www.mubawab-media.com/ad/8/039/225F/h/thumb_954240_property_large_79250278.avif
23,0.6867,36.819,10.1658,157.0,4.0,3.0,0.5,0.5524,2.0,2562.03,0.359,4,0,1,0,1,0,0,1,0,0,0,0,0,0,1,0,0,0,700000.0,https://www.mubawab-media.com/ad/8/033/840F/h/logo1_79196421.avif
16,0.32,36.4561,10.7376,104.0,3.0,2.0,0.5,0.4552,2.0,154974.0,0.2782,4,0,1,0,1,1,0,0,1,1,1,1,0,0,1,0,0,0,290000.0,https://www.mubawab-media.com/ad/8/027/479F/h/1_79133327.avif
23,0.4,36.819,10.2358,115.0,3.0,2.0,0.5,0.517,2.0,43985.0,0.3168,4,0,0,0,0,0,0,1,0,0,0,0,0,0,0,0,0,0,8500000.0,https://www.mubawab-media.com/ad/8/102/587F/h/thumb_1028141_property_xlarge_79871927.avif
23,0.4,36.8769,10.3247,220.0,3.0,5.0,0.5,0.8015,2.0,2562.03,0.3545,4,0,0,0,1,0,0,1,1,0,0,0,0,0,0,1,0,0,1100000.0,https://www.mubawab-media.com/ad/8/102/585F/h/thumb_905552_property_xlarge_79871903.avif
16,0.13,36.8,10.1,97.0,3.0,2.0,0.5,0.2426,2.0,110184.0,0.2818,4,0,0,0,1,0,0,0,0,0,0,0,0,0,0,0,0,0,185000.0,https://www.mubawab-media.com/ad/8/102/311F/h/WhatsApp%20Image%202025-02-19%20at%2011.19.31%20%281%29_79869201.avif
1,0.32,36.8665,10.1647,98.0,3.0,2.0,0.5,0.5305,2.0,43985.0,0.2778,4,0,1,0,1,0,0,1,0,1,0,1,0,0,0,0,0,0,150000.0,https://www.mubawab-media.com/ad/8/102/266F/h/Messenger_creation_9417AE2B-128C-4C36-84EE-00E27F8C2D43_79868020.avif
23,0.4,36.8769,10.3247,140.0,4.0,3.0,0.5,0.8015,2.0,2562.03,0.2948,4,0,1,0,1,0,0,1,0,0,0,0,0,0,0,0,0,0,420000.0,https://www.mubawab-media.com/ad/7/990/734F/h/IMG_4994_78763952.avif
16,0.2367,36.8,10.1,110.0,1.0,3.0,0.5,0.1516,2.0,110184.0,0.281,4,0,0,0,1,0,0,0,0,0,0,0,0,0,0,0,0,0,255000.0,https://www.mubawab-media.com/ad/8/101/644F/h/1000030793_79861867.avif
17,0.1427,34.7405,10.7603,110.0,8.0,4.0,0.5,0.3081,2.0,130875.5,0.2774,4,0,0,0,0,0,0,0,0,0,0,0,0,0,0,0,0,0,250000.0,https://www.mubawab-media.com/ad/8/101/448F/h/20250128_080038603_79859788.avif
17,0.1427,34.7405,10.7603,70.0,5.0,2.0,0.5,0.3081,2.0,130875.5,0.2702,4,0,0,0,0,0,0,0,0,0,0,0,0,0,0,0,0,0,130000.0,https://www.mubawab-media.com/ad/8/101/418F/h/20250130_090046358_79859582.avif
23,0.4,36.8769,10.3247,300.0,3.0,5.0,0.5,0.8015,2.0,2562.03,0.3254,4,0,0,0,1,1,0,1,1,1,1,1,1,1,0,1,0,1,950000.0,https://www.mubawab-media.com/ad/8/043/034F/h/photo_0_79547964.avif
23,0.4,36.819,10.2358,115.0,3.0,2.0,0.5,0.517,2.0,43985.0,0.3168,4,0,0,0,0,0,0,0,0,0,0,0,0,0,0,0,0,0,240000.0,nan
1,0.3533,36.899,10.2358,130.0,4.0,3.0,0.5,0.4235,2.0,43985.0,0.2742,4,0,0,0,1,0,0,1,1,1,1,1,0,0,1,0,0,0,289000.0,https://www.mubawab-media.com/ad/8/001/851F/h/WhatsApp%20Image%202024-08-10%20at%2011.38.49%20_78877283.avif
23,0.4,36.8769,10.3247,75.0,3.0,2.0,0.5,0.8015,2.0,2562.03,0.2876,4,0,0,0,1,0,0,1,0,0,0,1,0,0,0,0,0,0,570000.0,https://www.mubawab-media.com/ad/7/947/717F/h/thumb_854465_property_xlarge_78384262.avif
1,0.32,36.8665,10.1647,151.0,1.0,3.0,0.5,0.5305,2.0,43985.0,0.3144,4,0,1,0,1,0,0,1,1,1,1,1,1,1,1,0,0,0,450000.0,https://www.mubawab-media.com/ad/7/860/183F/h/photo_1_67268242.avif
1,0.3533,36.899,10.2358,93.0,3.0,2.0,0.5,0.4235,2.0,43985.0,0.3665,1,0,1,0,1,0,0,1,0,1,1,1,0,0,0,0,0,0,368100.0,https://www.mubawab-media.com/ad/7/881/571F/h/thumb_785068_property_xlarge_78338676.avif
16,0.2833,36.4561,10.7376,101.0,3.0,2.0,0.5,0.4454,2.0,154974.0,0.2742,4,0,1,0,1,0,0,1,0,0,0,0,0,0,0,0,0,0,340000.0,https://www.mubawab-media.com/ad/8/099/559F/h/4_79841180.avif
1,0.2933,36.8665,10.1647,100.0,1.0,2.0,0.5,0.2426,2.0,43985.0,0.2895,4,0,0,0,1,0,0,1,0,1,0,0,0,0,0,0,0,0,320000.0,https://www.mubawab-media.com/ad/8/098/067F/h/IMG_2399_79827162.avif
23,0.4,36.8769,10.3247,193.0,4.0,3.0,0.5,0.8015,2.0,2562.03,0.3346,4,0,1,0,1,0,0,0,0,1,0,0,0,0,1,0,0,0,1200000.0,https://www.mubawab-media.com/ad/8/055/821F/h/logo1_79416869.avif
16,0.2833,36.4561,10.7376,120.0,3.0,2.0,0.5,0.4454,2.0,154974.0,0.3289,4,0,0,0,1,0,0,0,0,0,0,0,0,0,0,1,0,0,320000.0,https://www.mubawab-media.com/ad/8/097/758F/h/IMG-20250215-WA0049_79824301.avif
4,0.24,37.2744,9.8739,128.0,3.0,2.0,0.5,0.4278,2.0,61540.22,0.2694,4,0,0,0,1,0,0,0,1,0,0,0,0,0,0,0,0,0,310000.0,https://www.mubawab-media.com/ad/8/096/406F/h/gallery_79811695.avif
17,0.46,36.8,10.1,204.0,5.0,4.0,0.5,0.3961,2.0,110184.0,0.3478,4,0,1,1,0,0,0,1,0,0,0,0,0,0,0,0,0,0,480000.0,https://www.mubawab-media.com/ad/8/047/735F/h/20170116_195312_79334939.avif
16,0.32,36.4561,10.7376,160.0,4.0,3.0,0.5,0.4552,2.0,154974.0,0.2726,4,0,0,0,1,0,0,0,1,0,0,1,0,0,0,0,0,1,490000.0,https://www.mubawab-media.com/ad/8/081/880F/h/IMG_7260_79671468.avif
23,0.32,36.844,10.192,117.0,3.0,2.0,0.5,0.3403,2.0,43985.0,0.3144,4,0,1,0,0,0,0,1,1,1,1,1,1,1,1,0,0,0,380000.0,https://www.mubawab-media.com/ad/8/060/108F/h/be767c76-7d53-4b55-922b-9a00599caabd_79801713.avif
1,0.3533,36.899,10.2358,110.0,3.0,2.0,0.5,0.4235,2.0,43985.0,0.322,4,0,1,0,1,0,0,1,0,1,1,0,1,1,1,0,0,0,350000.0,https://www.mubawab-media.com/ad/8/092/705F/h/1_79779754.avif
23,0.6867,36.819,10.1658,70.0,2.0,1.0,0.5,0.5524,2.0,2562.03,0.3017,1,0,1,0,0,0,0,1,1,1,1,1,1,1,1,0,0,0,320000.0,https://www.mubawab-media.com/ad/8/053/345F/h/IMG-20241124-WA0007_79392309.avif
23,0.6867,36.819,10.1658,195.0,3.0,3.0,0.5,0.5524,2.0,2562.03,0.3365,1,0,0,0,1,0,0,1,0,0,0,1,0,0,0,0,0,0,610000.0,https://www.mubawab-media.com/ad/8/069/049F/h/thumb_986003_property_xlarge_79546137.avif
1,0.3533,36.899,10.2358,300.0,3.0,5.0,0.5,0.4235,2.0,43985.0,0.2758,4,0,0,0,0,0,0,1,0,1,1,1,0,0,0,1,0,0,870000.0,https://www.mubawab-media.com/ad/8/045/539F/h/thumb_960921_property_xlarge_79311786.avif
1,0.332,36.8665,10.1647,129.0,4.0,3.0,0.5,0.247,2.0,43985.0,0.2826,4,0,1,0,1,0,0,1,1,1,1,1,1,1,1,0,0,0,348000.0,https://www.mubawab-media.com/ad/8/088/689F/h/476110386_1276912293591669_779414170591714688_n_79738190.avif
16,0.32,36.4561,10.7376,132.0,2.0,2.0,0.5,0.4552,2.0,154974.0,0.3116,4,0,0,1,0,0,0,0,0,1,1,0,0,0,0,0,0,0,395000.0,https://www.mubawab-media.com/ad/8/088/554F/h/thumb_1004811_property_large_79736817.avif
16,0.2833,36.4561,10.7376,100.0,3.0,1.0,0.5,0.4454,2.0,154974.0,0.2766,4,0,1,0,0,0,0,0,0,0,0,1,0,0,1,0,0,0,200000.0,https://www.mubawab-media.com/ad/8/083/266F/h/1_79691792.avif
1,0.3533,36.899,10.2358,160.0,3.0,3.0,0.5,0.4235,2.0,43985.0,0.3172,4,0,0,0,0,0,0,1,1,0,0,1,0,0,0,0,0,0,540000.0,https://www.mubawab-media.com/ad/8/039/024F/h/thumb_954350_property_xlarge_79248544.avif
23,0.6867,36.819,10.1658,250.0,4.0,3.0,0.5,0.5524,2.0,2562.03,0.3427,4,0,1,0,1,0,0,1,0,0,0,0,0,0,0,1,0,0,780000.0,https://www.mubawab-media.com/ad/8/048/560F/h/thumb_965411_property_xlarge_79343471.avif
3,0.0933,36.7533,10.2283,150.0,4.0,3.0,0.5,0.2965,2.0,114262.5,0.3097,4,0,0,0,1,0,1,1,1,1,1,0,0,0,1,1,0,1,260000.0,https://www.mubawab-media.com/ad/8/085/374F/h/4M_79705233.avif
23,0.4,36.819,10.2358,115.0,3.0,2.0,0.5,0.517,2.0,43985.0,0.3168,4,0,0,0,0,0,0,0,0,0,0,0,0,0,0,0,0,0,890000.0,nan
23,0.4,36.819,10.2358,115.0,3.0,2.0,0.5,0.517,2.0,43985.0,0.3168,4,0,0,0,0,0,0,0,0,0,0,0,0,0,0,0,0,0,6500000.0,https://www.mubawab-media.com/ad/8/083/844F/h/thumb_1001068_property_xlarge_79690322.avif
23,0.1733,36.819,10.1658,115.0,4.0,2.0,0.5,0.6863,2.0,2562.03,0.277,4,0,0,0,1,0,0,0,1,0,1,1,0,0,0,0,0,0,185000.0,https://www.mubawab-media.com/ad/8/080/795F/h/IMG_1004_79661923.avif
23,0.1733,36.819,10.1658,115.0,4.0,2.0,0.5,0.6863,2.0,2562.03,0.3295,4,0,0,0,1,0,0,0,1,0,1,0,0,0,1,0,0,0,225000.0,https://www.mubawab-media.com/ad/8/080/792F/h/IMG_1008_79661881.avif
13,0.2467,36.8,10.1,120.0,4.0,3.0,0.5,0.2476,2.0,110184.0,0.2774,4,0,1,0,1,0,1,1,1,1,1,1,0,0,1,0,0,0,647000.0,https://www.mubawab-media.com/ad/8/038/647F/h/thumb_941065_property_xlarge_79245063.avif
23,0.4,36.8769,10.3247,72.0,2.0,1.0,0.5,0.8015,2.0,2562.03,0.3188,4,0,1,0,1,0,0,1,1,1,1,1,1,1,1,0,0,0,390000.0,https://www.mubawab-media.com/ad/7/877/611F/h/8_69695080.avif
23,0.3067,36.8,10.1,67.0,2.0,1.0,0.5,0.3453,2.0,110184.0,0.3317,4,0,1,0,0,0,0,0,0,1,1,0,0,0,1,0,0,0,265000.0,https://www.mubawab-media.com/ad/8/078/858F/h/c3f7263e-b63f-499f-97b0-2510cf66cc30_79642318.avif
20,0.3333,35.8245,10.6346,35.0,1.0,1.0,0.5,0.2902,2.0,150620.48,0.3156,4,0,0,0,1,0,0,0,0,0,0,0,0,0,0,0,0,0,140000.0,https://www.mubawab-media.com/ad/7/883/208F/h/thumb_787168_property_xlarge_78361865.avif
23,0.1867,36.8094,10.1414,256.0,5.0,3.0,0.5,0.3144,2.0,2562.03,0.3172,4,0,0,0,1,0,0,1,0,0,0,0,0,0,0,0,0,0,400000.0,https://www.mubawab-media.com/ad/7/975/545F/h/5_78626463.avif
14,0.2367,33.3549,10.5055,115.0,2.0,2.0,0.5,0.2913,2.0,106845.0,0.2786,4,0,0,1,0,0,0,0,0,0,0,1,0,0,0,0,0,0,220000.0,https://www.mubawab-media.com/ad/8/075/128F/h/louer%20%C3%A0%20l%27ann%C3%A9e_79605739.avif
23,0.6867,36.819,10.1658,150.0,3.0,3.0,0.5,0.5524,2.0,2562.03,0.3603,4,0,0,0,0,0,0,0,0,0,0,1,0,0,0,1,0,0,920000.0,https://www.mubawab-media.com/ad/8/038/986F/h/thumb_954050_property_xlarge_79248192.avif
23,0.6867,36.819,10.1658,90.0,3.0,1.0,0.5,0.5524,2.0,2562.03,0.3459,1,0,0,0,0,0,0,1,0,0,0,0,0,0,0,1,0,0,390000.0,https://www.mubawab-media.com/ad/7/990/119F/h/thumb_892397_property_xlarge_78757527.avif
14,0.2367,33.3549,10.5055,104.0,3.0,2.0,0.5,0.4303,2.0,106845.0,0.2774,4,0,0,0,1,0,0,0,0,0,0,0,0,1,0,1,0,0,179000.0,https://www.mubawab-media.com/ad/7/234/508F/h/WhatsApp%20Image%202022-12-20%20at%2000.18.59%20%281%29_38010405.avif
23,0.6867,36.819,10.2358,287.0,3.0,2.0,0.5,0.517,2.0,43985.0,0.3168,1,0,0,0,1,0,0,0,0,0,0,0,0,0,0,0,0,0,2700000.0,https://www.mubawab-media.com/ad/8/073/573F/h/thumb_992032_property_xlarge_79590346.avif
16,0.13,36.8,10.1,100.0,6.0,3.0,0.5,0.2426,2.0,110184.0,0.277,4,0,0,0,1,0,0,0,0,0,0,0,0,0,0,0,0,0,185000.0,https://www.mubawab-media.com/ad/7/985/171F/h/WhatsApp%20Image%202024-08-20%20at%2018.42.52%20%282%29_78708470.avif
23,0.3467,36.819,10.1658,140.0,3.0,3.0,0.5,0.3526,2.0,2562.03,0.3033,4,0,0,0,0,0,0,0,0,0,0,0,0,0,0,0,0,0,600000.0,https://www.mubawab-media.com/ad/8/072/812F/h/thumb_991195_property_large_79582610.avif
1,0.3533,36.899,10.2358,147.0,4.0,3.0,0.5,0.4235,2.0,43985.0,0.3132,4,0,1,0,0,1,0,0,0,1,0,0,0,0,0,0,0,0,540000.0,https://www.mubawab-media.com/ad/7/959/208F/h/450676404_426857780349259_7164240666581854159_n_78457173.avif
20,0.3067,36.8,10.1,400.0,6.0,5.0,0.5,0.334,2.0,110184.0,0.3156,4,0,0,0,1,0,0,0,1,1,1,1,0,0,1,0,0,0,680000.0,https://www.mubawab-media.com/ad/7/930/406F/h/WhatsApp%20Image%202024-06-05%20at%2012.19.42%20PM%20%281%29_76400116.avif
20,0.3067,35.8604,10.5953,70.0,2.0,2.0,0.5,0.3642,2.0,150620.48,0.3152,4,0,0,0,0,0,0,0,0,0,0,0,0,0,0,0,0,0,275000.0,https://www.mubawab-media.com/ad/8/067/009F/h/thumb_984385_property_large_79526777.avif
16,0.32,36.4561,10.7376,110.0,3.0,2.0,0.5,0.4552,2.0,154974.0,0.2778,4,0,1,0,1,1,0,1,1,1,1,1,1,1,1,0,0,0,380000.0,https://www.mubawab-media.com/ad/8/049/668F/h/462579488_2232765607109554_994005511045884103_n_79354220.avif
1,0.3533,36.899,10.2358,106.0,4.0,3.0,0.5,0.4235,2.0,43985.0,0.3144,4,0,0,0,1,0,0,0,0,0,0,0,0,0,0,0,0,0,132000.0,https://www.mubawab-media.com/ad/8/067/081F/h/2_79527499.avif
20,0.3333,35.8245,10.6346,102.0,3.0,3.0,0.5,0.2902,2.0,150620.48,0.3184,4,0,0,0,0,0,0,0,0,0,0,0,0,0,0,0,0,0,350000.0,https://www.mubawab-media.com/ad/8/062/838F/h/thumb_981558_property_large_79485284.avif
20,0.1333,36.8,10.1,102.0,2.0,2.0,0.5,0.2413,2.0,110184.0,0.3305,4,0,0,0,1,0,1,1,1,0,0,1,0,0,0,0,0,0,230000.0,https://www.mubawab-media.com/ad/7/884/532F/h/thumb_788753_property_xlarge_78361802.avif
20,0.3067,36.819,10.2358,110.0,2.0,3.0,0.5,0.517,2.0,43985.0,0.3168,4,0,1,0,1,0,0,0,0,1,0,0,0,0,0,0,0,0,320000.0,nan
20,0.3067,35.8604,10.5953,39.0,1.0,1.0,0.5,0.3642,2.0,150620.48,0.3277,4,0,0,0,0,0,0,0,0,1,1,0,0,0,0,1,0,0,180000.0,https://www.mubawab-media.com/ad/7/953/840F/h/thumb_860552_property_xlarge_78361172.avif
20,0.3067,35.8604,10.5953,82.0,1.0,1.0,0.5,0.3642,2.0,150620.48,0.316,4,0,0,0,1,1,0,1,0,0,0,0,0,0,0,1,0,0,275000.0,https://www.mubawab-media.com/ad/8/012/645F/h/thumb_920444_property_large_78990892.avif
20,0.3067,35.8604,10.5953,351.0,3.0,2.0,0.5,0.3642,2.0,150620.48,0.3653,4,0,0,0,0,0,0,1,0,1,1,0,0,0,0,1,0,0,490000.0,https://www.mubawab-media.com/ad/7/847/870F/h/thumb_741891_property_xlarge_78362171.avif
20,0.3333,35.8245,10.6346,120.0,2.0,2.0,0.5,0.2902,2.0,150620.48,0.3345,4,0,0,0,1,0,0,1,0,0,0,0,0,0,0,0,0,0,490000.0,https://www.mubawab-media.com/ad/7/979/238F/h/thumb_881028_property_large_78652841.avif
20,0.3067,35.8604,10.5953,32.0,1.0,1.0,0.5,0.3642,2.0,150620.48,0.3104,4,0,0,0,1,1,0,0,0,1,0,0,0,0,0,0,0,0,195000.0,https://www.mubawab-media.com/ad/8/060/549F/h/thumb_910187_property_large_79463621.avif
23,0.4,36.819,10.2358,115.0,3.0,2.0,0.5,0.517,2.0,43985.0,0.3168,4,0,0,0,0,0,0,0,0,0,0,0,0,0,0,0,0,0,240000.0,nan
20,0.3067,35.8604,10.5953,46.0,3.0,1.0,0.5,0.3642,2.0,150620.48,0.3152,4,0,0,0,1,1,0,1,1,1,0,1,0,0,0,1,0,0,360000.0,https://www.mubawab-media.com/ad/7/959/356F/h/thumb_865400_property_xlarge_78458657.avif
23,0.2367,36.8451,10.2272,71.0,3.0,2.0,0.5,0.4448,2.0,43985.0,0.277,4,0,0,0,0,0,0,1,0,0,0,1,0,0,0,0,0,0,260000.0,https://www.mubawab-media.com/ad/8/040/630F/h/thumb_956080_property_xlarge_79264639.avif
4,0.2367,36.8,10.1,100.0,3.0,2.0,0.5,0.152,2.0,110184.0,0.3144,4,0,0,0,1,0,1,0,0,0,0,1,0,0,0,0,0,1,170000.0,https://www.mubawab-media.com/ad/8/062/976F/h/469849015_591728486709939_7194681050274093926_n_79486600.avif
23,0.4,36.8769,10.3247,115.0,5.0,4.0,0.5,0.8015,2.0,2562.03,0.331,4,0,0,0,0,0,0,0,0,0,0,1,0,0,0,0,0,0,950000.0,https://www.mubawab-media.com/ad/8/036/988F/h/thumb_952100_property_large_79228822.avif
3,0.2367,36.8,10.1,156.0,7.0,3.0,0.5,0.2098,2.0,110184.0,0.3192,3,0,0,0,1,0,0,1,0,0,0,0,1,0,0,1,0,0,180000.0,https://www.mubawab-media.com/ad/7/527/449F/h/pixlr_31055295.avif
20,0.284,36.8,10.1,170.0,3.0,2.0,0.5,0.3272,2.0,110184.0,0.3168,4,0,1,0,0,0,0,1,0,1,1,1,0,0,0,0,0,0,750000.0,https://www.mubawab-media.com/ad/8/059/287F/h/vOqXbFWX3EhWHwE7-thumb_79451012.avif
1,0.32,36.8665,10.1647,140.0,4.0,3.0,0.5,0.5305,2.0,43985.0,0.3418,4,0,1,0,1,0,0,0,0,0,0,0,0,0,0,0,0,1,420000.0,https://www.mubawab-media.com/ad/8/049/178F/h/WhatsApp%20Image%202024-12-03%20%C3%A0%2015.33.43_7f7fd2b0_79349666.avif
3,0.14,36.8,10.1,80.0,3.0,2.0,0.5,0.2793,2.0,110184.0,0.3176,4,0,0,0,1,0,0,0,0,1,1,0,0,0,0,0,0,0,280000.0,https://www.mubawab-media.com/ad/8/053/635F/h/aad94988-74c0-49a4-b3c8-de19df135a24_cd15d95e-dcc8-4507-8b5d-cf1717f81124_79394871.avif
20,0.26,35.8245,10.6346,143.0,3.0,2.0,0.5,0.517,2.0,150620.48,0.2746,4,0,1,0,1,0,0,0,0,1,0,0,0,0,0,0,0,0,385000.0,https://www.mubawab-media.com/ad/7/922/316F/h/WhatsApp%20Image%202024-05-01%20at%202.35.30%20PM_75778058.avif
23,0.4,36.8769,10.3247,130.0,3.0,2.0,0.5,0.8015,2.0,2562.03,0.3278,4,0,0,0,0,0,0,0,0,0,0,1,0,0,0,0,0,0,390000.0,https://www.mubawab-media.com/ad/7/881/552F/h/IMG-20240308-WA0005_70316506.avif
23,0.4,36.8769,10.3247,80.0,2.0,1.0,0.5,0.8015,2.0,2562.03,0.3396,4,0,0,0,1,0,0,0,1,0,0,1,0,0,0,0,0,0,440000.0,https://www.mubawab-media.com/ad/8/043/738F/h/thumb_956476_property_xlarge_79294946.avif
16,0.32,36.4561,10.7376,180.0,2.0,2.0,0.5,0.4552,2.0,154974.0,0.2754,4,0,1,0,1,1,0,1,0,0,0,0,0,0,0,1,0,0,640000.0,https://www.mubawab-media.com/ad/8/049/729F/h/81312b75-a628-4143-92e0-cf4109325dd6_79354898.avif
20,0.3067,35.8604,10.5953,130.0,3.0,2.0,0.5,0.3642,2.0,150620.48,0.3156,4,0,0,0,0,0,0,1,0,0,0,0,0,0,0,0,0,0,430000.0,https://www.mubawab-media.com/ad/8/015/443F/h/thumb_897512_property_xlarge_79019056.avif
1,0.32,36.819,10.2358,62.0,1.0,1.0,0.5,0.517,2.0,43985.0,0.3168,4,0,0,0,0,0,0,0,0,0,1,0,0,0,0,0,0,0,215000.0,nan
16,0.32,36.4561,10.7376,158.0,5.0,4.0,0.5,0.4552,2.0,154974.0,0.2774,4,0,1,0,1,0,1,0,1,1,1,1,1,1,1,0,0,0,550000.0,https://www.mubawab-media.com/ad/8/021/601F/h/0_79077479.avif
23,0.6867,36.819,10.1658,60.0,1.0,1.0,0.5,0.5524,2.0,2562.03,0.3192,4,0,0,1,0,0,0,0,0,1,0,1,0,0,0,0,0,0,120000.0,https://www.mubawab-media.com/ad/8/045/807F/h/Messenger_creation_5ED0598F-64B5-4A0D-B162-54EBB4E57FE1_79314633.avif
8,0.1422,35.6781,10.0963,127.0,1.0,2.0,0.5,0.2424,2.0,178346.92,0.2734,4,0,1,0,1,0,0,1,1,1,1,1,0,0,1,0,0,0,254000.0,https://www.mubawab-media.com/ad/7/958/507F/h/80916001114032024_tu_kair1_11006126ac_1024_7a555503-adf6-4161-9365-a486ba3e152c_78449922.avif
23,0.6867,36.819,10.1658,360.0,4.0,4.0,0.5,0.5524,2.0,2562.03,0.3391,4,0,1,0,1,0,0,0,0,1,1,1,1,0,0,1,0,0,950000.0,https://www.mubawab-media.com/ad/7/173/967F/h/IMG_5396_9037112.avif
1,0.32,36.8665,10.1647,100.0,2.0,1.0,0.5,0.5305,2.0,43985.0,0.3152,4,0,1,0,1,0,0,0,1,1,1,1,1,1,1,0,0,0,315000.0,https://www.mubawab-media.com/ad/7/389/150F/h/270300996_465884961834927_467290796810879755_n_19789503.avif
1,0.32,36.8665,10.1647,75.0,1.0,1.0,0.5,0.5305,2.0,43985.0,0.3309,1,0,1,0,1,0,0,0,0,0,0,0,0,0,1,0,0,0,200000.0,https://www.mubawab-media.com/ad/8/040/138F/h/thumb_956132_property_large_79259849.avif
16,0.13,36.8,10.1,157.0,3.0,2.0,0.5,0.2426,2.0,110184.0,0.2883,4,0,0,0,1,0,0,1,0,0,0,0,0,0,0,0,0,0,190000.0,https://www.mubawab-media.com/ad/7/826/322F/h/WhatsApp%20Image%202023-12-07%20%C3%A0%2010.57.56_4f269ec2_62192803.avif
16,0.32,36.4561,10.7376,110.0,3.0,2.0,0.5,0.4552,2.0,154974.0,0.2778,4,0,0,0,1,0,0,0,0,0,0,0,0,0,0,0,0,1,320000.0,https://www.mubawab-media.com/ad/8/033/846F/h/1_79196405.avif
1,0.3533,36.899,10.2358,100.0,3.0,2.0,0.5,0.4235,2.0,43985.0,0.2758,4,0,0,0,0,0,0,1,0,0,1,0,0,0,0,0,0,0,150000.0,https://www.mubawab-media.com/ad/8/038/796F/h/IMG-20250715-WA0014_80694015.avif
13,0.2467,36.8,10.1,85.0,3.0,2.0,0.5,0.2476,2.0,110184.0,0.2774,4,0,1,0,1,0,1,0,0,0,0,0,0,0,1,0,0,0,398000.0,https://www.mubawab-media.com/ad/8/038/627F/h/thumb_940899_property_xlarge_79244848.avif
23,0.6867,36.819,10.1658,162.0,3.0,3.0,0.5,0.5524,2.0,2562.03,0.3666,4,0,0,0,1,0,0,1,0,0,0,1,0,0,0,0,0,0,825000.0,https://www.mubawab-media.com/ad/8/035/947F/h/thumb_949370_property_xlarge_79217465.avif
1,0.32,36.8665,10.1647,107.0,3.0,4.0,0.5,0.5305,2.0,43985.0,0.2782,4,0,0,0,1,0,0,0,0,0,0,0,0,0,1,0,0,0,160000.0,https://www.mubawab-media.com/ad/7/994/637F/h/thumb_897284_property_large_78804256.avif
23,0.6867,36.819,10.2358,115.0,3.0,2.0,0.5,0.517,2.0,43985.0,0.3168,4,0,0,0,0,0,0,0,0,0,0,0,0,0,0,0,0,0,635000.0,nan
20,0.32,36.8,10.1,125.0,2.0,3.0,0.5,0.3244,2.0,110184.0,0.2746,4,0,0,0,0,0,0,0,0,0,0,1,0,0,0,0,0,0,340000.0,https://www.mubawab-media.com/ad/8/017/244F/h/thumb_926806_property_large_79036099.avif
16,0.32,36.4561,10.7376,122.0,2.0,1.0,0.5,0.4552,2.0,154974.0,0.3156,4,0,1,0,0,0,0,0,0,1,1,1,0,0,0,0,0,0,295000.0,https://www.mubawab-media.com/ad/8/007/493F/h/1_78937359.avif
8,0.1422,35.6781,10.0963,167.0,1.0,3.0,0.5,0.2424,2.0,178346.92,0.2734,4,0,1,0,1,0,0,1,1,1,1,1,0,0,1,0,0,0,324000.0,https://www.mubawab-media.com/ad/7/958/516F/h/87942591014032024_tu_kair1_11006126ac_1024_d8906353-232e-49f1-ac2d-eb0cec9dad13_78450062.avif
20,0.32,36.8,10.1,143.0,3.0,3.0,0.5,0.3244,2.0,110184.0,0.277,4,0,0,0,1,0,0,0,0,1,1,1,0,0,0,0,0,0,539000.0,https://www.mubawab-media.com/ad/8/017/186F/h/thumb_926565_property_large_79035603.avif
20,0.32,36.8,10.1,111.0,2.0,2.0,0.5,0.3244,2.0,110184.0,0.2746,4,0,0,0,0,0,0,0,0,1,1,1,0,0,0,1,0,0,375000.0,https://www.mubawab-media.com/ad/8/020/199F/h/thumb_929434_property_large_79064955.avif
20,0.32,36.8,10.1,108.0,2.0,2.0,0.5,0.3244,2.0,110184.0,0.2746,4,0,0,0,0,0,0,0,0,1,1,1,0,0,0,0,0,0,303000.0,https://www.mubawab-media.com/ad/8/020/204F/h/thumb_930283_property_large_79064987.avif
20,0.32,36.8,10.1,116.0,2.0,2.0,0.5,0.3244,2.0,110184.0,0.2746,4,0,0,0,0,0,0,0,0,1,1,1,0,0,0,0,0,0,326000.0,https://www.mubawab-media.com/ad/8/020/201F/h/thumb_930291_property_large_79064975.avif
20,0.3067,35.8604,10.5953,110.0,3.0,3.0,0.5,0.3642,2.0,150620.48,0.279,4,0,0,0,0,0,0,0,0,0,0,0,0,0,0,0,0,0,360000.0,https://www.mubawab-media.com/ad/8/027/567F/h/thumb_59754_property_xlarge_79134195.avif
16,0.32,36.4561,10.7376,80.0,3.0,2.0,0.5,0.4552,2.0,154974.0,0.2774,4,0,0,0,1,0,0,0,0,0,0,0,0,0,1,0,0,0,390000.0,https://www.mubawab-media.com/ad/7/346/261F/h/0_16823175.avif
16,0.2833,36.4561,10.7376,110.0,4.0,3.0,0.5,0.4454,2.0,154974.0,0.277,4,0,0,0,1,0,0,0,0,1,0,0,0,0,0,0,0,0,310000.0,https://www.mubawab-media.com/ad/8/027/276F/h/0_79131280.avif
1,0.3533,36.899,10.2358,70.0,2.0,1.0,0.5,0.4235,2.0,43985.0,0.3156,4,0,1,0,1,0,0,1,0,0,0,0,0,0,1,0,0,0,260000.0,https://www.mubawab-media.com/ad/8/013/339F/h/2E2B62FE-82CD-48CE-BD27-CD8C603F1B67_1_105_c_78998063.avif
20,0.3067,35.8604,10.5953,40.0,1.0,1.0,0.5,0.3642,2.0,150620.48,0.3122,4,0,0,0,1,0,0,0,0,0,0,0,0,0,0,1,0,0,210000.0,https://www.mubawab-media.com/ad/7/964/546F/h/thumb_869988_property_large_78507886.avif
20,0.3333,35.8245,10.6346,50.0,1.0,1.0,0.5,0.2902,2.0,150620.48,0.2794,4,0,1,0,1,0,1,1,0,0,0,0,0,0,0,0,0,0,280000.0,https://www.mubawab-media.com/ad/8/022/471F/h/thumb_59677_property_xlarge_79086223.avif
1,0.3533,36.899,10.2358,100.0,2.0,2.0,0.5,0.4235,2.0,43985.0,0.3168,4,0,0,0,1,0,0,0,0,0,0,1,0,0,0,0,0,0,210000.0,https://www.mubawab-media.com/ad/8/018/712F/h/thumb_928536_property_large_79050893.avif
16,0.32,36.4561,10.7376,106.0,3.0,2.0,0.5,0.4552,2.0,154974.0,0.2782,4,0,0,0,1,0,0,0,0,0,0,0,0,0,0,0,0,0,360000.0,https://www.mubawab-media.com/ad/8/020/083F/h/1_79063863.avif
17,0.0533,36.8,10.1,121.0,4.0,3.0,0.5,0.1511,2.0,110184.0,0.2762,4,0,0,0,1,0,0,0,1,0,0,0,0,0,1,0,0,0,160000.0,https://www.mubawab-media.com/ad/7/975/265F/h/Capture%20d%27%C3%A9cran%202024-08-27%20172404_78710166.avif
23,0.4,36.8769,10.3247,120.0,2.0,2.0,0.5,0.8015,2.0,2562.03,0.3661,1,0,0,0,1,0,0,0,0,1,1,0,0,0,0,0,0,0,408646.0,https://www.mubawab-media.com/ad/7/982/413F/h/thumb_886390_property_large_78681262.avif
23,0.2367,36.8451,10.2272,112.0,2.0,2.0,0.5,0.4448,2.0,43985.0,0.3661,1,0,0,0,1,0,0,0,0,1,1,0,0,0,0,0,0,0,380324.0,https://www.mubawab-media.com/ad/7/982/914F/h/thumb_886825_property_large_78686089.avif
20,0.32,36.8,10.1,185.0,4.0,3.0,0.5,0.3244,2.0,110184.0,0.2774,4,0,1,0,1,0,0,0,1,1,1,1,0,0,1,0,0,0,440000.0,https://www.mubawab-media.com/ad/8/017/233F/h/thumb_926891_property_large_79035951.avif
20,0.32,36.8,10.1,102.0,2.0,2.0,0.5,0.3244,2.0,110184.0,0.277,3,0,0,0,1,0,0,0,0,1,1,1,0,0,0,0,0,0,477000.0,https://www.mubawab-media.com/ad/8/017/191F/h/thumb_926441_property_large_79035642.avif
20,0.32,36.8,10.1,103.0,2.0,2.0,0.5,0.3244,2.0,110184.0,0.277,3,0,0,0,1,0,0,0,0,1,1,1,0,0,0,0,0,0,467000.0,https://www.mubawab-media.com/ad/8/017/188F/h/thumb_926469_property_large_79035621.avif
20,0.3067,35.8604,10.5953,117.0,2.0,2.0,0.5,0.3642,2.0,150620.48,0.3134,4,0,0,0,0,1,0,0,0,0,0,0,0,0,0,0,0,0,520000.0,https://www.mubawab-media.com/ad/8/017/181F/h/thumb_926601_property_large_79035553.avif
20,0.32,36.8,10.1,67.0,1.0,2.0,0.5,0.3244,2.0,110184.0,0.277,4,0,0,0,1,0,0,0,0,1,1,1,0,0,0,0,0,0,354000.0,https://www.mubawab-media.com/ad/8/017/178F/h/thumb_926623_property_large_79035509.avif
20,0.3067,36.8,10.1,99.0,3.0,2.0,0.5,0.3807,2.0,110184.0,0.3,4,0,1,0,1,0,0,0,0,1,0,0,0,0,1,0,0,0,290000.0,https://www.mubawab-media.com/ad/8/014/990F/h/thumb_919708_property_xlarge_79014762.avif
1,0.32,36.8665,10.1647,125.0,3.0,3.0,0.5,0.5305,2.0,43985.0,0.3156,4,0,0,0,1,0,0,1,0,1,0,0,0,0,1,0,0,0,330000.0,https://www.mubawab-media.com/ad/8/014/932F/h/0695912E-D4C9-4DE3-95AD-308BF0628555_1_105_c_79014133.avif
20,0.3067,35.8604,10.5953,238.0,1.0,1.0,0.5,0.3642,2.0,150620.48,0.2959,4,0,0,0,1,0,0,0,0,0,1,0,0,0,0,0,0,0,650000.0,https://www.mubawab-media.com/ad/8/014/897F/h/thumb_59309_property_xlarge_79013690.avif
1,0.3533,36.899,10.2358,90.0,2.0,2.0,0.5,0.4235,2.0,43985.0,0.3156,4,0,1,0,0,0,0,1,0,0,0,0,0,0,1,0,0,0,380000.0,https://www.mubawab-media.com/ad/7/968/291F/h/74C82DB2-40A8-45E5-8B6B-0177213B6B11_1_105_c_78546045.avif
23,0.4,36.8769,10.3247,190.0,4.0,3.0,0.5,0.8015,2.0,2562.03,0.3493,4,0,1,0,1,0,0,1,0,0,0,0,0,0,1,0,0,0,500000.0,https://www.mubawab-media.com/ad/7/925/159F/h/3B1E2BB1-4A96-46CD-9658-D0A4D1EC8001_76015871.avif
23,0.1733,36.819,10.1658,113.0,3.0,2.0,0.5,0.6863,2.0,2562.03,0.2742,4,0,0,0,1,0,0,1,0,0,0,0,0,0,1,1,0,0,200000.0,https://www.mubawab-media.com/ad/7/969/654F/h/20240803_102300_78560319.avif
23,0.4,36.819,10.2358,115.0,3.0,2.0,0.5,0.517,2.0,43985.0,0.3168,4,0,0,0,0,0,0,0,0,0,0,0,0,0,0,0,0,0,240000.0,nan
16,0.2833,36.4561,10.7376,70.0,1.0,2.0,0.5,0.4454,2.0,154974.0,0.2706,4,0,0,0,0,1,0,0,0,0,0,0,0,0,0,0,0,0,260000.0,https://www.mubawab-media.com/ad/7/997/924F/h/thumb_901278_property_large_78836404.avif
1,0.3533,36.899,10.2358,70.0,2.0,1.0,0.5,0.4235,2.0,43985.0,0.3136,4,0,1,0,1,0,0,0,1,1,1,1,1,1,1,0,0,0,265000.0,https://www.mubawab-media.com/ad/7/925/100F/h/B6809CE1-9E34-4899-82A4-5609D5E357B6_1_105_c_76013171.avif
20,0.3333,35.8245,10.6346,84.0,2.0,2.0,0.5,0.2902,2.0,150620.48,0.277,4,0,1,0,1,0,0,0,0,1,1,0,0,0,0,0,0,0,280000.0,https://www.mubawab-media.com/ad/7/943/045F/h/thumb_850554_property_large_77551362.avif
23,0.6867,36.819,10.1658,137.0,3.0,2.0,0.5,0.5524,2.0,2562.03,0.3411,4,0,0,0,1,1,0,0,0,0,0,1,0,0,0,0,0,0,685000.0,https://www.mubawab-media.com/ad/7/843/754F/h/thumb_736465_property_xlarge_78386711.avif
23,0.6867,36.819,10.1658,75.0,3.0,1.0,0.5,0.5524,2.0,2562.03,0.3666,4,0,0,0,1,0,0,1,0,0,0,0,0,0,0,0,0,0,390000.0,https://www.mubawab-media.com/ad/7/916/055F/h/thumb_856745_property_xlarge_78386182.avif
1,0.3533,36.899,10.2358,115.0,2.0,2.0,0.5,0.4235,2.0,43985.0,0.3136,4,0,1,0,1,0,0,0,1,1,1,1,1,1,0,0,0,0,320000.0,https://www.mubawab-media.com/ad/7/936/866F/h/D113CE3D-F3D7-435F-8271-B7EE8CACCACC_1_105_c_77081338.avif
1,0.3533,36.899,10.2358,112.0,2.0,3.0,0.5,0.4235,2.0,43985.0,0.316,4,0,0,0,1,0,0,0,0,0,0,0,0,0,0,0,0,0,195000.0,https://www.mubawab-media.com/ad/7/839/646F/h/thumb_732659_property_xlarge_78383071.avif
23,0.6867,36.819,10.1658,372.0,5.0,3.0,0.5,0.5524,2.0,2562.03,0.3451,4,0,0,0,0,0,0,1,1,0,0,1,0,0,0,1,0,0,1300000.0,https://www.mubawab-media.com/ad/7/195/888F/h/thumb_241422_property_xlarge_78387282.avif
1,0.3533,36.899,10.2358,250.0,6.0,4.0,0.5,0.4235,2.0,43985.0,0.3297,4,0,0,0,0,1,0,1,0,1,0,0,0,0,0,1,0,0,1070000.0,https://www.mubawab-media.com/ad/7/865/919F/h/1_67999665.avif
20,0.284,36.8,10.1,190.0,4.0,4.0,0.5,0.3272,2.0,110184.0,0.3144,4,0,0,0,0,0,0,0,0,0,1,0,0,0,0,0,0,0,380000.0,https://www.mubawab-media.com/ad/7/960/556F/h/thumb_58249_property_xlarge_78470172.avif
23,0.4,36.8769,10.3247,111.0,1.0,2.0,0.5,0.8015,2.0,2562.03,0.3404,3,0,1,0,1,0,0,1,0,0,0,0,0,0,1,0,0,0,530000.0,https://www.mubawab-media.com/ad/7/940/467F/h/WhatsApp%20Image%202024-06-24%20at%2016.34.46%20%281%29_77404360.avif
23,0.4,36.8769,10.3247,68.0,1.0,1.0,0.5,0.8015,2.0,2562.03,0.3404,4,0,1,0,0,0,0,1,0,1,0,0,0,0,1,0,0,0,350000.0,https://www.mubawab-media.com/ad/7/940/634F/h/thumb_847824_property_large_77404902.avif
16,0.13,36.8,10.1,400.0,3.0,2.0,0.5,0.2426,2.0,110184.0,0.316,4,0,0,0,1,0,1,0,0,1,0,0,0,0,0,1,0,0,650000.0,https://www.mubawab-media.com/ad/7/921/608F/h/406048531_876354057651557_5309637988920324677_n_75707938.avif
23,0.4,36.8769,10.3247,225.0,3.0,5.0,0.5,0.8015,2.0,2562.03,0.2864,4,0,0,0,0,0,0,0,0,0,0,0,0,0,0,0,0,0,700000.0,https://www.mubawab-media.com/ad/7/886/106F/h/thumb_790369_property_xlarge_78385347.avif
16,0.32,36.4561,10.7376,69.0,1.0,1.0,0.5,0.4552,2.0,154974.0,0.2706,4,0,0,0,0,1,0,0,0,0,0,1,0,0,0,0,0,0,270000.0,https://www.mubawab-media.com/ad/7/953/157F/h/thumb_860308_property_large_78299114.avif
1,0.32,36.8665,10.1647,75.0,1.0,1.0,0.5,0.5305,2.0,43985.0,0.3297,4,0,1,0,0,0,0,0,1,1,1,1,1,1,1,0,0,0,215000.0,https://www.mubawab-media.com/ad/7/897/745F/h/photo_00_73191487.avif
23,0.32,36.844,10.192,140.0,1.0,3.0,0.5,0.3403,2.0,43985.0,0.3116,4,0,0,0,1,0,0,1,1,1,1,1,1,1,1,1,0,0,450000.0,https://www.mubawab-media.com/ad/7/859/691F/h/photo_0_67234069.avif
23,0.1733,36.819,10.1658,70.0,4.0,3.0,0.5,0.6863,2.0,2562.03,0.3164,4,0,0,0,0,0,0,0,0,0,0,0,0,0,0,0,0,0,100000.0,https://www.mubawab-media.com/ad/7/941/433F/h/Screenshot%202025-12-29%20170142_81697337.avif
1,0.2367,36.8,10.1,150.0,3.0,2.0,0.5,0.1506,2.0,110184.0,0.3232,3,0,0,0,0,0,0,0,0,0,0,0,0,0,0,1,0,0,80000.0,https://www.mubawab-media.com/ad/7/828/699F/h/IMG_20231128_164950_62567482.avif
1,0.2367,36.8,10.1,260.0,3.0,2.0,0.5,0.1506,2.0,110184.0,0.3232,2,0,0,0,1,0,0,0,0,0,0,0,1,0,0,0,0,0,200000.0,https://www.mubawab-media.com/ad/7/858/967F/h/IMG-20240204-WA0003_67159624.avif
20,0.26,35.8245,10.6346,128.0,2.0,3.0,0.5,0.517,2.0,150620.48,0.3585,4,0,0,0,1,0,0,0,0,1,1,0,0,0,0,0,0,0,480000.0,https://www.mubawab-media.com/ad/7/921/102F/h/thumb_826605_property_xlarge_78361369.avif
23,0.6867,36.819,10.2358,115.0,3.0,2.0,0.5,0.517,2.0,43985.0,0.3168,4,0,0,0,0,0,0,0,0,0,0,0,0,0,0,0,0,0,635000.0,nan
23,0.4,36.8769,10.3247,124.0,3.0,2.0,0.5,0.8015,2.0,2562.03,0.3234,4,0,0,0,1,0,0,1,1,1,1,1,1,1,1,0,0,0,980000.0,https://www.mubawab-media.com/ad/7/910/880F/h/BA6FB557-F9C2-4773-B2C9-64EBC5EA0550_1_105_c_74927633.avif
20,0.26,35.8245,10.6346,115.0,3.0,3.0,0.5,0.517,2.0,150620.48,0.2895,1,0,0,0,0,0,0,0,0,0,0,0,0,0,0,0,0,0,1300000.0,https://www.mubawab-media.com/ad/7/889/399F/h/thumb_47178_property_xlarge_71624513.avif
1,0.3533,36.899,10.2358,120.0,3.0,3.0,0.5,0.4235,2.0,43985.0,0.3172,4,0,1,0,1,0,0,1,1,1,1,1,1,1,1,1,0,0,630000.0,https://www.mubawab-media.com/ad/7/822/042F/h/IMG_1920%20%281%29_61634934.avif
20,0.3333,35.8245,10.6346,167.0,4.0,3.0,0.5,0.2902,2.0,150620.48,0.3557,4,0,1,0,1,1,0,1,0,1,1,1,0,1,1,1,0,0,540000.0,https://www.mubawab-media.com/ad/7/741/886F/h/WhatsApp%20Image%202023-07-21%20at%2012.01.07_52135610.avif
23,0.1733,36.819,10.1658,125.0,3.0,4.0,0.5,0.6863,2.0,2562.03,0.2774,4,0,0,0,0,0,0,0,0,0,0,0,0,0,0,0,0,0,200000.0,https://www.mubawab-media.com/ad/7/774/623F/h/thumb_657649_property_xlarge_78383136.avif
23,0.4,36.8769,10.3247,335.0,5.0,3.0,0.5,0.8015,2.0,2562.03,0.318,2,0,0,0,1,0,0,1,1,0,0,1,0,0,0,0,0,0,1500000.0,https://www.mubawab-media.com/ad/7/838/593F/h/thumb_726761_property_xlarge_78388994.avif
23,0.4,36.8769,10.3247,220.0,3.0,3.0,0.5,0.8015,2.0,2562.03,0.34,4,0,0,0,1,0,0,1,1,0,0,1,0,0,0,0,0,0,1075200.0,https://www.mubawab-media.com/ad/7/884/483F/h/thumb_788130_property_xlarge_78388003.avif
4,0.2367,36.8,10.1,95.0,4.0,3.0,0.5,0.152,2.0,110184.0,0.3148,4,0,0,0,1,0,1,1,0,0,0,0,0,0,0,0,0,0,200000.0,https://www.mubawab-media.com/ad/7/870/199F/h/360076477_710437571057002_2374479074165564002_n_68646865.avif
23,0.4,36.8769,10.3247,220.0,3.0,3.0,0.5,0.8015,2.0,2562.03,0.3432,4,0,1,0,1,0,0,1,0,0,0,0,0,0,1,0,0,0,1200000.0,https://www.mubawab-media.com/ad/7/662/569F/h/327278764_2084704141726254_2653586878831167532_n_43272969.avif
1,0.32,36.8665,10.1647,200.0,10.0,4.0,0.5,0.5305,2.0,43985.0,0.318,4,0,0,0,1,0,0,1,0,0,0,0,0,0,0,1,0,1,600000.0,https://www.mubawab-media.com/ad/7/849/552F/h/3_80793282.avif
23,0.4,36.8769,10.3247,126.0,3.0,2.0,0.5,0.8015,2.0,2562.03,0.2832,4,0,0,0,1,0,0,1,0,0,0,1,0,0,0,0,0,0,550000.0,https://www.mubawab-media.com/ad/7/852/350F/h/thumb_744989_property_xlarge_78385866.avif
1,0.32,36.8665,10.1647,140.0,3.0,4.0,0.5,0.5305,2.0,43985.0,0.2762,4,0,1,0,0,0,0,1,0,0,0,0,0,0,1,0,0,0,360000.0,https://www.mubawab-media.com/ad/7/721/731F/h/photo_00_49793598.avif
1,0.32,36.8665,10.1647,120.0,3.0,4.0,0.5,0.5305,2.0,43985.0,0.314,4,0,0,0,0,0,0,0,0,0,0,0,0,0,0,0,0,0,185000.0,https://www.mubawab-media.com/ad/7/760/799F/h/thumb_647405_property_xlarge_78383201.avif
23,0.6867,36.819,10.1658,123.0,3.0,2.0,0.5,0.5524,2.0,2562.03,0.3447,4,0,0,0,1,0,0,1,0,0,0,0,0,0,0,0,0,0,600000.0,https://www.mubawab-media.com/ad/7/799/973F/h/thumb_686321_property_xlarge_78386942.avif
23,0.6867,36.819,10.1658,165.0,3.0,3.0,0.5,0.5524,2.0,2562.03,0.3353,4,0,0,1,1,0,0,1,0,0,0,0,0,0,0,0,0,0,680000.0,https://www.mubawab-media.com/ad/7/792/809F/h/thumb_676225_property_xlarge_78387686.avif
23,0.1733,36.819,10.1658,120.0,5.0,5.0,0.5,0.6863,2.0,2562.03,0.2794,4,0,0,0,0,0,0,0,0,0,0,0,0,0,0,0,0,0,220000.0,https://www.mubawab-media.com/ad/7/777/820F/h/IMG_20201023_150113_56145903.avif
1,0.3533,36.899,10.2358,70.0,4.0,3.0,0.5,0.4235,2.0,43985.0,0.2734,4,0,0,0,0,0,0,0,0,1,1,1,0,1,0,0,0,0,120000.0,https://www.mubawab-media.com/ad/7/388/608F/h/1_19763496.avif
16,0.32,36.4561,10.7376,74.0,2.0,1.0,0.5,0.4552,2.0,154974.0,0.2774,4,0,1,0,1,1,0,0,1,1,1,1,1,1,1,0,0,0,320000.0,https://www.mubawab-media.com/ad/7/318/854F/h/1_15420134.avif
16,0.32,36.4561,10.7376,84.0,3.0,2.0,0.5,0.4552,2.0,154974.0,0.2778,4,0,0,0,1,1,0,0,0,1,1,1,0,0,1,1,0,0,320000.0,https://www.mubawab-media.com/ad/6/961/273F/h/f.avif
16,0.2833,36.819,10.2358,73.0,1.0,1.0,0.5,0.517,2.0,43985.0,0.3168,1,1,1,0,0,1,1,0,1,0,0,0,0,0,0,0,0,0,335000.0,https://www.bnb.tn/wp-content/uploads/2026/02/thumb_1270355_property_xlarge-300x300.jpeg
16,0.2833,36.819,10.2358,102.0,2.0,2.0,0.5,0.517,2.0,43985.0,0.3168,1,1,0,0,1,0,1,0,0,0,0,0,0,0,0,0,0,0,259000.0,https://www.bnb.tn/wp-content/uploads/2026/02/1-5-300x300.jpeg
23,0.1733,36.819,10.2358,115.0,3.0,2.0,0.5,0.517,2.0,43985.0,0.3168,1,1,0,0,1,0,0,0,0,0,0,0,0,0,0,0,0,0,380000.0,https://www.bnb.tn/wp-content/uploads/2025/11/thumb_1198530_property_xlarge-300x300.jpeg
16,0.2833,36.819,10.2358,73.0,1.0,1.0,0.5,0.517,2.0,43985.0,0.3168,1,1,1,0,0,1,1,0,1,0,0,0,0,0,0,0,0,0,335000.0,https://www.bnb.tn/wp-content/uploads/2026/02/thumb_1270355_property_xlarge-300x300.jpeg
16,0.2833,36.819,10.2358,102.0,2.0,2.0,0.5,0.517,2.0,43985.0,0.3168,1,1,0,0,1,0,1,0,0,0,0,0,0,0,0,0,0,0,259000.0,https://www.bnb.tn/wp-content/uploads/2026/02/1-5-300x300.jpeg
23,0.1733,36.819,10.2358,115.0,3.0,2.0,0.5,0.517,2.0,43985.0,0.3168,1,1,0,0,1,0,0,0,0,0,0,0,0,0,0,0,0,0,380000.0,https://www.bnb.tn/wp-content/uploads/2025/11/thumb_1198530_property_xlarge-300x300.jpeg
1,0.33,36.819,10.2358,95.0,2.0,2.0,0.5,0.517,2.0,43985.0,0.3168,1,1,0,0,1,0,0,0,0,0,0,0,0,0,0,0,0,0,230000.0,https://www.bnb.tn/wp-content/uploads/2026/01/IMG_8261-300x300.jpg
16,0.32,36.819,10.2358,149.0,2.0,2.0,0.5,0.517,2.0,43985.0,0.3168,1,1,0,0,0,0,1,0,0,0,0,0,0,0,0,0,0,0,584000.0,https://www.bnb.tn/wp-content/uploads/2026/01/WhatsApp-Image-2026-01-28-at-15.45.34-4-300x300.jpeg
3,0.1133,36.819,10.2358,110.0,2.0,2.0,0.5,0.517,2.0,43985.0,0.3168,1,1,0,0,0,0,0,0,1,0,0,0,0,0,0,0,1,0,278880.0,https://www.bnb.tn/wp-content/uploads/2026/01/20260122_124415-300x300.jpg
3,0.1133,36.819,10.2358,112.0,2.0,2.0,0.5,0.517,2.0,43985.0,0.3168,1,1,0,0,0,0,0,0,0,0,0,0,0,0,0,0,1,0,275840.0,https://www.bnb.tn/wp-content/uploads/2026/01/20260122_121200-300x300.jpg
3,0.1133,36.819,10.2358,63.0,1.0,2.0,0.5,0.517,2.0,43985.0,0.3168,1,1,0,0,0,0,0,0,0,0,0,0,0,0,0,0,1,0,172820.0,https://www.bnb.tn/wp-content/uploads/2026/01/20260122_120605-300x300.jpg
16,0.2833,36.819,10.2358,135.0,3.0,2.0,0.5,0.517,2.0,43985.0,0.3168,1,1,1,0,1,1,0,0,1,0,0,0,0,0,0,0,1,0,450000.0,https://www.bnb.tn/wp-content/uploads/2026/01/1-1-1-300x300.jpeg
12,0.1733,36.819,10.2358,172.0,3.0,2.0,0.5,0.517,2.0,43985.0,0.3168,1,1,0,0,1,1,0,0,0,0,0,0,0,0,0,0,0,0,520000.0,https://www.bnb.tn/wp-content/uploads/2026/01/s3-ahmed-moalla-300x300.jpg
12,0.1733,36.819,10.2358,88.0,3.0,2.0,0.5,0.517,2.0,43985.0,0.3168,1,1,0,0,0,0,1,0,0,0,0,0,0,0,0,0,0,0,272000.0,https://www.bnb.tn/wp-content/uploads/2026/01/s2-hamdi-baghdedi-300x300.jpg
12,0.1733,36.819,10.2358,71.0,1.0,2.0,0.5,0.517,2.0,43985.0,0.3168,1,1,0,0,0,0,0,0,0,0,0,0,0,0,0,0,0,0,171000.0,https://www.bnb.tn/wp-content/uploads/2025/06/el-habib-300x300.jpg
20,0.22,36.819,10.2358,110.0,3.0,2.0,0.5,0.517,2.0,43985.0,0.3168,1,1,0,0,0,0,0,0,0,0,0,0,0,0,0,0,1,0,252000.0,https://www.bnb.tn/wp-content/uploads/2026/01/IMG_6057-300x300.jpg
12,0.1733,36.819,10.2358,83.0,1.0,2.0,0.5,0.517,2.0,43985.0,0.3168,1,1,1,0,0,0,1,0,1,0,0,0,0,0,0,0,1,0,400000.0,https://www.bnb.tn/wp-content/uploads/2025/11/s1-adel-maya-300x300.jpg
3,0.1133,36.819,10.2358,76.0,2.0,2.0,0.5,0.517,2.0,43985.0,0.3168,1,1,0,0,1,0,0,0,0,0,0,1,0,0,0,0,0,0,89000.0,https://www.bnb.tn/wp-content/uploads/2025/12/1-44-300x300.jpg
3,0.1133,36.819,10.2358,62.0,2.0,2.0,0.5,0.517,2.0,43985.0,0.3168,1,1,0,0,0,0,0,0,1,0,0,0,0,0,0,0,0,0,110000.0,https://www.bnb.tn/wp-content/uploads/2026/01/20250219_102012-300x300.jpg
3,0.1133,36.819,10.2358,80.0,2.0,2.0,0.5,0.517,2.0,43985.0,0.3168,1,1,0,0,0,0,0,0,0,0,0,1,0,0,0,0,0,0,210000.0,https://www.bnb.tn/wp-content/uploads/2026/01/WhatsApp-Image-2026-01-06-at-11.46.00-2-300x300.jpeg
23,0.1733,36.819,10.2358,46.0,3.0,2.0,0.5,0.517,2.0,43985.0,0.3168,1,1,0,0,0,0,0,0,0,0,0,0,0,0,0,0,0,0,110000.0,https://www.bnb.tn/wp-content/uploads/2026/01/613423378_122109956313157769_7487557043546390742_n-300x300.jpg
23,0.4133,36.819,10.2358,115.0,2.0,2.0,0.5,0.517,2.0,43985.0,0.3168,1,1,0,0,0,0,0,0,0,0,0,0,0,0,0,0,0,0,535000.0,https://www.bnb.tn/wp-content/uploads/2026/01/Design-sans-titre-49-1170x785-1-300x300.png
16,0.348,36.819,10.2358,115.0,3.0,2.0,0.5,0.517,2.0,43985.0,0.3168,1,1,0,0,0,0,0,0,0,0,0,0,0,0,0,0,1,0,450000.0,https://www.bnb.tn/wp-content/uploads/2025/12/Sans-titre-1-300x300.png
1,0.33,36.819,10.2358,80.0,2.0,2.0,0.5,0.517,2.0,43985.0,0.3168,1,1,0,0,0,0,0,0,1,0,0,1,0,0,0,0,0,0,129000.0,https://www.bnb.tn/wp-content/uploads/2025/12/1-43-300x300.jpg
20,0.22,35.8245,10.6346,80.0,2.0,2.0,0.5,0.517,2.0,150620.48,0.3541,1,1,0,0,0,0,0,0,0,0,0,0,0,0,0,0,1,0,168000.0,https://www.bnb.tn/wp-content/uploads/2022/01/2-58.jpg
16,0.2833,35.8245,10.6346,115.0,2.0,2.0,0.5,0.517,2.0,150620.48,0.3541,1,1,0,0,0,0,0,0,0,0,0,0,0,0,0,0,0,0,390000.0,https://www.bnb.tn/wp-content/uploads/2022/01/2-58.jpg
20,0.22,36.819,10.2358,70.0,2.0,2.0,0.5,0.517,2.0,43985.0,0.3168,1,1,0,0,0,0,1,0,0,0,0,0,0,0,0,0,0,0,145000.0,https://www.bnb.tn/wp-content/uploads/2025/12/4d2ac2c2-6b28-4693-98a8-3548b50cbde0-300x300.jpg
23,1.0,35.8245,10.6346,168.0,3.0,2.0,0.5,0.517,2.0,150620.48,0.3541,1,1,0,0,1,0,0,0,0,0,0,0,0,0,0,0,0,0,630000.0,https://www.bnb.tn/wp-content/uploads/2022/01/2-58.jpg
17,0.1467,36.819,10.2358,150.0,3.0,2.0,0.5,0.517,2.0,43985.0,0.3168,1,1,0,0,0,0,0,0,0,0,0,0,0,0,0,0,0,0,230000.0,https://www.bnb.tn/wp-content/uploads/2025/12/att._pXcsMMfpFEhCuzLl63jrEnLkJurHrKoHZxtCV4XmFA-300x300.jpeg
16,0.32,36.819,10.2358,115.0,2.0,2.0,0.5,0.517,2.0,43985.0,0.3168,1,1,0,0,1,0,0,0,0,0,0,0,0,0,0,0,0,0,350000.0,https://www.bnb.tn/wp-content/uploads/2025/06/thumb_1103277_property_xlarge-300x300.jpeg
15,0.16,36.819,10.2358,117.0,2.0,4.0,0.5,0.517,2.0,43985.0,0.3168,1,1,0,0,1,0,0,0,0,0,0,0,0,0,0,0,0,0,240000.0,https://www.bnb.tn/wp-content/uploads/2025/12/Screenshot_20251109_090955_Maps-300x300.jpg
3,0.0,36.819,10.2358,85.0,3.0,2.0,0.5,0.517,2.0,43985.0,0.3168,1,1,0,1,0,0,0,0,0,0,0,0,0,0,0,0,0,0,130000.0,https://www.bnb.tn/wp-content/uploads/2026/01/1-63-300x300.jpeg
3,0.0,36.819,10.2358,75.0,2.0,2.0,0.5,0.517,2.0,43985.0,0.3168,1,1,0,1,0,0,0,0,0,0,0,0,0,0,0,0,0,0,120000.0,https://www.bnb.tn/wp-content/uploads/2026/01/1-64-300x300.jpeg
13,0.2367,36.819,10.2358,114.0,3.0,2.0,0.5,0.517,2.0,43985.0,0.3168,1,1,0,0,0,0,0,0,0,0,0,0,0,0,0,0,0,0,310000.0,https://www.bnb.tn/wp-content/uploads/2025/12/IMG-20251206-WA0011-300x300.jpg
20,0.22,35.8245,10.6346,87.0,3.0,2.0,0.5,0.517,2.0,150620.48,0.3541,1,1,0,0,0,0,0,0,0,0,0,0,0,0,0,0,0,0,160000.0,https://www.bnb.tn/wp-content/uploads/2022/01/2-58.jpg
20,0.22,36.819,10.2358,80.0,2.0,2.0,0.5,0.517,2.0,43985.0,0.3168,1,1,0,1,1,0,0,0,0,0,0,0,0,0,0,0,0,0,170000.0,https://www.bnb.tn/wp-content/uploads/2025/12/940c203c-7874-4b22-9d48-ba395494d5c9-300x300.jpg
20,0.22,36.819,10.2358,112.0,2.0,2.0,0.5,0.517,2.0,43985.0,0.3168,1,1,1,1,0,0,0,0,0,0,0,0,0,0,0,0,0,0,310000.0,https://www.bnb.tn/wp-content/uploads/2025/12/662d56a6-c2d3-4182-8505-0c255ffde53c-300x300.jpg
1,0.33,36.819,10.2358,160.0,2.0,2.0,0.5,0.517,2.0,43985.0,0.3168,1,1,0,0,1,0,0,0,0,0,0,0,0,0,0,0,0,0,398000.0,https://www.bnb.tn/wp-content/uploads/2025/12/WhatsApp-Image-2025-11-25-at-3.52.26-PM-300x300.jpeg
23,0.1733,36.819,10.2358,100.0,3.0,2.0,0.5,0.517,2.0,43985.0,0.3168,1,1,0,1,0,0,0,0,0,0,0,0,0,0,0,0,0,0,185000.0,https://www.bnb.tn/wp-content/uploads/2025/11/Screenshot_20251121-202057_WhatsAppBusiness-1-300x300.jpg
12,0.1733,36.819,10.2358,90.0,2.0,2.0,0.5,0.517,2.0,43985.0,0.3168,1,1,0,0,0,0,0,0,0,0,0,0,0,0,0,0,0,0,230000.0,https://www.bnb.tn/wp-content/uploads/2025/11/cnam-300x300.jpg
16,0.2833,36.819,10.2358,100.0,2.0,1.0,0.5,0.517,2.0,43985.0,0.3168,1,1,0,0,0,0,1,0,0,0,0,0,0,0,0,0,1,0,180000.0,https://www.bnb.tn/wp-content/uploads/2025/11/d8b578e1-38a8-4a7c-90b0-bee90f15ca82-300x300.jpeg
12,0.1733,36.819,10.2358,134.0,3.0,2.0,0.5,0.517,2.0,43985.0,0.3168,1,1,1,0,1,1,0,0,1,0,0,0,0,0,0,0,0,0,602000.0,https://www.bnb.tn/wp-content/uploads/2025/12/DSC_7920-Copier-300x300.jpg
1,0.33,36.819,10.2358,134.0,3.0,2.0,0.5,0.517,2.0,43985.0,0.3168,1,1,0,0,0,0,0,0,0,0,0,0,0,0,0,0,0,0,450000.0,https://www.bnb.tn/wp-content/uploads/2025/11/WhatsApp-Image-2025-11-17-a-10.02.20_357829ca-300x300.jpg
20,0.22,35.8245,10.6346,82.0,2.0,2.0,0.5,0.517,2.0,150620.48,0.3541,1,1,0,0,0,0,0,0,0,0,0,0,0,0,0,0,0,0,90000.0,https://www.bnb.tn/wp-content/uploads/2022/01/2-58.jpg
20,0.3067,36.819,10.2358,160.0,2.0,3.0,0.5,0.517,2.0,43985.0,0.3168,1,1,0,0,1,0,0,0,0,0,0,0,0,0,0,0,1,0,320000.0,https://www.bnb.tn/wp-content/uploads/2025/11/480811139_1116024050535110_347461573980213050_n-300x300.jpg
23,0.7067,35.8245,10.6346,124.0,3.0,2.0,0.5,0.517,2.0,150620.48,0.3541,1,1,0,0,0,0,0,0,0,0,0,0,0,0,0,1,0,0,500000.0,https://www.bnb.tn/wp-content/uploads/2022/01/2-58.jpg
20,0.22,36.819,10.2358,129.0,2.0,2.0,0.5,0.517,2.0,43985.0,0.3168,1,1,0,0,0,0,0,0,0,0,0,0,0,0,0,0,1,0,425000.0,https://www.bnb.tn/wp-content/uploads/2025/11/b916a36f-7491-4468-ae92-7f804ae64a82-1-300x300.jpg
20,0.22,36.819,10.2358,75.0,2.0,2.0,0.5,0.517,2.0,43985.0,0.3168,1,1,0,0,0,0,0,0,0,0,0,0,0,0,0,0,0,0,165000.0,https://www.bnb.tn/wp-content/uploads/2025/10/viber_image_2021-07-13_12-17-27-300x300.jpg
1,0.33,36.819,10.2358,131.0,3.0,2.0,0.5,0.517,2.0,43985.0,0.3168,1,1,0,0,1,0,0,0,0,0,0,1,0,0,0,0,1,0,440000.0,https://www.bnb.tn/wp-content/uploads/2025/10/IMG-20251028-WA0019-300x300.jpg
23,0.4,36.819,10.2358,154.0,3.0,2.0,0.5,0.517,2.0,43985.0,0.3168,1,1,1,0,0,0,0,0,1,0,0,0,0,0,0,0,1,0,315000.0,https://www.bnb.tn/wp-content/uploads/2025/10/2-47-300x300.jpg
3,0.2367,35.8245,10.6346,90.0,2.0,2.0,0.5,0.517,2.0,150620.48,0.3541,1,1,0,0,0,0,0,0,0,0,0,0,0,0,0,0,0,0,150000.0,https://www.bnb.tn/wp-content/uploads/2022/01/2-58.jpg
20,0.22,36.819,10.2358,73.0,2.0,2.0,0.5,0.517,2.0,43985.0,0.3168,1,1,0,1,0,0,0,0,0,0,0,0,0,0,0,0,0,0,159000.0,https://www.bnb.tn/wp-content/uploads/2025/10/IMG_3390-300x300.jpeg
23,0.2367,36.819,10.2358,134.0,3.0,2.0,0.5,0.517,2.0,43985.0,0.3168,1,1,1,0,0,0,0,0,0,0,0,0,0,0,0,0,1,0,368500.0,https://www.bnb.tn/wp-content/uploads/2025/10/Image4-1-300x300.jpg
1,0.33,36.819,10.2358,105.0,3.0,2.0,0.5,0.517,2.0,43985.0,0.3168,1,1,0,0,0,0,0,0,1,0,0,0,0,0,0,0,1,0,155000.0,https://www.bnb.tn/wp-content/uploads/2025/10/IMG-20251011-WA0035-300x300.jpg
20,0.22,36.819,10.2358,72.0,1.0,1.0,0.5,0.517,2.0,43985.0,0.3168,1,1,0,0,0,0,0,0,0,0,0,0,0,0,0,0,1,0,298000.0,https://www.bnb.tn/wp-content/uploads/2025/10/IMG_2192-300x300.jpg
20,0.22,36.819,10.2358,140.0,3.0,1.0,0.5,0.517,2.0,43985.0,0.3168,1,1,1,0,0,0,0,0,0,0,0,0,0,0,0,0,1,0,393000.0,https://www.bnb.tn/wp-content/uploads/2025/10/IMG_5717-300x300.jpg
20,0.22,36.819,10.2358,117.0,2.0,2.0,0.5,0.517,2.0,43985.0,0.3168,1,1,1,0,0,0,0,0,0,0,0,0,0,0,0,0,1,0,337000.0,https://www.bnb.tn/wp-content/uploads/2025/10/IMG_5643-300x300.jpg
23,0.5733,36.819,10.2358,250.0,3.0,2.0,0.5,0.517,2.0,43985.0,0.3168,1,1,0,0,0,0,0,0,0,0,0,0,0,0,0,1,0,0,1070000.0,https://www.bnb.tn/wp-content/uploads/2024/02/1-13-300x300.jpg
1,0.33,36.819,10.2358,167.0,4.0,2.0,0.5,0.517,2.0,43985.0,0.3168,1,1,0,0,1,0,0,0,0,0,0,0,0,0,0,0,0,0,360000.0,https://www.bnb.tn/wp-content/uploads/2025/10/1-40-300x300.jpg
23,0.6867,36.819,10.2358,80.0,1.0,2.0,0.5,0.517,2.0,43985.0,0.3168,1,1,0,0,0,0,0,0,1,0,0,0,0,0,0,0,0,0,460000.0,https://www.bnb.tn/wp-content/uploads/2025/10/IMG-20251008-WA0008-300x300.jpg
20,0.22,36.819,10.2358,65.0,1.0,1.0,0.5,0.517,2.0,43985.0,0.3168,1,1,0,0,0,0,1,0,0,0,0,0,0,0,0,0,1,0,400000.0,https://www.bnb.tn/wp-content/uploads/2025/10/IMG_6731-300x300.jpg
23,0.7467,36.819,10.2358,155.0,3.0,2.0,0.5,0.517,2.0,43985.0,0.3168,1,1,0,0,0,0,0,0,1,0,0,0,0,0,0,1,0,0,789000.0,https://www.bnb.tn/wp-content/uploads/2025/06/1-89-300x300.jpg
1,0.33,36.819,10.2358,115.0,2.0,2.0,0.5,0.517,2.0,43985.0,0.3168,1,1,0,0,0,0,0,0,0,0,0,1,0,0,0,0,0,0,125000.0,https://www.bnb.tn/wp-content/uploads/2025/05/IMG-20250426-WA0042-300x300.jpg
3,0.1133,36.819,10.2358,115.0,3.0,2.0,0.5,0.517,2.0,43985.0,0.3168,1,1,0,0,0,0,0,0,1,0,0,0,0,0,0,0,0,0,200000.0,https://www.bnb.tn/wp-content/uploads/2025/10/IMG-20250908-WA0010-300x300.jpg
23,0.4133,36.819,10.2358,143.0,3.0,2.0,0.5,0.517,2.0,43985.0,0.3168,1,1,1,0,0,0,0,0,0,0,0,0,0,0,0,0,0,0,330000.0,https://www.bnb.tn/wp-content/uploads/2025/10/WhatsApp-Image-2025-09-22-a-15.53.56_0dda671d-300x300.jpg
4,0.24,37.2744,9.8739,115.0,3.0,2.0,0.5,0.4278,2.0,61540.22,0.3709,1,1,0,0,0,0,0,0,0,0,0,0,0,0,0,0,0,0,360000.0,https://www.bnb.tn/wp-content/uploads/2025/05/IMG-20250426-WA0021-300x300.jpg
3,0.0,36.819,10.2358,75.0,2.0,2.0,0.5,0.517,2.0,43985.0,0.3168,1,1,0,1,0,0,0,0,0,0,0,0,0,0,0,0,0,0,110000.0,https://www.bnb.tn/wp-content/uploads/2026/01/1-67-300x300.jpeg
20,0.22,36.819,10.2358,195.0,3.0,3.0,0.5,0.517,2.0,43985.0,0.3168,1,1,1,0,0,0,1,0,1,0,0,0,0,0,0,0,0,0,460000.0,https://www.bnb.tn/wp-content/uploads/2025/09/20250913_122305-300x300.jpg
1,0.33,35.8245,10.6346,130.0,4.0,2.0,0.5,0.517,2.0,150620.48,0.3541,1,1,1,0,1,0,0,0,1,0,0,0,0,0,0,0,0,0,300000.0,https://www.bnb.tn/wp-content/uploads/2022/01/2-58.jpg
23,0.7467,36.819,10.2358,200.0,3.0,2.0,0.5,0.517,2.0,43985.0,0.3168,1,1,0,0,0,0,0,0,1,0,0,0,0,0,0,1,0,0,750000.0,https://www.bnb.tn/wp-content/uploads/2025/09/1-25-300x300.jpg
3,0.1133,36.819,10.2358,115.0,3.0,2.0,0.5,0.517,2.0,43985.0,0.3168,1,1,0,0,0,0,0,0,0,0,0,0,0,0,0,0,1,0,255000.0,https://www.bnb.tn/wp-content/uploads/2024/09/thumb_299820_property_xlarge-300x300.jpeg
23,1.0,36.819,10.2358,220.0,2.0,2.0,0.5,0.517,2.0,43985.0,0.3168,1,1,0,0,0,0,0,0,0,0,0,0,0,0,0,0,0,0,870000.0,https://www.bnb.tn/wp-content/uploads/2025/08/1-38-300x300.jpg
23,0.4133,36.819,10.2358,159.0,3.0,2.0,0.5,0.517,2.0,43985.0,0.3168,1,1,0,0,1,0,0,0,0,0,0,0,0,0,0,1,0,0,600000.0,https://www.bnb.tn/wp-content/uploads/2025/08/L_59494eb2-ffe4-49e2-bb0b-cd90268aa0f3-300x300.jpg
20,0.22,36.819,10.2358,155.0,2.0,2.0,0.5,0.517,2.0,43985.0,0.3168,1,1,1,1,1,0,0,0,0,1,0,1,0,0,0,0,0,0,450000.0,https://www.bnb.tn/wp-content/uploads/2025/06/20241223_114309-300x300.jpg
1,0.368,36.819,10.2358,136.0,3.0,2.0,0.5,0.517,2.0,43985.0,0.3168,1,1,0,0,0,0,0,0,1,0,0,0,0,0,0,0,0,0,460000.0,https://www.bnb.tn/wp-content/uploads/2025/07/1-113-300x300.jpeg
1,0.368,36.819,10.2358,115.0,2.0,2.0,0.5,0.517,2.0,43985.0,0.3168,1,1,0,0,1,0,0,0,0,0,0,1,0,0,0,0,0,0,340000.0,https://www.bnb.tn/wp-content/uploads/2025/02/78b112bc-8ed4-4394-a74a-b49f6875be42-300x300.jpg
1,0.2367,36.819,10.2358,106.0,3.0,2.0,0.5,0.517,2.0,43985.0,0.3168,1,1,1,0,0,0,0,0,0,0,0,0,0,0,0,0,0,0,132000.0,https://www.bnb.tn/wp-content/uploads/2022/03/1-63-300x300.jpg
1,0.368,36.819,10.2358,36.0,0.0,2.0,0.5,0.517,2.0,43985.0,0.3168,1,1,0,0,0,0,0,0,1,0,0,0,0,0,0,0,0,0,145000.0,https://www.bnb.tn/wp-content/uploads/2025/07/1-22-300x300.jpeg
12,0.1733,36.819,10.2358,167.0,3.0,2.0,0.5,0.517,2.0,43985.0,0.3168,1,1,0,0,0,0,0,0,0,0,0,0,0,0,0,0,0,0,860000.0,https://www.bnb.tn/wp-content/uploads/2025/06/DSC_2536-Copier-300x300.jpg
12,0.1733,36.819,10.2358,287.0,4.0,2.0,0.5,0.517,2.0,43985.0,0.3168,1,1,0,0,1,0,1,0,0,0,0,0,0,0,0,0,0,0,1100000.0,https://www.bnb.tn/wp-content/uploads/2025/06/s4-gondol-300x300.jpg
1,0.368,36.819,10.2358,75.5,1.0,2.0,0.5,0.517,2.0,43985.0,0.3168,1,1,0,0,0,0,0,0,1,0,0,0,0,0,0,1,0,0,365000.0,https://www.bnb.tn/wp-content/uploads/2025/06/1-71-300x300.jpeg
16,0.2833,36.819,10.2358,51.0,1.0,2.0,0.5,0.517,2.0,43985.0,0.3168,1,1,0,0,1,0,0,0,0,0,0,0,0,0,0,0,0,0,180000.0,https://www.bnb.tn/wp-content/uploads/2025/06/thumb_1111753_property_xlarge-300x300.jpeg
23,1.0,36.819,10.2358,170.0,3.0,2.0,0.5,0.517,2.0,43985.0,0.3168,1,1,0,0,0,0,0,0,1,0,0,0,0,0,0,0,0,0,570000.0,https://www.bnb.tn/wp-content/uploads/2025/06/1-67-300x300.jpeg
1,0.368,36.819,10.2358,99.0,2.0,2.0,0.5,0.517,2.0,43985.0,0.3168,1,1,0,0,0,0,0,0,1,0,0,0,0,0,0,0,0,0,396000.0,https://www.bnb.tn/wp-content/uploads/2025/06/1-55-300x300.jpeg
23,0.1733,36.819,10.2358,115.0,2.0,2.0,0.5,0.517,2.0,43985.0,0.3168,1,1,0,0,0,0,0,0,1,0,0,0,0,0,0,1,0,0,480000.0,https://www.bnb.tn/wp-content/uploads/2025/04/1-113-300x300.jpeg
16,0.13,36.4561,10.7376,115.0,3.0,2.0,0.5,0.2426,2.0,154974.0,0.3861,1,1,0,0,0,0,0,0,0,0,0,0,0,0,0,0,0,0,75000.0,https://www.bnb.tn/wp-content/uploads/2025/06/Capture-decran-2025-05-27-121040-300x300.png
23,0.4133,36.819,10.2358,198.0,3.0,2.0,0.5,0.517,2.0,43985.0,0.3168,1,1,0,0,0,0,0,0,1,0,0,0,0,0,0,0,0,0,580000.0,https://www.bnb.tn/wp-content/uploads/2025/06/1-30-300x300.jpg
23,0.7467,36.819,10.2358,90.0,2.0,2.0,0.5,0.517,2.0,43985.0,0.3168,1,1,0,0,1,0,0,0,1,0,0,0,0,0,0,1,0,0,630000.0,https://www.bnb.tn/wp-content/uploads/2025/06/1-22-300x300.jpg
23,0.4133,36.819,10.2358,160.0,2.0,2.0,0.5,0.517,2.0,43985.0,0.3168,1,1,0,0,0,0,0,0,1,0,0,0,0,0,0,1,0,0,460000.0,https://www.bnb.tn/wp-content/uploads/2025/06/7-8-300x300.jpg
1,0.368,36.819,10.2358,214.0,3.0,2.0,0.5,0.517,2.0,43985.0,0.3168,1,1,0,0,0,0,0,0,1,0,0,0,0,0,0,0,0,0,630000.0,https://www.bnb.tn/wp-content/uploads/2025/06/4-1-300x300.png
23,0.7467,36.819,10.2358,180.0,3.0,2.0,0.5,0.517,2.0,43985.0,0.3168,1,1,0,0,0,0,0,0,1,0,0,0,0,0,0,1,0,0,620000.0,https://www.bnb.tn/wp-content/uploads/2025/06/1-8-300x300.jpg
23,0.7467,36.819,10.2358,157.0,3.0,2.0,0.5,0.517,2.0,43985.0,0.3168,1,1,0,0,0,0,0,0,1,0,0,0,0,0,0,1,0,0,740000.0,https://www.bnb.tn/wp-content/uploads/2025/06/10-300x300.jpeg
23,0.7467,36.819,10.2358,210.0,3.0,2.0,0.5,0.517,2.0,43985.0,0.3168,1,1,0,0,0,0,0,0,1,0,0,0,0,0,0,1,0,0,920000.0,https://www.bnb.tn/wp-content/uploads/2025/06/2-1-300x300.jpg
23,0.7467,36.819,10.2358,139.0,2.0,2.0,0.5,0.517,2.0,43985.0,0.3168,1,1,0,0,0,0,0,0,1,0,0,0,0,0,0,1,0,0,495000.0,https://www.bnb.tn/wp-content/uploads/2025/05/1-110-300x300.jpeg
23,0.4133,36.819,10.2358,60.0,1.0,2.0,0.5,0.517,2.0,43985.0,0.3168,1,1,0,0,0,0,0,0,1,0,0,0,0,0,0,0,0,0,265000.0,https://www.bnb.tn/wp-content/uploads/2025/05/1-95-300x300.jpeg
23,0.1733,36.819,10.2358,115.0,1.0,2.0,0.5,0.517,2.0,43985.0,0.3168,1,1,0,0,0,0,0,0,1,0,0,0,0,0,0,1,0,0,350000.0,https://www.bnb.tn/wp-content/uploads/2025/04/1-118-300x300.jpeg
23,0.6867,36.819,10.2358,115.0,2.0,2.0,0.5,0.517,2.0,43985.0,0.3168,1,1,0,0,0,0,0,0,0,0,0,0,0,0,0,0,0,0,380000.0,https://www.bnb.tn/wp-content/uploads/2025/05/1-51-300x300.jpeg
23,0.7067,36.819,10.2358,115.0,2.0,2.0,0.5,0.517,2.0,43985.0,0.3168,1,1,0,0,0,0,0,0,0,0,0,0,0,0,0,0,0,0,650000.0,https://www.bnb.tn/wp-content/uploads/2025/05/1-53-300x300.jpg
23,0.4133,36.819,10.2358,123.63,2.0,2.0,0.5,0.517,2.0,43985.0,0.3168,1,1,0,0,0,0,0,0,1,0,0,0,0,0,0,0,0,0,485000.0,https://www.bnb.tn/wp-content/uploads/2025/05/1-46-300x300.jpg
23,0.7467,36.819,10.2358,168.0,3.0,2.0,0.5,0.517,2.0,43985.0,0.3168,1,1,0,0,0,0,0,0,1,0,0,0,0,0,0,1,0,0,765000.0,https://www.bnb.tn/wp-content/uploads/2025/05/1-41-300x300.jpg
23,0.4133,36.819,10.2358,75.0,1.0,2.0,0.5,0.517,2.0,43985.0,0.3168,1,1,0,0,0,0,0,0,1,0,0,0,0,0,0,0,0,0,230000.0,https://www.bnb.tn/wp-content/uploads/2025/05/1-37-300x300.jpg
1,0.368,36.819,10.2358,230.0,3.0,2.0,0.5,0.517,2.0,43985.0,0.3168,1,1,0,0,0,1,0,0,1,0,0,0,0,0,0,1,0,0,850000.0,https://www.bnb.tn/wp-content/uploads/2025/05/1-20-300x300.jpg
23,0.4133,36.819,10.2358,115.0,2.0,2.0,0.5,0.517,2.0,43985.0,0.3168,1,1,0,0,0,0,0,0,1,0,0,0,0,0,0,0,0,0,300000.0,https://www.bnb.tn/wp-content/uploads/2025/05/1-25-300x300.jpeg
23,0.7467,36.819,10.2358,103.0,2.0,2.0,0.5,0.517,2.0,43985.0,0.3168,1,1,0,0,0,0,0,0,1,0,0,0,0,0,0,1,0,0,572000.0,https://www.bnb.tn/wp-content/uploads/2025/05/1-18-300x300.jpg
1,0.368,36.819,10.2358,80.0,1.0,2.0,0.5,0.517,2.0,43985.0,0.3168,1,1,0,0,0,0,0,0,1,0,0,0,0,0,0,1,0,0,320000.0,https://www.bnb.tn/wp-content/uploads/2025/05/1-17-300x300.jpeg
1,0.368,36.819,10.2358,64.0,1.0,2.0,0.5,0.517,2.0,43985.0,0.3168,1,1,0,0,0,0,0,0,0,0,0,0,0,0,0,0,0,0,260000.0,https://www.bnb.tn/wp-content/uploads/2025/05/1-16-300x300.jpeg
16,0.32,36.819,10.2358,115.0,3.0,2.0,0.5,0.517,2.0,43985.0,0.3168,1,1,0,0,0,0,1,0,0,0,0,1,0,0,0,0,0,0,690000.0,https://www.bnb.tn/wp-content/uploads/2024/09/thumb_882971_property_xlarge-300x300.jpeg
20,0.22,36.819,10.2358,115.0,3.0,2.0,0.5,0.517,2.0,43985.0,0.3168,1,1,0,0,0,0,0,0,0,0,0,0,0,0,0,0,0,0,460000.0,https://www.bnb.tn/wp-content/uploads/2025/05/WhatsApp-Image-2025-05-02-a-11.08.43_606b7554-300x300.jpg
23,1.0,36.819,10.2358,115.0,3.0,3.0,0.5,0.517,2.0,43985.0,0.3168,1,1,0,0,0,0,0,0,1,0,0,0,0,0,0,0,0,0,1000000.0,https://www.bnb.tn/wp-content/uploads/2025/02/thumb_958308_property_xlarge-400x300-1-300x300.jpeg
23,0.3467,36.819,10.2358,100.0,2.0,2.0,0.5,0.517,2.0,43985.0,0.3168,1,1,0,0,0,0,0,0,1,0,0,0,0,0,0,0,0,0,400000.0,https://www.bnb.tn/wp-content/uploads/2025/04/1-80-300x300.jpg
23,0.7467,36.819,10.2358,115.0,3.0,2.0,0.5,0.517,2.0,43985.0,0.3168,1,1,0,0,0,0,0,0,1,0,0,0,0,0,0,1,0,0,750000.0,https://www.bnb.tn/wp-content/uploads/2025/04/1-108-300x300.jpeg
23,0.7067,36.819,10.2358,115.0,1.0,2.0,0.5,0.517,2.0,43985.0,0.3168,1,1,0,0,1,1,0,0,0,0,0,0,0,0,0,0,0,0,650000.0,https://www.bnb.tn/wp-content/uploads/2025/04/1-68-300x300.jpg
23,0.4133,36.819,10.2358,115.0,4.0,2.0,0.5,0.517,2.0,43985.0,0.3168,1,1,0,0,0,0,0,0,1,0,0,0,0,0,0,0,0,0,430000.0,https://www.bnb.tn/wp-content/uploads/2025/04/1-4-300x300.png
23,0.1733,36.819,10.2358,115.0,2.0,2.0,0.5,0.517,2.0,43985.0,0.3168,1,1,0,0,0,0,0,0,1,0,0,1,0,0,0,0,0,0,320000.0,https://www.bnb.tn/wp-content/uploads/2025/04/1-59-300x300.jpg
23,0.1733,36.819,10.2358,71.0,2.0,2.0,0.5,0.517,2.0,43985.0,0.3168,1,1,0,0,0,0,0,0,1,0,0,0,0,0,0,0,0,0,250000.0,https://www.bnb.tn/wp-content/uploads/2025/04/1-90-300x300.jpeg
20,0.22,36.819,10.2358,115.0,3.0,2.0,0.5,0.517,2.0,43985.0,0.3168,1,1,0,0,0,0,0,0,0,0,0,0,0,0,0,0,1,0,495000.0,https://www.bnb.tn/wp-content/uploads/2025/04/IMG_7700-300x300.jpg
23,0.2367,36.819,10.2358,115.0,3.0,2.0,0.5,0.517,2.0,43985.0,0.3168,1,1,0,0,0,0,0,0,1,0,0,1,0,0,0,0,0,0,345000.0,https://www.bnb.tn/wp-content/uploads/2025/04/1-82-300x300.jpeg
23,0.5067,36.819,10.2358,115.0,3.0,2.0,0.5,0.517,2.0,43985.0,0.3168,1,1,0,0,0,0,0,0,0,0,0,0,0,0,0,0,0,0,330000.0,https://www.bnb.tn/wp-content/uploads/2025/04/1-2-300x300.png
23,0.4133,36.819,10.2358,115.0,3.0,2.0,0.5,0.517,2.0,43985.0,0.3168,1,1,0,0,0,0,0,0,0,0,0,0,0,0,0,0,0,0,590000.0,https://www.bnb.tn/wp-content/uploads/2025/04/1-300x300.png
23,0.4133,36.819,10.2358,100.0,3.0,2.0,0.5,0.517,2.0,43985.0,0.3168,1,1,0,0,0,0,0,0,0,0,0,0,0,0,0,0,0,0,320000.0,https://www.bnb.tn/wp-content/uploads/2025/04/1-31-300x300.jpg
23,0.3467,36.819,10.2358,51.0,1.0,2.0,0.5,0.517,2.0,43985.0,0.3168,1,1,0,0,0,0,1,0,1,0,0,0,0,0,0,0,0,0,380000.0,https://www.bnb.tn/wp-content/uploads/2025/04/1-25-300x300.jpeg
20,0.22,36.819,10.2358,115.0,1.0,2.0,0.5,0.517,2.0,43985.0,0.3168,1,1,0,0,0,0,0,0,0,0,0,0,0,0,0,0,0,0,250000.0,https://www.bnb.tn/wp-content/uploads/2025/04/WhatsApp-Image-2025-03-07-a-17.51.35_15b78fd1-300x300.jpg
23,0.5067,36.819,10.2358,210.0,3.0,2.0,0.5,0.517,2.0,43985.0,0.3168,1,1,0,0,0,0,0,0,1,0,0,0,0,0,0,1,0,0,1050000.0,https://www.bnb.tn/wp-content/uploads/2025/03/b28127f9-9b05-4ff6-b41c-4757244a4ea9-300x300.jpeg
23,0.4,36.819,10.2358,52.0,1.0,2.0,0.5,0.517,2.0,43985.0,0.3168,1,1,0,0,0,0,0,0,1,0,0,0,0,0,0,0,0,0,260000.0,https://www.bnb.tn/wp-content/uploads/2025/03/4328a02e-0427-457b-b92a-f5b0022bcad2-2-300x300.jpeg
23,0.4,36.819,10.2358,162.0,2.0,2.0,0.5,0.517,2.0,43985.0,0.3168,1,1,0,0,0,0,0,0,1,0,0,0,0,0,0,0,0,0,400000.0,https://www.bnb.tn/wp-content/uploads/2025/01/94043fba-c16a-4858-affd-e2e5bc4e0dd9-300x300.jpeg
23,0.4,36.819,10.2358,115.0,3.0,2.0,0.5,0.517,2.0,43985.0,0.3168,1,1,0,0,0,0,0,0,1,0,0,0,0,0,0,0,0,0,1350000.0,https://www.bnb.tn/wp-content/uploads/2025/02/9fed813e-d62e-4fdf-80c4-2b84f950ee7a-300x300.jpg
1,0.33,36.819,10.2358,113.0,2.0,2.0,0.5,0.517,2.0,43985.0,0.3168,1,1,0,0,0,0,0,0,1,0,0,0,0,0,0,0,0,0,375000.0,https://www.bnb.tn/wp-content/uploads/2025/01/immobilier-vente-s2-soukra-17-300x300.jpeg
1,0.33,36.819,10.2358,88.0,1.0,2.0,0.5,0.517,2.0,43985.0,0.3168,1,1,0,0,0,0,0,0,1,0,0,0,0,0,0,0,0,0,285000.0,https://www.bnb.tn/wp-content/uploads/2024/11/WhatsApp-Image-2024-10-31-at-22.04.17-3-300x300.png
23,0.4133,36.819,10.2358,77.0,1.0,2.0,0.5,0.517,2.0,43985.0,0.3168,1,1,0,0,0,0,0,0,1,0,0,0,0,0,0,0,0,0,185000.0,https://www.bnb.tn/wp-content/uploads/2025/03/e5a2d121-ee63-48e7-9214-afcb30f92f29-300x300.jpeg
23,0.4,36.819,10.2358,85.0,2.0,2.0,0.5,0.517,2.0,43985.0,0.3168,1,1,0,0,0,0,0,0,0,0,0,1,0,0,0,0,0,0,325000.0,https://www.bnb.tn/wp-content/uploads/2025/02/dcb30d55-b1bc-4b23-8af7-f16c7ae9abde-300x300.jpeg
23,0.4,36.819,10.2358,95.0,2.0,2.0,0.5,0.517,2.0,43985.0,0.3168,1,1,0,0,0,0,0,0,1,0,0,0,0,0,0,0,0,0,300000.0,https://www.bnb.tn/wp-content/uploads/2025/02/immobilier-vente-s2-ain-zaghouan-nord-10-300x300.jpg
23,0.4,36.819,10.2358,115.0,0.0,2.0,0.5,0.517,2.0,43985.0,0.3168,1,1,0,0,0,0,0,0,1,0,0,0,0,0,0,0,0,0,200000.0,https://www.bnb.tn/wp-content/uploads/2025/02/64c30456-162e-4a85-b660-2e46943e7d33-300x300.jpeg
16,0.2833,36.819,10.2358,105.0,2.0,2.0,0.5,0.517,2.0,43985.0,0.3168,1,1,1,1,0,0,0,0,1,0,0,0,0,0,0,0,0,0,395000.0,https://www.bnb.tn/wp-content/uploads/2025/02/476100169_122226206624026365_822842605467787279_n-300x300.jpg
16,0.2833,36.819,10.2358,103.0,3.0,4.0,0.5,0.517,2.0,43985.0,0.3168,1,1,0,0,0,1,0,0,1,0,0,1,0,0,0,0,0,0,490000.0,https://www.bnb.tn/wp-content/uploads/2025/02/475519891_122224981082026365_9136939990757505948_n-300x300.jpg
12,0.1733,36.819,10.2358,214.0,3.0,2.0,0.5,0.517,2.0,43985.0,0.3168,1,1,1,0,0,0,0,0,1,0,0,0,0,0,0,0,0,0,780000.0,https://www.bnb.tn/wp-content/uploads/2025/02/local-yassine-300x300.jpg
16,0.2833,36.819,10.2358,63.0,2.0,2.0,0.5,0.517,2.0,43985.0,0.3168,1,1,0,1,1,0,0,0,0,0,0,0,0,0,0,0,0,0,190000.0,https://www.bnb.tn/wp-content/uploads/2025/01/1-24-300x300.jpeg
16,0.2833,36.819,10.2358,128.0,3.0,2.0,0.5,0.517,2.0,43985.0,0.3168,1,1,0,1,1,0,0,0,0,0,0,0,0,0,0,0,0,0,300000.0,https://www.bnb.tn/wp-content/uploads/2025/01/1-22-300x300.jpeg
16,0.2833,36.819,10.2358,63.0,1.0,2.0,0.5,0.517,2.0,43985.0,0.3168,1,1,0,0,0,0,0,0,1,0,0,0,0,0,0,0,0,0,150000.0,https://www.bnb.tn/wp-content/uploads/2025/01/1-13-300x300.jpeg
23,0.1733,36.819,10.2358,85.0,1.0,2.0,0.5,0.517,2.0,43985.0,0.3168,1,1,0,0,0,0,0,0,1,0,0,0,0,0,0,0,0,0,395000.0,https://www.bnb.tn/wp-content/uploads/2024/12/WhatsApp-Image-2024-12-18-at-11.26.10-300x300.png
23,0.1733,36.819,10.2358,117.0,2.0,2.0,0.5,0.517,2.0,43985.0,0.3168,1,1,0,0,0,0,0,0,1,0,0,0,0,0,0,0,0,0,410000.0,https://www.bnb.tn/wp-content/uploads/2025/01/5ee6ba9a-5a8d-45d0-9967-1bff67e15333-300x300.jpg
23,0.1733,36.819,10.2358,121.0,2.0,2.0,0.5,0.517,2.0,43985.0,0.3168,1,1,0,0,1,0,0,0,1,0,0,0,0,0,0,0,0,0,505000.0,https://www.bnb.tn/wp-content/uploads/2025/01/WhatsApp-Image-2024-12-28-a-11.05.32_0bd380ba-300x300.jpg
23,0.1733,36.819,10.2358,115.0,0.0,2.0,0.5,0.517,2.0,43985.0,0.3168,1,1,0,0,0,0,0,0,1,0,0,0,0,0,0,0,0,0,250000.0,https://www.bnb.tn/wp-content/uploads/2025/01/la-croisette-immobiliere-s0-location-1-300x300.jpeg
23,0.4,36.819,10.2358,73.0,1.0,2.0,0.5,0.517,2.0,43985.0,0.3168,1,1,0,0,0,0,0,0,1,0,0,0,0,0,0,0,0,0,375000.0,https://www.bnb.tn/wp-content/uploads/2025/01/la-croisette-immoibiliere-s2-vente-6-300x300.jpeg
23,0.4133,36.819,10.2358,70.0,1.0,2.0,0.5,0.517,2.0,43985.0,0.3168,1,1,0,0,0,0,0,0,1,0,0,0,0,0,0,0,0,0,245000.0,https://www.bnb.tn/wp-content/uploads/2025/01/20ccec07-fc84-4140-b3f9-2f4eb3f66337-300x300.jpg
1,0.33,36.819,10.2358,160.0,3.0,2.0,0.5,0.517,2.0,43985.0,0.3168,1,1,0,0,0,0,0,0,0,0,0,0,0,0,0,0,0,0,670000.0,https://www.bnb.tn/wp-content/uploads/2024/12/8efe5adc-7ede-4d3a-86d3-95ce356d3d78-300x300.png
23,0.1733,36.819,10.2358,228.0,4.0,2.0,0.5,0.517,2.0,43985.0,0.3168,1,1,0,0,1,0,0,0,1,0,0,0,0,0,0,1,0,0,830000.0,https://www.bnb.tn/wp-content/uploads/2024/12/03b782f1-b861-4635-bb81-eecd99bbdcb5-1-300x300.png
23,0.4,36.819,10.2358,160.0,2.0,2.0,0.5,0.517,2.0,43985.0,0.3168,1,1,0,0,1,0,0,0,0,0,0,0,0,0,0,0,0,0,325000.0,https://www.bnb.tn/wp-content/uploads/2024/02/d06655fb-9b17-46b2-b6fa-8cbd3c745d94-300x300.jpeg
1,0.33,36.819,10.2358,114.0,4.0,2.0,0.5,0.517,2.0,43985.0,0.3168,1,1,0,0,1,0,0,0,0,0,0,0,0,0,0,0,0,0,245000.0,https://www.bnb.tn/wp-content/uploads/2024/12/6981e7b6-a333-4eee-a27c-c4a3e6445cd7-300x300.jpeg
23,0.1733,36.819,10.2358,175.0,3.0,2.0,0.5,0.517,2.0,43985.0,0.3168,1,1,0,0,0,0,0,0,1,0,0,0,0,0,0,1,0,0,850000.0,https://www.bnb.tn/wp-content/uploads/2024/12/0d57229a-92cb-42d1-915b-735096d3b9b9-300x300.jpg
23,0.1733,36.819,10.2358,85.0,1.0,2.0,0.5,0.517,2.0,43985.0,0.3168,1,1,0,0,0,0,0,0,1,0,0,0,0,0,0,1,0,0,345000.0,https://www.bnb.tn/wp-content/uploads/2024/11/WhatsApp-Image-2024-11-28-at-16.33.42-300x300.jpg
23,0.1733,36.819,10.2358,64.0,1.0,2.0,0.5,0.517,2.0,43985.0,0.3168,1,1,0,0,0,0,0,0,1,0,0,0,0,0,0,0,0,0,241000.0,https://www.bnb.tn/wp-content/uploads/2024/11/2ce3cda8-ae05-4320-bb4c-1dba7f71bbc8-1-300x300.jpg
1,0.33,36.819,10.2358,77.0,1.0,2.0,0.5,0.517,2.0,43985.0,0.3168,1,1,0,0,0,0,0,0,1,0,0,0,0,0,0,0,0,0,277000.0,https://www.bnb.tn/wp-content/uploads/2024/11/f3a2af74-9364-45aa-9d2c-47da45be1590-300x300.jpg
23,0.1733,36.819,10.2358,139.0,3.0,2.0,0.5,0.517,2.0,43985.0,0.3168,1,1,0,0,0,0,0,0,1,0,0,0,0,0,0,0,0,0,500000.0,https://www.bnb.tn/wp-content/uploads/2024/11/ee96c174-4190-484f-a196-147127b6a364-300x300.jpg
16,0.2833,36.819,10.2358,120.0,2.0,2.0,0.5,0.517,2.0,43985.0,0.3168,1,1,0,0,1,0,0,0,0,0,0,0,0,0,0,0,0,0,260000.0,https://www.bnb.tn/wp-content/uploads/2024/12/1-5-300x300.jpeg
16,0.2833,36.819,10.2358,113.0,2.0,2.0,0.5,0.517,2.0,43985.0,0.3168,1,1,0,0,1,1,0,0,1,0,0,0,0,0,0,0,0,0,418000.0,https://www.bnb.tn/wp-content/uploads/2024/12/thumb_971010_property_xlarge-300x300.jpeg
12,0.1733,36.819,10.2358,77.0,1.0,2.0,0.5,0.517,2.0,43985.0,0.3168,1,1,0,0,1,0,1,0,0,0,0,0,0,0,0,0,0,0,180000.0,https://www.bnb.tn/wp-content/uploads/2024/12/hajer-300x300.jpg
12,0.1733,36.819,10.2358,425.0,3.0,2.0,0.5,0.517,2.0,43985.0,0.3168,1,1,0,1,0,0,0,1,0,0,0,0,0,0,0,0,0,0,700000.0,https://www.bnb.tn/wp-content/uploads/2024/12/immeuble-raoudha-300x300.jpg
23,0.1733,36.819,10.2358,139.0,3.0,2.0,0.5,0.517,2.0,43985.0,0.3168,1,1,0,0,0,0,0,0,1,0,0,0,0,0,0,0,0,0,585000.0,https://www.bnb.tn/wp-content/uploads/2024/12/WhatsApp-Image-2024-12-05-a-11.20.20_56f8382e-300x300.jpg
16,0.348,36.819,10.2358,102.0,2.0,2.0,0.5,0.517,2.0,43985.0,0.3168,1,1,1,0,1,1,0,0,1,0,0,0,0,0,0,0,0,0,425000.0,https://www.bnb.tn/wp-content/uploads/2024/12/thumb_966584_property_xlarge-300x300.jpeg
16,0.348,36.819,10.2358,110.0,2.0,2.0,0.5,0.517,2.0,43985.0,0.3168,1,1,1,0,0,1,0,0,1,0,0,0,0,0,0,0,0,0,418000.0,https://www.bnb.tn/wp-content/uploads/2024/12/thumb_966476_property_xlarge-300x300.jpeg
16,0.348,36.819,10.2358,106.0,2.0,2.0,0.5,0.517,2.0,43985.0,0.3168,1,1,1,0,0,1,0,0,1,0,0,0,0,0,0,0,0,0,392000.0,https://www.bnb.tn/wp-content/uploads/2024/12/thumb_966302_property_xlarge-300x300.png
23,0.4,36.819,10.2358,113.0,2.0,2.0,0.5,0.517,2.0,43985.0,0.3168,1,1,0,0,0,0,0,0,0,0,0,0,0,0,0,0,0,0,395000.0,https://www.bnb.tn/wp-content/uploads/2024/12/WhatsApp-Image-2024-11-23-at-09.32.33-3-1-300x300.png
23,0.1733,36.819,10.2358,183.0,3.0,2.0,0.5,0.517,2.0,43985.0,0.3168,1,1,0,0,0,0,0,0,1,0,0,0,0,0,0,1,0,0,890000.0,https://www.bnb.tn/wp-content/uploads/2024/11/WhatsApp-Image-2024-11-30-at-09.10.11-2-300x300.jpg
16,0.2833,36.819,10.2358,62.0,1.0,2.0,0.5,0.517,2.0,43985.0,0.3168,1,1,1,0,1,1,0,0,1,0,0,0,0,0,0,0,0,0,235000.0,https://www.bnb.tn/wp-content/uploads/2024/12/thumb_965941_property_xlarge-300x300.jpeg
16,0.348,36.819,10.2358,103.0,2.0,2.0,0.5,0.517,2.0,43985.0,0.3168,1,1,0,0,1,1,0,0,1,0,0,0,0,0,0,0,0,0,381000.0,https://www.bnb.tn/wp-content/uploads/2024/12/thumb_965988_property_xlarge-300x300.jpeg
16,0.348,36.819,10.2358,135.0,3.0,2.0,0.5,0.517,2.0,43985.0,0.3168,1,1,1,0,1,1,0,0,1,0,0,0,0,0,0,0,1,0,450000.0,https://www.bnb.tn/wp-content/uploads/2024/11/1-17-300x300.jpeg
16,0.348,36.819,10.2358,172.0,3.0,2.0,0.5,0.517,2.0,43985.0,0.3168,1,1,0,0,1,1,0,0,1,0,0,0,0,0,0,0,1,0,600000.0,https://www.bnb.tn/wp-content/uploads/2024/11/1-13-300x300.jpeg
16,0.348,36.819,10.2358,162.0,3.0,2.0,0.5,0.517,2.0,43985.0,0.3168,1,1,0,0,1,1,0,0,1,0,0,0,0,0,0,0,1,0,565000.0,https://www.bnb.tn/wp-content/uploads/2024/11/1-12-300x300.jpeg
16,0.348,36.819,10.2358,115.0,2.0,2.0,0.5,0.517,2.0,43985.0,0.3168,1,1,0,0,1,1,0,0,1,0,0,0,0,0,0,0,1,0,411000.0,https://www.bnb.tn/wp-content/uploads/2024/11/1-10-300x300.jpeg
16,0.348,36.819,10.2358,104.0,2.0,2.0,0.5,0.517,2.0,43985.0,0.3168,1,1,0,0,1,1,0,0,1,0,0,0,0,0,0,0,1,0,363000.0,https://www.bnb.tn/wp-content/uploads/2024/11/thumb_960924_property_xlarge-300x300.jpeg
23,0.1733,36.819,10.2358,146.0,2.0,2.0,0.5,0.517,2.0,43985.0,0.3168,1,1,0,0,0,0,0,0,1,0,0,0,0,0,0,0,0,0,575000.0,https://www.bnb.tn/wp-content/uploads/2024/11/WhatsApp-Image-2024-11-22-at-10.11.36-300x300.jpg
23,0.1733,36.819,10.2358,92.0,3.0,2.0,0.5,0.517,2.0,43985.0,0.3168,1,1,0,0,0,0,0,0,1,0,0,0,0,0,0,0,0,0,291000.0,https://www.bnb.tn/wp-content/uploads/2024/11/WhatsApp-Image-2024-11-07-a-09.56.45_11ecac57-300x300.jpg
23,0.1733,36.819,10.2358,75.0,2.0,2.0,0.5,0.517,2.0,43985.0,0.3168,1,1,0,0,1,0,0,0,1,0,0,0,0,0,0,0,0,0,260000.0,https://www.bnb.tn/wp-content/uploads/2024/11/WhatsApp-Image-2024-11-07-a-09.54.54_30bf82ae-300x300.jpg
16,0.2833,36.819,10.2358,103.0,2.0,2.0,0.5,0.517,2.0,43985.0,0.3168,1,1,1,0,1,1,0,0,1,0,0,0,0,0,0,0,1,0,340000.0,https://www.bnb.tn/wp-content/uploads/2024/08/1-5-300x300.jpeg
23,0.1733,36.819,10.2358,51.0,0.0,2.0,0.5,0.517,2.0,43985.0,0.3168,1,1,0,0,1,0,0,0,1,0,0,0,0,0,0,1,0,0,240000.0,https://www.bnb.tn/wp-content/uploads/2024/11/22589404-d94b-4304-ae6f-e97f1f43d6b0-300x300.jpg
1,0.33,36.819,10.2358,150.0,4.0,2.0,0.5,0.517,2.0,43985.0,0.3168,1,1,0,0,0,0,0,0,1,0,0,0,0,0,0,0,0,0,430000.0,https://www.bnb.tn/wp-content/uploads/2024/11/WhatsApp-Image-2024-11-13-at-09.24.51-7-300x300.png
23,0.1733,36.819,10.2358,205.0,4.0,2.0,0.5,0.517,2.0,43985.0,0.3168,1,1,0,0,0,0,0,0,1,0,0,0,0,0,0,0,0,0,485000.0,https://www.bnb.tn/wp-content/uploads/2024/11/ssds_2-300x300.png
16,0.2833,36.819,10.2358,114.0,2.0,2.0,0.5,0.517,2.0,43985.0,0.3168,1,1,0,0,0,1,0,0,1,0,0,0,0,0,0,0,1,0,290000.0,https://www.bnb.tn/wp-content/uploads/2024/10/1-2-300x300.jpeg
1,0.33,36.819,10.2358,228.0,3.0,2.0,0.5,0.517,2.0,43985.0,0.3168,1,1,0,0,0,0,0,0,1,0,0,0,0,0,0,0,0,0,600000.0,https://www.bnb.tn/wp-content/uploads/2024/11/WhatsApp-Image-2024-10-22-at-16.51.41-3-300x300.png
1,0.33,36.819,10.2358,155.0,3.0,2.0,0.5,0.517,2.0,43985.0,0.3168,1,1,0,0,0,0,0,0,1,0,0,0,0,0,0,0,0,0,650000.0,https://www.bnb.tn/wp-content/uploads/2024/11/WhatsApp-Image-2024-11-04-at-16.24.45-2-300x300.png
23,0.5733,36.819,10.2358,175.0,3.0,2.0,0.5,0.517,2.0,43985.0,0.3168,1,1,0,0,0,0,0,0,1,0,0,0,0,0,0,0,0,0,550000.0,https://www.bnb.tn/wp-content/uploads/2023/05/WhatsApp-Image-2023-02-06-at-12.36.44-300x300.jpg
23,0.1733,36.819,10.2358,149.0,2.0,2.0,0.5,0.517,2.0,43985.0,0.3168,1,1,0,0,0,0,0,0,1,0,0,0,0,0,0,1,0,0,650000.0,https://www.bnb.tn/wp-content/uploads/2024/11/eb4a6d88-8c9e-490c-a944-31a02988ba54-300x300.jpg
1,0.368,36.819,10.2358,115.0,2.0,2.0,0.5,0.517,2.0,43985.0,0.3168,1,1,0,0,0,0,0,0,1,0,0,0,0,0,0,0,0,0,535000.0,https://www.bnb.tn/wp-content/uploads/2024/05/3dfc0e50-a3b2-4f85-ae91-e05389088f1e-300x300.jpg
23,0.1733,36.819,10.2358,118.0,2.0,2.0,0.5,0.517,2.0,43985.0,0.3168,1,1,0,0,0,0,0,0,1,0,0,0,0,0,0,0,0,0,410000.0,https://www.bnb.tn/wp-content/uploads/2024/10/2ef03516-25fa-4f2b-a82b-02cb85d2117d-300x300.jpg
23,0.1733,36.819,10.2358,126.0,2.0,2.0,0.5,0.517,2.0,43985.0,0.3168,1,1,0,0,0,0,0,0,1,0,0,0,0,0,0,0,0,0,430000.0,https://www.bnb.tn/wp-content/uploads/2024/10/0a527c54-2341-4ca3-a1d2-620b94939a2b-300x300.jpeg
23,0.1733,36.819,10.2358,165.0,3.0,2.0,0.5,0.517,2.0,43985.0,0.3168,1,1,0,0,0,0,0,0,0,0,0,0,0,0,0,0,0,0,561000.0,https://www.bnb.tn/wp-content/uploads/2024/10/e54fc725-7d13-4e36-bd92-db33b75a6415-300x300.png
23,0.1733,36.819,10.2358,120.0,2.0,2.0,0.5,0.517,2.0,43985.0,0.3168,1,1,0,0,0,0,0,0,0,0,0,0,0,0,0,0,0,0,408000.0,https://www.bnb.tn/wp-content/uploads/2024/10/e54fc725-7d13-4e36-bd92-db33b75a6415-1-300x300.png
23,0.1733,36.819,10.2358,135.0,3.0,2.0,0.5,0.517,2.0,43985.0,0.3168,1,1,0,0,0,0,0,0,1,0,0,0,0,0,0,0,0,0,540000.0,https://www.bnb.tn/wp-content/uploads/2024/10/WhatsApp-Image-2024-10-29-at-12.42.42-2-300x300.png
23,0.1733,36.819,10.2358,100.0,2.0,2.0,0.5,0.517,2.0,43985.0,0.3168,1,1,0,0,1,0,0,0,0,0,0,1,0,0,0,0,0,0,370000.0,https://www.bnb.tn/wp-content/uploads/2024/10/WhatsApp-Image-2024-10-23-a-14.11.36_1ca75ea5-300x300.jpg
23,0.1733,36.819,10.2358,231.0,3.0,2.0,0.5,0.517,2.0,43985.0,0.3168,1,1,0,0,0,1,0,0,1,0,0,0,0,0,0,1,0,0,1600000.0,https://www.bnb.tn/wp-content/uploads/2024/10/9b5eefa9-ac19-4230-adc1-b119e117515e-300x300.png
23,0.1733,36.819,10.2358,117.0,2.0,2.0,0.5,0.517,2.0,43985.0,0.3168,1,1,0,0,0,0,0,0,1,0,0,0,0,0,0,1,0,0,440000.0,https://www.bnb.tn/wp-content/uploads/2024/10/76767dfc-950b-4121-9ce6-1111b5da3975-300x300.jpg
20,0.2173,36.819,10.2358,80.0,2.0,2.0,0.5,0.517,2.0,43985.0,0.3168,1,1,0,0,0,0,0,0,0,0,0,0,0,0,0,0,0,0,283000.0,https://www.bnb.tn/wp-content/uploads/2024/10/463460070_1314527359829591_6456780222861114882_n-300x300.jpg
23,0.1733,36.819,10.2358,112.0,2.0,2.0,0.5,0.517,2.0,43985.0,0.3168,1,1,0,0,0,0,0,0,1,0,0,0,0,0,0,1,0,0,240000.0,https://www.bnb.tn/wp-content/uploads/2024/10/WhatsApp-Image-2024-10-04-a-10.16.05_3f51bc72-300x300.jpg
23,0.4,36.819,10.2358,81.0,2.0,2.0,0.5,0.517,2.0,43985.0,0.3168,1,1,0,0,0,0,0,0,1,0,0,0,0,0,0,0,0,0,400000.0,https://www.bnb.tn/wp-content/uploads/2024/02/IMG-20240208-WA0007-300x300.jpg
20,0.3067,36.819,10.2358,70.0,1.0,2.0,0.5,0.517,2.0,43985.0,0.3168,1,1,0,0,0,0,0,0,0,0,0,0,0,0,0,0,0,0,230000.0,https://www.bnb.tn/wp-content/uploads/2024/10/464342689_1315407816408212_6716667465601333778_n-300x300.jpg
20,0.3067,36.819,10.2358,110.0,2.0,2.0,0.5,0.517,2.0,43985.0,0.3168,1,1,0,0,0,0,0,0,0,0,0,0,0,0,0,0,0,0,330000.0,https://www.bnb.tn/wp-content/uploads/2024/10/WhatsApp-Image-2024-10-21-at-2.53.53-PM-300x300.jpeg
20,0.3067,36.819,10.2358,99.0,2.0,2.0,0.5,0.517,2.0,43985.0,0.3168,1,1,0,0,0,0,0,0,0,0,0,0,0,0,0,0,0,0,290000.0,https://www.bnb.tn/wp-content/uploads/2024/10/WhatsApp-Image-2024-10-21-at-2.53.53-PM-300x300.jpeg
20,0.22,36.819,10.2358,103.0,2.0,2.0,0.5,0.517,2.0,43985.0,0.3168,1,1,0,0,0,0,0,0,0,0,0,1,0,0,0,0,0,0,283000.0,https://www.bnb.tn/wp-content/uploads/2024/10/448034158_1216118593003802_3185384049387924176_n-300x300.jpg
20,0.2367,36.819,10.2358,132.0,2.0,2.0,0.5,0.517,2.0,43985.0,0.3168,1,1,0,0,0,0,0,0,0,0,0,0,0,0,0,0,0,0,298000.0,https://www.bnb.tn/wp-content/uploads/2024/10/464039201_1314579949824332_5281728666046936942_n-300x300.jpg
1,0.33,36.819,10.2358,130.0,3.0,2.0,0.5,0.517,2.0,43985.0,0.3168,1,1,0,0,0,0,0,0,0,0,0,0,0,0,0,0,0,0,220000.0,https://www.bnb.tn/wp-content/uploads/2024/10/f055d259-0fee-4c78-b917-508b75c24250-1-300x300.jpeg
23,0.1733,36.819,10.2358,80.0,3.0,2.0,0.5,0.517,2.0,43985.0,0.3168,1,1,0,1,1,0,0,0,0,0,0,0,0,0,0,0,0,0,100000.0,https://www.bnb.tn/wp-content/uploads/2024/10/propo-logo2-3-300x300.jpg
1,0.33,36.819,10.2358,160.0,3.0,2.0,0.5,0.517,2.0,43985.0,0.3168,1,1,1,0,1,0,0,0,0,0,0,0,0,0,0,0,0,0,480000.0,https://www.bnb.tn/wp-content/uploads/2024/10/5ba53b5b-af81-4738-a8a6-7388f482070d-300x300.jpeg
23,0.4133,36.819,10.2358,105.0,3.0,2.0,0.5,0.517,2.0,43985.0,0.3168,1,1,1,0,1,0,0,0,1,0,0,1,0,0,0,0,0,0,330000.0,https://www.bnb.tn/wp-content/uploads/2024/10/04ab8034-3680-409b-8c3b-ab4f7181ad20-300x300.jpeg
23,0.37,36.819,10.2358,160.0,4.0,2.0,0.5,0.517,2.0,43985.0,0.3168,1,1,0,0,1,0,0,0,0,0,0,0,0,0,0,0,0,0,520000.0,https://www.bnb.tn/wp-content/uploads/2024/10/2-13-300x300.jpg
23,0.1733,36.819,10.2358,85.0,2.0,2.0,0.5,0.517,2.0,43985.0,0.3168,1,1,0,1,0,0,0,0,1,0,0,0,0,0,0,0,0,0,365000.0,https://www.bnb.tn/wp-content/uploads/2024/10/e606d7c8-91dc-403a-acb1-0ccbf7925c3d-300x300.jpg
20,0.22,36.819,10.2358,60.0,3.0,2.0,0.5,0.517,2.0,43985.0,0.3168,1,1,0,0,0,1,0,0,0,0,0,0,0,0,0,0,0,0,260000.0,https://www.bnb.tn/wp-content/uploads/2024/09/Capture-decran-2024-09-19-113803-300x300.jpg
23,0.1733,36.819,10.2358,115.0,2.0,2.0,0.5,0.517,2.0,43985.0,0.3168,1,1,0,0,0,0,0,0,0,0,0,0,0,0,0,0,0,0,450000.0,https://www.bnb.tn/wp-content/uploads/2024/10/16859259-76bc-4029-a3d3-797cb9ad4976-1-300x300.jpg
20,0.2367,36.819,10.2358,43.0,3.0,2.0,0.5,0.517,2.0,43985.0,0.3168,1,1,0,0,0,0,0,0,0,0,0,0,0,0,0,0,0,0,250000.0,https://www.bnb.tn/wp-content/uploads/2024/10/440150772_1189349329014062_1076557827584025292_n-300x300.jpg
20,0.3067,36.819,10.2358,161.0,3.0,2.0,0.5,0.517,2.0,43985.0,0.3168,1,1,0,0,0,0,0,0,1,0,0,0,0,0,0,0,0,0,477000.0,https://www.bnb.tn/wp-content/uploads/2024/10/462698312_1306292113986449_8068745674852554080_n-300x300.jpg
20,0.22,36.819,10.2358,400.0,5.0,2.0,0.5,0.517,2.0,43985.0,0.3168,1,1,0,0,0,0,0,0,0,0,0,0,0,0,0,0,1,0,680000.0,https://www.bnb.tn/wp-content/uploads/2024/09/WhatsApp-Image-2024-06-05-at-12.19.42-PM-1-300x300.jpg
20,0.22,36.819,10.2358,158.0,3.0,1.0,0.5,0.517,2.0,43985.0,0.3168,1,1,0,0,0,0,0,0,0,0,0,0,0,0,0,0,0,0,450000.0,https://www.bnb.tn/wp-content/uploads/2024/09/WhatsApp-Image-2024-05-30-at-4.17.43-PM-300x300.jpg
20,0.22,36.819,10.2358,120.0,3.0,2.0,0.5,0.517,2.0,43985.0,0.3168,1,1,1,0,0,0,0,0,0,0,0,0,0,0,0,0,0,0,84000.0,https://www.bnb.tn/wp-content/uploads/2024/10/456098501_1265019478113713_9036319861457715710_n-300x300.jpg
20,0.22,36.819,10.2358,146.0,3.0,2.0,0.5,0.517,2.0,43985.0,0.3168,1,1,0,0,0,0,0,0,0,0,0,0,0,0,0,0,0,0,450000.0,https://www.bnb.tn/wp-content/uploads/2024/09/WhatsApp-Image-2024-08-16-at-11.48.51-AM-300x300.jpg
20,0.22,36.819,10.2358,60.0,1.0,2.0,0.5,0.517,2.0,43985.0,0.3168,1,1,0,0,0,0,0,0,0,0,0,0,0,0,0,0,0,0,170000.0,https://www.bnb.tn/wp-content/uploads/2024/10/455966472_1262899304992397_6873018652899285356_n-300x300.jpg
20,0.22,36.819,10.2358,139.0,3.0,2.0,0.5,0.517,2.0,43985.0,0.3168,1,1,0,0,1,0,0,0,0,0,0,0,0,0,0,0,0,0,460000.0,https://www.bnb.tn/wp-content/uploads/2024/10/459075593_1280445443237783_614180389786133074_n-300x300.jpg
20,0.22,36.819,10.2358,220.0,4.0,4.0,0.5,0.517,2.0,43985.0,0.3168,1,1,0,0,0,0,0,0,0,0,0,0,0,0,0,0,0,0,530000.0,https://www.bnb.tn/wp-content/uploads/2024/09/WhatsApp-Image-2024-08-01-at-1.05.26-PM-4-300x300.jpg
20,0.22,36.819,10.2358,90.0,2.0,2.0,0.5,0.517,2.0,43985.0,0.3168,1,1,0,0,0,0,1,0,0,0,0,0,0,0,0,0,0,0,360000.0,https://www.bnb.tn/wp-content/uploads/2024/10/459706943_1285050232777304_7139282249199249713_n-300x300.jpg
12,0.1733,36.819,10.2358,157.0,3.0,2.0,0.5,0.517,2.0,43985.0,0.3168,1,1,1,0,0,0,0,0,0,0,0,0,0,0,0,0,0,0,410000.0,https://www.bnb.tn/wp-content/uploads/2024/09/anoir-sfar-300x300.jpg
20,0.22,36.819,10.2358,147.0,3.0,2.0,0.5,0.517,2.0,43985.0,0.3168,1,1,0,0,0,0,0,0,0,0,0,0,0,0,0,0,0,0,440000.0,https://www.bnb.tn/wp-content/uploads/2024/09/IMG_6526-1-300x300.jpg
20,0.22,36.819,10.2358,100.0,3.0,2.0,0.5,0.517,2.0,43985.0,0.3168,1,1,1,0,0,0,0,0,0,0,0,0,0,0,0,0,0,0,155000.0,https://www.bnb.tn/wp-content/uploads/2024/09/IMG_6187-300x300.jpg
16,0.2833,36.819,10.2358,85.0,1.0,2.0,0.5,0.517,2.0,43985.0,0.3168,1,1,1,0,1,1,0,0,1,0,0,0,0,0,0,0,1,0,250000.0,https://www.bnb.tn/wp-content/uploads/2024/08/1-12-300x300.jpeg
16,0.2833,36.819,10.2358,107.0,2.0,2.0,0.5,0.517,2.0,43985.0,0.3168,1,1,0,0,1,1,0,0,1,0,0,0,0,0,0,0,1,0,388000.0,https://www.bnb.tn/wp-content/uploads/2024/08/1.1-300x300.jpeg
12,0.1733,36.819,10.2358,67.0,1.0,2.0,0.5,0.517,2.0,43985.0,0.3168,1,1,0,0,1,0,1,0,0,0,0,0,0,0,0,0,0,0,199000.0,https://www.bnb.tn/wp-content/uploads/2024/07/s1-nadhem-rejiche-300x300.jpg
12,0.1733,36.819,10.2358,115.0,2.0,2.0,0.5,0.517,2.0,43985.0,0.3168,1,1,0,0,0,0,1,0,0,0,0,0,0,0,0,0,0,0,210000.0,https://www.bnb.tn/wp-content/uploads/2024/07/s2-hayet-baghdedi-300x300.jpg
12,0.1733,36.819,10.2358,150.0,3.0,2.0,0.5,0.517,2.0,43985.0,0.3168,1,1,0,0,1,0,1,0,0,0,0,0,0,0,0,0,0,0,460000.0,https://www.bnb.tn/wp-content/uploads/2024/07/s3-nadhem-rejiche-300x300.jpg
12,0.1733,36.819,10.2358,98.0,2.0,2.0,0.5,0.517,2.0,43985.0,0.3168,1,1,0,0,1,0,0,0,0,0,0,0,0,0,0,0,0,0,279000.0,https://www.bnb.tn/wp-content/uploads/2024/07/s2-nadhem-rejiche-300x300.jpg
12,0.1733,36.819,10.2358,73.0,1.0,2.0,0.5,0.517,2.0,43985.0,0.3168,1,1,0,0,1,0,1,0,0,0,0,0,0,0,0,0,0,0,380000.0,https://www.bnb.tn/wp-content/uploads/2024/07/hichem-s1-lespadon-300x300.jpg
16,0.32,36.819,10.2358,99.0,3.0,1.0,0.5,0.517,2.0,43985.0,0.3168,1,1,0,0,1,0,1,0,0,0,0,0,0,0,0,0,0,0,68000.0,https://www.bnb.tn/wp-content/uploads/2024/07/431273419_283659084756703_4684885555499333635_n-300x300.jpg
16,0.32,36.819,10.2358,117.0,3.0,2.0,0.5,0.517,2.0,43985.0,0.3168,1,1,0,1,0,0,1,1,0,0,0,0,0,0,0,0,0,0,550000.0,https://www.bnb.tn/wp-content/uploads/2024/07/IMG_20240710_134008_105-1-300x300.jpg
12,0.1733,36.819,10.2358,90.0,3.0,2.0,0.5,0.517,2.0,43985.0,0.3168,1,1,1,0,0,0,0,0,1,0,0,0,0,0,0,0,0,0,179000.0,https://www.bnb.tn/wp-content/uploads/2024/06/s3-borj-arif-1-300x300.jpg
23,0.7467,36.819,10.2358,115.0,3.0,2.0,0.5,0.517,2.0,43985.0,0.3168,1,1,0,0,0,0,0,0,0,0,0,0,0,0,0,1,0,0,850000.0,https://www.bnb.tn/wp-content/uploads/2024/05/d99e42f3-70e9-4817-b414-0c31a604deaa-300x300.jpg
1,0.368,36.819,10.2358,148.0,3.0,2.0,0.5,0.517,2.0,43985.0,0.3168,1,1,0,0,0,0,0,0,1,0,0,0,0,0,0,0,0,0,600000.0,https://www.bnb.tn/wp-content/uploads/2024/05/WhatsApp-Image-2024-05-28-a-11.37.36_bac46643-300x300.jpg
23,0.7467,36.819,10.2358,115.0,3.0,2.0,0.5,0.517,2.0,43985.0,0.3168,1,1,0,0,0,0,0,0,1,0,0,0,0,0,0,1,0,0,845000.0,https://www.bnb.tn/wp-content/uploads/2024/05/3a65230c-b379-4305-be97-691d67543e71-300x300.gif
12,0.1733,36.819,10.2358,147.0,2.0,2.0,0.5,0.517,2.0,43985.0,0.3168,1,1,0,1,0,0,1,0,1,0,0,0,0,0,0,0,0,0,580000.0,https://www.bnb.tn/wp-content/uploads/2024/05/s2-2-maya-jdida-300x300.jpg
12,0.1733,36.819,10.2358,100.0,2.0,2.0,0.5,0.517,2.0,43985.0,0.3168,1,1,1,0,0,0,0,0,1,0,0,0,0,0,0,0,0,0,320000.0,https://www.bnb.tn/wp-content/uploads/2024/05/s2-Sfar-300x300.jpg
12,0.1733,36.819,10.2358,35.0,3.0,2.0,0.5,0.517,2.0,43985.0,0.3168,1,1,0,0,0,0,0,0,0,0,0,0,0,0,0,0,0,0,120000.0,https://www.bnb.tn/wp-content/uploads/2024/05/studio-300x300.jpg
12,0.1733,36.819,10.2358,126.0,2.0,2.0,0.5,0.517,2.0,43985.0,0.3168,1,1,0,0,0,0,1,0,0,0,0,0,0,0,0,0,1,0,450000.0,https://www.bnb.tn/wp-content/uploads/2024/05/s2-maya-jdida-300x300.jpg
12,0.1733,36.819,10.2358,83.0,1.0,2.0,0.5,0.517,2.0,43985.0,0.3168,1,1,1,0,0,0,1,0,1,0,0,0,0,0,0,0,0,0,340000.0,https://www.bnb.tn/wp-content/uploads/2024/05/s1-maya-jdida-300x300.jpg
16,0.2833,36.819,10.2358,104.0,2.0,2.0,0.5,0.517,2.0,43985.0,0.3168,1,1,0,0,0,1,0,0,1,0,0,0,0,0,0,0,1,0,343000.0,https://www.bnb.tn/wp-content/uploads/2024/05/thumb_784929_property_xlarge-300x300.jpeg
16,0.2833,36.819,10.2358,158.0,2.0,2.0,0.5,0.517,2.0,43985.0,0.3168,1,1,1,0,0,1,0,0,1,0,0,0,0,0,0,0,0,0,500000.0,https://www.bnb.tn/wp-content/uploads/2024/05/1-5-300x300.jpeg
1,0.33,36.819,10.2358,124.0,2.0,2.0,0.5,0.517,2.0,43985.0,0.3168,1,1,0,0,0,0,0,0,0,0,0,0,0,0,0,0,1,0,584000.0,https://www.bnb.tn/wp-content/uploads/2024/05/IMG_20240417_111821_844-300x300.jpg
23,0.1733,36.819,10.2358,124.0,3.0,2.0,0.5,0.517,2.0,43985.0,0.3168,1,1,1,0,0,0,0,0,1,0,0,0,0,0,0,0,0,0,250000.0,https://www.bnb.tn/wp-content/uploads/2024/05/IMG_20240425_122756_544-300x300.jpg
23,1.0,36.819,10.2358,106.0,2.0,2.0,0.5,0.517,2.0,43985.0,0.3168,1,1,0,0,0,0,0,0,1,0,0,0,0,0,0,0,0,0,480000.0,https://www.bnb.tn/wp-content/uploads/2024/04/WhatsApp-Image-2023-11-28-a-16.31.44_4d033e9d-1-300x300.jpg
16,0.348,36.819,10.2358,64.0,1.0,2.0,0.5,0.517,2.0,43985.0,0.3168,1,1,1,0,0,1,0,0,1,0,0,0,0,0,0,0,1,0,224000.0,https://www.bnb.tn/wp-content/uploads/2024/04/S1-A1-8-prix-224-MD-1-300x300.jpeg
16,0.2833,36.819,10.2358,89.0,1.0,2.0,0.5,0.517,2.0,43985.0,0.3168,1,1,0,0,0,0,0,0,1,0,0,0,0,0,0,0,0,0,240000.0,https://www.bnb.tn/wp-content/uploads/2024/01/1-2-300x300.jpeg
16,0.2833,36.819,10.2358,116.0,3.0,2.0,0.5,0.517,2.0,43985.0,0.3168,1,1,1,0,1,1,0,0,1,0,0,0,0,0,0,0,1,0,385000.0,https://www.bnb.tn/wp-content/uploads/2024/03/1-7-300x300.jpeg
16,0.2833,36.819,10.2358,116.0,2.0,2.0,0.5,0.517,2.0,43985.0,0.3168,1,1,0,0,1,1,0,0,1,0,0,0,0,0,0,0,1,0,385000.0,https://www.bnb.tn/wp-content/uploads/2024/03/1-8-300x300.jpeg
16,0.348,36.819,10.2358,114.0,2.0,2.0,0.5,0.517,2.0,43985.0,0.3168,1,1,0,0,0,1,0,0,1,0,0,0,0,0,0,0,1,0,290000.0,https://www.bnb.tn/wp-content/uploads/2023/12/1-4-300x300.jpeg
16,0.348,36.819,10.2358,115.0,2.0,2.0,0.5,0.517,2.0,43985.0,0.3168,1,1,0,0,0,0,0,0,1,0,0,0,0,0,0,0,1,0,320000.0,https://www.bnb.tn/wp-content/uploads/2023/08/1-2-300x300.jpeg
16,0.2833,36.819,10.2358,117.0,2.0,2.0,0.5,0.517,2.0,43985.0,0.3168,1,1,0,0,1,1,0,0,1,0,0,0,0,0,0,0,1,0,388000.0,https://www.bnb.tn/wp-content/uploads/2024/03/1.1-300x300.jpeg
16,0.2833,36.819,10.2358,119.0,3.0,2.0,0.5,0.517,2.0,43985.0,0.3168,1,1,1,0,0,1,0,0,1,0,0,0,0,0,0,0,1,0,400000.0,https://www.bnb.tn/wp-content/uploads/2024/03/1-21-300x300.jpg
16,0.2833,36.819,10.2358,78.0,2.0,2.0,0.5,0.517,2.0,43985.0,0.3168,1,1,1,0,1,1,0,0,1,0,0,0,0,0,0,0,0,0,273000.0,https://www.bnb.tn/wp-content/uploads/2024/03/Plan-A4-2-S2-de-78m%C2%B2-avec-terrasse-inaccessible-7.6m%C2%B2-300x300.jpg
16,0.2833,36.819,10.2358,64.0,1.0,2.0,0.5,0.517,2.0,43985.0,0.3168,1,1,1,0,0,1,0,0,1,0,0,0,0,0,0,0,1,0,224000.0,https://www.bnb.tn/wp-content/uploads/2024/03/S1-A1-8-prix-224-MD-300x300.jpeg
16,0.2833,36.819,10.2358,87.0,2.0,2.0,0.5,0.517,2.0,43985.0,0.3168,1,1,0,0,0,0,0,0,1,0,0,0,0,0,0,0,0,0,210000.0,https://www.bnb.tn/wp-content/uploads/2024/03/4-5-300x300.jpeg
16,0.2833,36.819,10.2358,60.0,1.0,2.0,0.5,0.517,2.0,43985.0,0.3168,1,1,0,0,1,0,0,0,1,0,0,0,0,0,0,0,0,0,200000.0,https://www.bnb.tn/wp-content/uploads/2024/03/1-3-300x300.jpeg
16,0.2833,36.819,10.2358,115.0,2.0,2.0,0.5,0.517,2.0,43985.0,0.3168,1,1,0,0,1,1,0,0,1,0,0,0,0,0,0,0,1,0,379500.0,https://www.bnb.tn/wp-content/uploads/2024/03/2-2-300x300.jpeg
20,0.22,36.819,10.2358,117.0,2.0,2.0,0.5,0.517,2.0,43985.0,0.3168,1,1,0,0,0,0,0,0,0,0,0,0,0,0,0,0,0,0,316000.0,https://www.bnb.tn/wp-content/uploads/2024/03/IMG_2070-300x300.jpg
20,0.22,36.819,10.2358,107.0,2.0,2.0,0.5,0.517,2.0,43985.0,0.3168,1,1,0,0,1,0,0,0,0,0,0,0,0,0,0,0,0,0,272000.0,https://www.bnb.tn/wp-content/uploads/2024/03/420329264_790707109755001_8408780444440716269_n-300x300.jpg
23,0.4133,36.819,10.2358,114.0,2.0,2.0,0.5,0.517,2.0,43985.0,0.3168,1,1,0,0,0,0,0,0,1,0,0,0,0,0,0,1,0,0,450000.0,https://www.bnb.tn/wp-content/uploads/2024/03/af748642-5a02-44d3-a6ad-b06480693ae6-1-300x300.png
23,0.4,36.819,10.2358,85.0,2.0,2.0,0.5,0.517,2.0,43985.0,0.3168,1,1,0,0,0,0,0,0,1,0,0,0,0,0,0,0,0,0,380000.0,https://www.bnb.tn/wp-content/uploads/2024/02/IMG-20240221-WA0052-300x300.jpg
12,0.1733,36.819,10.2358,118.0,2.0,2.0,0.5,0.517,2.0,43985.0,0.3168,1,1,0,0,0,0,1,0,0,0,0,0,0,0,0,0,0,0,245000.0,https://www.bnb.tn/wp-content/uploads/2024/02/sana-1-300x300.jpg
12,0.1733,36.819,10.2358,105.0,2.0,2.0,0.5,0.517,2.0,43985.0,0.3168,1,1,0,0,1,0,0,0,0,0,0,0,0,0,0,0,0,0,235000.0,https://www.bnb.tn/wp-content/uploads/2024/02/rdc-s2-hamdi-1-300x300.jpg
12,0.1733,36.819,10.2358,124.0,2.0,2.0,0.5,0.517,2.0,43985.0,0.3168,1,1,0,0,0,0,1,0,0,0,0,0,0,0,0,0,0,0,680000.0,https://www.bnb.tn/wp-content/uploads/2024/02/DSC_4157-Copier-300x300.jpg
15,0.16,36.819,10.2358,115.0,2.0,2.0,0.5,0.517,2.0,43985.0,0.3168,1,1,0,0,0,0,1,0,0,0,0,0,0,0,0,0,0,0,265000.0,https://www.bnb.tn/wp-content/uploads/2024/02/sana-1-1-300x300.jpg
16,0.348,36.819,10.2358,117.0,2.0,2.0,0.5,0.517,2.0,43985.0,0.3168,1,1,0,0,1,1,0,0,1,0,0,0,0,0,0,0,1,0,395000.0,https://www.bnb.tn/wp-content/uploads/2023/10/9-2-300x300.jpeg
16,0.348,36.819,10.2358,98.0,2.0,2.0,0.5,0.517,2.0,43985.0,0.3168,1,1,1,0,0,1,0,0,1,0,0,0,0,0,0,0,0,0,315000.0,https://www.bnb.tn/wp-content/uploads/2023/12/1-26-300x300.jpeg
16,0.348,36.819,10.2358,114.0,2.0,2.0,0.5,0.517,2.0,43985.0,0.3168,1,1,0,0,0,1,0,0,1,0,0,0,0,0,0,0,1,0,290000.0,https://www.bnb.tn/wp-content/uploads/2023/08/1-3-300x300.jpeg
23,0.7467,36.819,10.2358,66.0,1.0,2.0,0.5,0.517,2.0,43985.0,0.3168,1,1,0,0,0,0,0,0,1,0,0,0,0,0,0,1,0,0,275002.0,https://www.bnb.tn/wp-content/uploads/2024/02/IMG-20240214-WA0042-300x300.jpg
16,0.2833,36.819,10.2358,78.0,1.0,1.0,0.5,0.517,2.0,43985.0,0.3168,1,1,0,0,0,0,0,0,1,0,0,0,0,0,0,1,0,0,214000.0,https://www.bnb.tn/wp-content/uploads/2024/01/1-300x300.jpeg
23,0.4,36.819,10.2358,157.0,2.0,2.0,0.5,0.517,2.0,43985.0,0.3168,1,1,0,0,0,1,0,0,1,0,0,0,0,0,0,1,0,0,2200000.0,https://www.bnb.tn/wp-content/uploads/2024/01/WhatsApp-Image-2023-10-10-a-10.54.59_67490fca-300x300.jpg
23,0.4,36.819,10.2358,163.5,3.0,2.0,0.5,0.517,2.0,43985.0,0.3168,1,1,0,0,0,0,0,0,0,0,0,0,0,0,0,0,0,0,530000.0,https://www.bnb.tn/wp-content/uploads/2024/01/404571442_362671776417030_1562133234915570464_n-Copie-300x300.jpg
20,0.22,36.819,10.2358,75.0,1.0,1.0,0.5,0.517,2.0,43985.0,0.3168,1,1,0,0,0,0,0,0,0,0,0,0,0,0,0,0,1,0,335000.0,https://www.bnb.tn/wp-content/uploads/2024/01/IMG_8848-300x300.jpg
16,0.2833,36.819,10.2358,132.0,2.0,2.0,0.5,0.517,2.0,43985.0,0.3168,1,1,0,0,0,0,0,0,1,0,0,0,0,0,0,0,1,0,320000.0,https://www.bnb.tn/wp-content/uploads/2023/12/1-35-300x300.jpeg
16,0.2833,36.819,10.2358,95.0,2.0,2.0,0.5,0.517,2.0,43985.0,0.3168,1,1,0,0,0,0,0,0,1,0,0,0,0,0,0,0,1,0,340000.0,https://www.bnb.tn/wp-content/uploads/2023/12/1-34-300x300.jpeg
16,0.2833,36.819,10.2358,63.0,1.0,2.0,0.5,0.517,2.0,43985.0,0.3168,1,1,0,0,0,0,0,0,1,0,0,0,0,0,0,0,1,0,235000.0,https://www.bnb.tn/wp-content/uploads/2023/12/thumb_677222_property_xlarge-300x300.jpeg
16,0.2833,36.819,10.2358,150.0,3.0,2.0,0.5,0.517,2.0,43985.0,0.3168,1,1,0,1,0,0,0,0,0,0,0,0,0,0,0,0,0,0,300000.0,https://www.bnb.tn/wp-content/uploads/2023/12/1-33-300x300.jpeg
20,0.3067,36.819,10.2358,72.0,1.0,2.0,0.5,0.517,2.0,43985.0,0.3168,1,1,0,0,0,0,0,0,0,0,0,0,0,0,0,0,0,0,195000.0,https://www.bnb.tn/wp-content/uploads/2023/12/WhatsApp-Image-2023-12-29-a-15.40.43_c6ae6409-300x300.jpg
23,0.4,36.819,10.2358,127.0,2.0,2.0,0.5,0.517,2.0,43985.0,0.3168,1,1,0,0,0,0,0,0,1,0,0,0,0,0,0,0,0,0,500000.0,https://www.bnb.tn/wp-content/uploads/2023/12/c1482586-cc1b-4856-ad63-991b11088e0f-300x300.jpg
23,0.4133,36.819,10.2358,212.0,4.0,2.0,0.5,0.517,2.0,43985.0,0.3168,1,1,0,0,0,0,0,0,1,0,0,0,0,0,0,0,0,0,740000.0,https://www.bnb.tn/wp-content/uploads/2023/12/IMG-20231206-WA0033-300x300.jpg
23,0.4133,36.819,10.2358,71.0,1.0,2.0,0.5,0.517,2.0,43985.0,0.3168,1,1,0,0,0,0,0,0,1,0,0,0,0,0,0,0,0,0,280000.0,https://www.bnb.tn/wp-content/uploads/2023/12/IMG-20231204-WA0115-300x300.jpg
16,0.348,36.819,10.2358,74.0,1.0,2.0,0.5,0.517,2.0,43985.0,0.3168,1,1,1,0,0,1,0,0,1,0,0,0,0,0,0,0,0,0,248000.0,https://www.bnb.tn/wp-content/uploads/2023/12/1-25-300x300.jpeg
23,0.7467,36.819,10.2358,119.0,2.0,2.0,0.5,0.517,2.0,43985.0,0.3168,1,1,0,0,0,0,0,0,1,0,0,0,0,0,0,1,0,0,600000.0,https://www.bnb.tn/wp-content/uploads/2023/12/3c6d226b-1f17-42f3-8927-0dd93b180eee-1-300x300.jpg
16,0.2833,36.819,10.2358,120.0,2.0,2.0,0.5,0.517,2.0,43985.0,0.3168,1,1,0,0,1,0,0,0,1,0,0,0,0,0,0,0,0,0,450000.0,https://www.bnb.tn/wp-content/uploads/2023/12/thumb_569462_property_xlarge-300x300.jpeg
23,0.5067,36.819,10.2358,115.0,2.0,2.0,0.5,0.517,2.0,43985.0,0.3168,1,1,0,0,0,0,0,0,1,0,0,0,0,0,0,1,0,0,450000.0,https://www.bnb.tn/wp-content/uploads/2023/12/WhatsApp-Image-2023-12-22-a-10.49.04_0a851189-300x300.jpg
23,1.0,36.819,10.2358,115.0,4.0,2.0,0.5,0.517,2.0,43985.0,0.3168,1,1,0,0,0,0,0,0,0,0,0,0,0,0,0,0,0,0,1200000.0,https://www.bnb.tn/wp-content/uploads/2023/12/9814f995-5b15-4c94-aa95-633ae3d73b4a-1-2-300x300.png
23,0.4133,36.819,10.2358,198.0,2.0,2.0,0.5,0.517,2.0,43985.0,0.3168,1,1,0,0,0,1,0,0,1,0,0,0,0,0,0,0,0,0,720000.0,https://www.bnb.tn/wp-content/uploads/2023/12/IMG-20231206-WA0093-300x300.jpg
20,0.22,36.819,10.2358,75.0,1.0,1.0,0.5,0.517,2.0,43985.0,0.3168,1,1,0,1,0,0,0,0,0,0,0,0,0,0,0,0,0,0,200000.0,https://www.bnb.tn/wp-content/uploads/2023/12/WhatsApp-Image-2023-12-25-a-11.06.52_31c8d570-300x300.jpg
16,0.2833,36.819,10.2358,77.0,1.0,2.0,0.5,0.517,2.0,43985.0,0.3168,1,1,0,0,0,0,0,0,1,0,0,0,0,0,0,0,1,0,240000.0,https://www.bnb.tn/wp-content/uploads/2023/12/thumb_586818_property_xlarge-300x300.jpeg
20,0.22,36.819,10.2358,115.0,1.0,1.0,0.5,0.517,2.0,43985.0,0.3168,1,1,0,0,1,0,0,0,1,0,0,0,0,0,0,0,0,0,120000.0,https://www.bnb.tn/wp-content/uploads/2023/12/WhatsApp-Image-2023-11-24-a-13.11.21_8744c71c-300x300.jpg
23,0.4133,36.819,10.2358,115.0,2.0,2.0,0.5,0.517,2.0,43985.0,0.3168,1,1,0,0,0,0,0,0,1,0,0,0,0,0,0,0,0,0,647500.0,https://www.bnb.tn/wp-content/uploads/2023/12/WhatsApp-Image-2023-12-20-a-12.43.19_3c037ed1-300x300.jpg
16,0.348,36.819,10.2358,155.0,3.0,2.0,0.5,0.517,2.0,43985.0,0.3168,1,1,0,0,0,0,0,0,1,0,0,0,0,0,0,0,0,0,450000.0,https://www.bnb.tn/wp-content/uploads/2023/12/thumb_569182_property_xlarge-300x300.jpeg
16,0.2833,36.819,10.2358,105.0,2.0,2.0,0.5,0.517,2.0,43985.0,0.3168,1,1,0,0,1,0,0,0,1,0,0,0,0,0,0,0,0,0,373000.0,https://www.bnb.tn/wp-content/uploads/2023/12/thumb_420256_property_xlarge-300x300.jpeg
16,0.2833,36.819,10.2358,178.0,3.0,3.0,0.5,0.517,2.0,43985.0,0.3168,1,1,0,0,0,0,1,0,0,0,0,0,0,0,0,0,1,0,630000.0,https://www.bnb.tn/wp-content/uploads/2023/12/17026331862-300x300.jpg
20,0.22,36.819,10.2358,115.0,2.0,2.0,0.5,0.517,2.0,43985.0,0.3168,1,1,0,0,0,0,0,0,0,0,0,0,0,0,0,0,0,0,560000.0,https://www.bnb.tn/wp-content/uploads/2023/12/IMG_0624-1-300x300.jpg
23,0.4,36.819,10.2358,115.0,2.0,2.0,0.5,0.517,2.0,43985.0,0.3168,1,1,0,0,0,0,0,0,1,0,0,0,0,0,0,0,0,0,270000.0,https://www.bnb.tn/wp-content/uploads/2023/12/IMG-20231214-WA0023-1-300x300.jpg
20,0.22,36.819,10.2358,80.0,2.0,2.0,0.5,0.517,2.0,43985.0,0.3168,1,1,0,0,0,0,0,0,0,0,0,0,0,0,0,0,0,0,85000.0,https://www.bnb.tn/wp-content/uploads/2023/12/WhatsApp-Image-2023-12-12-a-15.06.59_851b8d3a-300x300.jpg
16,0.2833,36.819,10.2358,108.0,2.0,2.0,0.5,0.517,2.0,43985.0,0.3168,1,1,0,0,1,0,0,0,1,0,0,0,0,0,0,0,0,0,320000.0,https://www.bnb.tn/wp-content/uploads/2023/12/WhatsApp-Image-2023-12-13-a-10.51.59_5cebcae9-300x300.jpg
20,0.22,36.819,10.2358,52.0,1.0,2.0,0.5,0.517,2.0,43985.0,0.3168,1,1,0,1,0,0,0,0,1,0,0,0,0,0,0,0,0,0,185000.0,https://www.bnb.tn/wp-content/uploads/2023/12/WhatsApp-Image-2023-03-02-at-11.29.54-1-300x300.jpg
12,0.1733,36.819,10.2358,62.0,3.0,2.0,0.5,0.517,2.0,43985.0,0.3168,1,1,0,0,0,0,0,0,0,0,0,0,0,0,0,0,1,0,231000.0,https://www.bnb.tn/wp-content/uploads/2023/12/F-_photoshop-1_LES-TRAVAIL-PSD_s1-abid-300x300.jpg
12,0.1733,36.819,10.2358,85.0,1.0,2.0,0.5,0.517,2.0,43985.0,0.3168,1,1,0,1,0,0,0,0,1,0,0,0,0,0,0,0,0,0,340000.0,https://www.bnb.tn/wp-content/uploads/2023/12/DSC_2050-Copier-300x300.jpg
12,0.1733,36.819,10.2358,101.0,3.0,2.0,0.5,0.517,2.0,43985.0,0.3168,1,1,1,0,0,0,0,0,1,0,0,0,0,0,0,0,1,0,285000.0,https://www.bnb.tn/wp-content/uploads/2023/12/IMG-20230127-WA0009-Copier-300x300.jpg
12,0.1733,36.819,10.2358,60.0,1.0,2.0,0.5,0.517,2.0,43985.0,0.3168,1,1,1,1,0,0,0,0,0,0,0,0,0,0,0,0,0,0,160000.0,https://www.bnb.tn/wp-content/uploads/2023/12/F-_photoshop-1_LES-TRAVAIL-PSD_s1-ridhaz-300x300.jpg
12,0.1733,36.819,10.2358,81.0,2.0,2.0,0.5,0.517,2.0,43985.0,0.3168,1,1,0,1,0,0,0,0,1,0,0,0,0,0,0,1,0,0,185000.0,https://www.bnb.tn/wp-content/uploads/2023/12/F-_photoshop-1_LES-TRAVAIL-PSD_s2-azur-sahbi-300x300.jpg
12,0.1733,36.819,10.2358,90.0,2.0,2.0,0.5,0.517,2.0,43985.0,0.3168,1,1,0,1,0,0,0,0,0,0,0,0,0,0,0,0,0,0,300000.0,https://www.bnb.tn/wp-content/uploads/2023/12/F-_photoshop-1_LES-TRAVAIL-PSD_s2-rjich-300x300.jpg
12,0.1733,36.819,10.2358,83.0,2.0,2.0,0.5,0.517,2.0,43985.0,0.3168,1,1,0,1,0,0,0,0,1,0,0,0,0,0,0,1,0,0,200000.0,https://www.bnb.tn/wp-content/uploads/2023/12/F-_photoshop-1_LES-TRAVAIL-PSD_s2-azur-3-sahbi-300x300.jpg
12,0.1733,36.819,10.2358,83.0,1.0,2.0,0.5,0.517,2.0,43985.0,0.3168,1,1,1,1,0,0,0,0,0,0,0,0,0,0,0,0,0,0,230000.0,https://www.bnb.tn/wp-content/uploads/2023/12/DSC_0882-Copier-300x300.jpg
12,0.1733,36.819,10.2358,72.0,1.0,2.0,0.5,0.517,2.0,43985.0,0.3168,1,1,0,1,0,0,0,0,1,0,0,0,0,0,0,0,1,0,242000.0,https://www.bnb.tn/wp-content/uploads/2023/12/F-_photoshop-1_LES-TRAVAIL-PSD_s1-sabrine-diamont-300x300.jpg
12,0.1733,36.819,10.2358,120.0,3.0,2.0,0.5,0.517,2.0,43985.0,0.3168,1,1,1,1,0,0,1,0,1,0,0,0,0,0,0,0,0,0,330000.0,https://www.bnb.tn/wp-content/uploads/2023/12/F-_photoshop-1_LES-TRAVAIL-PSD_s3-les-jardin-vente-300x300.jpg
12,0.1733,36.819,10.2358,122.0,2.0,2.0,0.5,0.517,2.0,43985.0,0.3168,1,1,0,1,0,0,0,0,0,0,0,0,0,0,0,0,1,0,450000.0,https://www.bnb.tn/wp-content/uploads/2023/12/F-_photoshop-1_LES-TRAVAIL-PSD_s2-abid-300x300.jpg
12,0.1733,36.819,10.2358,80.0,2.0,2.0,0.5,0.517,2.0,43985.0,0.3168,1,1,1,1,0,0,1,0,0,0,0,0,0,0,0,0,0,0,190000.0,https://www.bnb.tn/wp-content/uploads/2023/12/F-_photoshop-1_LES-TRAVAIL-PSD_baghdedi-amir-300x300.jpg
12,0.1733,36.819,10.2358,85.0,2.0,2.0,0.5,0.517,2.0,43985.0,0.3168,1,1,1,1,0,0,0,0,1,0,0,0,0,0,0,0,1,0,195000.0,https://www.bnb.tn/wp-content/uploads/2023/12/F-_photoshop-1_LES-TRAVAIL-PSD_el-bahr-hichem-300x300.jpg
15,0.16,36.819,10.2358,85.0,2.0,2.0,0.5,0.517,2.0,43985.0,0.3168,1,1,0,1,0,0,0,0,0,0,0,0,0,0,0,0,0,0,160000.0,https://www.bnb.tn/wp-content/uploads/2023/12/app-nafoura-b-nawara-300x300.jpg
3,0.2227,36.819,10.2358,200.0,3.0,2.0,0.5,0.517,2.0,43985.0,0.3168,1,1,0,0,0,0,0,1,0,0,0,0,0,0,0,0,0,0,298000.0,https://www.bnb.tn/wp-content/uploads/2023/12/maison-3a9iba-300x300.jpg
12,0.1733,36.819,10.2358,47.0,3.0,2.0,0.5,0.517,2.0,43985.0,0.3168,1,1,1,1,0,0,0,0,1,0,0,0,0,0,0,0,1,0,90000.0,https://www.bnb.tn/wp-content/uploads/2023/12/DSC_0137-Copier-300x300.jpg
12,0.1733,36.819,10.2358,72.0,2.0,2.0,0.5,0.517,2.0,43985.0,0.3168,1,1,0,0,0,0,0,0,0,0,0,0,0,0,0,0,1,0,195000.0,https://www.bnb.tn/wp-content/uploads/2023/12/Rendu-010000-300x300.jpg
12,0.1733,36.819,10.2358,76.0,2.0,2.0,0.5,0.517,2.0,43985.0,0.3168,1,1,1,0,0,0,0,0,1,0,0,0,0,0,0,0,0,0,162000.0,https://www.bnb.tn/wp-content/uploads/2023/12/DSC_2881-Copier-300x300.jpg
12,0.1733,36.819,10.2358,183.0,3.0,2.0,0.5,0.517,2.0,43985.0,0.3168,1,1,0,0,0,0,0,1,0,0,0,0,0,0,0,0,1,0,344000.0,https://www.bnb.tn/wp-content/uploads/2023/12/IMG-20230424-WA0031-Copier-300x300.jpg
16,0.2833,36.819,10.2358,128.0,2.0,2.0,0.5,0.517,2.0,43985.0,0.3168,1,1,0,1,0,0,1,0,1,0,0,0,0,0,0,0,0,0,385000.0,https://www.bnb.tn/wp-content/uploads/2023/12/1-8-300x300.jpeg
16,0.2833,36.819,10.2358,75.0,1.0,2.0,0.5,0.517,2.0,43985.0,0.3168,1,1,0,0,0,0,0,0,1,0,0,0,0,0,0,0,1,0,255000.0,https://www.bnb.tn/wp-content/uploads/2023/12/thumb_720203_property_xlarge-300x300.png
16,0.348,36.819,10.2358,63.0,1.0,2.0,0.5,0.517,2.0,43985.0,0.3168,1,1,0,0,0,0,1,0,1,0,0,0,0,0,0,0,1,0,225000.0,https://www.bnb.tn/wp-content/uploads/2023/12/1-5-300x300.jpeg
23,0.4133,36.819,10.2358,115.0,4.0,2.0,0.5,0.517,2.0,43985.0,0.3168,1,1,0,0,0,0,0,0,1,0,0,0,0,0,0,0,0,0,740000.0,https://www.bnb.tn/wp-content/uploads/2023/12/IMG-20231206-WA0033-1-300x300.jpg
16,0.348,36.819,10.2358,108.0,2.0,2.0,0.5,0.517,2.0,43985.0,0.3168,1,1,0,0,1,0,0,0,1,0,0,0,0,0,0,0,0,0,320000.0,https://www.bnb.tn/wp-content/uploads/2023/12/thumb_606184_property_xlarge-300x300.jpeg
20,0.3067,36.819,10.2358,140.0,2.0,2.0,0.5,0.517,2.0,43985.0,0.3168,1,1,0,1,0,0,0,0,0,0,0,0,0,0,0,0,0,0,195000.0,https://www.bnb.tn/wp-content/uploads/2023/12/IMG_6618-300x300.jpg
12,0.1733,36.819,10.2358,115.0,2.0,2.0,0.5,0.517,2.0,43985.0,0.3168,1,1,0,0,0,0,0,0,0,0,0,0,0,0,0,0,0,0,140000.0,https://www.bnb.tn/wp-content/uploads/2023/12/KJ-300x300.jpg
16,0.2833,36.819,10.2358,120.0,2.0,2.0,0.5,0.517,2.0,43985.0,0.3168,1,1,0,0,1,0,0,0,1,0,0,0,0,0,0,0,0,0,410000.0,https://www.bnb.tn/wp-content/uploads/2023/12/thumb_558374_property_xlarge-300x300.jpeg
16,0.2833,36.819,10.2358,120.0,2.0,2.0,0.5,0.517,2.0,43985.0,0.3168,1,1,0,0,1,0,0,0,1,0,0,0,0,0,0,0,0,0,330000.0,https://www.bnb.tn/wp-content/uploads/2023/12/thumb_573070_property_xlarge-300x300.jpeg
3,0.1133,36.819,10.2358,98.0,3.0,2.0,0.5,0.517,2.0,43985.0,0.3168,1,1,0,0,0,0,0,0,0,0,0,0,0,0,0,0,1,0,175000.0,https://www.bnb.tn/wp-content/uploads/2023/11/405683866_743730611130646_1116686781002373734_n-300x300.jpg
4,0.24,36.819,10.2358,140.0,3.0,2.0,0.5,0.517,2.0,43985.0,0.3168,1,1,0,0,0,0,0,0,0,0,0,0,0,0,0,0,0,0,160000.0,https://www.bnb.tn/wp-content/uploads/2023/11/379632213_698315828993669_3806565443758554438_n-300x300.jpg
16,0.2833,36.819,10.2358,80.0,2.0,2.0,0.5,0.517,2.0,43985.0,0.3168,1,1,0,0,0,0,0,0,0,0,0,0,0,0,0,0,0,0,140000.0,https://www.bnb.tn/wp-content/uploads/2023/11/thumb_646299_property_xlarge-300x300.jpeg
23,0.4133,36.819,10.2358,115.0,1.0,2.0,0.5,0.517,2.0,43985.0,0.3168,1,1,0,0,0,0,0,0,1,0,0,0,0,0,0,0,0,0,275000.0,https://www.bnb.tn/wp-content/uploads/2023/11/WhatsApp-Image-2023-11-21-a-09.53.32_9aba8848-1-300x300.jpg
20,0.22,36.819,10.2358,72.0,1.0,2.0,0.5,0.517,2.0,43985.0,0.3168,1,1,0,0,1,0,0,0,1,0,0,0,0,0,0,0,0,0,120000.0,https://www.bnb.tn/wp-content/uploads/2023/11/WhatsApp-Image-2023-11-24-a-13.11.21_fe033eea-300x300.jpg
17,0.1467,35.8245,10.6346,115.0,3.0,2.0,0.5,0.517,2.0,150620.48,0.3541,1,1,0,0,0,0,0,0,0,0,0,0,0,0,0,0,0,0,300000.0,https://www.bnb.tn/wp-content/uploads/2022/01/2-58.jpg
17,0.1467,35.8245,10.6346,115.0,2.0,2.0,0.5,0.517,2.0,150620.48,0.3541,1,1,0,0,0,0,0,0,0,0,0,0,0,0,0,0,0,0,220000.0,https://www.bnb.tn/wp-content/uploads/2022/01/2-58.jpg
16,0.2833,36.819,10.2358,80.0,2.0,2.0,0.5,0.517,2.0,43985.0,0.3168,1,1,0,0,0,0,0,0,1,0,0,0,0,0,0,1,1,0,320000.0,https://www.bnb.tn/wp-content/uploads/2023/11/thumb_670773_property_xlarge-1-300x300.png
16,0.2833,36.819,10.2358,54.0,1.0,2.0,0.5,0.517,2.0,43985.0,0.3168,1,1,0,0,0,0,1,0,0,0,0,0,0,0,0,0,0,0,190000.0,https://www.bnb.tn/wp-content/uploads/2023/11/1-14-300x300.jpeg
4,0.24,36.819,10.2358,150.0,2.0,2.0,0.5,0.517,2.0,43985.0,0.3168,1,1,0,0,0,0,1,0,0,0,0,0,0,0,0,0,1,0,300000.0,https://www.bnb.tn/wp-content/uploads/2023/11/373076636_866343538400404_3733489610348788886_n-1-300x300.jpg
16,0.32,36.819,10.2358,93.0,2.0,2.0,0.5,0.517,2.0,43985.0,0.3168,1,1,0,0,0,0,1,0,0,0,0,0,0,0,0,0,0,0,445000.0,https://www.bnb.tn/wp-content/uploads/2023/11/thumb_416865_property_xlarge-300x300.jpeg
23,0.4133,36.819,10.2358,115.0,4.0,2.0,0.5,0.517,2.0,43985.0,0.3168,1,1,0,0,0,0,0,0,1,0,0,0,0,0,0,0,0,0,750000.0,https://www.bnb.tn/wp-content/uploads/2023/11/4a99514f-bc68-42be-87c1-6fc379fb6221-2-300x300.jpg
16,0.2833,36.819,10.2358,141.0,3.0,2.0,0.5,0.517,2.0,43985.0,0.3168,1,1,0,0,0,0,0,0,1,0,0,0,0,0,0,0,1,0,470000.0,https://www.bnb.tn/wp-content/uploads/2023/11/11-13-300x300.jpg
4,0.24,36.819,10.2358,152.0,3.0,2.0,0.5,0.517,2.0,43985.0,0.3168,1,1,0,0,1,0,1,0,1,0,0,1,0,0,0,0,0,0,300000.0,https://www.bnb.tn/wp-content/uploads/2023/11/thumb_708293_property_xlarge-300x300.jpeg
23,0.4133,36.819,10.2358,115.0,4.0,2.0,0.5,0.517,2.0,43985.0,0.3168,1,1,0,0,0,0,0,0,1,0,0,0,0,0,0,0,0,0,750000.0,https://www.bnb.tn/wp-content/uploads/2023/11/4a99514f-bc68-42be-87c1-6fc379fb6221-300x300.jpg
16,0.2833,36.819,10.2358,70.0,1.0,2.0,0.5,0.517,2.0,43985.0,0.3168,1,1,0,0,1,0,0,0,1,0,0,0,0,0,0,0,0,0,155000.0,https://www.bnb.tn/wp-content/uploads/2023/11/thumb_456301_property_xlarge-300x300.jpeg
16,0.2833,36.819,10.2358,95.0,2.0,2.0,0.5,0.517,2.0,43985.0,0.3168,1,1,0,0,0,0,0,0,1,0,0,0,0,0,0,0,1,0,313000.0,https://www.bnb.tn/wp-content/uploads/2023/11/thumb_586592_property_xlarge-300x300.jpeg
16,0.2833,36.819,10.2358,80.0,2.0,2.0,0.5,0.517,2.0,43985.0,0.3168,1,1,0,0,0,0,0,0,1,0,0,0,0,0,0,1,1,0,320000.0,https://www.bnb.tn/wp-content/uploads/2023/11/thumb_670773_property_xlarge-300x300.png
4,0.24,36.819,10.2358,115.0,3.0,2.0,0.5,0.517,2.0,43985.0,0.3168,1,1,0,0,0,0,1,0,0,0,0,0,0,0,0,0,1,0,300000.0,https://www.bnb.tn/wp-content/uploads/2023/11/54f2a29c-e9ec-41be-baa6-829353e85ef7-208x300.jpg
16,0.2833,36.819,10.2358,95.0,2.0,2.0,0.5,0.517,2.0,43985.0,0.3168,1,1,0,0,0,0,0,0,1,0,0,0,0,0,0,0,1,0,330000.0,https://www.bnb.tn/wp-content/uploads/2023/11/thumb_688951_property_xlarge-1-300x300.jpeg
16,0.2833,36.819,10.2358,105.0,2.0,2.0,0.5,0.517,2.0,43985.0,0.3168,1,1,0,0,1,0,0,0,1,0,0,0,0,0,0,0,0,0,373000.0,https://www.bnb.tn/wp-content/uploads/2023/11/thumb_420256_property_xlarge-300x300.jpeg
16,0.2833,36.819,10.2358,64.0,1.0,2.0,0.5,0.517,2.0,43985.0,0.3168,1,1,0,0,0,0,0,0,1,0,0,0,0,0,0,0,0,0,185000.0,https://www.bnb.tn/wp-content/uploads/2023/11/thumb_692698_property_xlarge-300x300.jpeg
16,0.2833,36.819,10.2358,80.0,3.0,2.0,0.5,0.517,2.0,43985.0,0.3168,1,1,0,0,0,0,0,0,0,0,0,0,0,0,0,0,0,0,160000.0,https://www.bnb.tn/wp-content/uploads/2023/10/thumb_646301_property_xlarge-300x300.jpeg
23,0.5067,36.819,10.2358,115.0,3.0,2.0,0.5,0.517,2.0,43985.0,0.3168,1,1,0,0,0,1,0,0,1,0,0,0,0,0,0,1,0,0,840000.0,https://www.bnb.tn/wp-content/uploads/2023/10/hgfyuhgyju-300x300.jpg
23,0.5067,36.819,10.2358,115.0,3.0,2.0,0.5,0.517,2.0,43985.0,0.3168,1,1,0,0,0,0,0,0,1,0,0,0,0,0,0,1,0,0,630000.0,https://www.bnb.tn/wp-content/uploads/2023/10/eed240be-7bab-419b-a65b-d464863e0f89-300x300.jpg
23,0.5067,36.819,10.2358,115.0,3.0,2.0,0.5,0.517,2.0,43985.0,0.3168,1,1,0,0,0,0,0,0,1,0,0,0,0,0,0,1,0,0,570000.0,https://www.bnb.tn/wp-content/uploads/2023/10/b2dbf143-78b1-4a88-8565-b2eabe495e58-300x300.jpg
23,0.5067,36.819,10.2358,115.0,1.0,2.0,0.5,0.517,2.0,43985.0,0.3168,1,1,0,0,0,0,0,0,1,0,0,0,0,0,0,1,0,0,350000.0,https://www.bnb.tn/wp-content/uploads/2023/10/9ce36428-202e-45d9-b7d9-f2ac4023ecbb-300x300.jpg
23,0.5067,36.819,10.2358,115.0,3.0,2.0,0.5,0.517,2.0,43985.0,0.3168,1,1,0,0,0,0,0,0,1,0,0,0,0,0,0,1,0,0,630000.0,https://www.bnb.tn/wp-content/uploads/2023/10/291b6139-81e5-4d01-80e9-f53c867a6724-300x300.jpg
3,0.1133,36.819,10.2358,121.0,2.0,2.0,0.5,0.517,2.0,43985.0,0.3168,1,1,1,0,1,0,0,0,1,0,0,0,0,0,0,0,1,0,220000.0,https://www.bnb.tn/wp-content/uploads/2023/10/391616487_721053266731714_8589896692615732075_n-300x300.jpg
23,0.5067,36.819,10.2358,92.0,1.0,2.0,0.5,0.517,2.0,43985.0,0.3168,1,1,0,0,0,0,0,0,1,0,0,0,0,0,0,1,0,0,345000.0,https://www.bnb.tn/wp-content/uploads/2023/10/122905318_1004303160053927_5323521328983704818_n-300x300.jpg
4,0.24,36.819,10.2358,120.0,3.0,2.0,0.5,0.517,2.0,43985.0,0.3168,1,1,0,0,0,0,0,0,1,0,0,0,0,0,0,0,0,0,255000.0,https://www.bnb.tn/wp-content/uploads/2023/10/thumb_572670_property_xlarge-300x300.jpeg
23,0.5067,36.819,10.2358,115.0,2.0,2.0,0.5,0.517,2.0,43985.0,0.3168,1,1,0,0,0,0,0,0,1,0,0,0,0,0,0,1,0,0,584000.0,https://www.bnb.tn/wp-content/uploads/2023/10/Image00001-300x300.jpg
16,0.32,36.819,10.2358,160.0,3.0,2.0,0.5,0.517,2.0,43985.0,0.3168,1,1,0,0,0,0,0,0,0,0,0,0,0,0,0,0,0,0,610000.0,https://www.bnb.tn/wp-content/uploads/2023/05/Sans-titre-1-07-300x300.jpg
23,0.4133,36.819,10.2358,115.0,3.0,2.0,0.5,0.517,2.0,43985.0,0.3168,1,1,0,0,0,0,0,0,1,0,0,0,0,0,0,0,0,0,460000.0,https://www.bnb.tn/wp-content/uploads/2023/10/20210123_104012-300x300.jpg
23,0.7467,36.819,10.2358,238.0,4.0,2.0,0.5,0.517,2.0,43985.0,0.3168,1,1,0,0,0,0,0,0,0,0,0,0,0,0,0,1,1,0,850000.0,https://www.bnb.tn/wp-content/uploads/2023/10/161a1221-585d-4580-be80-d1d642abfb95-300x300.jpg
23,0.4133,36.819,10.2358,115.0,3.0,2.0,0.5,0.517,2.0,43985.0,0.3168,1,1,0,0,0,0,0,0,0,0,0,0,0,0,0,0,0,0,360000.0,https://www.bnb.tn/wp-content/uploads/2023/10/98056529_248175336257039_7285339817733259264_n-300x300.jpg
23,0.4133,36.819,10.2358,115.0,3.0,2.0,0.5,0.517,2.0,43985.0,0.3168,1,1,0,0,0,0,0,0,0,0,0,0,0,0,0,0,0,0,420000.0,https://www.bnb.tn/wp-content/uploads/2023/10/15992c44-7dc7-4584-ad75-db715e6477c0-300x300.jpg
23,0.1733,36.819,10.2358,115.0,3.0,2.0,0.5,0.517,2.0,43985.0,0.3168,1,1,0,0,0,0,0,0,1,0,0,0,0,0,0,0,0,0,565000.0,https://www.bnb.tn/wp-content/uploads/2023/10/7b1c6fdc-ba7c-4b90-af04-211ac814dbf7-300x300.jpg
23,0.4133,36.819,10.2358,168.0,3.0,2.0,0.5,0.517,2.0,43985.0,0.3168,1,1,0,0,0,1,0,0,0,0,0,0,0,0,0,0,0,0,720000.0,https://www.bnb.tn/wp-content/uploads/2023/10/abd2ffd0-a4fb-43d8-b5df-1fca0560e3e4-300x300.jpg
23,0.4133,36.819,10.2358,115.0,2.0,2.0,0.5,0.517,2.0,43985.0,0.3168,1,1,0,0,1,0,0,0,1,0,0,0,0,0,0,0,0,0,355000.0,https://www.bnb.tn/wp-content/uploads/2023/10/c1745265-e7c8-485f-b58e-909191e1ed36-300x300.jpg
23,0.4133,36.819,10.2358,167.0,3.0,2.0,0.5,0.517,2.0,43985.0,0.3168,1,1,0,0,0,0,0,0,1,0,0,0,0,0,0,0,0,0,490000.0,https://www.bnb.tn/wp-content/uploads/2023/10/IMG_20191009_115817-300x300.jpg
23,0.5067,36.819,10.2358,115.0,3.0,2.0,0.5,0.517,2.0,43985.0,0.3168,1,1,0,0,0,0,0,0,1,0,0,0,0,0,0,1,0,0,630000.0,https://www.bnb.tn/wp-content/uploads/2023/10/a1d7b680-3d9d-4f8a-8911-8bb62fec30fa-300x300.jpg
23,0.7467,36.819,10.2358,169.0,3.0,2.0,0.5,0.517,2.0,43985.0,0.3168,1,1,0,0,0,0,0,0,1,0,0,0,0,0,0,1,0,0,730000.0,https://www.bnb.tn/wp-content/uploads/2023/10/WhatsApp-Image-2023-10-10-a-12.08.32_afc73881-300x300.jpg
23,0.1733,36.819,10.2358,143.0,3.0,2.0,0.5,0.517,2.0,43985.0,0.3168,1,1,0,0,0,0,0,0,1,0,0,0,0,0,0,0,0,0,550000.0,https://www.bnb.tn/wp-content/uploads/2023/10/0d4cb551-3fd0-4a71-96e4-ea19b62f3344-300x300.jpeg
4,0.24,36.819,10.2358,63.0,3.0,2.0,0.5,0.517,2.0,43985.0,0.3168,1,1,0,0,0,0,1,0,0,0,0,0,0,0,0,0,0,0,140000.0,https://www.bnb.tn/wp-content/uploads/2023/10/thumb_671148_property_xlarge-300x300.jpeg
23,0.1733,36.819,10.2358,147.0,3.0,2.0,0.5,0.517,2.0,43985.0,0.3168,1,1,0,0,0,0,0,0,0,0,0,0,0,0,0,0,0,0,380000.0,https://www.bnb.tn/wp-content/uploads/2023/10/IMG_20231003_121854-300x300.jpg
23,0.5067,36.819,10.2358,115.0,3.0,2.0,0.5,0.517,2.0,43985.0,0.3168,1,1,0,0,0,0,0,0,1,0,0,0,0,0,0,1,0,0,470000.0,https://www.bnb.tn/wp-content/uploads/2023/10/a248f525-6d5d-4b63-966d-940dcc9b319c-300x300.jpg
23,1.0,36.819,10.2358,279.0,3.0,2.0,0.5,0.517,2.0,43985.0,0.3168,1,1,0,0,0,0,0,0,0,0,0,0,0,0,0,0,0,0,1400000.0,https://www.bnb.tn/wp-content/uploads/2023/09/WhatsApp-Image-2023-07-25-a-16.33.11qdfffffffffff-300x300.jpg
16,0.348,36.819,10.2358,119.0,3.0,2.0,0.5,0.517,2.0,43985.0,0.3168,1,1,0,0,0,0,0,0,1,0,0,0,0,0,0,0,1,0,390000.0,https://www.bnb.tn/wp-content/uploads/2023/09/thumb_660679_property_xlarge-300x300.jpeg
23,0.4133,36.819,10.2358,75.0,1.0,2.0,0.5,0.517,2.0,43985.0,0.3168,1,1,0,0,0,0,0,0,0,0,0,0,0,0,0,0,0,0,245000.0,https://www.bnb.tn/wp-content/uploads/2023/09/IMG_20230921_173537-300x300.jpg
23,0.4133,36.819,10.2358,115.0,1.0,2.0,0.5,0.517,2.0,43985.0,0.3168,1,1,0,0,0,0,0,0,1,0,0,0,0,0,0,0,0,0,210000.0,https://www.bnb.tn/wp-content/uploads/2023/09/erg-300x300.jpg
23,0.4133,36.819,10.2358,115.0,1.0,2.0,0.5,0.517,2.0,43985.0,0.3168,1,1,0,0,0,0,0,0,1,0,0,0,0,0,0,0,0,0,260000.0,https://www.bnb.tn/wp-content/uploads/2023/09/5PVALoUjjTEKtImjYzy04QksyqyTnp1gIPnLrunMlKU_plaintext_638300176447665885-300x300.jpg
1,0.368,36.819,10.2358,115.0,2.0,2.0,0.5,0.517,2.0,43985.0,0.3168,1,1,0,0,0,0,0,0,1,0,0,0,0,0,0,0,0,0,495000.0,https://www.bnb.tn/wp-content/uploads/2023/09/IMG_20230907_163729-300x300.jpg
3,0.2367,36.819,10.2358,86.0,2.0,2.0,0.5,0.517,2.0,43985.0,0.3168,1,1,0,0,0,0,0,0,1,0,0,0,0,0,0,0,0,0,160000.0,https://www.bnb.tn/wp-content/uploads/2023/09/359361885_665359708967737_7536339777540284227_n-300x300.jpg
20,0.3067,36.819,10.2358,120.0,2.0,2.0,0.5,0.517,2.0,43985.0,0.3168,1,1,0,0,0,0,0,0,0,0,0,0,0,0,0,0,0,0,175000.0,https://www.bnb.tn/wp-content/uploads/2023/02/IMG_3927-300x300.jpg
23,0.5067,36.819,10.2358,115.0,1.0,1.0,0.5,0.517,2.0,43985.0,0.3168,1,1,0,1,1,1,0,0,0,0,0,0,0,0,0,1,0,0,340000.0,https://www.bnb.tn/wp-content/uploads/2023/08/IMG-1766-300x300.jpg
4,0.24,36.819,10.2358,63.0,3.0,2.0,0.5,0.517,2.0,43985.0,0.3168,1,1,0,0,1,0,1,0,0,0,0,0,0,0,0,0,0,0,140000.0,https://www.bnb.tn/wp-content/uploads/2023/08/thumb_646732_property_xlarge-1-300x300.jpeg
23,0.4133,36.819,10.2358,115.0,2.0,2.0,0.5,0.517,2.0,43985.0,0.3168,1,1,0,0,0,0,0,0,1,0,0,0,0,0,0,0,0,0,280000.0,https://www.bnb.tn/wp-content/uploads/2023/08/ed49cba8-9eb4-4665-8433-c35e89bbb266-300x300.jpg
4,0.24,36.819,10.2358,70.0,3.0,2.0,0.5,0.517,2.0,43985.0,0.3168,1,1,0,0,0,0,0,0,0,0,0,0,0,0,0,0,0,0,170000.0,https://www.bnb.tn/wp-content/uploads/2023/08/thumb_649865_property_xlarge-300x300.jpeg
16,0.2833,36.819,10.2358,114.0,2.0,2.0,0.5,0.517,2.0,43985.0,0.3168,1,1,0,0,0,0,0,0,1,0,0,0,0,0,0,1,1,0,300000.0,https://www.bnb.tn/wp-content/uploads/2023/08/1-4-300x300.jpeg
23,0.5067,36.819,10.2358,115.0,1.0,2.0,0.5,0.517,2.0,43985.0,0.3168,1,1,0,0,0,0,0,0,1,0,0,1,0,0,0,1,0,0,290000.0,https://www.bnb.tn/wp-content/uploads/2023/08/IMG-20230817-WA0027-300x300.jpg
16,0.13,35.8245,10.6346,250.0,3.0,2.0,0.5,0.517,2.0,150620.48,0.3541,1,1,0,0,0,0,0,0,0,0,0,0,0,0,0,0,0,0,300000.0,https://www.bnb.tn/wp-content/uploads/2022/01/2-58.jpg
23,0.2367,36.819,10.2358,115.0,2.0,2.0,0.5,0.517,2.0,43985.0,0.3168,1,1,0,0,0,0,0,0,1,0,0,0,0,0,0,0,0,0,600000.0,https://www.bnb.tn/wp-content/uploads/2023/08/IMG-20230720-WA0021-300x300.jpg
23,0.4133,36.819,10.2358,115.0,4.0,2.0,0.5,0.517,2.0,43985.0,0.3168,1,1,0,0,0,0,0,0,1,0,0,0,0,0,0,1,0,0,780000.0,https://www.bnb.tn/wp-content/uploads/2023/08/ce3692a8-2db3-49df-898c-55eb857f6e7d-300x300.jpg
23,0.7467,36.819,10.2358,115.0,4.0,2.0,0.5,0.517,2.0,43985.0,0.3168,1,1,0,0,0,0,0,0,1,0,0,0,0,0,0,1,0,0,550000.0,https://www.bnb.tn/wp-content/uploads/2023/08/4575-300x300.jpg
23,0.7067,36.819,10.2358,115.0,2.0,2.0,0.5,0.517,2.0,43985.0,0.3168,1,1,0,0,0,0,0,0,1,0,0,0,0,0,0,1,0,0,800000.0,https://www.bnb.tn/wp-content/uploads/2023/07/231-300x300.jpg
23,0.4133,36.819,10.2358,115.0,2.0,2.0,0.5,0.517,2.0,43985.0,0.3168,1,1,0,0,0,0,0,0,1,0,0,0,0,0,0,0,0,0,440000.0,https://www.bnb.tn/wp-content/uploads/2023/07/dzdzedzedzed-300x300.jpg
16,0.2833,36.819,10.2358,75.0,2.0,2.0,0.5,0.517,2.0,43985.0,0.3168,1,1,0,0,1,1,0,0,0,0,0,0,0,0,0,0,0,0,280000.0,https://www.bnb.tn/wp-content/uploads/2023/07/355479234_237112749031336_8040276465708868509_n-300x300.jpg
4,0.24,36.819,10.2358,115.0,3.0,2.0,0.5,0.517,2.0,43985.0,0.3168,1,1,0,0,1,0,0,0,0,0,0,0,0,0,0,0,0,0,85000.0,https://www.bnb.tn/wp-content/uploads/2023/07/335572019_1631519883942976_7253682670061706487_n-Copie-300x300.jpg
23,0.4133,36.819,10.2358,115.0,3.0,2.0,0.5,0.517,2.0,43985.0,0.3168,1,1,0,0,1,0,0,0,1,0,0,0,0,0,0,0,0,0,360000.0,https://www.bnb.tn/wp-content/uploads/2023/07/WhatsApp-Image-2023-07-20-a-15.15.32-300x300.jpg
16,0.348,36.819,10.2358,56.0,1.0,2.0,0.5,0.517,2.0,43985.0,0.3168,1,1,0,0,1,1,0,0,1,0,0,0,0,0,0,0,0,0,170000.0,https://www.bnb.tn/wp-content/uploads/2023/07/5-2-300x300.jpeg
16,0.2833,36.819,10.2358,60.0,3.0,2.0,0.5,0.517,2.0,43985.0,0.3168,1,1,0,0,0,0,0,0,0,0,0,0,0,0,0,0,0,0,200000.0,https://www.bnb.tn/wp-content/uploads/2023/07/thumb_625775_property_xlarge-300x300.jpeg
16,0.348,36.819,10.2358,128.0,2.0,2.0,0.5,0.517,2.0,43985.0,0.3168,1,1,0,1,0,0,1,0,1,0,0,0,0,0,0,0,0,0,385000.0,https://www.bnb.tn/wp-content/uploads/2023/06/1-10-300x300.jpeg
4,0.24,36.819,10.2358,80.0,3.0,2.0,0.5,0.517,2.0,43985.0,0.3168,1,1,0,0,1,0,0,0,0,0,0,0,0,0,0,0,0,0,150000.0,https://www.bnb.tn/wp-content/uploads/2023/06/thumb_612632_property_xlarge-300x300.jpeg
16,0.2833,36.819,10.2358,130.0,3.0,2.0,0.5,0.517,2.0,43985.0,0.3168,1,1,1,0,0,0,0,0,1,0,0,0,0,0,0,0,0,0,370000.0,https://www.bnb.tn/wp-content/uploads/2023/06/1-34-300x300.jpg
16,0.32,36.819,10.2358,70.0,3.0,2.0,0.5,0.517,2.0,43985.0,0.3168,1,1,0,0,0,0,0,0,0,0,0,0,0,0,0,0,0,0,140000.0,https://www.bnb.tn/wp-content/uploads/2023/06/1-30-300x300.jpg
16,0.2833,36.819,10.2358,91.0,2.0,2.0,0.5,0.517,2.0,43985.0,0.3168,1,1,1,0,1,0,0,0,1,0,0,0,0,0,0,0,0,0,270000.0,https://www.bnb.tn/wp-content/uploads/2023/06/1-6-300x300.jpeg
20,0.22,36.819,10.2358,162.0,2.0,2.0,0.5,0.517,2.0,43985.0,0.3168,1,1,0,0,1,0,0,0,0,0,0,0,0,0,0,0,1,0,580000.0,https://www.bnb.tn/wp-content/uploads/2023/06/IMG_4311-300x300.jpg
20,0.22,35.8245,10.6346,117.0,2.0,2.0,0.5,0.3807,2.0,150620.48,0.4519,1,1,0,0,1,0,0,0,0,0,0,0,0,0,0,0,1,0,315000.0,https://www.bnb.tn/wp-content/uploads/2023/06/IMG_5631-300x300.jpg
20,0.22,36.819,10.2358,115.0,2.0,2.0,0.5,0.517,2.0,43985.0,0.3168,1,1,0,0,1,0,0,0,1,0,0,0,0,0,0,0,1,0,215000.0,https://www.bnb.tn/wp-content/uploads/2023/06/WhatsApp-Image-2023-05-31-at-11.43.00-5-300x300.jpg
20,0.22,36.819,10.2358,118.0,2.0,2.0,0.5,0.517,2.0,43985.0,0.3168,1,1,0,0,1,0,0,0,0,0,0,0,0,0,0,0,0,0,350000.0,https://www.bnb.tn/wp-content/uploads/2023/06/WhatsApp-Image-2023-06-08-at-16.52.45-2-300x300.jpg
1,0.368,36.819,10.2358,100.0,2.0,2.0,0.5,0.517,2.0,43985.0,0.3168,1,1,0,0,0,0,0,0,0,0,0,0,0,0,0,0,0,0,340000.0,https://www.bnb.tn/wp-content/uploads/2023/06/a0e60ec7-1b82-4220-b096-fbc88523d754-1-300x300.jpg
23,0.4,36.819,10.2358,115.0,3.0,2.0,0.5,0.517,2.0,43985.0,0.3168,1,1,0,0,0,0,0,0,1,0,0,1,0,0,0,0,0,0,680000.0,https://www.bnb.tn/wp-content/uploads/2023/06/PHOTO-2022-01-18-18-04-09-300x300.jpeg
23,0.7467,36.819,10.2358,90.0,2.0,2.0,0.5,0.517,2.0,43985.0,0.3168,1,1,0,0,0,0,0,0,1,0,0,0,0,0,0,1,0,0,385000.0,https://www.bnb.tn/wp-content/uploads/2023/06/5-2-300x300.jpg
16,0.348,36.819,10.2358,261.0,2.0,2.0,0.5,0.517,2.0,43985.0,0.3168,1,1,0,0,0,0,0,0,1,0,0,0,0,0,0,1,1,0,514000.0,https://www.bnb.tn/wp-content/uploads/2023/06/thumb_319320_property_xlarge-300x300.jpeg
23,0.4133,36.819,10.2358,115.0,3.0,2.0,0.5,0.517,2.0,43985.0,0.3168,1,1,0,0,0,0,0,0,1,0,0,0,0,0,0,0,0,0,550000.0,https://www.bnb.tn/wp-content/uploads/2023/06/WhatsApp-Image-2023-04-07-a-12.40.26-300x300.png
16,0.2833,36.819,10.2358,170.0,2.0,2.0,0.5,0.517,2.0,43985.0,0.3168,1,1,0,0,1,0,0,0,1,0,0,0,0,0,0,0,0,0,410000.0,https://www.bnb.tn/wp-content/uploads/2023/06/thumb_558394_property_xlarge-300x300.jpeg
23,0.4133,36.819,10.2358,40.0,0.0,2.0,0.5,0.517,2.0,43985.0,0.3168,1,1,0,1,0,0,0,0,1,0,0,0,0,0,0,0,0,0,180000.0,https://www.bnb.tn/wp-content/uploads/2023/06/f932439c-5b0b-48f0-a275-05039ebb96e6-300x300.jpg
4,0.24,36.819,10.2358,115.0,3.0,2.0,0.5,0.517,2.0,43985.0,0.3168,1,1,0,0,1,0,1,0,0,0,0,0,0,0,0,0,1,0,450000.0,https://www.bnb.tn/wp-content/uploads/2023/05/37286955_10214364913430091_7795891595345133568_n-300x300.jpg
20,0.22,36.819,10.2358,97.0,2.0,2.0,0.5,0.517,2.0,43985.0,0.3168,1,1,1,0,0,0,0,0,1,0,0,0,0,0,0,0,1,0,215000.0,https://www.bnb.tn/wp-content/uploads/2023/05/WhatsApp-Image-2023-05-31-at-11.43.00-5-300x300.jpg
16,0.2833,36.819,10.2358,108.0,2.0,2.0,0.5,0.517,2.0,43985.0,0.3168,1,1,0,0,1,0,0,0,1,0,0,0,0,0,0,0,0,0,320000.0,https://www.bnb.tn/wp-content/uploads/2023/05/thumb_606184_property_xlarge-300x300.jpeg
16,0.2833,36.819,10.2358,98.0,2.0,2.0,0.5,0.517,2.0,43985.0,0.3168,1,1,1,0,0,1,0,0,1,0,0,0,0,0,0,0,0,0,284000.0,https://www.bnb.tn/wp-content/uploads/2023/05/2-1-1-300x300.jpg
16,0.2833,36.819,10.2358,55.0,1.0,2.0,0.5,0.517,2.0,43985.0,0.3168,1,1,0,0,0,1,0,0,1,0,0,0,0,0,0,0,1,0,145000.0,https://www.bnb.tn/wp-content/uploads/2023/08/1-5-300x300.jpeg
20,0.2173,36.819,10.2358,74.0,1.0,2.0,0.5,0.517,2.0,43985.0,0.3168,1,1,0,0,1,0,0,0,0,0,0,0,0,0,0,0,1,0,299000.0,https://www.bnb.tn/wp-content/uploads/2023/05/IMG_7024-300x300.jpg
16,0.2833,36.819,10.2358,77.0,1.0,2.0,0.5,0.517,2.0,43985.0,0.3168,1,1,1,0,0,1,0,0,1,0,0,0,0,0,0,0,0,0,231000.0,https://www.bnb.tn/wp-content/uploads/2023/05/1-45-300x300.jpg
23,0.1733,36.819,10.2358,130.0,2.0,2.0,0.5,0.517,2.0,43985.0,0.3168,1,1,0,0,0,0,0,0,0,0,0,0,0,0,0,0,0,0,420000.0,https://www.bnb.tn/wp-content/uploads/2023/05/2a96144e-9233-492b-8ae7-03676cae99ee-2-300x300.jpg
23,0.4133,36.819,10.2358,83.0,1.0,2.0,0.5,0.517,2.0,43985.0,0.3168,1,1,0,0,0,0,0,0,0,0,0,0,0,0,0,0,0,0,375000.0,https://www.bnb.tn/wp-content/uploads/2023/05/telechargement-1-300x300.jpeg
1,0.368,36.819,10.2358,170.0,3.0,2.0,0.5,0.517,2.0,43985.0,0.3168,1,1,0,0,0,0,0,0,0,0,0,0,0,0,0,0,0,0,400000.0,https://www.bnb.tn/wp-content/uploads/2023/05/IMG_20191126_111559-300x300.jpg
23,0.4133,36.819,10.2358,200.0,2.0,2.0,0.5,0.517,2.0,43985.0,0.3168,1,1,0,0,0,0,0,0,1,0,0,0,0,0,0,0,0,0,500000.0,https://www.bnb.tn/wp-content/uploads/2023/05/WhatsApp-Image-2023-03-22-at-17.35.26-1-300x300.jpg
23,0.4,36.819,10.2358,130.0,2.0,2.0,0.5,0.517,2.0,43985.0,0.3168,1,1,0,0,0,0,0,0,1,0,0,0,0,0,0,0,0,0,270000.0,https://www.bnb.tn/wp-content/uploads/2023/05/WhatsApp-Image-2023-03-21-at-12.14.22-1-300x300.jpg
23,0.1733,36.819,10.2358,65.0,1.0,2.0,0.5,0.517,2.0,43985.0,0.3168,1,1,0,0,0,0,0,0,1,0,0,0,0,0,0,0,0,0,105000.0,https://www.bnb.tn/wp-content/uploads/2023/05/67fde28e-e430-4c52-af4f-6817cdc81021-300x300.png
1,0.368,36.819,10.2358,52.0,1.0,2.0,0.5,0.517,2.0,43985.0,0.3168,1,1,0,0,1,0,0,0,1,0,0,0,0,0,0,0,0,0,210000.0,https://www.bnb.tn/wp-content/uploads/2023/05/WhatsApp-Image-2023-05-04-at-17.38.39-300x300.png
23,0.4,36.819,10.2358,186.0,3.0,2.0,0.5,0.517,2.0,43985.0,0.3168,1,1,0,0,0,0,0,0,0,0,0,0,0,0,0,0,0,0,850000.0,https://www.bnb.tn/wp-content/uploads/2023/05/WhatsApp-Image-2023-04-05-a-12.16.03k-300x300.jpg
23,0.7467,36.819,10.2358,136.0,2.0,2.0,0.5,0.517,2.0,43985.0,0.3168,1,1,0,0,0,0,0,0,0,0,0,0,0,0,0,1,0,0,550000.0,https://www.bnb.tn/wp-content/uploads/2023/05/IMG_4804-300x300.jpeg
23,0.7067,36.819,10.2358,165.0,3.0,2.0,0.5,0.517,2.0,43985.0,0.3168,1,1,0,0,0,0,0,0,1,0,0,0,0,0,0,0,0,0,449999.0,https://www.bnb.tn/wp-content/uploads/2023/05/ssds_8-300x300.png
16,0.32,36.819,10.2358,80.0,1.0,2.0,0.5,0.517,2.0,43985.0,0.3168,1,1,0,0,0,0,0,0,1,0,0,0,0,0,0,0,0,0,220000.0,https://www.bnb.tn/wp-content/uploads/2023/05/1-11-300x300.jpg
20,0.2173,36.819,10.2358,112.0,3.0,2.0,0.5,0.517,2.0,43985.0,0.3168,1,1,0,0,0,0,0,0,0,0,0,0,0,0,0,0,0,0,695000.0,https://www.bnb.tn/wp-content/uploads/2023/05/thumb_590445_property_xlarge-300x300.jpeg
1,0.368,36.819,10.2358,170.0,3.0,2.0,0.5,0.517,2.0,43985.0,0.3168,1,1,0,0,1,0,0,0,1,0,0,0,0,0,0,0,0,0,499998.0,https://www.bnb.tn/wp-content/uploads/2023/05/a28df017-5405-4e09-bc6f-e316695a9967-300x300.jpg
23,0.7467,36.819,10.2358,100.0,1.0,2.0,0.5,0.517,2.0,43985.0,0.3168,1,1,0,0,0,0,0,0,1,0,0,0,0,0,0,1,0,0,310000.0,https://www.bnb.tn/wp-content/uploads/2023/05/WhatsApp-Image-2023-03-01-at-17.36.25-1-300x300.jpeg
23,0.5067,36.819,10.2358,100.0,2.0,2.0,0.5,0.517,2.0,43985.0,0.3168,1,1,0,0,0,0,0,0,0,0,0,0,0,0,0,1,0,0,420000.0,https://www.bnb.tn/wp-content/uploads/2023/05/WhatsApp-Image-2022-11-18-at-15.11.51-6-300x300.jpeg
23,0.5733,36.819,10.2358,160.0,2.0,2.0,0.5,0.517,2.0,43985.0,0.3168,1,1,0,0,0,0,0,0,0,0,0,0,0,0,0,1,0,0,378000.0,https://www.bnb.tn/wp-content/uploads/2023/05/108100146_768349150579183_2636637076482731697_n-300x300.jpg
23,0.7467,36.819,10.2358,156.0,2.0,2.0,0.5,0.517,2.0,43985.0,0.3168,1,1,0,0,0,0,0,0,1,0,0,0,0,0,0,1,0,0,680000.0,https://www.bnb.tn/wp-content/uploads/2023/05/WhatsApp-Image-2023-04-27-a-16.32.10jj-300x300.jpg
23,0.7467,36.819,10.2358,158.0,3.0,2.0,0.5,0.517,2.0,43985.0,0.3168,1,1,0,0,1,0,0,0,0,0,0,0,0,0,0,1,1,0,560000.0,https://www.bnb.tn/wp-content/uploads/2023/05/f784083cec22ada240306370c0db6b84-300x300.jpg
16,0.32,36.819,10.2358,137.0,3.0,4.0,0.5,0.517,2.0,43985.0,0.3168,1,1,0,0,1,0,0,0,0,0,0,0,0,0,0,0,0,0,450000.0,https://www.bnb.tn/wp-content/uploads/2023/05/thumb_578568_property_xlarge-300x300.jpeg
20,0.22,36.819,10.2358,105.0,3.0,2.0,0.5,0.517,2.0,43985.0,0.3168,1,1,0,0,0,0,0,0,0,0,0,0,0,0,0,0,1,0,125000.0,https://www.bnb.tn/wp-content/uploads/2023/04/IMG_4598-300x300.jpg
20,0.2173,36.819,10.2358,130.0,3.0,3.0,0.5,0.517,2.0,43985.0,0.3168,1,1,1,0,0,0,0,0,0,0,0,0,0,0,0,0,0,0,330000.0,https://www.bnb.tn/wp-content/uploads/2023/04/Screenshot_20230424_230258_Gallery-300x300.jpg
20,0.1267,36.819,10.2358,115.0,3.0,2.0,0.5,0.517,2.0,43985.0,0.3168,1,1,0,0,0,0,0,0,0,0,0,0,0,0,0,0,0,0,390000.0,https://www.bnb.tn/wp-content/uploads/2022/09/IMG_1329-300x300.jpg
4,0.24,36.819,10.2358,140.0,3.0,2.0,0.5,0.517,2.0,43985.0,0.3168,1,1,0,0,0,0,0,0,0,0,0,0,0,0,0,0,0,0,340000.0,https://www.bnb.tn/wp-content/uploads/2023/04/307983458_5607651162613919_7377738433875978965_n-300x300.jpg
4,0.24,36.819,10.2358,80.0,3.0,2.0,0.5,0.517,2.0,43985.0,0.3168,1,1,0,0,1,0,0,0,0,0,0,0,0,0,0,0,0,0,230000.0,https://www.bnb.tn/wp-content/uploads/2023/04/thumb_582024_property_xlarge-300x300.jpeg
20,0.2173,35.8245,10.6346,100.0,2.0,2.0,0.5,0.552,2.0,150620.48,0.4038,1,1,1,0,0,0,0,0,1,0,0,0,0,0,0,0,1,0,340000.0,https://www.bnb.tn/wp-content/uploads/2023/02/IMG_3777-300x300.jpg
4,0.24,36.819,10.2358,501.0,3.0,2.0,0.5,0.517,2.0,43985.0,0.3168,1,1,0,0,0,0,1,0,0,0,0,0,0,0,0,1,1,0,950000.0,https://www.bnb.tn/wp-content/uploads/2023/04/21032469_1308840782546546_4900552570880459284_n-300x300.jpg
20,0.3067,36.819,10.2358,75.0,3.0,2.0,0.5,0.517,2.0,43985.0,0.3168,1,1,0,0,1,0,0,0,0,0,0,0,0,0,0,0,1,0,199000.0,https://www.bnb.tn/wp-content/uploads/2023/03/IMG_4954-300x300.jpg
20,0.22,36.819,10.2358,65.0,2.0,2.0,0.5,0.517,2.0,43985.0,0.3168,1,1,0,0,0,0,0,0,0,0,0,0,0,0,0,0,1,0,230000.0,https://www.bnb.tn/wp-content/uploads/2023/03/eduness-300x300.jpg
4,0.24,36.819,10.2358,73.0,3.0,2.0,0.5,0.517,2.0,43985.0,0.3168,1,1,0,0,0,0,0,0,0,0,0,0,0,0,0,0,0,0,110000.0,https://www.bnb.tn/wp-content/uploads/2023/04/thumb_449714_property_xlarge-1-300x300.jpeg
12,0.1733,36.819,10.2358,119.0,3.0,2.0,0.5,0.517,2.0,43985.0,0.3168,1,1,1,0,0,0,0,0,1,0,0,0,0,0,0,0,0,0,238000.0,https://www.bnb.tn/wp-content/uploads/2023/04/DSC_2881-Copier-300x300.jpg
20,0.3067,36.819,10.2358,88.0,3.0,2.0,0.5,0.517,2.0,43985.0,0.3168,1,1,0,0,0,0,0,0,1,0,0,0,0,0,0,0,0,0,189000.0,https://www.bnb.tn/wp-content/uploads/2023/03/IMG_8849-300x300.jpg
20,0.3067,36.819,10.2358,100.0,2.0,2.0,0.5,0.517,2.0,43985.0,0.3168,1,1,1,0,0,0,0,0,0,0,0,0,0,0,0,0,1,0,285003.0,https://www.bnb.tn/wp-content/uploads/2023/03/IMG_4969-300x300.jpg
16,0.348,36.819,10.2358,131.0,3.0,2.0,0.5,0.517,2.0,43985.0,0.3168,1,1,0,0,0,0,0,0,1,0,0,0,0,0,0,0,0,0,310000.0,https://www.bnb.tn/wp-content/uploads/2023/03/2-54-300x300.jpg
4,0.24,36.819,10.2358,115.0,3.0,2.0,0.5,0.517,2.0,43985.0,0.3168,1,1,0,0,1,0,1,0,0,0,0,0,0,0,0,0,0,0,240000.0,https://www.bnb.tn/wp-content/uploads/2023/03/thumb_466991_property_xlarge-300x300.jpeg
14,0.0533,36.819,10.2358,115.0,3.0,2.0,0.5,0.517,2.0,43985.0,0.3168,1,1,0,0,0,0,0,0,0,0,0,0,0,0,0,0,0,0,120000.0,https://www.bnb.tn/wp-content/uploads/2023/03/IMG-20230321-WA0002-300x300.jpg
4,0.24,36.819,10.2358,112.0,3.0,2.0,0.5,0.517,2.0,43985.0,0.3168,1,1,0,0,1,0,0,0,0,0,0,0,0,0,0,0,0,0,160000.0,https://www.bnb.tn/wp-content/uploads/2023/03/thumb_569773_property_xlarge-300x300.jpeg
20,0.22,36.819,10.2358,42.0,3.0,2.0,0.5,0.517,2.0,43985.0,0.3168,1,1,0,1,0,0,0,0,0,0,0,0,0,0,0,0,1,0,185000.0,https://www.bnb.tn/wp-content/uploads/2023/03/eduness-1-300x300.jpg
16,0.32,36.819,10.2358,191.0,3.0,2.0,0.5,0.517,2.0,43985.0,0.3168,1,1,0,0,1,0,0,0,0,0,0,0,0,0,0,0,0,0,330000.0,https://www.bnb.tn/wp-content/uploads/2023/03/3e99b38b-9016-4453-bc6a-4256af40ebc1-300x300.jpg
20,0.22,36.819,10.2358,220.0,3.0,2.0,0.5,0.517,2.0,43985.0,0.3168,1,1,0,0,0,0,0,0,0,0,0,0,0,0,0,0,0,0,330000.0,https://www.bnb.tn/wp-content/uploads/2023/03/01-3-300x300.jpg
4,0.24,36.819,10.2358,115.0,3.0,2.0,0.5,0.517,2.0,43985.0,0.3168,1,1,0,0,0,0,0,0,0,0,0,0,0,0,0,0,0,0,180000.0,https://www.bnb.tn/wp-content/uploads/2023/03/thumb_548537_property_big-300x300.jpg
20,0.22,36.819,10.2358,164.0,3.0,2.0,0.5,0.517,2.0,43985.0,0.3168,1,1,0,0,1,0,0,0,0,0,0,0,0,0,0,0,1,0,580000.0,https://www.bnb.tn/wp-content/uploads/2023/03/IMG_4311-300x300.jpg
23,0.7467,36.819,10.2358,165.0,3.0,2.0,0.5,0.517,2.0,43985.0,0.3168,1,1,0,0,0,0,0,0,1,0,0,0,0,0,0,1,0,0,825000.0,https://www.bnb.tn/wp-content/uploads/2023/02/WhatsApp-Image-2023-02-06-at-11.37.37-300x300.jpg
20,0.3067,36.819,10.2358,97.0,2.0,2.0,0.5,0.517,2.0,43985.0,0.3168,1,1,1,1,0,0,0,0,0,0,0,1,0,0,0,0,0,0,260000.0,https://www.bnb.tn/wp-content/uploads/2023/02/321291043_544089864275692_9141712161802752142_n-300x300.jpg
23,0.1733,36.819,10.2358,200.0,3.0,2.0,0.5,0.517,2.0,43985.0,0.3168,1,1,0,0,0,0,0,0,0,0,0,0,0,0,0,1,1,0,620000.0,https://www.bnb.tn/wp-content/uploads/2023/02/332594094_605498631575161_5588761775780656986_n-300x300.jpg
20,0.22,36.819,10.2358,88.0,2.0,2.0,0.5,0.517,2.0,43985.0,0.3168,1,1,0,0,0,1,0,0,0,0,0,0,0,0,0,0,1,0,340000.0,https://www.bnb.tn/wp-content/uploads/2023/02/IMG_4068-300x300.jpg
23,0.5067,36.819,10.2358,115.0,3.0,2.0,0.5,0.517,2.0,43985.0,0.3168,1,1,0,0,0,0,0,0,0,0,0,0,0,0,0,1,0,0,550000.0,https://www.bnb.tn/wp-content/uploads/2023/02/zav1114-2-10-1-300x300.jpg
20,0.22,36.819,10.2358,100.0,2.0,2.0,0.5,0.517,2.0,43985.0,0.3168,1,1,0,0,0,0,0,0,0,0,0,0,0,0,0,0,0,0,105000.0,https://www.bnb.tn/wp-content/uploads/2023/02/37191532_235098973974822_1306554877081550848_n-300x300.jpg
20,0.22,36.819,10.2358,100.0,2.0,2.0,0.5,0.517,2.0,43985.0,0.3168,1,1,1,0,0,0,0,0,1,0,0,0,0,0,0,0,0,0,270000.0,https://www.bnb.tn/wp-content/uploads/2022/12/IMG_2816-300x300.jpg
20,0.22,36.819,10.2358,109.0,2.0,2.0,0.5,0.517,2.0,43985.0,0.3168,1,1,0,0,0,0,0,0,1,0,0,0,0,0,0,0,0,0,290000.0,https://www.bnb.tn/wp-content/uploads/2023/01/IMG_3483-300x300.jpg
20,0.22,36.819,10.2358,62.0,1.0,2.0,0.5,0.517,2.0,43985.0,0.3168,1,1,0,0,0,0,0,0,0,0,0,0,0,0,0,0,0,0,85000.0,https://www.bnb.tn/wp-content/uploads/2023/02/IMG_3911-300x300.jpg
23,0.32,36.819,10.2358,230.0,4.0,2.0,0.5,0.517,2.0,43985.0,0.3168,1,1,1,0,0,0,0,0,1,0,0,0,0,0,0,0,0,0,480000.0,https://www.bnb.tn/wp-content/uploads/2023/02/V21-002-20-1170x738-1-300x300.jpg
16,0.32,36.819,10.2358,70.0,3.0,2.0,0.5,0.517,2.0,43985.0,0.3168,1,1,0,0,1,0,0,0,0,0,0,0,0,0,0,0,0,0,380000.0,https://www.bnb.tn/wp-content/uploads/2023/02/328286942_1381646245943512_3618841105270467583_n-300x300.jpg
20,0.1267,36.819,10.2358,115.0,3.0,2.0,0.5,0.517,2.0,43985.0,0.3168,1,1,0,0,0,0,0,0,0,0,0,0,0,0,0,0,0,0,390000.0,https://www.bnb.tn/wp-content/uploads/2022/09/IMG_1331-300x300.jpg
3,0.2227,36.819,10.2358,115.0,3.0,2.0,0.5,0.517,2.0,43985.0,0.3168,1,1,0,0,0,0,0,0,0,0,0,0,0,0,0,0,1,0,220000.0,https://www.bnb.tn/wp-content/uploads/2023/02/6-28-300x300.jpg
16,0.2833,36.819,10.2358,75.0,2.0,2.0,0.5,0.517,2.0,43985.0,0.3168,1,1,0,1,0,0,0,0,0,0,0,0,0,0,0,0,0,0,150000.0,https://www.bnb.tn/wp-content/uploads/2023/02/thumb_516060_property_xlarge-300x300.jpeg
16,0.2833,36.819,10.2358,94.0,2.0,2.0,0.5,0.517,2.0,43985.0,0.3168,1,1,0,0,1,0,0,0,0,0,0,0,0,0,0,0,0,0,182000.0,https://www.bnb.tn/wp-content/uploads/2023/02/1-23-300x300.jpg
3,0.1133,36.819,10.2358,127.0,2.0,2.0,0.5,0.517,2.0,43985.0,0.3168,1,1,0,0,1,0,0,0,1,0,0,0,0,0,0,0,1,0,220000.0,https://www.bnb.tn/wp-content/uploads/2023/02/FB_IMG_1675437177908-300x300.jpg
16,0.2833,36.819,10.2358,115.0,2.0,2.0,0.5,0.517,2.0,43985.0,0.3168,1,1,0,0,1,0,0,0,0,0,0,0,0,0,0,0,0,0,180000.0,https://www.bnb.tn/wp-content/uploads/2023/02/289772349_1222233271920359_6525380247779991377_n-300x300.jpg
16,0.2833,36.819,10.2358,115.0,2.0,2.0,0.5,0.517,2.0,43985.0,0.3168,1,1,0,0,1,0,0,0,0,0,0,0,0,0,0,0,0,0,180000.0,https://www.bnb.tn/wp-content/uploads/2023/02/307637781_1250341602193619_1263702599123740855_n-300x300.jpg
3,0.2227,36.819,10.2358,115.0,3.0,2.0,0.5,0.517,2.0,43985.0,0.3168,1,1,0,0,0,0,0,0,0,0,0,0,0,0,0,0,0,0,320000.0,https://www.bnb.tn/wp-content/uploads/2023/02/1-2-2-300x300.jpg
16,0.2833,36.819,10.2358,115.0,2.0,2.0,0.5,0.517,2.0,43985.0,0.3168,1,1,0,0,0,0,0,0,0,0,0,0,0,0,0,0,0,0,180000.0,https://www.bnb.tn/wp-content/uploads/2023/02/11-5-300x300.jpg
16,0.13,36.819,10.2358,115.0,2.0,2.0,0.5,0.517,2.0,43985.0,0.3168,1,1,0,0,0,0,0,0,0,0,0,0,0,0,0,0,1,0,150000.0,https://www.bnb.tn/wp-content/uploads/2023/02/10-300x300.jpg
3,0.2227,36.819,10.2358,115.0,2.0,2.0,0.5,0.517,2.0,43985.0,0.3168,1,1,0,0,0,0,0,0,0,0,0,0,0,0,0,0,1,0,145000.0,https://www.bnb.tn/wp-content/uploads/2023/02/64836909_191047298573629_3056190348628852736_n-300x300.jpg
16,0.2833,36.819,10.2358,115.0,2.0,2.0,0.5,0.517,2.0,43985.0,0.3168,1,1,0,0,0,0,0,0,0,0,0,0,0,0,0,0,0,0,180000.0,https://www.bnb.tn/wp-content/uploads/2023/02/69294886_201569267521432_7511494846872289280_n-300x300.jpg
3,0.2227,36.819,10.2358,115.0,2.0,2.0,0.5,0.517,2.0,43985.0,0.3168,1,1,0,0,0,0,0,0,0,0,0,0,0,0,0,0,0,0,250000.0,https://www.bnb.tn/wp-content/uploads/2023/02/2-300x300.jpg
20,0.1333,35.8245,10.6346,65.0,3.0,1.0,0.5,0.517,2.0,150620.48,0.3541,1,1,0,0,0,1,0,0,0,0,0,0,0,0,0,0,1,0,200000.0,https://www.bnb.tn/wp-content/uploads/2022/01/2-58.jpg
16,0.32,36.819,10.2358,120.0,3.0,2.0,0.5,0.517,2.0,43985.0,0.3168,1,1,0,0,0,0,0,0,1,0,0,0,0,0,0,0,0,0,288000.0,https://www.bnb.tn/wp-content/uploads/2023/01/1-81-300x300.jpg
16,0.32,36.819,10.2358,115.0,3.0,2.0,0.5,0.517,2.0,43985.0,0.3168,1,1,0,0,0,0,0,0,1,0,0,0,0,0,0,0,0,0,275000.0,https://www.bnb.tn/wp-content/uploads/2023/01/1-79-300x300.jpg
20,0.3067,36.819,10.2358,100.0,2.0,2.0,0.5,0.517,2.0,43985.0,0.3168,1,1,0,0,0,0,0,0,1,0,0,0,0,0,0,0,0,0,199000.0,https://www.bnb.tn/wp-content/uploads/2023/01/IMG_8549-300x300.jpg
20,0.3067,36.819,10.2358,150.0,3.0,2.0,0.5,0.517,2.0,43985.0,0.3168,1,1,0,1,0,0,0,0,0,0,0,0,0,0,0,0,0,0,390000.0,https://www.bnb.tn/wp-content/uploads/2023/01/IMG_1827-300x300.jpg
16,0.2833,36.819,10.2358,115.0,3.0,2.0,0.5,0.517,2.0,43985.0,0.3168,1,1,0,0,0,0,0,0,0,0,0,0,0,0,0,0,1,0,120000.0,https://www.bnb.tn/wp-content/uploads/2023/01/2-42-300x300.jpg
4,0.24,36.819,10.2358,100.0,3.0,2.0,0.5,0.517,2.0,43985.0,0.3168,1,1,0,0,1,0,1,0,0,0,0,0,0,0,0,0,0,0,195000.0,https://www.bnb.tn/wp-content/uploads/2023/01/IMG_20230102_155803-300x300.jpg
23,0.1733,36.819,10.2358,149.0,3.0,2.0,0.5,0.517,2.0,43985.0,0.3168,1,1,0,0,0,0,0,0,1,0,0,0,0,0,0,0,0,0,440000.0,https://www.bnb.tn/wp-content/uploads/2023/01/WhatsApp-Image-2022-10-06-at-16.52.25-2-300x300.jpg
23,0.4133,36.819,10.2358,165.0,3.0,2.0,0.5,0.517,2.0,43985.0,0.3168,1,1,0,0,0,0,0,0,1,0,0,0,0,0,0,0,0,0,500000.0,https://www.bnb.tn/wp-content/uploads/2023/01/e2b32965-df40-4d20-9b6d-a6ae450ebb97-2-300x300.jpg
16,0.2833,36.819,10.2358,159.0,2.0,2.0,0.5,0.517,2.0,43985.0,0.3168,1,1,0,0,0,0,0,0,0,0,0,0,0,0,0,0,0,0,190000.0,https://www.bnb.tn/wp-content/uploads/2023/01/10-1-300x300.jpg
16,0.2833,36.819,10.2358,150.0,2.0,2.0,0.5,0.517,2.0,43985.0,0.3168,1,1,0,0,0,0,0,0,0,0,0,0,0,0,0,0,0,0,300000.0,https://www.bnb.tn/wp-content/uploads/2023/01/1-Copie-2-300x300.jpg
20,0.22,36.819,10.2358,85.0,2.0,2.0,0.5,0.517,2.0,43985.0,0.3168,1,1,0,0,0,0,0,0,0,0,0,0,0,0,0,0,1,0,390000.0,https://www.bnb.tn/wp-content/uploads/2022/12/IMG_7096-300x300.jpg
12,0.1733,36.819,10.2358,115.0,1.0,2.0,0.5,0.517,2.0,43985.0,0.3168,1,1,0,0,0,0,1,0,0,0,0,0,0,0,0,0,1,0,165000.0,https://www.bnb.tn/wp-content/uploads/2022/12/s1-zr-jasmin-1-300x300.jpg
20,0.3067,36.819,10.2358,115.0,3.0,2.0,0.5,0.517,2.0,43985.0,0.3168,1,1,0,0,1,0,0,0,0,0,0,0,0,0,0,0,1,0,510000.0,https://www.bnb.tn/wp-content/uploads/2022/12/307312043_472845527913046_744047068810264551_n-300x300.jpg
16,0.2833,36.819,10.2358,154.0,3.0,2.0,0.5,0.517,2.0,43985.0,0.3168,1,1,0,0,1,0,0,0,0,0,0,0,0,0,0,0,0,0,330000.0,https://www.bnb.tn/wp-content/uploads/2022/12/thumb_471991_property_xlarge-300x300.jpeg
20,0.22,36.819,10.2358,72.0,3.0,1.0,0.5,0.517,2.0,43985.0,0.3168,1,1,0,0,0,0,0,0,0,0,0,0,0,0,0,0,0,0,95000.0,https://www.bnb.tn/wp-content/uploads/2022/12/6461262_1-300x300.jpg
16,0.32,36.819,10.2358,191.0,3.0,2.0,0.5,0.517,2.0,43985.0,0.3168,1,1,0,0,1,0,0,0,0,0,0,0,0,0,0,0,0,0,330000.0,https://www.bnb.tn/wp-content/uploads/2022/11/thumb_469142_property_xlarge-300x300.jpeg
16,0.32,36.819,10.2358,190.0,3.0,2.0,0.5,0.517,2.0,43985.0,0.3168,1,1,0,0,1,0,0,0,0,0,0,0,0,0,0,0,0,0,890000.0,https://www.bnb.tn/wp-content/uploads/2022/11/thumb_465168_property_xlarge-300x300.jpeg
23,0.4133,36.819,10.2358,56.0,1.0,2.0,0.5,0.517,2.0,43985.0,0.3168,1,1,0,0,0,0,0,0,1,0,0,0,0,0,0,0,0,0,250000.0,https://www.bnb.tn/wp-content/uploads/2022/11/20220202_170834-300x300.jpeg
23,0.1733,36.819,10.2358,219.0,4.0,2.0,0.5,0.517,2.0,43985.0,0.3168,1,1,0,0,0,0,0,0,1,0,0,0,0,0,0,0,0,0,1090000.0,https://www.bnb.tn/wp-content/uploads/2022/11/IMG_7940-300x300.jpeg
1,0.368,36.819,10.2358,125.0,2.0,2.0,0.5,0.517,2.0,43985.0,0.3168,1,1,0,0,0,0,0,0,1,0,0,0,0,0,0,0,0,0,320000.0,https://www.bnb.tn/wp-content/uploads/2022/11/9da87a60-34c1-499f-ac4d-66321fd9e972-300x300.jpg
16,0.2833,35.8245,10.6346,61.0,3.0,1.0,0.5,0.517,2.0,150620.48,0.3541,1,1,0,0,1,0,0,0,0,0,0,0,0,0,0,0,0,0,190000.0,https://www.bnb.tn/wp-content/uploads/2022/01/2-58.jpg
20,0.22,36.819,10.2358,115.0,3.0,2.0,0.5,0.517,2.0,43985.0,0.3168,1,1,0,0,1,0,0,0,1,0,0,1,0,0,0,0,1,0,285000.0,https://www.bnb.tn/wp-content/uploads/2022/11/50F1CECC-0B47-4D76-8189-961B7529A677-300x300.jpeg
16,0.2833,36.819,10.2358,85.0,3.0,2.0,0.5,0.517,2.0,43985.0,0.3168,1,1,0,0,0,0,0,0,0,0,0,0,0,0,0,0,1,0,185000.0,https://www.bnb.tn/wp-content/uploads/2022/09/Sans-titre-2_Plan-de-travail-1-7-300x300.jpg
20,0.1267,36.819,10.2358,115.0,3.0,2.0,0.5,0.517,2.0,43985.0,0.3168,1,1,1,0,0,0,0,0,1,0,0,0,0,0,0,0,1,0,190000.0,https://www.bnb.tn/wp-content/uploads/2022/11/WhatsApp-Image-2022-05-26-at-18.10.08-300x300.jpg
20,0.2173,36.819,10.2358,115.0,1.0,2.0,0.5,0.517,2.0,43985.0,0.3168,1,1,0,0,1,0,0,0,0,0,0,0,0,0,0,0,1,0,270000.0,https://www.bnb.tn/wp-content/uploads/2022/10/IMG_6482-300x300.jpg
23,0.1733,36.819,10.2358,109.0,2.0,2.0,0.5,0.517,2.0,43985.0,0.3168,1,1,0,0,0,0,0,0,1,0,0,0,0,0,0,0,0,0,400000.0,https://www.bnb.tn/wp-content/uploads/2022/10/398b191b-4f11-4414-aeed-44e9fbc9c002-300x300.jpg
16,0.32,36.819,10.2358,115.0,3.0,2.0,0.5,0.517,2.0,43985.0,0.3168,1,1,0,0,0,0,0,1,0,0,0,0,0,0,0,0,0,0,270000.0,https://www.bnb.tn/wp-content/uploads/2022/10/1-85-300x300.jpg
16,0.32,36.819,10.2358,65.0,3.0,2.0,0.5,0.517,2.0,43985.0,0.3168,1,1,0,0,0,0,0,0,0,0,0,0,0,0,0,0,0,0,225000.0,https://www.bnb.tn/wp-content/uploads/2022/10/thumb_455410_property_xlarge-300x300.jpeg
20,0.22,36.819,10.2358,115.0,3.0,2.0,0.5,0.517,2.0,43985.0,0.3168,1,1,1,0,0,0,0,0,1,0,0,0,0,0,0,0,0,0,380000.0,https://www.bnb.tn/wp-content/uploads/2022/10/272141200_5102397679778748_7117991469842666121_n-300x300.jpg
16,0.32,36.819,10.2358,87.0,3.0,2.0,0.5,0.517,2.0,43985.0,0.3168,1,1,0,0,0,0,0,0,1,0,0,1,0,0,0,0,0,0,329000.0,https://www.bnb.tn/wp-content/uploads/2022/10/thumb_440897_property_xlarge-300x300.jpeg
20,0.22,36.819,10.2358,105.0,3.0,2.0,0.5,0.517,2.0,43985.0,0.3168,1,1,0,0,0,0,0,0,0,0,0,0,0,0,0,0,0,0,390000.0,https://www.bnb.tn/wp-content/uploads/2021/05/3-10-300x300.jpg
16,0.2833,36.819,10.2358,100.0,3.0,2.0,0.5,0.517,2.0,43985.0,0.3168,1,1,0,0,0,0,0,0,0,0,0,0,0,0,0,0,0,0,140000.0,https://www.bnb.tn/wp-content/uploads/2022/10/IMG_20220818_143848_069-300x300.jpg
23,0.1733,35.8245,10.6346,127.0,2.0,2.0,0.5,0.517,2.0,150620.48,0.3541,1,1,0,0,1,0,0,0,0,0,0,0,0,0,0,0,0,0,280000.0,https://www.bnb.tn/wp-content/uploads/2022/01/2-58.jpg
16,0.2833,36.819,10.2358,100.0,3.0,4.0,0.5,0.517,2.0,43985.0,0.3168,1,1,0,0,1,0,0,0,0,0,0,0,0,0,0,0,0,0,150000.0,https://www.bnb.tn/wp-content/uploads/2022/10/7-2-300x300.jpg
16,0.2833,36.819,10.2358,152.0,3.0,2.0,0.5,0.517,2.0,43985.0,0.3168,1,1,1,0,1,0,0,0,1,0,0,0,0,0,0,0,1,0,370000.0,https://www.bnb.tn/wp-content/uploads/2022/09/1-70-300x300.jpg
16,0.2833,36.819,10.2358,123.0,2.0,2.0,0.5,0.517,2.0,43985.0,0.3168,1,1,1,0,1,0,0,0,1,0,0,0,0,0,0,0,1,0,320000.0,https://www.bnb.tn/wp-content/uploads/2022/09/1-68-300x300.jpg
16,0.348,36.819,10.2358,100.0,2.0,2.0,0.5,0.517,2.0,43985.0,0.3168,1,1,0,0,1,0,0,0,1,0,0,0,0,0,0,0,1,0,270000.0,https://www.bnb.tn/wp-content/uploads/2022/09/1-67-300x300.jpg
20,0.3067,36.819,10.2358,115.0,1.0,2.0,0.5,0.517,2.0,43985.0,0.3168,1,1,0,0,0,0,0,0,0,0,0,0,0,0,0,0,0,0,190000.0,https://www.bnb.tn/wp-content/uploads/2022/09/thumb_397314_property_xlarge-300x300.jpeg
20,0.22,36.819,10.2358,64.0,1.0,2.0,0.5,0.517,2.0,43985.0,0.3168,1,1,0,0,0,0,0,0,0,0,0,0,0,0,0,0,1,0,250000.0,https://www.bnb.tn/wp-content/uploads/2021/05/costa_mer-1-300x300.jpg
23,0.1733,36.819,10.2358,67.0,1.0,2.0,0.5,0.517,2.0,43985.0,0.3168,1,1,0,0,0,0,0,0,1,0,0,0,0,0,0,0,0,0,165000.0,https://www.bnb.tn/wp-content/uploads/2022/08/V22-021-07-1170x738-1-300x300.jpg
20,0.22,36.819,10.2358,115.0,2.0,2.0,0.5,0.517,2.0,43985.0,0.3168,1,1,0,0,0,1,0,0,0,0,0,0,0,0,0,0,1,0,340000.0,https://www.bnb.tn/wp-content/uploads/2022/08/32423104_912918755547011_6092679003666120704_o-300x300.jpg
20,0.22,36.819,10.2358,115.0,1.0,2.0,0.5,0.517,2.0,43985.0,0.3168,1,1,0,0,0,0,0,0,0,0,0,0,0,0,0,0,1,0,310000.0,https://www.bnb.tn/wp-content/uploads/2022/08/thumb_398337_property_xlarge-300x300.jpeg
20,0.3067,36.819,10.2358,115.0,3.0,2.0,0.5,0.517,2.0,43985.0,0.3168,1,1,1,0,0,0,0,0,0,0,0,0,0,0,0,0,0,0,380000.0,https://www.bnb.tn/wp-content/uploads/2022/08/thumb_409041_property_xlarge-300x300.jpeg
20,0.22,36.819,10.2358,115.0,1.0,2.0,0.5,0.517,2.0,43985.0,0.3168,1,1,0,0,0,0,0,0,0,0,0,0,0,0,0,0,1,0,340000.0,https://www.bnb.tn/wp-content/uploads/2022/08/thumb_398338_property_xlarge-300x300.jpeg
20,0.2173,36.819,10.2358,115.0,2.0,2.0,0.5,0.517,2.0,43985.0,0.3168,1,1,0,0,0,0,0,0,0,0,0,1,0,0,0,0,0,0,200000.0,https://www.bnb.tn/wp-content/uploads/2022/07/thumb_409410_property_xlarge-300x300.jpeg
20,0.3067,36.819,10.2358,135.0,3.0,2.0,0.5,0.517,2.0,43985.0,0.3168,1,1,1,0,0,0,0,0,0,0,0,0,0,0,0,0,0,0,350000.0,https://www.bnb.tn/wp-content/uploads/2022/07/IMG_4642-300x300.jpg
20,0.1333,36.819,10.2358,115.0,3.0,2.0,0.5,0.517,2.0,43985.0,0.3168,1,1,1,0,0,0,0,0,1,0,0,0,0,0,0,0,0,0,350000.0,https://www.bnb.tn/wp-content/uploads/2022/06/WhatsApp-Image-2022-06-08-at-13.02.58-1-300x300.jpg
20,0.22,36.819,10.2358,115.0,2.0,2.0,0.5,0.517,2.0,43985.0,0.3168,1,1,0,0,1,0,0,0,0,0,0,0,0,0,0,0,0,0,285000.0,https://www.bnb.tn/wp-content/uploads/2022/06/IMG_6828-1-300x300.jpg
20,0.22,36.819,10.2358,115.0,1.0,2.0,0.5,0.517,2.0,43985.0,0.3168,1,1,0,0,0,1,0,0,0,0,0,0,0,0,0,0,1,0,270000.0,https://www.bnb.tn/wp-content/uploads/2022/06/thumb_398326_property_xlarge-1-300x300.jpeg
16,0.32,36.819,10.2358,173.0,3.0,3.0,0.5,0.517,2.0,43985.0,0.3168,1,1,0,0,0,0,0,0,0,0,0,0,0,0,0,0,0,0,280000.0,https://www.bnb.tn/wp-content/uploads/2022/06/289429882_2069654193236358_7415975873444111504_n-300x300.jpg
20,0.3067,36.819,10.2358,115.0,1.0,2.0,0.5,0.517,2.0,43985.0,0.3168,1,1,0,0,0,0,0,0,0,0,0,0,0,0,0,0,0,0,180000.0,https://www.bnb.tn/wp-content/uploads/2022/06/thumb_397314_property_xlarge-300x300.jpeg
16,0.2833,36.819,10.2358,160.0,3.0,2.0,0.5,0.517,2.0,43985.0,0.3168,1,1,0,0,0,0,0,0,0,0,0,0,0,0,0,0,0,0,610000.0,https://www.bnb.tn/wp-content/uploads/2022/06/Sans-titre-1_Plan-de-travail-1-2-300x300.jpg
20,0.22,36.819,10.2358,62.0,1.0,2.0,0.5,0.517,2.0,43985.0,0.3168,1,1,0,0,0,0,0,0,0,0,0,0,0,0,0,0,1,0,310000.0,https://www.bnb.tn/wp-content/uploads/2022/06/WhatsApp-Image-2022-06-06-at-13.52.39-300x300.jpg
20,0.22,36.819,10.2358,90.0,2.0,2.0,0.5,0.517,2.0,43985.0,0.3168,1,1,0,0,0,1,0,0,0,0,0,0,0,0,0,0,1,0,340000.0,https://www.bnb.tn/wp-content/uploads/2022/06/WhatsApp-Image-2021-04-06-at-15.58.23-300x300.jpg
16,0.32,36.819,10.2358,114.0,3.0,2.0,0.5,0.517,2.0,43985.0,0.3168,1,1,0,0,1,0,0,0,0,0,0,1,0,0,0,0,0,0,370000.0,https://www.bnb.tn/wp-content/uploads/2022/06/thumb_383278_property_xlarge-300x300.jpeg
20,0.22,36.819,10.2358,115.0,3.0,2.0,0.5,0.517,2.0,43985.0,0.3168,1,1,1,0,0,0,0,0,1,0,0,0,0,0,0,0,1,0,350000.0,https://www.bnb.tn/wp-content/uploads/2022/06/viber_image_2020-07-06_11-36-39-300x300.jpg
20,0.22,36.819,10.2358,70.0,2.0,2.0,0.5,0.517,2.0,43985.0,0.3168,1,1,0,0,1,0,0,0,0,0,0,0,0,0,0,0,0,0,250000.0,https://www.bnb.tn/wp-content/uploads/2022/04/IMG_3024-300x300.jpg
20,0.22,36.819,10.2358,115.0,2.0,2.0,0.5,0.517,2.0,43985.0,0.3168,1,1,0,0,1,0,0,0,0,0,0,0,0,0,0,0,1,0,250000.0,https://www.bnb.tn/wp-content/uploads/2022/05/156287640-300x300.jpg
20,0.22,36.819,10.2358,65.0,3.0,2.0,0.5,0.517,2.0,43985.0,0.3168,1,1,0,0,1,0,0,0,0,0,0,0,0,0,0,0,0,0,170000.0,https://www.bnb.tn/wp-content/uploads/2022/05/IMG_9681-1-300x300.jpg
20,0.22,36.819,10.2358,85.0,1.0,2.0,0.5,0.517,2.0,43985.0,0.3168,1,1,1,0,0,0,0,0,0,0,0,0,0,0,0,0,0,0,240000.0,https://www.bnb.tn/wp-content/uploads/2022/05/246EA6BE-B79A-4B66-AC35-D31729B7F606-300x300.jpeg
20,0.22,36.819,10.2358,180.0,3.0,2.0,0.5,0.517,2.0,43985.0,0.3168,1,1,0,0,0,0,0,0,1,0,0,0,0,0,0,0,0,0,280000.0,https://www.bnb.tn/wp-content/uploads/2022/05/NKAE7355-300x300.jpg
20,0.22,36.819,10.2358,30.0,0.0,2.0,0.5,0.517,2.0,43985.0,0.3168,1,1,0,0,0,1,0,0,0,0,0,0,0,0,0,0,0,0,110000.0,https://www.bnb.tn/wp-content/uploads/2022/05/IMG_5991-300x300.jpg
20,0.3067,36.819,10.2358,115.0,2.0,2.0,0.5,0.517,2.0,43985.0,0.3168,1,1,1,0,0,0,0,0,1,0,0,0,0,0,0,0,1,0,235000.0,https://www.bnb.tn/wp-content/uploads/2022/05/IMG_6304-300x300.jpg
20,0.22,36.819,10.2358,120.0,3.0,2.0,0.5,0.517,2.0,43985.0,0.3168,1,1,1,0,0,0,0,0,0,0,0,0,0,0,0,0,0,0,290000.0,https://www.bnb.tn/wp-content/uploads/2022/05/IMG_8972-300x300.jpg
20,0.1267,36.819,10.2358,55.0,3.0,2.0,0.5,0.517,2.0,43985.0,0.3168,1,1,0,0,0,0,0,0,1,0,0,0,0,0,0,0,1,0,112000.0,https://www.bnb.tn/wp-content/uploads/2022/04/IMG_8760-300x300.jpg
20,0.2173,36.819,10.2358,100.0,2.0,2.0,0.5,0.517,2.0,43985.0,0.3168,1,1,0,0,0,0,0,0,1,0,0,0,0,0,0,0,0,0,185000.0,https://www.bnb.tn/wp-content/uploads/2022/03/IMG_2225-300x300.jpg
20,0.22,36.819,10.2358,75.0,1.0,2.0,0.5,0.517,2.0,43985.0,0.3168,1,1,1,1,0,0,0,0,0,0,0,0,0,0,0,0,0,0,200000.0,https://www.bnb.tn/wp-content/uploads/2022/03/WhatsApp-Image-2022-03-03-at-13.34.53-1-300x300.jpg
16,0.348,36.819,10.2358,131.0,3.0,2.0,0.5,0.517,2.0,43985.0,0.3168,1,1,1,0,1,1,0,0,1,0,0,0,0,0,0,0,0,0,295000.0,https://www.bnb.tn/wp-content/uploads/2022/04/1-32-300x300.jpg
20,0.22,36.819,10.2358,170.0,3.0,2.0,0.5,0.517,2.0,43985.0,0.3168,1,1,0,0,0,0,0,0,0,0,0,0,0,0,0,0,0,0,430000.0,https://www.bnb.tn/wp-content/uploads/2022/03/Screenshot_20220319-135548_Facebook-300x300.jpg
20,0.22,36.819,10.2358,178.0,3.0,2.0,0.5,0.517,2.0,43985.0,0.3168,1,1,1,0,0,0,0,0,0,0,0,0,0,0,0,0,0,0,415000.0,https://www.bnb.tn/wp-content/uploads/2022/03/IMG-20220305-WA0005-300x300.jpg
16,0.32,36.819,10.2358,159.0,3.0,2.0,0.5,0.517,2.0,43985.0,0.3168,1,1,0,0,0,0,0,0,1,0,0,0,0,0,0,1,0,0,180000.0,https://www.bnb.tn/wp-content/uploads/2022/03/275944743_1994108400790938_7526597399708685436_n-300x300.jpg
12,0.1733,36.819,10.2358,83.0,2.0,2.0,0.5,0.517,2.0,43985.0,0.3168,1,1,0,0,0,0,0,0,0,0,0,0,0,0,0,0,1,0,157000.0,https://www.bnb.tn/wp-content/uploads/2022/03/C1-2-Rendu-020000-Copier-300x300.jpg
16,0.32,36.819,10.2358,140.0,3.0,2.0,0.5,0.517,2.0,43985.0,0.3168,1,1,0,0,0,0,0,0,0,0,0,0,0,0,0,0,0,0,500000.0,https://www.bnb.tn/wp-content/uploads/2022/03/274986745_1985462001655578_8331033630734012722_n-300x300.jpg
20,0.22,36.819,10.2358,100.0,2.0,2.0,0.5,0.517,2.0,43985.0,0.3168,1,1,0,0,0,0,0,0,0,0,0,0,0,0,0,0,0,0,105000.0,https://www.bnb.tn/wp-content/uploads/2022/02/IMG_3984-1-300x300.jpg
16,0.32,36.819,10.2358,115.0,3.0,2.0,0.5,0.517,2.0,43985.0,0.3168,1,1,0,0,1,0,0,0,0,0,0,1,0,0,0,0,0,0,260000.0,https://www.bnb.tn/wp-content/uploads/2022/02/271543768_469035137928642_2389934677041546281_n-300x300.jpg
20,0.22,36.819,10.2358,165.0,3.0,2.0,0.5,0.517,2.0,43985.0,0.3168,1,1,0,0,0,0,0,0,1,0,0,0,0,0,0,0,0,0,430000.0,https://www.bnb.tn/wp-content/uploads/2022/02/IMG_4014-300x300.jpg
16,0.32,36.819,10.2358,87.0,3.0,2.0,0.5,0.517,2.0,43985.0,0.3168,1,1,0,0,0,1,0,0,1,1,0,0,0,0,0,0,0,0,250000.0,https://www.bnb.tn/wp-content/uploads/2022/02/thumb_85541_property_xlarge-300x300.jpeg
20,0.22,36.819,10.2358,87.0,3.0,2.0,0.5,0.517,2.0,43985.0,0.3168,1,1,0,1,0,0,1,0,0,0,0,0,0,0,0,0,1,0,370000.0,https://www.bnb.tn/wp-content/uploads/2022/02/IMG_7096-300x300.jpg
16,0.32,36.819,10.2358,90.0,3.0,2.0,0.5,0.517,2.0,43985.0,0.3168,1,1,0,0,0,0,0,0,0,0,0,0,0,0,0,0,0,0,320000.0,https://www.bnb.tn/wp-content/uploads/2022/02/thumb_310827_property_xlarge-300x300.jpeg
20,0.22,36.819,10.2358,85.0,1.0,2.0,0.5,0.517,2.0,43985.0,0.3168,1,1,1,0,0,0,0,0,0,0,0,0,0,0,0,0,0,0,190000.0,https://www.bnb.tn/wp-content/uploads/2021/12/IMG_1417-300x300.jpg
20,0.22,36.819,10.2358,85.0,2.0,2.0,0.5,0.517,2.0,43985.0,0.3168,1,1,0,0,0,0,0,0,0,0,0,0,0,0,0,0,1,0,400000.0,https://www.bnb.tn/wp-content/uploads/2022/01/IMG_7096-3-300x300.jpg
20,0.22,36.819,10.2358,125.0,3.0,2.0,0.5,0.517,2.0,43985.0,0.3168,1,1,0,0,0,0,0,0,0,0,0,0,0,0,0,0,0,0,285000.0,https://www.bnb.tn/wp-content/uploads/2022/01/IMG_4458-300x300.jpg
16,0.32,36.819,10.2358,140.0,3.0,2.0,0.5,0.517,2.0,43985.0,0.3168,1,1,0,0,0,0,0,0,1,0,0,0,0,0,0,0,0,0,280000.0,https://www.bnb.tn/wp-content/uploads/2022/01/thumb_97288_property_xlarge-300x300.jpeg
20,0.22,36.819,10.2358,75.0,1.0,2.0,0.5,0.517,2.0,43985.0,0.3168,1,1,1,0,0,0,0,0,1,0,0,0,0,0,0,0,1,0,280000.0,https://www.bnb.tn/wp-content/uploads/2022/01/viber_image_2020-07-06_11-36-43-300x300.jpg
16,0.32,36.819,10.2358,320.0,3.0,2.0,0.5,0.517,2.0,43985.0,0.3168,1,1,0,0,0,0,0,0,0,0,0,0,0,0,0,0,0,0,550000.0,https://www.bnb.tn/wp-content/uploads/2022/01/271137560_1944546229080489_6904162176513794213_n-300x300.jpg
20,0.22,36.819,10.2358,95.0,2.0,2.0,0.5,0.517,2.0,43985.0,0.3168,1,1,0,0,0,0,0,0,0,0,0,0,0,0,0,0,1,0,350000.0,https://www.bnb.tn/wp-content/uploads/2022/01/IMG_3453-300x300.jpg
16,0.32,36.819,10.2358,85.0,3.0,2.0,0.5,0.517,2.0,43985.0,0.3168,1,1,0,0,1,0,0,0,0,0,0,0,0,0,0,0,0,0,240000.0,https://www.bnb.tn/wp-content/uploads/2022/01/271058532_1943503382518107_205170470234547727_n-300x300.jpg
16,0.2833,36.819,10.2358,135.0,3.0,2.0,0.5,0.517,2.0,43985.0,0.3168,1,1,0,0,0,0,0,0,0,0,0,1,0,0,0,0,0,0,470000.0,https://www.bnb.tn/wp-content/uploads/2021/12/thumb_178890_property_xlarge-300x300.jpeg
20,0.22,36.819,10.2358,104.0,2.0,2.0,0.5,0.517,2.0,43985.0,0.3168,1,1,1,0,0,0,0,0,0,0,0,0,0,0,0,0,0,0,310000.0,https://www.bnb.tn/wp-content/uploads/2021/12/IMG_1092-300x300.jpg
20,0.22,36.819,10.2358,90.0,3.0,2.0,0.5,0.517,2.0,43985.0,0.3168,1,1,0,0,0,0,0,0,1,0,0,0,0,0,0,0,0,0,245000.0,https://www.bnb.tn/wp-content/uploads/2021/12/IMG_5693-300x300.jpg
20,0.22,36.819,10.2358,90.0,2.0,2.0,0.5,0.517,2.0,43985.0,0.3168,1,1,1,0,0,0,0,0,0,0,0,0,0,0,0,0,0,0,125000.0,https://www.bnb.tn/wp-content/uploads/2021/12/IMG_8122-300x300.jpg
16,0.32,36.819,10.2358,74.0,3.0,2.0,0.5,0.517,2.0,43985.0,0.3168,1,1,0,0,1,0,0,0,0,0,0,0,0,0,0,0,0,0,270000.0,https://www.bnb.tn/wp-content/uploads/2021/12/262040257_1925347034333742_3316774926451604387_n-300x300.jpg
12,0.1733,36.819,10.2358,115.0,3.0,2.0,0.5,0.517,2.0,43985.0,0.3168,1,1,0,0,0,0,0,0,0,0,0,0,0,0,0,0,1,0,250000.0,https://www.bnb.tn/wp-content/uploads/2020/11/DSC_0446-Copier-300x300.jpg
16,0.32,36.819,10.2358,85.0,2.0,2.0,0.5,0.517,2.0,43985.0,0.3168,1,1,0,0,1,0,0,0,0,0,0,1,0,0,0,0,0,0,260000.0,https://www.bnb.tn/wp-content/uploads/2021/12/thumb_275265_property_xlarge-300x300.jpeg
16,0.32,36.819,10.2358,268.0,3.0,2.0,0.5,0.517,2.0,43985.0,0.3168,1,1,0,0,0,0,0,0,0,0,0,0,0,0,0,0,0,0,290000.0,https://www.bnb.tn/wp-content/uploads/2021/11/apt-300x300.jpg
20,0.22,36.819,10.2358,138.0,2.0,2.0,0.5,0.517,2.0,43985.0,0.3168,1,1,0,0,0,0,0,0,1,0,0,0,0,0,0,0,0,0,270000.0,https://www.bnb.tn/wp-content/uploads/2021/11/IMG_2158-300x300.jpg
20,0.22,36.819,10.2358,70.0,1.0,2.0,0.5,0.517,2.0,43985.0,0.3168,1,1,1,0,0,0,0,0,1,0,0,0,0,0,0,0,1,0,170000.0,https://www.bnb.tn/wp-content/uploads/2021/11/WhatsApp-Image-2021-11-03-at-23.44.06-300x300.jpg
20,0.22,36.819,10.2358,140.0,3.0,2.0,0.5,0.517,2.0,43985.0,0.3168,1,1,1,0,0,0,0,0,0,0,0,0,0,0,0,0,0,0,290000.0,https://www.bnb.tn/wp-content/uploads/2021/11/IMG_7965-300x300.jpg
20,0.22,36.819,10.2358,94.0,1.0,2.0,0.5,0.517,2.0,43985.0,0.3168,1,1,0,0,0,0,0,0,0,0,0,0,0,0,0,0,0,0,185000.0,https://www.bnb.tn/wp-content/uploads/2021/10/IMG_9496-300x300.jpg
20,0.22,36.819,10.2358,231.0,3.0,2.0,0.5,0.517,2.0,43985.0,0.3168,1,1,1,0,1,0,0,0,0,0,0,0,0,0,0,0,0,0,350000.0,https://www.bnb.tn/wp-content/uploads/2021/10/IMG_9316-300x300.jpg
20,0.1267,36.819,10.2358,90.0,2.0,2.0,0.5,0.517,2.0,43985.0,0.3168,1,1,0,0,0,0,0,0,0,0,0,0,0,0,0,0,0,0,215000.0,https://www.bnb.tn/wp-content/uploads/2021/08/viber_image_2021-08-11_11-14-43-051-300x300.jpg
20,0.22,36.819,10.2358,128.0,2.0,2.0,0.5,0.517,2.0,43985.0,0.3168,1,1,0,0,0,0,0,0,1,0,0,0,0,0,0,0,0,0,200000.0,https://www.bnb.tn/wp-content/uploads/2021/10/IMG_9956-300x300.jpg
20,0.22,36.819,10.2358,158.0,3.0,2.0,0.5,0.517,2.0,43985.0,0.3168,1,1,1,0,0,0,0,0,0,0,0,0,0,0,0,0,0,0,329000.0,https://www.bnb.tn/wp-content/uploads/2021/10/IMG_2415-300x300.jpg
20,0.3067,36.819,10.2358,134.0,2.0,2.0,0.5,0.517,2.0,43985.0,0.3168,1,1,1,0,0,0,0,0,0,0,0,0,0,0,0,0,0,0,270000.0,https://www.bnb.tn/wp-content/uploads/2021/10/IMG_0714-300x300.jpg
20,0.3067,36.819,10.2358,110.0,2.0,2.0,0.5,0.517,2.0,43985.0,0.3168,1,1,0,0,0,0,0,0,0,0,0,0,0,0,0,0,0,0,240000.0,https://www.bnb.tn/wp-content/uploads/2021/10/IMG_9004-300x300.jpg
20,0.22,36.819,10.2358,120.0,3.0,2.0,0.5,0.517,2.0,43985.0,0.3168,1,1,1,0,0,0,0,0,0,0,0,0,0,0,0,0,0,0,290000.0,https://www.bnb.tn/wp-content/uploads/2021/10/IMG_7965-300x300.jpg
20,0.22,36.819,10.2358,110.0,2.0,2.0,0.5,0.517,2.0,43985.0,0.3168,1,1,1,0,0,0,0,0,0,0,0,0,0,0,0,0,0,0,179000.0,https://www.bnb.tn/wp-content/uploads/2021/09/IMG_5714-300x300.jpg
20,0.3067,36.819,10.2358,110.0,2.0,2.0,0.5,0.517,2.0,43985.0,0.3168,1,1,1,0,0,0,0,0,1,0,0,0,0,0,0,0,0,0,235000.0,https://www.bnb.tn/wp-content/uploads/2021/09/IMG_6301-300x300.jpg
20,0.22,36.819,10.2358,55.0,1.0,2.0,0.5,0.517,2.0,43985.0,0.3168,1,1,0,0,0,0,0,0,0,0,0,0,0,0,0,0,1,0,199000.0,https://www.bnb.tn/wp-content/uploads/2021/08/IMG_3505-1-300x300.jpg
20,0.22,36.819,10.2358,135.0,3.0,2.0,0.5,0.517,2.0,43985.0,0.3168,1,1,0,0,0,0,0,0,0,0,0,0,0,0,0,0,0,0,430000.0,https://www.bnb.tn/wp-content/uploads/2021/07/viber_image_2021-07-15_12-45-43-298-300x300.jpg
20,0.22,36.819,10.2358,115.0,0.0,2.0,0.5,0.517,2.0,43985.0,0.3168,1,1,0,0,0,1,0,0,0,0,0,0,0,0,0,0,0,0,107000.0,https://www.bnb.tn/wp-content/uploads/2021/08/IMG_5654-300x300.jpg
20,0.22,36.819,10.2358,115.0,2.0,2.0,0.5,0.517,2.0,43985.0,0.3168,1,1,0,0,0,0,0,0,0,0,0,0,0,0,0,0,0,0,120000.0,https://www.bnb.tn/wp-content/uploads/2021/08/IMG_8122-300x300.jpg
20,0.22,36.819,10.2358,95.0,2.0,2.0,0.5,0.517,2.0,43985.0,0.3168,1,1,0,0,0,0,0,0,0,0,0,0,0,0,0,0,1,0,360000.0,https://www.bnb.tn/wp-content/uploads/2021/07/220603649_4506163422735513_2460883568200366251_n-300x300.jpg
20,0.22,36.819,10.2358,220.0,4.0,2.0,0.5,0.517,2.0,43985.0,0.3168,1,1,0,0,0,0,0,0,0,0,0,0,0,0,0,0,0,0,410000.0,https://www.bnb.tn/wp-content/uploads/2021/07/IMG_3956-300x300.jpg
20,0.22,36.819,10.2358,115.0,0.0,2.0,0.5,0.517,2.0,43985.0,0.3168,1,1,0,0,1,1,0,0,0,0,0,0,0,0,0,0,0,0,107000.0,https://www.bnb.tn/wp-content/uploads/2021/07/IMG_5654-300x300.jpg
20,0.3067,36.819,10.2358,140.0,3.0,2.0,0.5,0.517,2.0,43985.0,0.3168,1,1,1,0,0,0,0,0,0,0,0,0,0,0,0,0,0,0,240000.0,https://www.bnb.tn/wp-content/uploads/2021/06/117774087_329712151551122_2918881894804333560_n-300x300.jpg
20,0.22,36.819,10.2358,115.0,2.0,2.0,0.5,0.517,2.0,43985.0,0.3168,1,1,1,0,0,0,0,0,1,0,0,0,0,0,0,0,0,0,385000.0,https://www.bnb.tn/wp-content/uploads/2021/06/IMG_0945-1-300x300.jpg
20,0.22,36.819,10.2358,65.0,1.0,2.0,0.5,0.517,2.0,43985.0,0.3168,1,1,0,0,0,0,0,0,0,0,0,0,0,0,0,0,1,0,280000.0,https://www.bnb.tn/wp-content/uploads/2021/06/IMG_3504-300x300.jpg
20,0.1333,36.819,10.2358,200.0,2.0,2.0,0.5,0.517,2.0,43985.0,0.3168,1,1,0,0,0,0,0,0,0,0,0,0,0,0,0,0,0,0,195000.0,https://www.bnb.tn/wp-content/uploads/2021/06/IMG_3259-300x300.jpg
20,0.3067,36.819,10.2358,135.0,3.0,2.0,0.5,0.517,2.0,43985.0,0.3168,1,1,1,0,0,0,0,0,0,0,0,0,0,0,0,0,0,0,330000.0,https://www.bnb.tn/wp-content/uploads/2021/06/IMG_4642-300x300.jpg
20,0.22,36.819,10.2358,90.0,1.0,1.0,0.5,0.517,2.0,43985.0,0.3168,1,1,0,0,0,0,0,0,0,0,0,0,0,0,0,0,0,0,290000.0,https://www.bnb.tn/wp-content/uploads/2021/06/IMG_7013-300x300.jpg
20,0.22,36.819,10.2358,70.0,3.0,2.0,0.5,0.517,2.0,43985.0,0.3168,1,1,0,1,0,0,0,0,0,0,0,0,0,0,0,0,1,0,283000.0,https://www.bnb.tn/wp-content/uploads/2020/08/IMG_7096-300x300.jpg
20,0.22,36.819,10.2358,67.0,1.0,2.0,0.5,0.517,2.0,43985.0,0.3168,1,1,0,0,0,0,0,0,0,0,0,0,0,0,0,0,1,0,285000.0,https://www.bnb.tn/wp-content/uploads/2021/03/IMG_2822-300x300.jpg
20,0.22,36.819,10.2358,146.0,3.0,2.0,0.5,0.517,2.0,43985.0,0.3168,1,1,0,0,0,0,0,0,0,0,0,0,0,0,0,0,0,0,450000.0,https://www.bnb.tn/wp-content/uploads/2021/04/IMG_9636-300x300.jpg
20,0.22,36.819,10.2358,65.0,1.0,2.0,0.5,0.517,2.0,43985.0,0.3168,1,1,0,0,0,0,0,0,0,0,0,0,0,0,0,0,1,0,280000.0,https://www.bnb.tn/wp-content/uploads/2021/04/IMG_3506-300x300.jpg
20,0.1333,36.819,10.2358,95.0,2.0,2.0,0.5,0.517,2.0,43985.0,0.3168,1,1,0,0,0,0,0,0,0,0,0,0,0,0,0,0,0,0,195000.0,https://www.bnb.tn/wp-content/uploads/2021/04/IMG_3267-300x300.jpg
20,0.3067,36.819,10.2358,158.0,3.0,2.0,0.5,0.517,2.0,43985.0,0.3168,1,1,1,0,0,0,0,0,0,0,0,0,0,0,0,0,0,0,340000.0,https://www.bnb.tn/wp-content/uploads/2021/04/IMG_2415-300x300.jpg
20,0.3067,36.819,10.2358,123.0,2.0,2.0,0.5,0.517,2.0,43985.0,0.3168,1,1,1,0,0,0,0,0,0,0,0,0,0,0,0,0,0,0,285000.0,https://www.bnb.tn/wp-content/uploads/2021/04/IMG_3306-300x300.jpg
20,0.22,36.819,10.2358,145.0,3.0,2.0,0.5,0.517,2.0,43985.0,0.3168,1,1,0,0,0,0,0,0,0,0,0,0,0,0,0,0,0,0,400000.0,https://www.bnb.tn/wp-content/uploads/2021/03/66135600_2573208426031032_7001315382795436032_o-300x300.jpg
20,0.2173,36.819,10.2358,100.0,2.0,2.0,0.5,0.517,2.0,43985.0,0.3168,1,1,0,0,0,0,0,0,1,0,0,0,0,0,0,0,0,0,175000.0,https://www.bnb.tn/wp-content/uploads/2021/03/IMG_2228-300x300.jpg
14,0.2367,36.819,10.2358,450.0,3.0,2.0,0.5,0.517,2.0,43985.0,0.3168,1,1,0,0,0,0,0,0,0,0,0,0,0,0,0,0,0,0,500000.0,https://www.bnb.tn/wp-content/uploads/2021/02/houmet-souk-300x300.jpg
