etat_score,etat_prob_renove,standing_score,standing_prob_luxe
1,0.5517,3,0.3524
1,0.6395,3,0.3743
1,0.6399,3,0.3865
1,0.5096,3,0.3408
1,0.7388,2,0.3559
0,0.4729,1,0.3207
1,0.6501,3,0.3785
1,0.6551,2,0.3567
1,0.6452,3,0.3717
1,0.8175,2,0.3642
1,0.508,3,0.3441
1,0.6624,3,0.3658
1,0.6841,3,0.3647
1,0.6375,2,0.3577
1,0.6467,3,0.3861
1,0.6189,3,0.3871
1,0.6068,3,0.3794
1,0.5232,3,0.3575
1,0.7412,2,0.3691
1,0.6119,2,0.3578
1,0.6966,2,0.3712
1,0.5292,2,0.3399
1,0.6388,2,0.3152
1,0.5672,2,0.3253
1,0.5412,3,0.3611
1,0.7359,2,0.3591
1,0.5405,3,0.3544
1,0.5282,3,0.3524
1,0.5517,3,0.3524
1,0.6395,3,0.3743
0,0.4729,1,0.3207
1,0.5282,3,0.3618
1,0.508,3,0.3441
1,0.6467,3,0.3861
1,0.6189,3,0.3871
1,0.6068,3,0.3794
1,0.6599,2,0.3315
1,0.7269,3,0.4035
1,0.6388,3,0.3755
1,0.6449,2,0.3712
1,0.5647,3,0.3692
1,0.7303,2,0.3659
1,0.7703,3,0.4081
1,0.6542,2,0.3633
1,0.6527,2,0.3615
1,0.5289,2,0.3428
1,0.7036,2,0.3657
1,0.669,3,0.38
1,0.6773,2,0.3609
1,0.6706,3,0.3718
1,0.6395,3,0.3743
1,0.6399,3,0.3865
1,0.5422,3,0.3687
1,0.6406,2,0.3312
0,0.4729,1,0.3207
1,0.5282,3,0.3618
1,0.6364,2,0.3755
1,0.5544,2,0.342
1,0.6906,3,0.3841
1,0.6275,2,0.3353
1,0.5544,3,0.3571
1,0.8124,3,0.3901
1,0.635,3,0.3963
1,0.6792,3,0.3886
1,0.6421,2,0.3093
1,0.651,2,0.3579
1,0.7902,2,0.3886
1,0.8072,2,0.4081
1,0.5263,2,0.3207
1,0.5442,3,0.345
1,0.5101,2,0.3256
1,0.6575,2,0.3611
1,0.6985,2,0.3533
1,0.6406,2,0.3312
1,0.6882,2,0.3681
1,0.6705,2,0.3508
1,0.6759,2,0.3572
1,0.6946,3,0.3958
0,0.4729,1,0.3207
1,0.5448,3,0.3509
1,0.5373,2,0.3494
1,0.5869,2,0.3358
1,0.675,2,0.3658
1,0.6375,2,0.3387
1,0.6962,3,0.3974
1,0.5373,2,0.3462
1,0.5768,3,0.3818
1,0.6419,2,0.3147
1,0.5649,3,0.364
1,0.6756,3,0.3853
1,0.6412,2,0.3443
1,0.6109,2,0.3487
1,0.6585,3,0.3767
1,0.5758,2,0.3297
1,0.688,2,0.3471
1,0.5484,2,0.3507
1,0.6529,2,0.363
1,0.6005,3,0.3624
1,0.6837,3,0.4024
1,0.6639,3,0.3714
1,0.7102,2,0.3544
1,0.5985,2,0.3491
0,0.4729,1,0.3207
1,0.7222,3,0.408
1,0.5373,2,0.3494
1,0.5627,3,0.3738
1,0.6188,3,0.3489
1,0.6705,2,0.3494
1,0.5516,3,0.3554
1,0.7125,2,0.3571
1,0.5637,3,0.386
1,0.5226,2,0.3481
1,0.7684,2,0.3713
1,0.6684,2,0.3474
1,0.5079,3,0.3375
1,0.5707,3,0.3817
1,0.5096,3,0.3408
1,0.7222,3,0.408
0,0.4729,1,0.3207
0,0.4729,2,0.3932
1,0.6696,3,0.3803
0,0.4729,1,0.3207
1,0.5086,3,0.3604
1,0.5738,3,0.3603
1,0.5939,3,0.3877
1,0.7281,3,0.4086
1,0.7436,3,0.4141
1,0.5708,3,0.3643
0,0.4729,3,0.4092
1,0.6824,2,0.3505
1,0.6809,3,0.3789
1,0.7109,2,0.3393
1,0.6783,3,0.3827
1,0.6253,2,0.3283
1,0.6311,2,0.35
1,0.7684,2,0.3713
1,0.6684,2,0.3474
1,0.5079,3,0.3375
1,0.7249,3,0.436
1,0.6041,2,0.3661
1,0.5096,3,0.3408
0,0.4729,1,0.3207
0,0.4729,2,0.3932
1,0.6696,3,0.3803
1,0.5086,3,0.3604
0,0.4729,1,0.3207
1,0.5923,3,0.4023
1,0.5373,2,0.3494
1,0.7074,3,0.425
1,0.7213,3,0.4014
1,0.5401,3,0.3516
1,0.5435,2,0.3439
0,0.4729,2,0.3755
1,0.686,3,0.3651
1,0.6502,2,0.3521
1,0.5454,3,0.3771
1,0.6902,3,0.4128
1,0.6989,2,0.3572
1,0.7249,3,0.436
1,0.7333,2,0.3729
1,0.6013,2,0.3311
1,0.6785,3,0.3871
1,0.6559,2,0.34
1,0.6197,3,0.4065
1,0.6951,3,0.3926
1,0.5986,3,0.3538
1,0.5329,3,0.3813
1,0.5739,2,0.3577
1,0.7192,2,0.3429
1,0.5738,3,0.3603
1,0.5717,2,0.3562
1,0.8029,3,0.4157
1,0.5879,2,0.3586
1,0.6402,2,0.355
1,0.6654,2,0.3278
1,0.6204,2,0.3358
1,0.6272,3,0.3605
1,0.6563,2,0.3265
1,0.673,3,0.4084
0,0.4729,3,0.3809
1,0.6704,2,0.3611
1,0.6277,3,0.3968
1,0.5203,3,0.3676
0,0.4729,1,0.3207
1,0.7454,2,0.3512
1,0.5951,3,0.382
1,0.6079,2,0.3607
1,0.5282,3,0.3618
1,0.5623,2,0.3147
1,0.6454,2,0.365
1,0.5781,2,0.3027
1,0.6972,3,0.4045
0,0.4729,1,0.3207
1,0.6822,2,0.3535
1,0.5373,2,0.3494
1,0.526,3,0.3544
1,0.7413,2,0.3833
1,0.6764,3,0.3914
1,0.6484,2,0.3093
0,0.4729,1,0.3207
1,0.6675,2,0.3584
1,0.6188,2,0.353
1,0.6163,2,0.3509
1,0.5187,3,0.3654
1,0.6395,2,0.3623
1,0.626,2,0.3434
1,0.6437,2,0.3637
1,0.6195,3,0.3818
1,0.5282,3,0.3618
1,0.6547,2,0.3599
1,0.6353,3,0.3653
1,0.7563,2,0.3874
1,0.6747,2,0.351
1,0.5818,3,0.3859
1,0.6364,2,0.3755
1,0.5728,3,0.3861
0,0.4729,1,0.3207
1,0.6691,3,0.3641
1,0.7141,2,0.3829
1,0.7298,2,0.3848
1,0.6896,2,0.3106
1,0.7146,2,0.3876
1,0.6863,3,0.4055
1,0.6375,3,0.3985
1,0.6332,3,0.3811
1,0.6909,2,0.3636
1,0.6663,2,0.3341
1,0.5934,3,0.3616
0,0.4729,1,0.3207
1,0.6386,3,0.3773
1,0.7284,2,0.3763
1,0.6556,2,0.3442
0,0.4729,1,0.3207
1,0.6263,3,0.3951
1,0.5717,2,0.3562
1,0.546,3,0.3568
1,0.6532,3,0.3775
1,0.6702,2,0.3505
1,0.684,2,0.3535
1,0.6566,2,0.327
0,0.4753,3,0.3632
1,0.5884,3,0.3561
1,0.6572,2,0.3591
1,0.543,3,0.3459
1,0.5691,2,0.3502
1,0.6789,3,0.3703
1,0.7221,3,0.4066
1,0.6021,3,0.3885
1,0.7134,3,0.3801
1,0.6005,3,0.3624
1,0.5046,2,0.3188
0,0.4729,3,0.3906
0,0.4729,1,0.3207
1,0.6926,3,0.3847
0,0.4729,1,0.3207
1,0.6843,3,0.3691
1,0.6764,3,0.3914
1,0.7268,2,0.3687
1,0.6477,2,0.352
0,0.4729,1,0.3207
1,0.5738,3,0.3819
1,0.6175,3,0.4061
1,0.653,2,0.3399
1,0.6385,2,0.3427
1,0.6198,2,0.3452
1,0.5414,2,0.334
1,0.6839,2,0.369
0,0.4729,2,0.3831
0,0.4729,3,0.3897
0,0.4729,3,0.3831
1,0.6277,2,0.3616
1,0.6952,3,0.38
1,0.7705,3,0.4148
1,0.7116,2,0.3722
1,0.5287,3,0.3669
1,0.7407,2,0.3567
1,0.5282,3,0.3618
1,0.6766,2,0.3632
1,0.6438,3,0.3795
1,0.7387,2,0.3734
0,0.4729,1,0.3207
1,0.6718,3,0.4013
0,0.4983,3,0.3405
1,0.6839,2,0.369
1,0.6062,2,0.3144
1,0.75,2,0.3495
1,0.673,3,0.4059
0,0.4819,3,0.3479
1,0.737,3,0.4
1,0.5003,3,0.3468
1,0.6161,2,0.3678
1,0.7407,2,0.3567
1,0.7125,2,0.3511
1,0.5604,2,0.3416
1,0.6834,2,0.3708
0,0.4729,1,0.3207
1,0.5372,3,0.3792
1,0.6355,2,0.3242
1,0.5282,3,0.3618
1,0.7387,2,0.3734
1,0.6718,3,0.4013
1,0.602,2,0.3582
1,0.586,3,0.3789
0,0.4729,1,0.3207
1,0.7146,2,0.3684
1,0.526,3,0.3544
1,0.5443,3,0.3595
1,0.6347,2,0.3498
1,0.6698,2,0.3313
1,0.6691,3,0.4009
1,0.5489,3,0.3638
1,0.6918,3,0.3808
1,0.8101,3,0.4129
1,0.7369,2,0.3606
1,0.6995,2,0.3455
1,0.6454,2,0.3427
1,0.5372,3,0.3792
1,0.6355,2,0.3242
1,0.6756,2,0.3193
1,0.6952,3,0.4048
1,0.7046,2,0.3802
1,0.5934,2,0.344
1,0.617,2,0.3567
1,0.5859,3,0.3528
1,0.7271,3,0.3906
1,0.6926,3,0.3847
1,0.6843,3,0.3691
1,0.6766,2,0.3632
1,0.6438,3,0.3795
0,0.4729,1,0.3207
1,0.5412,3,0.3611
1,0.5362,3,0.3584
1,0.7076,3,0.3962
1,0.5951,2,0.3719
1,0.7264,2,0.3728
1,0.6538,2,0.3507
1,0.7591,2,0.3241
1,0.6268,2,0.3471
1,0.7993,3,0.3978
1,0.625,2,0.3529
1,0.6266,2,0.3143
1,0.7007,2,0.3381
1,0.6858,2,0.3634
1,0.7687,2,0.36
1,0.6157,2,0.3547
1,0.5727,3,0.3881
1,0.6078,3,0.3729
1,0.6053,2,0.3381
1,0.6615,3,0.389
1,0.7387,2,0.3734
1,0.6718,3,0.4013
1,0.602,2,0.3582
1,0.586,3,0.3789
1,0.7146,2,0.3684
1,0.5289,2,0.3428
1,0.8199,2,0.3243
1,0.728,3,0.3938
1,0.6722,2,0.3301
1,0.7713,2,0.3907
1,0.7314,2,0.3762
1,0.7166,3,0.3605
1,0.6376,2,0.3442
1,0.5695,2,0.3333
1,0.6266,2,0.3143
1,0.7007,2,0.3381
1,0.6858,2,0.3634
1,0.7687,2,0.36
1,0.6157,2,0.3547
1,0.5727,3,0.3881
1,0.6078,3,0.3729
1,0.6053,2,0.3381
1,0.5623,2,0.3562
1,0.5877,2,0.3554
1,0.6867,2,0.384
1,0.6605,3,0.3666
0,0.4729,1,0.3207
1,0.6512,2,0.3631
1,0.5412,3,0.3611
1,0.6418,2,0.3548
1,0.7422,3,0.406
1,0.6135,2,0.3507
1,0.6135,2,0.3507
1,0.6135,2,0.3507
1,0.6691,3,0.3891
1,0.6334,3,0.3928
0,0.4729,1,0.3207
1,0.6968,2,0.3519
1,0.6598,2,0.3502
1,0.5289,2,0.3428
1,0.6842,3,0.374
1,0.7058,3,0.3989
1,0.6413,2,0.3624
1,0.7492,2,0.3709
1,0.6605,2,0.3655
1,0.6164,3,0.3766
1,0.6976,2,0.3646
1,0.7271,3,0.3906
0,0.4729,1,0.3207
1,0.7079,2,0.3514
1,0.6145,2,0.3683
0,0.4729,1,0.3207
1,0.6953,2,0.3709
1,0.6867,2,0.384
1,0.5289,2,0.3428
1,0.5861,2,0.3446
1,0.716,2,0.3455
1,0.7118,3,0.3712
1,0.5895,3,0.338
1,0.6087,3,0.4098
1,0.7514,2,0.3849
1,0.6746,2,0.353
1,0.6505,3,0.3576
1,0.5412,3,0.3611
1,0.6487,3,0.3885
1,0.6615,3,0.389
1,0.5742,2,0.3316
1,0.6678,3,0.376
1,0.6998,2,0.3506
0,0.4729,2,0.3304
0,0.4729,1,0.3207
1,0.6528,2,0.3615
1,0.5412,3,0.3611
1,0.5905,3,0.3388
1,0.5636,2,0.3486
1,0.514,3,0.3564
1,0.6933,2,0.3668
1,0.788,2,0.341
1,0.6862,2,0.3589
1,0.5721,2,0.3659
1,0.6521,2,0.3261
1,0.6136,2,0.3335
1,0.5975,3,0.3939
1,0.6709,2,0.3588
1,0.7038,2,0.3204
1,0.6353,2,0.327
1,0.5486,3,0.3678
1,0.7733,2,0.3484
1,0.6235,2,0.3457
1,0.6767,3,0.3915
1,0.646,3,0.393
1,0.7271,3,0.3906
1,0.6624,2,0.3516
1,0.6812,2,0.3591
1,0.6476,2,0.3601
1,0.6153,2,0.3411
0,0.4729,1,0.3207
1,0.5647,3,0.362
1,0.7216,2,0.3787
1,0.5412,3,0.3611
1,0.5687,3,0.3858
1,0.6603,2,0.3641
1,0.5992,3,0.382
1,0.7097,3,0.4104
1,0.649,2,0.3574
1,0.6995,3,0.3671
1,0.7153,3,0.3891
1,0.6787,2,0.3336
1,0.583,2,0.3104
1,0.716,3,0.3952
1,0.7465,2,0.3588
1,0.6948,2,0.3749
1,0.6615,3,0.389
1,0.8138,2,0.4041
1,0.6314,2,0.3552
1,0.5134,3,0.3509
0,0.4729,1,0.3207
1,0.594,3,0.3558
1,0.5289,2,0.3428
1,0.6476,3,0.4013
1,0.599,3,0.3808
1,0.7044,2,0.3833
1,0.6774,2,0.3761
1,0.5992,3,0.382
1,0.7533,3,0.4099
1,0.7165,2,0.3663
1,0.5667,3,0.3512
1,0.7112,3,0.3827
1,0.6121,2,0.3574
1,0.5439,2,0.3457
0,0.4729,2,0.3737
1,0.6502,3,0.3359
1,0.62,2,0.3606
1,0.6924,3,0.4112
1,0.5213,2,0.3249
1,0.6947,2,0.3523
1,0.5859,3,0.3528
1,0.5877,2,0.3554
1,0.697,2,0.3607
1,0.5257,2,0.3275
1,0.607,3,0.4122
0,0.4729,1,0.3207
1,0.6994,3,0.3856
1,0.6765,3,0.3677
1,0.6969,3,0.3755
1,0.5461,3,0.3515
1,0.6881,3,0.3569
1,0.6032,3,0.3809
1,0.639,2,0.3249
1,0.6524,2,0.3631
1,0.6457,3,0.3741
1,0.5845,3,0.3764
1,0.617,3,0.3611
1,0.6708,3,0.3765
0,0.4729,2,0.346
1,0.7497,2,0.3528
1,0.6326,3,0.3726
1,0.614,2,0.3607
1,0.5373,3,0.3605
1,0.6314,2,0.3601
1,0.5737,3,0.355
1,0.556,3,0.3484
1,0.5647,3,0.362
1,0.6314,2,0.3552
1,0.5134,3,0.3509
0,0.4729,1,0.3207
1,0.594,3,0.3558
1,0.7129,2,0.3794
1,0.7533,3,0.4099
1,0.5747,2,0.3311
1,0.5537,2,0.3397
1,0.6063,2,0.3393
1,0.7497,2,0.3528
1,0.6326,3,0.3726
1,0.614,2,0.3607
1,0.5373,3,0.3605
1,0.6314,2,0.3601
1,0.6069,2,0.3637
1,0.691,3,0.3853
1,0.6982,3,0.3883
1,0.6132,3,0.3556
1,0.6496,3,0.3626
1,0.6835,2,0.3646
1,0.7074,3,0.425
1,0.6667,2,0.3644
1,0.7462,2,0.3764
1,0.594,3,0.3558
1,0.697,2,0.3607
1,0.5257,2,0.3275
1,0.607,3,0.4122
0,0.4729,1,0.3207
1,0.5672,2,0.3568
1,0.6641,3,0.38
1,0.5461,3,0.3515
1,0.7975,2,0.3824
1,0.6184,2,0.3679
1,0.6063,2,0.3393
1,0.5334,2,0.3425
1,0.5882,2,0.3239
1,0.5615,3,0.3538
0,0.4729,2,0.3457
1,0.5694,3,0.351
1,0.7013,3,0.3765
1,0.5248,3,0.3605
1,0.6919,3,0.3929
1,0.6648,2,0.3283
1,0.6872,3,0.3515
1,0.7376,3,0.4094
1,0.6523,2,0.3644
1,0.5082,2,0.3335
1,0.5436,3,0.35
1,0.6966,2,0.3712
1,0.6994,3,0.3856
1,0.6404,3,0.3782
1,0.7302,2,0.3681
1,0.6293,3,0.3682
0,0.4729,1,0.3207
1,0.8054,3,0.3911
1,0.5333,3,0.3644
1,0.7642,3,0.4099
1,0.7594,2,0.3658
1,0.6527,3,0.3847
1,0.6523,2,0.3644
1,0.7544,3,0.4568
1,0.7346,2,0.3591
1,0.6122,2,0.3219
1,0.5289,2,0.3428
1,0.5412,3,0.3611
1,0.7611,3,0.39
1,0.7192,3,0.3973
1,0.7095,2,0.3858
1,0.6469,3,0.3919
1,0.6517,2,0.3255
1,0.5245,1,0.3326
1,0.6858,2,0.3732
1,0.74,2,0.3538
1,0.5569,3,0.3745
1,0.5737,3,0.355
1,0.7462,2,0.3764
1,0.8054,3,0.3911
1,0.6693,3,0.4103
1,0.5022,3,0.3505
1,0.548,3,0.3542
0,0.4729,1,0.3207
1,0.7513,2,0.3391
1,0.5333,3,0.3644
1,0.6737,3,0.3947
1,0.6391,2,0.3341
1,0.675,2,0.3571
1,0.7274,2,0.361
1,0.6419,2,0.3369
1,0.5878,3,0.3726
1,0.79,3,0.4116
1,0.7239,3,0.3855
1,0.6877,3,0.3666
1,0.7322,2,0.3337
1,0.6377,2,0.3647
1,0.6534,2,0.3347
1,0.5956,3,0.3576
1,0.5695,3,0.3601
1,0.5645,3,0.3976
1,0.5038,3,0.3401
1,0.5498,3,0.3657
1,0.5737,3,0.355
1,0.6966,2,0.3712
1,0.6834,3,0.3914
1,0.704,3,0.4371
0,0.4729,1,0.3207
1,0.6091,3,0.3657
1,0.6254,3,0.347
1,0.7199,2,0.3693
1,0.7459,2,0.3748
1,0.6213,3,0.3917
1,0.6372,2,0.3421
1,0.6473,2,0.3206
1,0.6679,2,0.3593
1,0.6327,2,0.3441
1,0.7402,2,0.3874
1,0.6855,3,0.3875
1,0.7088,3,0.3992
1,0.6747,2,0.3679
1,0.7086,3,0.3805
1,0.5923,2,0.3309
1,0.7452,2,0.3641
1,0.7074,3,0.425
1,0.6966,2,0.3712
1,0.678,3,0.3792
0,0.4729,1,0.3207
1,0.6737,3,0.3947
1,0.6919,2,0.3563
1,0.6933,2,0.355
1,0.6773,2,0.3744
1,0.6147,3,0.366
1,0.6517,2,0.3809
1,0.7308,3,0.4046
1,0.6364,3,0.3814
1,0.6024,2,0.2985
1,0.6076,2,0.3471
1,0.6744,3,0.3906
1,0.7277,2,0.3735
1,0.6658,3,0.3679
1,0.6508,3,0.3685
1,0.7392,2,0.3826
1,0.5289,2,0.3428
1,0.6574,2,0.3387
1,0.7018,2,0.3546
1,0.556,3,0.3484
1,0.7829,2,0.3798
0,0.4729,1,0.3207
1,0.5809,2,0.3601
1,0.6266,3,0.3776
0,0.4729,1,0.3207
1,0.7663,2,0.3725
1,0.6678,3,0.397
1,0.6739,2,0.3229
1,0.6711,3,0.3783
1,0.7748,3,0.3956
1,0.7272,2,0.3863
1,0.6475,2,0.3093
1,0.572,2,0.3426
1,0.7508,2,0.335
1,0.5773,2,0.343
1,0.6018,2,0.3365
1,0.5135,2,0.3486
1,0.6492,3,0.3901
1,0.5902,2,0.3278
1,0.6412,3,0.3691
1,0.5931,2,0.3573
1,0.6455,2,0.3478
1,0.5978,3,0.3496
1,0.5703,3,0.399
1,0.7061,3,0.4073
0,0.4729,1,0.3207
1,0.6542,2,0.3347
1,0.5967,2,0.3587
1,0.5412,3,0.3611
1,0.5412,3,0.3611
1,0.6693,2,0.3657
1,0.6067,2,0.3124
1,0.6205,3,0.386
1,0.7162,2,0.353
0,0.4729,1,0.3207
1,0.6752,2,0.3345
1,0.6324,2,0.3214
1,0.619,2,0.3433
1,0.6811,2,0.3312
1,0.6318,2,0.3317
1,0.6401,3,0.3684
1,0.7154,3,0.3719
1,0.7293,2,0.349
1,0.6055,2,0.3424
1,0.5714,3,0.3915
1,0.6705,2,0.3598
1,0.7706,2,0.3591
1,0.6698,2,0.3566
0,0.4729,1,0.3207
1,0.6466,2,0.3437
1,0.5841,2,0.3244
1,0.6745,2,0.3837
1,0.7025,2,0.3649
1,0.5362,3,0.3966
0,0.4925,2,0.3374
1,0.6023,2,0.3386
1,0.7458,3,0.4358
1,0.6355,2,0.3425
1,0.7056,2,0.3483
1,0.6784,2,0.3651
1,0.7588,3,0.3774
1,0.7429,3,0.415
1,0.6972,2,0.3742
1,0.5773,3,0.3493
1,0.7165,2,0.3664
1,0.5592,3,0.3481
1,0.5445,3,0.3927
1,0.6383,3,0.3651
1,0.7135,2,0.345
1,0.7115,3,0.394
1,0.7153,2,0.3425
1,0.5669,3,0.3597
0,0.4729,1,0.3207
1,0.6359,2,0.3272
1,0.7635,3,0.3799
1,0.5669,3,0.384
0,0.4729,3,0.3812
1,0.6362,2,0.3692
1,0.673,2,0.359
1,0.631,2,0.3388
1,0.7423,2,0.3672
1,0.7044,2,0.356
1,0.7038,2,0.3792
1,0.5428,2,0.3512
1,0.6015,3,0.3821
1,0.6073,2,0.3244
1,0.8133,3,0.4091
1,0.6728,2,0.3576
1,0.5618,2,0.322
1,0.5719,2,0.3478
1,0.5289,2,0.3428
1,0.6235,3,0.3638
1,0.6254,3,0.3906
1,0.5462,3,0.3641
1,0.5714,3,0.3915
0,0.4729,1,0.3207
1,0.5462,3,0.3641
1,0.5899,2,0.3262
1,0.64,3,0.3924
1,0.7207,2,0.3669
1,0.5964,2,0.3441
1,0.6458,2,0.3473
1,0.6612,3,0.3672
1,0.5546,2,0.3397
1,0.6182,2,0.3599
1,0.5307,2,0.3593
1,0.5491,2,0.3231
1,0.5663,2,0.3447
1,0.6449,3,0.3768
1,0.7569,2,0.3776
1,0.6383,2,0.3459
1,0.6527,2,0.3462
1,0.5771,3,0.3596
1,0.7523,3,0.3914
1,0.5669,3,0.3597
1,0.6898,2,0.373
1,0.7973,2,0.3985
0,0.4729,1,0.3207
1,0.6726,2,0.3653
1,0.5709,2,0.3454
1,0.5472,2,0.3438
1,0.5472,2,0.3437
1,0.6462,3,0.3674
1,0.5516,3,0.3421
1,0.571,3,0.3676
1,0.5287,3,0.3541
1,0.6103,2,0.3342
1,0.6287,2,0.3548
1,0.5412,3,0.3611
1,0.5289,2,0.3428
1,0.6523,2,0.3284
1,0.6704,3,0.4104
1,0.7885,2,0.3812
1,0.7775,2,0.3576
1,0.7365,2,0.3799
1,0.6178,2,0.3524
1,0.7548,2,0.3799
1,0.6611,3,0.3623
1,0.6539,2,0.3685
1,0.631,3,0.3743
1,0.6988,2,0.3647
0,0.4729,1,0.3207
1,0.682,2,0.3505
1,0.7325,2,0.3471
1,0.727,2,0.3793
1,0.685,3,0.3892
1,0.7018,2,0.3627
0,0.4729,2,0.3698
1,0.7139,2,0.4089
1,0.641,2,0.3751
1,0.701,3,0.3869
1,0.6594,3,0.3662
1,0.57,1,0.3544
1,0.5693,2,0.3257
1,0.5516,2,0.3332
1,0.6421,2,0.3171
1,0.7168,2,0.356
1,0.5651,2,0.3356
1,0.7168,3,0.4178
1,0.6809,2,0.3338
1,0.7438,3,0.4055
1,0.6674,2,0.3699
1,0.5443,2,0.3284
1,0.6611,3,0.3623
1,0.6998,2,0.3287
1,0.6226,3,0.3694
1,0.7023,3,0.3985
1,0.8024,2,0.383
1,0.5463,2,0.3434
1,0.6277,2,0.3514
1,0.6861,3,0.3999
1,0.6788,2,0.3781
1,0.6226,3,0.4094
1,0.5827,2,0.3613
1,0.5991,3,0.3738
1,0.6074,3,0.3875
1,0.7159,3,0.4078
1,0.6917,2,0.3588
1,0.6931,3,0.377
1,0.7024,2,0.3533
1,0.7103,3,0.3713
1,0.6955,3,0.4053
1,0.6367,2,0.3536
1,0.8122,3,0.4011
1,0.7346,2,0.3872
1,0.5737,3,0.373
1,0.5627,3,0.3561
1,0.6611,3,0.3623
1,0.6335,3,0.3783
1,0.7318,3,0.4336
1,0.784,2,0.3802
1,0.6298,3,0.3888
0,0.4729,1,0.3207
1,0.7542,2,0.3898
1,0.5627,3,0.3561
1,0.655,2,0.3456
1,0.5777,2,0.3474
1,0.6339,2,0.3335
1,0.7767,3,0.4082
1,0.7448,2,0.3333
1,0.573,3,0.3571
1,0.6466,2,0.358
1,0.5894,2,0.3635
1,0.6575,3,0.3635
1,0.708,2,0.3613
1,0.5901,3,0.3754
1,0.687,3,0.3961
1,0.676,3,0.3747
1,0.7399,3,0.3812
1,0.6517,3,0.3717
1,0.6839,2,0.3813
1,0.6307,3,0.369
1,0.5714,3,0.3915
1,0.6131,3,0.3655
1,0.7144,3,0.3791
1,0.6752,2,0.342
0,0.4729,1,0.3207
1,0.6626,2,0.3478
1,0.6275,2,0.3498
1,0.5966,2,0.313
1,0.5834,2,0.3443
1,0.7314,2,0.3786
1,0.664,2,0.3668
1,0.7532,2,0.377
1,0.6758,3,0.3734
1,0.6921,3,0.3999
1,0.7523,2,0.3805
1,0.5897,2,0.358
1,0.7242,3,0.3782
1,0.7598,2,0.3814
1,0.6604,3,0.3937
0,0.4729,3,0.3605
0,0.4729,3,0.4017
1,0.7416,3,0.412
1,0.6611,3,0.3623
1,0.7399,3,0.3902
0,0.4729,3,0.3891
1,0.6028,2,0.3499
0,0.4729,1,0.3207
0,0.4729,2,0.334
1,0.6811,3,0.3979
1,0.654,3,0.3846
1,0.5521,3,0.3717
1,0.7638,2,0.3471
1,0.7227,3,0.4072
1,0.7259,2,0.3503
1,0.6214,2,0.3215
1,0.6618,3,0.3966
1,0.5583,2,0.3646
1,0.7574,3,0.3903
1,0.5763,2,0.3351
1,0.7125,3,0.3911
1,0.6129,2,0.3641
1,0.7017,2,0.3632
0,0.4792,2,0.3177
1,0.7117,3,0.4159
1,0.6717,3,0.3769
1,0.6413,3,0.3885
1,0.6825,2,0.3554
1,0.6683,2,0.3532
1,0.6611,3,0.3623
0,0.4729,2,0.3333
0,0.4729,2,0.3514
1,0.625,2,0.3179
1,0.6105,2,0.3473
1,0.6609,2,0.3845
1,0.6413,3,0.3885
1,0.6825,2,0.3554
1,0.6683,2,0.3532
1,0.6712,2,0.3355
1,0.7021,3,0.377
1,0.5291,2,0.3323
1,0.6815,2,0.37
1,0.6927,2,0.3424
1,0.6824,2,0.3494
1,0.6956,3,0.3621
1,0.5957,2,0.3337
1,0.6062,3,0.3657
1,0.6756,3,0.4365
1,0.5534,2,0.3417
1,0.7582,2,0.3652
1,0.562,3,0.3915
1,0.6537,3,0.3577
1,0.5847,3,0.3797
1,0.6611,3,0.3623
1,0.6878,2,0.3609
1,0.6762,2,0.36
1,0.6512,2,0.3421
1,0.6159,3,0.379
0,0.4729,1,0.3207
1,0.5874,3,0.4067
1,0.6537,3,0.3577
1,0.5847,3,0.3797
1,0.6496,3,0.414
1,0.728,2,0.3751
1,0.616,3,0.3746
1,0.7204,2,0.3583
1,0.6385,3,0.3722
1,0.732,3,0.3995
1,0.746,3,0.3962
1,0.5434,3,0.4007
1,0.6328,2,0.3441
1,0.5462,2,0.3366
1,0.5338,3,0.3518
1,0.5714,3,0.3915
1,0.7862,2,0.3849
0,0.4729,1,0.3207
1,0.6945,2,0.3561
1,0.694,2,0.3495
1,0.6862,2,0.3391
1,0.7262,2,0.3728
1,0.7547,2,0.3858
1,0.6138,2,0.3435
1,0.6646,3,0.3705
1,0.5401,3,0.3736
1,0.5611,3,0.3631
1,0.5912,2,0.3467
1,0.7006,2,0.3621
1,0.6526,3,0.386
1,0.7112,3,0.3744
1,0.7327,3,0.3854
1,0.5978,3,0.3717
1,0.6285,2,0.3105
1,0.6918,3,0.4088
1,0.7032,3,0.3708
1,0.8154,2,0.3682
1,0.7764,2,0.4043
1,0.6258,2,0.3332
1,0.6278,2,0.3245
1,0.6507,3,0.3905
1,0.7812,2,0.3712
1,0.5978,3,0.4346
1,0.6215,3,0.3789
0,0.4729,1,0.3207
1,0.7496,3,0.4165
1,0.6388,3,0.3756
1,0.7433,2,0.3907
1,0.6032,3,0.3809
1,0.5667,3,0.3512
1,0.6069,2,0.3301
1,0.5737,3,0.355
1,0.5737,3,0.355
1,0.5737,3,0.355
1,0.6829,2,0.345
1,0.5737,3,0.355
1,0.7186,2,0.3739
1,0.5135,3,0.3573
1,0.7345,3,0.4103
1,0.7255,3,0.391
1,0.7078,2,0.3598
1,0.6611,3,0.3623
1,0.7496,3,0.4165
1,0.5558,2,0.3322
1,0.7063,3,0.3884
0,0.4729,1,0.3207
1,0.6403,3,0.383
1,0.5765,2,0.3428
1,0.6889,3,0.3814
1,0.6847,3,0.3997
1,0.6758,2,0.3313
1,0.5261,3,0.362
1,0.6983,2,0.3481
1,0.7003,2,0.3497
1,0.7386,2,0.3486
1,0.5819,3,0.3753
1,0.7933,3,0.4017
1,0.7383,2,0.35
1,0.5257,3,0.3622
1,0.6207,3,0.3836
1,0.6918,3,0.4049
1,0.5697,3,0.375
1,0.6585,2,0.3659
1,0.6069,3,0.3749
1,0.623,3,0.3855
1,0.6004,3,0.381
1,0.8026,3,0.4254
1,0.5633,2,0.3363
1,0.5714,3,0.3915
1,0.7187,2,0.359
0,0.4729,1,0.3207
1,0.6463,2,0.3388
1,0.7805,3,0.4074
1,0.533,2,0.3397
1,0.6735,2,0.3592
1,0.5564,3,0.3417
1,0.7276,3,0.4421
1,0.6946,3,0.3951
1,0.6238,3,0.3849
1,0.5816,3,0.3716
1,0.6526,2,0.3467
1,0.5895,3,0.3627
1,0.5322,2,0.3104
1,0.6181,3,0.3764
1,0.5999,2,0.371
1,0.7052,2,0.3497
1,0.5813,3,0.3578
1,0.5109,2,0.3401
1,0.6537,2,0.3526
1,0.6099,3,0.3718
1,0.6099,3,0.373
1,0.7214,3,0.3834
1,0.5981,2,0.3514
1,0.6776,2,0.3617
1,0.7143,3,0.3657
1,0.6278,2,0.3245
1,0.5782,2,0.3389
1,0.8292,2,0.3944
0,0.4729,1,0.3207
1,0.6776,2,0.3617
1,0.7143,3,0.3657
1,0.5565,2,0.3365
1,0.5541,3,0.3565
1,0.6822,3,0.3902
1,0.7846,2,0.3711
1,0.6713,2,0.3659
1,0.6204,2,0.3384
1,0.6064,3,0.3815
1,0.7109,2,0.3767
1,0.6376,3,0.368
1,0.7138,2,0.4007
1,0.6016,3,0.3585
1,0.7583,3,0.4041
0,0.4729,1,0.3207
1,0.6114,2,0.351
1,0.5819,3,0.3769
1,0.5627,2,0.3206
1,0.6024,3,0.4036
1,0.7034,2,0.3429
1,0.7477,2,0.3815
1,0.5352,2,0.3509
1,0.6608,2,0.3798
1,0.6548,2,0.3659
1,0.6732,2,0.3247
1,0.7255,3,0.389
0,0.4729,1,0.3207
1,0.7837,2,0.3762
1,0.5047,2,0.3335
1,0.7397,2,0.3713
1,0.6525,2,0.3377
1,0.6754,2,0.3554
1,0.7295,2,0.3765
0,0.4806,1,0.3118
1,0.7361,3,0.4136
1,0.6277,3,0.3669
1,0.5914,2,0.3531
1,0.6976,3,0.368
1,0.6353,2,0.3499
1,0.6831,2,0.3653
1,0.7459,3,0.3879
1,0.6811,3,0.3946
1,0.6157,2,0.3375
1,0.5845,3,0.3419
1,0.8323,2,0.3826
1,0.6891,3,0.3641
1,0.5579,3,0.3476
1,0.5577,3,0.3565
1,0.7325,2,0.3506
1,0.6719,3,0.3788
0,0.4729,1,0.3207
1,0.6216,2,0.3242
1,0.6592,2,0.3479
1,0.6582,3,0.3854
1,0.5782,3,0.3609
1,0.6958,2,0.3434
1,0.5485,3,0.3576
1,0.5849,2,0.351
1,0.5867,2,0.3387
1,0.7294,2,0.3359
1,0.7864,3,0.4016
1,0.6005,3,0.3576
1,0.7001,2,0.3825
1,0.6624,2,0.3679
1,0.5303,3,0.3828
0,0.4613,1,0.3277
1,0.6631,3,0.3521
1,0.6573,2,0.3699
1,0.6237,2,0.3393
1,0.6159,2,0.328
1,0.6378,2,0.3747
1,0.73,2,0.3829
1,0.5059,2,0.3234
1,0.6977,2,0.3629
1,0.7182,2,0.3716
1,0.6782,2,0.3475
1,0.6393,2,0.3299
1,0.7036,2,0.3446
0,0.4729,1,0.3207
1,0.7249,3,0.4068
1,0.6662,2,0.3571
1,0.6717,3,0.3868
1,0.6248,2,0.3506
1,0.8185,3,0.4033
1,0.6794,2,0.3534
1,0.6957,3,0.4023
1,0.7326,3,0.4483
1,0.613,2,0.3571
1,0.6159,2,0.3481
1,0.637,2,0.3323
1,0.5745,2,0.3323
1,0.7345,2,0.3801
1,0.5233,3,0.3509
1,0.7206,3,0.3759
1,0.7452,2,0.387
1,0.5831,3,0.3477
1,0.7552,2,0.3658
1,0.646,3,0.393
1,0.7638,3,0.4086
0,0.4729,1,0.3207
1,0.653,3,0.3893
1,0.7619,2,0.3884
0,0.4729,1,0.3207
1,0.6789,2,0.3528
1,0.6637,2,0.3512
1,0.6363,2,0.357
1,0.6525,2,0.3221
1,0.6925,3,0.4315
1,0.5747,3,0.3759
1,0.5474,3,0.377
1,0.7196,2,0.3807
1,0.7727,3,0.3946
1,0.5751,3,0.3862
1,0.7493,2,0.3518
1,0.7037,3,0.3988
1,0.6197,2,0.3271
1,0.6285,2,0.3351
1,0.6626,3,0.4243
1,0.6028,2,0.3075
1,0.5976,2,0.3282
1,0.7384,3,0.391
1,0.7427,2,0.3558
1,0.7159,3,0.3765
1,0.6484,2,0.3589
1,0.7044,2,0.3575
1,0.745,2,0.3432
1,0.6758,2,0.3568
0,0.4729,1,0.3207
1,0.6372,2,0.3496
1,0.7877,2,0.3821
1,0.5762,2,0.3494
1,0.7187,2,0.3576
1,0.6912,3,0.3646
1,0.7382,2,0.3756
1,0.6726,2,0.3677
1,0.6419,3,0.3693
1,0.5669,2,0.3191
1,0.6107,2,0.3299
1,0.6397,2,0.3304
1,0.6555,2,0.3642
1,0.671,2,0.3591
1,0.6978,3,0.4021
1,0.757,2,0.3393
1,0.5949,2,0.3573
1,0.7059,3,0.3789
1,0.6232,2,0.336
1,0.5859,3,0.3528
1,0.7271,3,0.3906
1,0.723,3,0.3715
1,0.5626,2,0.3269
1,0.6374,3,0.3844
1,0.7077,2,0.3909
0,0.4729,1,0.3207
1,0.717,2,0.3447
1,0.6232,2,0.336
1,0.6545,2,0.3642
1,0.7593,2,0.3545
1,0.693,3,0.4317
1,0.6334,3,0.3849
1,0.555,3,0.3735
1,0.6649,3,0.3869
1,0.5383,3,0.3657
1,0.6778,2,0.3072
1,0.5649,3,0.3603
1,0.5467,2,0.331
1,0.5485,2,0.3121
1,0.7183,3,0.3743
1,0.6266,2,0.3474
1,0.5635,2,0.3496
1,0.7192,3,0.4003
1,0.7599,3,0.3834
1,0.6489,2,0.3541
1,0.7122,2,0.3254
1,0.6615,3,0.389
1,0.6462,2,0.3645
1,0.6779,2,0.3772
1,0.7495,3,0.4046
0,0.4729,1,0.3207
1,0.7179,2,0.37
1,0.6395,3,0.393
1,0.7173,3,0.3716
1,0.7284,2,0.3568
1,0.8037,3,0.4032
1,0.6445,2,0.3428
1,0.5832,3,0.3721
1,0.659,2,0.3285
0,0.4729,1,0.3207
1,0.5039,2,0.3227
1,0.6296,2,0.3493
1,0.6635,2,0.3631
1,0.7608,2,0.3583
1,0.6194,2,0.3561
1,0.6487,3,0.3885
1,0.5877,2,0.3554
1,0.6906,3,0.383
1,0.7454,2,0.3633
1,0.6177,2,0.3447
0,0.4729,1,0.3207
1,0.7504,2,0.3923
1,0.6194,2,0.3561
1,0.6818,3,0.4085
1,0.6882,3,0.3771
1,0.6292,3,0.3725
1,0.6468,3,0.3795
1,0.6706,2,0.3582
1,0.6466,3,0.3751
1,0.6244,3,0.4031
1,0.5713,2,0.3651
1,0.654,3,0.388
1,0.6443,2,0.3208
1,0.7015,2,0.3451
1,0.707,2,0.3668
1,0.6156,3,0.3603
1,0.6627,2,0.3536
1,0.6808,3,0.409
1,0.6347,3,0.3667
1,0.6317,2,0.3372
1,0.6387,2,0.3475
1,0.7019,2,0.3247
1,0.7342,2,0.3568
1,0.7178,3,0.3873
1,0.5786,3,0.3555
1,0.6487,3,0.3885
1,0.5635,3,0.3722
1,0.7504,2,0.3923
1,0.6162,2,0.3492
1,0.6092,2,0.343
1,0.6547,2,0.3091
0,0.4729,1,0.3207
1,0.643,2,0.3344
1,0.591,2,0.3419
1,0.6715,2,0.3518
1,0.6943,3,0.3782
1,0.6785,3,0.3886
1,0.6406,3,0.3725
1,0.6131,3,0.3716
1,0.6033,2,0.3445
1,0.7194,3,0.3901
1,0.6163,3,0.3849
1,0.6416,2,0.338
1,0.6765,2,0.352
1,0.5194,3,0.3622
1,0.6959,3,0.3874
1,0.7074,3,0.3993
1,0.6962,3,0.368
1,0.5289,2,0.3381
1,0.7259,2,0.3413
1,0.7366,2,0.3691
1,0.5753,3,0.3792
1,0.6421,2,0.3604
1,0.6388,2,0.3334
1,0.7304,2,0.3733
1,0.5899,2,0.3454
1,0.6344,3,0.3841
0,0.4729,1,0.3207
0,0.4729,3,0.357
1,0.526,3,0.3548
1,0.5245,3,0.3398
1,0.5678,3,0.3617
1,0.6445,2,0.3748
1,0.7114,3,0.3888
1,0.7623,2,0.3503
1,0.5134,1,0.3051
1,0.7507,2,0.3475
1,0.6005,3,0.3662
1,0.623,2,0.3301
1,0.6251,3,0.399
1,0.6602,3,0.3721
1,0.5396,2,0.3317
1,0.6913,3,0.4065
1,0.7448,3,0.3952
1,0.6015,2,0.3321
1,0.6439,2,0.3449
1,0.6756,2,0.3507
1,0.6623,3,0.3881
1,0.5853,2,0.3395
1,0.5635,3,0.3722
0,0.4729,3,0.357
1,0.7271,2,0.3697
1,0.6237,2,0.3426
0,0.4729,1,0.3207
1,0.7042,2,0.3712
1,0.6711,2,0.3682
1,0.6448,3,0.3783
1,0.648,3,0.3746
1,0.6738,3,0.3815
1,0.6084,2,0.3549
1,0.6949,3,0.357
1,0.6485,3,0.3794
1,0.6194,2,0.3668
1,0.5795,2,0.3498
1,0.6859,3,0.3558
1,0.7504,3,0.4025
1,0.6291,2,0.3451
1,0.6499,3,0.3707
1,0.6048,2,0.3582
1,0.6402,3,0.3619
1,0.5304,2,0.3204
1,0.5934,3,0.3616
1,0.5096,3,0.3408
1,0.7028,3,0.3997
1,0.5486,3,0.3498
1,0.5286,3,0.3539
1,0.7073,2,0.3372
0,0.4729,1,0.3207
1,0.7078,3,0.404
1,0.6326,2,0.3304
1,0.6376,2,0.3522
1,0.7374,2,0.3612
1,0.7265,3,0.3814
1,0.7091,3,0.3862
1,0.6374,3,0.3938
1,0.7979,3,0.4054
1,0.7186,3,0.3931
1,0.5937,2,0.3513
1,0.6858,3,0.3734
1,0.6011,3,0.3878
1,0.6495,2,0.3484
1,0.6725,3,0.4233
1,0.7589,2,0.362
1,0.6208,2,0.348
1,0.6005,3,0.3624
1,0.7671,2,0.347
1,0.7045,3,0.37
1,0.6273,2,0.3567
1,0.5817,2,0.3207
0,0.4729,1,0.3207
1,0.6835,2,0.3352
1,0.6597,3,0.3843
1,0.584,3,0.3618
1,0.6927,3,0.4029
1,0.7061,3,0.3846
1,0.583,2,0.3527
1,0.6142,3,0.4196
1,0.6379,2,0.3656
1,0.6178,3,0.3986
1,0.6725,2,0.3233
1,0.6624,2,0.3333
1,0.6652,2,0.3378
1,0.7161,3,0.3786
1,0.6633,2,0.3444
0,0.4864,3,0.3393
1,0.6806,3,0.3804
1,0.735,2,0.3797
1,0.6046,2,0.3633
1,0.6722,3,0.3877
1,0.7295,3,0.4036
1,0.7477,2,0.3668
1,0.7082,3,0.3932
1,0.55,2,0.3405
1,0.5015,3,0.3557
1,0.7627,2,0.3574
1,0.7857,3,0.3907
1,0.7033,2,0.3393
0,0.4729,1,0.3207
1,0.542,3,0.3763
1,0.5223,2,0.312
1,0.64,2,0.3537
1,0.6788,2,0.3514
1,0.5999,2,0.3497
1,0.6491,2,0.3229
1,0.6335,2,0.3398
1,0.7074,3,0.3827
1,0.6363,2,0.3568
1,0.5759,3,0.3716
1,0.6583,2,0.3438
1,0.6782,3,0.3682
1,0.6146,2,0.3361
1,0.6674,2,0.3814
1,0.7376,2,0.3877
1,0.541,3,0.3541
1,0.6671,3,0.3788
0,0.4729,2,0.3435
1,0.5442,3,0.3343
1,0.6667,3,0.376
1,0.5815,3,0.3727
1,0.6124,2,0.3633
1,0.6718,3,0.3817
0,0.4729,1,0.3207
0,0.4729,1,0.3207
1,0.6434,3,0.3891
1,0.7054,2,0.3165
1,0.7734,3,0.4357
1,0.6169,2,0.3427
1,0.7442,2,0.3893
1,0.6692,2,0.3255
1,0.6687,3,0.3857
1,0.6881,2,0.3763
0,0.4729,2,0.3568
1,0.7306,2,0.3584
1,0.6653,3,0.3759
1,0.5997,2,0.3367
1,0.7153,3,0.4278
1,0.7028,2,0.3653
1,0.7475,3,0.384
1,0.685,3,0.4122
1,0.7176,2,0.3468
1,0.636,2,0.3429
1,0.6438,3,0.3728
1,0.6407,3,0.3684
1,0.7451,2,0.3947
0,0.4729,1,0.3207
1,0.7025,3,0.3669
1,0.5735,2,0.3209
1,0.6738,2,0.3549
1,0.7792,2,0.3733
1,0.5557,3,0.3554
1,0.6393,2,0.3478
1,0.7458,2,0.388
1,0.7028,2,0.3676
1,0.6903,3,0.4101
1,0.5891,2,0.3335
1,0.5837,3,0.3712
1,0.6874,2,0.3634
1,0.6645,3,0.3938
1,0.7496,3,0.4212
1,0.7241,3,0.3875
1,0.7291,2,0.3842
1,0.7284,2,0.3809
1,0.6972,2,0.3572
1,0.7699,2,0.3945
1,0.5992,3,0.382
1,0.7025,3,0.3669
1,0.645,2,0.3743
1,0.6753,2,0.3496
1,0.6889,2,0.3701
0,0.4729,1,0.3207
1,0.6829,3,0.425
1,0.7224,3,0.3919
1,0.6536,3,0.3796
1,0.7108,2,0.3635
1,0.6725,3,0.3962
1,0.6854,3,0.3999
1,0.7442,3,0.3878
1,0.6988,2,0.3466
1,0.6475,3,0.3483
1,0.6747,2,0.3183
0,0.4987,3,0.3533
1,0.7128,2,0.3409
1,0.6405,2,0.3494
1,0.6728,2,0.3695
1,0.65,2,0.3515
1,0.5992,3,0.382
1,0.7035,2,0.3644
1,0.6619,3,0.397
1,0.6577,2,0.3574
1,0.6889,3,0.3952
0,0.4729,1,0.3207
1,0.5778,2,0.341
1,0.6849,3,0.3876
1,0.5003,2,0.3199
1,0.7043,2,0.3423
1,0.6737,2,0.3845
1,0.6978,2,0.3721
1,0.599,2,0.3458
1,0.6872,2,0.3573
1,0.6747,2,0.3762
1,0.6194,2,0.3493
1,0.657,2,0.3661
1,0.713,3,0.4062
1,0.7895,3,0.4052
1,0.6255,2,0.3724
1,0.6702,3,0.3771
0,0.4729,3,0.3928
1,0.6381,2,0.3644
1,0.656,2,0.3363
1,0.7411,2,0.3815
1,0.6797,3,0.3741
1,0.5749,2,0.3283
1,0.5585,2,0.3469
1,0.5992,3,0.382
1,0.6556,2,0.3646
0,0.4729,1,0.3207
1,0.717,3,0.3821
1,0.7817,3,0.4296
1,0.5667,2,0.309
1,0.6192,2,0.367
1,0.6385,3,0.3705
1,0.7829,3,0.4073
1,0.6066,2,0.3404
1,0.6523,2,0.3284
1,0.6384,2,0.3572
1,0.6189,2,0.3479
1,0.6479,3,0.3799
1,0.6882,2,0.3438
1,0.6935,3,0.4005
1,0.5923,3,0.3611
1,0.6707,3,0.3778
1,0.6649,2,0.3156
1,0.5992,3,0.382
1,0.6547,3,0.3723
1,0.6831,3,0.3928
0,0.4729,1,0.3207
1,0.7295,3,0.4073
1,0.7023,2,0.3683
1,0.5817,2,0.3474
1,0.7118,2,0.3602
1,0.7471,3,0.3913
1,0.5553,3,0.3519
1,0.7094,2,0.3795
1,0.6056,3,0.3995
1,0.5269,2,0.3369
1,0.6417,3,0.3767
1,0.7566,3,0.3763
1,0.6459,2,0.3269
1,0.6536,2,0.3781
1,0.6399,3,0.3891
1,0.6563,2,0.36
1,0.5757,2,0.3263
1,0.6743,3,0.3716
1,0.6762,3,0.374
1,0.6318,2,0.3748
1,0.719,3,0.4161
1,0.5683,3,0.3715
1,0.6967,3,0.3751
1,0.7502,2,0.3851
1,0.5992,3,0.382
1,0.7609,3,0.3794
0,0.4729,1,0.3207
1,0.6267,2,0.3515
1,0.7163,2,0.3645
1,0.6353,2,0.3394
1,0.5296,2,0.3425
1,0.625,2,0.3555
1,0.6138,3,0.387
1,0.6438,2,0.359
1,0.6665,2,0.3545
1,0.7138,3,0.3908
1,0.5857,3,0.3566
1,0.6915,2,0.3827
1,0.7684,2,0.3776
1,0.5982,2,0.3386
1,0.6858,2,0.3397
1,0.7133,3,0.3962
1,0.5449,2,0.3219
1,0.5992,3,0.382
1,0.7297,2,0.3985
0,0.4729,1,0.3207
1,0.7506,2,0.3962
1,0.7534,2,0.366
1,0.6577,3,0.3968
1,0.5187,2,0.3261
1,0.6383,3,0.4107
1,0.6677,3,0.3942
1,0.7112,3,0.4018
1,0.6532,2,0.353
1,0.7399,3,0.4034
1,0.6005,2,0.3258
1,0.6554,2,0.3571
1,0.8081,2,0.3683
1,0.7083,2,0.3629
1,0.5824,2,0.3249
1,0.7288,3,0.4062
1,0.7362,3,0.3734
1,0.6653,3,0.3752
1,0.7039,2,0.3504
1,0.6834,2,0.3558
1,0.6039,2,0.348
1,0.646,3,0.393
0,0.4729,2,0.3435
1,0.5992,3,0.382
1,0.6982,3,0.4115
1,0.6353,2,0.3508
1,0.5937,2,0.3655
1,0.5366,3,0.3704
1,0.523,2,0.3602
1,0.6911,3,0.3718
1,0.5634,3,0.362
1,0.6641,2,0.3695
1,0.7323,3,0.3772
1,0.6658,3,0.3915
1,0.756,3,0.4004
1,0.6959,2,0.3441
1,0.6443,3,0.366
1,0.6306,2,0.3643
1,0.7456,2,0.4015
1,0.6897,2,0.3634
1,0.5962,3,0.3618
1,0.6342,2,0.3229
1,0.5388,3,0.3491
1,0.7018,2,0.3775
1,0.7176,2,0.3468
1,0.5992,3,0.382
1,0.6547,3,0.3723
1,0.624,2,0.3163
1,0.6813,2,0.3471
1,0.6125,2,0.3228
1,0.6674,2,0.3435
1,0.5678,3,0.3667
1,0.6567,2,0.3288
1,0.6687,2,0.366
1,0.6231,2,0.3587
1,0.6745,3,0.3662
1,0.6913,2,0.3542
1,0.699,2,0.3601
1,0.6593,3,0.3764
1,0.6327,2,0.3732
1,0.6163,2,0.3692
1,0.7104,2,0.3492
1,0.6743,2,0.3566
1,0.5859,3,0.3528
1,0.7699,2,0.3945
1,0.5992,3,0.382
1,0.7506,2,0.3962
1,0.7334,2,0.3776
0,0.4729,1,0.3207
1,0.6501,2,0.3419
1,0.6287,3,0.4135
1,0.6352,3,0.3928
1,0.6858,2,0.3554
1,0.7366,3,0.4082
1,0.69,3,0.3842
1,0.69,2,0.3575
1,0.6306,2,0.3554
1,0.5162,2,0.3387
1,0.6275,3,0.3808
1,0.7254,3,0.42
1,0.7342,3,0.4214
1,0.6695,2,0.3545
1,0.6495,3,0.366
1,0.7104,2,0.3359
1,0.7432,2,0.3841
1,0.6717,3,0.3619
1,0.5992,3,0.382
1,0.617,2,0.3392
0,0.4729,1,0.3207
1,0.6838,2,0.3411
1,0.7459,2,0.3349
1,0.6851,2,0.3601
1,0.7626,2,0.3849
1,0.6666,3,0.3743
1,0.6556,2,0.3774
1,0.6237,2,0.333
1,0.6503,3,0.391
1,0.5835,3,0.3475
1,0.5787,2,0.3315
1,0.6625,2,0.345
1,0.5555,2,0.3541
1,0.6925,3,0.3978
1,0.7952,3,0.4198
1,0.6275,2,0.3415
1,0.8027,2,0.3839
1,0.7317,2,0.3771
1,0.7122,2,0.3669
1,0.6277,2,0.3513
1,0.7226,2,0.342
1,0.6487,3,0.3885
1,0.5992,3,0.382
1,0.6215,3,0.392
1,0.545,2,0.3376
0,0.4729,1,0.3207
1,0.6838,2,0.3411
1,0.6958,3,0.392
1,0.7383,3,0.3923
1,0.7056,2,0.3269
1,0.5745,2,0.3391
1,0.7467,2,0.3897
1,0.706,3,0.3884
1,0.7021,3,0.4444
1,0.5528,2,0.3386
1,0.5432,3,0.382
1,0.6085,2,0.3528
1,0.7703,2,0.365
1,0.6728,3,0.394
1,0.5696,2,0.3419
1,0.6344,3,0.3754
1,0.6725,3,0.3767
1,0.683,2,0.3547
1,0.6539,3,0.3798
1,0.6719,3,0.3802
1,0.7448,2,0.3388
1,0.6727,2,0.3479
1,0.5992,3,0.382
1,0.6327,3,0.3797
1,0.6465,2,0.3692
1,0.6838,2,0.3411
1,0.5452,2,0.3368
0,0.4729,1,0.3207
1,0.599,3,0.3808
1,0.5201,2,0.3365
1,0.58,2,0.329
1,0.5686,2,0.3322
1,0.6227,2,0.3298
1,0.6494,2,0.3415
1,0.5185,2,0.3325
1,0.513,1,0.3356
1,0.5745,3,0.3695
1,0.5921,2,0.3679
0,0.4729,2,0.3829
1,0.7369,3,0.3754
1,0.7427,2,0.358
1,0.5992,3,0.382
1,0.5405,3,0.3665
1,0.5333,3,0.3644
1,0.6838,2,0.3411
1,0.7235,2,0.3684
1,0.599,3,0.3808
0,0.4729,1,0.3207
1,0.6277,2,0.3489
1,0.6207,2,0.3367
1,0.7309,3,0.3661
1,0.5626,3,0.3805
1,0.6914,2,0.3601
1,0.5245,3,0.3447
1,0.6885,2,0.3629
1,0.6035,3,0.3708
1,0.7006,2,0.3496
1,0.6407,2,0.3641
1,0.5725,2,0.3237
1,0.7524,2,0.3607
1,0.7318,2,0.353
1,0.6448,2,0.3638
1,0.6919,2,0.3473
1,0.5976,2,0.333
1,0.6681,2,0.3349
1,0.6011,2,0.3133
1,0.5992,3,0.382
1,0.6327,3,0.3797
1,0.5333,3,0.3644
1,0.5452,2,0.3368
1,0.6977,2,0.3669
1,0.7097,3,0.4104
0,0.4729,1,0.3207
1,0.7305,3,0.3934
1,0.7029,2,0.37
1,0.6608,2,0.3666
1,0.741,2,0.3999
1,0.658,2,0.3628
1,0.7102,3,0.3953
1,0.5746,3,0.3921
1,0.6716,2,0.3375
1,0.6427,2,0.3645
1,0.609,2,0.3489
1,0.6303,2,0.3618
1,0.6671,3,0.3748
1,0.5225,3,0.3376
1,0.6917,2,0.3521
1,0.6753,2,0.3351
1,0.5427,3,0.3452
1,0.68,2,0.336
1,0.7012,2,0.3279
1,0.7404,2,0.3735
1,0.6194,3,0.3628
1,0.7914,3,0.4453
1,0.6005,3,0.3893
1,0.7152,3,0.4035
1,0.6327,3,0.3797
1,0.5333,3,0.3644
1,0.5489,2,0.3349
1,0.6871,2,0.3699
1,0.7533,3,0.4099
0,0.4729,1,0.3207
1,0.7305,3,0.3934
1,0.7574,2,0.3464
1,0.7253,2,0.3686
1,0.6017,2,0.3396
1,0.5894,2,0.3328
1,0.6663,2,0.3688
1,0.6649,2,0.3802
1,0.6697,2,0.3697
1,0.6982,3,0.3608
1,0.6453,3,0.3875
1,0.6754,3,0.4311
1,0.5464,3,0.3728
1,0.6579,2,0.32
1,0.6917,3,0.4274
1,0.5503,3,0.3461
1,0.6957,3,0.3809
1,0.6158,2,0.3449
1,0.6989,2,0.3767
1,0.6028,3,0.3625
1,0.6852,2,0.3555
1,0.6901,3,0.3707
1,0.6489,3,0.384
1,0.5992,3,0.382
1,0.5405,3,0.3665
1,0.5373,3,0.3846
1,0.5452,2,0.3368
1,0.723,2,0.3401
1,0.7533,3,0.4099
0,0.4729,1,0.3207
1,0.7358,3,0.4175
0,0.4933,1,0.3323
1,0.5607,3,0.3811
1,0.6914,2,0.3435
1,0.6405,2,0.3348
1,0.6637,2,0.338
1,0.6652,2,0.3299
1,0.6721,2,0.3323
1,0.5188,2,0.3282
1,0.5416,3,0.3657
1,0.7527,2,0.3794
1,0.525,3,0.3607
1,0.5872,2,0.3574
1,0.5488,3,0.3472
1,0.7271,2,0.3599
1,0.5974,2,0.3629
1,0.6298,2,0.3712
1,0.6709,2,0.3471
1,0.6631,2,0.3538
1,0.5328,2,0.3323
1,0.7586,2,0.375
1,0.5489,2,0.3349
1,0.6127,3,0.4034
1,0.5342,3,0.3606
1,0.508,3,0.3441
0,0.4852,3,0.3463
0,0.4729,1,0.3207
1,0.5914,3,0.3755
1,0.7584,3,0.4096
1,0.6895,2,0.3543
1,0.71,3,0.3716
1,0.6595,3,0.3766
1,0.6623,2,0.3206
1,0.6124,3,0.3708
1,0.6718,3,0.3696
1,0.5602,3,0.3788
1,0.7522,3,0.3908
1,0.7801,2,0.3544
1,0.6086,3,0.3794
1,0.695,2,0.3833
1,0.6547,2,0.3634
1,0.6004,3,0.381
1,0.6449,2,0.3618
1,0.6228,2,0.3402
1,0.7078,3,0.3875
1,0.7328,2,0.3612
1,0.695,2,0.3644
1,0.7097,3,0.4104
1,0.5616,2,0.3383
1,0.5376,3,0.3665
0,0.4729,1,0.3207
1,0.657,2,0.3457
1,0.679,2,0.358
1,0.708,3,0.4112
1,0.6393,2,0.3459
1,0.6084,2,0.374
1,0.7036,2,0.3494
1,0.7627,2,0.3595
1,0.6209,3,0.371
1,0.6541,2,0.356
1,0.7519,3,0.4169
1,0.6457,2,0.3665
1,0.5901,3,0.3849
1,0.55,3,0.3534
1,0.5908,2,0.3487
1,0.6502,2,0.3494
1,0.6842,3,0.3931
1,0.7272,2,0.3509
1,0.7575,2,0.3876
1,0.6844,3,0.4183
1,0.7593,3,0.3854
1,0.7078,3,0.3875
1,0.586,2,0.3338
1,0.5616,2,0.3383
1,0.5376,3,0.3665
0,0.4729,1,0.3207
1,0.6381,3,0.3662
1,0.6203,2,0.3611
1,0.7,2,0.3587
1,0.5769,2,0.3482
1,0.7225,2,0.3261
0,0.4729,1,0.3207
0,0.4729,1,0.3207
1,0.6769,2,0.3646
1,0.634,2,0.3407
1,0.6557,3,0.3848
1,0.6898,2,0.3473
1,0.6696,3,0.3829
1,0.6307,2,0.3485
1,0.683,2,0.3509
1,0.6783,2,0.3637
1,0.712,2,0.3808
1,0.7156,3,0.3739
1,0.6732,2,0.3702
1,0.7078,3,0.3875
1,0.5445,2,0.3502
1,0.5156,3,0.3704
1,0.5945,3,0.3772
1,0.7078,3,0.3607
0,0.4729,1,0.3207
1,0.7272,3,0.3915
1,0.7771,2,0.3841
1,0.6456,2,0.3634
1,0.6963,3,0.3761
1,0.7254,3,0.4336
1,0.5516,3,0.38
1,0.6098,3,0.386
1,0.6976,2,0.3673
1,0.6127,2,0.3529
1,0.6092,3,0.3903
1,0.6695,2,0.3556
1,0.5644,2,0.3387
1,0.6419,3,0.382
1,0.6,2,0.3456
1,0.6539,2,0.3602
1,0.7584,3,0.3994
1,0.5376,3,0.3665
0,0.4729,1,0.3207
1,0.5718,3,0.3692
1,0.6978,3,0.3977
1,0.6631,2,0.3393
1,0.7274,3,0.4279
1,0.7038,3,0.3653
1,0.7258,2,0.3901
1,0.5973,3,0.3726
1,0.6796,2,0.3786
1,0.624,3,0.3858
1,0.5876,2,0.3607
1,0.5872,3,0.3911
1,0.5628,2,0.3429
1,0.5808,3,0.3593
1,0.7264,2,0.3862
1,0.7359,2,0.3714
1,0.7286,3,0.3953
1,0.5445,2,0.3502
1,0.6811,2,0.3318
1,0.753,2,0.3632
1,0.7726,3,0.4123
0,0.4729,1,0.3207
1,0.5991,2,0.3484
1,0.5516,2,0.3284
1,0.6472,2,0.3498
1,0.662,2,0.361
1,0.6405,2,0.3587
1,0.6521,2,0.3247
0,0.4729,2,0.3972
1,0.7843,2,0.3577
1,0.6594,2,0.345
1,0.7137,3,0.3858
1,0.7009,2,0.3419
1,0.6334,3,0.415
1,0.7435,2,0.3473
1,0.7404,2,0.3963
1,0.6904,3,0.3802
1,0.7299,2,0.3732
1,0.7288,3,0.3871
1,0.6955,2,0.3783
1,0.7822,2,0.3703
1,0.7723,2,0.4061
1,0.7228,2,0.3414
0,0.4729,1,0.3207
1,0.5168,2,0.3363
1,0.5297,3,0.3656
1,0.6935,3,0.3538
1,0.7357,2,0.3912
0,0.4883,2,0.3001
1,0.6921,2,0.3575
1,0.7285,2,0.3574
1,0.6171,3,0.36
1,0.7134,3,0.367
1,0.6869,3,0.3942
1,0.5183,3,0.3426
1,0.6725,2,0.3233
1,0.5904,2,0.3364
0,0.4729,1,0.3207
1,0.6671,3,0.3689
1,0.625,3,0.3733
1,0.7729,2,0.371
1,0.7723,2,0.4061
1,0.7228,2,0.3414
1,0.5473,3,0.3703
1,0.524,3,0.3427
1,0.7543,3,0.3819
1,0.6643,2,0.367
1,0.7311,3,0.4256
1,0.6752,3,0.4237
1,0.6944,3,0.4256
1,0.7142,2,0.3591
1,0.6585,3,0.404
1,0.6237,3,0.3535
1,0.6711,3,0.3773
1,0.733,2,0.3762
1,0.6869,2,0.3822
1,0.6796,3,0.3866
1,0.6655,2,0.3526
1,0.616,2,0.3484
1,0.784,3,0.388
1,0.678,2,0.3818
1,0.5633,3,0.3521
1,0.7278,2,0.3984
1,0.555,2,0.3408
1,0.5473,3,0.3703
1,0.5475,2,0.3466
0,0.4729,1,0.3207
1,0.5882,3,0.3878
1,0.6794,3,0.4022
1,0.7221,2,0.355
1,0.6311,2,0.3432
1,0.6932,2,0.3669
1,0.7571,2,0.3683
1,0.7197,2,0.3393
1,0.661,2,0.3529
1,0.6657,2,0.3632
1,0.6346,3,0.3835
1,0.6739,2,0.3671
1,0.6223,3,0.3679
1,0.5317,2,0.3245
1,0.5855,2,0.3371
1,0.6025,2,0.3507
1,0.7069,2,0.3678
1,0.7458,3,0.4072
1,0.6399,2,0.3528
1,0.7729,2,0.371
1,0.6988,2,0.3782
1,0.5473,3,0.3703
1,0.5407,3,0.3567
1,0.6813,3,0.3978
0,0.4729,1,0.3207
0,0.4729,3,0.3771
1,0.5245,3,0.3637
1,0.6914,2,0.3771
0,0.4729,3,0.408
1,0.5511,3,0.3578
0,0.4952,2,0.3307
1,0.6535,3,0.3953
1,0.5641,2,0.3522
1,0.6712,3,0.3621
1,0.6807,2,0.346
1,0.6381,2,0.3736
1,0.551,3,0.3561
1,0.7387,2,0.3565
1,0.6824,3,0.3915
1,0.6991,2,0.3727
1,0.7151,2,0.3342
1,0.6227,3,0.3929
0,0.4839,2,0.3307
1,0.6535,2,0.3538
1,0.6695,2,0.3598
1,0.5689,2,0.3397
1,0.564,3,0.374
1,0.7222,2,0.3642
1,0.5882,3,0.3878
1,0.5567,3,0.3628
0,0.4729,1,0.3207
1,0.5651,2,0.3361
0,0.4729,2,0.3693
1,0.6562,3,0.3947
1,0.6367,3,0.3757
1,0.678,3,0.3603
1,0.613,3,0.3881
1,0.7446,2,0.365
1,0.7045,2,0.3648
1,0.7468,2,0.3719
1,0.7252,3,0.3851
1,0.7314,3,0.3964
1,0.7199,3,0.4389
1,0.719,2,0.3642
1,0.509,2,0.3389
1,0.7565,2,0.3637
1,0.6334,2,0.3527
1,0.564,3,0.374
1,0.5447,3,0.3454
1,0.5841,3,0.3903
1,0.677,3,0.3797
0,0.4729,1,0.3207
0,0.4729,1,0.3207
1,0.72,2,0.3883
1,0.6929,3,0.4
1,0.551,3,0.3571
1,0.5781,3,0.3506
1,0.7847,3,0.3992
1,0.7726,2,0.3527
1,0.6246,2,0.3526
1,0.6137,2,0.353
1,0.5654,2,0.3228
1,0.5937,3,0.3717
1,0.6263,3,0.3536
1,0.7611,2,0.3949
1,0.6279,2,0.3298
1,0.5315,3,0.3642
1,0.7627,2,0.3871
1,0.7378,2,0.372
1,0.6489,3,0.3806
0,0.4821,2,0.3279
1,0.5805,2,0.3485
1,0.5603,2,0.3631
1,0.6728,2,0.3668
1,0.6049,3,0.3899
1,0.5085,3,0.3398
1,0.6292,2,0.298
1,0.582,2,0.3336
1,0.7121,2,0.3634
1,0.6457,3,0.3607
1,0.6465,2,0.3632
1,0.6201,2,0.3699
1,0.7453,3,0.3979
1,0.7587,2,0.3955
1,0.6951,3,0.4136
1,0.7213,2,0.3476
1,0.6574,2,0.3438
1,0.7413,2,0.3723
1,0.581,2,0.3676
1,0.6784,3,0.3814
1,0.5806,2,0.3268
1,0.7118,3,0.3788
1,0.6638,3,0.3843
1,0.6819,3,0.3963
1,0.7975,2,0.3824
1,0.5407,3,0.3567
1,0.5559,2,0.3459
0,0.4729,1,0.3207
1,0.5191,3,0.3591
1,0.6565,2,0.3801
1,0.722,2,0.3891
1,0.6063,2,0.3718
1,0.6174,2,0.3663
1,0.6598,2,0.3692
1,0.6904,2,0.3559
1,0.5421,3,0.3677
1,0.6143,2,0.3629
1,0.5404,3,0.3718
1,0.6644,2,0.3581
1,0.5873,2,0.3214
1,0.5421,3,0.3677
1,0.5421,3,0.3677
1,0.6184,2,0.3503
1,0.6826,2,0.3677
1,0.7272,2,0.3824
1,0.5421,3,0.3677
1,0.6618,2,0.3478
1,0.6783,2,0.3525
1,0.5382,3,0.3624
1,0.7774,3,0.3823
1,0.7155,3,0.3603
1,0.5936,2,0.3454
0,0.4729,1,0.3207
1,0.6763,2,0.3604
1,0.7559,2,0.3844
1,0.6761,3,0.4077
1,0.622,2,0.3183
1,0.5956,2,0.3544
1,0.7077,2,0.3422
1,0.7056,2,0.3758
1,0.7268,2,0.3612
1,0.6627,2,0.3457
1,0.7343,2,0.3638
1,0.6124,2,0.3457
1,0.6565,3,0.384
1,0.6597,2,0.3487
1,0.5421,3,0.3677
1,0.6885,2,0.3499
1,0.688,3,0.3972
1,0.7169,3,0.3924
1,0.6304,2,0.3371
1,0.6435,2,0.3752
1,0.5447,3,0.3454
1,0.6788,3,0.3723
1,0.7277,3,0.4064
0,0.4729,1,0.3207
1,0.66,3,0.394
1,0.6733,2,0.3453
1,0.6856,2,0.3358
1,0.7591,2,0.3822
1,0.7451,2,0.3502
1,0.683,2,0.3996
1,0.7708,3,0.3979
1,0.6317,2,0.365
1,0.698,2,0.3566
1,0.6772,2,0.3718
1,0.5696,2,0.3419
0,0.4729,1,0.3207
1,0.6967,2,0.3582
1,0.609,3,0.3675
1,0.7439,2,0.3889
0,0.4729,1,0.3207
0,0.4916,1,0.3212
1,0.5425,3,0.3589
1,0.6253,2,0.3515
1,0.6389,3,0.3957
1,0.6414,3,0.3695
1,0.6958,2,0.3738
1,0.5475,2,0.3466
1,0.6521,2,0.3572
1,0.7017,2,0.3348
1,0.7126,2,0.3388
0,0.4729,1,0.3207
1,0.7102,2,0.3612
1,0.6671,2,0.3606
1,0.6014,3,0.3538
1,0.7053,2,0.3386
0,0.4729,2,0.3234
1,0.6231,2,0.347
1,0.6825,3,0.3907
1,0.7445,2,0.3374
1,0.7159,2,0.3488
1,0.6636,3,0.4018
1,0.6601,3,0.3973
1,0.6242,2,0.3471
1,0.7772,2,0.3642
1,0.6417,2,0.3505
1,0.5507,2,0.3463
1,0.7141,2,0.3688
1,0.5915,3,0.3589
1,0.7566,2,0.3696
1,0.6901,2,0.3682
1,0.739,2,0.4141
1,0.7712,3,0.4034
0,0.4729,1,0.3207
1,0.6783,3,0.3844
1,0.6893,3,0.3921
1,0.5982,2,0.3744
1,0.5977,2,0.3443
1,0.6751,3,0.3732
1,0.5242,2,0.3518
1,0.6821,2,0.3486
1,0.6163,2,0.3046
1,0.6491,3,0.3978
1,0.6934,2,0.3409
1,0.6652,2,0.3566
1,0.7401,2,0.3732
1,0.5289,2,0.3393
1,0.6784,3,0.3857
1,0.6842,2,0.3427
1,0.6426,2,0.3544
1,0.6012,3,0.3878
1,0.674,2,0.3768
1,0.762,3,0.4145
1,0.583,2,0.3548
1,0.6293,2,0.3574
1,0.69,3,0.431
1,0.7271,3,0.4037
1,0.7199,3,0.3849
0,0.4729,1,0.3207
1,0.7567,3,0.3768
1,0.6876,3,0.3948
1,0.6984,2,0.3628
1,0.6198,2,0.3482
1,0.7197,3,0.3997
1,0.6397,2,0.3366
1,0.6163,2,0.3337
1,0.7567,3,0.4158
1,0.623,2,0.3503
1,0.6902,2,0.3646
1,0.6122,2,0.3644
1,0.5805,2,0.3477
0,0.4956,2,0.3379
1,0.6917,3,0.3728
1,0.6807,2,0.3448
1,0.5557,3,0.384
1,0.7291,2,0.3808
1,0.7138,2,0.313
1,0.6345,2,0.3154
1,0.7632,2,0.3799
1,0.696,2,0.3767
0,0.4729,1,0.3207
1,0.6734,2,0.3452
1,0.6773,2,0.3609
1,0.6294,2,0.3628
1,0.589,3,0.3731
1,0.6117,3,0.3897
1,0.6831,2,0.3621
1,0.6493,2,0.3502
1,0.5969,2,0.3297
1,0.5592,2,0.3358
1,0.7261,3,0.3986
1,0.714,3,0.3713
1,0.714,3,0.3713
0,0.4729,2,0.367
0,0.4971,2,0.328
1,0.6416,3,0.3766
1,0.5646,2,0.3471
1,0.7184,3,0.3984
1,0.5939,2,0.347
1,0.7891,2,0.4118
1,0.6103,2,0.3572
0,0.4729,1,0.3207
1,0.737,2,0.3708
1,0.5145,3,0.3583
1,0.5642,2,0.3575
1,0.6745,3,0.3788
1,0.6396,2,0.3385
1,0.6332,2,0.3508
1,0.6085,2,0.3243
1,0.5377,3,0.3639
1,0.642,2,0.3644
1,0.5956,3,0.3821
1,0.6914,3,0.4278
1,0.7387,3,0.413
1,0.7138,2,0.3524
1,0.7227,3,0.3996
1,0.5142,3,0.3647
1,0.6829,3,0.4093
0,0.4729,1,0.3207
1,0.6734,2,0.3531
1,0.7385,2,0.3943
1,0.607,2,0.3402
1,0.5285,2,0.3393
1,0.6655,3,0.3784
1,0.7032,3,0.3801
1,0.6435,2,0.3384
1,0.6657,3,0.4104
1,0.7109,2,0.362
1,0.7518,2,0.3798
0,0.4729,1,0.3207
1,0.6326,2,0.368
1,0.6432,3,0.3712
1,0.6848,3,0.3942
1,0.718,2,0.368
1,0.7092,3,0.4056
1,0.6729,2,0.351
1,0.7219,3,0.3898
1,0.5969,3,0.3619
1,0.6896,3,0.3888
1,0.7088,3,0.4085
1,0.5885,2,0.3561
1,0.575,2,0.3349
1,0.587,2,0.3428
1,0.7766,2,0.3819
1,0.5442,2,0.3362
1,0.6355,2,0.3394
1,0.568,3,0.353
1,0.6601,2,0.3489
1,0.5892,2,0.336
0,0.4691,1,0.3308
1,0.5735,2,0.3501
1,0.6516,3,0.4229
1,0.7367,3,0.3838
0,0.4729,1,0.3207
1,0.6117,3,0.4045
1,0.6773,3,0.4392
1,0.6976,3,0.3987
1,0.6194,3,0.349
0,0.4729,3,0.4183
1,0.6082,2,0.3634
1,0.7603,3,0.3883
1,0.5362,2,0.3401
1,0.6679,2,0.3487
1,0.6205,2,0.3749
1,0.6669,2,0.3717
1,0.5821,3,0.3745
1,0.6066,3,0.3691
1,0.6313,2,0.349
1,0.7427,2,0.389
1,0.694,3,0.4013
1,0.683,2,0.3747
1,0.7039,2,0.3717
1,0.6469,2,0.3347
1,0.6336,2,0.3315
1,0.6252,2,0.3412
1,0.6785,2,0.3533
1,0.6684,2,0.365
1,0.7491,2,0.3734
0,0.4729,1,0.3207
1,0.7034,2,0.3641
1,0.5564,3,0.3611
1,0.6997,3,0.3806
1,0.6345,3,0.4052
1,0.5832,2,0.3099
1,0.6685,2,0.3766
0,0.4729,2,0.3536
1,0.5882,3,0.4049
1,0.7186,2,0.3787
1,0.6042,3,0.3589
1,0.7665,2,0.3782
1,0.5855,2,0.3457
1,0.7959,2,0.3706
1,0.5484,3,0.3849
1,0.6366,2,0.3344
1,0.7055,2,0.3661
1,0.6179,3,0.3842
1,0.7259,3,0.3828
1,0.6623,2,0.3564
1,0.6455,2,0.3675
1,0.6112,2,0.3271
1,0.6817,2,0.3602
1,0.6721,3,0.3917
1,0.6395,2,0.3517
1,0.6807,3,0.3751
1,0.7151,2,0.369
0,0.4729,1,0.3207
1,0.7137,2,0.3628
1,0.7289,3,0.403
1,0.5437,3,0.3516
1,0.6962,2,0.371
1,0.7456,2,0.3817
1,0.621,2,0.3246
1,0.6198,3,0.3854
1,0.7164,3,0.4143
1,0.5711,3,0.3754
1,0.7049,2,0.3475
1,0.6623,2,0.3423
1,0.6564,3,0.3669
1,0.6503,2,0.3277
1,0.5885,3,0.3605
1,0.7011,2,0.3765
1,0.6605,3,0.3729
1,0.634,3,0.3652
1,0.6605,3,0.3729
1,0.6595,2,0.3267
1,0.7475,3,0.3921
1,0.6531,2,0.3313
1,0.6936,3,0.4107
1,0.6842,2,0.3543
0,0.4729,1,0.3207
1,0.529,2,0.3416
1,0.6875,2,0.3476
1,0.5269,2,0.3321
1,0.6105,2,0.3684
1,0.7328,2,0.3882
1,0.6883,2,0.3697
1,0.722,3,0.4052
1,0.505,3,0.3672
1,0.6535,2,0.3473
1,0.667,3,0.3732
1,0.6379,2,0.3239
1,0.6422,2,0.3517
1,0.7072,2,0.3566
1,0.6687,3,0.3824
1,0.7025,2,0.3857
1,0.6546,3,0.3842
1,0.6642,3,0.369
1,0.5564,2,0.3351
1,0.7642,3,0.3937
1,0.5526,2,0.319
1,0.5813,3,0.3505
1,0.6612,2,0.3575
1,0.5839,2,0.333
1,0.7112,3,0.3781
0,0.4729,1,0.3207
1,0.5909,2,0.3458
1,0.5158,3,0.3362
1,0.7051,2,0.3628
1,0.6099,2,0.3384
1,0.5403,3,0.3464
1,0.6064,2,0.36
1,0.6792,3,0.3886
1,0.6825,3,0.3738
1,0.5843,3,0.3555
1,0.5769,3,0.3651
1,0.6767,3,0.3775
1,0.5825,3,0.3554
1,0.5876,2,0.352
1,0.6676,2,0.3671
1,0.5356,2,0.3302
1,0.6967,2,0.3426
1,0.7276,3,0.3938
1,0.6484,3,0.398
1,0.7407,2,0.3619
1,0.6941,2,0.3727
1,0.6723,3,0.3746
1,0.5965,2,0.3603
1,0.7182,2,0.3804
1,0.6543,3,0.3752
1,0.6447,3,0.4019
1,0.6643,3,0.3679
1,0.5411,2,0.3273
1,0.6137,2,0.3482
1,0.7139,3,0.3832
1,0.7586,3,0.4169
1,0.6127,2,0.327
1,0.7118,2,0.3275
1,0.665,2,0.3803
1,0.6011,2,0.3381
1,0.6739,3,0.397
1,0.6949,3,0.3897
1,0.7281,2,0.37
1,0.5873,3,0.4168
1,0.5515,2,0.3467
1,0.7137,2,0.3723
1,0.7445,2,0.3747
1,0.6385,2,0.353
1,0.6471,2,0.3951
1,0.5959,3,0.359
1,0.7282,2,0.3613
1,0.7149,2,0.371
1,0.6616,2,0.3472
1,0.6947,2,0.3565
1,0.6357,3,0.3893
0,0.4729,1,0.3207
1,0.5663,3,0.3557
1,0.6052,2,0.3496
1,0.6266,2,0.3566
1,0.6718,2,0.3616
1,0.6693,2,0.3777
1,0.7162,2,0.3372
1,0.5998,2,0.3587
1,0.5557,3,0.3689
1,0.6605,2,0.369
1,0.5521,2,0.3352
1,0.6531,3,0.3885
1,0.6975,2,0.3483
1,0.7097,2,0.3686
1,0.6637,3,0.3804
1,0.68,3,0.4013
1,0.6072,2,0.3603
1,0.7883,2,0.383
1,0.701,2,0.3454
1,0.7214,2,0.3666
1,0.5977,2,0.3642
1,0.634,2,0.3359
1,0.6924,2,0.358
1,0.6255,2,0.325
1,0.5975,2,0.3367
1,0.6704,2,0.3444
1,0.5286,3,0.3688
0,0.4729,1,0.3207
1,0.6632,2,0.327
1,0.6568,2,0.3237
1,0.6997,3,0.3838
1,0.7344,3,0.3931
1,0.5769,3,0.3651
1,0.5609,2,0.3568
1,0.5333,2,0.331
1,0.5076,3,0.3593
1,0.5045,3,0.3469
1,0.6918,3,0.4008
1,0.6991,2,0.3304
1,0.6561,2,0.3306
1,0.6619,2,0.36
1,0.5327,3,0.3765
1,0.6468,2,0.3507
1,0.603,2,0.3591
1,0.6739,2,0.3464
1,0.6132,3,0.3934
1,0.678,2,0.348
1,0.6576,2,0.3559
1,0.7342,2,0.3882
0,0.4792,2,0.3177
1,0.6075,2,0.3649
0,0.4729,1,0.3207
1,0.5781,2,0.3275
1,0.6497,2,0.3573
1,0.6764,2,0.3454
1,0.6738,3,0.3815
1,0.5668,3,0.3777
1,0.5811,2,0.3451
1,0.6933,3,0.4116
1,0.6571,3,0.3715
1,0.6757,2,0.3541
1,0.7014,2,0.3698
1,0.6937,2,0.339
1,0.6232,3,0.371
1,0.691,2,0.3747
1,0.7445,2,0.3709
1,0.6719,2,0.3609
1,0.6261,3,0.4221
1,0.6817,3,0.4099
1,0.6119,3,0.3934
1,0.6403,2,0.3443
1,0.6928,2,0.3402
1,0.6775,3,0.4298
1,0.6771,2,0.3305
1,0.6149,3,0.3774
1,0.5747,2,0.3509
1,0.5536,3,0.3485
1,0.7137,2,0.3604
1,0.6364,2,0.3513
1,0.5182,2,0.325
1,0.5781,3,0.383
1,0.5259,3,0.3409
1,0.6702,2,0.3593
1,0.7049,2,0.3758
1,0.6088,3,0.4148
1,0.7535,2,0.3553
1,0.6903,3,0.3965
1,0.7172,3,0.3737
1,0.5387,1,0.326
1,0.6089,2,0.3534
1,0.6731,3,0.3984
1,0.5083,2,0.335
1,0.6719,2,0.3188
1,0.7324,2,0.3443
1,0.5746,2,0.3518
1,0.6764,2,0.3603
1,0.6523,2,0.3578
0,0.4729,1,0.3207
0,0.4968,2,0.322
1,0.7043,3,0.4009
1,0.7017,3,0.4031
1,0.668,2,0.3607
1,0.5667,3,0.3826
1,0.6526,2,0.3577
1,0.6182,2,0.3473
1,0.6171,2,0.3388
1,0.764,2,0.3715
1,0.6793,2,0.3202
1,0.6897,2,0.3764
1,0.5812,2,0.3515
1,0.7133,2,0.3657
1,0.6173,3,0.3661
1,0.6961,2,0.3537
1,0.765,2,0.3217
1,0.7011,2,0.3663
1,0.5959,2,0.3333
1,0.5489,2,0.3401
1,0.6183,3,0.3645
1,0.6252,2,0.3619
0,0.4729,1,0.3207
1,0.6922,3,0.3812
1,0.6715,2,0.3383
1,0.5461,3,0.3601
1,0.6086,3,0.4082
1,0.5623,2,0.3259
1,0.6344,2,0.3562
1,0.63,2,0.3519
1,0.5698,3,0.379
1,0.6975,3,0.3862
1,0.6252,2,0.3182
1,0.5737,2,0.3415
1,0.5823,2,0.3178
1,0.6138,2,0.3338
1,0.7854,3,0.414
1,0.6034,3,0.3753
1,0.6807,2,0.3474
1,0.6481,3,0.4027
1,0.5402,3,0.3608
1,0.5292,2,0.3291
1,0.7511,3,0.4015
1,0.5165,2,0.3386
1,0.7528,2,0.3862
1,0.7023,3,0.4073
1,0.5975,2,0.3642
1,0.7331,2,0.374
1,0.6698,2,0.359
1,0.5705,2,0.3342
1,0.6461,2,0.3649
1,0.7218,3,0.4192
1,0.6625,2,0.3468
1,0.5797,2,0.3314
1,0.6186,3,0.3957
1,0.6493,2,0.364
1,0.6636,3,0.3662
1,0.7172,3,0.3896
1,0.7292,2,0.3504
1,0.7137,3,0.3909
1,0.5471,3,0.3702
1,0.5685,2,0.3694
1,0.6032,2,0.3513
1,0.7323,3,0.3846
1,0.7615,3,0.3812
1,0.6246,2,0.3383
1,0.6981,2,0.3846
1,0.607,2,0.3517
1,0.6352,2,0.3513
0,0.4729,1,0.3207
1,0.6199,3,0.3838
1,0.7167,3,0.4061
1,0.5593,2,0.3612
1,0.7965,3,0.3876
0,0.4833,3,0.3366
1,0.565,2,0.3556
1,0.5628,3,0.3875
1,0.7324,2,0.3796
1,0.7677,2,0.3867
1,0.6428,2,0.3189
1,0.5703,2,0.341
1,0.677,3,0.3676
1,0.693,2,0.3848
1,0.6057,3,0.3808
1,0.6218,2,0.3526
1,0.5471,2,0.32
1,0.5805,2,0.3391
1,0.5375,3,0.3593
1,0.6606,3,0.3625
1,0.7695,2,0.3883
1,0.7198,3,0.3882
1,0.6617,2,0.3535
1,0.6143,3,0.39
1,0.5684,1,0.3314
1,0.6385,3,0.3861
1,0.7081,3,0.3918
1,0.8144,3,0.3979
1,0.5351,3,0.3467
1,0.6616,2,0.3634
1,0.6578,3,0.3866
1,0.6299,2,0.3173
1,0.7081,2,0.3595
1,0.7201,2,0.3385
1,0.577,2,0.342
1,0.7362,2,0.3596
1,0.7593,2,0.38
1,0.659,2,0.3542
1,0.6293,2,0.3637
1,0.6789,2,0.3599
1,0.6502,3,0.4084
1,0.5569,2,0.358
1,0.6241,3,0.3943
1,0.6375,2,0.3592
1,0.5873,2,0.3296
1,0.7261,3,0.407
1,0.7745,2,0.3672
1,0.7727,2,0.3676
1,0.6592,3,0.3659
1,0.6941,3,0.3787
1,0.7629,3,0.4069
1,0.6507,2,0.3662
1,0.6398,2,0.3471
1,0.664,2,0.3398
1,0.55,2,0.3365
1,0.6532,3,0.3831
1,0.7153,3,0.4006
1,0.6214,2,0.3597
1,0.6887,3,0.4078
1,0.7237,2,0.373
1,0.6581,2,0.3485
1,0.6146,2,0.3589
1,0.6084,3,0.3572
1,0.7278,3,0.4008
1,0.8,2,0.3646
1,0.5733,3,0.3599
1,0.6898,2,0.3405
1,0.6712,2,0.3642
1,0.5598,2,0.3587
1,0.6636,2,0.3734
1,0.5777,2,0.3493
1,0.5932,2,0.3452
1,0.5666,2,0.3295
1,0.7076,3,0.3997
0,0.4729,1,0.3207
1,0.7079,2,0.3666
1,0.7855,2,0.3687
1,0.7121,2,0.3739
1,0.5699,2,0.3322
1,0.6689,2,0.3584
1,0.605,3,0.3612
1,0.6226,2,0.3604
1,0.6362,3,0.3755
1,0.6061,2,0.3455
1,0.6085,3,0.3703
1,0.6233,3,0.4122
1,0.6596,2,0.3282
1,0.7179,2,0.3579
1,0.6001,2,0.3564
1,0.5247,2,0.3444
1,0.6002,2,0.3401
1,0.7078,3,0.3941
1,0.7023,2,0.3825
1,0.6318,2,0.3279
1,0.696,2,0.3555
1,0.6245,2,0.3616
1,0.5256,2,0.3625
1,0.5612,3,0.3762
1,0.6102,3,0.3604
0,0.4729,1,0.3207
1,0.6943,2,0.3573
1,0.5992,3,0.3959
0,0.4857,1,0.3333
1,0.6484,2,0.3243
1,0.7126,3,0.4
1,0.5745,3,0.3944
1,0.678,2,0.3135
1,0.7056,2,0.3778
1,0.5253,2,0.352
1,0.6974,3,0.3916
1,0.6974,3,0.3916
1,0.5268,3,0.3545
0,0.4729,3,0.3866
1,0.6852,2,0.3867
1,0.7307,2,0.3644
1,0.7099,2,0.3804
1,0.7112,3,0.3966
1,0.5744,2,0.3449
1,0.7202,2,0.3623
1,0.5553,3,0.3817
1,0.5163,3,0.3512
1,0.6119,2,0.3664
1,0.6044,2,0.3407
1,0.6945,2,0.3318
0,0.4729,1,0.3207
1,0.66,2,0.3299
1,0.6757,3,0.3964
1,0.6296,2,0.3522
1,0.6429,2,0.314
1,0.6153,3,0.3991
0,0.4729,1,0.3207
1,0.6591,2,0.3197
1,0.69,2,0.3237
1,0.5659,2,0.3649
1,0.6781,2,0.3575
1,0.7495,3,0.373
1,0.7032,2,0.3908
1,0.6922,3,0.384
1,0.7736,2,0.3444
1,0.6831,3,0.3767
1,0.6179,3,0.3762
1,0.7356,2,0.3674
1,0.7859,2,0.3536
0,0.4729,1,0.3207
1,0.7058,3,0.4144
1,0.7034,2,0.3571
1,0.6529,3,0.3828
1,0.7157,3,0.3905
1,0.6881,2,0.3607
1,0.6048,2,0.3513
1,0.7385,3,0.3772
1,0.615,3,0.3614
0,0.4729,1,0.3207
1,0.7451,2,0.3515
1,0.6225,2,0.3266
1,0.717,2,0.3458
1,0.7274,2,0.3222
1,0.5559,3,0.3535
1,0.6244,3,0.3736
1,0.79,2,0.3787
1,0.6421,2,0.3689
1,0.6537,3,0.3741
1,0.5513,2,0.358
1,0.6319,3,0.3804
1,0.5821,3,0.3912
1,0.7569,2,0.3783
1,0.5909,2,0.3481
1,0.5603,3,0.3793
1,0.5465,3,0.3617
0,0.4729,1,0.3207
1,0.7066,2,0.3437
1,0.6432,3,0.3778
1,0.7165,2,0.3286
1,0.6042,2,0.3317
1,0.5909,2,0.3582
1,0.6951,2,0.3675
1,0.629,2,0.3522
1,0.594,3,0.3701
1,0.6151,2,0.3165
1,0.7257,2,0.3477
1,0.5218,3,0.3462
1,0.5668,2,0.3328
1,0.6626,2,0.3748
1,0.6776,2,0.346
1,0.5574,3,0.3615
1,0.5536,2,0.3118
1,0.5832,2,0.3399
1,0.5172,3,0.3576
1,0.6045,2,0.362
1,0.6099,2,0.3583
1,0.5154,3,0.3818
1,0.6469,2,0.3655
1,0.5578,3,0.3898
1,0.583,3,0.3804
0,0.4729,2,0.3592
1,0.5656,2,0.3434
1,0.5886,2,0.3587
1,0.5951,2,0.3566
1,0.5756,3,0.3436
1,0.6677,2,0.3498
1,0.7396,2,0.3594
1,0.6316,2,0.3208
1,0.5726,2,0.3396
1,0.756,2,0.3511
1,0.6426,3,0.376
1,0.5468,2,0.3225
1,0.7103,2,0.3564
0,0.4729,1,0.3207
1,0.6527,2,0.3319
1,0.5768,3,0.3581
1,0.5872,3,0.3496
1,0.7112,3,0.3705
1,0.6926,3,0.3714
1,0.5905,2,0.3514
1,0.6335,3,0.3657
1,0.7528,2,0.3766
1,0.685,3,0.372
0,0.4729,1,0.3207
1,0.5055,2,0.3339
1,0.5374,2,0.3362
1,0.5819,3,0.3517
1,0.6234,2,0.3355
1,0.6665,2,0.3497
1,0.6645,2,0.357
1,0.5592,2,0.3407
1,0.7239,2,0.3794
0,0.4887,1,0.333
1,0.7722,2,0.3705
1,0.6532,3,0.3719
1,0.6466,2,0.3333
1,0.6819,3,0.3688
1,0.7201,2,0.332
1,0.6935,3,0.4296
1,0.6684,3,0.3818
1,0.7268,3,0.3894
1,0.5821,2,0.3293
1,0.72,3,0.3879
1,0.6332,2,0.3157
1,0.6386,2,0.3514
1,0.591,3,0.3878
1,0.7562,2,0.372
1,0.7742,2,0.3147
1,0.6917,2,0.3882
0,0.4729,1,0.3207
1,0.6202,2,0.328
1,0.7584,2,0.3924
1,0.7461,2,0.3761
1,0.5312,2,0.3517
1,0.7038,2,0.3873
0,0.4827,3,0.3587
1,0.7057,2,0.3341
1,0.5753,3,0.3542
0,0.4859,2,0.3292
1,0.6837,3,0.3899
1,0.6006,3,0.3838
1,0.7298,2,0.3411
1,0.5999,2,0.3525
0,0.4859,3,0.3396
1,0.5427,3,0.3452
1,0.5397,2,0.3479
1,0.6483,2,0.3617
1,0.6592,3,0.3802
1,0.6388,2,0.3529
1,0.7351,2,0.3755
1,0.7305,2,0.3814
1,0.6849,2,0.3553
1,0.6431,2,0.3226
1,0.5933,3,0.3788
1,0.6639,2,0.3359
1,0.6833,3,0.3818
0,0.4729,1,0.3207
1,0.7086,3,0.3939
1,0.6729,3,0.4141
1,0.7326,3,0.3928
1,0.6893,2,0.3752
1,0.5776,2,0.3482
1,0.6453,2,0.3509
0,0.4901,2,0.3237
1,0.6603,3,0.3842
1,0.7392,2,0.369
1,0.7113,2,0.3718
1,0.6256,3,0.3838
1,0.5975,2,0.3474
1,0.7369,3,0.3962
1,0.662,3,0.4117
1,0.5452,2,0.3338
1,0.7874,3,0.4217
1,0.6344,2,0.3486
1,0.6235,3,0.3926
1,0.5489,3,0.3867
1,0.7299,3,0.3838
1,0.6542,2,0.358
1,0.6181,2,0.3014
1,0.6643,3,0.3758
1,0.6646,3,0.3917
1,0.6237,2,0.3736
1,0.5191,3,0.3513
1,0.7471,2,0.3661
1,0.7611,3,0.4097
1,0.6328,2,0.3586
1,0.62,3,0.3653
1,0.6835,3,0.3947
1,0.7569,2,0.3385
1,0.7859,2,0.3926
1,0.5262,2,0.3382
1,0.6683,2,0.3793
1,0.7274,2,0.3557
1,0.6684,3,0.3783
1,0.5678,2,0.336
1,0.5664,3,0.3403
1,0.5138,3,0.3509
1,0.5447,1,0.3231
1,0.5937,2,0.3471
1,0.6403,2,0.3514
1,0.5596,3,0.3945
1,0.6018,2,0.352
1,0.6278,3,0.3756
0,0.4729,1,0.3207
1,0.6362,2,0.336
1,0.5017,2,0.324
1,0.7206,3,0.3999
0,0.4937,3,0.361
1,0.669,3,0.3724
1,0.5491,1,0.3096
1,0.7093,2,0.364
1,0.5844,3,0.3946
1,0.6652,2,0.3561
1,0.6355,2,0.352
1,0.6947,2,0.3225
1,0.5717,3,0.3892
1,0.575,2,0.3411
1,0.6243,2,0.3495
1,0.5304,3,0.3856
1,0.7328,2,0.3187
1,0.6155,3,0.3694
1,0.6766,3,0.3814
1,0.6629,2,0.3484
1,0.7868,3,0.4211
1,0.6361,3,0.3737
1,0.5954,3,0.4007
1,0.7363,3,0.3717
0,0.4729,1,0.3207
1,0.6031,2,0.3418
0,0.4729,1,0.3207
1,0.7148,2,0.3513
1,0.6797,3,0.405
1,0.6699,2,0.3203
1,0.7169,2,0.3394
1,0.5661,3,0.3854
1,0.636,2,0.3426
1,0.7317,2,0.3798
1,0.5839,2,0.3219
1,0.7222,3,0.4236
1,0.7164,2,0.3604
1,0.67,2,0.3863
1,0.6475,2,0.3437
1,0.5889,3,0.352
1,0.6234,2,0.3276
1,0.7717,3,0.3926
1,0.5995,2,0.336
1,0.732,2,0.386
1,0.6861,3,0.3922
1,0.7205,3,0.3838
1,0.7143,2,0.357
0,0.4796,2,0.3278
1,0.5343,3,0.3612
1,0.537,3,0.3459
1,0.652,2,0.3716
0,0.4729,1,0.3207
1,0.5287,3,0.364
1,0.7409,2,0.3697
1,0.7323,3,0.3684
1,0.5458,2,0.355
1,0.6627,3,0.3994
1,0.6254,2,0.3563
1,0.6338,2,0.3306
1,0.7044,2,0.3265
1,0.5475,3,0.3438
1,0.5553,3,0.3817
1,0.6984,2,0.3673
1,0.5773,3,0.3676
1,0.6471,3,0.3763
1,0.5233,3,0.3341
1,0.5062,3,0.3438
1,0.5871,2,0.3136
1,0.6892,2,0.3572
1,0.6286,2,0.3695
1,0.6709,2,0.3534
1,0.5328,3,0.3591
0,0.4729,1,0.3207
1,0.6406,2,0.3408
1,0.7565,3,0.4135
1,0.6926,2,0.3735
1,0.6574,2,0.3332
1,0.58,3,0.3864
1,0.5307,2,0.3305
1,0.6845,2,0.3448
1,0.6567,2,0.3377
1,0.554,2,0.3185
1,0.5464,2,0.339
1,0.5516,3,0.3678
1,0.6267,3,0.3816
1,0.6848,2,0.3775
1,0.5015,2,0.3283
1,0.5946,2,0.3544
0,0.4729,1,0.3207
1,0.7228,3,0.4142
1,0.5299,3,0.3634
1,0.5863,2,0.3377
1,0.6766,2,0.3051
1,0.72,3,0.429
1,0.6471,2,0.3268
1,0.7218,2,0.3491
1,0.6226,3,0.377
0,0.4729,1,0.3207
1,0.5864,3,0.3727
1,0.6454,2,0.3538
1,0.6607,2,0.3242
1,0.7726,2,0.406
1,0.6792,2,0.3209
1,0.5149,3,0.3533
1,0.6535,3,0.3581
1,0.6548,3,0.37
1,0.5506,2,0.3183
1,0.5598,3,0.3635
1,0.7426,3,0.3767
1,0.534,3,0.3845
1,0.6391,2,0.3405
1,0.6168,2,0.3497
1,0.6356,2,0.3183
1,0.6566,2,0.3705
0,0.4815,2,0.3013
1,0.5874,3,0.3798
1,0.7087,2,0.354
1,0.5666,2,0.3201
1,0.6387,2,0.3382
1,0.6582,2,0.3462
1,0.6584,2,0.3743
1,0.5717,2,0.3399
1,0.6879,2,0.3658
1,0.6472,3,0.3681
1,0.6682,2,0.3584
1,0.6348,3,0.3876
1,0.7539,3,0.4016
1,0.6898,2,0.3573
1,0.7126,2,0.3677
1,0.7518,3,0.4212
1,0.6364,2,0.348
1,0.5408,3,0.3748
1,0.5843,3,0.3619
1,0.5508,2,0.349
1,0.6387,2,0.3588
1,0.6824,2,0.3449
1,0.6124,3,0.3708
1,0.7695,3,0.4354
1,0.7022,2,0.3696
1,0.5865,2,0.345
1,0.6347,3,0.3656
1,0.7159,2,0.3262
0,0.4729,1,0.3207
1,0.6182,3,0.3903
1,0.7473,2,0.3636
1,0.7546,2,0.3835
1,0.6615,2,0.3525
1,0.5773,3,0.3764
1,0.5383,3,0.3657
1,0.5481,3,0.3618
1,0.6748,2,0.347
1,0.5498,2,0.3385
1,0.7304,2,0.3607
1,0.6704,3,0.4046
1,0.5945,2,0.3649
1,0.7092,3,0.4142
1,0.7655,2,0.3732
1,0.7179,2,0.3795
0,0.4729,1,0.3207
1,0.788,2,0.3842
1,0.6458,1,0.35
1,0.7398,3,0.3839
1,0.7633,2,0.3828
1,0.7208,2,0.3589
1,0.7412,2,0.3425
1,0.5192,3,0.3686
1,0.6194,2,0.3682
1,0.7311,2,0.3714
1,0.6941,2,0.3556
1,0.75,3,0.3788
1,0.7284,3,0.3864
1,0.7327,3,0.3979
1,0.5331,3,0.3657
1,0.5365,3,0.3735
1,0.5374,3,0.377
1,0.6459,2,0.3528
1,0.5675,2,0.342
1,0.6746,3,0.3903
1,0.6064,2,0.3534
1,0.6992,2,0.3621
1,0.6913,3,0.379
1,0.7024,2,0.367
1,0.7374,2,0.3789
1,0.698,3,0.4121
0,0.4729,1,0.3207
1,0.5685,3,0.3876
1,0.647,3,0.4251
1,0.5846,2,0.3344
1,0.6188,3,0.4055
1,0.6459,3,0.3782
1,0.8258,3,0.4292
1,0.5597,3,0.375
1,0.6568,2,0.3442
1,0.6676,2,0.3658
1,0.7751,3,0.4089
1,0.651,2,0.3731
1,0.6479,2,0.3539
1,0.5784,2,0.341
1,0.6249,3,0.3928
1,0.6773,2,0.3563
1,0.6554,2,0.3597
1,0.6407,2,0.3555
1,0.6275,2,0.351
1,0.584,2,0.3394
1,0.6872,2,0.3254
1,0.7004,2,0.3429
1,0.615,2,0.3438
0,0.4729,1,0.3207
1,0.7241,3,0.4039
1,0.5562,2,0.3624
1,0.5688,3,0.3738
1,0.6627,2,0.3437
1,0.5232,2,0.3352
1,0.63,3,0.3746
1,0.5657,3,0.3655
1,0.6716,2,0.3706
1,0.6794,2,0.3522
1,0.7204,2,0.3644
1,0.529,2,0.3338
1,0.6213,2,0.3462
1,0.7693,2,0.3798
1,0.5755,2,0.349
1,0.5494,2,0.3508
1,0.6474,2,0.3494
1,0.6153,3,0.3932
1,0.6484,3,0.3657
1,0.6167,2,0.3447
1,0.5132,3,0.3472
1,0.7241,2,0.3546
1,0.7333,3,0.3843
0,0.4729,1,0.3207
1,0.5075,3,0.3382
1,0.6514,2,0.3464
1,0.5705,2,0.3426
1,0.6877,2,0.3355
1,0.6553,2,0.3517
1,0.7236,2,0.3535
1,0.6913,3,0.4168
1,0.6831,3,0.3809
1,0.6134,2,0.3466
1,0.7147,2,0.3656
1,0.676,2,0.3635
1,0.6733,2,0.3351
1,0.6405,3,0.3728
1,0.6401,2,0.3495
1,0.6779,2,0.3603
1,0.7493,2,0.3878
1,0.5122,2,0.3254
1,0.722,2,0.3554
1,0.61,3,0.347
1,0.7259,2,0.3756
1,0.6338,3,0.3898
1,0.5534,2,0.3299
1,0.6981,2,0.3464
0,0.4729,1,0.3207
1,0.5923,3,0.3882
0,0.4902,2,0.3271
1,0.5451,2,0.3355
1,0.6367,2,0.3648
1,0.764,2,0.3903
1,0.7751,3,0.4089
1,0.6888,2,0.3448
1,0.6541,3,0.4191
1,0.5792,2,0.3431
1,0.6477,3,0.3921
1,0.6799,2,0.3736
1,0.6956,2,0.372
1,0.6163,2,0.3623
1,0.6279,2,0.3374
1,0.5841,2,0.3289
1,0.649,3,0.3937
1,0.7751,3,0.4089
1,0.6412,3,0.3709
1,0.7056,2,0.3631
1,0.5584,2,0.3455
1,0.7751,3,0.4089
1,0.5351,2,0.3452
1,0.6706,2,0.3766
1,0.7081,2,0.3538
1,0.5066,3,0.3641
0,0.4729,1,0.3207
1,0.6626,2,0.3628
1,0.7657,3,0.4073
1,0.6095,2,0.3766
1,0.6578,2,0.3475
1,0.6858,2,0.3669
1,0.6438,2,0.3604
1,0.608,2,0.3603
1,0.6079,2,0.3422
1,0.5713,2,0.3533
1,0.594,2,0.3531
1,0.5383,2,0.3304
1,0.7079,2,0.3388
1,0.5125,2,0.3141
1,0.6897,2,0.3312
0,0.4923,3,0.3406
1,0.7751,3,0.4089
1,0.5677,2,0.3524
1,0.6447,2,0.3487
1,0.5593,3,0.3762
1,0.6202,2,0.3629
1,0.5669,3,0.3843
0,0.4729,1,0.3207
1,0.5206,3,0.3467
1,0.6438,3,0.359
1,0.5679,2,0.3396
1,0.66,3,0.3583
1,0.714,2,0.3297
1,0.7089,2,0.3501
1,0.7201,2,0.3619
1,0.7044,2,0.3517
1,0.6863,2,0.3729
1,0.6774,2,0.3473
1,0.6945,3,0.3979
1,0.5462,2,0.3325
1,0.6005,2,0.3202
1,0.5685,2,0.3593
1,0.7601,2,0.3662
1,0.5567,3,0.3616
1,0.6861,3,0.4169
1,0.6979,3,0.385
1,0.6025,3,0.3884
0,0.4729,1,0.3207
0,0.4893,2,0.3403
1,0.6073,2,0.3548
1,0.632,2,0.3495
1,0.7474,2,0.3821
1,0.6544,3,0.3804
1,0.6597,2,0.3505
1,0.5369,2,0.3635
1,0.5926,3,0.3672
1,0.6751,2,0.3518
1,0.6793,2,0.3713
1,0.6823,2,0.3256
1,0.7553,2,0.3427
1,0.6817,3,0.379
1,0.6308,2,0.3554
1,0.664,3,0.3679
1,0.6469,2,0.3517
1,0.6772,3,0.366
1,0.5551,2,0.3417
1,0.525,2,0.3264
1,0.7545,3,0.4034
1,0.5109,2,0.3267
1,0.6714,2,0.3541
1,0.7546,2,0.3818
1,0.7589,3,0.4317
1,0.7789,2,0.3782
1,0.6382,2,0.3283
1,0.5442,2,0.3438
1,0.7152,3,0.402
1,0.5735,2,0.3369
1,0.7395,3,0.4076
1,0.6266,2,0.367
1,0.6851,2,0.3633
1,0.5195,2,0.35
1,0.6329,2,0.3556
1,0.6672,2,0.3833
1,0.8087,2,0.3796
0,0.4729,1,0.3207
1,0.7535,3,0.4012
1,0.6397,2,0.3566
1,0.5486,3,0.3545
1,0.6059,2,0.323
1,0.7517,3,0.3959
1,0.585,3,0.3516
1,0.6686,2,0.3682
1,0.5812,3,0.3685
1,0.6291,3,0.4162
1,0.5471,2,0.338
1,0.5288,3,0.3661
1,0.657,3,0.3749
1,0.5805,3,0.3632
1,0.5834,3,0.3629
0,0.4841,3,0.3349
1,0.634,3,0.368
1,0.5052,2,0.3535
1,0.6494,2,0.3728
1,0.6845,2,0.3769
1,0.6372,3,0.3628
1,0.7202,3,0.3945
1,0.6899,2,0.3619
1,0.503,3,0.3588
1,0.5048,3,0.3512
0,0.4729,1,0.3207
1,0.5553,3,0.3708
1,0.6792,2,0.3344
1,0.6426,3,0.3964
1,0.5735,3,0.3604
1,0.6475,2,0.3904
1,0.7021,2,0.3533
1,0.6855,2,0.3491
1,0.5945,2,0.3539
1,0.6051,2,0.3521
1,0.6083,2,0.3601
1,0.5832,2,0.344
1,0.7168,3,0.3979
1,0.6822,2,0.3495
1,0.5343,2,0.3306
1,0.6386,3,0.3682
1,0.6447,3,0.3586
1,0.6612,3,0.4107
1,0.663,2,0.3736
0,0.4729,1,0.3207
1,0.7178,3,0.3873
1,0.6558,3,0.3751
1,0.6058,2,0.3562
1,0.5976,3,0.4056
1,0.7013,3,0.3888
1,0.703,2,0.3713
1,0.7148,2,0.3645
1,0.5519,2,0.3246
1,0.6118,2,0.3591
1,0.7608,3,0.4025
1,0.6215,2,0.357
1,0.6227,3,0.3929
1,0.6608,3,0.3917
1,0.6317,2,0.3703
1,0.6167,2,0.3327
1,0.7205,2,0.3343
1,0.5657,3,0.3941
0,0.4729,1,0.3207
1,0.5387,3,0.3469
1,0.7893,2,0.3661
1,0.6618,2,0.363
1,0.7173,3,0.3623
1,0.6758,3,0.3815
1,0.6045,2,0.3555
1,0.5674,3,0.3528
1,0.6203,3,0.3933
1,0.5022,3,0.367
1,0.6641,2,0.3553
1,0.5163,3,0.3422
1,0.5773,2,0.3515
1,0.5174,2,0.3253
1,0.7028,3,0.3957
1,0.7357,2,0.3631
1,0.6474,2,0.3649
1,0.5965,2,0.3182
0,0.4833,3,0.3547
1,0.5279,3,0.3551
1,0.5518,3,0.373
1,0.716,3,0.3901
1,0.5535,2,0.3387
1,0.5251,1,0.3377
1,0.6565,3,0.3841
1,0.6888,2,0.3682
0,0.4729,1,0.3207
0,0.4779,2,0.3227
1,0.699,2,0.3707
1,0.5186,3,0.3482
1,0.5716,3,0.3653
1,0.61,3,0.3682
1,0.6896,2,0.3573
1,0.6529,2,0.3502
1,0.5585,3,0.3612
1,0.6145,3,0.3821
1,0.6622,3,0.3774
1,0.648,3,0.3825
1,0.749,2,0.393
1,0.6854,3,0.3782
1,0.7337,2,0.382
1,0.5839,2,0.3275
1,0.7356,2,0.3619
1,0.7124,2,0.3651
1,0.5968,3,0.3623
1,0.5455,3,0.366
1,0.757,2,0.3509
1,0.5595,2,0.3286
0,0.4729,1,0.3207
1,0.7041,2,0.3616
1,0.6536,3,0.3694
1,0.5244,2,0.3462
1,0.7071,3,0.3829
1,0.6362,2,0.3334
1,0.5004,3,0.3551
1,0.6498,3,0.3863
1,0.5968,2,0.3305
1,0.6058,2,0.341
1,0.7288,2,0.3541
1,0.7378,3,0.4188
1,0.6796,2,0.3441
1,0.6796,2,0.3441
1,0.6976,3,0.3607
1,0.677,2,0.3431
1,0.7446,2,0.3584
1,0.6211,2,0.3507
1,0.6258,3,0.3476
1,0.6798,3,0.3848
1,0.645,2,0.3418
1,0.7111,2,0.3702
1,0.6197,2,0.322
1,0.7117,2,0.3694
0,0.4729,1,0.3207
1,0.6697,2,0.3634
1,0.6731,2,0.3655
1,0.6564,2,0.3815
1,0.6502,3,0.3706
1,0.6874,2,0.3789
1,0.5995,2,0.3189
0,0.4729,2,0.3553
1,0.7696,2,0.3795
1,0.7023,2,0.3607
1,0.7001,2,0.3674
1,0.6174,3,0.3789
1,0.6872,2,0.3452
1,0.6748,3,0.4113
1,0.6237,2,0.3832
1,0.6592,3,0.3757
1,0.7312,2,0.3518
1,0.6117,2,0.3567
1,0.7043,3,0.3999
1,0.7695,2,0.3637
1,0.644,3,0.3865
1,0.6909,2,0.3564
0,0.4729,1,0.3207
1,0.684,2,0.3503
1,0.6592,3,0.3808
1,0.5932,2,0.3273
1,0.704,3,0.3993
1,0.6776,2,0.3427
1,0.5479,2,0.3661
1,0.5825,2,0.3277
1,0.7296,2,0.3631
0,0.4729,1,0.3207
1,0.5853,3,0.3727
1,0.5847,2,0.3705
1,0.716,3,0.3918
1,0.6363,2,0.3528
1,0.723,2,0.3551
1,0.6868,2,0.3616
1,0.6636,3,0.3851
1,0.7127,2,0.3451
1,0.6235,2,0.3489
0,0.4729,1,0.3207
1,0.6645,2,0.367
1,0.7168,2,0.3468
1,0.7824,3,0.3938
1,0.6695,2,0.3453
1,0.6328,3,0.3818
0,0.4729,1,0.3207
1,0.6171,2,0.3336
1,0.6884,2,0.3656
1,0.5945,2,0.3455
1,0.634,2,0.3339
1,0.6642,3,0.3668
1,0.5901,3,0.3589
1,0.6903,3,0.3693
1,0.6728,2,0.3385
1,0.7585,2,0.3741
1,0.5624,3,0.3571
1,0.5406,3,0.3659
0,0.4729,1,0.3207
1,0.5234,2,0.3168
1,0.545,3,0.3588
1,0.7397,2,0.3247
1,0.6397,3,0.3694
1,0.8221,2,0.3864
1,0.548,3,0.3697
1,0.7032,2,0.3566
1,0.6714,2,0.3673
1,0.6401,2,0.3484
1,0.7373,3,0.4129
0,0.4729,1,0.3207
1,0.5705,1,0.3348
1,0.6123,2,0.352
1,0.7197,2,0.3671
1,0.8223,2,0.3717
1,0.7042,2,0.3688
1,0.761,2,0.3583
1,0.6164,2,0.3478
1,0.6885,2,0.3645
1,0.658,3,0.3918
1,0.6894,3,0.3826
1,0.5158,2,0.3144
1,0.5256,1,0.295
0,0.4992,1,0.2885
1,0.5138,2,0.3159
1,0.6785,2,0.3646
1,0.6506,2,0.3489
1,0.6473,3,0.3609
1,0.683,3,0.4054
1,0.672,3,0.3732
1,0.6597,2,0.3503
0,0.4729,1,0.3207
1,0.6175,2,0.3652
1,0.6755,3,0.4241
1,0.7209,2,0.3793
1,0.6657,2,0.3537
1,0.6565,2,0.3473
1,0.6157,3,0.3471
1,0.7089,2,0.3298
1,0.6768,3,0.3845
1,0.5622,2,0.3467
1,0.7409,2,0.338
1,0.7635,2,0.3515
1,0.7492,3,0.3799
1,0.6639,2,0.3298
1,0.6625,2,0.3536
1,0.6749,2,0.3463
1,0.7534,3,0.3888
1,0.5075,2,0.3059
1,0.6816,2,0.3617
0,0.4729,1,0.3207
1,0.5825,2,0.3566
0,0.4825,2,0.3069
1,0.6091,2,0.3535
1,0.5137,2,0.3438
1,0.615,2,0.3465
0,0.4927,2,0.3519
1,0.7235,3,0.3783
1,0.7447,2,0.3607
1,0.685,3,0.372
1,0.711,2,0.3504
1,0.6857,2,0.3538
1,0.5787,2,0.3273
1,0.6548,2,0.3266
1,0.7392,3,0.4101
1,0.6446,2,0.3713
1,0.5892,2,0.3394
1,0.6915,3,0.4018
1,0.6148,3,0.3979
1,0.5097,2,0.3296
1,0.5635,3,0.387
1,0.626,3,0.3672
1,0.5703,3,0.361
0,0.4729,1,0.3207
1,0.5687,3,0.3937
1,0.7233,3,0.4113
1,0.713,2,0.3495
1,0.6268,2,0.3384
1,0.589,3,0.3686
0,0.4729,1,0.3207
1,0.5369,2,0.353
1,0.6321,2,0.3354
1,0.6224,3,0.402
1,0.5687,2,0.349
1,0.5141,2,0.3493
1,0.5312,3,0.3615
0,0.4729,1,0.3207
1,0.5169,2,0.3375
1,0.6801,2,0.3213
1,0.7512,3,0.4301
1,0.6059,3,0.3626
1,0.5951,3,0.3681
1,0.5675,2,0.3201
1,0.5375,1,0.3307
1,0.5927,3,0.3692
0,0.4729,1,0.3207
1,0.7601,2,0.3214
1,0.5306,2,0.3384
1,0.5679,2,0.3351
0,0.4729,1,0.3207
1,0.6874,3,0.4081
1,0.6882,2,0.3649
1,0.6754,3,0.3869
1,0.6047,2,0.3372
1,0.5653,2,0.3592
0,0.4902,2,0.3331
1,0.5838,2,0.326
1,0.5853,3,0.3791
0,0.4729,1,0.3207
1,0.534,2,0.3296
1,0.5687,3,0.3546
1,0.6709,2,0.3749
1,0.5077,1,0.3403
1,0.5516,3,0.3453
1,0.665,2,0.333
1,0.5288,2,0.3486
1,0.626,3,0.38
1,0.7175,2,0.3425
1,0.6373,2,0.3519
1,0.6338,3,0.3934
1,0.5612,3,0.3838
1,0.557,3,0.3922
1,0.5332,3,0.3718
0,0.4729,1,0.3207
1,0.6734,2,0.3427
1,0.6166,3,0.3688
1,0.5822,2,0.3242
1,0.5101,2,0.3517
1,0.5658,3,0.4019
1,0.6402,3,0.3829
1,0.5836,3,0.379
1,0.5553,3,0.3664
1,0.5726,2,0.3405
1,0.5378,3,0.3708
1,0.7194,2,0.3652
1,0.5406,3,0.3654
1,0.7856,2,0.3894
1,0.727,2,0.3593
1,0.594,3,0.3802
1,0.5259,2,0.3322
1,0.6686,3,0.3969
0,0.4729,1,0.3207
1,0.5843,3,0.3839
1,0.5572,3,0.34
1,0.6302,3,0.3865
0,0.4729,1,0.3207
0,0.4907,2,0.324
1,0.578,2,0.3516
1,0.6626,2,0.3814
1,0.6781,3,0.3794
1,0.7333,3,0.3771
1,0.7181,2,0.3767
1,0.7036,2,0.3699
1,0.6032,2,0.3233
1,0.5336,3,0.3624
1,0.6674,3,0.3988
1,0.7101,3,0.3955
1,0.5899,3,0.3825
1,0.6487,3,0.3756
1,0.6236,3,0.398
1,0.5473,2,0.3474
0,0.4729,1,0.3207
1,0.5768,3,0.3986
1,0.5046,2,0.3376
1,0.727,2,0.3499
0,0.4977,1,0.3355
1,0.6034,3,0.3926
1,0.6161,3,0.372
1,0.5534,3,0.3637
1,0.5856,3,0.3588
1,0.8066,2,0.388
1,0.6974,3,0.3993
1,0.6059,3,0.3693
1,0.5146,1,0.3197
1,0.6135,2,0.3591
0,0.4729,1,0.3207
0,0.4779,3,0.3547
1,0.6104,3,0.3723
0,0.494,3,0.3664
0,0.4729,1,0.3207
1,0.5904,2,0.3468
1,0.5638,2,0.3209
1,0.714,3,0.3825
1,0.659,2,0.3737
1,0.5716,2,0.3271
1,0.6707,3,0.3868
0,0.4729,1,0.3207
1,0.5524,3,0.3451
1,0.6724,3,0.4276
0,0.4769,1,0.3256
1,0.5836,3,0.3699
0,0.4764,1,0.3222
1,0.519,2,0.3313
1,0.5526,2,0.344
1,0.5424,3,0.3686
1,0.5151,2,0.334
1,0.6008,3,0.3607
1,0.5555,3,0.3577
1,0.5033,3,0.3514
1,0.6476,2,0.3452
1,0.5233,3,0.3449
1,0.6239,2,0.3519
1,0.6232,3,0.3692
1,0.5897,3,0.3518
1,0.6427,2,0.3686
1,0.7326,2,0.3789
1,0.5271,2,0.346
1,0.7161,2,0.3768
1,0.6044,3,0.3756
1,0.6031,3,0.3726
1,0.7741,3,0.3943
0,0.4729,1,0.3207
1,0.5486,2,0.3457
1,0.6657,2,0.3455
1,0.7053,3,0.3569
1,0.6368,3,0.4013
1,0.6659,3,0.3773
1,0.5572,3,0.395
1,0.567,3,0.3681
1,0.533,3,0.3502
1,0.6009,2,0.3331
1,0.5202,2,0.3403
1,0.7243,2,0.3703
1,0.6467,2,0.3409
1,0.5564,3,0.3604
1,0.5183,2,0.3363
1,0.5905,3,0.3678
1,0.5291,2,0.3273
1,0.7117,2,0.3543
1,0.6257,2,0.3288
1,0.5427,3,0.3575
1,0.5865,2,0.3717
1,0.6733,2,0.3797
0,0.4729,1,0.3207
1,0.6327,3,0.3866
1,0.681,2,0.3678
1,0.5283,3,0.3946
1,0.5576,2,0.3281
1,0.5778,3,0.3763
1,0.5725,3,0.3583
1,0.5797,3,0.3829
1,0.5322,3,0.3589
1,0.6003,2,0.3498
1,0.5785,2,0.3253
1,0.5386,3,0.3519
1,0.6843,3,0.3877
1,0.5342,2,0.3457
1,0.5457,3,0.3699
1,0.5267,3,0.3586
1,0.7242,3,0.3756
1,0.7494,3,0.396
1,0.6305,3,0.3717
0,0.4729,1,0.3207
1,0.5782,3,0.3623
1,0.6668,2,0.3646
1,0.6401,2,0.3518
1,0.5874,2,0.3369
1,0.6561,2,0.3306
1,0.5124,2,0.3421
1,0.6899,3,0.3899
1,0.5322,2,0.3579
0,0.4935,2,0.3297
1,0.5397,3,0.3658
1,0.5479,3,0.3535
1,0.6516,3,0.3871
1,0.5739,3,0.3652
1,0.6441,3,0.3861
1,0.6352,3,0.3784
1,0.631,3,0.3605
1,0.5326,3,0.3611
1,0.6753,2,0.3604
1,0.6779,3,0.4029
1,0.5128,3,0.3697
1,0.6817,2,0.3244
1,0.543,3,0.3617
1,0.587,3,0.3806
1,0.6163,2,0.337
1,0.5417,2,0.3398
1,0.5771,3,0.3821
1,0.615,2,0.3569
1,0.6136,2,0.3551
1,0.5651,3,0.3672
1,0.5589,2,0.3512
0,0.4729,1,0.3207
1,0.5226,2,0.3487
0,0.4729,3,0.3699
1,0.6406,2,0.3552
1,0.581,3,0.3731
1,0.5634,2,0.3445
1,0.6563,2,0.3428
1,0.57,2,0.3298
1,0.6135,3,0.3891
1,0.688,2,0.3665
1,0.611,3,0.3831
1,0.5383,2,0.3383
1,0.7483,3,0.433
1,0.6124,3,0.4009
1,0.5544,2,0.3548
1,0.6458,3,0.3872
1,0.6202,2,0.3371
1,0.6724,2,0.3609
1,0.5657,3,0.3614
1,0.5923,3,0.3937
1,0.5396,2,0.3501
1,0.6013,3,0.3736
1,0.5975,3,0.3619
1,0.5542,3,0.3576
1,0.5566,3,0.3833
1,0.5455,3,0.3621
1,0.6515,3,0.3933
1,0.6193,2,0.3495
1,0.6871,2,0.3191
1,0.731,3,0.3903
1,0.5421,3,0.3431
1,0.6423,3,0.3757
1,0.5108,2,0.3363
1,0.5636,3,0.355
1,0.6995,3,0.3876
1,0.5298,3,0.3844
1,0.5587,3,0.341
0,0.4837,2,0.3257
0,0.4729,1,0.3207
1,0.6805,3,0.3805
1,0.563,3,0.3697
1,0.5893,3,0.3599
1,0.5614,3,0.3634
1,0.6349,2,0.3513
0,0.4973,3,0.3478
1,0.5358,3,0.3606
1,0.6466,2,0.3338
1,0.5442,3,0.3704
1,0.6071,3,0.3653
1,0.5728,2,0.3665
1,0.6136,2,0.3402
1,0.6724,3,0.394
1,0.557,3,0.3487
1,0.6313,3,0.3799
1,0.5442,3,0.3624
1,0.5821,3,0.3849
1,0.602,2,0.3468
0,0.4803,3,0.3551
0,0.4772,3,0.3468
0,0.4729,1,0.3207
1,0.5097,2,0.339
1,0.5291,2,0.3441
1,0.6555,3,0.3885
1,0.6643,3,0.3793
1,0.5899,3,0.3839
1,0.6184,3,0.3829
1,0.6736,2,0.3601
1,0.5495,3,0.3795
1,0.5644,3,0.3687
1,0.6851,2,0.3553
1,0.6851,2,0.3497
1,0.6124,3,0.3903
1,0.6044,2,0.362
0,0.4729,1,0.3207
1,0.6753,2,0.3658
1,0.6236,3,0.3866
1,0.5341,3,0.3469
1,0.6433,3,0.3667
1,0.5911,2,0.3617
1,0.6641,3,0.3811
1,0.6164,3,0.3825
1,0.7246,2,0.3715
1,0.6489,2,0.3446
1,0.7098,2,0.3541
1,0.5439,2,0.344
1,0.6926,2,0.3621
1,0.5884,3,0.3831
1,0.5539,3,0.3542
1,0.5569,3,0.3658
1,0.5663,3,0.3699
1,0.733,2,0.3737
1,0.5985,2,0.3568
1,0.5718,3,0.3784
1,0.6409,2,0.3836
0,0.4729,1,0.3207
1,0.5745,3,0.3787
1,0.6207,2,0.3479
1,0.7162,2,0.3844
1,0.689,2,0.3491
1,0.5673,2,0.3505
1,0.5076,2,0.3182
1,0.6215,3,0.374
1,0.5006,1,0.3379
1,0.5408,3,0.3616
1,0.5939,2,0.3633
1,0.7336,3,0.4055
1,0.7333,2,0.3739
1,0.5584,3,0.3536
1,0.7307,3,0.4259
0,0.4729,1,0.3207
1,0.661,2,0.3729
1,0.5463,2,0.3222
1,0.5535,3,0.3594
0,0.4729,1,0.3207
1,0.6148,2,0.3643
1,0.661,3,0.3866
1,0.7097,3,0.3847
1,0.6157,3,0.3564
0,0.4986,2,0.3298
1,0.5744,3,0.3722
1,0.6165,2,0.3604
1,0.613,3,0.385
1,0.7014,3,0.386
1,0.6152,2,0.3601
1,0.6589,3,0.3782
1,0.6094,3,0.3797
1,0.5713,2,0.3248
1,0.5708,2,0.3591
1,0.5774,3,0.3498
1,0.5113,1,0.3306
1,0.6024,2,0.329
0,0.494,2,0.3387
1,0.5784,3,0.3554
1,0.5068,2,0.3423
1,0.5333,1,0.3225
1,0.5524,3,0.3683
0,0.4729,1,0.3207
1,0.5098,2,0.3354
1,0.5368,3,0.3491
1,0.5719,2,0.3568
1,0.5365,2,0.348
1,0.6132,3,0.3632
1,0.6141,2,0.3712
1,0.5912,2,0.3467
1,0.5877,2,0.3572
1,0.5281,1,0.3335
1,0.6109,2,0.3504
1,0.5686,2,0.3388
1,0.5338,3,0.3619
1,0.5932,2,0.3222
1,0.6338,2,0.3197
1,0.5514,3,0.3542
1,0.7423,2,0.3823
1,0.5704,3,0.3654
1,0.508,3,0.3433
1,0.5651,3,0.3627
1,0.6034,3,0.3707
1,0.5678,3,0.3836
1,0.5697,3,0.3497
1,0.5073,2,0.3404
0,0.4729,1,0.3207
1,0.765,2,0.3244
1,0.5015,3,0.3419
1,0.539,3,0.3515
1,0.621,3,0.4039
1,0.6101,3,0.3993
1,0.5468,3,0.3686
0,0.4946,1,0.328
1,0.6,3,0.3769
1,0.6775,3,0.3709
1,0.6613,2,0.354
1,0.5096,2,0.3338
1,0.6318,3,0.3633
1,0.5192,3,0.3604
1,0.6934,2,0.3309
1,0.5208,2,0.3432
1,0.6625,2,0.3626
1,0.5651,3,0.401
0,0.4729,1,0.3207
1,0.6596,2,0.3745
1,0.5726,3,0.367
1,0.7267,2,0.386
1,0.5862,3,0.3663
1,0.5341,2,0.3486
1,0.7169,3,0.3754
1,0.7446,2,0.3434
1,0.522,3,0.3404
1,0.6642,2,0.3606
1,0.6423,2,0.3698
1,0.5198,3,0.3699
0,0.4729,3,0.3859
1,0.6822,2,0.3809
1,0.6592,2,0.3633
1,0.7422,3,0.3875
1,0.5918,3,0.3783
1,0.5428,3,0.364
1,0.5956,3,0.3658
1,0.6572,2,0.3429
1,0.5021,3,0.353
1,0.6437,2,0.3639
1,0.6724,3,0.3633
1,0.5601,3,0.3692
1,0.6817,2,0.3734
0,0.4729,1,0.3207
1,0.5439,3,0.3392
1,0.5031,2,0.3278
0,0.4873,2,0.3293
1,0.6121,2,0.3685
1,0.5306,2,0.3181
1,0.5722,3,0.3674
1,0.7892,3,0.3866
1,0.5101,3,0.3653
0,0.4729,1,0.3207
1,0.5592,2,0.3406
1,0.5468,2,0.3515
1,0.5267,2,0.3379
1,0.6869,2,0.354
1,0.6393,2,0.3453
1,0.5776,3,0.3821
1,0.5752,3,0.4108
1,0.5469,3,0.371
1,0.5079,3,0.3603
1,0.5717,3,0.3718
1,0.5187,3,0.358
1,0.6566,2,0.3794
1,0.5961,3,0.3773
1,0.7031,3,0.4032
1,0.5747,3,0.355
1,0.653,3,0.4418
1,0.6751,2,0.3667
1,0.727,2,0.3402
1,0.5493,3,0.3611
1,0.5553,3,0.3711
1,0.5794,2,0.3423
0,0.481,3,0.3538
1,0.6152,2,0.3287
1,0.5084,3,0.3467
1,0.5676,2,0.3499
1,0.5429,2,0.336
1,0.5851,3,0.3678
1,0.5914,3,0.3695
1,0.5395,3,0.3758
1,0.7026,3,0.3947
0,0.4729,2,0.3394
1,0.7351,2,0.3807
0,0.4729,1,0.3207
1,0.5916,3,0.3579
0,0.4996,2,0.3153
1,0.7645,2,0.4035
1,0.5615,2,0.3439
1,0.7201,2,0.3847
1,0.7793,2,0.3872
1,0.6485,2,0.3745
1,0.5475,3,0.3706
1,0.5201,2,0.3338
1,0.5296,3,0.3634
1,0.6629,3,0.4182
1,0.729,3,0.4341
1,0.7047,3,0.3988
1,0.5308,2,0.315
1,0.554,2,0.3567
1,0.5222,3,0.3695
1,0.6097,2,0.3588
1,0.6918,2,0.3645
1,0.5095,2,0.349
1,0.5534,3,0.3595
1,0.581,3,0.378
1,0.5854,3,0.389
1,0.5856,3,0.3719
1,0.5573,3,0.3882
1,0.7369,3,0.3929
1,0.5755,2,0.3559
1,0.6839,2,0.3591
1,0.5353,1,0.3419
1,0.5131,3,0.3736
1,0.6351,3,0.3523
1,0.5783,2,0.3491
1,0.5159,2,0.3415
1,0.5206,2,0.3364
0,0.4729,2,0.3508
1,0.6912,2,0.375
1,0.5988,2,0.3294
1,0.5915,2,0.3359
1,0.5794,2,0.3134
1,0.579,3,0.3593
0,0.4729,1,0.3207
1,0.5362,1,0.3295
1,0.6671,2,0.3554
1,0.6056,2,0.3611
1,0.5515,3,0.3616
1,0.6818,2,0.3691
1,0.5958,2,0.3551
1,0.5091,3,0.3465
1,0.6204,2,0.3616
1,0.685,2,0.3399
1,0.6955,2,0.3471
1,0.5213,2,0.3114
1,0.6,3,0.3741
1,0.6879,2,0.3635
1,0.7025,2,0.3856
1,0.5452,2,0.3322
1,0.6193,2,0.3677
1,0.6888,3,0.3924
1,0.5558,2,0.3405
1,0.5644,2,0.3349
1,0.6277,3,0.3749
1,0.5692,2,0.3535
1,0.5158,2,0.3499
0,0.4729,2,0.3441
1,0.551,3,0.3681
1,0.639,2,0.3661
1,0.7538,3,0.4232
1,0.5708,3,0.3721
1,0.6375,2,0.3589
1,0.5147,2,0.3576
1,0.5123,3,0.3688
1,0.596,3,0.4026
1,0.5695,3,0.3633
1,0.567,3,0.3656
1,0.6137,2,0.353
1,0.7086,3,0.3816
1,0.5473,2,0.3322
1,0.5651,2,0.316
1,0.6422,3,0.3719
0,0.4692,3,0.3413
1,0.5315,2,0.3346
1,0.5124,3,0.3648
1,0.6956,3,0.3919
1,0.5953,2,0.3346
1,0.6003,2,0.3373
1,0.5137,2,0.3419
1,0.5623,2,0.34
1,0.5375,2,0.3413
1,0.5432,3,0.3778
1,0.6223,3,0.3499
1,0.595,3,0.3782
1,0.6591,3,0.3952
1,0.6017,3,0.3888
1,0.7049,2,0.3218
0,0.4729,1,0.3207
1,0.6944,2,0.3524
1,0.5676,3,0.3513
1,0.6579,3,0.366
1,0.6516,3,0.3898
1,0.6081,3,0.3763
1,0.5067,3,0.3742
1,0.6574,3,0.4025
1,0.6211,3,0.3883
1,0.6488,2,0.3701
1,0.5356,3,0.3615
1,0.5893,2,0.3402
1,0.5242,3,0.3473
1,0.6819,3,0.3851
1,0.5624,3,0.3647
1,0.5529,3,0.3849
1,0.6022,2,0.3544
0,0.4729,1,0.3207
1,0.67,3,0.4082
1,0.6107,3,0.4044
1,0.5277,3,0.3577
1,0.7004,2,0.3616
1,0.5811,2,0.3537
1,0.7298,2,0.3803
0,0.4992,2,0.3173
1,0.6471,3,0.4039
1,0.5194,3,0.3391
0,0.4729,1,0.3207
0,0.4729,1,0.3207
1,0.5674,3,0.3604
1,0.5537,3,0.3839
1,0.6211,2,0.3404
1,0.5231,2,0.3225
1,0.5363,3,0.3747
1,0.5392,3,0.3533
1,0.6955,2,0.3902
1,0.581,3,0.3989
0,0.5,3,0.3581
1,0.6651,2,0.3763
1,0.5207,3,0.3513
1,0.6943,2,0.3819
1,0.6917,3,0.381
1,0.558,3,0.3478
1,0.5335,3,0.3601
1,0.5196,2,0.3223
1,0.6024,3,0.3661
0,0.4729,1,0.3207
1,0.6326,3,0.381
1,0.5038,3,0.3452
1,0.6496,3,0.3816
1,0.5225,2,0.3352
1,0.5627,3,0.3586
1,0.7408,2,0.3757
1,0.5219,3,0.3557
1,0.6702,2,0.3569
1,0.5686,2,0.3232
1,0.6074,2,0.3636
1,0.6313,3,0.3783
1,0.6714,3,0.3803
1,0.7264,2,0.3727
1,0.5596,2,0.3296
1,0.5216,3,0.3457
1,0.6218,2,0.3481
1,0.6203,3,0.3673
0,0.4729,1,0.3207
1,0.6655,3,0.3859
1,0.662,2,0.3634
1,0.5449,2,0.348
1,0.7951,2,0.3636
1,0.5559,3,0.3403
1,0.5231,3,0.3493
1,0.5354,3,0.3518
1,0.5611,2,0.3451
1,0.5214,3,0.3426
1,0.5569,3,0.371
1,0.67,2,0.3702
1,0.5309,2,0.3423
1,0.6098,3,0.3782
1,0.6286,3,0.3652
1,0.5334,3,0.3662
1,0.5819,2,0.3384
1,0.7003,3,0.4031
1,0.5194,3,0.3601
1,0.5926,3,0.3776
1,0.6155,2,0.3464
1,0.6205,2,0.3546
1,0.6459,2,0.366
1,0.5965,2,0.3455
1,0.6061,2,0.3376
1,0.5751,2,0.3494
1,0.6289,2,0.3284
1,0.6353,2,0.3734
0,0.4729,1,0.3207
1,0.6332,3,0.3767
1,0.7572,2,0.382
1,0.5942,2,0.3464
1,0.6764,2,0.3671
1,0.523,2,0.3489
1,0.6327,3,0.3925
1,0.6612,3,0.3787
1,0.5313,3,0.3433
1,0.5051,3,0.3396
1,0.6337,2,0.3363
1,0.6361,2,0.362
1,0.5996,3,0.3762
1,0.5734,2,0.3085
1,0.529,3,0.4059
1,0.6915,3,0.3929
1,0.5536,3,0.3553
0,0.4729,1,0.3207
0,0.4859,3,0.341
1,0.5597,3,0.3732
1,0.5811,3,0.3825
1,0.6921,2,0.3783
1,0.5925,2,0.366
1,0.5594,2,0.3469
1,0.5986,3,0.3869
1,0.5482,1,0.3231
1,0.6365,3,0.3753
1,0.5461,3,0.3627
1,0.5821,2,0.359
1,0.5155,2,0.3326
1,0.5525,3,0.3635
1,0.6487,3,0.3763
1,0.5315,2,0.3325
1,0.5064,2,0.3289
1,0.6632,2,0.3602
1,0.6978,2,0.3749
1,0.6577,2,0.3456
1,0.568,3,0.3681
1,0.5503,3,0.3625
0,0.4807,1,0.3251
1,0.6381,3,0.3602
1,0.6022,3,0.364
1,0.5815,2,0.3531
1,0.5899,2,0.3545
1,0.5371,1,0.334
1,0.5614,2,0.3447
1,0.5843,2,0.3524
1,0.6569,2,0.3713
1,0.5115,3,0.3599
1,0.7364,2,0.3812
1,0.5261,3,0.3379
1,0.5807,3,0.3658
1,0.7563,3,0.3998
0,0.4958,3,0.3379
1,0.5599,2,0.3461
1,0.5416,2,0.3414
1,0.5171,2,0.3381
1,0.5443,2,0.3433
0,0.4729,1,0.3207
1,0.6673,2,0.3777
1,0.5786,2,0.351
1,0.5286,2,0.3277
1,0.5982,2,0.3486
1,0.6177,2,0.364
1,0.5651,2,0.3168
1,0.6022,3,0.3719
1,0.5881,3,0.361
1,0.6024,3,0.386
1,0.5554,3,0.3673
1,0.544,3,0.3618
1,0.5333,3,0.3603
1,0.7605,3,0.4104
1,0.609,2,0.357
0,0.4729,1,0.3207
1,0.5337,2,0.3525
1,0.6141,2,0.3364
1,0.5292,2,0.3393
1,0.6005,3,0.3741
1,0.5651,2,0.316
1,0.567,3,0.3845
1,0.6168,3,0.3686
1,0.5924,3,0.384
1,0.5355,3,0.339
1,0.5944,2,0.3303
1,0.6017,3,0.3694
1,0.5889,2,0.3426
1,0.5644,2,0.3623
1,0.608,2,0.3389
1,0.5629,3,0.3933
1,0.5594,3,0.365
1,0.5859,3,0.3759
0,0.4729,1,0.3207
1,0.6651,2,0.3245
1,0.6673,3,0.3776
1,0.5373,3,0.347
1,0.6365,3,0.3581
1,0.5625,3,0.3602
1,0.7059,2,0.3847
1,0.6811,2,0.3488
1,0.5856,2,0.3713
1,0.5073,3,0.363
1,0.5985,2,0.3159
1,0.543,3,0.3521
1,0.8045,3,0.4191
1,0.7597,2,0.3832
1,0.6554,3,0.3892
1,0.5154,3,0.3466
1,0.5046,1,0.3458
1,0.5133,1,0.3354
1,0.7393,3,0.4191
0,0.4729,1,0.3207
1,0.685,3,0.3634
1,0.5855,3,0.3819
1,0.5666,2,0.3406
0,0.4872,2,0.3282
1,0.5337,3,0.3528
0,0.4996,2,0.3153
1,0.5764,2,0.3355
1,0.7464,3,0.4032
1,0.562,2,0.3618
1,0.5406,3,0.3627
1,0.5324,2,0.3552
0,0.4994,2,0.3206
1,0.5988,2,0.3461
1,0.5028,2,0.324
0,0.4819,1,0.3319
1,0.5105,2,0.3469
1,0.5907,2,0.342
1,0.5589,2,0.3548
1,0.6184,3,0.3632
1,0.6354,2,0.3479
0,0.4729,1,0.3207
1,0.5679,3,0.369
0,0.4769,3,0.3507
1,0.6575,3,0.3703
1,0.5014,1,0.3232
1,0.5734,2,0.3394
1,0.7175,3,0.3945
0,0.4932,3,0.3468
1,0.5252,3,0.3675
1,0.5842,2,0.3548
1,0.5672,3,0.3798
1,0.5927,2,0.3368
0,0.4729,1,0.3207
1,0.6025,2,0.3395
1,0.5043,1,0.3293
1,0.5916,2,0.3412
0,0.4976,3,0.347
1,0.6743,2,0.3488
1,0.6554,2,0.3624
1,0.5453,3,0.3693
1,0.5195,3,0.3395
0,0.4994,2,0.3444
1,0.6165,3,0.3676
1,0.6097,3,0.373
1,0.573,3,0.3585
1,0.6611,3,0.4016
1,0.5628,2,0.3382
1,0.6554,3,0.3858
1,0.6523,3,0.3895
1,0.5464,3,0.3536
1,0.5899,3,0.3927
1,0.6763,2,0.3643
1,0.7591,2,0.3725
1,0.6027,3,0.3846
0,0.4729,1,0.3207
1,0.7112,3,0.3966
1,0.5125,3,0.3591
1,0.5567,3,0.3648
1,0.5445,3,0.384
1,0.6285,3,0.3777
1,0.6611,3,0.3956
1,0.7197,2,0.3743
1,0.6142,2,0.351
1,0.5878,2,0.3612
1,0.5534,3,0.3557
1,0.5392,3,0.3621
1,0.5835,2,0.3509
1,0.5824,3,0.374
1,0.5738,3,0.3744
1,0.5276,3,0.3515
0,0.4619,2,0.3294
1,0.5128,3,0.354
1,0.5917,3,0.3755
1,0.726,3,0.4039
1,0.5207,2,0.3377
1,0.6477,3,0.3852
1,0.5393,2,0.3412
1,0.622,3,0.4037
1,0.5127,2,0.343
0,0.4729,1,0.3207
1,0.6484,2,0.3612
0,0.4987,2,0.3492
1,0.5336,3,0.3552
1,0.5672,3,0.3713
0,0.4956,3,0.3508
1,0.5251,3,0.3563
1,0.5496,2,0.3718
1,0.5451,3,0.3558
1,0.5662,3,0.4001
1,0.6426,2,0.3882
1,0.542,3,0.3538
1,0.5489,3,0.3578
1,0.547,3,0.3549
1,0.7151,2,0.3618
1,0.5674,3,0.3925
0,0.4729,1,0.3207
1,0.6412,2,0.3643
1,0.6953,3,0.4246
1,0.56,3,0.379
1,0.5176,3,0.3517
1,0.7329,3,0.4267
0,0.4729,1,0.3207
1,0.63,2,0.3562
1,0.7425,2,0.3397
1,0.5789,3,0.3699
1,0.5631,3,0.3537
1,0.6044,3,0.3842
1,0.555,3,0.3555
1,0.6866,3,0.3918
1,0.5882,2,0.3429
1,0.6403,3,0.3914
1,0.7598,2,0.3493
1,0.568,2,0.3442
1,0.5626,3,0.3664
1,0.6058,3,0.4056
1,0.5569,2,0.3568
1,0.6392,2,0.3735
1,0.63,2,0.3421
1,0.6174,2,0.346
1,0.7324,3,0.3914
1,0.5548,2,0.3299
1,0.5537,2,0.344
1,0.731,3,0.4027
1,0.6011,2,0.3456
1,0.5957,3,0.3802
1,0.6274,3,0.3803
1,0.6611,2,0.3458
1,0.686,2,0.3695
1,0.8085,2,0.391
0,0.4729,3,0.3585
1,0.5483,3,0.3764
1,0.5361,2,0.3355
1,0.7192,3,0.4329
1,0.6596,2,0.3584
1,0.6366,2,0.3264
1,0.5742,2,0.3316
1,0.6298,3,0.3991
1,0.5543,3,0.3705
0,0.4989,2,0.3243
1,0.6028,2,0.3657
1,0.5133,2,0.3436
1,0.6607,3,0.3946
1,0.7368,3,0.409
1,0.6851,2,0.3618
1,0.5137,2,0.3407
1,0.631,3,0.3926
1,0.6633,3,0.406
1,0.6776,2,0.3357
1,0.5902,3,0.3785
1,0.577,3,0.3851
1,0.6042,3,0.364
1,0.6678,3,0.376
0,0.4729,1,0.3207
1,0.7576,3,0.4036
1,0.5801,3,0.3856
1,0.6638,2,0.3602
1,0.714,3,0.453
1,0.7421,2,0.3936
1,0.6314,3,0.3926
1,0.7351,3,0.3792
0,0.4729,1,0.3207
1,0.7593,2,0.3601
1,0.7227,2,0.3934
0,0.4729,2,0.359
1,0.6762,2,0.3701
1,0.6079,2,0.3653
1,0.6634,2,0.3558
1,0.6833,3,0.4086
1,0.6324,2,0.3522
1,0.7195,2,0.3733
1,0.6286,2,0.3485
1,0.6863,2,0.3475
1,0.5628,2,0.3358
0,0.4729,1,0.3207
1,0.6318,2,0.3232
0,0.4962,3,0.3521
1,0.5966,2,0.3663
1,0.6678,3,0.3837
1,0.739,2,0.3887
0,0.4809,2,0.3362
1,0.6733,2,0.3561
1,0.6163,3,0.367
1,0.5123,2,0.3345
1,0.6918,3,0.3812
1,0.5698,2,0.3502
0,0.4729,1,0.3207
1,0.6949,2,0.3687
1,0.7511,2,0.37
1,0.6707,2,0.3493
1,0.5721,3,0.3505
1,0.6166,3,0.3829
1,0.7157,2,0.3523
1,0.585,2,0.324
1,0.5199,2,0.338
1,0.7093,3,0.4062
1,0.7711,3,0.4193
0,0.4729,1,0.3207
1,0.6391,2,0.3534
1,0.6044,2,0.3439
1,0.5708,2,0.3249
1,0.7146,2,0.3411
1,0.5079,1,0.3298
1,0.695,3,0.4169
0,0.4729,1,0.3207
1,0.6143,3,0.3816
1,0.6247,2,0.3475
1,0.6157,3,0.3744
1,0.5285,2,0.3485
0,0.4729,1,0.3207
1,0.668,2,0.3618
1,0.6739,2,0.3433
1,0.7879,3,0.4134
1,0.657,2,0.3534
1,0.7461,2,0.3802
1,0.8093,3,0.3936
1,0.593,2,0.3645
1,0.7323,2,0.3582
1,0.7414,3,0.4151
1,0.6896,3,0.3941
1,0.6484,3,0.3877
1,0.5633,3,0.3753
1,0.5932,3,0.3501
1,0.6741,2,0.376
1,0.7023,3,0.3985
1,0.6919,3,0.4094
1,0.6446,2,0.3559
1,0.8026,2,0.3694
1,0.7086,3,0.4105
1,0.5939,3,0.3698
1,0.6835,2,0.3516
1,0.6632,2,0.3527
1,0.6914,2,0.3607
1,0.5531,2,0.3191
1,0.6258,2,0.3249
1,0.5898,3,0.3508
1,0.6148,2,0.3359
1,0.5987,2,0.3371
1,0.7336,3,0.4134
1,0.7621,3,0.4015
1,0.6936,3,0.4003
1,0.6568,2,0.3475
1,0.7009,3,0.4171
1,0.7025,3,0.3959
1,0.672,2,0.3517
1,0.7385,3,0.4057
1,0.7086,3,0.4105
1,0.5914,2,0.322
1,0.6611,2,0.3694
1,0.5556,3,0.3577
1,0.7423,3,0.3923
1,0.698,3,0.3771
1,0.626,2,0.3535
0,0.4729,1,0.3207
1,0.7515,2,0.3648
1,0.65,2,0.3455
1,0.6165,3,0.3604
1,0.6085,3,0.3669
0,0.4891,1,0.3296
0,0.4885,3,0.3417
1,0.7187,2,0.3149
1,0.5987,2,0.3371
1,0.6164,3,0.3649
1,0.5664,3,0.3788
0,0.4729,1,0.3207
1,0.7355,2,0.3645
0,0.4729,1,0.3207
1,0.6137,2,0.3676
1,0.6422,2,0.3524
1,0.6149,3,0.376
1,0.6678,3,0.3784
1,0.6367,2,0.3776
1,0.6364,2,0.3756
1,0.5996,2,0.3368
1,0.6517,3,0.3627
1,0.676,2,0.3691
1,0.7137,2,0.3263
1,0.7043,2,0.3576
0,0.4729,1,0.3207
0,0.4729,1,0.3207
1,0.5194,2,0.3438
1,0.7884,2,0.3399
1,0.7322,2,0.3787
1,0.7454,3,0.4289
1,0.5806,2,0.3136
1,0.5846,2,0.3393
1,0.6852,3,0.3787
0,0.4729,3,0.3522
1,0.7163,2,0.3555
1,0.6137,2,0.3676
1,0.6422,2,0.3524
1,0.7567,2,0.3806
1,0.6209,2,0.3626
1,0.6902,2,0.374
1,0.7046,2,0.3574
1,0.726,3,0.4165
1,0.6549,3,0.3694
1,0.5996,2,0.3368
1,0.6262,2,0.3625
1,0.6259,3,0.3552
1,0.7256,2,0.3495
1,0.6928,2,0.3578
1,0.6135,2,0.3451
1,0.6164,3,0.3634
0,0.4729,2,0.3358
1,0.7163,2,0.3555
1,0.6843,2,0.3933
1,0.7312,3,0.4105
1,0.7859,2,0.3356
1,0.7359,2,0.3569
1,0.6358,2,0.3357
1,0.6898,2,0.3538
1,0.5148,2,0.3149
1,0.7423,2,0.3881
1,0.731,2,0.3791
1,0.7418,2,0.3758
1,0.7036,3,0.393
1,0.7297,3,0.3752
1,0.6367,2,0.3532
1,0.6256,2,0.3529
1,0.5719,2,0.3424
1,0.7097,2,0.3552
1,0.6731,2,0.3226
1,0.6102,3,0.3768
1,0.5743,2,0.3651
1,0.702,2,0.3738
1,0.6503,2,0.3425
1,0.7135,2,0.3855
1,0.5873,2,0.3342
1,0.7914,3,0.4093
1,0.7414,2,0.3692
1,0.6661,2,0.3647
1,0.7078,2,0.3461
1,0.6491,2,0.3338
1,0.6718,2,0.3496
1,0.6718,2,0.3592
1,0.5495,2,0.3383
1,0.6512,2,0.3567
1,0.6794,3,0.3611
1,0.6567,3,0.3897
1,0.6783,3,0.3674
1,0.7258,3,0.3813
1,0.6003,2,0.3543
1,0.6437,2,0.3467
1,0.7262,3,0.4091
1,0.7653,2,0.3569
1,0.6744,3,0.3775
0,0.4729,1,0.3207
1,0.6936,3,0.3774
1,0.6436,3,0.3867
1,0.6921,2,0.3794
1,0.6245,2,0.3287
0,0.4729,2,0.3822
1,0.7026,2,0.3329
1,0.6702,2,0.3925
1,0.6064,3,0.3591
1,0.7021,2,0.3524
1,0.6032,2,0.3164
1,0.6229,3,0.3743
1,0.697,3,0.4039
1,0.6552,3,0.37
1,0.7166,3,0.405
1,0.6677,2,0.344
1,0.6181,2,0.322
1,0.6246,2,0.3585
0,0.4729,2,0.337
1,0.745,3,0.4217
1,0.6048,2,0.361
1,0.6164,2,0.338
1,0.6758,2,0.336
1,0.5416,2,0.3074
1,0.7797,3,0.4239
1,0.5961,3,0.379
1,0.6236,2,0.3708
1,0.6271,2,0.3355
1,0.6388,2,0.359
1,0.6695,2,0.3581
1,0.5955,2,0.3224
1,0.722,2,0.3408
0,0.4729,2,0.3465
1,0.6032,2,0.3464
1,0.6032,2,0.3164
1,0.6229,3,0.3743
1,0.647,3,0.3904
1,0.7004,2,0.3817
1,0.6592,2,0.3666
1,0.7528,2,0.3862
1,0.6181,3,0.3911
1,0.7085,2,0.3884
1,0.611,2,0.3558
1,0.7101,2,0.3603
0,0.4785,1,0.3223
1,0.7607,2,0.3925
0,0.4729,1,0.3207
0,0.4729,1,0.3207
1,0.584,2,0.3398
0,0.4729,1,0.3207
1,0.5966,3,0.365
1,0.7607,3,0.4004
1,0.6091,3,0.3504
1,0.8301,3,0.416
1,0.7208,3,0.4221
1,0.7264,3,0.3972
1,0.6141,3,0.3824
1,0.6228,2,0.3391
1,0.6592,3,0.3764
1,0.7031,3,0.4117
1,0.6112,2,0.3635
1,0.6945,3,0.3804
1,0.6334,3,0.3734
1,0.7085,2,0.3884
1,0.775,2,0.3657
1,0.7468,2,0.3548
1,0.7258,3,0.3991
1,0.5365,2,0.3417
1,0.6666,2,0.3508
1,0.672,2,0.3764
1,0.7006,2,0.381
1,0.7859,2,0.3619
1,0.723,3,0.3721
0,0.4729,1,0.3207
1,0.6735,3,0.3754
1,0.626,2,0.3355
1,0.6315,2,0.3567
0,0.4729,1,0.3207
1,0.6007,2,0.3532
1,0.6162,2,0.3377
1,0.7167,2,0.3762
1,0.7395,2,0.3883
1,0.5719,3,0.3785
1,0.6378,3,0.3699
1,0.5921,2,0.3405
0,0.4729,1,0.3207
1,0.5762,3,0.3789
1,0.6677,3,0.3765
1,0.5209,2,0.3374
1,0.5616,3,0.3601
1,0.7002,2,0.3806
0,0.4729,3,0.3627
1,0.6556,2,0.3564
1,0.7684,2,0.3916
1,0.5892,3,0.3966
1,0.581,2,0.3101
1,0.7009,2,0.3253
1,0.6728,2,0.3124
1,0.6025,3,0.3591
1,0.6886,2,0.3592
1,0.7086,2,0.3335
1,0.5833,2,0.3288
1,0.6307,2,0.3165
1,0.6843,2,0.369
1,0.6195,2,0.3408
1,0.6587,2,0.3631
1,0.6699,2,0.3349
1,0.7198,2,0.3766
1,0.6696,2,0.3758
1,0.7403,2,0.3816
1,0.6199,2,0.366
1,0.6847,3,0.3825
1,0.7062,3,0.3979
1,0.6596,2,0.3266
1,0.7347,2,0.3775
1,0.6089,3,0.3783
1,0.6837,2,0.3335
1,0.6835,3,0.3765
0,0.4729,1,0.3207
1,0.5803,2,0.3539
1,0.7208,3,0.393
0,0.4729,1,0.3207
1,0.7103,2,0.3535
1,0.6115,2,0.3499
1,0.72,2,0.3531
1,0.5903,2,0.3423
1,0.7195,2,0.3612
1,0.6107,2,0.3422
1,0.5925,2,0.3456
1,0.5889,2,0.3413
1,0.7256,3,0.3713
1,0.5665,3,0.3622
1,0.7389,2,0.3543
1,0.6868,2,0.3419
1,0.6572,2,0.3495
1,0.6486,3,0.382
1,0.5817,3,0.3544
1,0.7189,2,0.3694
1,0.7004,2,0.3518
1,0.6597,3,0.3739
1,0.6117,3,0.393
1,0.6706,2,0.3296
1,0.717,3,0.4044
1,0.7032,2,0.3627
1,0.8098,3,0.4239
1,0.6846,2,0.3566
1,0.7209,2,0.362
0,0.4729,1,0.3207
1,0.6836,3,0.385
1,0.586,2,0.3503
1,0.7309,3,0.4111
1,0.6059,2,0.3512
1,0.5539,1,0.3314
1,0.6121,2,0.3574
1,0.7091,2,0.3812
1,0.7267,2,0.3551
1,0.6069,3,0.3707
1,0.7048,2,0.3706
1,0.6924,2,0.3942
1,0.715,3,0.383
0,0.4729,2,0.3135
1,0.7183,3,0.4185
1,0.6518,2,0.3465
1,0.7281,3,0.4133
1,0.7053,3,0.3945
1,0.7853,3,0.4067
1,0.7247,2,0.3707
1,0.6569,2,0.3457
1,0.7278,3,0.4052
1,0.8324,2,0.3999
1,0.6728,2,0.3574
1,0.7376,2,0.3804
0,0.4729,2,0.3506
1,0.5614,3,0.3658
1,0.7851,2,0.3589
1,0.6123,3,0.3766
1,0.6914,3,0.4001
1,0.5576,3,0.3668
1,0.5663,3,0.3779
1,0.5692,3,0.3733
1,0.726,3,0.4166
0,0.4729,1,0.3207
1,0.6539,3,0.363
1,0.6913,2,0.3454
1,0.6518,2,0.3465
1,0.7281,3,0.4133
1,0.7053,3,0.3945
1,0.7853,3,0.4067
0,0.4729,1,0.3207
1,0.6221,3,0.353
1,0.7249,3,0.4263
1,0.6113,2,0.3614
1,0.6548,2,0.3668
1,0.6566,2,0.3585
1,0.7311,2,0.3508
1,0.7012,3,0.3781
1,0.7395,3,0.3885
1,0.6294,2,0.3365
0,0.4802,2,0.3282
1,0.6501,2,0.349
1,0.6776,3,0.3942
1,0.6803,2,0.3764
0,0.4977,2,0.3407
1,0.7462,2,0.3647
1,0.5086,2,0.3418
1,0.5417,3,0.3759
1,0.5885,3,0.3599
1,0.5543,3,0.3733
1,0.7036,2,0.3578
0,0.4729,1,0.3207
1,0.654,2,0.3538
1,0.6771,2,0.3642
1,0.6607,2,0.3606
1,0.7232,3,0.423
1,0.7677,3,0.4283
1,0.5664,2,0.3641
1,0.6308,2,0.3518
1,0.5409,3,0.3627
1,0.7808,3,0.3926
1,0.6607,2,0.3668
1,0.7526,3,0.3976
1,0.7001,3,0.3858
1,0.7545,3,0.3945
0,0.4924,2,0.3133
1,0.6428,2,0.3297
1,0.6935,2,0.3417
1,0.5553,3,0.3745
1,0.6269,2,0.3868
1,0.6404,2,0.3327
1,0.7608,2,0.3219
1,0.7138,3,0.4604
1,0.6371,3,0.3747
1,0.7385,2,0.3761
1,0.6583,3,0.3692
1,0.6149,3,0.3691
1,0.6373,2,0.3313
1,0.503,3,0.3398
1,0.68,3,0.379
1,0.7137,2,0.36
1,0.6894,3,0.4051
1,0.7299,2,0.3863
1,0.6802,3,0.3658
1,0.6186,2,0.3504
1,0.6912,2,0.373
0,0.4729,1,0.3207
1,0.6662,3,0.3701
1,0.5953,3,0.3594
1,0.7722,3,0.3984
1,0.6998,3,0.3644
1,0.5648,3,0.3594
0,0.4729,1,0.3207
0,0.4729,3,0.3548
1,0.6784,3,0.3666
1,0.6262,3,0.3619
0,0.4729,1,0.3207
0,0.4729,3,0.4019
0,0.4998,2,0.3197
1,0.6745,3,0.363
1,0.5785,2,0.3528
1,0.7013,3,0.3759
1,0.7105,2,0.3615
1,0.638,3,0.3659
1,0.5645,3,0.376
1,0.6773,2,0.346
1,0.7386,3,0.4074
1,0.5724,3,0.3859
1,0.5971,3,0.3805
1,0.6388,2,0.345
0,0.4729,1,0.3207
1,0.7063,3,0.3686
1,0.6804,2,0.3721
0,0.4729,2,0.3391
1,0.6835,3,0.4056
1,0.5089,3,0.3554
1,0.7325,2,0.3501
1,0.7023,2,0.3712
0,0.4729,2,0.3618
1,0.6598,3,0.3917
1,0.6797,3,0.3968
1,0.6696,3,0.3681
1,0.7469,3,0.3919
0,0.4729,2,0.3449
1,0.5752,2,0.338
1,0.6216,3,0.3768
1,0.634,2,0.3433
1,0.6924,2,0.3687
1,0.7505,2,0.3649
0,0.4729,1,0.3207
1,0.592,3,0.3609
1,0.7632,3,0.3808
1,0.8069,2,0.385
0,0.4729,1,0.3207
1,0.564,3,0.3551
1,0.7128,2,0.3556
1,0.6166,3,0.3742
1,0.7276,3,0.404
1,0.6061,2,0.3564
1,0.7182,3,0.3948
1,0.645,3,0.3588
1,0.5939,3,0.3628
1,0.7124,2,0.3628
1,0.7618,2,0.3812
1,0.6866,3,0.3835
1,0.5605,2,0.3306
1,0.6072,2,0.369
1,0.5445,3,0.3409
1,0.5977,2,0.3608
1,0.7044,2,0.3488
1,0.7567,3,0.3826
1,0.5366,2,0.3406
1,0.6082,2,0.3286
0,0.4729,1,0.3207
1,0.592,3,0.3609
1,0.77,2,0.3677
1,0.6884,2,0.3606
1,0.6613,3,0.3864
0,0.4939,3,0.3375
1,0.551,2,0.3787
1,0.6952,2,0.3736
1,0.622,2,0.3695
0,0.4729,1,0.3207
1,0.7259,3,0.396
1,0.6977,2,0.3822
1,0.7094,2,0.3772
0,0.4729,3,0.3733
1,0.7366,3,0.377
1,0.6779,2,0.3732
1,0.6606,2,0.3379
1,0.6395,2,0.3448
1,0.6109,3,0.3903
1,0.7703,2,0.3899
1,0.5758,2,0.3514
1,0.5551,2,0.3293
1,0.5791,2,0.3715
1,0.6299,3,0.3756
1,0.6773,2,0.3706
1,0.5771,2,0.3377
1,0.7442,2,0.3394
1,0.7044,2,0.3713
1,0.7547,2,0.3596
1,0.7496,2,0.378
1,0.7836,2,0.3749
0,0.4729,1,0.3207
1,0.5967,3,0.3609
1,0.6877,3,0.4138
1,0.61,3,0.4137
1,0.7722,3,0.4109
1,0.6264,3,0.3799
1,0.5695,2,0.3168
1,0.6685,2,0.3273
0,0.4729,1,0.3207
1,0.6514,3,0.3675
1,0.5781,3,0.3526
1,0.6324,2,0.3321
1,0.6079,3,0.3679
1,0.7302,2,0.3858
1,0.5163,3,0.3415
1,0.6273,2,0.3686
1,0.5973,2,0.3434
1,0.7366,3,0.4014
1,0.7115,3,0.4097
1,0.6237,3,0.3724
1,0.7007,3,0.3714
1,0.7146,2,0.3637
1,0.7188,2,0.38
1,0.6154,2,0.345
1,0.8066,2,0.3321
1,0.7015,3,0.379
1,0.6841,2,0.3573
1,0.8687,2,0.4156
1,0.6911,2,0.3494
1,0.6675,3,0.3759
1,0.6879,3,0.3702
1,0.7174,3,0.3861
1,0.6585,2,0.3452
0,0.485,3,0.3491
1,0.7327,3,0.415
1,0.6662,3,0.3807
0,0.4729,1,0.3207
1,0.7384,2,0.3927
1,0.6879,3,0.3702
1,0.5906,3,0.3728
1,0.6667,2,0.3623
1,0.5627,2,0.2987
1,0.7872,3,0.4201
1,0.7121,2,0.3516
1,0.616,2,0.3512
1,0.5417,3,0.3718
1,0.6475,2,0.383
1,0.5373,3,0.3519
1,0.6405,3,0.3549
1,0.5047,2,0.3463
0,0.4729,2,0.3284
1,0.7011,2,0.3664
1,0.7001,2,0.3622
1,0.6809,3,0.3887
1,0.6821,2,0.3465
1,0.7277,3,0.4195
1,0.5738,2,0.3503
1,0.5265,3,0.3359
1,0.7354,2,0.3855
1,0.7276,2,0.367
1,0.6784,3,0.3971
1,0.7,3,0.4023
1,0.6155,3,0.3738
1,0.5936,3,0.3955
0,0.4919,2,0.3331
0,0.4729,1,0.3207
0,0.4729,1,0.3207
1,0.7099,3,0.3834
1,0.6809,2,0.3612
1,0.7897,2,0.3727
1,0.7067,2,0.3507
0,0.4729,2,0.3537
1,0.6199,2,0.3742
1,0.715,3,0.3915
1,0.6386,2,0.3561
0,0.4729,1,0.3207
1,0.646,3,0.3738
1,0.6318,2,0.3554
1,0.7113,2,0.3494
1,0.5971,3,0.355
1,0.5718,2,0.2961
1,0.7483,2,0.3557
1,0.6765,3,0.3978
1,0.6346,2,0.3517
1,0.6291,2,0.3627
1,0.5475,2,0.3375
1,0.5998,2,0.334
1,0.5616,2,0.3368
1,0.5087,3,0.3467
1,0.7506,2,0.3721
1,0.7197,2,0.3467
1,0.5013,2,0.3149
1,0.7032,3,0.3792
1,0.6549,3,0.3701
1,0.7397,2,0.3261
1,0.6756,2,0.392
1,0.6566,3,0.3649
1,0.7598,2,0.3567
1,0.7389,2,0.3677
1,0.5013,2,0.3149
1,0.5687,3,0.3919
1,0.6417,3,0.3822
1,0.7177,2,0.3764
1,0.592,3,0.4078
1,0.6561,3,0.4073
1,0.5832,3,0.3665
1,0.7056,3,0.3809
1,0.5407,3,0.364
1,0.5295,3,0.3532
1,0.7714,3,0.4182
1,0.7826,3,0.4523
1,0.5906,2,0.3117
1,0.6884,2,0.3433
1,0.7195,3,0.4234
1,0.6104,3,0.3527
1,0.6189,2,0.3259
1,0.6794,2,0.3442
1,0.573,3,0.3881
1,0.6104,3,0.3551
1,0.686,2,0.3623
0,0.4729,2,0.3613
1,0.7234,3,0.4091
1,0.6159,2,0.3404
1,0.7516,2,0.3845
1,0.5973,2,0.2991
1,0.656,2,0.3393
1,0.7061,3,0.3967
1,0.7436,3,0.4449
0,0.4729,2,0.3347
1,0.6104,3,0.3783
1,0.7234,3,0.4091
1,0.7244,2,0.3688
1,0.6611,3,0.3774
1,0.8075,3,0.3899
1,0.6258,3,0.3912
1,0.6486,2,0.3544
1,0.6548,3,0.3787
1,0.6283,3,0.4126
1,0.7471,2,0.3396
1,0.6322,2,0.3451
1,0.6315,2,0.3663
1,0.6035,3,0.3691
1,0.725,3,0.3905
0,0.4949,2,0.3302
1,0.6404,2,0.3449
1,0.7149,3,0.3888
1,0.6533,3,0.3724
1,0.5975,2,0.3598
1,0.6664,3,0.3895
0,0.4729,1,0.3207
0,0.495,2,0.3192
1,0.731,2,0.3658
1,0.6196,3,0.3921
1,0.764,3,0.4081
1,0.7462,2,0.35
1,0.6432,3,0.3632
1,0.7772,2,0.3756
1,0.5951,2,0.3532
1,0.74,2,0.3339
1,0.6169,3,0.3694
1,0.6488,2,0.353
1,0.6196,3,0.3921
1,0.708,3,0.3869
1,0.7195,2,0.3462
1,0.6481,2,0.3364
1,0.6935,2,0.3657
1,0.6406,2,0.335
0,0.4671,1,0.3182
1,0.6459,2,0.375
1,0.6586,3,0.3709
0,0.4729,2,0.3519
1,0.7209,2,0.397
1,0.579,2,0.3477
1,0.6405,3,0.3796
1,0.5428,3,0.3445
1,0.6085,3,0.3857
1,0.7451,2,0.3727
1,0.7492,2,0.3669
1,0.5742,2,0.3049
1,0.6043,2,0.3452
1,0.7096,2,0.4025
1,0.6401,2,0.3487
1,0.7321,2,0.3636
1,0.702,3,0.3836
0,0.4729,3,0.3895
1,0.7211,2,0.3456
1,0.6308,3,0.3466
1,0.7823,3,0.3909
1,0.7321,2,0.3723
1,0.6365,2,0.3327
1,0.5345,2,0.3291
1,0.6448,3,0.3729
1,0.6446,2,0.3552
0,0.4729,1,0.3207
1,0.7611,3,0.3934
1,0.7963,2,0.3737
1,0.5914,2,0.3577
1,0.625,2,0.354
1,0.6232,2,0.3479
1,0.6487,2,0.3537
1,0.6482,2,0.3556
1,0.6745,3,0.3609
1,0.5052,3,0.354
1,0.7954,3,0.3979
1,0.5687,3,0.3669
1,0.6201,2,0.3379
1,0.7152,2,0.3471
1,0.7252,2,0.3556
1,0.7524,2,0.3701
1,0.6648,2,0.3774
0,0.4729,1,0.3207
1,0.574,2,0.3199
0,0.4729,1,0.3207
1,0.6119,2,0.3423
1,0.6376,3,0.3809
1,0.5846,2,0.3589
1,0.7676,3,0.3981
0,0.4729,2,0.3572
0,0.4729,1,0.3207
1,0.6218,3,0.3806
1,0.5816,3,0.3797
1,0.6656,2,0.3373
1,0.7446,2,0.367
1,0.7023,3,0.3822
1,0.5597,2,0.3601
1,0.7207,2,0.3639
1,0.5847,2,0.3433
1,0.5738,3,0.3868
1,0.6845,2,0.3737
1,0.7086,2,0.3509
0,0.4964,3,0.3522
1,0.7067,2,0.3413
1,0.7009,2,0.3528
1,0.6228,2,0.3452
1,0.5758,2,0.3068
1,0.659,2,0.3475
1,0.6543,2,0.3655
1,0.6733,3,0.386
1,0.7477,2,0.3805
1,0.7743,3,0.4152
1,0.7302,3,0.4122
1,0.5958,2,0.3553
1,0.7431,2,0.3723
1,0.6067,2,0.3331
1,0.6913,2,0.3415
1,0.574,3,0.4205
1,0.6802,2,0.3185
1,0.6979,3,0.3991
1,0.6323,3,0.3848
0,0.4729,3,0.3717
1,0.6168,3,0.3772
1,0.705,3,0.4026
1,0.6067,2,0.3331
1,0.603,2,0.3677
1,0.6669,3,0.3766
0,0.4729,1,0.3207
1,0.7468,2,0.3589
1,0.6519,2,0.3469
1,0.7913,3,0.4202
1,0.7047,2,0.3502
1,0.7067,3,0.403
1,0.6078,2,0.3463
1,0.6849,3,0.4146
1,0.5871,3,0.3497
1,0.5721,2,0.3434
1,0.7715,3,0.4009
1,0.6404,2,0.3502
0,0.4883,1,0.3441
1,0.6854,2,0.3493
1,0.6202,2,0.3528
1,0.7867,2,0.3817
1,0.5702,3,0.3677
1,0.6013,3,0.3711
1,0.5373,3,0.3605
1,0.6016,3,0.3677
1,0.6613,2,0.3286
1,0.6521,2,0.3644
1,0.7208,2,0.339
1,0.7223,3,0.4374
1,0.6035,3,0.3705
1,0.753,2,0.3836
1,0.6997,2,0.356
1,0.76,2,0.381
1,0.6411,2,0.3339
1,0.6613,2,0.3286
1,0.6463,2,0.3208
1,0.6234,2,0.3551
1,0.6799,3,0.4015
1,0.5881,3,0.3539
1,0.6816,2,0.3666
1,0.6734,2,0.3373
1,0.677,3,0.4008
0,0.4729,1,0.3207
1,0.6809,3,0.4131
1,0.7183,2,0.3634
1,0.6905,2,0.3896
1,0.8092,2,0.4023
1,0.5874,2,0.3416
1,0.6729,3,0.4093
1,0.7015,3,0.3843
1,0.7206,3,0.4304
1,0.7148,3,0.3938
1,0.6563,2,0.3731
1,0.7159,3,0.4115
1,0.7808,2,0.3874
1,0.7611,2,0.4006
1,0.76,2,0.381
1,0.6411,2,0.3339
1,0.5831,3,0.3687
1,0.6895,2,0.3735
0,0.4729,3,0.3646
0,0.4729,1,0.3207
1,0.7322,2,0.3633
1,0.6442,3,0.3913
1,0.5817,2,0.3206
1,0.6039,2,0.3549
1,0.5969,3,0.3481
1,0.7033,2,0.3675
1,0.7391,2,0.3763
1,0.5428,3,0.3445
0,0.4729,1,0.3207
1,0.5947,3,0.3552
1,0.6047,2,0.3635
1,0.5269,2,0.3444
1,0.6629,3,0.3726
1,0.6911,2,0.3869
1,0.5989,2,0.3208
1,0.6325,2,0.3417
1,0.5922,3,0.3991
1,0.6423,2,0.3542
1,0.5744,1,0.3171
0,0.4729,2,0.3396
0,0.4729,2,0.3449
1,0.7044,2,0.3458
1,0.6785,3,0.3839
1,0.6409,2,0.3602
1,0.6697,2,0.3633
1,0.7651,3,0.3941
0,0.4729,2,0.3686
1,0.7713,3,0.3835
1,0.7191,2,0.358
0,0.4976,3,0.3337
1,0.6652,2,0.3738
1,0.7242,3,0.3977
1,0.617,3,0.3454
1,0.6195,2,0.325
1,0.7089,3,0.3929
1,0.751,2,0.384
1,0.7193,2,0.3488
1,0.5436,3,0.3516
1,0.6906,3,0.3793
1,0.7382,2,0.363
1,0.6588,3,0.417
1,0.6847,3,0.3598
1,0.8381,3,0.4473
1,0.689,2,0.345
1,0.624,2,0.3539
1,0.6826,2,0.3702
1,0.647,2,0.344
1,0.671,3,0.3784
1,0.7289,3,0.395
1,0.6657,2,0.3557
1,0.7207,2,0.3786
1,0.6044,2,0.3165
1,0.6471,2,0.353
1,0.7568,2,0.368
1,0.6621,3,0.3939
1,0.7582,2,0.3702
1,0.6142,3,0.3646
1,0.7057,3,0.3848
1,0.5977,2,0.3442
1,0.6029,2,0.3644
1,0.568,2,0.3252
1,0.7398,2,0.3849
1,0.7256,2,0.3805
1,0.5979,2,0.3416
1,0.6826,2,0.3296
0,0.4729,3,0.3916
1,0.5847,3,0.4022
1,0.5653,3,0.3725
1,0.7548,3,0.4458
1,0.6585,2,0.3352
1,0.7252,2,0.3649
1,0.5776,3,0.3531
1,0.7763,2,0.4043
1,0.6436,3,0.3607
1,0.6449,3,0.36
0,0.4729,1,0.3207
1,0.7028,2,0.3248
1,0.5713,2,0.3427
1,0.6994,2,0.3306
1,0.6761,3,0.3656
1,0.7035,2,0.342
1,0.6191,2,0.3445
1,0.7379,2,0.362
1,0.6497,3,0.3821
1,0.7191,3,0.3882
1,0.5759,2,0.3435
1,0.6513,3,0.3854
1,0.7641,3,0.391
1,0.6777,2,0.3691
1,0.6849,3,0.3894
1,0.5749,3,0.3749
1,0.5777,3,0.3697
1,0.5663,2,0.3612
1,0.6414,3,0.3885
1,0.6648,2,0.385
1,0.6083,3,0.3722
1,0.6414,2,0.337
1,0.6882,3,0.3761
1,0.6706,3,0.4029
1,0.7878,3,0.4016
1,0.6649,2,0.3447
1,0.7726,2,0.3841
1,0.6251,3,0.3684
1,0.698,3,0.3809
1,0.5894,3,0.408
1,0.6708,2,0.3397
1,0.6794,2,0.3765
1,0.5371,2,0.3391
1,0.6257,2,0.3428
1,0.7394,2,0.3637
1,0.578,3,0.363
1,0.5671,2,0.3346
1,0.6401,3,0.3842
1,0.6816,2,0.3329
1,0.6962,3,0.3873
1,0.6342,2,0.3403
1,0.6745,2,0.3624
1,0.5665,3,0.3726
1,0.737,3,0.4162
1,0.8212,3,0.4131
1,0.7206,2,0.3801
1,0.7352,2,0.3714
1,0.6475,2,0.3581
1,0.702,3,0.3909
1,0.6771,2,0.3768
1,0.6693,3,0.3796
1,0.6126,3,0.3735
1,0.6434,2,0.3447
1,0.7285,2,0.3957
1,0.6866,2,0.3401
1,0.6544,3,0.3803
1,0.672,3,0.4053
1,0.5896,3,0.3734
1,0.6778,3,0.3772
1,0.7374,3,0.3871
1,0.756,2,0.3726
0,0.4729,1,0.3207
1,0.6512,2,0.3747
1,0.6039,3,0.3641
1,0.6112,2,0.362
1,0.7878,2,0.3895
1,0.6301,3,0.3837
1,0.7464,3,0.3807
1,0.6246,2,0.342
0,0.4729,2,0.3282
1,0.6104,2,0.3408
1,0.6472,2,0.3445
1,0.6622,3,0.3872
1,0.5514,2,0.3409
1,0.6101,3,0.3803
1,0.7028,2,0.3816
1,0.7313,2,0.3731
1,0.67,2,0.3381
1,0.6982,2,0.3635
1,0.6471,3,0.3857
1,0.6552,2,0.3757
1,0.7641,2,0.3843
1,0.6773,3,0.3751
1,0.6746,2,0.3122
1,0.6677,2,0.3279
1,0.5862,2,0.3393
1,0.7129,2,0.3497
1,0.5165,2,0.3294
0,0.4729,1,0.3207
1,0.7551,2,0.3744
1,0.6509,3,0.3949
1,0.7216,2,0.3401
1,0.6685,2,0.3304
1,0.7115,2,0.355
1,0.5762,2,0.3261
1,0.747,2,0.3505
1,0.697,2,0.3582
1,0.6592,2,0.3742
1,0.747,2,0.3505
1,0.697,2,0.3582
1,0.6592,2,0.3742
1,0.6636,3,0.3799
1,0.6172,3,0.3763
1,0.594,3,0.3709
1,0.74,2,0.3844
1,0.7293,3,0.4269
1,0.753,2,0.3639
1,0.7267,2,0.3602
1,0.8047,3,0.4211
1,0.5961,2,0.3442
1,0.6757,2,0.3562
1,0.6639,2,0.3516
1,0.6833,2,0.3653
1,0.5818,2,0.3406
1,0.648,2,0.3461
1,0.7381,3,0.3984
1,0.6643,3,0.3782
1,0.7669,3,0.4351
1,0.6232,2,0.3468
1,0.6214,3,0.3779
1,0.5974,3,0.3738
1,0.6739,2,0.3615
1,0.6536,2,0.3409
1,0.7647,2,0.34
1,0.677,3,0.376
1,0.6754,2,0.3427
1,0.6701,2,0.3589
1,0.6399,2,0.3473
1,0.5994,2,0.3641
1,0.6829,3,0.3817
0,0.4729,1,0.3207
1,0.6309,2,0.3606
1,0.6128,3,0.3846
1,0.5886,3,0.3573
1,0.6806,3,0.3809
1,0.5616,1,0.3337
1,0.699,2,0.3906
1,0.7111,3,0.4104
1,0.6277,2,0.3406
1,0.6371,2,0.3674
1,0.6489,3,0.3609
1,0.7632,2,0.3583
1,0.6111,3,0.3579
1,0.6332,3,0.4072
1,0.7338,2,0.3796
1,0.7398,2,0.3652
1,0.7118,2,0.3388
1,0.7306,2,0.3668
1,0.6758,3,0.3804
1,0.7327,2,0.3803
1,0.6244,2,0.3303
1,0.6962,2,0.3456
1,0.5689,3,0.369
1,0.6649,2,0.3134
1,0.6158,3,0.401
1,0.6543,2,0.361
1,0.5781,2,0.3591
1,0.569,2,0.3183
1,0.6169,2,0.3357
1,0.5795,2,0.3242
1,0.6622,2,0.3528
1,0.5389,2,0.3416
1,0.6875,3,0.3796
1,0.5682,2,0.353
1,0.7392,2,0.3826
1,0.6724,2,0.3351
1,0.6991,3,0.3814
1,0.7118,3,0.3923
1,0.7231,2,0.3667
1,0.5868,2,0.3423
1,0.5903,2,0.3397
1,0.5426,3,0.3567
0,0.4729,1,0.3207
1,0.6423,3,0.3723
1,0.5479,3,0.3544
1,0.5783,2,0.3491
1,0.6625,2,0.3681
1,0.6877,2,0.3612
1,0.5876,2,0.3427
1,0.6393,2,0.3638
1,0.7108,2,0.3376
1,0.5908,2,0.3324
1,0.6727,2,0.3669
1,0.6643,2,0.3499
1,0.6042,2,0.3604
1,0.6444,2,0.3394
1,0.6767,2,0.338
1,0.6607,2,0.3452
1,0.6471,2,0.3654
1,0.6797,2,0.359
1,0.7109,2,0.3719
1,0.5908,3,0.3603
1,0.738,3,0.392
1,0.6225,3,0.3968
1,0.6941,3,0.3887
1,0.5799,3,0.3801
1,0.6592,3,0.3873
1,0.6801,2,0.3562
1,0.7844,3,0.3878
1,0.7381,2,0.3832
1,0.6546,2,0.3427
1,0.5641,2,0.338
1,0.6816,2,0.3282
1,0.7093,3,0.3794
1,0.6467,2,0.3297
1,0.602,3,0.3974
1,0.6428,2,0.3464
1,0.7355,2,0.3774
1,0.7941,2,0.3826
0,0.4976,2,0.3218
1,0.5533,3,0.363
1,0.7784,2,0.3785
1,0.7404,3,0.4272
1,0.5807,2,0.3457
1,0.6063,2,0.3366
1,0.7449,3,0.4134
1,0.6822,2,0.3703
1,0.5564,3,0.3595
1,0.6201,2,0.3367
1,0.6298,3,0.3525
1,0.7061,2,0.3542
0,0.4729,1,0.3207
1,0.7428,2,0.378
1,0.5787,2,0.3181
1,0.6829,3,0.4064
1,0.599,2,0.3648
1,0.6827,3,0.4032
1,0.6145,2,0.3683
1,0.7582,2,0.3308
1,0.7031,3,0.4113
1,0.7595,2,0.3825
1,0.5534,1,0.3304
1,0.6116,3,0.3717
1,0.5372,3,0.3603
1,0.5532,2,0.3563
1,0.652,3,0.3887
1,0.6269,2,0.3433
1,0.7066,2,0.385
1,0.734,2,0.3737
1,0.6311,2,0.3207
1,0.5877,2,0.3759
1,0.7615,2,0.3733
1,0.723,3,0.4241
1,0.6492,3,0.3848
1,0.7359,3,0.4021
1,0.6231,3,0.3611
1,0.6736,3,0.3892
1,0.749,2,0.3589
0,0.4729,1,0.3207
1,0.7022,3,0.3825
1,0.6541,3,0.3731
1,0.6534,3,0.3587
1,0.5056,2,0.3185
0,0.4729,1,0.3207
1,0.6743,2,0.3577
1,0.6222,3,0.366
1,0.6783,2,0.3822
1,0.6064,3,0.3744
0,0.4729,1,0.3207
1,0.7389,2,0.3725
1,0.7341,2,0.3699
1,0.6026,2,0.3542
1,0.6745,3,0.3754
1,0.7508,3,0.3948
1,0.5864,2,0.3564
1,0.7494,2,0.3824
1,0.7317,3,0.4005
1,0.6314,2,0.3459
1,0.6546,2,0.3298
1,0.6836,2,0.318
1,0.6163,2,0.3322
1,0.6563,2,0.3314
1,0.6339,2,0.337
1,0.6797,2,0.3293
1,0.7547,3,0.3999
0,0.4769,1,0.3256
1,0.6746,2,0.3489
1,0.6172,3,0.3655
1,0.5795,2,0.3137
1,0.5272,2,0.3398
1,0.6163,2,0.3404
1,0.6461,3,0.37
1,0.6501,2,0.3311
1,0.5098,2,0.3072
1,0.6737,2,0.3785
1,0.6262,2,0.3377
1,0.5668,2,0.3477
1,0.5932,2,0.3447
1,0.6852,2,0.3381
1,0.7192,2,0.348
1,0.6562,3,0.3909
1,0.6681,2,0.3284
1,0.6621,2,0.339
1,0.5426,3,0.3665
1,0.5389,3,0.3563
1,0.6363,2,0.3499
1,0.7143,3,0.3828
1,0.7971,3,0.4208
1,0.6014,3,0.356
1,0.5257,3,0.3406
1,0.7418,2,0.3822
1,0.6284,2,0.3564
1,0.6033,2,0.3708
1,0.7561,2,0.3722
1,0.725,2,0.339
1,0.6552,3,0.3656
1,0.6252,3,0.4138
1,0.5711,2,0.3188
1,0.687,2,0.3626
1,0.6672,3,0.3762
1,0.552,3,0.3504
1,0.7807,2,0.3772
1,0.7196,3,0.3975
1,0.5324,3,0.3794
1,0.5819,3,0.3609
1,0.6838,2,0.3787
1,0.6457,2,0.3632
1,0.7458,2,0.3688
1,0.571,2,0.3636
1,0.6148,3,0.3523
1,0.6787,3,0.3887
1,0.6514,2,0.3444
1,0.7015,2,0.3273
1,0.6937,2,0.3433
1,0.6569,2,0.3529
1,0.6416,2,0.3414
1,0.5982,2,0.326
1,0.7093,2,0.3229
1,0.6752,2,0.3332
1,0.6765,2,0.3556
1,0.6056,3,0.3738
1,0.7102,2,0.3795
0,0.4729,1,0.3207
1,0.7004,2,0.3591
1,0.5803,2,0.3385
1,0.6772,2,0.3634
1,0.6386,3,0.3617
1,0.5933,2,0.3611
1,0.653,3,0.3684
1,0.685,2,0.3699
1,0.5563,2,0.3265
1,0.6657,2,0.349
1,0.5364,2,0.3526
1,0.506,3,0.345
1,0.641,3,0.3555
1,0.6136,2,0.3803
1,0.6764,3,0.4227
1,0.5411,2,0.3385
1,0.7242,2,0.3713
1,0.6161,3,0.4004
1,0.7223,3,0.4
1,0.5687,2,0.334
1,0.5624,1,0.3406
1,0.5936,2,0.3633
1,0.5559,3,0.3653
1,0.7223,3,0.4077
1,0.7078,2,0.3568
1,0.7784,2,0.3904
1,0.5729,2,0.3497
1,0.5374,3,0.3814
1,0.6636,3,0.3641
1,0.6818,2,0.3607
1,0.6949,3,0.3856
1,0.712,3,0.4423
1,0.6877,2,0.3507
0,0.4729,2,0.3523
1,0.6877,2,0.3795
1,0.5333,3,0.363
1,0.611,3,0.3629
0,0.4729,2,0.3237
1,0.7368,2,0.388
0,0.4729,1,0.3207
1,0.5073,3,0.3477
1,0.7296,2,0.3307
1,0.7839,3,0.3998
1,0.5513,3,0.3724
1,0.7442,3,0.3889
1,0.6025,2,0.3331
1,0.7697,3,0.3855
1,0.8068,2,0.3974
1,0.5921,2,0.3392
1,0.8026,2,0.3433
1,0.5008,2,0.3339
1,0.5825,2,0.3258
1,0.7083,3,0.3971
1,0.5369,2,0.3305
1,0.7199,2,0.3489
1,0.6421,3,0.354
1,0.5468,3,0.3599
1,0.6587,2,0.3575
1,0.5783,3,0.3628
1,0.6201,3,0.3708
0,0.4729,1,0.3207
1,0.6372,3,0.3599
1,0.7166,2,0.3786
1,0.5487,3,0.3539
1,0.7275,2,0.3828
0,0.4729,3,0.3726
1,0.6409,3,0.3848
1,0.6103,2,0.3651
1,0.7062,2,0.3865
1,0.6748,3,0.4103
1,0.6943,2,0.367
1,0.6784,2,0.3487
1,0.6304,3,0.3679
1,0.697,2,0.3466
1,0.7614,2,0.3424
1,0.5996,2,0.3532
1,0.6739,2,0.3734
1,0.6187,2,0.3541
1,0.7512,3,0.4059
1,0.5814,3,0.3695
1,0.6431,2,0.3583
1,0.7941,2,0.3888
1,0.7138,2,0.3565
1,0.6232,2,0.363
1,0.5311,3,0.3695
1,0.6102,3,0.3726
1,0.6833,2,0.3582
1,0.6916,2,0.3866
1,0.6226,2,0.3603
1,0.6804,3,0.3677
1,0.6944,3,0.3798
1,0.7273,2,0.3392
1,0.6532,3,0.3984
1,0.7311,3,0.4159
1,0.6871,2,0.3665
1,0.5301,2,0.346
1,0.6358,3,0.3779
1,0.7588,2,0.3698
1,0.7403,2,0.3556
1,0.6547,2,0.3652
1,0.605,3,0.3594
1,0.6699,3,0.3813
1,0.7472,3,0.3999
1,0.6775,2,0.3663
1,0.7953,2,0.3626
1,0.6768,2,0.3495
1,0.6102,3,0.3709
1,0.7218,3,0.3822
1,0.7219,2,0.3662
1,0.6729,3,0.4365
1,0.5725,2,0.3235
1,0.7154,2,0.3537
1,0.7326,3,0.3904
1,0.6592,2,0.3689
1,0.6027,2,0.3513
1,0.7202,2,0.3679
1,0.7852,3,0.4354
1,0.6734,2,0.3566
1,0.7287,2,0.3585
1,0.6843,2,0.3797
1,0.6163,2,0.3511
1,0.7392,3,0.403
1,0.7235,2,0.3838
1,0.6297,2,0.3553
1,0.7213,2,0.3478
1,0.6879,2,0.367
1,0.5097,2,0.2922
1,0.6154,2,0.3417
1,0.6315,2,0.3419
1,0.662,3,0.3652
1,0.7416,3,0.4166
1,0.6319,3,0.3807
1,0.5506,2,0.3438
1,0.649,2,0.3523
1,0.7191,3,0.3828
1,0.7209,3,0.3837
1,0.5341,2,0.3503
1,0.7177,3,0.418
1,0.6207,2,0.3445
1,0.7781,2,0.3922
1,0.5362,2,0.3507
1,0.5808,2,0.342
1,0.7769,2,0.3602
1,0.5611,1,0.3331
1,0.7288,3,0.392
1,0.6827,2,0.354
1,0.6674,2,0.3577
1,0.6894,3,0.3815
1,0.7425,2,0.3753
0,0.4729,1,0.3207
1,0.665,3,0.3927
1,0.5492,3,0.3757
1,0.6327,3,0.3585
1,0.5593,3,0.3841
1,0.6853,2,0.3404
1,0.673,2,0.3537
1,0.7834,2,0.3607
1,0.7307,3,0.3687
1,0.6827,3,0.3812
1,0.6306,2,0.363
1,0.6511,3,0.3808
1,0.7502,3,0.402
1,0.7326,2,0.3675
1,0.5894,3,0.3579
1,0.749,2,0.3467
1,0.6379,2,0.3506
1,0.5921,3,0.3689
1,0.67,3,0.3801
1,0.6302,2,0.3492
1,0.7248,3,0.3992
1,0.7641,2,0.3833
1,0.6729,2,0.3442
1,0.6031,2,0.3517
1,0.6891,3,0.3909
1,0.6913,3,0.4005
1,0.6023,3,0.3982
1,0.6942,2,0.3827
1,0.7196,3,0.3828
1,0.725,3,0.4321
1,0.5553,3,0.3727
1,0.6456,3,0.3938
1,0.6553,3,0.3749
0,0.4729,3,0.3677
1,0.6613,3,0.3802
1,0.6675,3,0.3986
1,0.5797,3,0.3502
1,0.74,2,0.3686
1,0.5705,3,0.3848
1,0.6743,3,0.3784
1,0.7758,2,0.3464
1,0.8092,2,0.3545
1,0.6046,2,0.3075
1,0.7212,2,0.3772
1,0.7172,2,0.3612
1,0.6637,2,0.3491
1,0.7837,3,0.4213
1,0.6742,2,0.3642
1,0.5962,3,0.3638
0,0.4729,2,0.3565
1,0.7018,3,0.386
0,0.4729,1,0.3207
1,0.738,2,0.3556
1,0.7572,2,0.3776
1,0.6442,2,0.3572
1,0.7397,2,0.3779
1,0.6226,2,0.3431
1,0.5648,3,0.3768
1,0.7101,2,0.3817
0,0.4729,1,0.3207
1,0.5292,1,0.3378
1,0.6618,3,0.3894
1,0.7008,2,0.3453
1,0.5977,2,0.3461
1,0.7176,2,0.3356
1,0.6551,3,0.3907
1,0.5412,3,0.3606
1,0.7403,2,0.3711
1,0.6998,2,0.3454
1,0.5684,3,0.3476
1,0.5553,2,0.3349
1,0.6639,2,0.3568
1,0.5944,3,0.4026
1,0.6877,2,0.3673
1,0.6318,2,0.3659
1,0.7413,2,0.348
1,0.6572,2,0.3758
1,0.7194,2,0.3307
1,0.6104,2,0.3542
1,0.6249,2,0.3282
1,0.7085,2,0.3612
1,0.7075,3,0.4279
1,0.6845,2,0.3683
1,0.7039,3,0.4
1,0.6778,3,0.3901
1,0.6251,3,0.3609
1,0.7239,3,0.3931
1,0.6818,3,0.3854
1,0.6739,3,0.3908
1,0.6457,3,0.4071
1,0.6171,2,0.356
1,0.6886,3,0.4083
1,0.6161,2,0.3494
1,0.746,3,0.3839
1,0.7687,2,0.3757
1,0.6625,3,0.3852
1,0.6699,2,0.3571
1,0.6305,3,0.3622
1,0.7465,3,0.4028
1,0.6321,3,0.4015
1,0.6004,3,0.3671
1,0.6034,3,0.3743
1,0.6143,2,0.3534
1,0.5961,2,0.3478
1,0.6474,2,0.3744
1,0.6025,3,0.3984
1,0.5458,2,0.3183
1,0.6444,3,0.3527
1,0.7121,3,0.3769
1,0.7035,3,0.3845
1,0.6241,3,0.3532
1,0.6268,2,0.3323
1,0.5476,2,0.3249
1,0.6952,3,0.395
1,0.614,2,0.3072
1,0.7577,2,0.3863
1,0.7092,3,0.3907
1,0.5398,3,0.364
1,0.6033,2,0.3327
1,0.6426,2,0.3551
1,0.7226,3,0.4057
1,0.6,2,0.3456
1,0.5356,3,0.3592
1,0.6639,3,0.4086
1,0.6785,3,0.3777
1,0.7382,2,0.3805
1,0.6448,3,0.3915
1,0.6763,2,0.3609
1,0.735,3,0.386
1,0.5781,3,0.3506
0,0.4729,1,0.3207
1,0.6978,2,0.3757
1,0.7795,2,0.3492
1,0.6993,3,0.3965
1,0.6196,2,0.3713
1,0.7298,2,0.3443
0,0.4738,1,0.3224
1,0.7551,2,0.3521
1,0.7468,2,0.2956
1,0.5624,2,0.3419
1,0.7014,2,0.37
1,0.7735,2,0.3789
1,0.6538,2,0.3497
1,0.5223,3,0.3614
1,0.6704,2,0.3586
0,0.4729,1,0.3207
1,0.5482,3,0.3646
1,0.5326,2,0.3599
1,0.724,3,0.4032
1,0.7831,2,0.3986
1,0.6722,2,0.3653
1,0.6175,3,0.3536
0,0.4989,1,0.3188
1,0.6914,2,0.3435
1,0.6218,2,0.3659
1,0.6831,3,0.4048
1,0.537,2,0.3384
1,0.576,3,0.3525
1,0.7012,2,0.3688
1,0.696,2,0.3501
1,0.7086,2,0.3312
1,0.7071,2,0.344
1,0.7643,2,0.3307
1,0.6318,2,0.3489
1,0.6185,2,0.3447
1,0.7231,2,0.3721
1,0.7444,2,0.3858
1,0.6216,3,0.3746
1,0.6211,3,0.3682
1,0.628,2,0.3297
1,0.6782,3,0.3854
1,0.7201,3,0.3986
1,0.6766,3,0.3956
1,0.7119,3,0.3883
1,0.6769,2,0.3822
1,0.7545,3,0.4149
1,0.7013,3,0.3727
1,0.6901,3,0.3985
1,0.7813,2,0.3482
1,0.6263,3,0.4103
1,0.5834,3,0.3675
1,0.5437,3,0.3731
1,0.6425,2,0.3597
0,0.4729,1,0.3207
0,0.4729,1,0.3207
1,0.7282,2,0.3297
1,0.7446,2,0.375
1,0.7511,3,0.424
1,0.6459,3,0.3873
1,0.7129,3,0.3734
1,0.6652,2,0.3654
1,0.6813,3,0.3876
1,0.7092,3,0.3907
1,0.7363,3,0.4225
1,0.6866,2,0.359
1,0.5831,3,0.357
0,0.4775,3,0.3494
1,0.6614,2,0.3335
1,0.6673,3,0.3653
1,0.5218,3,0.3632
1,0.7538,3,0.3923
1,0.7671,2,0.3744
1,0.6385,3,0.3859
1,0.6441,2,0.3526
1,0.7058,3,0.3844
1,0.6621,2,0.3339
1,0.7661,3,0.3905
0,0.4729,1,0.3207
1,0.5975,2,0.3371
0,0.4729,1,0.3207
1,0.6143,3,0.3441
1,0.6638,2,0.3569
1,0.7649,3,0.4316
1,0.7993,2,0.3776
0,0.4729,1,0.3207
1,0.5652,2,0.3414
1,0.6493,3,0.3507
1,0.6758,3,0.3634
1,0.6876,2,0.3412
1,0.692,2,0.3561
1,0.6563,2,0.3508
1,0.6801,2,0.3577
0,0.4729,1,0.3207
1,0.6942,2,0.3616
1,0.5737,3,0.3681
1,0.648,2,0.35
1,0.7163,2,0.3694
1,0.7199,2,0.3756
1,0.7467,2,0.3768
1,0.618,2,0.3546
1,0.7888,3,0.439
1,0.6555,2,0.3778
1,0.6728,3,0.3525
1,0.6932,3,0.4022
1,0.6249,2,0.3502
1,0.7874,2,0.3704
1,0.667,2,0.3733
1,0.7194,2,0.3775
1,0.6303,2,0.3446
1,0.5357,3,0.377
1,0.6851,3,0.4053
1,0.6603,3,0.3758
1,0.7518,2,0.3595
1,0.6858,2,0.3272
1,0.6741,2,0.3526
1,0.7244,2,0.3446
1,0.7244,2,0.3446
1,0.6403,2,0.3411
1,0.5203,2,0.3407
1,0.7042,2,0.3701
1,0.6314,2,0.3046
1,0.7265,2,0.3683
0,0.4729,1,0.3207
1,0.5605,2,0.3417
1,0.7175,3,0.4092
1,0.6076,3,0.3578
1,0.6946,2,0.3668
1,0.674,2,0.3663
1,0.5964,3,0.3709
1,0.7247,2,0.3474
1,0.7401,2,0.3653
1,0.7289,3,0.3799
1,0.593,2,0.3296
1,0.7282,2,0.3599
1,0.6747,2,0.365
1,0.7341,3,0.4141
1,0.7645,3,0.4099
1,0.5948,3,0.3616
1,0.6075,3,0.3972
1,0.6156,3,0.3723
1,0.7722,2,0.3494
1,0.7658,2,0.3577
1,0.7153,3,0.366
1,0.7128,3,0.3783
1,0.7999,2,0.3797
1,0.6519,2,0.3712
1,0.5606,3,0.3651
1,0.5683,3,0.386
1,0.579,3,0.3868
1,0.6194,3,0.378
1,0.6593,3,0.3944
1,0.729,2,0.3745
1,0.699,2,0.3551
1,0.5603,2,0.3441
1,0.6453,3,0.3939
1,0.5801,3,0.3546
1,0.7435,2,0.3534
1,0.76,2,0.3859
1,0.6179,3,0.3824
1,0.6334,3,0.4086
1,0.6206,2,0.3373
1,0.7066,3,0.3919
0,0.4729,1,0.3207
1,0.6701,3,0.3934
1,0.6244,3,0.3816
1,0.7317,3,0.3891
1,0.6512,2,0.3571
1,0.6642,2,0.3682
1,0.59,2,0.3424
1,0.6894,2,0.3533
1,0.6092,2,0.3398
1,0.7165,3,0.4081
1,0.7593,3,0.3887
1,0.6971,2,0.3326
1,0.7592,2,0.3866
1,0.7307,2,0.3875
1,0.6688,2,0.3617
1,0.5126,2,0.3297
1,0.5835,2,0.3535
1,0.6704,2,0.3683
1,0.628,2,0.3601
1,0.5993,2,0.3695
1,0.5087,3,0.3519
1,0.6998,3,0.405
1,0.6233,3,0.3751
1,0.6719,2,0.3592
1,0.6244,3,0.3737
1,0.7155,2,0.3689
1,0.5877,3,0.3784
1,0.5497,2,0.3431
1,0.5245,3,0.3652
1,0.6243,2,0.3249
1,0.6913,3,0.4005
1,0.7781,2,0.3798
1,0.7219,3,0.3957
1,0.6919,2,0.3877
1,0.5135,2,0.3404
1,0.592,2,0.3449
1,0.5481,3,0.3684
1,0.6641,2,0.3608
1,0.6345,3,0.3952
1,0.709,2,0.3545
1,0.7167,2,0.3761
1,0.6682,2,0.357
1,0.7178,2,0.382
1,0.782,2,0.3828
1,0.624,3,0.4187
1,0.6328,2,0.3539
1,0.7052,2,0.3733
1,0.6388,2,0.3539
1,0.6614,2,0.3715
1,0.5721,2,0.3392
1,0.6947,2,0.3495
1,0.6052,2,0.3356
1,0.8495,3,0.455
1,0.7397,2,0.371
1,0.7088,2,0.3255
1,0.664,2,0.3376
1,0.6377,3,0.3844
1,0.6475,2,0.3395
1,0.6264,2,0.3481
1,0.6963,2,0.3485
1,0.72,2,0.3322
1,0.7046,2,0.3718
1,0.7178,3,0.3967
1,0.6832,3,0.3754
1,0.6548,3,0.3817
1,0.5917,3,0.356
1,0.6827,2,0.3482
1,0.5796,3,0.3693
1,0.7077,2,0.3761
1,0.5544,3,0.3838
1,0.6141,2,0.354
1,0.7037,2,0.361
1,0.5446,3,0.3755
1,0.6213,2,0.3539
1,0.7355,2,0.3699
1,0.7477,2,0.3548
1,0.7653,2,0.3661
1,0.7177,2,0.358
1,0.643,2,0.3516
1,0.5169,3,0.3554
1,0.5135,2,0.3172
1,0.6335,2,0.3493
1,0.6538,2,0.3732
1,0.5084,3,0.3617
1,0.5669,2,0.3461
1,0.7493,2,0.362
0,0.4944,2,0.3293
1,0.5967,2,0.3546
1,0.6929,2,0.3492
1,0.7126,2,0.3329
1,0.5974,2,0.3521
1,0.7825,3,0.3792
1,0.6164,3,0.3629
1,0.6627,2,0.3718
1,0.6964,2,0.3664
1,0.6489,3,0.3775
1,0.7015,2,0.3394
1,0.6873,2,0.3481
1,0.532,2,0.3563
1,0.6647,3,0.3661
1,0.7256,2,0.3782
1,0.6332,3,0.384
1,0.7267,2,0.3558
1,0.6791,2,0.3557
1,0.7255,3,0.3873
1,0.6243,2,0.3571
1,0.7384,3,0.4047
1,0.6683,2,0.3621
1,0.5991,2,0.3361
1,0.6587,2,0.3387
1,0.6036,2,0.3648
1,0.6739,2,0.3689
1,0.6692,3,0.3878
1,0.7433,3,0.378
1,0.6446,2,0.3475
1,0.6827,2,0.3504
1,0.7116,2,0.368
1,0.7059,2,0.3707
1,0.6174,3,0.3777
1,0.7398,2,0.3601
1,0.6923,2,0.3372
1,0.674,2,0.3622
1,0.7606,3,0.4103
1,0.746,2,0.3937
1,0.7068,2,0.3811
1,0.7,2,0.3603
1,0.7815,2,0.3793
1,0.7197,2,0.3631
1,0.6749,2,0.371
1,0.5736,2,0.3606
1,0.6699,2,0.3517
1,0.6724,2,0.3389
1,0.5236,3,0.3547
1,0.727,2,0.3665
1,0.6825,2,0.3513
1,0.7031,3,0.37
1,0.5753,2,0.3317
1,0.7142,2,0.3854
1,0.635,2,0.3503
1,0.7555,3,0.4078
1,0.6123,2,0.3342
1,0.577,3,0.3729
1,0.5817,3,0.3616
1,0.6816,2,0.318
1,0.768,3,0.4166
1,0.5734,2,0.3031
1,0.7229,3,0.372
1,0.6611,2,0.3491
1,0.5933,3,0.3921
1,0.5991,3,0.3613
1,0.6007,2,0.3386
1,0.7221,2,0.3499
1,0.5578,3,0.3612
1,0.7292,3,0.3865
1,0.6151,1,0.3254
1,0.6192,2,0.3458
1,0.67,2,0.3563
1,0.6204,2,0.3642
1,0.798,2,0.3818
1,0.7142,2,0.3422
1,0.6373,3,0.3496
1,0.6273,3,0.3553
1,0.6494,2,0.3603
1,0.7608,2,0.3815
1,0.6149,3,0.3613
1,0.6978,2,0.3576
1,0.7582,2,0.3859
1,0.7006,2,0.3619
1,0.7148,3,0.3928
1,0.7409,3,0.4069
1,0.7465,3,0.3678
1,0.5718,3,0.3803
1,0.7178,2,0.3679
0,0.4874,2,0.3253
1,0.6895,3,0.388
1,0.5089,3,0.346
1,0.6398,3,0.3628
1,0.6606,3,0.3774
1,0.7302,3,0.3849
1,0.6905,3,0.382
1,0.6663,3,0.3736
1,0.7718,3,0.4164
1,0.5642,3,0.3904
1,0.7482,3,0.3959
1,0.6036,3,0.3611
1,0.7051,2,0.389
1,0.6295,3,0.377
1,0.7771,2,0.3288
1,0.6254,2,0.3556
1,0.6827,2,0.352
1,0.7088,2,0.3766
1,0.7079,3,0.4253
1,0.6718,3,0.3572
1,0.6901,3,0.3858
1,0.6894,2,0.3706
1,0.6994,3,0.3796
1,0.6607,2,0.3509
1,0.7722,2,0.3617
1,0.5828,3,0.3732
1,0.6018,2,0.3416
1,0.6707,2,0.3531
1,0.6942,2,0.3604
1,0.6329,2,0.3509
1,0.7676,3,0.4195
1,0.7193,2,0.3508
1,0.6119,2,0.3453
0,0.4729,1,0.3207
1,0.6781,2,0.3333
1,0.7479,3,0.3927
1,0.6446,2,0.3261
1,0.6352,2,0.3724
1,0.6961,3,0.4026
1,0.6899,3,0.4115
1,0.73,3,0.3759
1,0.644,3,0.3771
1,0.5557,3,0.3715
1,0.672,3,0.3575
1,0.6842,2,0.3667
1,0.7427,2,0.3697
1,0.6497,3,0.3823
1,0.6362,3,0.385
1,0.5951,2,0.3611
1,0.6995,3,0.4241
1,0.5568,3,0.3619
1,0.6559,2,0.3552
1,0.686,3,0.3715
0,0.4729,1,0.3207
1,0.7637,2,0.3721
1,0.6365,2,0.3542
1,0.6068,3,0.3736
0,0.4729,1,0.3207
1,0.6439,2,0.3431
1,0.6764,2,0.3828
1,0.6273,2,0.3373
1,0.7191,3,0.3888
1,0.7418,2,0.3618
1,0.6737,3,0.405
1,0.6749,2,0.37
1,0.5963,3,0.3806
1,0.7438,2,0.3808
1,0.6951,3,0.3878
1,0.6614,2,0.329
1,0.5592,2,0.3429
1,0.6686,2,0.3428
1,0.6128,2,0.3753
1,0.5391,3,0.3602
1,0.6323,3,0.3635
1,0.5878,2,0.3653
1,0.7911,2,0.356
1,0.6152,3,0.3904
1,0.7575,3,0.385
1,0.6856,3,0.3969
1,0.6387,2,0.3475
1,0.6291,3,0.3968
1,0.6507,3,0.3717
1,0.6622,2,0.3604
1,0.6515,2,0.3392
1,0.662,3,0.3748
1,0.7859,2,0.3579
1,0.638,2,0.3396
1,0.6791,3,0.3759
1,0.6274,2,0.3466
1,0.7191,2,0.3387
1,0.7028,2,0.3543
1,0.7265,2,0.3711
1,0.7166,2,0.3518
1,0.6658,2,0.3682
1,0.6566,3,0.3689
1,0.7581,2,0.3541
1,0.7041,2,0.3547
1,0.7037,2,0.3877
0,0.4729,2,0.3388
1,0.6083,2,0.3577
1,0.7419,2,0.3905
1,0.692,3,0.3799
1,0.7142,2,0.3513
1,0.6652,3,0.3741
0,0.4729,2,0.3675
1,0.5807,2,0.3403
1,0.6491,2,0.3482
1,0.6595,2,0.3334
1,0.7528,2,0.3518
1,0.5754,3,0.3667
1,0.6244,2,0.3379
1,0.7342,2,0.3383
1,0.7282,3,0.4204
1,0.6967,3,0.3988
1,0.5296,2,0.3381
1,0.5751,2,0.3438
1,0.6636,3,0.3737
1,0.6512,3,0.3681
1,0.6862,3,0.3865
1,0.6397,3,0.3796
1,0.6011,3,0.3878
1,0.6579,2,0.3647
1,0.713,3,0.3861
1,0.7186,3,0.4152
1,0.8047,2,0.339
1,0.756,2,0.3751
1,0.6915,2,0.3571
1,0.6168,3,0.3707
1,0.7021,2,0.3634
1,0.621,3,0.3765
1,0.5464,2,0.3466
1,0.5919,2,0.3552
1,0.5833,2,0.3633
1,0.7356,2,0.3681
1,0.651,2,0.3636
1,0.6342,3,0.3988
1,0.7117,3,0.4159
1,0.6699,3,0.388
1,0.7393,2,0.3683
1,0.7617,2,0.3666
1,0.733,2,0.3846
1,0.5888,2,0.3473
1,0.6526,2,0.3583
1,0.5709,3,0.369
1,0.574,2,0.3564
1,0.5764,3,0.3626
1,0.7363,3,0.3909
1,0.7613,2,0.3668
1,0.5649,3,0.3706
1,0.6607,2,0.3415
1,0.693,2,0.3579
1,0.7674,2,0.3695
1,0.6779,3,0.376
1,0.6131,3,0.3613
1,0.5302,2,0.3376
1,0.6622,2,0.3341
1,0.7393,2,0.3766
1,0.6079,2,0.3583
1,0.7663,2,0.3718
1,0.6194,2,0.3439
1,0.6637,2,0.3313
1,0.6707,3,0.3883
1,0.5989,2,0.3359
1,0.7176,3,0.3855
1,0.5768,2,0.3721
0,0.4729,1,0.3207
1,0.5271,3,0.3475
0,0.4897,2,0.3387
1,0.693,2,0.3848
1,0.5986,3,0.3897
1,0.6736,2,0.3755
1,0.6627,2,0.3731
1,0.5855,2,0.3115
1,0.6655,2,0.3701
1,0.6764,2,0.3431
1,0.6118,3,0.3647
1,0.7328,2,0.3849
1,0.5362,3,0.3593
1,0.7761,3,0.4078
1,0.742,3,0.3934
1,0.532,3,0.3569
1,0.7862,2,0.3471
1,0.7077,3,0.3913
1,0.6503,2,0.363
1,0.7796,3,0.4045
1,0.5974,2,0.3419
1,0.6309,3,0.3779
1,0.6912,3,0.3963
1,0.6681,3,0.3851
0,0.4958,1,0.3319
1,0.6513,2,0.3396
1,0.6393,2,0.3536
1,0.5734,3,0.3385
1,0.5713,2,0.3378
0,0.4729,1,0.3207
1,0.7899,2,0.3802
1,0.7154,3,0.3936
1,0.6204,3,0.3959
1,0.7217,2,0.3732
1,0.7775,2,0.3828
1,0.6607,2,0.349
1,0.6269,2,0.3383
1,0.6136,3,0.3732
1,0.792,2,0.3855
1,0.5008,2,0.3321
1,0.6319,3,0.3726
1,0.6867,2,0.372
1,0.7174,3,0.4036
1,0.734,3,0.4041
1,0.6665,2,0.3414
1,0.7031,2,0.3476
1,0.6907,3,0.3966
1,0.6503,3,0.3816
1,0.7062,3,0.3833
1,0.7016,3,0.3935
1,0.6075,2,0.3379
1,0.7382,2,0.3566
1,0.5466,3,0.3693
1,0.6817,3,0.3777
0,0.4729,1,0.3207
1,0.5292,3,0.3429
1,0.6709,2,0.3617
1,0.7067,3,0.4088
1,0.6354,2,0.3506
1,0.7219,2,0.3649
1,0.5545,3,0.3635
1,0.7352,2,0.3831
1,0.7136,2,0.35
1,0.6879,2,0.3582
1,0.5247,3,0.3659
1,0.6738,3,0.3782
1,0.7269,3,0.3783
1,0.7571,3,0.3948
1,0.6594,2,0.3457
1,0.587,2,0.3341
1,0.5343,3,0.3723
1,0.6676,3,0.4046
1,0.6471,2,0.3498
1,0.6351,2,0.3633
1,0.5881,2,0.3395
1,0.6174,2,0.338
1,0.6605,2,0.3622
1,0.7533,2,0.4072
1,0.573,2,0.3503
1,0.7062,3,0.3879
1,0.6535,2,0.3573
1,0.7283,2,0.3181
1,0.7044,2,0.3779
1,0.682,2,0.352
1,0.7694,2,0.3522
1,0.7662,2,0.3821
1,0.7435,3,0.3936
1,0.5888,3,0.3521
1,0.7396,3,0.3889
1,0.5609,3,0.37
1,0.663,2,0.3328
1,0.6007,3,0.3834
1,0.6389,3,0.3524
1,0.7212,2,0.3804
1,0.6537,2,0.3152
1,0.5853,3,0.3576
1,0.6532,2,0.3359
1,0.6275,3,0.367
1,0.753,2,0.3485
0,0.4729,1,0.3207
1,0.5576,2,0.3468
1,0.6597,2,0.3488
1,0.5181,2,0.3235
1,0.7383,2,0.3864
1,0.7187,2,0.3529
1,0.6751,2,0.3691
1,0.6887,3,0.3822
1,0.54,3,0.3518
1,0.5819,2,0.346
1,0.603,3,0.3907
1,0.7299,2,0.341
1,0.6865,3,0.3672
1,0.6614,2,0.3503
1,0.6348,2,0.3629
0,0.4729,1,0.3207
1,0.5611,2,0.3329
1,0.6076,2,0.3408
1,0.5805,2,0.333
1,0.6765,2,0.3455
1,0.7236,2,0.3639
1,0.6272,2,0.3473
1,0.6755,3,0.3931
1,0.6663,2,0.3717
1,0.6902,3,0.3725
1,0.6556,2,0.3647
1,0.6771,3,0.3619
1,0.7381,3,0.3982
0,0.4729,1,0.3207
1,0.705,2,0.3798
1,0.7729,2,0.3749
1,0.8502,2,0.4084
1,0.6925,3,0.4072
1,0.6256,2,0.3404
1,0.6997,2,0.3403
1,0.7014,2,0.3564
1,0.7379,3,0.4023
1,0.6873,2,0.38
1,0.7587,2,0.3828
0,0.4729,1,0.3207
1,0.6541,3,0.3888
1,0.7009,2,0.3584
1,0.6678,2,0.3418
1,0.717,2,0.3702
0,0.4729,1,0.3207
1,0.6664,3,0.3723
1,0.6088,2,0.3604
1,0.7574,2,0.3683
1,0.8019,3,0.4122
1,0.6683,2,0.3686
1,0.7293,2,0.3934
1,0.7051,2,0.3799
1,0.7239,2,0.3339
1,0.6683,2,0.3331
1,0.6066,3,0.3728
1,0.7254,2,0.3481
1,0.7679,3,0.3951
1,0.6448,2,0.3382
1,0.5924,2,0.3381
1,0.6819,2,0.3299
0,0.4729,1,0.3207
1,0.7128,3,0.3952
1,0.7642,2,0.3654
1,0.6134,2,0.3491
0,0.4729,1,0.3207
1,0.6309,3,0.3597
1,0.6982,2,0.3829
1,0.655,2,0.3552
1,0.5981,2,0.3537
1,0.6625,3,0.3744
1,0.7835,2,0.3586
1,0.7589,2,0.3749
1,0.6636,3,0.368
1,0.5261,3,0.3366
1,0.6664,2,0.3559
1,0.5573,2,0.3461
1,0.5612,2,0.3394
1,0.6203,2,0.3213
1,0.6965,2,0.3677
1,0.5065,2,0.3185
1,0.763,2,0.3691
1,0.7713,2,0.3932
1,0.7143,3,0.3867
1,0.5718,3,0.3532
1,0.6581,2,0.3495
1,0.7563,2,0.3527
1,0.6571,3,0.3907
1,0.5107,2,0.335
1,0.7034,2,0.355
1,0.5959,3,0.3651
1,0.7372,2,0.3643
0,0.4729,1,0.3207
1,0.6507,2,0.3773
1,0.61,2,0.3552
1,0.7661,2,0.3834
1,0.7078,2,0.3572
1,0.7127,3,0.4112
1,0.7101,3,0.392
1,0.7132,2,0.3566
1,0.6502,2,0.365
1,0.702,3,0.391
0,0.4803,3,0.3386
0,0.4729,1,0.3207
1,0.6562,2,0.3474
1,0.7003,2,0.3701
1,0.5722,2,0.3115
1,0.5524,3,0.3622
1,0.6337,2,0.3306
1,0.6857,2,0.3482
1,0.5432,2,0.3314
1,0.6989,2,0.3468
1,0.6373,2,0.3611
1,0.6531,2,0.3383
1,0.6,2,0.3542
1,0.6426,2,0.3371
1,0.5594,2,0.3407
1,0.5687,2,0.3166
1,0.634,3,0.374
1,0.6434,2,0.3276
0,0.4729,1,0.3207
1,0.7198,3,0.3866
1,0.7557,2,0.3577
1,0.6409,3,0.3776
1,0.6355,2,0.3784
1,0.7094,2,0.3597
1,0.7005,2,0.3408
1,0.6972,2,0.3764
1,0.6559,2,0.3623
1,0.7049,3,0.3844
1,0.6823,2,0.3562
1,0.692,3,0.3935
1,0.6575,3,0.3666
1,0.6628,2,0.3546
1,0.7109,2,0.3421
1,0.7326,2,0.3454
1,0.5834,2,0.3561
1,0.6593,3,0.371
1,0.6205,2,0.3541
1,0.6612,3,0.386
1,0.6312,3,0.3573
1,0.714,3,0.3889
1,0.7547,3,0.397
1,0.6897,2,0.3755
1,0.5516,3,0.3721
1,0.6166,2,0.3504
1,0.7636,2,0.3525
1,0.66,3,0.368
1,0.6813,2,0.3801
1,0.75,3,0.3997
1,0.6941,3,0.3897
1,0.6858,3,0.3972
1,0.619,3,0.3709
1,0.7211,3,0.3839
1,0.6844,2,0.3626
0,0.4729,1,0.3207
1,0.6038,3,0.342
1,0.6679,2,0.3663
1,0.7424,2,0.3782
1,0.6143,2,0.3346
1,0.7452,3,0.4093
1,0.7383,2,0.3482
1,0.6909,2,0.3428
1,0.6169,2,0.3641
1,0.7099,3,0.3996
1,0.5364,3,0.3558
1,0.6474,2,0.3566
1,0.769,3,0.3847
1,0.5991,3,0.3809
1,0.7542,2,0.3756
1,0.674,3,0.3924
1,0.5887,2,0.3427
1,0.6035,2,0.3716
1,0.6759,3,0.3642
1,0.7623,2,0.381
1,0.5594,2,0.333
1,0.5682,3,0.3869
0,0.4729,1,0.3207
1,0.6994,3,0.3699
1,0.6198,2,0.3307
1,0.7859,2,0.3556
1,0.7667,3,0.4441
1,0.6493,2,0.3655
1,0.7895,3,0.3931
1,0.7291,2,0.377
1,0.5533,2,0.3431
1,0.5431,3,0.3571
1,0.6931,2,0.3613
1,0.7399,3,0.3939
1,0.6565,2,0.3739
1,0.5889,2,0.3338
1,0.6707,2,0.3687
1,0.759,2,0.3804
1,0.5721,2,0.3366
1,0.5268,2,0.341
1,0.6877,2,0.3439
0,0.4729,1,0.3207
1,0.6467,2,0.3503
1,0.6678,2,0.3765
1,0.7058,3,0.3999
1,0.6978,2,0.3503
1,0.7028,2,0.3792
1,0.5415,3,0.3715
1,0.633,3,0.3815
1,0.6717,2,0.3348
1,0.7293,3,0.3914
1,0.8079,2,0.3834
1,0.6332,2,0.3362
1,0.554,2,0.343
1,0.6455,2,0.3647
1,0.5666,2,0.3427
1,0.6747,3,0.3987
1,0.603,3,0.3823
1,0.5411,2,0.3469
1,0.6318,3,0.3672
1,0.6221,2,0.3435
1,0.5522,2,0.3533
1,0.7609,3,0.3888
1,0.6781,3,0.3753
1,0.6541,3,0.3824
1,0.6896,2,0.3403
1,0.6594,3,0.3942
1,0.7121,3,0.3776
1,0.6905,2,0.3571
1,0.678,3,0.3888
1,0.824,2,0.3672
1,0.6421,3,0.3934
1,0.5107,3,0.3587
1,0.6492,2,0.3566
1,0.6563,3,0.3772
1,0.8083,2,0.3503
1,0.5961,3,0.3726
1,0.7026,2,0.348
1,0.6024,2,0.3594
1,0.6882,2,0.3722
1,0.6737,2,0.3717
1,0.7749,2,0.3651
1,0.6379,3,0.4018
1,0.7335,3,0.3955
1,0.6987,2,0.3594
1,0.5461,3,0.3363
1,0.659,2,0.348
1,0.7567,2,0.3682
1,0.5781,3,0.3534
1,0.7704,3,0.4148
1,0.6927,2,0.3844
1,0.7257,3,0.3774
1,0.6555,3,0.3445
1,0.5596,2,0.347
1,0.7099,2,0.337
1,0.6046,2,0.362
1,0.688,2,0.3501
1,0.6734,2,0.3708
1,0.6441,2,0.3493
1,0.5902,2,0.3459
1,0.6848,2,0.3753
1,0.6095,3,0.3702
1,0.7833,3,0.4073
1,0.7382,3,0.386
1,0.7895,2,0.3755
1,0.7586,3,0.4242
1,0.6688,2,0.3705
1,0.6593,2,0.3503
1,0.6511,2,0.3751
1,0.5837,3,0.3902
1,0.6773,2,0.346
1,0.6882,3,0.3662
1,0.7099,2,0.372
1,0.7429,3,0.4123
1,0.7097,2,0.3538
1,0.6126,2,0.347
1,0.668,2,0.3515
1,0.7262,2,0.3704
1,0.6909,3,0.3708
1,0.7049,2,0.3698
1,0.6449,2,0.3428
1,0.5481,3,0.3568
1,0.6425,3,0.3717
1,0.6323,2,0.3711
1,0.5907,3,0.4017
1,0.7344,3,0.4052
1,0.7203,2,0.3616
1,0.6637,3,0.4014
1,0.618,2,0.3323
1,0.6431,2,0.3475
1,0.6741,2,0.3554
1,0.8037,2,0.3957
1,0.6664,2,0.387
1,0.692,2,0.3861
1,0.6848,3,0.3913
1,0.7089,3,0.3828
1,0.6134,2,0.3534
1,0.719,2,0.3507
1,0.582,3,0.3599
1,0.5404,3,0.3612
1,0.6634,3,0.3805
1,0.6144,2,0.3463
1,0.7684,3,0.4247
1,0.6166,2,0.3483
0,0.4729,1,0.3207
1,0.741,2,0.3926
1,0.6657,2,0.3504
1,0.6518,2,0.358
1,0.5376,2,0.33
1,0.7026,2,0.3764
1,0.6353,2,0.3549
0,0.4729,1,0.3207
1,0.7205,2,0.3635
1,0.6627,3,0.3808
1,0.7185,2,0.3484
1,0.6205,3,0.3632
1,0.7031,3,0.3791
1,0.6469,2,0.3704
1,0.7,2,0.365
1,0.5784,2,0.3803
1,0.7302,3,0.4012
1,0.6931,2,0.354
1,0.5824,2,0.3611
0,0.4729,1,0.3207
1,0.6109,2,0.3755
1,0.6591,2,0.3579
0,0.4729,1,0.3207
1,0.6205,2,0.3206
1,0.6714,3,0.3729
0,0.4729,1,0.3207
1,0.5721,2,0.347
1,0.7365,2,0.3829
1,0.6822,3,0.4035
1,0.6626,3,0.3696
1,0.6517,2,0.3657
1,0.6445,3,0.3637
1,0.7162,3,0.3899
1,0.5565,3,0.3594
1,0.667,2,0.3475
1,0.766,3,0.3822
1,0.6199,3,0.3782
1,0.701,2,0.3472
1,0.6754,2,0.3545
1,0.5295,3,0.3631
1,0.6624,2,0.3509
1,0.5115,3,0.354
1,0.6972,3,0.3777
1,0.6682,2,0.339
1,0.6116,2,0.3562
1,0.6612,3,0.3606
1,0.7378,2,0.3758
1,0.7463,3,0.4103
1,0.6722,2,0.3495
1,0.5909,2,0.3456
1,0.6964,3,0.3745
1,0.6596,2,0.3486
1,0.7163,2,0.3249
1,0.6186,2,0.3408
1,0.6963,2,0.3478
1,0.7521,2,0.3705
1,0.6907,2,0.4028
1,0.7196,3,0.3961
1,0.6393,3,0.3932
1,0.5852,3,0.3526
1,0.6339,2,0.352
1,0.7217,3,0.3805
1,0.6323,3,0.3864
1,0.6624,2,0.3365
1,0.5616,3,0.3727
1,0.6699,3,0.3964
1,0.6261,2,0.3702
1,0.624,2,0.367
1,0.6725,3,0.3874
1,0.7482,2,0.3658
1,0.5787,2,0.3374
1,0.6954,3,0.386
1,0.793,2,0.3393
1,0.5119,3,0.3504
1,0.6779,2,0.3552
1,0.5787,2,0.3376
1,0.7529,2,0.3701
1,0.6332,2,0.3198
1,0.5745,2,0.351
1,0.644,3,0.3684
1,0.5696,3,0.3964
1,0.7231,3,0.3786
1,0.6314,3,0.3899
1,0.7873,3,0.4206
1,0.6472,2,0.3352
1,0.7124,3,0.392
1,0.7045,3,0.4042
1,0.718,3,0.4004
1,0.7957,2,0.3618
1,0.6963,2,0.3248
1,0.746,2,0.3548
1,0.7311,3,0.4358
1,0.7087,3,0.4109
1,0.6489,3,0.356
1,0.6175,2,0.3497
1,0.7286,2,0.3288
1,0.6329,3,0.392
1,0.6467,3,0.3852
1,0.7642,3,0.4192
1,0.7741,2,0.3662
1,0.6998,3,0.4236
1,0.6736,3,0.3753
1,0.6623,3,0.3959
1,0.7032,3,0.3884
0,0.4729,1,0.3207
1,0.7103,2,0.3739
1,0.585,2,0.3325
1,0.5927,3,0.3564
1,0.6914,2,0.3803
1,0.5984,2,0.3468
1,0.6748,2,0.3143
1,0.5445,3,0.3524
1,0.5672,2,0.3367
1,0.649,2,0.3428
1,0.681,2,0.3562
1,0.5606,3,0.3689
1,0.7445,2,0.3606
1,0.7201,2,0.3798
1,0.7588,2,0.3534
1,0.5924,3,0.3701
1,0.7736,3,0.3848
1,0.6133,3,0.3518
1,0.6764,2,0.3526
1,0.5806,2,0.3491
1,0.5869,3,0.3818
1,0.6045,3,0.3631
1,0.7532,3,0.3907
1,0.6548,2,0.3717
0,0.4729,1,0.3207
1,0.6816,2,0.3604
1,0.6829,2,0.3751
1,0.6652,2,0.3608
1,0.6446,2,0.3105
1,0.5719,3,0.3554
1,0.7507,3,0.4009
1,0.6164,2,0.352
1,0.763,2,0.4139
1,0.7048,2,0.3298
1,0.5953,2,0.3653
1,0.7406,3,0.3924
1,0.709,2,0.3322
1,0.6673,3,0.3603
1,0.7204,3,0.3838
1,0.5368,2,0.3358
1,0.5948,2,0.3529
1,0.5868,2,0.3489
1,0.5985,2,0.3592
1,0.5744,2,0.3423
1,0.6162,2,0.3428
1,0.7106,2,0.3599
1,0.5749,2,0.3317
1,0.6259,2,0.3556
1,0.5931,3,0.3604
1,0.7196,2,0.3584
1,0.5924,2,0.3431
1,0.5981,2,0.3599
1,0.6424,2,0.3506
1,0.6392,2,0.3457
0,0.4729,1,0.3207
1,0.6445,2,0.3384
1,0.634,3,0.3996
1,0.5558,2,0.3306
1,0.5577,2,0.3294
1,0.8114,2,0.4057
1,0.6235,3,0.3864
1,0.5628,2,0.3408
1,0.7042,3,0.3966
1,0.6566,3,0.3766
1,0.6466,2,0.3672
1,0.6179,2,0.3366
1,0.6705,2,0.3441
1,0.691,3,0.3845
1,0.7396,2,0.3555
1,0.6007,3,0.3709
1,0.6507,2,0.3524
1,0.7225,3,0.3957
1,0.5236,1,0.3161
1,0.6797,3,0.4178
0,0.4729,1,0.3207
1,0.5429,3,0.3624
1,0.6578,2,0.3517
0,0.4729,1,0.3207
1,0.7193,2,0.3681
1,0.6409,2,0.3497
1,0.6177,2,0.3263
1,0.7832,2,0.4063
1,0.7258,2,0.3851
1,0.5891,2,0.3498
1,0.7134,2,0.3879
1,0.6673,2,0.3291
1,0.6803,2,0.3692
1,0.6933,2,0.3574
1,0.6448,2,0.3355
1,0.6595,2,0.3583
1,0.7388,3,0.4114
1,0.7348,3,0.3895
1,0.691,2,0.3678
1,0.5758,3,0.3614
1,0.5805,2,0.3218
1,0.7093,2,0.3553
1,0.6871,3,0.3833
1,0.6168,2,0.3264
1,0.7183,3,0.4046
1,0.6157,2,0.3466
1,0.7312,3,0.372
1,0.726,3,0.4042
1,0.7042,2,0.3492
1,0.5848,3,0.3946
0,0.4729,1,0.3207
1,0.5598,2,0.3134
1,0.5761,2,0.3571
1,0.6857,2,0.3501
1,0.6146,3,0.3466
1,0.5832,2,0.353
1,0.6965,3,0.3703
1,0.6608,2,0.3641
1,0.5457,3,0.3835
1,0.6242,2,0.3447
1,0.7089,2,0.3443
1,0.7017,2,0.3002
1,0.7821,2,0.3789
1,0.7032,2,0.3694
1,0.6234,2,0.3739
1,0.6777,3,0.3861
1,0.5797,2,0.3571
1,0.6732,2,0.3783
1,0.6778,2,0.3679
1,0.5901,3,0.3684
1,0.6681,3,0.3847
1,0.7101,3,0.3831
1,0.7035,2,0.3538
1,0.7156,2,0.3627
1,0.7472,2,0.3816
1,0.6211,2,0.3319
1,0.6499,2,0.367
1,0.6117,2,0.3535
1,0.6601,2,0.3346
1,0.6178,2,0.338
1,0.5982,2,0.3418
0,0.4789,1,0.3202
1,0.617,2,0.3444
1,0.7804,2,0.3533
1,0.6545,3,0.3932
1,0.5425,3,0.3522
1,0.6331,3,0.3931
1,0.7202,3,0.3947
1,0.7965,2,0.3666
1,0.742,3,0.4093
1,0.7523,3,0.3871
1,0.6276,2,0.3397
1,0.6487,2,0.3621
1,0.6109,3,0.3736
0,0.4729,1,0.3207
1,0.6913,3,0.3975
1,0.7562,3,0.3934
1,0.6213,2,0.3466
1,0.66,2,0.3427
1,0.6887,2,0.3516
1,0.6775,2,0.3586
1,0.6432,2,0.3559
1,0.6158,2,0.3688
0,0.4729,1,0.3207
1,0.7435,3,0.4147
1,0.737,2,0.3681
1,0.6343,2,0.3436
1,0.5678,2,0.3147
1,0.5908,2,0.345
1,0.6605,2,0.3484
1,0.6568,2,0.3377
1,0.7317,2,0.3371
1,0.6401,2,0.334
1,0.6718,2,0.3668
1,0.6584,3,0.3844
1,0.5445,2,0.3362
1,0.6182,2,0.3496
1,0.7081,3,0.3745
1,0.7955,3,0.4001
1,0.6863,2,0.346
1,0.6297,2,0.3414
1,0.6133,2,0.3403
1,0.7271,2,0.3402
1,0.5986,2,0.3103
1,0.5661,2,0.3334
1,0.5258,2,0.3392
1,0.6051,2,0.3364
1,0.7103,2,0.3655
1,0.7551,3,0.3943
1,0.6415,2,0.3296
0,0.4729,1,0.3207
1,0.5728,2,0.3541
1,0.6271,2,0.3469
1,0.6909,2,0.3804
0,0.4729,1,0.3207
1,0.6443,2,0.3506
1,0.7013,3,0.3675
1,0.6353,3,0.3844
1,0.6566,3,0.3762
1,0.7225,2,0.3622
1,0.709,3,0.3925
1,0.7083,2,0.3452
1,0.6068,2,0.3233
1,0.6982,2,0.3559
1,0.732,2,0.335
1,0.6071,2,0.3551
1,0.7352,3,0.3738
1,0.6178,2,0.3467
1,0.7099,2,0.3662
1,0.6905,3,0.3806
1,0.7299,3,0.3762
1,0.5665,3,0.3553
1,0.6981,2,0.3458
1,0.613,3,0.3819
1,0.7833,2,0.3578
1,0.7207,2,0.3635
1,0.7113,3,0.4222
1,0.6485,3,0.3938
1,0.6323,2,0.3502
1,0.5079,2,0.3543
0,0.4729,1,0.3207
1,0.7781,2,0.3776
1,0.7024,2,0.3714
1,0.5055,3,0.3476
1,0.7043,2,0.339
1,0.7241,3,0.3799
1,0.5264,2,0.3466
1,0.53,3,0.3516
1,0.5386,3,0.3652
1,0.6888,2,0.3416
1,0.5601,2,0.3076
1,0.7616,2,0.368
1,0.5885,3,0.359
1,0.682,3,0.3604
1,0.6467,3,0.3794
1,0.6493,3,0.3905
1,0.697,3,0.3908
1,0.6144,2,0.3607
1,0.5481,2,0.3292
1,0.5888,2,0.3556
1,0.6061,3,0.3565
1,0.6829,3,0.3786
1,0.6654,2,0.3609
1,0.6895,3,0.3837
1,0.6406,2,0.3472
1,0.6996,2,0.3701
1,0.6246,2,0.3146
1,0.6661,3,0.3688
1,0.6217,2,0.363
1,0.6426,3,0.3627
1,0.6972,2,0.3782
1,0.6751,2,0.3584
1,0.7369,2,0.3786
1,0.6258,3,0.3731
1,0.6987,2,0.3474
1,0.7227,2,0.3674
1,0.6015,2,0.3676
1,0.7692,2,0.3828
1,0.6488,2,0.3472
1,0.7165,2,0.3687
1,0.6691,2,0.3739
1,0.6572,3,0.3682
1,0.5763,2,0.3568
1,0.6421,2,0.37
1,0.653,2,0.3567
1,0.6213,2,0.3593
1,0.6437,3,0.3671
1,0.7067,2,0.3762
1,0.7223,3,0.3832
1,0.7349,3,0.4043
1,0.6095,2,0.3687
1,0.5448,3,0.3516
1,0.7551,2,0.3669
1,0.5885,3,0.388
1,0.7119,2,0.3501
1,0.7191,2,0.358
1,0.7476,2,0.3672
1,0.6049,2,0.3481
1,0.7306,2,0.3302
1,0.6009,3,0.4004
1,0.6145,3,0.4036
1,0.5612,3,0.3553
1,0.752,2,0.3591
1,0.5531,3,0.3606
1,0.6435,3,0.4004
1,0.6498,3,0.3698
1,0.5198,3,0.3456
1,0.7264,2,0.3789
1,0.7359,2,0.3438
1,0.7378,2,0.3817
1,0.5506,3,0.3728
1,0.5865,2,0.341
1,0.5951,3,0.3702
1,0.6168,2,0.3459
1,0.6851,2,0.3537
1,0.6942,2,0.3852
1,0.5757,2,0.3416
1,0.7435,2,0.3593
1,0.7211,3,0.4223
1,0.666,2,0.3271
1,0.6024,2,0.3499
1,0.8007,2,0.3875
1,0.5458,3,0.3451
1,0.739,2,0.3583
1,0.5197,3,0.3412
1,0.532,3,0.3638
1,0.6215,3,0.3752
1,0.5866,3,0.3558
1,0.7304,2,0.3747
1,0.5766,3,0.3773
1,0.6468,3,0.3856
1,0.6865,2,0.3408
1,0.6525,2,0.3647
1,0.7982,2,0.3693
1,0.5756,3,0.3596
1,0.6547,3,0.4014
1,0.5909,2,0.3405
1,0.7188,2,0.38
1,0.6536,2,0.3675
1,0.6863,2,0.3555
0,0.4729,1,0.3207
1,0.715,2,0.3342
0,0.4729,1,0.3207
1,0.5575,2,0.3532
1,0.6988,2,0.369
1,0.5879,2,0.3441
1,0.6368,2,0.3149
1,0.6427,3,0.3693
1,0.7583,3,0.4096
1,0.6423,2,0.3603
1,0.5413,3,0.3813
1,0.7131,3,0.4207
1,0.654,3,0.3747
1,0.7742,2,0.3602
1,0.6901,2,0.3537
1,0.6776,2,0.3386
1,0.7841,3,0.4308
0,0.4729,1,0.3207
1,0.5697,3,0.3715
1,0.6467,2,0.3716
1,0.622,2,0.3551
1,0.5567,3,0.3622
1,0.6521,3,0.3864
1,0.6666,2,0.3526
1,0.596,2,0.3512
1,0.6181,2,0.34
1,0.5326,3,0.3481
1,0.6247,3,0.3758
1,0.5531,2,0.3284
1,0.754,3,0.384
1,0.754,2,0.3633
1,0.7857,2,0.3722
1,0.6466,2,0.3613
1,0.6875,2,0.3428
1,0.6958,3,0.4309
1,0.5969,3,0.3732
1,0.7263,2,0.3765
1,0.6173,2,0.3665
1,0.6663,2,0.3475
1,0.6964,2,0.3558
1,0.6917,2,0.3491
1,0.5911,3,0.3829
1,0.7177,2,0.3476
1,0.6346,2,0.3685
1,0.6946,3,0.3803
1,0.6477,3,0.3709
1,0.5903,2,0.3622
1,0.6856,2,0.3322
0,0.4729,1,0.3207
1,0.6989,2,0.3611
1,0.7072,2,0.3626
1,0.6485,2,0.3601
1,0.722,2,0.3274
1,0.5705,3,0.3998
1,0.7052,3,0.3897
1,0.7488,3,0.387
1,0.7511,3,0.4029
1,0.7258,2,0.3851
1,0.5506,2,0.3527
1,0.7209,2,0.3863
1,0.6126,3,0.3663
1,0.6658,2,0.3605
1,0.6492,3,0.3737
1,0.7704,2,0.3929
1,0.7314,3,0.3809
1,0.6998,3,0.3773
1,0.5677,2,0.3462
0,0.4729,1,0.3207
1,0.5228,3,0.3585
1,0.683,3,0.3885
1,0.5538,2,0.3269
1,0.7042,3,0.3939
1,0.6594,2,0.3518
1,0.6078,2,0.3617
1,0.5893,3,0.3438
1,0.7105,3,0.3833
1,0.631,3,0.3732
1,0.6188,3,0.365
1,0.6144,3,0.3591
1,0.7023,2,0.3466
1,0.7328,2,0.3729
1,0.6408,2,0.3383
1,0.6623,2,0.3372
1,0.7052,2,0.3568
0,0.4729,1,0.3207
1,0.6364,2,0.3564
1,0.703,2,0.3693
1,0.5756,2,0.3433
1,0.6481,2,0.3265
1,0.6128,2,0.3176
1,0.6661,2,0.3561
1,0.6822,2,0.3819
1,0.7125,3,0.3844
1,0.7253,3,0.3728
1,0.702,2,0.3725
1,0.8057,3,0.402
1,0.8101,2,0.4136
0,0.4729,1,0.3207
1,0.7911,2,0.3689
1,0.6771,2,0.3622
1,0.6373,2,0.3603
1,0.5647,2,0.344
0,0.4729,1,0.3207
1,0.7091,2,0.3491
1,0.5822,2,0.3537
1,0.7001,3,0.4045
1,0.5018,3,0.3495
1,0.663,3,0.3676
1,0.6589,2,0.3546
1,0.7236,3,0.3883
1,0.6343,2,0.3373
1,0.7137,2,0.3597
1,0.7304,2,0.345
1,0.6519,2,0.3416
1,0.6119,2,0.3213
1,0.7016,2,0.3364
1,0.5818,2,0.3217
1,0.6922,3,0.3876
1,0.6856,2,0.3673
1,0.696,2,0.3644
1,0.7112,2,0.3305
1,0.6726,2,0.3382
1,0.6321,3,0.3944
1,0.5504,3,0.3691
1,0.5443,3,0.3706
1,0.6696,3,0.3691
1,0.5326,2,0.3483
1,0.6062,3,0.356
1,0.6865,2,0.368
1,0.605,2,0.3416
0,0.4729,1,0.3207
0,0.4877,3,0.3355
1,0.7268,3,0.4129
1,0.7103,2,0.3661
1,0.7155,3,0.3745
1,0.6671,2,0.3445
0,0.4729,1,0.3207
1,0.6665,2,0.3642
1,0.5284,3,0.3748
1,0.6268,3,0.3722
1,0.6379,3,0.3922
1,0.6262,2,0.3417
1,0.7831,3,0.4087
1,0.6498,2,0.3671
1,0.6198,2,0.3514
1,0.7104,3,0.3708
1,0.6759,2,0.3276
1,0.6384,2,0.3606
1,0.6696,2,0.3574
1,0.6836,2,0.3516
1,0.7653,3,0.3923
1,0.6399,3,0.3712
1,0.6998,2,0.3559
1,0.5903,2,0.3545
1,0.5788,3,0.3841
1,0.5573,2,0.339
1,0.6799,2,0.3694
1,0.6942,2,0.3635
1,0.6859,2,0.3247
1,0.7444,2,0.3571
1,0.7742,2,0.3418
1,0.7096,2,0.3597
1,0.6648,3,0.3792
1,0.7189,2,0.3601
1,0.7135,2,0.3638
1,0.6959,2,0.3993
1,0.6502,3,0.4055
1,0.6677,3,0.3672
1,0.5494,2,0.3495
1,0.6552,3,0.3868
1,0.7127,2,0.3659
1,0.7039,3,0.3633
1,0.7466,3,0.4199
1,0.6121,2,0.3471
1,0.8412,2,0.3513
1,0.712,2,0.3611
1,0.7197,2,0.3561
1,0.7137,3,0.3917
1,0.7499,2,0.3684
1,0.727,3,0.4016
1,0.6463,2,0.3567
1,0.7891,2,0.3323
1,0.7242,3,0.4055
1,0.6839,3,0.3747
1,0.6847,3,0.3975
1,0.7005,2,0.3686
1,0.7493,2,0.3838
1,0.6328,2,0.3502
0,0.4729,1,0.3207
1,0.7049,3,0.3761
1,0.7709,3,0.4404
1,0.67,2,0.3154
1,0.7852,2,0.3907
1,0.7583,3,0.3776
1,0.6557,2,0.3551
1,0.6633,2,0.354
1,0.7002,3,0.3899
1,0.7901,2,0.3891
1,0.6044,3,0.4111
1,0.6703,3,0.3843
1,0.7451,3,0.3901
1,0.6465,3,0.3926
0,0.491,2,0.3346
1,0.7511,2,0.3867
1,0.6137,3,0.3954
1,0.5996,3,0.395
1,0.6545,2,0.3711
1,0.7312,3,0.417
1,0.7631,2,0.3711
1,0.7603,3,0.381
1,0.6203,3,0.3749
1,0.5486,2,0.3127
1,0.6949,2,0.3822
1,0.763,2,0.3422
1,0.7306,3,0.3806
1,0.6405,2,0.3287
1,0.561,3,0.3574
1,0.7061,3,0.3726
1,0.7355,2,0.3874
1,0.6909,2,0.354
1,0.5123,2,0.3345
1,0.6492,3,0.3828
1,0.6396,2,0.3494
1,0.654,2,0.3523
0,0.4998,3,0.3473
1,0.6185,3,0.3861
1,0.6004,3,0.3715
1,0.572,3,0.3677
1,0.6275,3,0.3587
1,0.7175,2,0.3451
1,0.7021,2,0.3747
1,0.5856,3,0.3678
1,0.6527,3,0.3604
1,0.6598,3,0.3629
1,0.7132,2,0.3504
1,0.6352,2,0.3816
1,0.7269,3,0.404
1,0.6274,2,0.3615
1,0.5972,2,0.3554
1,0.6613,2,0.3354
1,0.6867,2,0.3634
1,0.624,3,0.3562
1,0.6249,2,0.3355
1,0.7987,2,0.3835
1,0.7294,2,0.3819
1,0.6545,2,0.3501
1,0.6012,3,0.3631
1,0.6825,3,0.3806
1,0.5239,3,0.3498
1,0.6458,2,0.3872
1,0.6637,2,0.344
1,0.667,2,0.3648
1,0.6172,2,0.345
1,0.5383,2,0.3239
1,0.6896,2,0.3738
1,0.7145,3,0.376
1,0.6993,2,0.3715
1,0.6996,2,0.3737
1,0.6341,2,0.3255
1,0.784,2,0.3629
1,0.6587,2,0.3675
1,0.7318,3,0.3856
1,0.5597,2,0.329
1,0.707,3,0.4031
1,0.7144,3,0.3659
1,0.674,3,0.3673
1,0.5565,3,0.3635
1,0.7164,2,0.3302
1,0.6901,2,0.3743
1,0.7217,2,0.3674
1,0.6804,3,0.3827
1,0.7348,2,0.363
1,0.7256,2,0.3397
1,0.5777,3,0.3874
1,0.6764,2,0.3494
1,0.7132,2,0.3327
1,0.7481,2,0.4033
1,0.6874,2,0.357
1,0.6047,3,0.3927
1,0.6205,2,0.3699
1,0.6357,3,0.3737
1,0.654,3,0.3818
1,0.7003,3,0.3894
1,0.7142,2,0.386
1,0.712,2,0.3719
1,0.6578,2,0.3501
1,0.7575,3,0.3925
1,0.7442,3,0.3881
1,0.7276,2,0.3677
1,0.6301,3,0.3755
1,0.7208,2,0.3597
1,0.5935,2,0.3427
1,0.6615,2,0.353
1,0.6941,2,0.3793
1,0.5332,2,0.3111
1,0.6338,2,0.3483
1,0.68,3,0.4237
1,0.6972,2,0.3679
1,0.7069,2,0.404
1,0.5877,3,0.3564
1,0.7858,3,0.4004
1,0.7226,2,0.3686
1,0.6481,3,0.3865
1,0.6021,3,0.3807
1,0.6436,2,0.3419
1,0.6103,2,0.3482
1,0.7747,3,0.3787
1,0.6724,2,0.3524
1,0.7844,3,0.3944
1,0.7408,2,0.3556
1,0.6211,2,0.352
1,0.6586,3,0.388
1,0.6712,3,0.3657
1,0.6833,2,0.3421
1,0.6969,2,0.3623
1,0.6585,2,0.334
1,0.6045,2,0.335
1,0.6722,2,0.3592
1,0.6683,3,0.375
1,0.6384,2,0.3563
1,0.6572,2,0.357
1,0.6835,3,0.4029
1,0.6332,2,0.3587
1,0.698,2,0.3903
1,0.5566,2,0.3371
1,0.6871,3,0.3818
1,0.7275,2,0.3314
1,0.5494,3,0.3511
1,0.775,3,0.4274
1,0.7209,3,0.423
1,0.6779,2,0.3654
1,0.7039,3,0.4
1,0.7317,2,0.3852
1,0.6057,2,0.3411
1,0.6585,2,0.3745
1,0.656,2,0.3613
1,0.7638,2,0.3752
1,0.7161,2,0.3763
1,0.6524,3,0.3878
1,0.5687,3,0.3694
1,0.6947,2,0.3479
1,0.6524,3,0.3878
1,0.654,2,0.3606
1,0.62,3,0.399
1,0.6528,2,0.366
1,0.6653,2,0.3658
1,0.6012,2,0.35
0,0.4729,1,0.3207
1,0.6403,3,0.3652
1,0.5185,3,0.3465
1,0.639,2,0.3475
1,0.7144,2,0.3612
1,0.7101,2,0.3751
1,0.7319,3,0.4138
1,0.6286,2,0.3452
1,0.6766,2,0.3556
1,0.7171,3,0.3696
1,0.6218,3,0.3839
1,0.6774,3,0.3934
1,0.6734,3,0.3957
1,0.6537,2,0.3405
1,0.6611,2,0.3518
1,0.6858,2,0.3555
1,0.6963,2,0.3592
1,0.7431,2,0.3357
1,0.636,3,0.4093
1,0.638,2,0.3252
1,0.679,2,0.3793
1,0.6184,3,0.363
1,0.7267,2,0.3685
1,0.7199,2,0.3644
1,0.7471,2,0.3643
0,0.4729,1,0.3207
0,0.4729,1,0.3207
1,0.5517,2,0.3309
1,0.6867,2,0.3404
1,0.6322,2,0.3482
1,0.6665,2,0.341
1,0.6872,2,0.3347
1,0.7265,3,0.3867
1,0.6725,2,0.3545
1,0.6794,2,0.3578
1,0.5788,2,0.351
1,0.5168,3,0.3637
1,0.6158,2,0.3445
1,0.5948,3,0.3597
1,0.6802,2,0.3388
1,0.5946,2,0.3585
1,0.623,2,0.358
1,0.6452,2,0.3739
1,0.5477,2,0.319
1,0.686,3,0.425
1,0.6186,2,0.3412
1,0.6211,3,0.3636
1,0.6665,2,0.3171
1,0.7301,2,0.3821
1,0.7664,3,0.4088
1,0.6984,2,0.375
1,0.5697,3,0.3638
1,0.5794,2,0.3536
1,0.6698,3,0.3647
1,0.6458,2,0.359
1,0.5891,2,0.33
1,0.6326,2,0.356
1,0.7014,2,0.3754
1,0.7443,2,0.3935
1,0.6631,2,0.3386
1,0.7219,2,0.3814
1,0.6449,2,0.3411
1,0.7012,2,0.3301
1,0.6586,3,0.41
1,0.5706,2,0.3416
1,0.7476,2,0.3868
1,0.6719,2,0.3505
1,0.5897,2,0.3331
1,0.7328,3,0.4084
1,0.689,2,0.3725
1,0.6067,2,0.3432
1,0.6749,2,0.3662
1,0.7212,3,0.3926
1,0.7045,2,0.3395
1,0.7811,3,0.3959
1,0.5589,3,0.3775
0,0.4729,1,0.3207
1,0.6033,2,0.3661
1,0.6572,3,0.3845
1,0.7406,2,0.3604
1,0.7144,2,0.3481
1,0.7224,3,0.3992
1,0.7083,2,0.3517
1,0.5509,1,0.341
1,0.6711,2,0.323
1,0.6535,2,0.3667
1,0.7614,2,0.361
1,0.7582,2,0.3693
1,0.6776,3,0.3966
1,0.7492,2,0.3619
1,0.6975,2,0.3351
1,0.5931,2,0.3236
0,0.499,2,0.3305
1,0.7065,3,0.4077
1,0.7084,2,0.353
1,0.7739,2,0.3688
1,0.667,3,0.3777
1,0.6793,3,0.3838
0,0.4729,1,0.3207
1,0.6736,2,0.3312
1,0.5898,2,0.353
1,0.6531,2,0.3366
1,0.5239,2,0.3309
1,0.6672,2,0.3525
1,0.6555,3,0.3877
1,0.6403,2,0.3229
1,0.6445,3,0.3718
1,0.7492,3,0.4306
1,0.6397,3,0.37
1,0.7049,2,0.337
1,0.8058,2,0.3933
1,0.5853,3,0.3723
1,0.7048,3,0.389
1,0.7274,2,0.3625
1,0.687,3,0.4032
1,0.5487,2,0.3202
1,0.658,3,0.4164
1,0.642,2,0.3632
0,0.4729,1,0.3207
1,0.5909,2,0.3404
1,0.6396,3,0.3758
1,0.6456,2,0.3234
1,0.7979,2,0.33
1,0.6344,2,0.3682
1,0.519,2,0.3465
1,0.6736,3,0.3689
1,0.5661,3,0.3635
1,0.7774,3,0.4086
1,0.6667,2,0.3432
1,0.7194,2,0.3563
1,0.6048,3,0.3618
1,0.6526,3,0.3859
1,0.7156,3,0.3854
1,0.7264,3,0.4156
1,0.6462,2,0.366
1,0.655,3,0.3829
1,0.6707,2,0.3666
1,0.724,2,0.3559
1,0.6646,2,0.3167
1,0.705,3,0.3545
1,0.65,2,0.3642
1,0.7076,2,0.3743
1,0.6105,2,0.3558
1,0.6177,2,0.33
1,0.7667,2,0.3464
1,0.6255,3,0.3864
0,0.4729,1,0.3207
1,0.6757,3,0.3944
1,0.6708,2,0.3626
1,0.6027,2,0.3298
1,0.5249,3,0.4091
1,0.739,2,0.3383
1,0.6441,2,0.3467
1,0.65,2,0.3614
1,0.6267,2,0.3664
1,0.6858,2,0.3365
1,0.7368,2,0.375
1,0.621,2,0.3524
1,0.7559,3,0.4321
1,0.5495,2,0.3358
1,0.6502,3,0.4021
0,0.4729,1,0.3207
1,0.6981,2,0.3834
1,0.7696,2,0.4066
1,0.7205,3,0.3972
1,0.7724,2,0.3699
1,0.7336,2,0.3947
0,0.4729,1,0.3207
1,0.6066,2,0.3407
1,0.7729,2,0.3805
1,0.674,3,0.3947
1,0.6354,2,0.3064
1,0.6332,2,0.3379
1,0.7721,2,0.3738
1,0.5141,2,0.3338
1,0.7373,2,0.3511
1,0.7404,2,0.3789
1,0.7234,3,0.3835
1,0.5385,3,0.3684
1,0.754,3,0.3934
1,0.6386,3,0.3686
1,0.6987,2,0.3783
1,0.6289,2,0.3397
1,0.6138,2,0.3432
1,0.7186,2,0.3625
1,0.6175,2,0.3456
1,0.7648,2,0.3627
1,0.7258,3,0.4225
1,0.6121,2,0.3687
1,0.7368,3,0.3926
1,0.6703,2,0.3427
1,0.6346,3,0.3486
1,0.7046,2,0.3549
1,0.7243,3,0.4003
1,0.6488,3,0.399
1,0.5708,2,0.3324
1,0.6045,2,0.335
1,0.6503,2,0.3671
1,0.5215,2,0.3301
1,0.8065,2,0.4037
0,0.4729,1,0.3207
1,0.7024,3,0.3881
1,0.5719,2,0.3192
1,0.5693,3,0.3799
1,0.832,2,0.3656
1,0.6556,3,0.3862
1,0.8123,3,0.3977
1,0.5919,2,0.3502
1,0.6777,2,0.3541
1,0.6631,3,0.3665
1,0.6258,2,0.3353
1,0.7145,2,0.3516
1,0.5416,2,0.3364
1,0.6602,3,0.3648
1,0.7378,3,0.4077
1,0.6624,3,0.3691
1,0.6278,2,0.3439
1,0.6555,3,0.4021
1,0.7042,3,0.3759
1,0.6571,2,0.3272
1,0.5105,1,0.3412
1,0.534,3,0.3549
1,0.5617,3,0.3858
0,0.4729,1,0.3207
1,0.6862,2,0.3621
1,0.6346,2,0.3534
1,0.6504,2,0.3439
1,0.7105,2,0.3651
1,0.7242,2,0.358
1,0.6522,3,0.3913
1,0.6725,2,0.3265
1,0.6689,2,0.353
1,0.7554,3,0.4149
1,0.7596,2,0.3605
1,0.5843,3,0.3646
1,0.5956,2,0.3531
1,0.702,2,0.376
1,0.6962,2,0.3635
1,0.5968,3,0.3783
1,0.612,3,0.3693
1,0.5639,2,0.3166
1,0.6232,3,0.3483
1,0.5784,2,0.3176
1,0.6794,2,0.3534
0,0.4729,1,0.3207
1,0.6872,2,0.3757
1,0.6895,3,0.3842
1,0.6268,3,0.36
1,0.677,2,0.3517
1,0.6348,2,0.3789
1,0.6223,3,0.3701
1,0.6753,2,0.3734
1,0.6172,3,0.3604
1,0.6257,2,0.3649
1,0.6972,2,0.3566
1,0.6657,3,0.3872
1,0.6298,3,0.3905
1,0.69,2,0.3604
1,0.5215,2,0.3236
1,0.6838,2,0.3405
1,0.8074,2,0.3905
1,0.6388,2,0.3514
1,0.7098,2,0.3827
1,0.5517,2,0.3228
1,0.6683,2,0.3371
1,0.6769,3,0.3969
1,0.7279,2,0.3513
1,0.6737,2,0.3595
1,0.6195,3,0.3679
1,0.6763,2,0.3633
1,0.7013,3,0.3789
1,0.6812,2,0.3496
1,0.6125,2,0.3572
1,0.6027,2,0.3212
1,0.6207,2,0.3385
1,0.7458,3,0.4148
1,0.7453,2,0.3547
1,0.7358,2,0.3724
1,0.6977,2,0.3759
1,0.5877,3,0.3684
1,0.5716,3,0.3838
1,0.7376,2,0.3759
1,0.7026,3,0.3772
1,0.7294,2,0.3669
1,0.6683,3,0.3801
1,0.65,2,0.3423
1,0.6715,2,0.3561
1,0.5971,2,0.3252
1,0.5708,2,0.3578
1,0.685,3,0.3778
1,0.5774,2,0.3458
1,0.6341,3,0.3853
1,0.5311,2,0.3491
1,0.6548,2,0.3402
1,0.6582,2,0.3487
1,0.6885,2,0.3442
1,0.6378,2,0.3369
1,0.6657,2,0.3637
1,0.6321,2,0.356
1,0.6955,2,0.3662
1,0.7595,2,0.3706
1,0.7735,2,0.3853
1,0.6952,3,0.3925
1,0.7131,2,0.3762
1,0.6451,2,0.3777
1,0.7387,3,0.3853
1,0.7312,2,0.3069
1,0.7575,2,0.3669
1,0.6575,3,0.4277
1,0.71,2,0.3406
1,0.6964,3,0.3996
1,0.6798,3,0.3871
1,0.6367,3,0.3855
1,0.68,2,0.3744
1,0.525,2,0.3447
1,0.6225,2,0.3459
1,0.6826,2,0.3502
1,0.755,2,0.3705
1,0.7077,3,0.3861
1,0.694,2,0.3572
1,0.6892,3,0.3849
1,0.6198,3,0.3533
1,0.6808,2,0.3447
1,0.7012,2,0.3804
1,0.6353,2,0.3338
1,0.6456,3,0.3601
1,0.6965,2,0.3813
1,0.6334,2,0.3406
1,0.679,3,0.3797
1,0.5643,2,0.3427
1,0.6814,2,0.354
1,0.6902,2,0.3163
1,0.7055,2,0.3246
1,0.7725,2,0.3778
1,0.534,3,0.3751
1,0.6213,2,0.3476
1,0.6236,2,0.358
1,0.7447,2,0.3859
1,0.8141,2,0.3919
1,0.7638,2,0.3418
1,0.6465,2,0.3632
1,0.6971,3,0.3896
0,0.4729,1,0.3207
1,0.5723,2,0.3078
1,0.5797,2,0.3451
1,0.6576,3,0.3719
1,0.7164,2,0.3252
1,0.5532,2,0.3403
1,0.6872,2,0.3472
1,0.7432,3,0.4127
1,0.6935,3,0.4088
1,0.682,3,0.3757
1,0.6216,2,0.3443
1,0.7429,3,0.3987
1,0.6707,2,0.3439
1,0.6791,2,0.3675
1,0.6132,3,0.3666
1,0.6707,3,0.3937
1,0.6664,2,0.3529
1,0.7187,3,0.3908
1,0.6521,2,0.3444
1,0.6936,3,0.403
1,0.6884,2,0.366
1,0.6899,2,0.3672
1,0.7177,2,0.3452
0,0.4811,1,0.3226
1,0.7363,2,0.3761
1,0.5703,2,0.3289
1,0.6382,2,0.3212
1,0.6682,2,0.3625
1,0.5941,2,0.3474
1,0.6735,2,0.3586
1,0.6512,2,0.361
1,0.7007,2,0.3901
1,0.6002,3,0.3694
1,0.6732,3,0.3742
1,0.6152,2,0.3716
1,0.6853,3,0.3891
1,0.6761,2,0.3762
1,0.7378,3,0.4194
1,0.536,2,0.3135
1,0.6363,2,0.3638
1,0.5902,3,0.3608
1,0.6856,3,0.3811
1,0.5312,2,0.3167
1,0.5616,3,0.3751
1,0.766,2,0.3681
1,0.6302,3,0.3694
1,0.7452,2,0.3565
1,0.6877,2,0.3555
1,0.5391,2,0.3454
1,0.5609,3,0.354
1,0.7392,2,0.3742
1,0.567,3,0.3609
1,0.6978,2,0.3503
1,0.6059,3,0.3703
1,0.5941,3,0.3798
1,0.5543,3,0.3801
1,0.5946,3,0.3887
1,0.6903,2,0.3463
1,0.6778,3,0.3716
1,0.7933,2,0.3873
1,0.6605,2,0.3589
1,0.5243,3,0.3533
1,0.671,3,0.4049
1,0.5703,2,0.3481
1,0.7448,3,0.3901
1,0.6102,3,0.3686
1,0.5695,2,0.3421
1,0.7005,2,0.3504
1,0.6617,2,0.342
1,0.5248,1,0.3408
1,0.7127,2,0.3582
1,0.7405,2,0.3836
0,0.4729,1,0.3207
1,0.5798,2,0.3453
0,0.4729,1,0.3207
1,0.7936,3,0.3979
1,0.7574,2,0.3786
1,0.7197,2,0.3527
1,0.7619,2,0.3382
1,0.6953,2,0.3693
1,0.6236,3,0.3752
1,0.553,3,0.36
1,0.7483,2,0.348
1,0.5735,2,0.3342
1,0.7176,2,0.377
1,0.6713,2,0.3247
1,0.725,2,0.3725
1,0.7032,2,0.3631
1,0.68,3,0.3894
1,0.6512,3,0.4011
1,0.6429,3,0.3569
1,0.6131,2,0.3607
1,0.7291,2,0.3804
1,0.753,2,0.3598
1,0.7074,3,0.4115
1,0.6848,3,0.4153
1,0.6174,3,0.361
1,0.6792,3,0.4085
1,0.6137,3,0.3636
1,0.6819,2,0.3465
1,0.682,3,0.3947
1,0.5078,2,0.3307
1,0.772,2,0.3935
1,0.6424,3,0.3783
1,0.715,3,0.3963
1,0.6143,3,0.3842
1,0.598,2,0.3522
1,0.7747,3,0.4173
1,0.6393,3,0.3958
1,0.5884,3,0.3649
1,0.5426,2,0.3387
1,0.787,2,0.376
1,0.6547,2,0.3457
1,0.6761,2,0.3498
1,0.7268,2,0.3814
1,0.6556,2,0.3433
1,0.6252,3,0.3952
1,0.5661,2,0.3515
1,0.6638,2,0.3476
1,0.7557,3,0.4013
1,0.7626,2,0.3713
0,0.4729,1,0.3207
1,0.5986,2,0.3602
1,0.65,2,0.3288
1,0.8035,2,0.3662
1,0.6368,3,0.4002
1,0.6445,2,0.3328
1,0.7435,2,0.382
1,0.7559,2,0.3742
1,0.7299,2,0.3847
1,0.7326,3,0.4028
1,0.6851,3,0.3768
1,0.6519,2,0.3711
1,0.5649,2,0.3272
1,0.5382,2,0.3297
1,0.5769,3,0.3535
1,0.7223,3,0.3896
1,0.7187,2,0.361
1,0.7651,3,0.4043
1,0.7161,2,0.3817
1,0.6684,3,0.3947
1,0.6918,2,0.3428
1,0.7455,2,0.3665
1,0.6863,3,0.3816
1,0.6612,3,0.3744
1,0.5742,2,0.3317
1,0.7246,2,0.3424
1,0.7036,2,0.3697
1,0.6062,2,0.3538
1,0.618,2,0.3486
1,0.5948,2,0.3424
1,0.5648,2,0.349
1,0.6462,2,0.3498
1,0.6439,2,0.3512
1,0.6384,2,0.3568
1,0.7245,3,0.405
1,0.6477,3,0.3856
1,0.6317,2,0.3402
1,0.638,2,0.3345
1,0.7138,2,0.3413
1,0.6516,2,0.3632
1,0.6666,3,0.4007
1,0.6931,2,0.3625
1,0.8288,2,0.3787
1,0.6077,2,0.329
1,0.722,2,0.3617
1,0.6616,2,0.3766
1,0.6708,2,0.3546
1,0.7206,2,0.3874
1,0.6858,3,0.3825
1,0.7762,3,0.3798
1,0.6431,2,0.3752
1,0.581,3,0.3658
0,0.4729,1,0.3207
1,0.6746,3,0.377
1,0.774,3,0.4314
1,0.6296,2,0.3545
1,0.6236,2,0.3304
1,0.6884,2,0.3654
1,0.6134,2,0.3561
1,0.7,2,0.3548
1,0.5713,3,0.3663
1,0.5661,2,0.3535
1,0.6662,3,0.4014
1,0.6819,3,0.3923
1,0.6492,2,0.3618
1,0.6364,2,0.3293
1,0.7156,2,0.3967
1,0.7447,2,0.3815
1,0.7141,2,0.3752
1,0.6617,2,0.3869
1,0.6484,2,0.3357
1,0.6759,3,0.3959
1,0.6038,3,0.387
1,0.7471,3,0.4258
1,0.6149,3,0.3981
1,0.6756,2,0.3821
1,0.5756,2,0.3338
1,0.7374,3,0.4054
1,0.7567,3,0.4021
1,0.684,2,0.3641
1,0.6208,2,0.351
1,0.6291,2,0.3498
1,0.8215,3,0.3868
1,0.7789,2,0.3602
1,0.645,3,0.3907
1,0.6629,3,0.3638
1,0.6479,2,0.337
1,0.7282,2,0.3437
1,0.6817,2,0.3856
0,0.4729,1,0.3207
1,0.6122,2,0.3591
1,0.5961,3,0.3703
1,0.6162,3,0.3818
1,0.6763,2,0.3827
1,0.6726,2,0.3561
1,0.7249,3,0.3795
0,0.4729,1,0.3207
1,0.5578,3,0.3612
1,0.8155,2,0.35
1,0.6424,2,0.3293
1,0.517,2,0.3367
1,0.7635,2,0.3617
1,0.7058,3,0.4011
1,0.6289,2,0.3539
1,0.6393,2,0.3506
1,0.631,2,0.3309
1,0.6806,3,0.3828
1,0.6659,2,0.3486
1,0.6953,2,0.3575
1,0.7013,2,0.3586
0,0.4729,1,0.3207
1,0.7188,2,0.3837
1,0.6825,3,0.3685
1,0.5837,2,0.3467
1,0.6993,3,0.3635
1,0.6907,2,0.352
1,0.6508,3,0.394
1,0.5901,3,0.3933
1,0.6311,2,0.3455
1,0.6282,2,0.3479
1,0.6086,3,0.4061
1,0.6384,2,0.3449
1,0.5411,3,0.3503
1,0.5516,3,0.3527
1,0.5899,2,0.352
1,0.6188,3,0.3708
1,0.7466,2,0.3705
1,0.751,2,0.3785
1,0.8068,2,0.3666
0,0.4729,1,0.3207
1,0.6991,2,0.3575
1,0.6322,2,0.3463
1,0.6592,2,0.3453
1,0.5662,2,0.3365
1,0.5901,2,0.3561
1,0.638,2,0.3472
1,0.7223,3,0.4187
1,0.7252,2,0.3582
1,0.7466,2,0.3705
1,0.751,2,0.3785
1,0.8068,2,0.3666
1,0.6758,2,0.349
1,0.6991,2,0.3575
1,0.6322,2,0.3463
1,0.6592,2,0.3453
1,0.5662,2,0.3365
1,0.5901,2,0.3561
1,0.638,2,0.3472
1,0.7223,3,0.4187
1,0.7252,2,0.3582
1,0.6316,2,0.3566
1,0.7387,2,0.3447
1,0.5633,2,0.3139
1,0.6219,3,0.3723
1,0.6864,2,0.3621
1,0.7065,2,0.3739
1,0.653,2,0.3739
1,0.6801,3,0.3717
1,0.5496,3,0.3605
1,0.5688,3,0.3598
1,0.7671,2,0.3924
1,0.6349,3,0.3593
1,0.6703,2,0.3499
1,0.6307,2,0.3396
1,0.6932,3,0.3881
1,0.7264,3,0.3733
1,0.6194,2,0.3462
1,0.7108,2,0.3666
1,0.7048,2,0.3779
1,0.6576,3,0.3628
1,0.7121,3,0.3702
1,0.605,2,0.344
1,0.6195,2,0.358
1,0.6775,2,0.3498
1,0.6583,2,0.3663
1,0.7117,2,0.3473
1,0.7142,3,0.3901
1,0.556,2,0.3432
1,0.5193,3,0.3361
0,0.4729,1,0.3207
1,0.5469,3,0.3568
1,0.6362,3,0.37
1,0.7254,2,0.3725
1,0.6046,3,0.3794
1,0.5804,2,0.342
1,0.5189,3,0.3534
1,0.5681,2,0.3375
1,0.6264,3,0.4145
1,0.608,2,0.3323
1,0.7007,3,0.3709
1,0.6593,2,0.3479
1,0.7248,3,0.3918
1,0.6998,2,0.3755
1,0.6028,2,0.3458
1,0.6962,3,0.4142
1,0.6352,2,0.3662
1,0.616,2,0.3469
1,0.636,2,0.3551
1,0.6535,2,0.3369
1,0.6535,2,0.3369
1,0.6459,3,0.3643
1,0.5495,2,0.3445
1,0.7853,2,0.3751
1,0.6982,2,0.3775
1,0.728,2,0.375
1,0.7264,3,0.3984
1,0.7618,3,0.4013
1,0.5904,3,0.349
1,0.7202,2,0.3704
1,0.7527,2,0.3878
1,0.6381,3,0.3785
1,0.5938,2,0.3521
1,0.7169,2,0.3806
1,0.6442,2,0.3528
1,0.6706,2,0.3632
1,0.6063,3,0.3623
1,0.7456,2,0.3402
1,0.6915,3,0.3861
1,0.6821,2,0.3519
1,0.6474,2,0.3397
1,0.6976,3,0.3964
1,0.6723,2,0.3706
1,0.5319,3,0.3659
1,0.6163,2,0.3554
1,0.7275,3,0.379
1,0.7029,2,0.3706
1,0.6336,2,0.3251
1,0.5901,2,0.3604
1,0.6534,3,0.3965
1,0.7048,3,0.3827
1,0.6526,2,0.341
1,0.6332,2,0.3679
1,0.6921,2,0.3572
1,0.7506,2,0.3632
1,0.7065,2,0.3579
1,0.6648,3,0.3986
1,0.6149,2,0.3515
1,0.742,2,0.3558
1,0.7029,2,0.359
1,0.7058,3,0.391
1,0.6429,3,0.3557
1,0.7015,3,0.3788
1,0.6451,3,0.3726
1,0.7819,3,0.4134
1,0.6959,3,0.3835
1,0.6313,2,0.3495
1,0.5975,2,0.3466
1,0.6318,2,0.3318
1,0.6065,3,0.3771
1,0.6104,2,0.3514
1,0.7967,3,0.4089
1,0.6554,2,0.3529
1,0.7368,3,0.3987
1,0.6429,3,0.3557
1,0.7015,3,0.3788
1,0.6451,3,0.3726
1,0.7819,3,0.4134
1,0.6959,3,0.3835
1,0.6313,2,0.3495
1,0.5975,2,0.3466
1,0.6318,2,0.3318
1,0.6065,3,0.3771
1,0.6104,2,0.3514
1,0.7967,3,0.4089
1,0.6554,2,0.3529
1,0.7368,3,0.3987
1,0.6217,2,0.3419
1,0.6057,2,0.3401
1,0.6757,2,0.3596
1,0.7605,2,0.3302
0,0.4729,1,0.3207
1,0.569,2,0.3458
1,0.6683,2,0.3443
1,0.729,2,0.3687
1,0.671,2,0.3616
1,0.6678,2,0.3718
1,0.738,3,0.4156
1,0.6571,3,0.3504
1,0.6899,3,0.4023
1,0.5308,3,0.355
1,0.5816,3,0.3674
1,0.554,2,0.3528
1,0.7457,3,0.3687
1,0.5497,3,0.364
1,0.6476,3,0.3829
1,0.6095,2,0.3458
1,0.5508,3,0.3679
1,0.7191,2,0.3625
1,0.6826,2,0.3533
1,0.724,2,0.328
1,0.5509,2,0.3341
1,0.6188,2,0.3313
1,0.6258,2,0.341
1,0.6816,3,0.3813
1,0.7214,2,0.3709
1,0.7855,2,0.3784
1,0.6245,3,0.3634
1,0.7405,2,0.3682
1,0.7461,2,0.3537
1,0.6887,3,0.4317
1,0.5599,2,0.3571
1,0.5629,2,0.332
1,0.744,2,0.3685
1,0.5936,2,0.3222
0,0.4729,1,0.3207
1,0.7078,2,0.3398
1,0.645,2,0.3765
1,0.737,3,0.4173
1,0.7509,3,0.4043
1,0.6597,2,0.3131
1,0.5448,2,0.3368
1,0.6212,2,0.3502
1,0.7391,2,0.3953
1,0.6061,2,0.3394
1,0.6061,2,0.3394
1,0.5011,2,0.3355
1,0.796,2,0.3774
1,0.6893,2,0.3617
1,0.7672,2,0.364
1,0.6968,2,0.341
1,0.5486,2,0.3156
1,0.7345,2,0.3458
1,0.6147,3,0.3715
1,0.7103,2,0.356
1,0.7202,3,0.3845
1,0.7532,3,0.3993
1,0.754,3,0.4027
1,0.6735,3,0.3791
1,0.6922,2,0.3644
1,0.5894,2,0.3297
1,0.5544,3,0.3796
1,0.6113,3,0.3524
1,0.6431,3,0.376
1,0.6242,2,0.3672
1,0.6271,2,0.3377
1,0.5623,2,0.3439
1,0.7269,3,0.3859
1,0.6936,2,0.3422
1,0.7182,2,0.3474
1,0.579,3,0.3607
1,0.734,3,0.3839
1,0.7137,3,0.4358
1,0.7601,2,0.3796
1,0.7234,2,0.3542
0,0.4965,2,0.3354
1,0.5792,3,0.3795
1,0.5792,3,0.3795
1,0.6843,2,0.3488
1,0.5139,2,0.3481
1,0.5944,2,0.3305
1,0.6336,3,0.3687
1,0.6544,2,0.3679
1,0.5834,3,0.3868
1,0.6621,3,0.3729
1,0.6698,2,0.3585
1,0.8115,2,0.3699
1,0.7549,3,0.41
1,0.6075,2,0.326
1,0.6235,2,0.3681
1,0.5637,2,0.3266
1,0.5637,2,0.3266
1,0.6502,2,0.3262
1,0.738,2,0.3717
1,0.6053,3,0.3697
1,0.7163,2,0.3409
1,0.7727,2,0.4041
1,0.5922,3,0.352
1,0.5604,3,0.3658
1,0.7185,2,0.3487
1,0.7066,2,0.3694
1,0.6385,2,0.3726
1,0.6199,2,0.3514
1,0.6631,2,0.3541
1,0.5443,3,0.3607
1,0.6108,2,0.3178
1,0.6146,3,0.3903
1,0.7063,2,0.385
1,0.6851,2,0.3686
1,0.7378,3,0.3788
1,0.6196,2,0.3772
1,0.5915,2,0.3259
1,0.7533,2,0.3792
1,0.6009,3,0.3894
1,0.6587,3,0.3537
1,0.8155,2,0.3393
1,0.6275,2,0.3365
1,0.6528,3,0.3807
1,0.6508,2,0.3379
1,0.504,2,0.3293
1,0.6469,3,0.3666
1,0.673,3,0.4131
1,0.7254,2,0.3333
1,0.7461,2,0.3899
1,0.7299,2,0.3335
1,0.7385,2,0.3387
1,0.7096,2,0.3645
0,0.4729,1,0.3207
1,0.6004,2,0.3728
1,0.5405,3,0.3565
1,0.6822,2,0.366
1,0.6379,3,0.383
1,0.6517,3,0.3778
1,0.7316,3,0.3928
1,0.6741,3,0.373
1,0.6971,3,0.4245
1,0.6811,2,0.3115
1,0.5252,3,0.3451
1,0.5416,3,0.3613
1,0.5674,3,0.3857
1,0.7475,2,0.3891
1,0.7092,2,0.3632
1,0.631,3,0.3794
1,0.6299,2,0.3327
1,0.6017,2,0.3459
1,0.6054,3,0.3599
1,0.7513,3,0.4332
1,0.686,3,0.3867
1,0.6336,2,0.3377
1,0.7197,3,0.4009
1,0.6556,3,0.3625
1,0.7533,2,0.3268
1,0.7795,2,0.3798
1,0.7448,2,0.3772
1,0.7828,2,0.3744
1,0.7964,2,0.3622
1,0.6806,2,0.3554
1,0.5988,3,0.3731
1,0.6933,2,0.3819
1,0.6181,2,0.3525
1,0.6597,2,0.3439
1,0.6915,3,0.3879
1,0.5979,2,0.3598
1,0.6607,2,0.348
1,0.7283,2,0.3691
1,0.6406,2,0.3456
1,0.6977,2,0.3552
1,0.5583,3,0.3641
1,0.5255,2,0.3478
1,0.7817,2,0.3534
1,0.6259,2,0.3397
1,0.5254,2,0.3409
1,0.5749,3,0.3626
1,0.5977,3,0.3582
1,0.7462,3,0.3892
1,0.6948,2,0.3361
0,0.49,3,0.3544
1,0.7317,2,0.3589
1,0.6689,3,0.4125
1,0.702,2,0.3457
1,0.7253,2,0.3734
1,0.6033,3,0.378
1,0.7512,2,0.3963
1,0.6469,3,0.3869
1,0.6518,2,0.3727
1,0.7029,2,0.3575
1,0.5987,3,0.3917
1,0.7575,3,0.408
1,0.6529,3,0.391
1,0.7942,3,0.3836
1,0.7083,2,0.3759
1,0.6984,2,0.3827
1,0.6294,3,0.3533
1,0.5709,3,0.3806
1,0.6992,2,0.3734
1,0.6273,2,0.3388
1,0.7049,2,0.3815
1,0.7623,3,0.3954
1,0.6231,3,0.3816
1,0.5945,2,0.3438
1,0.6154,3,0.4215
1,0.5807,2,0.3431
1,0.7388,2,0.3766
1,0.7299,2,0.3672
1,0.7119,2,0.3596
1,0.5564,2,0.3501
1,0.5686,3,0.3837
1,0.6249,2,0.3364
1,0.6251,2,0.3286
1,0.6647,3,0.3785
1,0.5969,2,0.3329
1,0.7689,2,0.3772
1,0.5894,3,0.3592
1,0.6981,3,0.3856
1,0.7445,2,0.3706
1,0.6712,2,0.3596
1,0.7097,3,0.4351
1,0.7763,2,0.399
1,0.6711,2,0.35
1,0.6307,2,0.3461
1,0.7324,3,0.3733
1,0.6719,2,0.3685
1,0.8012,2,0.3684
1,0.7555,2,0.326
1,0.6779,3,0.4023
1,0.507,2,0.3324
1,0.5797,2,0.3368
1,0.7198,2,0.3624
1,0.6482,2,0.3488
1,0.6908,3,0.3883
1,0.7301,3,0.393
1,0.6969,2,0.3649
1,0.6665,2,0.3254
1,0.7117,2,0.3691
1,0.7343,2,0.3695
1,0.5807,2,0.3325
1,0.6231,2,0.3539
1,0.726,3,0.3899
1,0.7506,2,0.3626
1,0.624,3,0.3716
0,0.4868,2,0.3369
1,0.5411,3,0.3549
1,0.6374,3,0.3629
1,0.7306,3,0.4019
1,0.6742,2,0.3739
1,0.5947,3,0.3885
1,0.664,3,0.3959
1,0.5428,3,0.3378
1,0.7007,2,0.3387
1,0.7207,2,0.3631
1,0.6339,3,0.3593
1,0.7355,2,0.3635
1,0.6494,3,0.3554
1,0.6046,3,0.3694
1,0.5976,2,0.3548
1,0.7691,2,0.3344
1,0.5361,3,0.3658
1,0.661,2,0.3467
1,0.7363,2,0.3537
1,0.6125,3,0.371
1,0.6273,2,0.3748
1,0.7173,3,0.3906
1,0.7187,2,0.3355
1,0.5487,3,0.3664
1,0.6586,2,0.3582
1,0.6766,2,0.3266
1,0.5617,3,0.365
1,0.6451,3,0.4031
1,0.585,2,0.3138
1,0.7341,3,0.4088
1,0.7144,3,0.3889
1,0.6855,2,0.3576
1,0.7384,2,0.3907
1,0.6435,3,0.4071
1,0.5432,2,0.3392
1,0.7108,2,0.3483
1,0.6851,2,0.3691
1,0.7173,3,0.4106
1,0.6052,3,0.3762
1,0.6407,3,0.3941
1,0.7358,2,0.3682
1,0.6609,3,0.4121
1,0.7486,2,0.3756
1,0.718,3,0.3927
1,0.6841,2,0.3562
1,0.7668,3,0.3976
1,0.7162,2,0.365
1,0.7487,2,0.357
1,0.5672,3,0.3663
1,0.6053,2,0.35
1,0.7034,2,0.3456
1,0.7645,2,0.3743
1,0.6371,3,0.3705
1,0.5473,2,0.3479
1,0.7415,2,0.3993
1,0.7099,2,0.3853
1,0.7416,2,0.3976
1,0.5175,3,0.3507
1,0.7514,2,0.3866
1,0.7647,2,0.3593
1,0.6149,2,0.339
1,0.7638,2,0.3816
1,0.6074,2,0.3349
1,0.687,2,0.3603
1,0.662,3,0.3768
1,0.7341,2,0.3442
1,0.6535,3,0.3636
1,0.6239,2,0.3522
1,0.5777,3,0.389
1,0.6316,2,0.3528
1,0.7649,2,0.3968
1,0.6681,2,0.3104
1,0.7553,2,0.3694
1,0.6747,2,0.3405
1,0.6381,3,0.3662
1,0.6217,2,0.3333
1,0.6789,3,0.3921
1,0.5531,3,0.3674
0,0.4729,1,0.3207
1,0.6795,3,0.3853
1,0.5683,2,0.3451
1,0.6149,2,0.3316
1,0.7238,2,0.3283
1,0.75,2,0.3946
1,0.6258,3,0.3565
1,0.7024,3,0.4103
1,0.7089,2,0.3543
1,0.7042,3,0.3957
1,0.5737,3,0.3699
1,0.6014,2,0.3485
1,0.5945,2,0.3142
1,0.7042,3,0.3878
1,0.5389,2,0.3349
1,0.7477,2,0.391
1,0.6604,2,0.3753
1,0.6799,3,0.3796
1,0.6946,2,0.3593
1,0.7328,2,0.3559
1,0.6095,2,0.3465
1,0.7089,3,0.4012
1,0.6907,2,0.3382
1,0.6998,3,0.4088
1,0.647,3,0.4004
1,0.6285,3,0.3975
1,0.6519,2,0.3831
1,0.655,2,0.3665
1,0.6807,3,0.3797
1,0.5623,2,0.2994
1,0.6803,2,0.3612
1,0.656,2,0.3559
1,0.5397,3,0.3474
1,0.6606,3,0.3892
1,0.8066,3,0.4091
1,0.718,2,0.3719
1,0.8066,3,0.4091
1,0.718,2,0.3719
1,0.6795,3,0.3961
1,0.6899,2,0.353
1,0.7468,2,0.3843
1,0.6908,3,0.4122
1,0.6364,2,0.3617
1,0.6725,2,0.3825
1,0.8036,2,0.3653
0,0.4974,2,0.3143
1,0.5212,3,0.3488
1,0.6418,2,0.3483
1,0.6206,3,0.4043
1,0.6942,2,0.3476
1,0.7495,3,0.3881
1,0.6324,2,0.3456
1,0.7818,2,0.3618
1,0.707,3,0.389
1,0.605,2,0.3648
1,0.6798,2,0.3733
1,0.6474,2,0.3639
1,0.5968,2,0.3712
1,0.7528,3,0.4068
1,0.7365,2,0.3883
1,0.5821,3,0.3761
1,0.662,2,0.3652
1,0.6907,2,0.355
1,0.6161,2,0.3354
1,0.6806,2,0.3461
1,0.6861,2,0.3752
1,0.8042,2,0.3899
1,0.7285,2,0.3717
1,0.7263,2,0.3734
1,0.5147,2,0.3165
1,0.689,3,0.3832
1,0.6144,2,0.3508
1,0.6124,2,0.3452
1,0.7681,3,0.4014
1,0.6483,3,0.3837
1,0.6757,2,0.3589
1,0.6884,2,0.35
1,0.7323,3,0.4138
1,0.6299,2,0.3525
1,0.7235,2,0.3693
0,0.4807,1,0.318
1,0.6218,2,0.3523
1,0.6204,2,0.323
1,0.6471,3,0.415
1,0.748,2,0.3732
1,0.6638,3,0.3756
1,0.6963,2,0.355
1,0.6491,2,0.3676
1,0.5597,2,0.319
1,0.6005,3,0.3957
1,0.5329,3,0.3486
0,0.4713,2,0.3333
1,0.7082,3,0.3715
1,0.5937,2,0.3117
1,0.7152,2,0.3341
1,0.6391,2,0.3288
1,0.5771,3,0.3784
1,0.5688,3,0.3626
1,0.7175,2,0.3648
1,0.7371,3,0.4188
1,0.719,2,0.3672
1,0.7261,2,0.3635
1,0.7056,2,0.369
1,0.6869,2,0.3634
1,0.7398,3,0.4238
1,0.6895,2,0.3546
1,0.7117,2,0.3867
1,0.6172,3,0.3814
1,0.7368,2,0.369
1,0.7208,2,0.3929
1,0.5734,2,0.3491
1,0.677,2,0.3525
1,0.5248,2,0.3355
1,0.709,3,0.3814
1,0.7569,3,0.4048
1,0.6991,3,0.37
1,0.7353,2,0.376
1,0.6102,2,0.3483
1,0.6746,2,0.3603
1,0.6895,2,0.3641
1,0.7922,2,0.3789
1,0.7259,2,0.3536
1,0.6008,2,0.3523
1,0.6008,2,0.3523
1,0.6498,2,0.3489
1,0.5989,3,0.354
1,0.5706,3,0.3656
1,0.7034,2,0.3718
1,0.6086,3,0.3758
1,0.6044,2,0.3495
1,0.6593,3,0.3889
1,0.69,3,0.4105
1,0.6455,2,0.3585
1,0.6919,3,0.3834
1,0.6224,2,0.3354
1,0.6542,2,0.3496
1,0.6873,2,0.3696
1,0.6749,3,0.4102
1,0.6179,3,0.3662
1,0.6473,2,0.3784
1,0.599,2,0.3243
1,0.582,3,0.3579
1,0.6084,3,0.3809
1,0.6905,2,0.3408
1,0.6419,2,0.3723
1,0.6979,3,0.3771
1,0.5495,2,0.329
1,0.6348,3,0.3694
1,0.6656,2,0.3603
1,0.5952,2,0.3074
0,0.4998,3,0.3582
1,0.7133,2,0.3672
1,0.6518,1,0.3294
1,0.6016,2,0.3496
1,0.6471,2,0.3676
1,0.5075,3,0.3454
1,0.6689,2,0.3569
1,0.652,2,0.3564
1,0.7091,2,0.3516
1,0.6935,2,0.3507
1,0.6917,2,0.3747
1,0.6617,2,0.3539
1,0.6275,2,0.3268
1,0.6407,2,0.3439
1,0.7547,3,0.4178
1,0.5901,3,0.3706
1,0.7063,3,0.3864
0,0.4977,1,0.3204
1,0.6741,2,0.3567
1,0.6176,2,0.3592
1,0.7177,2,0.379
1,0.5865,2,0.3612
1,0.521,3,0.366
1,0.659,2,0.3544
1,0.6203,2,0.3468
1,0.6264,3,0.3708
1,0.726,2,0.3456
1,0.6869,3,0.4239
1,0.6535,2,0.3507
1,0.6488,3,0.4063
1,0.6725,3,0.3729
1,0.5502,3,0.3504
1,0.5879,2,0.3656
1,0.7708,3,0.3886
1,0.7466,2,0.3666
1,0.7138,3,0.3599
1,0.7544,2,0.365
1,0.613,2,0.3602
1,0.7234,2,0.3492
1,0.6886,2,0.3501
1,0.672,3,0.4067
1,0.6231,2,0.3561
1,0.5374,2,0.3329
1,0.5327,2,0.3341
1,0.6397,3,0.3777
1,0.664,2,0.3615
1,0.6723,2,0.3439
1,0.5329,3,0.3542
1,0.6874,2,0.3866
0,0.4729,1,0.3207
1,0.7762,2,0.3634
1,0.6534,3,0.372
1,0.5473,2,0.3346
1,0.623,2,0.3553
1,0.7214,3,0.4284
1,0.5797,2,0.3261
1,0.6728,3,0.4012
1,0.6088,3,0.3449
1,0.7217,2,0.3441
1,0.6308,3,0.3663
1,0.6467,2,0.3602
1,0.6522,3,0.3826
1,0.716,2,0.3535
1,0.6731,3,0.3735
1,0.7287,3,0.3885
0,0.4986,2,0.3302
1,0.7187,2,0.3559
1,0.662,2,0.359
1,0.6199,2,0.3384
1,0.7416,2,0.3439
1,0.7094,3,0.379
1,0.6121,2,0.3399
1,0.7374,2,0.3588
1,0.7632,3,0.4118
1,0.6134,3,0.3667
1,0.5674,2,0.3274
1,0.5862,3,0.3744
1,0.7155,3,0.3921
1,0.6571,2,0.365
1,0.641,2,0.3658
1,0.6043,3,0.3856
0,0.4991,1,0.3314
1,0.692,3,0.3871
1,0.5658,3,0.3454
1,0.6612,3,0.3598
1,0.6066,2,0.3519
1,0.7133,2,0.3344
1,0.5087,3,0.3483
1,0.6415,2,0.3451
1,0.5768,3,0.3703
1,0.5694,2,0.343
1,0.7011,2,0.3752
1,0.7297,2,0.3719
1,0.5773,3,0.3829
1,0.6769,2,0.3661
1,0.6837,2,0.3707
1,0.5986,3,0.3775
1,0.7742,2,0.345
1,0.5947,2,0.3372
1,0.5525,3,0.3586
1,0.6877,2,0.3359
1,0.7623,3,0.3854
1,0.6939,2,0.3687
1,0.5814,3,0.3631
1,0.7,2,0.365
1,0.7464,2,0.3483
1,0.5494,2,0.3223
1,0.7188,3,0.3936
0,0.4729,1,0.3207
0,0.4729,1,0.3207
1,0.7454,3,0.4277
1,0.7736,2,0.3484
1,0.7178,2,0.3905
1,0.6085,2,0.3427
1,0.5397,3,0.3645
1,0.5991,2,0.3542
1,0.6657,2,0.3649
1,0.7909,3,0.4173
1,0.6435,3,0.3769
1,0.7037,2,0.3555
1,0.6973,2,0.3314
1,0.5688,3,0.3613
1,0.6988,2,0.3524
1,0.7678,2,0.3587
1,0.669,3,0.403
1,0.6807,2,0.385
1,0.6806,2,0.3744
1,0.6703,2,0.3596
1,0.7116,3,0.413
1,0.713,2,0.3543
1,0.6665,2,0.3566
1,0.7363,3,0.3904
1,0.6643,3,0.3871
1,0.678,3,0.3943
1,0.7326,2,0.381
1,0.5517,3,0.3538
1,0.7289,2,0.3367
1,0.6998,2,0.3417
1,0.7949,3,0.4205
1,0.6086,3,0.3773
1,0.6492,2,0.3101
1,0.6492,2,0.3101
1,0.604,2,0.3625
0,0.4897,2,0.3266
1,0.6342,2,0.3474
1,0.73,2,0.3487
1,0.7165,2,0.3469
1,0.5651,2,0.3659
1,0.6083,3,0.381
1,0.7315,3,0.4051
1,0.6017,2,0.3578
1,0.6933,2,0.3684
1,0.684,2,0.348
1,0.6718,2,0.3708
1,0.6939,2,0.3537
1,0.6529,3,0.3731
1,0.5616,2,0.3517
1,0.7221,3,0.364
1,0.6872,3,0.3862
1,0.5393,3,0.3997
1,0.6199,2,0.3606
1,0.6792,2,0.3553
1,0.6616,2,0.3589
1,0.6782,2,0.3539
1,0.5838,2,0.3304
1,0.6743,2,0.3834
1,0.6798,2,0.3109
1,0.6342,3,0.3659
1,0.7803,2,0.3766
1,0.6394,3,0.3618
1,0.6294,3,0.3948
1,0.5263,3,0.3399
1,0.6848,2,0.3646
1,0.7073,2,0.3572
1,0.6351,2,0.3444
1,0.5988,2,0.3513
1,0.5335,2,0.351
1,0.7878,3,0.4124
1,0.7268,2,0.3446
1,0.6499,2,0.3346
1,0.5775,2,0.3532
1,0.6783,3,0.3918
1,0.6715,2,0.3548
1,0.7159,2,0.3816
1,0.6309,2,0.3353
1,0.689,3,0.3864
1,0.5988,2,0.3484
1,0.6808,2,0.3563
1,0.5701,2,0.3395
1,0.7262,3,0.4422
1,0.6646,3,0.383
1,0.6216,3,0.3607
1,0.7067,3,0.3942
1,0.6184,3,0.3775
1,0.7111,3,0.437
1,0.7093,2,0.3543
1,0.6811,2,0.3884
1,0.6274,3,0.3687
1,0.6775,3,0.3799
1,0.7027,2,0.387
1,0.7292,3,0.41
1,0.7682,3,0.3993
1,0.6854,2,0.3686
1,0.6217,3,0.399
1,0.7154,2,0.3417
1,0.7107,2,0.3561
1,0.5385,2,0.3331
1,0.5808,3,0.3763
1,0.6303,2,0.3699
1,0.6503,2,0.3483
1,0.6327,2,0.3348
1,0.7478,3,0.4044
1,0.5575,3,0.3779
1,0.6459,2,0.3503
1,0.6813,2,0.3546
1,0.6284,3,0.3809
1,0.6019,3,0.3739
1,0.6867,2,0.3186
1,0.7453,2,0.3655
1,0.7846,2,0.3682
1,0.7902,3,0.4071
1,0.5585,2,0.3658
1,0.6147,2,0.3131
1,0.6653,3,0.3576
1,0.5365,2,0.318
1,0.7034,2,0.3314
1,0.6894,3,0.3866
1,0.7884,2,0.3809
1,0.6834,2,0.3723
1,0.6684,2,0.3724
1,0.6641,2,0.3641
1,0.7131,2,0.3626
1,0.6238,2,0.3439
1,0.7061,3,0.3907
1,0.7205,2,0.3753
1,0.5759,2,0.3617
1,0.5607,1,0.3431
1,0.6227,2,0.3543
1,0.6678,2,0.3284
1,0.789,2,0.3468
1,0.7467,2,0.2975
1,0.6157,2,0.3719
1,0.6959,3,0.3804
1,0.6442,2,0.3501
1,0.645,2,0.3491
1,0.7298,2,0.3639
1,0.6629,2,0.3652
1,0.6169,2,0.3427
1,0.5958,2,0.3352
1,0.6378,2,0.3445
1,0.7425,2,0.3505
1,0.5889,2,0.3493
1,0.6926,2,0.3689
1,0.6926,2,0.3689
1,0.5897,2,0.3572
1,0.8296,2,0.3737
1,0.7224,2,0.3642
1,0.6155,2,0.3381
1,0.6583,3,0.3778
1,0.5703,2,0.3346
1,0.6841,2,0.3712
1,0.609,3,0.3731
1,0.6465,3,0.4001
1,0.5353,3,0.3654
1,0.5432,3,0.3483
1,0.6774,3,0.3813
1,0.7579,3,0.4106
1,0.7092,3,0.3981
1,0.8081,2,0.3696
1,0.5655,3,0.3493
1,0.6878,2,0.3276
1,0.6876,2,0.3256
1,0.7043,2,0.357
1,0.642,3,0.3837
1,0.683,2,0.3531
1,0.6204,2,0.3156
1,0.5445,2,0.303
1,0.6545,2,0.34
1,0.6511,2,0.3616
1,0.5657,2,0.3387
1,0.6589,3,0.3835
1,0.6696,3,0.4225
1,0.5365,2,0.318
1,0.5736,2,0.3321
1,0.5127,3,0.3504
1,0.7566,2,0.3782
1,0.7309,2,0.3811
1,0.6289,2,0.3524
1,0.528,2,0.3412
1,0.759,3,0.4136
1,0.6586,3,0.3781
1,0.7283,3,0.3808
1,0.6371,2,0.3542
1,0.7251,3,0.4113
1,0.7438,3,0.3937
1,0.5461,2,0.3383
1,0.6993,3,0.4048
1,0.543,3,0.3549
1,0.6642,2,0.3304
1,0.6744,2,0.3439
1,0.6474,2,0.3635
1,0.671,2,0.3638
1,0.5341,3,0.3452
1,0.645,2,0.3514
1,0.8041,2,0.3775
1,0.5371,3,0.3615
1,0.7951,2,0.365
1,0.5903,2,0.3504
1,0.678,3,0.4162
1,0.779,2,0.3409
1,0.5891,3,0.3887
1,0.6303,3,0.3654
1,0.5755,2,0.3311
1,0.7035,2,0.359
1,0.6226,3,0.4089
1,0.6998,2,0.383
1,0.6927,3,0.4085
1,0.6616,2,0.3649
1,0.5453,3,0.3778
1,0.6437,2,0.3492
1,0.551,2,0.3102
1,0.7066,3,0.4229
1,0.6008,2,0.3591
1,0.6157,3,0.3682
1,0.6801,2,0.3706
1,0.7229,3,0.3967
1,0.6462,2,0.3484
1,0.6322,3,0.3871
1,0.6738,2,0.3581
1,0.7066,3,0.4112
1,0.6483,2,0.3512
1,0.7719,2,0.3528
1,0.5897,2,0.3411
1,0.7092,2,0.3656
1,0.6273,3,0.3697
1,0.6345,2,0.3358
1,0.6919,3,0.3822
1,0.6532,2,0.3701
1,0.7229,2,0.3514
1,0.7424,3,0.4011
1,0.7959,2,0.3694
1,0.656,2,0.3653
1,0.7017,2,0.3454
1,0.5937,2,0.343
1,0.7201,2,0.3533
1,0.6667,3,0.3817
1,0.5377,3,0.3626
1,0.7941,3,0.4417
1,0.677,3,0.386
1,0.7498,3,0.4163
1,0.7054,2,0.3678
1,0.6029,2,0.3358
1,0.6558,3,0.3717
1,0.6962,2,0.3225
1,0.6641,3,0.3825
1,0.53,3,0.3924
1,0.5893,3,0.352
1,0.5918,2,0.3496
1,0.7551,3,0.4369
1,0.6443,2,0.3674
1,0.5282,2,0.3254
1,0.6971,3,0.4129
1,0.584,2,0.3327
1,0.6641,2,0.358
1,0.6657,3,0.3742
1,0.5467,3,0.3584
1,0.6164,2,0.3493
1,0.5446,2,0.3055
1,0.5229,2,0.34
1,0.6298,3,0.3744
1,0.7115,3,0.3781
1,0.6223,2,0.3532
1,0.7097,2,0.3803
1,0.7627,2,0.3472
1,0.6355,2,0.3645
1,0.5229,3,0.3469
1,0.6414,2,0.3679
1,0.6624,3,0.3915
1,0.6401,2,0.3596
1,0.7499,3,0.4314
1,0.5862,2,0.3386
1,0.5121,2,0.3178
1,0.6636,2,0.3298
1,0.7119,2,0.3527
1,0.6678,3,0.3788
1,0.6923,2,0.3577
1,0.6961,2,0.3205
1,0.7109,3,0.4047
1,0.7541,3,0.385
1,0.7844,2,0.3675
1,0.5837,2,0.3466
1,0.5776,3,0.3746
1,0.6885,3,0.3706
1,0.6129,2,0.3451
1,0.5999,2,0.3098
1,0.769,2,0.3891
1,0.6432,3,0.3761
1,0.7348,2,0.392
1,0.6203,3,0.3933
1,0.5949,2,0.3806
1,0.598,2,0.3411
1,0.5364,2,0.3413
1,0.6527,2,0.3552
1,0.7078,2,0.3883
1,0.6994,2,0.3662
1,0.6131,3,0.3617
1,0.6871,3,0.3984
1,0.6472,2,0.3604
1,0.5665,3,0.3785
1,0.6385,3,0.3715
1,0.6241,3,0.3651
1,0.7115,3,0.3768
1,0.6157,2,0.3605
1,0.7043,2,0.3668
1,0.7078,2,0.365
1,0.7343,3,0.3796
1,0.6873,3,0.372
1,0.6732,2,0.3387
1,0.6273,2,0.3394
1,0.5735,3,0.3881
1,0.6676,2,0.3627
1,0.6381,2,0.3161
1,0.6295,2,0.3734
1,0.7635,2,0.374
1,0.7045,3,0.3752
1,0.6426,2,0.3425
1,0.6993,2,0.3429
1,0.6993,2,0.3429
1,0.6266,3,0.3849
1,0.6036,3,0.3808
1,0.646,2,0.3388
1,0.7369,2,0.3805
1,0.6225,2,0.3356
1,0.6172,3,0.3825
1,0.5418,3,0.3622
1,0.7148,2,0.3644
1,0.6548,2,0.338
1,0.7315,2,0.3838
1,0.6502,2,0.3398
1,0.6474,2,0.357
1,0.7927,2,0.3737
1,0.6939,3,0.4448
1,0.6,3,0.3584
1,0.6398,3,0.3932
1,0.6947,2,0.353
1,0.6489,3,0.369
1,0.7009,3,0.3857
1,0.6292,2,0.3554
1,0.5647,3,0.3708
1,0.7247,2,0.3713
1,0.7563,3,0.4304
1,0.6806,2,0.3145
1,0.6881,2,0.37
1,0.7293,2,0.3362
1,0.7428,2,0.336
1,0.6299,2,0.3362
1,0.7475,2,0.3426
1,0.7043,2,0.3415
1,0.5325,3,0.3787
1,0.657,2,0.3494
1,0.6749,2,0.36
1,0.636,3,0.3734
1,0.6521,2,0.3202
1,0.6154,3,0.3642
1,0.5476,3,0.356
1,0.6448,2,0.3457
1,0.6447,2,0.3465
1,0.6597,3,0.3618
1,0.7801,3,0.4097
1,0.6794,3,0.4051
1,0.7183,3,0.3928
1,0.6411,2,0.3414
1,0.7499,3,0.4232
1,0.6648,2,0.3444
1,0.6242,3,0.3648
1,0.6871,2,0.3689
1,0.7342,2,0.3565
1,0.5845,3,0.3462
1,0.6691,2,0.3442
1,0.7781,2,0.3729
1,0.6899,2,0.3292
1,0.6008,2,0.3424
1,0.6856,2,0.3152
1,0.5965,2,0.322
1,0.6638,3,0.3543
1,0.789,2,0.3579
1,0.6841,3,0.4183
1,0.6079,2,0.34
1,0.6673,3,0.3873
1,0.6172,2,0.3249
1,0.6153,2,0.3447
1,0.6236,3,0.4027
1,0.5943,2,0.3308
1,0.6011,2,0.3428
1,0.5214,2,0.334
1,0.6784,2,0.3647
1,0.6402,2,0.3424
1,0.5776,3,0.37
1,0.6506,2,0.3619
1,0.6142,2,0.3538
1,0.6626,2,0.3522
1,0.6626,3,0.3684
1,0.5052,1,0.3315
1,0.5548,3,0.3691
1,0.6611,2,0.3378
1,0.629,2,0.3539
1,0.6926,3,0.3935
1,0.6287,2,0.3363
1,0.7322,3,0.3902
1,0.681,2,0.3652
1,0.5512,3,0.3694
1,0.6082,3,0.3569
1,0.7193,2,0.3689
1,0.6603,2,0.3227
1,0.6472,2,0.3493
1,0.6605,3,0.3963
1,0.6606,2,0.2953
1,0.6606,2,0.2953
1,0.6318,3,0.3789
1,0.5407,2,0.3415
1,0.7091,2,0.3357
1,0.6297,2,0.34
1,0.6469,3,0.3878
1,0.6641,3,0.3764
1,0.5764,3,0.3682
1,0.6344,3,0.424
1,0.6025,2,0.3414
1,0.651,3,0.3618
1,0.6487,2,0.3392
1,0.5683,3,0.3839
1,0.6206,2,0.3668
1,0.6285,2,0.3478
1,0.7808,3,0.399
1,0.6677,2,0.3675
1,0.6211,3,0.3672
1,0.7093,2,0.3521
1,0.728,2,0.3378
1,0.7028,3,0.3947
1,0.7585,3,0.415
1,0.6629,3,0.3869
1,0.7498,2,0.3296
1,0.569,2,0.3457
1,0.507,1,0.331
1,0.5184,3,0.3444
1,0.5718,3,0.378
1,0.5895,3,0.3745
1,0.638,3,0.3988
1,0.6209,2,0.3225
1,0.5951,2,0.3524
1,0.563,2,0.3423
1,0.5781,3,0.3809
1,0.5215,3,0.3511
1,0.6689,3,0.3846
1,0.5402,3,0.3832
1,0.5955,2,0.3447
1,0.542,3,0.3647
1,0.545,3,0.3757
1,0.5033,3,0.343
1,0.6179,2,0.3392
1,0.5211,3,0.3412
1,0.5491,3,0.3668
1,0.5417,3,0.3608
1,0.5463,1,0.3224
1,0.5127,3,0.371
1,0.5876,2,0.347
1,0.667,3,0.3888
1,0.6926,3,0.3679
1,0.5078,3,0.3578
1,0.6441,2,0.3407
1,0.6603,3,0.3636
1,0.6144,3,0.3631
1,0.5402,2,0.3372
0,0.4729,1,0.3207
1,0.5372,3,0.3727
1,0.5659,2,0.347
1,0.5875,3,0.3718
1,0.6223,3,0.3635
1,0.6561,3,0.4027
1,0.5685,3,0.3917
1,0.5417,3,0.3788
1,0.505,3,0.3427
1,0.5476,2,0.3364
1,0.5241,3,0.3466
1,0.5608,3,0.3731
1,0.5652,3,0.3626
1,0.5014,1,0.3322
1,0.5952,2,0.3384
1,0.5516,2,0.3343
1,0.5231,3,0.3541
1,0.534,2,0.3296
1,0.6603,3,0.3906
1,0.6319,2,0.361
1,0.5888,3,0.3622
1,0.7149,3,0.389
1,0.7395,2,0.3254
1,0.6487,2,0.3535
1,0.5361,2,0.3448
1,0.6215,2,0.3428
1,0.6631,3,0.3836
1,0.6616,2,0.356
1,0.5148,2,0.333
1,0.6842,3,0.4074
1,0.6664,3,0.3993
1,0.5753,3,0.3918
1,0.6726,3,0.3851
1,0.7101,2,0.3554
1,0.5477,3,0.3585
1,0.5568,2,0.3428
1,0.5361,2,0.3448
1,0.6064,2,0.3636
1,0.6701,3,0.3706
1,0.5452,3,0.3704
1,0.6215,2,0.3292
1,0.6027,2,0.3298
1,0.6288,2,0.3649
1,0.5095,3,0.3574
1,0.576,2,0.3318
1,0.5464,2,0.3522
1,0.5435,2,0.334
1,0.5787,3,0.3676
1,0.665,2,0.3344
1,0.5369,2,0.3346
1,0.642,2,0.3616
1,0.7106,2,0.3667
1,0.6384,2,0.3702
1,0.7216,2,0.3581
1,0.6124,3,0.4088
1,0.6141,3,0.3725
1,0.5662,3,0.3909
1,0.5438,3,0.3639
1,0.5264,3,0.3406
0,0.4985,2,0.3264
1,0.5836,3,0.3672
1,0.6352,2,0.3621
1,0.6954,2,0.3867
1,0.6065,2,0.371
1,0.6834,3,0.3638
1,0.7123,2,0.3735
1,0.7517,3,0.4124
1,0.7375,3,0.4092
1,0.5693,3,0.3729
1,0.6491,3,0.3959
1,0.6624,3,0.3952
1,0.5094,1,0.3224
1,0.6277,2,0.3242
1,0.6227,3,0.3762
1,0.6841,2,0.3587
1,0.5593,2,0.3402
1,0.5802,2,0.3355
1,0.5786,3,0.3858
1,0.68,2,0.3514
1,0.551,2,0.3465
1,0.5841,2,0.3454
1,0.6958,2,0.3573
1,0.6804,3,0.382
1,0.7404,3,0.3731
1,0.6752,3,0.3902
1,0.6556,3,0.3946
1,0.5921,3,0.3536
1,0.6624,2,0.37
1,0.5079,3,0.3662
1,0.5386,3,0.354
1,0.5519,3,0.3729
1,0.5979,3,0.3657
1,0.5276,2,0.3583
1,0.5426,3,0.3397
1,0.7545,2,0.3921
1,0.5706,3,0.3707
1,0.5831,2,0.355
1,0.5933,3,0.3745
1,0.5471,3,0.3741
1,0.557,2,0.3378
1,0.6722,3,0.393
1,0.6785,3,0.3925
1,0.7109,3,0.3883
1,0.5708,2,0.3301
1,0.5885,2,0.3473
1,0.6924,2,0.3713
1,0.6276,3,0.3655
1,0.6236,3,0.373
1,0.5976,3,0.3575
1,0.6514,3,0.3816
1,0.655,3,0.3732
1,0.5573,2,0.3299
1,0.7236,3,0.4097
1,0.6254,3,0.3624
1,0.5114,3,0.3494
1,0.5819,3,0.3877
1,0.7023,3,0.427
1,0.5029,2,0.3322
1,0.6551,2,0.3501
1,0.7,2,0.3412
1,0.5259,2,0.3482
1,0.5339,3,0.3598
1,0.5631,3,0.3639
1,0.5371,2,0.3513
1,0.6171,3,0.371
1,0.5817,2,0.3469
1,0.5554,3,0.3569
1,0.5567,2,0.3384
1,0.5862,2,0.3484
1,0.6886,2,0.3618
1,0.5927,2,0.3564
1,0.5186,3,0.3377
1,0.568,3,0.362
1,0.6156,3,0.3794
1,0.7381,3,0.3807
1,0.5293,3,0.3503
1,0.5774,2,0.3638
1,0.6982,3,0.3981
1,0.7944,3,0.4043
1,0.7212,3,0.399
1,0.5484,3,0.36
1,0.5094,3,0.3609
1,0.5614,3,0.3381
1,0.6606,2,0.3665
1,0.533,2,0.3369
1,0.5166,1,0.332
1,0.5787,3,0.3824
1,0.6828,3,0.4026
1,0.6643,3,0.3895
1,0.615,2,0.3525
1,0.5121,3,0.3594
1,0.5261,2,0.3403
1,0.605,3,0.3919
1,0.5726,2,0.3498
1,0.5989,3,0.3795
1,0.7058,3,0.3841
1,0.5348,2,0.3258
1,0.5582,2,0.3369
1,0.7301,3,0.4058
1,0.5291,2,0.3249
1,0.7144,2,0.3529
1,0.6659,3,0.3652
0,0.4729,2,0.3629
0,0.4729,2,0.3425
0,0.4729,3,0.396
0,0.4729,3,0.352
0,0.4729,2,0.3504
0,0.4729,2,0.3557
0,0.4729,2,0.3681
0,0.4729,3,0.3891
0,0.4729,3,0.3914
0,0.4729,3,0.375
0,0.4729,3,0.3627
0,0.4729,3,0.37
0,0.4729,2,0.3628
0,0.4729,3,0.3723
0,0.4729,2,0.3726
0,0.4729,1,0.3232
0,0.4729,2,0.3592
0,0.4729,3,0.3747
0,0.4729,3,0.342
0,0.4729,3,0.4056
1,0.6381,2,0.3318
1,0.6261,3,0.361
1,0.6031,3,0.3736
1,0.6151,2,0.3689
1,0.5901,2,0.3444
1,0.5722,2,0.3447
1,0.589,3,0.3742
1,0.671,3,0.3894
0,0.4729,1,0.3207
1,0.706,3,0.3879
1,0.556,3,0.349
1,0.5409,2,0.3321
1,0.5523,3,0.3744
1,0.5937,3,0.4269
1,0.5782,3,0.3442
1,0.6855,2,0.3786
1,0.607,2,0.3262
1,0.6186,2,0.3423
1,0.5586,3,0.3628
1,0.7273,3,0.3862
1,0.7106,3,0.4088
1,0.6611,3,0.3908
1,0.5296,3,0.361
1,0.5087,2,0.3404
1,0.5952,3,0.3912
0,0.4974,2,0.3521
1,0.6311,3,0.4135
1,0.7343,2,0.3704
1,0.725,2,0.3936
1,0.5633,2,0.3492
1,0.552,3,0.3669
1,0.5937,3,0.3906
1,0.7686,2,0.349
1,0.6505,3,0.3585
1,0.691,3,0.3998
1,0.5943,3,0.3839
1,0.7197,3,0.3789
1,0.5919,3,0.3883
1,0.6611,2,0.3523
1,0.6428,3,0.4091
1,0.5752,2,0.3473
1,0.6263,3,0.3597
1,0.6684,3,0.3884
1,0.6944,2,0.3834
1,0.64,3,0.3769
1,0.6976,2,0.3575
0,0.4983,2,0.3402
1,0.6562,3,0.3729
1,0.5773,3,0.3692
1,0.5745,3,0.3745
1,0.5376,3,0.3613
1,0.6531,3,0.4034
1,0.5744,3,0.3547
1,0.7112,2,0.381
1,0.5128,2,0.3432
1,0.5486,3,0.3587
1,0.7207,2,0.3518
1,0.7171,2,0.3792
1,0.5516,2,0.3282
1,0.666,3,0.3825
1,0.6819,3,0.3771
1,0.5896,3,0.3852
1,0.6678,3,0.3529
1,0.5134,3,0.3622
1,0.6391,2,0.3669
1,0.6256,3,0.3745
1,0.5702,3,0.3653
1,0.5984,3,0.3618
1,0.5694,3,0.3608
1,0.749,2,0.3725
1,0.6968,2,0.3592
0,0.49,2,0.3371
1,0.6284,3,0.3911
1,0.5423,3,0.3784
1,0.5625,3,0.3747
1,0.5743,2,0.33
1,0.6909,2,0.3668
1,0.6182,3,0.3994
1,0.7449,2,0.3526
1,0.8258,3,0.4123
1,0.6499,2,0.3587
1,0.5684,3,0.3426
1,0.5025,3,0.3512
0,0.498,2,0.3348
1,0.7615,3,0.3837
1,0.6803,3,0.3808
1,0.5965,3,0.3902
1,0.6079,2,0.3506
0,0.4881,3,0.3383
1,0.5738,2,0.3605
1,0.5708,3,0.3635
1,0.5238,3,0.3497
1,0.5992,3,0.3853
1,0.5117,3,0.3638
1,0.6446,2,0.3245
1,0.6401,3,0.3907
1,0.7634,3,0.3974
1,0.5457,2,0.3122
1,0.5637,3,0.3701
1,0.5159,3,0.339
1,0.5498,3,0.3775
1,0.546,2,0.3403
1,0.6967,2,0.3426
1,0.6186,3,0.3666
1,0.714,2,0.3563
1,0.5502,2,0.3256
1,0.6459,3,0.3682
1,0.7309,3,0.3784
1,0.5663,2,0.3352
1,0.6785,3,0.3598
1,0.5605,3,0.3702
1,0.5206,2,0.3349
1,0.686,2,0.34
1,0.5503,3,0.3654
1,0.7313,3,0.4176
1,0.5609,2,0.3269
1,0.5875,3,0.3742
1,0.5553,3,0.3517
1,0.5955,3,0.4008
1,0.7631,3,0.4054
1,0.5294,2,0.3419
1,0.5944,3,0.3702
1,0.6902,2,0.3727
1,0.6048,2,0.3468
1,0.5964,3,0.3876
1,0.5858,3,0.3824
1,0.5493,2,0.3376
1,0.5827,3,0.3676
1,0.5777,2,0.3526
1,0.5854,3,0.3654
1,0.6538,3,0.3612
1,0.6341,2,0.3534
1,0.5837,3,0.3888
1,0.7472,3,0.4179
1,0.5045,2,0.3495
1,0.6057,3,0.3701
1,0.5276,2,0.3047
1,0.585,3,0.3857
1,0.5122,2,0.3237
1,0.7013,3,0.3945
1,0.667,2,0.3537
1,0.6551,3,0.3801
1,0.5946,3,0.3724
1,0.6154,3,0.3899
1,0.6428,3,0.4007
1,0.5184,3,0.3634
1,0.5792,3,0.3744
1,0.5853,3,0.371
1,0.6813,3,0.386
1,0.6063,3,0.3905
1,0.5415,3,0.3813
1,0.6542,3,0.3891
1,0.6737,3,0.4043
1,0.5518,3,0.3745
1,0.612,3,0.375
1,0.6635,3,0.3759
1,0.5966,3,0.3834
0,0.4962,2,0.309
1,0.5933,2,0.3529
0,0.4975,2,0.3161
1,0.723,3,0.3961
1,0.5333,3,0.3618
1,0.5667,3,0.3774
1,0.667,3,0.3769
1,0.5412,3,0.3523
1,0.5318,3,0.3589
1,0.6438,2,0.34
1,0.618,3,0.3713
1,0.5164,2,0.3267
1,0.64,2,0.34
1,0.6189,3,0.4085
1,0.5759,3,0.3461
1,0.5633,2,0.3338
1,0.664,2,0.357
1,0.657,3,0.3711
1,0.7615,3,0.4105
1,0.5454,3,0.3693
1,0.5285,3,0.3549
1,0.5138,3,0.3647
1,0.5457,3,0.3608
1,0.5687,3,0.3625
1,0.5919,3,0.3791
1,0.5738,3,0.3647
1,0.7049,2,0.3476
1,0.6614,3,0.4036
1,0.6515,2,0.3355
1,0.689,2,0.3723
1,0.5687,3,0.4009
1,0.6033,3,0.3795
1,0.5757,3,0.3808
1,0.6517,3,0.366
1,0.5819,3,0.3668
1,0.6039,3,0.3449
1,0.5043,3,0.3428
1,0.5716,3,0.4102
1,0.5778,3,0.3693
0,0.4996,2,0.3375
1,0.562,2,0.3469
1,0.6257,2,0.3537
1,0.5716,3,0.348
1,0.7411,2,0.361
1,0.6959,2,0.3458
1,0.5064,2,0.3352
0,0.4532,2,0.3152
1,0.5491,2,0.3318
1,0.6243,2,0.3631
1,0.6275,3,0.3509
1,0.7971,2,0.3861
1,0.5705,3,0.3818
1,0.6132,3,0.3781
1,0.5161,2,0.3531
1,0.6037,3,0.3968
1,0.5408,3,0.3642
1,0.5582,2,0.3626
1,0.5451,3,0.3442
1,0.6713,2,0.3683
1,0.5784,2,0.3393
1,0.6856,2,0.3495
1,0.7491,2,0.3714
1,0.6564,3,0.3675
1,0.6316,3,0.3853
1,0.5573,3,0.3568
0,0.4965,3,0.3455
1,0.5753,3,0.3857
1,0.5423,3,0.3589
1,0.564,3,0.3667
1,0.6845,3,0.3742
1,0.5968,2,0.3517
1,0.5999,3,0.3842
1,0.5493,3,0.3418
1,0.5605,3,0.3672
1,0.5937,3,0.3805
1,0.542,3,0.3757
1,0.538,2,0.3549
1,0.5915,3,0.3679
1,0.6929,2,0.3633
1,0.5675,2,0.3553
1,0.6112,2,0.3439
1,0.5484,3,0.3734
1,0.7435,3,0.4409
1,0.7085,3,0.4523
1,0.5773,2,0.3557
1,0.6168,3,0.3601
1,0.563,3,0.3376
1,0.6461,3,0.379
1,0.5864,3,0.3529
1,0.5371,3,0.3492
1,0.5592,3,0.3558
1,0.6679,2,0.3569
1,0.6728,2,0.3566
1,0.5486,2,0.3583
1,0.5633,3,0.3793
1,0.7094,3,0.3874
1,0.5438,3,0.3599
1,0.6349,3,0.3762
1,0.6092,3,0.3883
1,0.6754,2,0.3557
1,0.5241,2,0.3412
1,0.6716,2,0.3592
1,0.6061,2,0.3493
1,0.6431,3,0.3764
1,0.5795,3,0.3801
1,0.7162,3,0.4187
1,0.5218,3,0.3481
1,0.5501,2,0.3611
1,0.6837,3,0.3791
1,0.5793,3,0.3658
1,0.5277,3,0.371
1,0.7481,3,0.4315
1,0.5099,2,0.3236
1,0.5388,3,0.3972
1,0.7243,2,0.3896
1,0.5142,2,0.3439
1,0.7571,2,0.3849
1,0.5624,2,0.3485
1,0.6387,2,0.3665
1,0.5717,3,0.3648
1,0.5183,2,0.3376
1,0.5729,3,0.3528
1,0.5875,3,0.3882
1,0.599,2,0.3531
1,0.5582,2,0.3495
1,0.5262,2,0.3542
1,0.546,3,0.3567
1,0.7097,2,0.3634
0,0.4729,1,0.3207
1,0.6995,2,0.3787
1,0.6953,2,0.3672
1,0.5784,3,0.3588
1,0.6133,2,0.3664
1,0.6357,2,0.3719
1,0.6347,3,0.3828
1,0.5473,3,0.3485
1,0.6392,3,0.3687
1,0.5313,3,0.3639
1,0.5933,2,0.3481
1,0.6329,2,0.3473
1,0.6137,3,0.4153
1,0.5975,3,0.3754
1,0.7768,3,0.4121
0,0.4911,3,0.3512
1,0.563,2,0.3496
1,0.6314,2,0.352
1,0.5699,3,0.3877
1,0.5988,2,0.3419
1,0.6864,2,0.3775
1,0.5249,3,0.3548
1,0.5769,2,0.3597
1,0.5307,3,0.3585
1,0.5455,2,0.3472
1,0.5642,3,0.3801
1,0.5606,2,0.3368
1,0.5907,3,0.3708
1,0.5175,3,0.3506
1,0.5398,3,0.3701
1,0.5655,3,0.348
1,0.6332,2,0.3522
1,0.5415,2,0.331
1,0.5823,3,0.3873
1,0.5687,3,0.3612
1,0.5816,3,0.3584
1,0.7501,3,0.3938
1,0.5564,3,0.3916
1,0.5868,3,0.3768
1,0.5618,2,0.3489
1,0.5881,2,0.3387
1,0.6464,3,0.4094
1,0.6288,3,0.3922
1,0.6033,3,0.3581
1,0.5266,2,0.3239
1,0.6232,3,0.3791
1,0.6101,3,0.3844
1,0.569,3,0.379
1,0.6507,2,0.362
1,0.5822,3,0.3507
1,0.5809,3,0.3544
1,0.54,3,0.3598
1,0.5449,3,0.3597
1,0.5748,3,0.3606
1,0.5461,2,0.3507
1,0.5761,3,0.353
1,0.5493,2,0.3539
1,0.643,2,0.3155
1,0.5252,2,0.3461
1,0.5463,2,0.3508
1,0.5639,2,0.3385
1,0.5253,3,0.3619
1,0.5276,3,0.349
1,0.6236,2,0.3454
1,0.5463,2,0.3293
1,0.5232,2,0.3505
1,0.6135,2,0.3451
1,0.7015,3,0.3813
1,0.6712,3,0.389
1,0.5545,3,0.3587
1,0.5787,3,0.3812
1,0.5304,3,0.3921
1,0.6661,3,0.4452
1,0.523,2,0.3379
1,0.5189,2,0.3508
1,0.5446,3,0.3522
1,0.591,2,0.369
1,0.5354,3,0.3518
1,0.6523,2,0.3585
1,0.5772,2,0.3478
1,0.5877,3,0.3567
1,0.5597,3,0.3863
1,0.5593,3,0.3779
1,0.5872,3,0.412
1,0.568,3,0.3625
1,0.6814,2,0.3857
1,0.759,3,0.4192
1,0.5411,3,0.3631
1,0.7388,3,0.3832
1,0.7001,2,0.3717
0,0.4945,3,0.3789
1,0.5574,2,0.341
1,0.5217,2,0.3419
1,0.671,2,0.3807
1,0.5745,3,0.3708
1,0.5425,3,0.3437
0,0.488,2,0.3182
1,0.6333,2,0.3469
1,0.5582,2,0.3415
1,0.5894,2,0.3349
1,0.6358,3,0.405
1,0.5635,3,0.3867
1,0.6081,3,0.3679
1,0.6038,3,0.3747
1,0.5753,3,0.3723
1,0.6272,2,0.3689
1,0.5012,3,0.3532
1,0.5377,2,0.3462
1,0.5351,2,0.3367
1,0.714,2,0.3417
1,0.5991,3,0.387
1,0.7277,2,0.3831
1,0.5184,3,0.3564
1,0.545,2,0.352
1,0.5391,3,0.3715
1,0.5967,3,0.3597
1,0.6147,2,0.3505
1,0.6554,2,0.3697
1,0.5537,2,0.348
1,0.7925,2,0.3814
1,0.515,2,0.3203
1,0.6699,2,0.3368
1,0.5916,3,0.3769
1,0.5524,3,0.3817
1,0.5503,3,0.3523
1,0.657,3,0.3667
1,0.6708,2,0.3675
1,0.5252,3,0.348
1,0.7067,3,0.3947
1,0.5962,3,0.3915
1,0.6829,2,0.3615
1,0.612,2,0.3394
1,0.5695,2,0.3451
1,0.5792,2,0.3546
1,0.6763,3,0.3848
1,0.6155,2,0.3438
1,0.6922,2,0.3653
1,0.6412,2,0.3554
1,0.6757,2,0.3538
0,0.4955,2,0.3309
1,0.7251,3,0.3818
1,0.5901,3,0.363
1,0.5029,2,0.3397
1,0.6016,2,0.3478
1,0.7326,2,0.3591
1,0.6626,2,0.3633
1,0.5244,3,0.349
1,0.7469,2,0.3784
1,0.543,2,0.3351
1,0.5472,2,0.3526
1,0.5646,3,0.3651
1,0.595,2,0.3438
1,0.6988,3,0.399
1,0.5368,3,0.3601
1,0.5029,2,0.3458
1,0.6561,2,0.3645
1,0.6236,2,0.3348
1,0.5792,2,0.3546
1,0.6406,2,0.3168
1,0.5408,3,0.3493
1,0.5763,2,0.3344
1,0.5229,3,0.3431
1,0.658,2,0.3681
1,0.5857,2,0.3539
1,0.5162,2,0.3335
1,0.5162,2,0.3335
1,0.5451,3,0.3761
1,0.6233,2,0.3547
1,0.706,2,0.3604
1,0.6771,2,0.3471
1,0.6738,2,0.3574
1,0.6089,2,0.3474
1,0.6932,3,0.3827
1,0.6545,2,0.3707
1,0.6288,3,0.3595
1,0.5587,2,0.3579
1,0.5973,3,0.381
1,0.6724,2,0.3776
1,0.5491,3,0.3593
1,0.7067,3,0.3947
1,0.5962,3,0.3915
1,0.6829,2,0.3615
1,0.612,2,0.3394
1,0.5695,2,0.3451
1,0.5792,2,0.3546
1,0.6763,3,0.3848
1,0.6155,2,0.3438
1,0.6922,2,0.3653
1,0.6412,2,0.3554
1,0.6757,2,0.3538
0,0.4955,2,0.3309
1,0.7251,3,0.3818
1,0.5901,3,0.363
1,0.5029,2,0.3397
1,0.6016,2,0.3478
1,0.7326,2,0.3591
1,0.6626,2,0.3633
1,0.5244,3,0.349
1,0.7469,2,0.3784
1,0.543,2,0.3351
1,0.5472,2,0.3526
1,0.5646,3,0.3651
1,0.595,2,0.3438
1,0.6988,3,0.399
1,0.5368,3,0.3601
1,0.5029,2,0.3458
1,0.6561,2,0.3645
1,0.6236,2,0.3348
1,0.5792,2,0.3546
1,0.6406,2,0.3168
1,0.5408,3,0.3493
1,0.5763,2,0.3344
1,0.5229,3,0.3431
1,0.658,2,0.3681
1,0.5857,2,0.3539
1,0.5162,2,0.3335
1,0.5162,2,0.3335
1,0.5451,3,0.3761
1,0.6233,2,0.3547
1,0.706,2,0.3604
1,0.6771,2,0.3471
1,0.6738,2,0.3574
1,0.6089,2,0.3474
1,0.6932,3,0.3827
1,0.6545,2,0.3707
1,0.6288,3,0.3595
1,0.5587,2,0.3579
1,0.5973,3,0.381
1,0.6724,2,0.3776
1,0.5491,3,0.3593
1,0.5245,3,0.3676
1,0.5388,2,0.3394
1,0.6492,2,0.3695
1,0.7733,2,0.4032
1,0.5792,2,0.3546
1,0.6616,2,0.3703
1,0.5183,2,0.3389
1,0.5415,2,0.3534
1,0.5786,3,0.3983
1,0.7326,2,0.3708
1,0.6064,2,0.3338
1,0.6376,2,0.355
1,0.7002,2,0.3616
1,0.6571,2,0.3615
1,0.6362,2,0.3534
1,0.5396,3,0.3409
1,0.5239,2,0.3535
1,0.5792,2,0.3546
1,0.6781,3,0.3736
1,0.5352,2,0.3286
1,0.5764,2,0.3533
1,0.5276,3,0.3655
1,0.602,3,0.4139
0,0.4752,1,0.321
1,0.6606,2,0.3648
1,0.6026,2,0.3504
1,0.5351,3,0.3876
0,0.4752,2,0.3185
1,0.6493,3,0.3912
0,0.496,2,0.338
1,0.6678,3,0.3665
1,0.5955,3,0.3742
1,0.59,3,0.3792
1,0.5792,2,0.3546
1,0.6443,2,0.3567
1,0.7419,3,0.387
1,0.6374,3,0.3619
1,0.607,3,0.3867
1,0.5866,3,0.3709
1,0.7256,3,0.4065
1,0.672,3,0.3731
1,0.6534,2,0.3245
1,0.6926,2,0.3549
1,0.5566,2,0.3401
1,0.6003,3,0.3484
1,0.7298,3,0.3822
1,0.6104,3,0.3802
1,0.793,3,0.4005
1,0.529,3,0.3617
1,0.559,3,0.3624
1,0.5869,2,0.3547
1,0.6065,2,0.335
1,0.5329,3,0.3565
1,0.6019,2,0.3255
1,0.6226,2,0.3453
1,0.7173,2,0.3749
1,0.6171,2,0.3741
1,0.5887,2,0.2959
1,0.7205,2,0.3712
1,0.6561,3,0.3675
1,0.5315,3,0.3812
1,0.76,2,0.3529
1,0.6308,2,0.3464
1,0.5388,2,0.3394
1,0.6009,2,0.3589
1,0.6597,2,0.348
1,0.6494,2,0.3544
1,0.6124,2,0.322
1,0.6983,3,0.3892
1,0.5785,2,0.324
1,0.6312,2,0.3633
1,0.5774,3,0.3656
1,0.5852,3,0.3867
0,0.4813,3,0.343
1,0.5792,2,0.3546
1,0.6578,3,0.3841
1,0.6061,3,0.3742
1,0.5347,2,0.3486
1,0.5255,3,0.3592
1,0.6109,2,0.3638
1,0.7459,2,0.3699
1,0.5537,2,0.3449
1,0.6569,3,0.3914
1,0.5716,2,0.3533
1,0.5696,2,0.3279
1,0.715,2,0.3603
1,0.6026,2,0.3576
1,0.5471,2,0.3419
1,0.5671,2,0.3411
1,0.6239,2,0.3621
1,0.5634,3,0.3488
1,0.6612,3,0.378
1,0.6397,2,0.3576
1,0.6096,3,0.3605
1,0.5258,2,0.3434
1,0.5356,2,0.3429
1,0.6282,2,0.3606
1,0.6316,2,0.3585
0,0.4828,2,0.3243
1,0.572,3,0.3625
1,0.5212,2,0.3211
1,0.641,2,0.3203
1,0.5792,2,0.3546
1,0.6429,3,0.3967
1,0.7186,2,0.354
1,0.7117,2,0.3719
1,0.6177,3,0.3661
1,0.5341,3,0.3454
1,0.5102,2,0.3356
1,0.5259,2,0.3499
0,0.4952,1,0.3387
1,0.5182,3,0.3661
1,0.5792,2,0.3546
1,0.5622,3,0.3864
1,0.5464,3,0.401
1,0.5854,3,0.3805
1,0.5249,2,0.3363
1,0.6041,3,0.373
1,0.5119,2,0.3385
1,0.6646,2,0.3559
1,0.5525,2,0.3598
1,0.5313,3,0.3526
1,0.5007,3,0.3432
1,0.6979,2,0.3621
1,0.7356,2,0.3373
1,0.5693,2,0.3399
1,0.7157,2,0.3588
1,0.5119,1,0.3426
1,0.5574,3,0.3616
1,0.5254,3,0.3578
1,0.5792,2,0.3546
1,0.6352,2,0.3623
1,0.6524,2,0.3341
1,0.5932,2,0.3423
1,0.6082,2,0.3122
1,0.6692,2,0.3298
1,0.5296,3,0.3542
1,0.6691,2,0.3816
1,0.7646,2,0.3882
1,0.5658,3,0.3586
1,0.6199,3,0.3967
1,0.6939,2,0.3206
1,0.5792,2,0.3546
1,0.6568,2,0.3552
1,0.6262,2,0.3413
1,0.649,2,0.3655
1,0.7125,3,0.3987
1,0.679,3,0.3761
1,0.7151,3,0.397
1,0.6019,3,0.3858
1,0.5792,2,0.3546
1,0.6131,2,0.334
1,0.6418,2,0.3495
1,0.5684,3,0.3669
1,0.6801,2,0.3713
1,0.5402,3,0.3836
1,0.6765,2,0.352
1,0.6338,3,0.385
0,0.4778,2,0.329
1,0.6668,3,0.3767
1,0.5792,2,0.3546
1,0.6264,3,0.3684
1,0.6496,2,0.356
1,0.6303,2,0.3564
1,0.5792,2,0.3546
1,0.5792,2,0.3546
1,0.5958,3,0.3919
0,0.49,2,0.3468
1,0.6314,3,0.3762
1,0.6752,3,0.3751
1,0.5792,2,0.3546
1,0.5987,2,0.3588
1,0.6971,2,0.3495
1,0.5792,2,0.3546
1,0.5792,2,0.3546
1,0.5115,2,0.35
1,0.5142,3,0.3597
1,0.6463,2,0.3699
1,0.5792,2,0.3546
1,0.6471,3,0.3653
0,0.4979,3,0.3462
1,0.5393,2,0.3174
1,0.689,2,0.3293
1,0.5183,1,0.3173
1,0.6054,2,0.3521
1,0.5844,3,0.3554
0,0.489,2,0.3098
1,0.5517,2,0.3308
1,0.5001,3,0.3453
1,0.5162,2,0.3335
1,0.6307,3,0.3953
1,0.6106,3,0.3674
1,0.6376,2,0.3764
1,0.6102,2,0.3499
1,0.6321,2,0.3371
1,0.6057,3,0.3737
1,0.5624,2,0.3506
0,0.49,1,0.3328
1,0.5792,2,0.3546
1,0.5009,2,0.3334
1,0.6501,3,0.3728
1,0.6351,2,0.344
1,0.6142,2,0.3425
1,0.5792,2,0.3546
1,0.6098,2,0.3378
1,0.6738,2,0.3527
1,0.6913,3,0.3987
1,0.6625,2,0.3643
1,0.6131,2,0.3334
1,0.5802,2,0.3489
1,0.6309,3,0.372
1,0.6302,2,0.3484
1,0.6302,2,0.3484
1,0.5626,2,0.3587
1,0.6629,3,0.4019
1,0.5295,3,0.3557
1,0.6644,2,0.3562
1,0.6212,2,0.3516
1,0.591,2,0.3451
1,0.5974,3,0.4286
1,0.6913,3,0.3987
1,0.5521,3,0.3851
1,0.7097,3,0.3832
1,0.6528,3,0.3909
1,0.5562,2,0.3606
1,0.5684,3,0.3673
0,0.4871,1,0.3286
1,0.5792,2,0.3546
1,0.593,2,0.3321
1,0.5622,2,0.3418
1,0.5393,3,0.3501
1,0.6919,2,0.3487
1,0.5684,3,0.3654
0,0.4924,3,0.358
0,0.4871,2,0.34
1,0.5795,3,0.3628
1,0.6982,3,0.3973
1,0.5792,2,0.3546
1,0.5256,2,0.3371
1,0.5561,3,0.3525
1,0.5755,3,0.3848
1,0.7287,2,0.3735
1,0.5629,2,0.3337
1,0.662,2,0.3518
1,0.5251,2,0.3315
1,0.6942,2,0.3615
1,0.5572,2,0.3285
1,0.5385,2,0.3388
1,0.5998,3,0.3723
1,0.5627,2,0.3242
1,0.6961,3,0.3744
0,0.498,3,0.3678
1,0.5806,2,0.3319
1,0.6661,2,0.3306
1,0.5616,3,0.3951
1,0.5923,2,0.3241
1,0.653,3,0.3647
1,0.698,2,0.3545
1,0.5501,2,0.3263
1,0.5958,2,0.3823
1,0.5341,3,0.3531
1,0.6496,2,0.3569
0,0.4776,2,0.3286
1,0.7614,2,0.3863
1,0.5909,3,0.3678
1,0.6426,3,0.3866
1,0.556,2,0.3545
1,0.6702,2,0.3395
1,0.676,3,0.3647
1,0.5792,2,0.3546
1,0.5754,3,0.3767
1,0.6197,2,0.3592
1,0.6224,2,0.3688
1,0.5792,2,0.3546
0,0.4912,2,0.3299
1,0.5099,2,0.3516
1,0.6859,2,0.3461
1,0.5541,3,0.3619
1,0.5792,2,0.3546
0,0.4848,1,0.327
1,0.5121,2,0.3111
1,0.6784,2,0.3307
1,0.6063,3,0.3745
1,0.66,2,0.3489
1,0.6,3,0.364
1,0.7036,2,0.3362
1,0.6478,3,0.3788
1,0.5792,2,0.3546
1,0.68,2,0.3397
1,0.6383,3,0.3813
1,0.566,2,0.3383
0,0.4998,2,0.324
1,0.6091,2,0.3705
1,0.5206,3,0.3524
1,0.544,3,0.3436
1,0.5295,3,0.3685
1,0.5885,2,0.3397
1,0.5957,2,0.3284
1,0.6578,2,0.3345
1,0.5437,2,0.3378
1,0.5949,3,0.3546
1,0.6931,3,0.3855
1,0.6042,2,0.3144
1,0.6548,3,0.3899
1,0.6071,2,0.3547
1,0.597,3,0.3504
1,0.7091,3,0.4046
1,0.5279,3,0.3703
1,0.5667,2,0.3461
1,0.6494,2,0.367
1,0.5563,3,0.3611
1,0.5792,2,0.3546
1,0.6685,3,0.367
1,0.5657,3,0.3712
1,0.5534,2,0.3402
1,0.592,2,0.3574
1,0.6764,2,0.3429
1,0.6898,2,0.349
1,0.5754,2,0.3661
1,0.6361,2,0.3681
1,0.516,3,0.3712
1,0.631,2,0.353
1,0.6716,3,0.3781
1,0.6613,2,0.3521
1,0.7326,2,0.3708
1,0.597,3,0.3732
1,0.5792,2,0.3546
1,0.7492,2,0.3977
1,0.6691,2,0.3236
1,0.6189,2,0.3524
1,0.6858,3,0.3783
1,0.6732,2,0.3521
1,0.5807,3,0.3533
0,0.4854,2,0.3516
1,0.5226,3,0.3421
1,0.5776,2,0.3129
1,0.7002,3,0.4166
1,0.6851,2,0.3783
1,0.6751,2,0.3461
1,0.6725,3,0.3907
1,0.6332,2,0.3613
1,0.6687,3,0.39
1,0.5053,3,0.3533
1,0.6562,2,0.3626
1,0.6762,3,0.3792
1,0.6029,2,0.3364
1,0.5792,2,0.3546
1,0.6217,2,0.3594
1,0.5321,2,0.3313
1,0.6932,3,0.375
1,0.6149,2,0.3436
1,0.6227,3,0.3819
1,0.6611,2,0.3414
1,0.6921,2,0.3562
1,0.6007,2,0.3434
1,0.6493,3,0.3733
1,0.6557,2,0.3742
1,0.6595,3,0.3785
1,0.6411,3,0.3683
1,0.5735,3,0.3655
1,0.5557,3,0.3566
1,0.6357,2,0.3227
1,0.6091,2,0.3705
1,0.6982,2,0.378
1,0.5382,3,0.3359
1,0.5909,2,0.371
1,0.5792,2,0.3546
1,0.6904,2,0.3556
1,0.5251,3,0.3417
1,0.5477,3,0.3611
1,0.6936,2,0.3498
1,0.6378,2,0.3484
1,0.6891,2,0.3399
1,0.6444,3,0.3757
1,0.6492,2,0.3695
1,0.6288,2,0.349
1,0.6187,2,0.3413
1,0.6524,3,0.386
1,0.5742,2,0.332
1,0.6651,2,0.3653
1,0.6776,2,0.3823
1,0.6485,2,0.3384
1,0.6213,2,0.3428
1,0.5188,3,0.3505
1,0.5759,3,0.3856
1,0.7052,2,0.35
1,0.6154,2,0.3406
1,0.7253,2,0.363
1,0.6238,2,0.3304
0,0.4847,3,0.3498
1,0.6475,3,0.3849
1,0.6825,2,0.36
1,0.6628,3,0.3865
1,0.6042,3,0.3904
1,0.5558,2,0.3438
1,0.6631,2,0.3737
1,0.5362,3,0.3511
1,0.6014,2,0.3348
1,0.5751,2,0.3461
1,0.5127,2,0.3421
1,0.6358,2,0.3628
1,0.7098,2,0.3277
1,0.6672,2,0.3287
1,0.6209,2,0.3118
1,0.6165,2,0.3359
0,0.4985,3,0.3472
1,0.5733,3,0.3578
1,0.6269,3,0.3603
1,0.5791,2,0.3352
1,0.6658,3,0.379
1,0.642,2,0.3434
1,0.6531,2,0.3475
1,0.6567,2,0.3509
1,0.7005,2,0.332
1,0.7163,3,0.3745
1,0.5408,2,0.3419
1,0.7261,2,0.3147
1,0.7643,3,0.4309
1,0.637,2,0.3783
1,0.5701,2,0.3649
1,0.6308,3,0.3506
1,0.6371,2,0.3359
1,0.6258,3,0.4093
1,0.5103,2,0.3316
0,0.4944,1,0.3379
1,0.7636,3,0.382
1,0.5054,2,0.3351
1,0.7727,2,0.3718
1,0.5509,2,0.3555
1,0.5288,2,0.3291
1,0.673,2,0.3787
1,0.518,2,0.345
1,0.5516,3,0.3576
1,0.5871,3,0.3652
0,0.4967,2,0.3401
1,0.6383,2,0.3382
1,0.5523,3,0.3545
1,0.5097,3,0.3547
1,0.5046,3,0.3509
1,0.6507,2,0.3617
1,0.6476,2,0.3495
1,0.6242,3,0.3748
1,0.647,2,0.3395
1,0.5258,3,0.3488
1,0.7387,2,0.3657
1,0.6463,2,0.344
1,0.5792,2,0.3546
1,0.5902,2,0.3276
1,0.5475,3,0.3655
1,0.6563,2,0.3714
1,0.5337,3,0.3706
1,0.527,2,0.3386
1,0.5128,2,0.3269
1,0.5347,3,0.367
1,0.63,3,0.3903
0,0.4799,2,0.3405
1,0.5234,3,0.3459
1,0.6391,2,0.3478
1,0.6486,2,0.3088
1,0.6566,2,0.3485
1,0.648,2,0.3635
1,0.671,2,0.3825
1,0.6082,2,0.3505
1,0.5453,2,0.3302
1,0.6058,2,0.3286
1,0.5451,2,0.3434
1,0.6879,2,0.3319
1,0.6178,3,0.371
1,0.7159,2,0.3736
1,0.6996,2,0.3533
1,0.5929,2,0.3472
1,0.6159,2,0.3587
1,0.6754,2,0.3502
1,0.6014,2,0.3348
1,0.6247,2,0.362
1,0.673,2,0.3787
1,0.5834,2,0.334
1,0.5599,3,0.3651
1,0.5354,2,0.3394
1,0.5269,1,0.3386
1,0.6526,2,0.3366
1,0.5124,3,0.3564
1,0.574,2,0.342
1,0.677,2,0.338
1,0.6743,2,0.3764
1,0.5602,3,0.3693
1,0.6747,2,0.3542
1,0.5584,2,0.3481
1,0.6964,2,0.3578
1,0.6645,2,0.3526
1,0.5848,2,0.3478
1,0.7004,2,0.3446
1,0.6914,2,0.3598
1,0.5703,2,0.3289
1,0.6338,2,0.3565
1,0.5643,2,0.3585
1,0.6804,2,0.3334
1,0.504,3,0.3435
1,0.504,3,0.3435
1,0.7053,2,0.3647
1,0.6246,2,0.3594
1,0.5964,3,0.3754
1,0.6088,2,0.3433
1,0.6534,2,0.3522
1,0.6375,2,0.3453
1,0.6887,2,0.357
0,0.4963,3,0.3578
1,0.6442,2,0.3507
1,0.5371,2,0.3345
1,0.5926,3,0.3781
0,0.4841,1,0.3366
1,0.6953,3,0.3748
1,0.6563,3,0.3762
1,0.6745,2,0.3461
1,0.6892,3,0.3808
1,0.6387,2,0.357
1,0.5333,3,0.3502
1,0.6468,2,0.354
1,0.576,2,0.3518
1,0.6829,2,0.3449
0,0.4983,3,0.3379
1,0.5815,3,0.3727
1,0.5815,3,0.3727
1,0.6976,3,0.3866
1,0.5949,3,0.3861
1,0.5481,2,0.3531
1,0.5481,2,0.3531
1,0.5194,3,0.3649
1,0.6897,2,0.359
1,0.5635,3,0.3547
1,0.6119,2,0.3359
1,0.5419,2,0.3385
1,0.6738,2,0.3712
1,0.5517,2,0.3361
1,0.6162,2,0.3559
1,0.5827,2,0.3476
1,0.6819,2,0.3673
1,0.6753,2,0.3613
1,0.7273,2,0.3601
1,0.5102,2,0.3516
1,0.5785,2,0.3448
1,0.6735,3,0.3641
1,0.5945,2,0.3595
1,0.6507,2,0.3315
1,0.6886,2,0.3482
1,0.5839,2,0.354
1,0.5843,3,0.3611
1,0.7027,3,0.4146
1,0.6159,2,0.3382
1,0.6678,2,0.3452
1,0.5946,3,0.3619
1,0.7129,3,0.3977
1,0.5744,2,0.3735
1,0.6887,2,0.3686
1,0.5976,2,0.3492
1,0.6567,2,0.3592
1,0.6872,2,0.3577
1,0.5403,3,0.3683
1,0.6633,2,0.3636
1,0.5114,3,0.3506
1,0.6471,2,0.3531
1,0.6924,2,0.3806
1,0.5748,2,0.3336
1,0.6666,2,0.3586
1,0.615,2,0.3651
1,0.6458,3,0.363
1,0.6295,2,0.3687
1,0.6761,2,0.3728
1,0.5613,3,0.3649
1,0.5017,2,0.3383
1,0.519,2,0.3473
1,0.6023,2,0.3436
1,0.6595,2,0.3582
1,0.5418,3,0.3511
1,0.6205,3,0.3685
1,0.5371,2,0.3384
1,0.6675,2,0.3614
1,0.5319,2,0.3466
1,0.5698,3,0.3587
1,0.6055,2,0.3525
1,0.7058,2,0.3305
1,0.6757,2,0.3445
1,0.5792,2,0.3546
1,0.6906,2,0.3361
1,0.6551,2,0.3616
1,0.6461,3,0.3532
1,0.6658,2,0.3613
1,0.5792,2,0.3546
1,0.6502,3,0.3651
1,0.6617,2,0.3502
1,0.6995,2,0.337
1,0.6141,2,0.3203
1,0.6118,3,0.3727
1,0.7239,2,0.3523
1,0.7022,2,0.3618
1,0.6571,2,0.349
1,0.5089,1,0.3191
1,0.5983,3,0.3734
1,0.5792,2,0.3546
1,0.5719,2,0.3297
1,0.6129,2,0.3389
1,0.6959,2,0.3659
1,0.603,2,0.3548
1,0.6913,3,0.3757
1,0.6624,2,0.353
1,0.6735,3,0.3573
1,0.5672,2,0.3572
1,0.6109,3,0.3671
0,0.4981,3,0.3636
1,0.5582,3,0.3668
1,0.6457,2,0.3351
1,0.5798,3,0.3837
1,0.6144,2,0.3401
1,0.7027,2,0.364
1,0.6557,2,0.3742
1,0.6493,2,0.3333
0,0.497,3,0.3607
1,0.6404,2,0.3587
1,0.5828,2,0.365
1,0.6027,2,0.3541
1,0.6407,2,0.3295
1,0.6947,2,0.3626
1,0.5141,3,0.3411
1,0.5029,3,0.3646
1,0.6145,2,0.3496
1,0.6755,2,0.3608
1,0.7033,2,0.3467
1,0.5526,3,0.3559
1,0.5792,3,0.3716
1,0.6083,2,0.3262
1,0.6842,2,0.3426
1,0.7184,2,0.3632
1,0.675,2,0.3553
1,0.5194,3,0.3469
1,0.6555,2,0.3297
1,0.5435,3,0.3753
1,0.697,2,0.3621
1,0.6709,2,0.365
1,0.7007,3,0.3748
1,0.7323,2,0.3952
1,0.6448,2,0.3529
1,0.7246,2,0.3596
1,0.5172,3,0.3384
1,0.5772,3,0.3773
1,0.6319,3,0.3706
1,0.6529,2,0.3384
1,0.6192,2,0.3484
1,0.6376,3,0.3896
1,0.5947,3,0.3729
0,0.4886,3,0.3423
1,0.7446,2,0.3685
0,0.4833,1,0.3185
1,0.6146,2,0.3381
1,0.5114,2,0.3342
1,0.5767,3,0.3747
1,0.5405,2,0.3412
1,0.628,3,0.3654
1,0.5691,2,0.3287
1,0.6652,2,0.3682
1,0.6361,2,0.3756
1,0.6192,3,0.3665
1,0.541,2,0.3354
1,0.6305,2,0.3304
1,0.5551,2,0.3368
1,0.6232,2,0.3433
1,0.6355,2,0.3505
1,0.6209,3,0.3615
1,0.7019,3,0.3796
1,0.669,2,0.3317
0,0.4889,2,0.3238
1,0.6668,2,0.3679
1,0.5217,3,0.3491
1,0.6457,2,0.3402
0,0.4884,1,0.3095
1,0.6263,2,0.3232
1,0.5082,2,0.3263
1,0.5744,3,0.3739
1,0.6428,2,0.3608
1,0.5883,3,0.3825
1,0.6661,3,0.387
1,0.568,2,0.3352
1,0.6373,2,0.3548
1,0.6177,3,0.38
1,0.7128,2,0.3765
1,0.539,3,0.3502
1,0.6704,2,0.3346
1,0.5825,3,0.3643
1,0.6359,2,0.332
1,0.7038,3,0.3957
1,0.6629,2,0.3609
1,0.6683,3,0.3892
1,0.5042,2,0.3242
1,0.5511,2,0.3231
1,0.6418,3,0.3841
1,0.6049,3,0.3693
1,0.6612,2,0.3756
1,0.6463,2,0.3667
1,0.6655,2,0.332
1,0.6348,3,0.3977
1,0.6581,2,0.3662
1,0.7623,3,0.4025
0,0.483,1,0.3271
1,0.5182,3,0.3618
1,0.6268,2,0.3583
1,0.5394,2,0.3483
1,0.6264,2,0.3419
1,0.5229,2,0.3255
1,0.7492,2,0.3977
1,0.5443,2,0.3509
1,0.5165,2,0.3363
0,0.4976,3,0.344
1,0.5359,3,0.3547
1,0.651,2,0.3702
1,0.5594,2,0.3587
1,0.5043,2,0.3321
1,0.6549,3,0.3761
1,0.6374,3,0.3535
0,0.496,3,0.3484
1,0.5384,2,0.3487
1,0.6395,2,0.3765
1,0.5517,3,0.3754
1,0.612,2,0.3466
1,0.5709,2,0.3342
1,0.6327,2,0.3485
1,0.6707,2,0.3539
1,0.685,2,0.3442
1,0.6674,2,0.331
1,0.6052,3,0.3742
1,0.5101,3,0.3686
1,0.6444,3,0.3691
1,0.527,2,0.3298
1,0.547,2,0.3352
1,0.5803,2,0.3575
1,0.5897,2,0.3481
1,0.7637,2,0.3802
1,0.5464,3,0.3561
1,0.5083,2,0.3379
1,0.6369,3,0.3495
1,0.5489,3,0.367
1,0.685,2,0.3442
1,0.5253,2,0.3498
1,0.6114,2,0.3686
0,0.499,3,0.337
1,0.6386,2,0.383
1,0.5092,3,0.3717
1,0.6114,2,0.3686
1,0.5792,2,0.3546
1,0.5171,3,0.3578
1,0.6876,2,0.3493
1,0.5935,2,0.3568
1,0.6156,3,0.3555
1,0.5447,3,0.3576
1,0.673,3,0.4132
1,0.5817,2,0.346
1,0.5276,2,0.3222
1,0.612,2,0.3394
1,0.7079,3,0.393
1,0.601,3,0.3881
1,0.6429,2,0.3729
1,0.5831,2,0.3273
1,0.6572,2,0.3672
1,0.6611,2,0.3404
1,0.6022,3,0.3646
1,0.65,2,0.3554
1,0.5967,2,0.3551
1,0.5531,3,0.3568
1,0.7015,3,0.3668
1,0.5492,2,0.3432
1,0.5843,2,0.3483
1,0.5966,3,0.3623
1,0.66,2,0.3584
1,0.5955,3,0.3698
1,0.6718,2,0.3437
1,0.694,2,0.3595
1,0.5885,2,0.3541
1,0.6138,2,0.3535
1,0.617,2,0.3633
1,0.6775,2,0.3558
1,0.6522,2,0.3494
1,0.5522,3,0.3631
1,0.5643,2,0.3328
1,0.7595,3,0.3881
1,0.5874,2,0.3352
1,0.6511,2,0.3606
1,0.629,2,0.3516
0,0.4912,3,0.3558
1,0.6041,2,0.3508
1,0.6083,2,0.3564
1,0.5531,2,0.3474
1,0.6248,2,0.3549
1,0.6359,2,0.363
1,0.6583,3,0.3919
1,0.6043,2,0.3589
1,0.7415,3,0.3777
1,0.6302,2,0.3697
1,0.7054,2,0.3596
1,0.6616,2,0.3289
1,0.6583,2,0.3497
1,0.6459,3,0.3799
1,0.5008,1,0.3253
1,0.6809,2,0.376
1,0.6154,2,0.3551
1,0.5027,2,0.346
1,0.7046,3,0.3809
1,0.6608,3,0.3751
1,0.6374,2,0.3454
1,0.5021,3,0.3458
0,0.4992,3,0.3462
1,0.6499,2,0.3483
1,0.6918,2,0.3453
1,0.6674,2,0.331
1,0.6276,2,0.3537
1,0.6316,2,0.3585
1,0.5039,3,0.354
0,0.4924,3,0.3496
1,0.6045,2,0.3361
1,0.546,2,0.3381
0,0.4883,2,0.3294
1,0.6555,2,0.3415
1,0.7108,2,0.3573
1,0.6862,2,0.3674
1,0.6313,3,0.3801
1,0.6674,2,0.331
1,0.5887,2,0.3304
1,0.6738,2,0.3347
1,0.6519,2,0.3712
1,0.5609,2,0.3403
1,0.6159,2,0.3356
1,0.6429,2,0.3438
1,0.5792,2,0.3546
1,0.5667,3,0.3521
1,0.7136,3,0.3832
1,0.6645,3,0.3828
1,0.624,3,0.3959
1,0.602,2,0.357
1,0.6436,2,0.3457
1,0.5564,2,0.3416
1,0.6036,2,0.3295
1,0.6179,2,0.3532
1,0.6203,2,0.3733
1,0.601,2,0.3534
1,0.6125,3,0.3746
0,0.4855,2,0.3368
1,0.5418,3,0.3689
1,0.6022,2,0.3392
1,0.5792,2,0.3546
1,0.6308,2,0.3302
1,0.6131,2,0.3623
1,0.6546,2,0.3753
1,0.6242,3,0.3628
1,0.6567,3,0.3683
1,0.5874,2,0.3594
1,0.5709,3,0.3957
1,0.5988,2,0.3678
1,0.5875,3,0.3579
1,0.6174,2,0.3565
1,0.5958,2,0.3425
1,0.6121,2,0.3529
1,0.5268,3,0.3535
1,0.6001,3,0.3803
1,0.602,2,0.3552
1,0.5846,2,0.3291
1,0.5225,3,0.3539
1,0.5216,2,0.3423
1,0.6837,2,0.3295
1,0.6033,2,0.3288
1,0.6748,2,0.3692
1,0.5435,2,0.3343
1,0.5706,3,0.3766
1,0.7238,3,0.3479
1,0.6058,2,0.3417
1,0.6523,3,0.3611
1,0.5396,3,0.3571
1,0.5792,2,0.3546
1,0.7623,3,0.4025
1,0.6767,2,0.3656
1,0.5792,2,0.3546
1,0.6631,2,0.3307
1,0.5956,2,0.3407
1,0.6631,2,0.3307
1,0.6508,2,0.3455
0,0.4994,2,0.3422
1,0.6597,3,0.3732
1,0.6266,3,0.389
1,0.6361,2,0.3614
1,0.6458,3,0.3939
1,0.6033,3,0.3697
1,0.5757,2,0.342
0,0.4776,2,0.335
1,0.548,2,0.3555
1,0.5488,2,0.3528
0,0.4982,3,0.3355
1,0.6082,3,0.3632
0,0.4854,1,0.3279
1,0.6463,3,0.3567
1,0.6441,3,0.3669
1,0.6042,3,0.3619
1,0.5458,3,0.3628
1,0.5117,2,0.3354
1,0.5117,2,0.3354
1,0.5205,2,0.3441
1,0.5699,2,0.3534
1,0.5158,2,0.3333
1,0.5926,2,0.3361
1,0.5755,3,0.3718
1,0.7054,2,0.3596
1,0.6221,2,0.3644
1,0.572,2,0.3502
1,0.6154,2,0.3551
1,0.612,2,0.3539
1,0.6692,3,0.4094
1,0.6692,3,0.4094
1,0.541,3,0.3435
1,0.5102,3,0.3372
1,0.6332,2,0.3494
1,0.5527,2,0.3569
1,0.655,2,0.3706
1,0.578,3,0.3579
0,0.4913,2,0.338
1,0.5582,2,0.3284
1,0.648,2,0.3584
1,0.6254,2,0.3465
1,0.5985,2,0.3638
1,0.6765,2,0.3558
0,0.4849,2,0.3304
1,0.6434,2,0.3653
1,0.5926,2,0.3585
1,0.6201,3,0.3681
1,0.7141,2,0.3645
1,0.5802,3,0.397
1,0.5998,2,0.3448
1,0.5168,2,0.3227
1,0.6287,2,0.334
1,0.5878,2,0.3585
1,0.7025,3,0.4004
1,0.5708,2,0.3426
1,0.5567,3,0.3794
1,0.5494,2,0.342
1,0.6762,2,0.3525
1,0.6588,3,0.3832
1,0.5969,2,0.3475
1,0.5015,2,0.3375
1,0.6775,2,0.3829
1,0.6176,3,0.3939
1,0.6585,2,0.3717
1,0.6459,2,0.3418
1,0.6552,2,0.369
1,0.6436,2,0.3306
1,0.634,2,0.3596
1,0.6686,2,0.3593
1,0.5973,2,0.3527
1,0.5481,2,0.3607
1,0.5762,2,0.3536
1,0.6499,2,0.3556
0,0.4807,1,0.3327
1,0.637,3,0.38
1,0.6562,3,0.3795
1,0.6458,2,0.3447
1,0.6125,2,0.3309
1,0.6723,2,0.3424
1,0.6072,2,0.3527
1,0.6673,2,0.3559
1,0.6293,2,0.3676
1,0.5889,3,0.3785
1,0.7249,3,0.3589
1,0.6955,3,0.3739
1,0.7273,2,0.3709
1,0.6276,3,0.3704
1,0.5703,2,0.3398
1,0.5453,3,0.3559
1,0.5645,2,0.3448
1,0.6592,2,0.3778
1,0.5531,3,0.3568
1,0.5641,3,0.3785
1,0.5748,2,0.3465
1,0.5994,2,0.3094
1,0.595,2,0.3222
1,0.5695,2,0.3451
1,0.5324,2,0.3428
0,0.4983,3,0.3418
0,0.4724,1,0.3342
1,0.5488,2,0.354
1,0.7375,2,0.3707
1,0.5672,3,0.3526
1,0.6879,2,0.3612
1,0.5885,2,0.3541
1,0.6856,2,0.3689
1,0.6887,2,0.3645
1,0.5786,3,0.3758
1,0.6567,2,0.3612
1,0.6458,3,0.38
1,0.6205,3,0.3685
1,0.6689,2,0.3681
1,0.5644,2,0.3414
1,0.6909,3,0.3706
1,0.6528,2,0.3636
1,0.586,2,0.3366
1,0.5895,2,0.3339
1,0.6604,3,0.377
1,0.5908,2,0.3514
1,0.5337,3,0.3966
0,0.493,2,0.3355
1,0.5403,2,0.3509
1,0.6336,2,0.3148
1,0.6463,2,0.372
1,0.6101,3,0.3576
1,0.5813,3,0.3482
1,0.5884,3,0.3866
1,0.6502,2,0.3618
1,0.6285,2,0.3568
1,0.6162,2,0.3297
1,0.5078,3,0.3436
1,0.7016,2,0.3951
1,0.5901,2,0.3618
1,0.5768,3,0.3888
1,0.5792,2,0.3546
1,0.6091,2,0.3465
1,0.6979,2,0.3653
1,0.5145,3,0.3527
1,0.5686,2,0.3451
1,0.6659,2,0.3613
1,0.5344,3,0.3968
1,0.6206,2,0.3323
1,0.689,2,0.3628
1,0.5269,2,0.3308
1,0.66,3,0.3928
1,0.6758,3,0.3836
1,0.5714,3,0.359
1,0.5617,2,0.3494
1,0.5241,2,0.3432
1,0.5153,2,0.3581
1,0.7557,2,0.3916
1,0.6563,2,0.3609
1,0.5792,2,0.3546
1,0.584,2,0.3405
1,0.622,3,0.3851
1,0.64,2,0.3613
1,0.5949,3,0.3798
1,0.6196,2,0.3113
1,0.6399,2,0.3788
1,0.5414,3,0.3994
1,0.5079,3,0.3541
1,0.6012,3,0.3778
1,0.5357,3,0.3654
1,0.6901,3,0.3814
1,0.6514,3,0.3559
1,0.621,2,0.346
1,0.514,2,0.3247
1,0.6468,2,0.3702
1,0.6231,3,0.4142
1,0.5117,2,0.3354
1,0.5703,2,0.3398
1,0.5919,2,0.3309
1,0.5639,2,0.338
1,0.5836,2,0.3253
1,0.5944,2,0.3498
1,0.5161,2,0.3509
1,0.5626,2,0.3235
1,0.5917,3,0.3682
1,0.5213,2,0.3384
1,0.6114,2,0.3528
1,0.6251,2,0.3639
1,0.5528,2,0.3387
1,0.655,3,0.3912
0,0.4958,2,0.3402
1,0.5744,3,0.3899
1,0.6519,3,0.3609
1,0.7012,2,0.3644
1,0.5536,2,0.3229
1,0.693,2,0.3457
1,0.5856,2,0.3637
1,0.59,3,0.4111
1,0.6685,2,0.3499
1,0.5486,3,0.3588
1,0.68,2,0.3732
1,0.6324,2,0.3431
1,0.5633,2,0.3434
1,0.5948,2,0.3538
1,0.749,2,0.3583
1,0.5498,3,0.3721
1,0.6541,2,0.3678
1,0.7475,3,0.3787
1,0.6192,2,0.3533
1,0.6939,2,0.3385
1,0.64,2,0.3258
1,0.7042,3,0.3788
1,0.5824,3,0.3864
1,0.6828,2,0.3557
1,0.6566,3,0.3887
1,0.5675,3,0.3683
1,0.5824,2,0.3404
1,0.6964,2,0.3852
1,0.6012,2,0.3585
1,0.6125,2,0.3649
0,0.4992,3,0.3687
1,0.5854,3,0.3788
1,0.5449,3,0.3495
1,0.5046,2,0.345
1,0.6009,2,0.3631
1,0.5456,3,0.3848
1,0.7172,2,0.363
1,0.6553,2,0.3659
1,0.7291,2,0.3718
1,0.6285,2,0.3617
1,0.7037,2,0.356
1,0.6658,3,0.3684
1,0.5883,3,0.3743
1,0.5707,3,0.3726
1,0.5098,2,0.3514
1,0.5388,3,0.3587
1,0.6426,2,0.3693
1,0.6243,2,0.3439
1,0.6781,2,0.356
1,0.6549,2,0.3801
1,0.6449,2,0.3452
1,0.6126,2,0.3456
1,0.6101,2,0.3337
1,0.5144,2,0.347
1,0.661,2,0.3414
1,0.5793,2,0.338
1,0.6506,2,0.3582
1,0.5141,2,0.3555
1,0.6173,3,0.3766
1,0.7249,3,0.3589
1,0.6342,2,0.3502
1,0.5936,3,0.3636
1,0.5856,2,0.3569
1,0.6107,3,0.3743
1,0.5405,2,0.3543
1,0.5787,3,0.3854
1,0.6058,2,0.3479
1,0.5598,3,0.3648
1,0.6825,3,0.3839
1,0.6603,3,0.3987
1,0.6392,3,0.3913
1,0.7162,2,0.3604
1,0.6945,2,0.3517
1,0.6634,2,0.3848
1,0.5856,3,0.3743
1,0.5813,2,0.3399
1,0.7034,2,0.3566
1,0.6677,2,0.3691
1,0.5205,3,0.3472
1,0.6646,2,0.3559
1,0.6646,2,0.3559
1,0.6207,3,0.3937
1,0.5728,2,0.3427
1,0.5939,2,0.3445
1,0.6525,2,0.3492
1,0.5792,2,0.3405
1,0.5806,3,0.3831
1,0.5878,3,0.3467
0,0.4944,3,0.3467
1,0.5587,2,0.3579
1,0.5338,2,0.3361
1,0.6364,2,0.3616
1,0.6887,2,0.3592
1,0.6375,3,0.3549
1,0.724,2,0.3421
1,0.5935,2,0.3384
1,0.5431,2,0.3513
1,0.6287,3,0.3674
1,0.6527,3,0.3768
1,0.6595,2,0.3632
1,0.618,2,0.3555
1,0.5745,2,0.3597
1,0.6945,2,0.3578
1,0.5798,3,0.3743
1,0.578,2,0.3327
1,0.5794,3,0.3721
1,0.5697,2,0.3177
0,0.4969,3,0.3543
1,0.5449,2,0.349
1,0.5449,2,0.349
1,0.5449,2,0.349
1,0.5792,2,0.3546
1,0.5927,2,0.3373
1,0.6631,2,0.3503
1,0.5519,2,0.3122
1,0.6278,3,0.3702
1,0.6974,2,0.3369
1,0.5539,2,0.3346
1,0.669,2,0.3584
1,0.6087,2,0.3596
1,0.6387,2,0.3514
1,0.7054,2,0.349
1,0.6906,3,0.4287
1,0.5285,2,0.3408
1,0.634,3,0.4135
1,0.6449,2,0.3654
1,0.6139,2,0.3446
1,0.5119,2,0.3462
0,0.4934,3,0.3402
1,0.6538,2,0.3518
1,0.6646,2,0.3449
1,0.6375,2,0.32
0,0.4989,3,0.3617
1,0.6556,2,0.3509
1,0.5154,3,0.3418
1,0.7311,3,0.3646
1,0.7341,3,0.3903
1,0.7341,3,0.3903
1,0.6575,3,0.3748
1,0.5103,3,0.3364
0,0.4884,1,0.3095
1,0.5348,3,0.3586
1,0.5164,3,0.3948
1,0.5507,2,0.3372
1,0.6512,3,0.4
1,0.646,2,0.3527
1,0.641,2,0.3689
1,0.588,2,0.3476
1,0.6981,2,0.3507
1,0.7307,2,0.3332
1,0.6733,3,0.4039
1,0.5989,3,0.3567
1,0.628,2,0.3398
1,0.5973,3,0.3532
1,0.6353,2,0.327
1,0.6208,3,0.3633
1,0.6851,2,0.3593
1,0.7246,2,0.346
1,0.6971,3,0.3645
0,0.4786,2,0.3384
1,0.5236,2,0.3251
1,0.718,3,0.4137
1,0.5926,2,0.3361
1,0.6661,2,0.3632
1,0.616,3,0.3648
1,0.5812,3,0.3672
1,0.55,2,0.3372
1,0.5148,2,0.3368
1,0.5926,2,0.3361
1,0.6541,2,0.3814
1,0.5775,3,0.3711
1,0.5729,2,0.3532
1,0.6686,2,0.3611
1,0.5353,3,0.3726
1,0.5295,3,0.3421
1,0.5828,2,0.3597
1,0.6617,3,0.3786
1,0.6462,2,0.3526
1,0.5116,2,0.3377
1,0.602,2,0.3552
1,0.5984,3,0.3556
1,0.5505,2,0.3058
1,0.5724,3,0.3562
1,0.5926,3,0.3991
1,0.5816,2,0.3498
1,0.6186,2,0.3327
1,0.6722,2,0.3542
1,0.5974,3,0.3789
1,0.5539,2,0.3497
1,0.5762,2,0.3663
1,0.591,3,0.372
1,0.5122,3,0.3481
1,0.5829,2,0.3577
1,0.6261,2,0.3395
1,0.6348,2,0.3251
1,0.5896,3,0.3682
1,0.6635,2,0.3348
1,0.5586,2,0.3272
1,0.5178,3,0.3794
1,0.739,2,0.3884
1,0.515,2,0.3405
1,0.5937,3,0.3904
1,0.5556,3,0.351
0,0.4926,3,0.3635
1,0.5368,3,0.3542
1,0.5706,3,0.3606
1,0.6585,2,0.3459
1,0.6568,2,0.3581
1,0.6648,2,0.3717
1,0.6432,2,0.3437
1,0.6687,2,0.3782
1,0.6947,2,0.3529
1,0.6635,2,0.3348
1,0.5873,2,0.3514
1,0.6836,3,0.3772
1,0.6307,2,0.3433
1,0.7435,2,0.3671
1,0.6597,3,0.3635
1,0.5506,3,0.38
1,0.5326,3,0.3505
1,0.516,2,0.322
0,0.4701,2,0.3279
1,0.6701,2,0.3412
1,0.5729,2,0.3663
1,0.6684,2,0.3554
1,0.6684,2,0.3554
1,0.6815,2,0.3538
1,0.6502,2,0.3475
1,0.5482,3,0.3546
1,0.6502,2,0.3475
1,0.6815,2,0.3538
1,0.62,2,0.334
1,0.6205,2,0.3153
1,0.6117,3,0.3734
1,0.5489,2,0.3434
1,0.663,2,0.353
0,0.4884,1,0.3095
1,0.6121,2,0.3357
1,0.6149,2,0.3639
1,0.7112,2,0.3343
1,0.5478,3,0.3884
1,0.6998,2,0.3797
1,0.6828,2,0.3557
1,0.5807,2,0.3432
1,0.5786,2,0.3507
1,0.6718,3,0.4166
1,0.6381,3,0.3947
1,0.7078,3,0.3862
1,0.6919,2,0.3487
1,0.5789,3,0.3828
1,0.679,2,0.3577
1,0.557,3,0.3605
1,0.622,2,0.3408
1,0.607,2,0.335
1,0.5725,3,0.3843
1,0.7122,3,0.4276
1,0.6516,2,0.3507
1,0.6483,3,0.3838
1,0.678,2,0.366
1,0.6913,2,0.3316
1,0.7082,2,0.3828
1,0.6447,2,0.3645
1,0.655,2,0.3731
1,0.6328,2,0.349
1,0.6533,2,0.3446
1,0.6334,3,0.3889
1,0.5476,2,0.3583
1,0.6867,3,0.3912
1,0.6115,2,0.3657
1,0.6447,3,0.3778
1,0.7206,2,0.3497
1,0.6146,2,0.3615
1,0.6734,3,0.3946
1,0.564,3,0.3833
1,0.6057,2,0.3472
1,0.612,3,0.3684
1,0.6151,2,0.325
1,0.5103,2,0.3379
0,0.4747,1,0.3454
1,0.6612,3,0.3773
1,0.5186,2,0.3059
1,0.6671,2,0.3347
1,0.6814,2,0.376
1,0.5962,3,0.3849
1,0.649,2,0.3484
1,0.715,2,0.3603
1,0.6709,2,0.3645
1,0.6521,3,0.3977
1,0.7249,2,0.3706
1,0.6854,2,0.3538
1,0.6071,2,0.3514
1,0.6661,2,0.3455
1,0.5116,2,0.329
1,0.5581,2,0.3484
1,0.5238,3,0.3506
1,0.5792,2,0.3546
1,0.5301,3,0.3618
1,0.5328,3,0.3505
1,0.6974,2,0.3369
1,0.5105,3,0.3557
1,0.6802,2,0.3627
1,0.7171,2,0.3434
1,0.7161,2,0.3445
1,0.5407,3,0.3586
1,0.6056,3,0.3712
1,0.5331,3,0.3459
1,0.5409,2,0.3378
1,0.5735,2,0.362
1,0.5501,3,0.3915
1,0.5267,3,0.3558
1,0.5653,3,0.3887
0,0.4913,1,0.3279
1,0.5243,3,0.3539
1,0.556,2,0.3394
1,0.5843,2,0.3577
1,0.5792,2,0.3546
1,0.5831,3,0.381
1,0.7079,2,0.3564
1,0.5152,3,0.3566
1,0.505,2,0.3434
1,0.6755,3,0.3653
1,0.5414,2,0.3309
1,0.5713,2,0.3544
1,0.6671,2,0.362
1,0.5888,3,0.366
1,0.6649,2,0.3488
1,0.5792,2,0.3546
1,0.6428,2,0.349
1,0.6037,3,0.3596
1,0.5498,3,0.3622
1,0.5792,2,0.3546
1,0.7117,2,0.3474
1,0.6714,2,0.3634
1,0.575,3,0.3586
1,0.6391,2,0.3428
1,0.6208,2,0.3445
1,0.6037,2,0.3529
1,0.5104,3,0.336
1,0.6249,2,0.3551
1,0.6671,2,0.3514
1,0.5043,3,0.3501
0,0.4922,3,0.357
1,0.5767,2,0.3669
1,0.568,2,0.343
1,0.5162,2,0.3391
1,0.561,2,0.3404
1,0.5957,3,0.3671
0,0.4732,1,0.3298
1,0.5957,3,0.3848
1,0.5792,2,0.3546
1,0.5663,3,0.3554
1,0.5171,2,0.3432
1,0.5792,2,0.3546
1,0.5607,2,0.3395
1,0.539,2,0.338
0,0.481,2,0.3441
1,0.5869,2,0.3409
1,0.5937,3,0.3904
1,0.6073,2,0.347
1,0.5826,2,0.3561
1,0.6618,3,0.3751
1,0.5061,2,0.3254
1,0.6844,2,0.3709
0,0.4987,3,0.3575
1,0.5472,2,0.3362
1,0.5407,2,0.3378
1,0.6324,2,0.3398
1,0.6856,2,0.3738
1,0.5963,3,0.3712
1,0.6242,2,0.3637
1,0.5859,2,0.3389
1,0.5916,2,0.3506
1,0.5101,3,0.3401
1,0.6905,2,0.371
1,0.5258,3,0.3512
1,0.6717,2,0.3611
0,0.4699,2,0.3437
1,0.6386,3,0.4137
1,0.5984,2,0.3535
1,0.5012,2,0.346
1,0.5573,2,0.3295
1,0.6555,2,0.3476
1,0.5683,2,0.3458
1,0.5301,3,0.3618
1,0.665,2,0.3611
1,0.5648,3,0.3793
0,0.4834,1,0.3269
0,0.4978,2,0.3288
1,0.6418,2,0.362
1,0.6728,2,0.3799
1,0.6093,2,0.326
1,0.5252,2,0.329
1,0.574,2,0.3489
1,0.5946,3,0.3745
1,0.5407,2,0.3509
1,0.5334,2,0.3432
1,0.5316,3,0.3542
1,0.6245,3,0.3812
1,0.5248,3,0.3615
1,0.5891,2,0.3525
1,0.6324,3,0.3818
1,0.6859,3,0.4023
1,0.5915,2,0.344
1,0.5985,2,0.3323
1,0.5343,2,0.3373
1,0.6058,2,0.3577
1,0.7003,2,0.3407
1,0.5324,2,0.3534
1,0.6815,2,0.3582
1,0.6671,2,0.3421
1,0.5941,2,0.345
1,0.6262,2,0.3563
1,0.66,2,0.3387
1,0.6436,3,0.4007
1,0.628,2,0.3582
1,0.68,3,0.3861
1,0.5857,2,0.3251
1,0.625,2,0.3691
1,0.6539,3,0.3736
1,0.5903,2,0.3602
1,0.6356,2,0.3565
1,0.6489,2,0.3515
1,0.603,2,0.3692
1,0.7091,2,0.3399
1,0.6223,2,0.366
1,0.606,2,0.3665
1,0.6453,3,0.3726
1,0.5302,2,0.3441
1,0.5722,3,0.3589
1,0.7076,3,0.4188
1,0.57,3,0.3667
1,0.6595,2,0.3587
1,0.7591,2,0.3759
1,0.6218,3,0.3962
1,0.6273,2,0.3547
1,0.5768,3,0.3923
1,0.6244,2,0.3418
1,0.5883,2,0.3521
1,0.6842,2,0.3759
1,0.6842,2,0.3759
1,0.6927,2,0.3574
1,0.6617,3,0.387
1,0.6108,2,0.3494
1,0.5512,3,0.3691
1,0.6498,2,0.3851
1,0.6288,2,0.3561
1,0.6266,3,0.384
1,0.5739,2,0.3232
1,0.6757,2,0.3347
1,0.6361,2,0.3565
1,0.7121,3,0.4114
1,0.6788,3,0.3868
1,0.5197,3,0.369
1,0.5792,2,0.3546
0,0.4944,2,0.3403
1,0.5713,2,0.3294
1,0.549,2,0.354
1,0.5789,2,0.3299
1,0.58,2,0.3638
0,0.464,3,0.3506
1,0.611,3,0.3934
1,0.556,2,0.3257
1,0.5671,2,0.3678
1,0.6026,2,0.3504
1,0.6204,2,0.349
1,0.5885,3,0.3595
1,0.5373,2,0.3564
1,0.64,2,0.3712
1,0.5421,2,0.3278
1,0.5412,2,0.3517
1,0.6422,3,0.3959
1,0.6709,2,0.3671
1,0.676,3,0.3889
1,0.5828,2,0.3529
1,0.7304,3,0.3746
1,0.5834,2,0.3337
1,0.6352,2,0.3434
1,0.5714,3,0.3686
0,0.4951,2,0.3353
1,0.5731,3,0.3802
1,0.6508,2,0.3774
1,0.615,3,0.3895
1,0.5725,3,0.359
1,0.619,3,0.3874
1,0.5664,3,0.3587
1,0.5262,2,0.3492
1,0.5314,3,0.3704
1,0.5833,3,0.3674
1,0.7016,2,0.3618
1,0.5338,3,0.3719
1,0.5614,3,0.3819
1,0.5055,3,0.3602
1,0.5006,3,0.3456
1,0.5241,2,0.3388
1,0.5813,3,0.3646
1,0.56,2,0.3408
1,0.6163,2,0.3658
1,0.5766,2,0.3555
1,0.5993,2,0.3457
1,0.5929,2,0.3835
1,0.5792,3,0.3924
1,0.6146,2,0.3413
1,0.7049,2,0.364
1,0.551,3,0.3725
1,0.6922,3,0.3832
1,0.67,2,0.3397
1,0.5268,3,0.3546
1,0.6702,3,0.363
1,0.6734,2,0.341
1,0.6107,2,0.3423
1,0.5848,3,0.3695
1,0.5386,2,0.3353
1,0.5982,2,0.3839
1,0.5193,3,0.3554
1,0.539,3,0.3607
1,0.5786,3,0.3677
1,0.525,3,0.371
0,0.4848,3,0.3502
1,0.6456,3,0.3961
1,0.5892,3,0.4039
1,0.7407,3,0.4177
1,0.666,2,0.3702
1,0.6367,2,0.368
1,0.6651,2,0.3549
1,0.5117,2,0.3412
1,0.6321,3,0.3743
0,0.494,3,0.3487
1,0.6502,2,0.3657
1,0.5823,2,0.3416
1,0.7383,2,0.3631
1,0.5375,3,0.3635
1,0.6187,2,0.3436
1,0.5637,2,0.3423
1,0.5951,2,0.3556
1,0.655,3,0.3708
1,0.5436,3,0.3923
1,0.5666,3,0.3631
1,0.7766,3,0.4455
1,0.6454,3,0.3613
1,0.5458,2,0.3354
1,0.6734,2,0.341
1,0.6457,2,0.3649
1,0.556,2,0.3388
1,0.6766,2,0.369
1,0.5674,2,0.3521
1,0.6892,3,0.4041
1,0.7239,2,0.3511
1,0.644,2,0.3618
1,0.6305,2,0.3604
1,0.7053,2,0.3676
1,0.6772,3,0.3852
1,0.6745,3,0.3836
1,0.5685,3,0.3664
1,0.6426,2,0.3254
1,0.7066,2,0.3691
1,0.6401,3,0.3605
1,0.6847,3,0.3922
1,0.5079,2,0.3284
1,0.5626,3,0.3801
1,0.5432,3,0.3518
1,0.5165,2,0.341
1,0.5766,2,0.3555
1,0.5083,3,0.3704
1,0.5027,2,0.3299
1,0.5411,2,0.3457
1,0.6924,2,0.3835
1,0.5744,3,0.354
1,0.6548,3,0.3557
1,0.6011,2,0.3376
1,0.6629,2,0.3477
1,0.6787,2,0.3526
1,0.5947,2,0.3257
1,0.6601,2,0.3594
1,0.6319,3,0.3724
1,0.7305,2,0.365
1,0.5748,2,0.3433
1,0.5792,2,0.3546
1,0.6817,2,0.3427
1,0.7484,3,0.379
0,0.4856,3,0.3459
1,0.7218,3,0.396
1,0.5921,2,0.349
1,0.6496,2,0.3577
1,0.5981,3,0.3654
1,0.5921,2,0.3493
1,0.5597,2,0.3468
1,0.6511,2,0.3813
1,0.5485,3,0.3718
1,0.5467,3,0.3607
1,0.6734,2,0.3494
1,0.5756,2,0.3514
1,0.6004,3,0.3861
0,0.4784,2,0.3278
1,0.5685,2,0.3732
1,0.6595,2,0.3439
1,0.7325,2,0.3489
1,0.6494,3,0.3747
1,0.7078,2,0.3439
1,0.5386,3,0.3669
1,0.5882,3,0.3805
1,0.6733,2,0.364
1,0.5452,3,0.3707
1,0.6263,3,0.3812
1,0.7296,3,0.4058
1,0.673,2,0.3688
1,0.5399,3,0.3874
1,0.7611,2,0.3612
1,0.6782,2,0.347
1,0.5776,3,0.3802
1,0.5232,2,0.3495
1,0.596,2,0.3686
1,0.5665,2,0.3554
1,0.6917,3,0.3746
1,0.5724,3,0.3621
1,0.6395,3,0.3699
1,0.5813,2,0.3459
1,0.5417,2,0.3598
1,0.5008,3,0.3453
1,0.6943,2,0.3795
1,0.539,3,0.3607
1,0.6588,2,0.3751
1,0.7244,3,0.4042
1,0.5801,2,0.3335
1,0.6149,3,0.3915
1,0.6709,2,0.3627
1,0.7039,3,0.4143
1,0.6218,2,0.3564
0,0.4948,3,0.3561
1,0.7703,2,0.3696
1,0.6922,3,0.3832
1,0.5603,3,0.3655
1,0.6752,2,0.381
1,0.6261,2,0.363
1,0.6359,2,0.3382
1,0.5382,2,0.3448
1,0.6698,2,0.3514
1,0.6601,2,0.3594
1,0.6772,3,0.3852
1,0.5359,3,0.3818
1,0.6908,2,0.3671
1,0.7221,2,0.366
1,0.6217,2,0.3365
1,0.6039,2,0.326
1,0.6858,3,0.3891
1,0.6508,2,0.3597
1,0.5196,2,0.3508
1,0.537,2,0.33
1,0.6593,3,0.3881
1,0.6856,2,0.3738
1,0.5714,2,0.365
1,0.5148,2,0.3313
1,0.674,2,0.3641
1,0.5967,2,0.3486
1,0.5161,3,0.3411
1,0.6601,2,0.3594
1,0.5492,3,0.3754
1,0.6051,3,0.3628
1,0.5553,3,0.3636
1,0.5992,2,0.3739
1,0.6168,2,0.3563
1,0.6856,2,0.3738
1,0.6108,2,0.3509
1,0.528,2,0.3455
1,0.5556,3,0.356
1,0.5423,3,0.3659
1,0.7522,2,0.3747
1,0.5846,3,0.366
1,0.6504,2,0.3607
1,0.7386,3,0.4047
1,0.5148,2,0.3313
1,0.6376,3,0.3821
1,0.6204,3,0.4052
1,0.6533,3,0.3744
1,0.7536,2,0.3794
1,0.5869,3,0.3935
1,0.7316,3,0.3791
1,0.5792,2,0.3546
1,0.5792,2,0.3546
1,0.7141,2,0.3733
1,0.5746,2,0.3406
1,0.6119,2,0.3508
1,0.6322,3,0.3755
1,0.6433,3,0.3725
1,0.5186,2,0.3476
1,0.5792,2,0.3546
1,0.672,2,0.3623
1,0.5712,2,0.346
1,0.5061,3,0.3488
1,0.5298,3,0.3532
1,0.5606,3,0.3794
1,0.5475,2,0.3257
1,0.5427,3,0.3629
1,0.5636,3,0.3654
1,0.5981,3,0.3502
1,0.6919,3,0.3824
1,0.5514,2,0.355
1,0.5889,2,0.3571
1,0.6088,2,0.3561
0,0.4988,2,0.3412
1,0.5196,2,0.3417
1,0.5889,2,0.3571
1,0.5671,2,0.315
1,0.6061,2,0.3333
0,0.4928,1,0.3311
1,0.6438,2,0.3527
1,0.6479,3,0.3656
1,0.6389,2,0.3534
1,0.6406,2,0.3498
1,0.6555,3,0.3537
1,0.7199,3,0.37
1,0.5426,2,0.3603
1,0.6059,2,0.3571
1,0.6322,3,0.3755
1,0.6098,2,0.3459
1,0.6548,3,0.3769
1,0.5044,2,0.3378
1,0.6157,2,0.3471
1,0.6921,2,0.3465
1,0.5792,2,0.3546
1,0.6994,2,0.3701
1,0.7037,2,0.3693
1,0.5806,2,0.341
1,0.5196,2,0.3508
1,0.6065,2,0.3402
1,0.6073,2,0.3519
1,0.6109,2,0.3585
1,0.58,2,0.3502
1,0.6852,3,0.38
1,0.5399,2,0.3225
1,0.7341,3,0.3865
1,0.6495,2,0.3344
1,0.5316,3,0.3642
1,0.5932,2,0.333
1,0.7356,2,0.3277
1,0.7766,3,0.4455
1,0.5125,2,0.3334
1,0.6706,3,0.3702
1,0.6805,2,0.3589
1,0.656,3,0.3876
1,0.6406,2,0.3498
1,0.619,2,0.3422
1,0.7433,2,0.344
1,0.6693,2,0.359
1,0.6393,3,0.3676
1,0.5291,2,0.3578
1,0.6608,2,0.3551
1,0.6734,2,0.3723
1,0.646,2,0.367
1,0.5792,2,0.3546
1,0.6854,2,0.3346
1,0.5219,3,0.3568
1,0.5065,2,0.3601
1,0.6904,2,0.3559
1,0.5356,2,0.3252
1,0.625,2,0.346
1,0.6451,3,0.3645
1,0.5828,2,0.341
0,0.4893,2,0.3296
1,0.5312,3,0.3453
1,0.5083,3,0.3704
1,0.5716,3,0.3639
1,0.6847,3,0.3922
1,0.6839,2,0.3329
1,0.5726,2,0.3269
1,0.5806,2,0.3153
1,0.5629,3,0.3671
1,0.6235,2,0.319
1,0.7081,3,0.3652
1,0.6944,3,0.3597
1,0.5067,2,0.3369
1,0.7012,2,0.3644
1,0.5989,2,0.3315
1,0.6602,2,0.3378
1,0.6916,2,0.3486
1,0.6756,2,0.3371
1,0.6852,3,0.38
1,0.6687,3,0.383
1,0.6197,2,0.359
1,0.681,3,0.3805
0,0.4989,2,0.336
1,0.5196,2,0.3508
1,0.6491,3,0.3771
1,0.5727,3,0.3553
1,0.6898,2,0.3508
1,0.6828,2,0.3648
1,0.6773,2,0.372
0,0.4842,2,0.3387
1,0.7075,3,0.3956
1,0.5613,2,0.3575
1,0.5622,2,0.3418
1,0.6325,2,0.3501
1,0.6181,2,0.3598
0,0.4991,2,0.3254
1,0.6488,3,0.3614
1,0.5359,3,0.3818
1,0.6554,2,0.3594
1,0.5531,2,0.3488
1,0.5576,3,0.3757
0,0.4777,2,0.3065
1,0.6295,2,0.3393
1,0.6342,3,0.3812
1,0.6024,2,0.3637
1,0.5932,2,0.3551
1,0.5577,2,0.358
1,0.6907,2,0.3556
1,0.5146,3,0.3574
1,0.5092,2,0.3422
1,0.6052,2,0.3235
1,0.6155,2,0.35
1,0.7221,2,0.3528
1,0.6003,2,0.3693
1,0.66,2,0.3516
1,0.6477,2,0.3535
1,0.6396,2,0.344
1,0.6585,3,0.3825
1,0.5574,3,0.355
1,0.5601,3,0.3568
1,0.7399,2,0.3918
1,0.699,2,0.339
1,0.6158,2,0.3639
1,0.6182,2,0.3502
0,0.4867,3,0.3497
1,0.6186,2,0.3248
1,0.6618,2,0.3607
1,0.5973,2,0.3315
1,0.5958,2,0.338
0,0.4812,1,0.3327
1,0.5657,3,0.3524
1,0.7109,2,0.355
1,0.637,2,0.3471
1,0.6184,3,0.3669
1,0.555,3,0.3696
1,0.6474,2,0.3608
1,0.5891,2,0.3444
1,0.6681,2,0.3608
1,0.5782,2,0.3493
1,0.5166,3,0.3493
1,0.5526,3,0.3843
1,0.5494,3,0.3609
1,0.5104,2,0.3418
1,0.5756,3,0.3849
1,0.5273,3,0.3499
1,0.5536,3,0.3528
1,0.5699,3,0.355
1,0.5793,2,0.3543
1,0.5571,2,0.351
1,0.5511,3,0.3603
1,0.541,2,0.3479
1,0.5518,2,0.3556
1,0.5716,3,0.3678
1,0.5651,3,0.3599
1,0.6587,3,0.3884
1,0.6775,3,0.3904
1,0.7073,3,0.3683
1,0.6341,2,0.3605
1,0.5514,2,0.3397
1,0.7022,2,0.3333
1,0.5462,2,0.3362
1,0.5476,3,0.3539
1,0.5632,2,0.3551
1,0.5303,3,0.3438
1,0.6013,3,0.3733
1,0.5485,3,0.3544
1,0.5803,3,0.3585
1,0.5578,3,0.3555
1,0.5422,3,0.3541
1,0.5034,3,0.3534
1,0.5833,2,0.3372
1,0.6323,2,0.3531
1,0.7002,2,0.3553
1,0.6358,2,0.3468
1,0.5202,3,0.3507
1,0.6268,2,0.3788
1,0.716,2,0.3444
1,0.5361,3,0.3738
1,0.58,3,0.3464
1,0.586,2,0.3489
1,0.6099,3,0.38
1,0.6536,2,0.3446
1,0.5626,2,0.3338
1,0.6634,3,0.3589
1,0.6615,2,0.37
1,0.5846,2,0.3566
1,0.6741,2,0.3192
1,0.6926,2,0.3759
1,0.5569,3,0.3595
1,0.705,2,0.3705
1,0.5848,3,0.3696
1,0.6366,2,0.3495
1,0.732,2,0.3663
1,0.605,2,0.3285
1,0.6167,2,0.3345
1,0.6731,3,0.377
1,0.5012,3,0.3623
1,0.5905,2,0.3707
1,0.6416,3,0.3804
1,0.6378,2,0.3379
1,0.6528,2,0.347
1,0.5965,2,0.3601
1,0.6804,3,0.3784
1,0.5618,2,0.3275
1,0.7106,3,0.3778
1,0.6271,3,0.3726
1,0.6481,2,0.3379
1,0.7004,2,0.3674
1,0.5822,3,0.3663
1,0.5841,2,0.3507
1,0.5224,3,0.349
0,0.491,3,0.3402
1,0.6391,2,0.364
1,0.5543,3,0.3558
1,0.5648,2,0.3365
1,0.6557,2,0.33
1,0.6162,3,0.3843
1,0.6657,2,0.3654
1,0.5387,3,0.3577
1,0.5917,2,0.3422
0,0.486,2,0.3432
1,0.5071,2,0.3435
1,0.7242,3,0.3872
1,0.5304,2,0.3388
1,0.6029,3,0.3815
1,0.5544,2,0.3598
1,0.5959,2,0.3568
1,0.621,2,0.3424
1,0.6063,3,0.3692
1,0.6319,3,0.3786
1,0.5554,2,0.3352
1,0.5326,3,0.3505
0,0.4862,2,0.337
1,0.5229,3,0.3593
0,0.4889,3,0.3422
1,0.5163,3,0.3596
1,0.7063,2,0.3319
1,0.5273,3,0.3594
1,0.6655,2,0.3695
1,0.6241,2,0.3717
1,0.531,3,0.3498
1,0.6223,3,0.3727
1,0.6803,2,0.3545
1,0.5898,2,0.3415
1,0.7207,2,0.3756
1,0.5366,2,0.3465
1,0.5643,3,0.3626
1,0.7207,2,0.3756
1,0.5877,3,0.3552
1,0.6802,2,0.3487
1,0.5056,3,0.3689
1,0.5347,3,0.3781
1,0.5487,2,0.3419
1,0.6486,2,0.3618
1,0.589,3,0.3939
1,0.5632,2,0.329
1,0.6789,3,0.3727
1,0.697,2,0.367
1,0.6343,3,0.4029
1,0.7278,2,0.368
1,0.5313,2,0.341
1,0.6918,2,0.3649
1,0.6738,2,0.3496
1,0.7173,2,0.3549
1,0.5519,2,0.3369
1,0.5902,3,0.3516
1,0.515,3,0.3615
1,0.6781,2,0.3639
1,0.6412,2,0.3509
1,0.6403,2,0.3461
1,0.5718,2,0.3384
1,0.5746,2,0.3277
1,0.719,2,0.3685
1,0.6414,2,0.3606
1,0.6691,3,0.3649
1,0.5013,2,0.3378
1,0.6817,2,0.3561
1,0.5435,3,0.3535
1,0.6736,2,0.3553
1,0.7204,2,0.332
1,0.5865,3,0.3621
1,0.6756,2,0.3275
1,0.6352,2,0.329
1,0.5743,2,0.3585
1,0.6725,2,0.3344
1,0.5641,2,0.3625
1,0.6357,2,0.3337
1,0.7415,3,0.3777
1,0.5152,2,0.3317
1,0.6704,2,0.3605
1,0.5919,3,0.3599
1,0.5006,3,0.3559
1,0.6508,2,0.3495
1,0.6424,2,0.34
1,0.7415,3,0.3777
1,0.6253,2,0.3575
1,0.5014,2,0.3261
1,0.5969,2,0.3416
1,0.6301,2,0.3529
1,0.6793,2,0.3559
1,0.5734,2,0.3447
1,0.5902,2,0.3418
1,0.7097,3,0.3894
1,0.7037,3,0.3557
1,0.6518,3,0.3668
1,0.5307,3,0.3521
1,0.6803,2,0.3707
1,0.5768,3,0.3617
1,0.6071,2,0.3336
1,0.6594,3,0.3731
1,0.7188,2,0.3659
1,0.6364,2,0.3375
1,0.5348,3,0.3825
1,0.6793,3,0.3716
1,0.6504,2,0.3374
1,0.7572,2,0.3609
1,0.5262,3,0.3538
1,0.5957,2,0.3653
1,0.7392,2,0.3822
1,0.576,2,0.345
1,0.6504,2,0.3374
0,0.4952,3,0.3548
1,0.565,2,0.3411
1,0.5529,2,0.3467
1,0.5744,2,0.3517
1,0.7151,2,0.3821
1,0.5465,3,0.3664
1,0.5487,2,0.3419
1,0.7232,2,0.3604
1,0.6421,3,0.379
1,0.6162,2,0.3789
1,0.5224,3,0.349
1,0.5377,2,0.3385
1,0.6736,3,0.3875
1,0.527,2,0.3561
1,0.6128,2,0.3525
1,0.689,2,0.3595
1,0.6823,2,0.3374
1,0.6253,2,0.3368
1,0.6644,2,0.3795
1,0.6734,2,0.3576
1,0.6982,2,0.3532
1,0.6417,2,0.3547
1,0.611,2,0.3304
1,0.5702,3,0.3591
1,0.6432,2,0.3298
1,0.6506,3,0.3982
1,0.6398,2,0.3474
1,0.6593,2,0.3567
1,0.5226,3,0.349
1,0.6667,2,0.3313
1,0.557,3,0.351
1,0.706,2,0.3567
1,0.5951,3,0.3753
1,0.5714,3,0.3686
0,0.4958,2,0.3339
1,0.5792,2,0.3546
0,0.498,3,0.3669
1,0.7166,2,0.3668
1,0.6789,2,0.3656
1,0.5499,3,0.3775
1,0.6709,2,0.365
1,0.7429,3,0.3919
1,0.6687,2,0.3676
1,0.6107,2,0.3647
1,0.5016,3,0.3473
1,0.6644,3,0.3737
1,0.5572,2,0.3426
1,0.6547,2,0.341
1,0.7176,3,0.3725
1,0.7268,2,0.3463
1,0.612,2,0.3594
1,0.5522,2,0.3542
1,0.7385,3,0.3836
1,0.5776,3,0.3818
1,0.6971,3,0.3914
1,0.6644,2,0.3627
1,0.6067,3,0.3857
1,0.6207,3,0.3617
1,0.6198,3,0.3908
1,0.6426,2,0.3811
1,0.6046,2,0.3455
1,0.5867,3,0.3864
1,0.5036,1,0.3247
1,0.5559,3,0.3761
1,0.6503,2,0.3531
1,0.5149,2,0.3427
1,0.7246,2,0.3599
1,0.5913,3,0.364
1,0.7131,2,0.365
1,0.5022,1,0.3328
1,0.549,2,0.3349
1,0.5912,2,0.354
1,0.5943,2,0.355
1,0.5751,3,0.3611
1,0.5919,2,0.3594
1,0.6116,2,0.3477
1,0.5149,3,0.353
1,0.6435,2,0.3349
1,0.6027,2,0.3461
1,0.5743,2,0.3591
1,0.5448,3,0.3594
1,0.726,3,0.3943
1,0.5927,2,0.3268
1,0.6648,3,0.3778
0,0.4894,2,0.3423
1,0.6591,3,0.3733
1,0.6018,2,0.3453
1,0.6668,2,0.3578
1,0.5307,2,0.3527
1,0.5684,3,0.3654
1,0.7085,3,0.3767
1,0.6676,2,0.3423
1,0.5132,3,0.3434
1,0.5333,3,0.3567
1,0.6797,2,0.3742
1,0.5428,3,0.3761
1,0.6816,2,0.3354
1,0.601,2,0.3397
0,0.4912,2,0.3298
1,0.5033,3,0.3524
1,0.6611,3,0.3769
1,0.595,3,0.3679
1,0.5348,3,0.3652
1,0.5671,2,0.3678
1,0.7312,2,0.3441
1,0.6569,2,0.3429
1,0.6262,2,0.3385
1,0.6754,2,0.3334
1,0.6185,3,0.3852
1,0.7045,3,0.3628
1,0.7232,2,0.3662
1,0.6125,3,0.372
1,0.7745,2,0.3753
1,0.5803,3,0.3928
1,0.5108,2,0.3316
1,0.5485,3,0.3565
1,0.6469,2,0.3594
1,0.5406,2,0.3486
1,0.5204,3,0.3428
1,0.7121,3,0.3774
1,0.6284,2,0.3447
1,0.7066,2,0.3623
1,0.6548,3,0.3725
1,0.6022,3,0.3709
1,0.6022,3,0.3709
1,0.7385,3,0.3836
1,0.6767,2,0.3398
1,0.6834,2,0.3374
1,0.542,2,0.3517
1,0.5982,2,0.3574
1,0.6729,2,0.3614
1,0.652,2,0.3375
1,0.669,2,0.3238
1,0.5576,2,0.3246
1,0.5395,3,0.3468
1,0.7187,3,0.3693
1,0.5245,3,0.3366
1,0.6449,2,0.365
1,0.5244,2,0.3347
1,0.5713,2,0.3394
1,0.6745,3,0.3658
1,0.522,3,0.3416
1,0.5032,2,0.3528
1,0.6923,2,0.3492
1,0.5213,2,0.3387
1,0.5191,2,0.3278
1,0.6969,3,0.3826
1,0.5576,3,0.3819
1,0.5588,2,0.3408
1,0.5974,2,0.3433
1,0.62,2,0.3344
1,0.6945,2,0.3733
0,0.4845,2,0.3479
1,0.6293,2,0.3695
1,0.6321,2,0.3662
1,0.7123,2,0.3647
1,0.7049,3,0.3958
1,0.5707,3,0.3654
1,0.5393,3,0.3623
1,0.5837,2,0.3381
0,0.4973,3,0.3936
1,0.5824,3,0.3828
1,0.5532,3,0.3571
1,0.6655,2,0.3695
1,0.7049,2,0.364
1,0.6353,2,0.3461
1,0.5473,3,0.3747
1,0.6829,2,0.3578
1,0.5552,3,0.3752
1,0.5132,2,0.3356
1,0.6298,2,0.3572
1,0.6355,2,0.3692
1,0.5543,3,0.3726
0,0.4952,2,0.3299
1,0.5919,3,0.3735
1,0.6481,2,0.3516
1,0.5339,3,0.3637
1,0.5354,3,0.3658
1,0.6899,2,0.3394
1,0.6535,2,0.3385
1,0.5294,2,0.3454
1,0.6076,3,0.3889
1,0.6574,3,0.3718
1,0.6258,2,0.3622
1,0.5607,2,0.3524
1,0.6128,3,0.375
1,0.512,3,0.3593
1,0.5366,3,0.3665
1,0.6471,2,0.3523
1,0.6027,3,0.3675
1,0.6218,2,0.3348
1,0.601,2,0.3383
1,0.6262,3,0.3642
1,0.6046,2,0.3441
1,0.6749,2,0.3811
1,0.5297,2,0.3501
1,0.5483,2,0.3466
1,0.5563,3,0.3687
1,0.6899,2,0.3548
1,0.5849,3,0.357
1,0.6013,2,0.3452
1,0.6024,2,0.3571
1,0.7012,2,0.3712
1,0.6863,3,0.3896
1,0.6344,3,0.3613
1,0.7064,2,0.362
1,0.5597,2,0.3434
1,0.7685,2,0.3835
1,0.6646,2,0.356
1,0.5938,2,0.3271
1,0.5853,2,0.3493
1,0.6307,2,0.3433
1,0.6469,2,0.3594
1,0.5595,3,0.369
1,0.6752,2,0.3575
1,0.7715,3,0.3888
1,0.5992,3,0.3786
1,0.519,3,0.3711
1,0.601,3,0.3623
1,0.5955,3,0.3873
1,0.5824,3,0.3602
1,0.6925,2,0.3479
1,0.6099,2,0.3509
1,0.6287,2,0.3569
1,0.62,2,0.3502
1,0.5609,3,0.3762
0,0.498,2,0.3177
1,0.5594,3,0.3509
1,0.5683,3,0.3696
0,0.4871,2,0.3292
1,0.6384,2,0.3439
1,0.6548,2,0.3733
1,0.5898,3,0.3833
1,0.5325,2,0.3507
1,0.647,2,0.3342
1,0.7515,2,0.3752
1,0.6283,3,0.3816
1,0.6429,2,0.3385
1,0.638,2,0.3505
0,0.4998,2,0.3307
1,0.5487,3,0.3755
1,0.6733,2,0.3132
1,0.6749,2,0.3811
1,0.7491,2,0.3601
1,0.5781,2,0.348
1,0.5333,3,0.3614
1,0.7035,2,0.3559
1,0.5792,2,0.3546
1,0.6292,2,0.3464
1,0.6535,2,0.3462
1,0.6227,3,0.3781
1,0.5871,2,0.3656
1,0.5538,3,0.3757
1,0.5849,3,0.3678
1,0.6782,3,0.3814
1,0.601,2,0.3589
0,0.4865,3,0.3437
1,0.659,3,0.3856
1,0.5057,2,0.3352
1,0.5394,3,0.3701
1,0.5623,3,0.3557
1,0.6538,2,0.3266
1,0.5911,2,0.3466
1,0.5137,2,0.3291
1,0.6904,2,0.3688
1,0.6247,2,0.3547
1,0.658,3,0.3948
0,0.4914,3,0.3438
1,0.6212,2,0.3475
0,0.4993,3,0.3478
1,0.601,2,0.3383
1,0.5623,3,0.3421
1,0.6383,2,0.3595
1,0.583,2,0.3273
1,0.6302,3,0.3703
1,0.5927,2,0.3613
1,0.5383,2,0.3339
1,0.589,2,0.3603
1,0.7001,3,0.3799
1,0.6766,2,0.3451
1,0.6051,2,0.3642
1,0.6337,2,0.342
1,0.5255,2,0.3317
1,0.5339,3,0.369
1,0.62,3,0.3938
1,0.5993,3,0.3706
1,0.6004,2,0.35
1,0.5436,3,0.3563
0,0.4989,3,0.351
1,0.5049,3,0.3669
1,0.6634,2,0.3643
1,0.6377,3,0.3776
1,0.6705,2,0.3668
1,0.6168,2,0.3656
1,0.6245,2,0.348
1,0.651,2,0.3628
1,0.5247,2,0.3395
1,0.7575,2,0.3641
1,0.5984,3,0.3513
1,0.7179,3,0.3668
1,0.5792,2,0.3546
1,0.7405,2,0.369
1,0.513,2,0.3272
1,0.6279,3,0.3592
1,0.5254,3,0.3534
1,0.5808,3,0.3697
1,0.6055,2,0.3519
1,0.6679,3,0.3693
1,0.5701,3,0.3545
1,0.6621,2,0.3433
1,0.7077,2,0.3397
1,0.7561,2,0.3984
1,0.6565,2,0.3695
1,0.5736,3,0.3659
1,0.5716,2,0.3501
1,0.6433,2,0.3505
1,0.6582,2,0.3275
1,0.6708,3,0.3799
1,0.5552,2,0.3198
1,0.6232,3,0.387
1,0.5908,2,0.331
1,0.5896,2,0.3419
1,0.6212,2,0.3605
1,0.6934,2,0.3588
1,0.5973,2,0.3663
1,0.7417,3,0.3814
1,0.649,2,0.3618
1,0.5136,3,0.361
1,0.5604,3,0.3705
1,0.5452,3,0.362
1,0.5643,3,0.3937
1,0.536,2,0.3304
0,0.4933,3,0.3537
1,0.6784,2,0.3645
1,0.6116,2,0.3099
1,0.6678,3,0.3839
1,0.5941,2,0.36
1,0.5995,2,0.3584
1,0.6522,3,0.3845
1,0.6815,3,0.3839
1,0.6521,2,0.3564
1,0.6794,3,0.3679
1,0.6048,3,0.3757
1,0.5077,3,0.3544
1,0.5263,3,0.3621
1,0.6201,2,0.3543
1,0.597,2,0.3119
1,0.6413,2,0.3408
1,0.6223,3,0.3559
1,0.5655,2,0.3361
0,0.4858,1,0.3327
1,0.5792,2,0.3546
1,0.6594,2,0.3483
1,0.6224,2,0.3345
1,0.6084,2,0.3604
1,0.5527,2,0.3416
1,0.5463,3,0.3727
1,0.5374,3,0.3573
1,0.5792,2,0.3546
1,0.5593,3,0.3648
1,0.5459,2,0.3416
1,0.6338,3,0.378
1,0.575,2,0.3361
1,0.5545,3,0.3698
1,0.647,2,0.3489
1,0.5994,2,0.3515
1,0.6337,2,0.3741
1,0.6421,2,0.3698
1,0.5552,3,0.3633
1,0.6483,2,0.3292
1,0.6399,2,0.3548
1,0.5458,2,0.3392
1,0.6449,3,0.3601
1,0.559,2,0.3339
1,0.6432,2,0.3545
1,0.5857,2,0.3468
1,0.5277,3,0.356
1,0.6715,2,0.3589
1,0.6367,2,0.3578
1,0.6522,2,0.3482
1,0.6408,2,0.3548
1,0.622,3,0.3848
1,0.5926,2,0.3569
1,0.6167,2,0.3379
1,0.5549,3,0.3619
1,0.5109,2,0.3499
1,0.5987,2,0.3466
1,0.6395,3,0.3699
1,0.6771,2,0.3599
1,0.6855,3,0.3727
1,0.6181,2,0.3664
1,0.7078,3,0.3842
1,0.6136,2,0.342
1,0.5127,3,0.3647
1,0.7313,3,0.378
1,0.6759,3,0.3752
1,0.6594,2,0.3804
1,0.6347,3,0.3801
1,0.5433,2,0.3428
0,0.4905,3,0.3532
1,0.5371,3,0.3504
1,0.6763,2,0.3238
1,0.5536,2,0.3392
1,0.622,3,0.3848
1,0.5871,3,0.375
1,0.5482,3,0.3864
1,0.6767,3,0.388
1,0.526,3,0.3694
1,0.5442,2,0.3339
1,0.5514,3,0.3689
1,0.5023,2,0.2967
1,0.5576,2,0.3443
1,0.5835,2,0.3118
1,0.6005,3,0.3822
1,0.5952,2,0.3226
1,0.6262,3,0.3642
1,0.5336,2,0.349
1,0.6456,3,0.4147
1,0.6558,2,0.3526
1,0.6711,2,0.3176
1,0.6777,2,0.3534
1,0.6062,2,0.3503
1,0.7178,2,0.3662
1,0.6898,3,0.3809
1,0.636,2,0.3552
1,0.5971,2,0.3546
1,0.6884,2,0.3644
1,0.6211,2,0.3662
1,0.6405,2,0.312
1,0.6324,2,0.3583
1,0.6312,2,0.3659
1,0.6299,3,0.3781
1,0.577,3,0.3581
1,0.6432,2,0.3545
1,0.6247,2,0.3347
1,0.6086,3,0.3642
1,0.6165,2,0.3536
1,0.6086,3,0.3614
1,0.7274,2,0.3573
1,0.6152,3,0.4198
1,0.7126,2,0.3546
1,0.6085,2,0.3408
1,0.5109,3,0.3541
1,0.6512,3,0.368
1,0.5792,2,0.3546
1,0.616,2,0.3593
1,0.5968,3,0.355
1,0.5404,2,0.3401
1,0.555,3,0.3737
1,0.6357,3,0.3857
1,0.6796,3,0.386
1,0.5792,2,0.3546
1,0.5393,2,0.3182
1,0.5792,2,0.3546
1,0.6901,2,0.3422
1,0.5309,2,0.3336
1,0.5122,2,0.343
1,0.5379,2,0.356
1,0.6302,2,0.352
1,0.5182,3,0.3743
1,0.6352,2,0.338
1,0.6173,3,0.3924
1,0.6436,2,0.3673
1,0.6499,2,0.3619
1,0.6732,3,0.381
1,0.5792,2,0.3546
1,0.568,2,0.3406
1,0.704,2,0.3397
1,0.6472,2,0.3385
1,0.6281,3,0.3763
1,0.5674,2,0.3608
1,0.6774,2,0.3524
1,0.6392,2,0.3256
1,0.5842,2,0.3481
1,0.6318,2,0.357
1,0.6621,2,0.3639
1,0.5797,1,0.3242
1,0.5747,2,0.3407
1,0.5552,3,0.3776
1,0.5792,3,0.3457
1,0.6064,3,0.3446
1,0.5438,2,0.3063
1,0.5749,2,0.3291
1,0.5792,2,0.3546
1,0.534,3,0.3647
1,0.5792,2,0.3546
1,0.5792,2,0.3546
1,0.6482,2,0.3481
1,0.6221,2,0.369
1,0.5523,2,0.3323
1,0.5677,3,0.3501
1,0.6706,2,0.3516
1,0.5842,2,0.3616
1,0.5792,2,0.3546
1,0.5437,3,0.3461
1,0.5792,2,0.3546
1,0.6012,2,0.3357
1,0.6252,2,0.349
1,0.7208,2,0.364
1,0.5927,3,0.3478
1,0.5666,3,0.3771
1,0.626,3,0.3567
1,0.6234,3,0.3657
1,0.6804,2,0.3459
1,0.5151,3,0.35
1,0.543,3,0.3689
1,0.5945,3,0.3839
0,0.4966,3,0.3427
1,0.623,3,0.3632
1,0.5955,2,0.3318
1,0.7054,3,0.3789
1,0.5209,2,0.3403
1,0.5814,2,0.3372
1,0.6257,3,0.36
1,0.5042,2,0.3434
1,0.6201,2,0.3553
1,0.611,3,0.3934
1,0.6111,2,0.3688
1,0.5799,2,0.3404
1,0.6621,2,0.3639
1,0.6223,2,0.3642
1,0.5456,3,0.3749
1,0.5938,3,0.3572
1,0.5255,2,0.3313
1,0.5417,3,0.3579
1,0.6466,3,0.3578
1,0.7619,2,0.354
1,0.5544,2,0.3483
1,0.5381,2,0.3433
1,0.6159,2,0.3599
1,0.5371,2,0.3345
1,0.6055,3,0.3678
1,0.5309,2,0.3321
1,0.6741,2,0.3471
1,0.6057,2,0.365
1,0.5336,2,0.349
1,0.6621,2,0.3639
1,0.6365,3,0.3728
1,0.5649,3,0.3484
1,0.5832,3,0.3877
1,0.6368,2,0.3526
1,0.5661,3,0.3461
1,0.6694,3,0.3898
1,0.5126,3,0.3422
1,0.5999,3,0.3677
0,0.4832,3,0.3528
1,0.5694,2,0.3404
1,0.5119,3,0.3574
1,0.5481,3,0.3633
1,0.563,2,0.3496
1,0.5362,3,0.3532
1,0.6891,2,0.3753
1,0.5951,3,0.3651
1,0.7068,2,0.3796
1,0.658,2,0.3647
1,0.6267,2,0.3667
1,0.7936,2,0.3685
1,0.6421,2,0.3476
1,0.6275,2,0.357
1,0.6115,2,0.3609
1,0.5636,2,0.3397
1,0.6962,2,0.3798
1,0.6783,2,0.3557
1,0.5806,2,0.3347
1,0.5846,2,0.3455
1,0.6376,3,0.3875
1,0.5089,3,0.3683
1,0.657,2,0.3597
1,0.6421,2,0.3549
1,0.5203,2,0.336
1,0.6636,2,0.3537
1,0.5445,2,0.3569
1,0.6489,2,0.3449
1,0.7219,2,0.3628
1,0.5466,3,0.3799
1,0.5323,3,0.3508
1,0.6532,2,0.3499
1,0.6654,2,0.3422
1,0.6118,3,0.386
1,0.5891,3,0.3756
1,0.5404,3,0.3637
1,0.5369,2,0.3288
1,0.5198,3,0.3651
1,0.6856,3,0.3724
1,0.5426,3,0.3627
1,0.6614,2,0.3673
1,0.6588,2,0.3363
1,0.7069,2,0.3331
1,0.6921,3,0.3723
1,0.5111,2,0.3456
1,0.604,2,0.3498
1,0.5996,3,0.376
1,0.702,2,0.3717
1,0.5,1,0.3336
1,0.5438,3,0.3473
1,0.5634,3,0.3754
1,0.5497,3,0.3735
1,0.5792,2,0.3546
0,0.4796,2,0.3267
1,0.6605,2,0.331
1,0.5675,2,0.3538
1,0.5305,3,0.3609
1,0.5384,3,0.3841
1,0.592,2,0.3599
1,0.6904,2,0.3637
1,0.6383,2,0.3595
0,0.499,2,0.3424
0,0.4983,2,0.3509
1,0.7069,2,0.3331
1,0.5406,2,0.3639
1,0.584,2,0.3433
1,0.6496,3,0.3555
1,0.6722,3,0.3758
1,0.6683,3,0.3922
1,0.61,3,0.388
1,0.5324,2,0.3428
1,0.6419,3,0.4025
1,0.6747,2,0.3245
1,0.637,3,0.3836
1,0.5314,2,0.3354
1,0.6675,2,0.3512
0,0.4922,3,0.3482
1,0.6775,2,0.3532
1,0.5825,3,0.374
1,0.677,3,0.3999
1,0.6105,2,0.3363
1,0.6988,2,0.3562
1,0.5951,2,0.3383
1,0.7406,2,0.3483
1,0.5094,3,0.3469
1,0.604,3,0.3722
1,0.6811,2,0.3646
1,0.5131,3,0.3673
1,0.5044,3,0.3663
1,0.6294,2,0.3603
1,0.5719,2,0.349
1,0.6567,2,0.3713
1,0.6083,3,0.3491
1,0.6169,2,0.3528
1,0.6784,2,0.357
1,0.5682,3,0.3885
1,0.5862,2,0.3676
1,0.5273,2,0.346
1,0.6498,3,0.374
1,0.5834,3,0.3609
1,0.5143,3,0.3638
1,0.5282,3,0.3531
1,0.5165,1,0.3255
1,0.5347,2,0.3465
1,0.5198,2,0.3411
1,0.6133,2,0.3587
1,0.5179,3,0.3604
1,0.712,2,0.3406
1,0.533,3,0.35
1,0.5712,3,0.3588
1,0.5281,2,0.3353
0,0.4804,2,0.3201
0,0.4804,2,0.3201
1,0.6846,2,0.3553
1,0.633,2,0.3318
1,0.627,2,0.3704
1,0.5566,3,0.3789
1,0.7208,2,0.364
1,0.635,2,0.3517
1,0.5812,3,0.3672
1,0.7038,2,0.3604
1,0.5227,2,0.3201
1,0.6025,3,0.3721
1,0.6375,3,0.365
1,0.735,3,0.3846
1,0.6371,3,0.3777
0,0.4917,3,0.3555
1,0.6242,2,0.3602
1,0.7257,3,0.3597
1,0.5356,3,0.345
1,0.5311,1,0.3346
1,0.5855,2,0.358
1,0.6328,2,0.3528
1,0.5932,2,0.3551
1,0.5721,3,0.3727
1,0.6387,2,0.357
1,0.6044,2,0.3364
1,0.7452,2,0.348
1,0.6691,2,0.3523
1,0.7032,2,0.3435
1,0.6799,2,0.3592
1,0.5973,2,0.3547
1,0.5721,2,0.345
1,0.5173,3,0.3647
1,0.7479,3,0.3999
1,0.6332,3,0.3661
1,0.7197,2,0.3642
1,0.5362,2,0.3594
1,0.7205,2,0.3759
1,0.5841,2,0.3406
1,0.5131,3,0.3673
1,0.5422,3,0.3814
1,0.6565,3,0.367
1,0.5484,3,0.3669
1,0.7505,2,0.3497
1,0.6315,2,0.3553
1,0.5693,2,0.3434
1,0.569,3,0.3538
1,0.5351,3,0.3582
1,0.6321,3,0.3697
1,0.6626,2,0.3566
1,0.6432,3,0.373
1,0.6302,2,0.3399
1,0.6715,2,0.3671
1,0.7151,2,0.3792
1,0.5371,3,0.3589
1,0.6497,2,0.3456
1,0.7131,2,0.329
1,0.5624,3,0.3577
1,0.6383,3,0.3888
1,0.6467,2,0.3488
1,0.6028,2,0.3738
1,0.5431,2,0.3285
1,0.5572,3,0.3729
1,0.5238,3,0.36
1,0.5988,2,0.3663
1,0.5984,3,0.4292
1,0.6449,2,0.3485
1,0.6292,3,0.3778
1,0.688,2,0.3605
1,0.6675,2,0.3512
1,0.5792,2,0.3546
1,0.6539,3,0.394
1,0.6636,2,0.3693
1,0.5913,2,0.2991
1,0.58,2,0.3515
1,0.615,3,0.3953
1,0.516,3,0.362
1,0.7025,2,0.3504
1,0.7068,3,0.3816
1,0.6609,2,0.3526
1,0.6549,3,0.375
1,0.678,2,0.3719
1,0.5549,3,0.3619
1,0.64,3,0.3795
1,0.6024,2,0.3577
1,0.57,2,0.3488
1,0.5917,2,0.3539
1,0.6567,3,0.3706
1,0.6243,2,0.3279
1,0.5021,3,0.3575
1,0.5261,3,0.3595
0,0.4921,1,0.3294
1,0.6423,2,0.3499
1,0.6058,3,0.3741
1,0.5057,3,0.3549
1,0.5518,3,0.362
1,0.5781,2,0.3447
1,0.5224,3,0.365
1,0.6455,2,0.3356
0,0.4651,3,0.3663
1,0.6356,3,0.3678
1,0.704,3,0.3795
1,0.6405,2,0.3679
1,0.6302,2,0.352
1,0.5861,3,0.3472
1,0.622,3,0.3915
1,0.5187,2,0.3101
1,0.6477,2,0.3441
1,0.502,2,0.3294
1,0.5635,2,0.351
1,0.5306,3,0.3538
1,0.5083,2,0.3323
1,0.5505,3,0.3623
1,0.5473,3,0.3539
1,0.5255,2,0.3317
1,0.5141,3,0.3486
1,0.6123,2,0.3429
1,0.5799,3,0.3556
1,0.5983,2,0.3523
1,0.7157,2,0.3701
1,0.7149,2,0.3528
1,0.6148,3,0.3785
1,0.5751,2,0.3353
1,0.6238,2,0.3467
1,0.6242,2,0.3635
1,0.6418,2,0.3591
1,0.6981,3,0.3821
1,0.5934,2,0.3633
1,0.5881,2,0.3476
1,0.5068,1,0.3399
1,0.5483,3,0.3617
1,0.6665,3,0.3849
1,0.6929,2,0.3436
1,0.699,2,0.3819
1,0.6905,2,0.3422
1,0.6459,3,0.4183
1,0.6549,3,0.375
1,0.688,3,0.4028
1,0.5666,2,0.3492
1,0.6339,2,0.3606
1,0.6683,2,0.3593
1,0.528,3,0.3681
1,0.628,2,0.3266
1,0.5217,2,0.3553
1,0.5494,3,0.3618
1,0.5352,3,0.3593
1,0.6123,3,0.4442
1,0.5735,2,0.3462
1,0.574,2,0.3407
1,0.529,3,0.3577
1,0.5142,3,0.3533
1,0.5143,2,0.3336
1,0.527,2,0.3469
1,0.5954,3,0.3607
1,0.5915,3,0.3522
1,0.5274,2,0.3413
1,0.556,2,0.3212
1,0.59,3,0.3769
1,0.6118,3,0.3815
1,0.5325,3,0.3882
1,0.5271,3,0.3529
1,0.5414,2,0.3349
1,0.5589,2,0.3414
1,0.6684,2,0.3634
1,0.6277,2,0.3736
1,0.585,2,0.374
1,0.6873,3,0.3907
1,0.7024,2,0.3546
1,0.5213,2,0.3327
1,0.5339,3,0.3628
1,0.5789,3,0.3694
1,0.5053,3,0.3525
1,0.5253,3,0.3726
1,0.5238,3,0.3473
1,0.5589,2,0.3414
1,0.5045,3,0.3571
1,0.7073,3,0.3976
1,0.5879,3,0.3647
1,0.65,3,0.3541
1,0.5611,3,0.3727
1,0.5217,2,0.3256
1,0.7149,2,0.3757
1,0.5941,2,0.3506
1,0.5143,2,0.3459
1,0.582,3,0.38
1,0.6207,3,0.3645
1,0.5803,2,0.35
1,0.6839,2,0.3628
1,0.5259,3,0.3688
1,0.6439,3,0.3981
1,0.5232,3,0.3547
0,0.4911,2,0.3379
1,0.5762,3,0.3853
1,0.5095,3,0.3625
1,0.6932,3,0.3663
1,0.7188,2,0.3713
1,0.6112,2,0.3554
1,0.5756,3,0.3778
1,0.7266,2,0.3662
1,0.5475,2,0.3369
1,0.5232,3,0.3612
1,0.5783,2,0.3435
1,0.5359,3,0.3549
1,0.6382,2,0.3448
1,0.5714,3,0.3659
1,0.661,2,0.3673
1,0.6083,2,0.3362
1,0.7593,2,0.3678
1,0.5522,3,0.3743
1,0.714,3,0.375
1,0.6222,2,0.3832
1,0.5293,3,0.3526
1,0.6876,2,0.3595
1,0.5792,2,0.3546
1,0.6555,2,0.3549
1,0.5459,2,0.353
1,0.6406,3,0.363
1,0.6614,2,0.3221
1,0.5965,3,0.381
1,0.5792,2,0.3546
1,0.5792,2,0.3546
1,0.5523,3,0.3811
1,0.5792,2,0.3546
1,0.5792,2,0.3546
1,0.5879,3,0.3647
1,0.5792,2,0.3546
1,0.5792,2,0.3546
1,0.5792,2,0.3546
0,0.4707,3,0.3455
1,0.5792,2,0.3546
1,0.5792,2,0.3546
1,0.5792,2,0.3546
1,0.5549,3,0.3619
1,0.5792,2,0.3546
1,0.5792,2,0.3546
1,0.5792,2,0.3546
1,0.5792,2,0.3546
1,0.5792,2,0.3546
1,0.5664,2,0.3554
1,0.7076,3,0.3994
1,0.5445,3,0.344
1,0.6017,2,0.3426
1,0.516,2,0.3237
1,0.6776,3,0.3999
1,0.658,2,0.3406
1,0.5627,2,0.3288
1,0.5504,2,0.3587
1,0.6874,2,0.3795
1,0.6383,2,0.3471
1,0.6341,2,0.3405
1,0.6284,2,0.3611
1,0.5908,3,0.4073
1,0.6589,3,0.3795
1,0.6806,2,0.3487
1,0.57,2,0.3322
1,0.5934,2,0.3364
1,0.6063,3,0.3734
1,0.5284,3,0.3431
1,0.6217,2,0.3383
1,0.5096,3,0.3587
1,0.6203,2,0.344
1,0.5618,3,0.3522
1,0.6772,2,0.3407
1,0.6021,3,0.3752
1,0.5175,3,0.3492
1,0.5829,2,0.3153
1,0.6496,3,0.386
1,0.6757,2,0.3571
1,0.5242,2,0.3376
1,0.5967,2,0.3457
1,0.5468,3,0.3487
1,0.653,2,0.3429
1,0.6219,2,0.3404
1,0.5711,2,0.3232
1,0.7708,2,0.3766
1,0.7041,2,0.3698
0,0.4953,2,0.3332
1,0.6404,2,0.3503
1,0.6462,2,0.3483
1,0.5347,3,0.3705
1,0.669,2,0.3486
1,0.6669,2,0.3648
1,0.7235,2,0.345
1,0.6598,2,0.3366
1,0.5951,3,0.3651
1,0.5296,2,0.3506
1,0.5336,3,0.3607
1,0.6311,3,0.3991
1,0.6558,3,0.3573
1,0.6718,2,0.3428
1,0.5908,3,0.3953
1,0.614,2,0.3397
1,0.5882,2,0.3636
1,0.5442,2,0.3379
1,0.5855,2,0.3366
1,0.5713,3,0.3601
1,0.5225,3,0.3406
1,0.5226,3,0.349
1,0.6935,2,0.3677
1,0.678,2,0.373
1,0.6605,2,0.3381
1,0.5312,3,0.3524
1,0.5951,3,0.3651
1,0.653,2,0.3429
1,0.5408,3,0.3707
1,0.6528,2,0.3634
1,0.5384,2,0.3483
1,0.6446,2,0.3545
1,0.6319,2,0.3568
1,0.638,2,0.3527
1,0.567,3,0.3808
1,0.5366,2,0.3277
1,0.6115,2,0.3609
1,0.597,3,0.3937
1,0.5375,3,0.3921
1,0.5364,2,0.3492
1,0.5474,3,0.3822
1,0.6664,2,0.3541
1,0.6215,3,0.3609
1,0.5983,2,0.3523
1,0.7535,3,0.3934
1,0.6137,2,0.3289
1,0.5487,2,0.3611
1,0.5396,3,0.3795
1,0.7422,2,0.3743
1,0.6848,3,0.3797
1,0.6503,2,0.3557
1,0.6904,2,0.3637
1,0.6731,2,0.3615
1,0.583,2,0.342
1,0.5751,3,0.3514
1,0.6567,3,0.3732
1,0.5615,2,0.3364
1,0.5199,3,0.3543
1,0.6983,2,0.3649
1,0.654,2,0.3597
1,0.5219,2,0.3496
1,0.5643,3,0.3704
1,0.6775,3,0.371
1,0.5205,3,0.3668
0,0.4829,2,0.334
1,0.6709,2,0.3269
1,0.6817,2,0.3554
1,0.6486,3,0.3902
1,0.5373,3,0.355
1,0.706,2,0.3879
1,0.6773,2,0.3433
1,0.5846,3,0.3638
1,0.5792,2,0.3546
1,0.578,2,0.3825
1,0.5521,2,0.3357
1,0.5045,3,0.3571
1,0.674,2,0.35
1,0.5247,2,0.3424
1,0.559,3,0.3829
1,0.5307,3,0.3479
1,0.5245,2,0.3394
1,0.5222,3,0.3524
1,0.5482,3,0.3652
1,0.6018,3,0.3799
1,0.5375,3,0.3921
1,0.7117,2,0.3487
1,0.604,2,0.3428
1,0.6285,2,0.3332
1,0.7349,2,0.3701
1,0.6875,2,0.3662
1,0.6386,2,0.3605
1,0.691,2,0.364
1,0.6065,3,0.3924
1,0.6343,2,0.3405
1,0.6876,3,0.4164
1,0.5375,3,0.3921
1,0.6939,2,0.3541
1,0.5866,2,0.3672
1,0.506,2,0.3292
1,0.5763,2,0.347
1,0.6267,2,0.345
1,0.6289,2,0.3537
1,0.6742,3,0.3813
1,0.604,2,0.3428
1,0.6514,2,0.3393
1,0.6343,3,0.3902
1,0.7058,2,0.3551
1,0.6849,2,0.3763
1,0.6249,2,0.3573
1,0.6025,2,0.3529
1,0.6455,3,0.3649
1,0.5614,3,0.3469
1,0.635,2,0.355
1,0.7038,2,0.3797
1,0.6157,3,0.3858
1,0.7034,2,0.3638
1,0.6687,2,0.3668
1,0.5029,2,0.3536
1,0.6078,3,0.3776
1,0.6855,3,0.4239
0,0.4977,3,0.3598
1,0.6919,2,0.3643
1,0.7773,2,0.3736
1,0.5915,3,0.3522
1,0.5895,3,0.3829
1,0.6569,2,0.3416
1,0.5427,3,0.3575
1,0.5674,2,0.3546
1,0.5716,3,0.3512
1,0.5257,3,0.3746
1,0.6157,3,0.3858
1,0.5454,2,0.3557
1,0.561,3,0.3682
1,0.6195,3,0.3549
1,0.5716,3,0.3512
1,0.6441,2,0.3613
1,0.5454,2,0.3557
1,0.6491,2,0.3579
1,0.5029,2,0.3536
1,0.5704,2,0.3336
1,0.6758,2,0.3493
1,0.5233,3,0.3703
1,0.6412,2,0.3531
1,0.6845,3,0.3785
1,0.6719,2,0.3727
1,0.6369,3,0.3691
1,0.5917,3,0.3641
1,0.538,2,0.3497
1,0.5624,2,0.3553
1,0.5716,3,0.3512
1,0.5257,3,0.3746
1,0.6938,2,0.3773
1,0.5683,2,0.3198
1,0.7013,2,0.3263
1,0.6195,3,0.3549
1,0.6919,2,0.3643
1,0.5422,3,0.343
1,0.5422,3,0.343
1,0.6403,2,0.345
1,0.5054,2,0.3574
1,0.5958,3,0.3677
1,0.6055,3,0.3723
1,0.7583,3,0.3971
1,0.7206,2,0.3525
1,0.61,3,0.3564
1,0.5507,2,0.3193
1,0.5044,2,0.3331
1,0.6032,2,0.3165
1,0.639,3,0.3881
1,0.543,3,0.3556
1,0.5206,1,0.3375
1,0.6292,2,0.3667
1,0.7409,2,0.3575
1,0.6768,2,0.3921
1,0.5017,2,0.3339
1,0.5901,3,0.3602
1,0.5205,2,0.3574
1,0.5372,1,0.3353
1,0.7474,2,0.3653
1,0.6846,3,0.3967
1,0.5135,3,0.3565
