city,osm_id,landuse_type,name,lat,lon,scraped_at
Tunis,26232233,industrial,,36.7850857,10.2719361,2026-02-15T13:37:13.686640
Tunis,26232654,residential,,36.793356,10.2756465,2026-02-15T13:37:13.686640
Tunis,26232751,industrial,,36.8015217,10.2719736,2026-02-15T13:37:13.686640
Tunis,26235869,industrial,,36.7298196,10.2207588,2026-02-15T13:37:13.686640
Tunis,26235900,industrial,منطقة صناعية بئر القصعة,36.7363756,10.225564,2026-02-15T13:37:13.686640
Tunis,26278247,cemetery,مقبرة الجلاز,36.7849032,10.1855257,2026-02-15T13:37:13.686640
Tunis,26300593,village_green,,36.8379085,10.2467286,2026-02-15T13:37:13.686640
Tunis,32900382,cemetery,مقبرة سيدي عسيلة,36.8157382,10.1424951,2026-02-15T13:37:13.686640
Tunis,34613562,forest,,36.8318442,10.1423294,2026-02-15T13:37:13.686640
Tunis,43323042,cemetery,Sidi jbeli,36.8605269,10.1849903,2026-02-15T13:37:13.686640
Tunis,48058579,village_green,,36.8299941,10.1576135,2026-02-15T13:37:13.686640
Tunis,48058580,grass,,36.8294721,10.1564796,2026-02-15T13:37:13.686640
Tunis,48253660,brownfield,,36.8680236,10.181551,2026-02-15T13:37:13.686640
Tunis,48416786,commercial,مؤسسة الإذاعة والتلفزة التونسية,36.8284757,10.1582923,2026-02-15T13:37:13.686640
Tunis,48720348,industrial,قطب الغزالة لتكنولوجيات الإتصال,36.8934747,10.1908901,2026-02-15T13:37:13.686640
Tunis,83717095,village_green,المسلك الصحي,36.8488972,10.1617924,2026-02-15T13:37:13.686640
Tunis,89811817,cemetery,المقبرة اليهودية,36.8235664,10.1895658,2026-02-15T13:37:13.686640
Tunis,93164229,residential,,36.7912948,10.2733262,2026-02-15T13:37:13.686640
Tunis,93164375,greenfield,المنطقة الصناعية في حلق الوادي,36.8151943,10.2842125,2026-02-15T13:37:13.686640
Tunis,93164381,construction,,36.8130493,10.2897602,2026-02-15T13:37:13.686640
Tunis,93164434,construction,المدينة الرياضية بتونس,36.8358833,10.295784,2026-02-15T13:37:13.686640
Tunis,93164455,industrial,محطة كهرباء حلق الوادي,36.8156514,10.2885711,2026-02-15T13:37:13.686640
Tunis,93164492,greenfield,,36.8151606,10.2915842,2026-02-15T13:37:13.687632
Tunis,93164500,residential,حلق الوادي,36.816131,10.2965198,2026-02-15T13:37:13.687632
Tunis,93164521,industrial,,36.7904046,10.2747022,2026-02-15T13:37:13.687632
Tunis,93164715,railway,,36.7999772,10.19862,2026-02-15T13:37:13.687632
Tunis,93164878,greenfield,,36.8222788,10.2982058,2026-02-15T13:37:13.687632
Tunis,93164934,industrial,,36.7922253,10.2748299,2026-02-15T13:37:13.687632
Tunis,93164977,industrial,المنطقة الصناعية في حلق الوادي,36.8173533,10.2919097,2026-02-15T13:37:13.687632
Tunis,93263158,grass,,36.8009946,10.1926985,2026-02-15T13:37:13.687632
Tunis,93263389,industrial,,36.8001319,10.2824996,2026-02-15T13:37:13.687632
Tunis,93263540,industrial,,36.8017028,10.1897317,2026-02-15T13:37:13.687632
Tunis,93264258,railway,تونس حلق الوادي المرسى,36.8017021,10.1912908,2026-02-15T13:37:13.687632
Tunis,93264275,industrial,,36.799662,10.1919456,2026-02-15T13:37:13.687632
Tunis,93264466,industrial,,36.8025264,10.2925986,2026-02-15T13:37:13.687632
Tunis,93352256,village_green,,36.845917,10.2759156,2026-02-15T13:37:13.687632
Tunis,93352327,village_green,,36.8451534,10.2794645,2026-02-15T13:37:13.687632
Tunis,93697988,brownfield,,36.8405119,10.2581511,2026-02-15T13:37:13.687632
Tunis,93721705,brownfield,,36.8571268,10.2733311,2026-02-15T13:37:13.687632
Tunis,93721713,residential,,36.8471092,10.2573222,2026-02-15T13:37:13.687632
Tunis,94280042,residential,المروج 2,36.7419263,10.1978772,2026-02-15T13:37:13.687632
Tunis,94346248,brownfield,,36.8023277,10.200539,2026-02-15T13:37:13.687632
Tunis,94346305,brownfield,,36.8087314,10.194833,2026-02-15T13:37:13.687632
Tunis,94346660,brownfield,,36.8255447,10.2035049,2026-02-15T13:37:13.687632
Tunis,94346674,commercial,عمارة الوطن,36.80317,10.1872231,2026-02-15T13:37:13.687632
Tunis,94512478,industrial,,36.8345318,10.2220702,2026-02-15T13:37:13.687632
Tunis,94512510,industrial,,36.8664117,10.1983803,2026-02-15T13:37:13.687632
Tunis,94512623,industrial,,36.8864587,10.1686589,2026-02-15T13:37:13.687632
Tunis,94666242,industrial,,36.8587176,10.2204925,2026-02-15T13:37:13.687632
Tunis,94703229,grass,,36.8396579,10.2367703,2026-02-15T13:37:13.687632
Tunis,94703266,residential,,36.8389822,10.2333976,2026-02-15T13:37:13.687632
Tunis,94703281,grass,,36.8412227,10.237411,2026-02-15T13:37:13.687632
Tunis,94703315,grass,,36.8407168,10.2320053,2026-02-15T13:37:13.687632
Tunis,94703337,grass,,36.8397528,10.2372778,2026-02-15T13:37:13.687632
Tunis,94703338,village_green,,36.8429383,10.2342338,2026-02-15T13:37:13.687632
Tunis,94703394,construction,,36.8416451,10.2351184,2026-02-15T13:37:13.687632
Tunis,94703403,grass,الحرس الوطني,36.8411102,10.2361104,2026-02-15T13:37:13.687632
Tunis,94703405,grass,,36.8382889,10.2282309,2026-02-15T13:37:13.687632
Tunis,94703429,grass,,36.8427522,10.23519,2026-02-15T13:37:13.687632
Tunis,94703435,grass,,36.8406093,10.2344545,2026-02-15T13:37:13.687632
Tunis,94727988,construction,المدينة الرياضية بتونس,36.8474936,10.2899847,2026-02-15T13:37:13.687632
Tunis,95130045,commercial,الأرشيف الوطني التونسي,36.7997795,10.1645253,2026-02-15T13:37:13.687632
Tunis,95144017,cemetery,مقبرة حي الشباب,36.8376402,10.0914026,2026-02-15T13:37:13.687632
Tunis,95204101,cemetery,مقبرة باردو,36.8098082,10.1251765,2026-02-15T13:37:13.687632
Tunis,95204356,industrial,أسمنت,36.7776333,10.2022065,2026-02-15T13:37:13.687632
Tunis,95528571,forest,,36.7494457,10.2130174,2026-02-15T13:37:13.687632
Tunis,95528586,cemetery,,36.7447159,10.2290766,2026-02-15T13:37:13.687632
Tunis,95528587,depot,مستودع بئر القصعة نقل تونس,36.7249928,10.2201337,2026-02-15T13:37:13.687632
Tunis,95528607,cemetery,,36.7507361,10.2138222,2026-02-15T13:37:13.687632
Tunis,98065265,farmland,,36.8678352,10.2493076,2026-02-15T13:37:13.687632
Tunis,98065313,farmland,,36.8646616,10.2478195,2026-02-15T13:37:13.687632
Tunis,98065389,basin,,36.8665083,10.2467286,2026-02-15T13:37:13.687632
Tunis,98065399,farmland,,36.858756,10.2494253,2026-02-15T13:37:13.687632
Tunis,98065409,military,القاعدة الجوية العسكرية العوينة,36.8502129,10.2517826,2026-02-15T13:37:13.687632
Tunis,98065421,farmland,,36.8570135,10.2444529,2026-02-15T13:37:13.687632
Tunis,98065452,grass,,36.8544225,10.2513667,2026-02-15T13:37:13.687632
Tunis,99018929,construction,مستودع شركة نقل تونس باب سعدون,36.8104366,10.1609821,2026-02-15T13:37:13.687632
Tunis,100081020,grass,,36.7985669,10.1790792,2026-02-15T13:37:13.687632
Tunis,100081060,village_green,,36.7998082,10.1854538,2026-02-15T13:37:13.687632
Tunis,100081127,village_green,,36.7983724,10.1789597,2026-02-15T13:37:13.687632
Tunis,100081145,commercial,,36.7994169,10.1858268,2026-02-15T13:37:13.687632
Tunis,100081161,village_green,,36.7990653,10.1873186,2026-02-15T13:37:13.687632
Tunis,100081169,brownfield,,36.7990147,10.1766506,2026-02-15T13:37:13.687632
Tunis,100088134,residential,,36.7044639,10.1616319,2026-02-15T13:37:13.687632
Tunis,100202811,residential,,36.8015473,10.1876691,2026-02-15T13:37:13.687632
Tunis,100202907,grass,,36.8036339,10.1855848,2026-02-15T13:37:13.687632
Tunis,100202937,commercial,,36.8012045,10.1849568,2026-02-15T13:37:13.687632
Tunis,100202943,commercial,,36.8059862,10.1838437,2026-02-15T13:37:13.687632
Tunis,100203019,brownfield,,36.8019528,10.184455,2026-02-15T13:37:13.687632
Tunis,100203049,brownfield,,36.8023131,10.184049,2026-02-15T13:37:13.687632
Tunis,100203090,brownfield,,36.8023088,10.1834039,2026-02-15T13:37:13.687632
Tunis,100218820,industrial,,36.8102921,10.1841605,2026-02-15T13:37:13.687632
Tunis,100218826,industrial,,36.806872,10.1846881,2026-02-15T13:37:13.687632
Tunis,100219306,industrial,,36.8105931,10.1841111,2026-02-15T13:37:13.687632
Tunis,100219307,commercial,,36.8120992,10.1839306,2026-02-15T13:37:13.687632
Tunis,100254300,grass,المسلك الصحي,36.8217673,10.1357518,2026-02-15T13:37:13.687632
Tunis,100421087,grass,,36.7991173,10.1629878,2026-02-15T13:37:13.687632
Tunis,100726891,greenfield,,36.8630718,10.2591358,2026-02-15T13:37:13.687632
Tunis,100726911,cemetery,مقبرة العوينة,36.8589539,10.2548925,2026-02-15T13:37:13.687632
Tunis,100726924,greenfield,,36.8678592,10.2616423,2026-02-15T13:37:13.687632
Tunis,100726943,industrial,,36.8657189,10.255421,2026-02-15T13:37:13.687632
Tunis,100726974,retail,,36.8626403,10.2677012,2026-02-15T13:37:13.687632
Tunis,100727001,farmyard,,36.8645112,10.2582463,2026-02-15T13:37:13.687632
Tunis,100727023,farmland,,36.8659345,10.2635455,2026-02-15T13:37:13.687632
Tunis,100727059,greenfield,,36.8674201,10.2594613,2026-02-15T13:37:13.687632
Tunis,100727090,residential,,36.8629453,10.2566195,2026-02-15T13:37:13.687632
Tunis,100727134,residential,,36.8655975,10.259569,2026-02-15T13:37:13.687632
Tunis,100727175,farmyard,,36.866395,10.2647818,2026-02-15T13:37:13.687632
Tunis,100727184,industrial,,36.8655792,10.2586797,2026-02-15T13:37:13.687632
Tunis,100727195,residential,,36.8643628,10.2541739,2026-02-15T13:37:13.687632
Tunis,101011892,commercial,,36.8311284,10.2226978,2026-02-15T13:37:13.687632
Tunis,101011951,construction,,36.8177223,10.2926851,2026-02-15T13:37:13.687632
Tunis,101114694,commercial,Mayhana,36.8344461,10.223498,2026-02-15T13:37:13.687632
Tunis,101114705,village_green,,36.8373183,10.2315805,2026-02-15T13:37:13.687632
Tunis,101114746,commercial,,36.8331169,10.2247858,2026-02-15T13:37:13.687632
Tunis,101114748,greenfield,,36.8359797,10.227626,2026-02-15T13:37:13.687632
Tunis,101114783,commercial,,36.8327601,10.2228778,2026-02-15T13:37:13.687632
Tunis,101114822,commercial,,36.8306794,10.2197048,2026-02-15T13:37:13.687632
Tunis,101114869,commercial,,36.8355713,10.2270419,2026-02-15T13:37:13.687632
Tunis,101114909,village_green,,36.8338651,10.2216634,2026-02-15T13:37:13.687632
Tunis,101114944,greenfield,,36.8330218,10.2239479,2026-02-15T13:37:13.687632
Tunis,101114951,brownfield,,36.832624,10.2176628,2026-02-15T13:37:13.687632
Tunis,101114953,village_green,,36.8296686,10.2181294,2026-02-15T13:37:13.687632
Tunis,101115028,commercial,,36.8309744,10.2210958,2026-02-15T13:37:13.687632
Tunis,101115034,greenfield,,36.8308358,10.2203314,2026-02-15T13:37:13.687632
Tunis,101115048,residential,,36.8329037,10.2202303,2026-02-15T13:37:13.687632
Tunis,101115052,brownfield,,36.8353697,10.225052,2026-02-15T13:37:13.687632
Tunis,101115057,brownfield,,36.8305249,10.2186217,2026-02-15T13:37:13.687632
Tunis,101115071,greenfield,,36.8315292,10.2203393,2026-02-15T13:37:13.687632
Tunis,101115085,commercial,,36.831237,10.2184558,2026-02-15T13:37:13.687632
Tunis,101115166,grass,,36.83092,10.2226952,2026-02-15T13:37:13.687632
Tunis,101115204,greenfield,,36.833206,10.2195743,2026-02-15T13:37:13.687632
Tunis,101548946,residential,,36.832003,10.2287291,2026-02-15T13:37:13.687632
Tunis,101548979,greenfield,,36.8337718,10.2279328,2026-02-15T13:37:13.687632
Tunis,101548988,residential,,36.8327446,10.228395,2026-02-15T13:37:13.687632
Tunis,101549000,residential,,36.8317615,10.2288367,2026-02-15T13:37:13.687632
Tunis,101549005,residential,,36.8310245,10.2291746,2026-02-15T13:37:13.687632
Tunis,101549034,residential,,36.831513,10.2289506,2026-02-15T13:37:13.687632
Tunis,101549040,grass,,36.8306125,10.2260345,2026-02-15T13:37:13.687632
Tunis,101549044,residential,,36.832971,10.2282982,2026-02-15T13:37:13.687632
Tunis,101549067,grass,,36.8304518,10.2264807,2026-02-15T13:37:13.687632
Tunis,101549078,residential,,36.8312679,10.2290638,2026-02-15T13:37:13.687632
Tunis,101839600,brownfield,,36.8311001,10.2303886,2026-02-15T13:37:13.687632
Tunis,101839610,residential,,36.8322663,10.2298645,2026-02-15T13:37:13.687632
Tunis,101839613,residential,,36.8326569,10.2292108,2026-02-15T13:37:13.687632
Tunis,101839616,residential,,36.8336178,10.228586,2026-02-15T13:37:13.687632
Tunis,101839645,construction,,36.8318907,10.2298046,2026-02-15T13:37:13.687632
Tunis,101839665,residential,,36.8333422,10.2296973,2026-02-15T13:37:13.687632
Tunis,101839674,residential,,36.8333965,10.2286841,2026-02-15T13:37:13.687632
Tunis,101839677,residential,,36.8331703,10.2291209,2026-02-15T13:37:13.687632
Tunis,101839680,greenfield,,36.8316707,10.2323193,2026-02-15T13:37:13.687632
Tunis,101839682,brownfield,,36.8309039,10.2307803,2026-02-15T13:37:13.687632
Tunis,101839697,commercial,,36.831482,10.2303485,2026-02-15T13:37:13.687632
Tunis,101839701,residential,,36.8305682,10.2300978,2026-02-15T13:37:13.687632
Tunis,101839715,greenfield,,36.8323881,10.229166,2026-02-15T13:37:13.687632
Tunis,101839721,residential,,36.8339761,10.2287028,2026-02-15T13:37:13.687632
Tunis,101839747,residential,,36.832472,10.2294474,2026-02-15T13:37:13.687632
Tunis,101839755,residential,,36.8330737,10.2296497,2026-02-15T13:37:13.687632
Tunis,101839764,residential,,36.8335978,10.2289008,2026-02-15T13:37:13.687632
Tunis,101839769,residential,,36.8332604,10.2294228,2026-02-15T13:37:13.687632
Tunis,101839770,residential,,36.8307062,10.230568,2026-02-15T13:37:13.687632
Tunis,101839787,residential,,36.8314624,10.2297372,2026-02-15T13:37:13.687632
Tunis,101839811,residential,,36.8341248,10.2284336,2026-02-15T13:37:13.687632
Tunis,101839826,residential,,36.8338174,10.2292072,2026-02-15T13:37:13.687632
Tunis,101839970,residential,,36.8321787,10.229555,2026-02-15T13:37:13.687632
Tunis,101840087,residential,,36.8326423,10.2300184,2026-02-15T13:37:13.687632
Tunis,101840095,construction,,36.8307536,10.2325451,2026-02-15T13:37:13.687632
Tunis,101840207,residential,,36.8328227,10.2297666,2026-02-15T13:37:13.687632
Tunis,101840240,residential,,36.8335621,10.2292615,2026-02-15T13:37:13.687632
Tunis,101840283,residential,,36.833937,10.228858,2026-02-15T13:37:13.687632
Tunis,101840290,residential,,36.8321014,10.2292815,2026-02-15T13:37:13.687632
Tunis,101840331,residential,,36.8323439,10.2301388,2026-02-15T13:37:13.687632
Tunis,101840336,residential,,36.8325605,10.2297439,2026-02-15T13:37:13.687632
Tunis,101840337,residential,,36.8338606,10.2284783,2026-02-15T13:37:13.687632
Tunis,101840344,residential,,36.8330864,10.2288395,2026-02-15T13:37:13.687632
Tunis,101840350,residential,,36.8306893,10.2308787,2026-02-15T13:37:13.687632
Tunis,101840360,residential,,36.8329079,10.2290939,2026-02-15T13:37:13.687632
Tunis,101840375,commercial,,36.8301493,10.2324767,2026-02-15T13:37:13.687632
Tunis,101840403,residential,,36.8336878,10.2295951,2026-02-15T13:37:13.687632
Tunis,101948095,cemetery,مقبرة سيدي يحي,36.8164118,10.1573354,2026-02-15T13:37:13.687632
Tunis,101962528,residential,,36.8324894,10.2285038,2026-02-15T13:37:13.687632
Tunis,101962534,residential,,36.8322429,10.2286174,2026-02-15T13:37:13.687632
Tunis,102150916,industrial,SONEDE,36.8380082,10.1503279,2026-02-15T13:37:13.687632
Tunis,102355433,farmland,السانية,36.7934822,10.1372282,2026-02-15T13:37:13.687632
Tunis,102634546,residential,,36.8321978,10.1953086,2026-02-15T13:37:13.687632
Tunis,102634694,depot,مستودع الحافلات الشرقية,36.840372,10.2036614,2026-02-15T13:37:13.687632
Tunis,102779319,commercial,,36.836652,10.1583612,2026-02-15T13:37:13.687632
Tunis,102779322,commercial,,36.8368144,10.159617,2026-02-15T13:37:13.687632
Tunis,102880759,industrial,Station d'épuration de Radès,36.7420985,10.2646159,2026-02-15T13:37:13.687632
Tunis,102892852,industrial,محطات معالجة مياه الصرف,36.8405748,10.209888,2026-02-15T13:37:13.687632
Tunis,103202722,greenfield,,36.8350645,10.2278546,2026-02-15T13:37:13.687632
Tunis,103202723,residential,,36.8347423,10.2297381,2026-02-15T13:37:13.687632
Tunis,103202724,commercial,,36.8350613,10.2286345,2026-02-15T13:37:13.687632
Tunis,103202727,brownfield,,36.8352547,10.2285397,2026-02-15T13:37:13.687632
Tunis,103202734,residential,,36.8354172,10.2277212,2026-02-15T13:37:13.687632
Tunis,103202738,residential,,36.8344275,10.2295437,2026-02-15T13:37:13.687632
Tunis,103202747,commercial,,36.8353982,10.2294338,2026-02-15T13:37:13.687632
Tunis,103202770,brownfield,,36.8353214,10.2291618,2026-02-15T13:37:13.687632
Tunis,103202776,residential,,36.8349185,10.2282229,2026-02-15T13:37:13.687632
Tunis,103202779,commercial,,36.8358418,10.2292337,2026-02-15T13:37:13.687632
Tunis,103202795,residential,,36.8353873,10.2280276,2026-02-15T13:37:13.687632
Tunis,103202798,commercial,,36.8352348,10.2288564,2026-02-15T13:37:13.687632
Tunis,103202804,brownfield,,36.8357646,10.2289658,2026-02-15T13:37:13.687632
Tunis,103202805,greenfield,,36.8350466,10.2302098,2026-02-15T13:37:13.687632
Tunis,103202809,residential,,36.8347865,10.2290503,2026-02-15T13:37:13.687632
Tunis,103202817,residential,,36.8352049,10.2275718,2026-02-15T13:37:13.687632
Tunis,103202843,residential,,36.8345782,10.2291312,2026-02-15T13:37:13.687632
Tunis,103202845,residential,,36.8342947,10.229921,2026-02-15T13:37:13.687632
Tunis,103202860,greenfield,,36.8346807,10.2308908,2026-02-15T13:37:13.687632
Tunis,103202862,greenfield,,36.8351427,10.2281383,2026-02-15T13:37:13.687632
Tunis,103202863,greenfield,,36.8347545,10.2294113,2026-02-15T13:37:13.687632
Tunis,103202873,residential,,36.8347124,10.2287518,2026-02-15T13:37:13.687632
Tunis,103202875,brownfield,,36.8358779,10.2296788,2026-02-15T13:37:13.687632
Tunis,103202878,greenfield,,36.8349596,10.2296387,2026-02-15T13:37:13.687632
Tunis,103202886,residential,,36.8356102,10.2279268,2026-02-15T13:37:13.687632
Tunis,103202888,residential,,36.8345055,10.2298462,2026-02-15T13:37:13.687632
Tunis,103202893,brownfield,,36.8356001,10.2283859,2026-02-15T13:37:13.687632
Tunis,103202895,greenfield,,36.8351387,10.2307179,2026-02-15T13:37:13.687632
Tunis,103237746,industrial,المنطقة الصناعية المغيرة,36.7161095,10.1752889,2026-02-15T13:37:13.687632
Tunis,103332053,grass,,36.8307995,10.2269379,2026-02-15T13:37:13.687632
Tunis,103332075,grass,,36.8302897,10.2268895,2026-02-15T13:37:13.687632
Tunis,103363775,greenfield,,36.8504411,10.1442018,2026-02-15T13:37:13.687632
Tunis,103363781,brownfield,,36.8512293,10.1458594,2026-02-15T13:37:13.687632
Tunis,103363802,greenfield,,36.8494462,10.1442467,2026-02-15T13:37:13.687632
Tunis,103399514,industrial,الوكالة الوطنية للتبغ والوقيد,36.7799865,10.1803158,2026-02-15T13:37:13.687632
Tunis,103399528,industrial,,36.7793194,10.1779393,2026-02-15T13:37:13.687632
Tunis,103399731,industrial,,36.7830487,10.1795616,2026-02-15T13:37:13.687632
Tunis,103441873,brownfield,,36.7830082,10.2770743,2026-02-15T13:37:13.687632
Tunis,103441880,farmland,,36.7894498,10.2767866,2026-02-15T13:37:13.687632
Tunis,103441905,greenfield,,36.7824679,10.2811309,2026-02-15T13:37:13.687632
Tunis,103441937,industrial,,36.7933807,10.2802043,2026-02-15T13:37:13.687632
Tunis,103441974,greenfield,,36.7831515,10.2806653,2026-02-15T13:37:13.687632
Tunis,103442014,industrial,,36.7822161,10.2744411,2026-02-15T13:37:13.687632
Tunis,103442031,farmyard,,36.7901775,10.2767281,2026-02-15T13:37:13.687632
Tunis,103442067,residential,,36.7912484,10.279185,2026-02-15T13:37:13.687632
Tunis,103442071,greenfield,,36.7879595,10.278085,2026-02-15T13:37:13.687632
Tunis,103442074,greenfield,,36.7832734,10.2785859,2026-02-15T13:37:13.687632
Tunis,103442077,greenfield,,36.7911985,10.2774892,2026-02-15T13:37:13.687632
Tunis,103473740,meadow,,36.770261,10.2845802,2026-02-15T13:37:13.687632
Tunis,103473884,landfill,,36.7684199,10.2827525,2026-02-15T13:37:13.687632
Tunis,103473934,greenfield,,36.7819218,10.2762278,2026-02-15T13:37:13.687632
Tunis,103474036,meadow,,36.7866898,10.2841865,2026-02-15T13:37:13.687632
Tunis,103485269,grass,,36.7486027,10.2678895,2026-02-15T13:37:13.687632
Tunis,103485286,grass,,36.7478556,10.2656902,2026-02-15T13:37:13.687632
Tunis,103502992,greenfield,,36.7899676,10.2734861,2026-02-15T13:37:13.687632
Tunis,103510228,brownfield,,36.7680116,10.2614861,2026-02-15T13:37:13.687632
Tunis,103510248,brownfield,,36.7679598,10.261844,2026-02-15T13:37:13.687632
Tunis,103510278,industrial,,36.7684298,10.266953,2026-02-15T13:37:13.687632
Tunis,103510293,brownfield,,36.7937207,10.285415,2026-02-15T13:37:13.687632
Tunis,103510322,brownfield,,36.7708664,10.2665737,2026-02-15T13:37:13.687632
Tunis,103526757,cemetery,,36.7578196,10.2740281,2026-02-15T13:37:13.687632
Tunis,103526817,cemetery,,36.7598383,10.2766404,2026-02-15T13:37:13.687632
Tunis,103534498,brownfield,,36.7661427,10.2817932,2026-02-15T13:37:13.687632
Tunis,103534504,brownfield,,36.7684274,10.281426,2026-02-15T13:37:13.687632
Tunis,103565487,residential,,36.7640713,10.2478058,2026-02-15T13:37:13.687632
Tunis,103642455,brownfield,,36.7657585,10.2525907,2026-02-15T13:37:13.687632
Tunis,103727822,industrial,,36.8205164,10.1180074,2026-02-15T13:37:13.687632
Tunis,103825204,greenfield,,36.827057,10.1198554,2026-02-15T13:37:13.687632
Tunis,103825264,residential,,36.8226681,10.120055,2026-02-15T13:37:13.687632
Tunis,103825275,village_green,,36.8089155,10.126881,2026-02-15T13:37:13.687632
Tunis,103825503,village_green,,36.8284558,10.1150683,2026-02-15T13:37:13.687632
Tunis,103825575,residential,,36.8100079,10.1268345,2026-02-15T13:37:13.687632
Tunis,103825622,industrial,,36.8295983,10.1174558,2026-02-15T13:37:13.687632
Tunis,103825643,village_green,,36.8100404,10.1324898,2026-02-15T13:37:13.687632
Tunis,103825668,greenfield,,36.8264892,10.1184322,2026-02-15T13:37:13.687632
Tunis,103825723,greenfield,,36.8272572,10.1186733,2026-02-15T13:37:13.687632
Tunis,103825731,greenfield,,36.8277964,10.1190021,2026-02-15T13:37:13.687632
Tunis,103825764,village_green,Palais Ksar Saïd,36.8112178,10.1306378,2026-02-15T13:37:13.687632
Tunis,103825771,residential,باردو,36.8143334,10.1404042,2026-02-15T13:37:13.687632
Tunis,103825976,greenfield,,36.8177017,10.122827,2026-02-15T13:37:13.687632
Tunis,103826030,greenfield,,36.8124252,10.1294753,2026-02-15T13:37:13.687632
Tunis,103826034,industrial,,36.812055,10.1308334,2026-02-15T13:37:13.687632
Tunis,103826037,brownfield,,36.8289734,10.1172366,2026-02-15T13:37:13.687632
Tunis,103856634,village_green,,36.8267444,10.1213454,2026-02-15T13:37:13.687632
Tunis,103856656,village_green,,36.8252332,10.1281569,2026-02-15T13:37:13.687632
Tunis,103856701,brownfield,,36.8200882,10.1282927,2026-02-15T13:37:13.687632
Tunis,103856726,greenfield,,36.8208504,10.1331092,2026-02-15T13:37:13.687632
Tunis,103856745,brownfield,,36.8211581,10.1239699,2026-02-15T13:37:13.687632
Tunis,103856778,brownfield,,36.8186023,10.1274027,2026-02-15T13:37:13.687632
Tunis,103856788,village_green,,36.8239653,10.1330599,2026-02-15T13:37:13.687632
Tunis,103856829,retail,,36.8244304,10.1341548,2026-02-15T13:37:13.687632
Tunis,103856858,brownfield,,36.8248127,10.1260488,2026-02-15T13:37:13.687632
Tunis,103856919,brownfield,,36.8259108,10.1222215,2026-02-15T13:37:13.687632
Tunis,103856946,village_green,,36.8242755,10.1347994,2026-02-15T13:37:13.687632
Tunis,103856964,brownfield,,36.8258607,10.1212648,2026-02-15T13:37:13.687632
Tunis,103856986,greenfield,,36.8239268,10.1321761,2026-02-15T13:37:13.687632
Tunis,103856998,brownfield,,36.8229432,10.1357576,2026-02-15T13:37:13.687632
Tunis,103857024,brownfield,,36.8260886,10.1228137,2026-02-15T13:37:13.687632
Tunis,103912782,village_green,,36.8270556,10.1232626,2026-02-15T13:37:13.687632
Tunis,103912797,village_green,,36.8252827,10.1290743,2026-02-15T13:37:13.687632
Tunis,103912801,village_green,,36.826614,10.1246599,2026-02-15T13:37:13.687632
Tunis,103912816,village_green,,36.8262269,10.1259483,2026-02-15T13:37:13.687632
Tunis,103912822,brownfield,,36.8303516,10.1207993,2026-02-15T13:37:13.687632
Tunis,103912829,residential,,36.8247627,10.1281314,2026-02-15T13:37:13.687632
Tunis,103912835,village_green,,36.8259331,10.1271126,2026-02-15T13:37:13.687632
Tunis,103919907,industrial,,36.8293709,10.1202511,2026-02-15T13:37:13.687632
Tunis,103919908,brownfield,,36.8283097,10.1204432,2026-02-15T13:37:13.687632
Tunis,103919910,industrial,,36.8311349,10.1196449,2026-02-15T13:37:13.687632
Tunis,103919911,village_green,,36.8204236,10.1274074,2026-02-15T13:37:13.687632
Tunis,103919919,residential,,36.8321444,10.1191197,2026-02-15T13:37:13.687632
Tunis,103925697,greenfield,,36.8294565,10.1363446,2026-02-15T13:37:13.687632
Tunis,103925701,village_green,,36.8306332,10.1360677,2026-02-15T13:37:13.687632
Tunis,103925708,village_green,,36.8277424,10.1346736,2026-02-15T13:37:13.687632
Tunis,103925717,village_green,,36.8284546,10.1354518,2026-02-15T13:37:13.687632
Tunis,103925719,greenfield,,36.8301141,10.1366968,2026-02-15T13:37:13.687632
Tunis,103925727,greenfield,,36.8302354,10.137596,2026-02-15T13:37:13.687632
Tunis,104146045,greenfield,,36.8070318,10.1462959,2026-02-15T13:37:13.687632
Tunis,104146060,village_green,,36.8101277,10.1533926,2026-02-15T13:37:13.687632
Tunis,104146062,greenfield,,36.8071545,10.1502219,2026-02-15T13:37:13.687632
Tunis,104343287,greenfield,,36.8284584,10.1667882,2026-02-15T13:37:13.687632
Tunis,104343297,greenfield,,36.8293024,10.1609132,2026-02-15T13:37:13.687632
Tunis,104343324,greenfield,,36.8297776,10.16122,2026-02-15T13:37:13.687632
Tunis,104343333,greenfield,,36.8286319,10.1664091,2026-02-15T13:37:13.687632
Tunis,104343341,greenfield,,36.8306671,10.1580286,2026-02-15T13:37:13.687632
Tunis,104343347,greenfield,,36.8285692,10.167207,2026-02-15T13:37:13.687632
Tunis,104343349,greenfield,,36.8256069,10.1742904,2026-02-15T13:37:13.687632
Tunis,104343358,village_green,,36.8273074,10.1722232,2026-02-15T13:37:13.687632
Tunis,104343359,greenfield,,36.8305401,10.1604341,2026-02-15T13:37:13.687632
Tunis,104343372,greenfield,,36.8281011,10.1668829,2026-02-15T13:37:13.687632
Tunis,104343377,greenfield,,36.8250929,10.174908,2026-02-15T13:37:13.687632
Tunis,104343378,greenfield,,36.8295899,10.1613233,2026-02-15T13:37:13.687632
Tunis,104343384,greenfield,,36.8306026,10.1578153,2026-02-15T13:37:13.687632
Tunis,104487547,farmland,,36.8698994,10.2538631,2026-02-15T13:37:13.687632
Tunis,104487553,industrial,,36.8675954,10.251519,2026-02-15T13:37:13.687632
Tunis,104487559,farmland,,36.8706587,10.2598958,2026-02-15T13:37:13.687632
Tunis,104487561,residential,,36.8715264,10.2518383,2026-02-15T13:37:13.687632
Tunis,104487577,farmland,,36.8737955,10.2598166,2026-02-15T13:37:13.687632
Tunis,104487606,industrial,,36.8711376,10.251041,2026-02-15T13:37:13.687632
Tunis,104536542,commercial,وزارة الشؤون الخارجية,36.8301953,10.1570892,2026-02-15T13:37:13.687632
Tunis,104536560,greenfield,,36.8296868,10.1798554,2026-02-15T13:37:13.687632
Tunis,104536566,village_green,,36.828568,10.1680717,2026-02-15T13:37:13.687632
Tunis,104536584,greenfield,,36.8386571,10.1667356,2026-02-15T13:37:13.687632
Tunis,104536589,greenfield,,36.829707,10.1796761,2026-02-15T13:37:13.687632
Tunis,104536652,grass,,36.8301269,10.1579907,2026-02-15T13:37:13.687632
Tunis,104536685,greenfield,,36.8396651,10.1690218,2026-02-15T13:37:13.687632
Tunis,104536692,greenfield,,36.829861,10.1796148,2026-02-15T13:37:13.687632
Tunis,104536697,greenfield,,36.8382587,10.1644388,2026-02-15T13:37:13.687632
Tunis,104576384,grass,,36.7488309,10.2720212,2026-02-15T13:37:13.687632
Tunis,105410999,greenfield,,36.868194,10.1906034,2026-02-15T13:37:13.687632
Tunis,105411016,brownfield,,36.8513812,10.1993763,2026-02-15T13:37:13.687632
Tunis,105411017,residential,,36.8636327,10.1934563,2026-02-15T13:37:13.687632
Tunis,105411020,brownfield,,36.8677637,10.1912951,2026-02-15T13:37:13.687632
Tunis,105411037,religious,,36.8600761,10.1904503,2026-02-15T13:37:13.687632
Tunis,105411040,commercial,,36.8623178,10.1937528,2026-02-15T13:37:13.687632
Tunis,105411139,residential,,36.8619405,10.1939541,2026-02-15T13:37:13.687632
Tunis,105411172,brownfield,,36.8694718,10.1922589,2026-02-15T13:37:13.687632
Tunis,105411176,brownfield,,36.8681462,10.1893471,2026-02-15T13:37:13.687632
Tunis,105411180,brownfield,,36.8634948,10.1917212,2026-02-15T13:37:13.687632
Tunis,105411186,brownfield,,36.8685774,10.1871336,2026-02-15T13:37:13.687632
Tunis,105411193,village_green,,36.8620015,10.1942946,2026-02-15T13:37:13.687632
Tunis,105411207,grass,,36.8652401,10.1853577,2026-02-15T13:37:13.687632
Tunis,105411215,brownfield,,36.8625129,10.189907,2026-02-15T13:37:13.687632
Tunis,105411217,commercial,,36.8635782,10.1929012,2026-02-15T13:37:13.687632
Tunis,105411349,retail,السوق البلدي,36.8595943,10.1919958,2026-02-15T13:37:13.687632
Tunis,105557700,grass,,36.8498578,10.1904908,2026-02-15T13:37:13.687632
Tunis,105557701,village_green,,36.8388804,10.186369,2026-02-15T13:37:13.687632
Tunis,105557726,village_green,,36.835911,10.183946,2026-02-15T13:37:13.687632
Tunis,105557729,commercial,,36.8434068,10.1860139,2026-02-15T13:37:13.687632
Tunis,105557749,commercial,,36.8486397,10.195663,2026-02-15T13:37:13.687632
Tunis,105557787,village_green,,36.850481,10.1909836,2026-02-15T13:37:13.687632
Tunis,105557789,grass,,36.8398174,10.185204,2026-02-15T13:37:13.687632
Tunis,105557790,village_green,,36.85086,10.192772,2026-02-15T13:37:13.687632
Tunis,105557847,residential,,36.8470205,10.1855554,2026-02-15T13:37:13.687632
Tunis,105557849,grass,,36.8476659,10.1887814,2026-02-15T13:37:13.687632
Tunis,105557863,grass,,36.8495804,10.1936028,2026-02-15T13:37:13.687632
Tunis,105557892,brownfield,,36.848222,10.1924112,2026-02-15T13:37:13.687632
Tunis,105557908,commercial,,36.8482574,10.1900971,2026-02-15T13:37:13.687632
Tunis,105557912,retail,,36.8452759,10.1837621,2026-02-15T13:37:13.687632
Tunis,105557917,village_green,,36.8413428,10.1845213,2026-02-15T13:37:13.687632
Tunis,105588051,grass,,36.8403133,10.1949411,2026-02-15T13:37:13.687632
Tunis,105588088,grass,,36.8419192,10.1961137,2026-02-15T13:37:13.687632
Tunis,105588090,village_green,,36.8413994,10.1897562,2026-02-15T13:37:13.687632
Tunis,105588091,greenfield,,36.8402762,10.1965421,2026-02-15T13:37:13.687632
Tunis,105588093,grass,,36.840224,10.1930895,2026-02-15T13:37:13.687632
Tunis,105588106,greenfield,,36.842616,10.1917631,2026-02-15T13:37:13.687632
Tunis,105588122,commercial,,36.8408125,10.1950496,2026-02-15T13:37:13.687632
Tunis,105588137,farmland,,36.8410244,10.1903051,2026-02-15T13:37:13.687632
Tunis,105588189,grass,,36.8399874,10.1941819,2026-02-15T13:37:13.687632
Tunis,105588210,brownfield,,36.8421969,10.1937184,2026-02-15T13:37:13.687632
Tunis,105658675,commercial,الحي الإداري,36.8328989,10.1871614,2026-02-15T13:37:13.687632
Tunis,105658783,brownfield,,36.8331832,10.184872,2026-02-15T13:37:13.687632
Tunis,105658804,farmyard,,36.8390992,10.1891935,2026-02-15T13:37:13.687632
Tunis,105658860,grass,,36.8388856,10.1885074,2026-02-15T13:37:13.687632
Tunis,105658905,residential,,36.8327338,10.1893547,2026-02-15T13:37:13.687632
Tunis,105658928,grass,,36.8345084,10.1843604,2026-02-15T13:37:13.687632
Tunis,105658987,village_green,,36.8328824,10.1833841,2026-02-15T13:37:13.687632
Tunis,105658990,brownfield,,36.8340678,10.1826666,2026-02-15T13:37:13.687632
Tunis,105755285,grass,,36.8295261,10.1594709,2026-02-15T13:37:13.687632
Tunis,105755313,grass,,36.8292876,10.1593531,2026-02-15T13:37:13.687632
Tunis,105755323,grass,,36.8210518,10.1782384,2026-02-15T13:37:13.687632
Tunis,105755329,grass,,36.8293238,10.1584917,2026-02-15T13:37:13.687632
Tunis,105755424,residential,,36.8289963,10.1728084,2026-02-15T13:37:13.687632
Tunis,105755473,grass,,36.8289562,10.1589746,2026-02-15T13:37:13.687632
Tunis,105755483,grass,,36.827911,10.1589203,2026-02-15T13:37:13.687632
Tunis,105755486,greenfield,,36.8292571,10.1682637,2026-02-15T13:37:13.687632
Tunis,105755487,grass,,36.8277698,10.1595548,2026-02-15T13:37:13.687632
Tunis,105755491,grass,,36.8286547,10.1577295,2026-02-15T13:37:13.687632
Tunis,106513433,residential,,36.7648682,10.2597821,2026-02-15T13:37:13.687632
Tunis,106513493,forest,,36.7656924,10.2591385,2026-02-15T13:37:13.687632
Tunis,106513603,residential,,36.7610015,10.2561935,2026-02-15T13:37:13.687632
Tunis,106513640,plant_nursery,,36.7539193,10.2650351,2026-02-15T13:37:13.687632
Tunis,106513660,greenfield,,36.7649972,10.2610546,2026-02-15T13:37:13.687632
Tunis,106513667,residential,,36.7657291,10.2626927,2026-02-15T13:37:13.687632
Tunis,106535208,village_green,,36.7590559,10.2716373,2026-02-15T13:37:13.687632
Tunis,106552105,brownfield,,36.755611,10.2485464,2026-02-15T13:37:13.687632
Tunis,106552115,residential,,36.7566137,10.2481143,2026-02-15T13:37:13.687632
Tunis,106552117,industrial,,36.7598512,10.250039,2026-02-15T13:37:13.687632
Tunis,106552160,residential,,36.7539788,10.2496734,2026-02-15T13:37:13.687632
Tunis,106552168,industrial,,36.7556093,10.2479153,2026-02-15T13:37:13.687632
Tunis,106552172,industrial,,36.7523294,10.2513131,2026-02-15T13:37:13.687632
Tunis,106552191,residential,,36.7495401,10.2560926,2026-02-15T13:37:13.687632
Tunis,106552200,industrial,,36.7496685,10.2597981,2026-02-15T13:37:13.687632
Tunis,106552226,village_green,,36.7475146,10.264788,2026-02-15T13:37:13.687632
Tunis,106552301,residential,,36.7587811,10.2487559,2026-02-15T13:37:13.687632
Tunis,106552322,industrial,,36.7512254,10.2524868,2026-02-15T13:37:13.687632
Tunis,106552324,commercial,,36.7584612,10.2492656,2026-02-15T13:37:13.687632
Tunis,106589030,industrial,,36.7579569,10.2473059,2026-02-15T13:37:13.687632
Tunis,106589213,greenfield,,36.7382406,10.2262004,2026-02-15T13:37:13.687632
Tunis,106589447,industrial,,36.7612256,10.248353,2026-02-15T13:37:13.687632
Tunis,106589575,industrial,,36.759944,10.246775,2026-02-15T13:37:13.687632
Tunis,106589584,residential,,36.7405824,10.2282669,2026-02-15T13:37:13.687632
Tunis,106589986,greenfield,,36.7352339,10.2282345,2026-02-15T13:37:13.687632
Tunis,106590141,residential,,36.7402579,10.2284362,2026-02-15T13:37:13.687632
Tunis,106590248,residential,المدينة الجديدة,36.7575302,10.2451271,2026-02-15T13:37:13.687632
Tunis,106590253,brownfield,,36.7375323,10.2224813,2026-02-15T13:37:13.687632
Tunis,106590260,residential,,36.7409852,10.2281982,2026-02-15T13:37:13.687632
Tunis,106590274,village_green,,36.7657048,10.2577939,2026-02-15T13:37:13.687632
Tunis,106590281,brownfield,,36.7360471,10.223368,2026-02-15T13:37:13.687632
Tunis,106590286,cemetery,Cimetière chrétien de Sidi Rézig,36.7607871,10.248856,2026-02-15T13:37:13.687632
Tunis,106590288,grass,,36.7645236,10.2554672,2026-02-15T13:37:13.687632
Tunis,106590289,greenfield,,36.7329456,10.2298358,2026-02-15T13:37:13.687632
Tunis,107298902,greenfield,,36.8472915,10.1679136,2026-02-15T13:37:13.687632
Tunis,107298904,greenfield,,36.8436817,10.1651743,2026-02-15T13:37:13.687632
Tunis,107298909,greenfield,,36.843495,10.1658536,2026-02-15T13:37:13.687632
Tunis,107298922,greenfield,,36.8435252,10.1655128,2026-02-15T13:37:13.687632
Tunis,107298935,greenfield,,36.8470973,10.1662675,2026-02-15T13:37:13.687632
Tunis,107423570,grass,,36.764431,10.244851,2026-02-15T13:37:13.687632
Tunis,107423593,industrial,,36.765119,10.2422376,2026-02-15T13:37:13.687632
Tunis,107423599,industrial,,36.7665352,10.2421529,2026-02-15T13:37:13.687632
Tunis,107423669,industrial,,36.7655583,10.2415197,2026-02-15T13:37:13.687632
Tunis,107423737,village_green,,36.7626773,10.2467423,2026-02-15T13:37:13.687632
Tunis,107423747,industrial,Clever Digital Technology,36.7662237,10.2419432,2026-02-15T13:37:13.687632
Tunis,107423763,greenfield,soroubat,36.7662596,10.2391989,2026-02-15T13:37:13.687632
Tunis,107423860,industrial,,36.7657289,10.2427828,2026-02-15T13:37:13.687632
Tunis,107424037,grass,,36.7667525,10.2431508,2026-02-15T13:37:13.687632
Tunis,107426635,greenfield,,36.8530128,10.1527078,2026-02-15T13:37:13.687632
Tunis,107426637,greenfield,,36.8563237,10.1531095,2026-02-15T13:37:13.687632
Tunis,107426639,greenfield,,36.8565405,10.1535396,2026-02-15T13:37:13.687632
Tunis,107462230,greenfield,حديقة كولزي صولة,36.8384667,10.1570241,2026-02-15T13:37:13.687632
Tunis,107463978,industrial,,36.7679707,10.2306573,2026-02-15T13:37:13.687632
Tunis,107464049,industrial,,36.7668547,10.2298657,2026-02-15T13:37:13.687632
Tunis,107464077,industrial,,36.7632027,10.2356607,2026-02-15T13:37:13.687632
Tunis,107464186,industrial,,36.7672861,10.2297462,2026-02-15T13:37:13.687632
Tunis,107464205,industrial,سانوفي,36.7669807,10.2274991,2026-02-15T13:37:13.687632
Tunis,107570073,village_green,,36.8359183,10.1498014,2026-02-15T13:37:13.687632
Tunis,107570082,village_green,,36.8364047,10.1497522,2026-02-15T13:37:13.687632
Tunis,107570098,village_green,,36.8367955,10.1497745,2026-02-15T13:37:13.687632
Tunis,107626071,railway,,36.7703447,10.2316437,2026-02-15T13:37:13.687632
Tunis,107626139,greenfield,,36.7627763,10.2348832,2026-02-15T13:37:13.687632
Tunis,107626145,brownfield,,36.7755314,10.238742,2026-02-15T13:37:13.687632
Tunis,107626283,meadow,,36.7676426,10.2501367,2026-02-15T13:37:13.687632
Tunis,107626341,industrial,,36.7694478,10.2180378,2026-02-15T13:37:13.687632
Tunis,107626358,greenfield,,36.7706667,10.2402914,2026-02-15T13:37:13.687632
Tunis,107626470,industrial,,36.7673798,10.2090243,2026-02-15T13:37:13.687632
Tunis,107702633,village_green,,36.8334871,10.1359807,2026-02-15T13:37:13.687632
Tunis,107702634,brownfield,,36.8333941,10.1408455,2026-02-15T13:37:13.687632
Tunis,107743055,brownfield,,36.7792193,10.2349536,2026-02-15T13:37:13.687632
Tunis,107769345,greenfield,,36.7780921,10.1911438,2026-02-15T13:37:13.687632
Tunis,107769358,quarry,,36.7734266,10.1946021,2026-02-15T13:37:13.687632
Tunis,107769376,greenfield,,36.7801074,10.1950074,2026-02-15T13:37:13.687632
Tunis,107769378,brownfield,,36.7686983,10.1956228,2026-02-15T13:37:13.687632
Tunis,107769397,residential,,36.7819009,10.1816857,2026-02-15T13:37:13.687632
Tunis,107769403,village_green,,36.7693826,10.1964764,2026-02-15T13:37:13.687632
Tunis,107769415,industrial,,36.7732738,10.1967434,2026-02-15T13:37:13.687632
Tunis,107769428,industrial,,36.7791594,10.1958291,2026-02-15T13:37:13.687632
Tunis,107769436,commercial,,36.7804692,10.1949919,2026-02-15T13:37:13.687632
Tunis,107769454,residential,,36.7766698,10.1887315,2026-02-15T13:37:13.687632
Tunis,107769463,brownfield,,36.7708839,10.1918874,2026-02-15T13:37:13.687632
Tunis,107769521,residential,,36.7807084,10.1825539,2026-02-15T13:37:13.687632
Tunis,107769532,greenfield,,36.7756472,10.193563,2026-02-15T13:37:13.687632
Tunis,107769539,brownfield,,36.7788527,10.1945109,2026-02-15T13:37:13.687632
Tunis,107769548,village_green,,36.7807545,10.182391,2026-02-15T13:37:13.687632
Tunis,107769561,grass,,36.7805802,10.1863945,2026-02-15T13:37:13.687632
Tunis,107769564,village_green,,36.7819557,10.185363,2026-02-15T13:37:13.687632
Tunis,107769587,residential,,36.7679678,10.1952901,2026-02-15T13:37:13.687632
Tunis,107769597,industrial,,36.7690615,10.1941643,2026-02-15T13:37:13.687632
Tunis,107769609,industrial,,36.7804876,10.1818984,2026-02-15T13:37:13.687632
Tunis,107769615,residential,,36.777959,10.1950467,2026-02-15T13:37:13.687632
Tunis,107769632,village_green,,36.7774953,10.1969756,2026-02-15T13:37:13.687632
Tunis,107769645,brownfield,,36.777455,10.1957567,2026-02-15T13:37:13.687632
Tunis,107808673,industrial,,36.7995225,10.1976503,2026-02-15T13:37:13.687632
Tunis,107858423,grass,,36.780722,10.198095,2026-02-15T13:37:13.687632
Tunis,107858747,grass,,36.7860653,10.1946089,2026-02-15T13:37:13.687632
Tunis,107911489,grass,,36.7854732,10.1943613,2026-02-15T13:37:13.687632
Tunis,107911499,brownfield,,36.7929685,10.1968164,2026-02-15T13:37:13.687632
Tunis,107980283,brownfield,,36.8325901,10.1394697,2026-02-15T13:37:13.687632
Tunis,107980284,village_green,,36.8335055,10.1373922,2026-02-15T13:37:13.687632
Tunis,107980286,village_green,,36.8300537,10.139193,2026-02-15T13:37:13.687632
Tunis,107980287,village_green,,36.8313695,10.1380824,2026-02-15T13:37:13.687632
Tunis,107980293,brownfield,,36.8309296,10.1374254,2026-02-15T13:37:13.687632
Tunis,107980303,village_green,,36.8318375,10.1376714,2026-02-15T13:37:13.687632
Tunis,107980304,brownfield,,36.8308389,10.140896,2026-02-15T13:37:13.687632
Tunis,107980306,brownfield,,36.8297842,10.1403297,2026-02-15T13:37:13.687632
Tunis,107980308,village_green,,36.8321189,10.1374245,2026-02-15T13:37:13.687632
Tunis,107980318,village_green,,36.8315948,10.1378757,2026-02-15T13:37:13.687632
Tunis,107980319,brownfield,,36.8349364,10.1405162,2026-02-15T13:37:13.687632
Tunis,107980321,brownfield,,36.8299792,10.1396553,2026-02-15T13:37:13.687632
Tunis,107980326,brownfield,,36.8357743,10.1408261,2026-02-15T13:37:13.687632
Tunis,107980334,village_green,,36.8329014,10.1388164,2026-02-15T13:37:13.687632
Tunis,108032424,village_green,,36.8345275,10.1353441,2026-02-15T13:37:13.687632
Tunis,108032436,village_green,,36.8348307,10.1350518,2026-02-15T13:37:13.687632
Tunis,108032438,village_green,,36.8342072,10.1356181,2026-02-15T13:37:13.687632
Tunis,108032439,greenfield,,36.8287073,10.137141,2026-02-15T13:37:13.687632
Tunis,108032440,village_green,,36.8347287,10.135471,2026-02-15T13:37:13.687632
Tunis,108032443,village_green,,36.8352134,10.1347631,2026-02-15T13:37:13.687632
Tunis,108115988,village_green,,36.8265325,10.1433962,2026-02-15T13:37:13.687632
Tunis,108116013,greenfield,,36.8247826,10.1390071,2026-02-15T13:37:13.687632
Tunis,108116016,village_green,,36.8267446,10.1420778,2026-02-15T13:37:13.688632
Tunis,108215052,greenfield,,36.835904,10.1585577,2026-02-15T13:37:13.688632
Tunis,108215069,village_green,,36.8347976,10.1556346,2026-02-15T13:37:13.688632
Tunis,108215075,village_green,,36.8336803,10.1558243,2026-02-15T13:37:13.688632
Tunis,108215089,greenfield,,36.8367838,10.1549179,2026-02-15T13:37:13.688632
Tunis,108215091,greenfield,,36.8351621,10.1570639,2026-02-15T13:37:13.688632
Tunis,108215100,greenfield,,36.8359963,10.1558818,2026-02-15T13:37:13.688632
Tunis,108215101,village_green,,36.8331908,10.1562673,2026-02-15T13:37:13.688632
Tunis,108215106,village_green,,36.8360284,10.159615,2026-02-15T13:37:13.688632
Tunis,108215121,greenfield,,36.8371786,10.1566452,2026-02-15T13:37:13.688632
Tunis,108217711,village_green,,36.8391503,10.1581,2026-02-15T13:37:13.688632
Tunis,108217714,greenfield,,36.8390382,10.1531097,2026-02-15T13:37:13.688632
Tunis,108217717,greenfield,,36.8383275,10.1535797,2026-02-15T13:37:13.688632
Tunis,108217720,greenfield,,36.8396837,10.1600549,2026-02-15T13:37:13.688632
Tunis,108689033,greenfield,,36.8271712,10.1891716,2026-02-15T13:37:13.688632
Tunis,108689078,village_green,,36.8265937,10.1918333,2026-02-15T13:37:13.688632
Tunis,108689102,brownfield,,36.8258412,10.1943153,2026-02-15T13:37:13.688632
Tunis,108689109,greenfield,,36.8237245,10.187768,2026-02-15T13:37:13.688632
Tunis,108689121,commercial,,36.8214633,10.1875796,2026-02-15T13:37:13.688632
Tunis,108689123,brownfield,,36.8291429,10.1890978,2026-02-15T13:37:13.688632
Tunis,108689125,greenfield,,36.8254767,10.1936871,2026-02-15T13:37:13.688632
Tunis,108689160,brownfield,,36.8171692,10.1900202,2026-02-15T13:37:13.688632
Tunis,108689192,retail,,36.8248003,10.194717,2026-02-15T13:37:13.688632
Tunis,108689195,commercial,,36.8259467,10.1938054,2026-02-15T13:37:13.688632
Tunis,108689197,brownfield,,36.8281584,10.1884479,2026-02-15T13:37:13.688632
Tunis,108689209,brownfield,,36.8265852,10.1937317,2026-02-15T13:37:13.688632
Tunis,108689236,retail,,36.8273416,10.1921214,2026-02-15T13:37:13.688632
Tunis,108689243,residential,,36.8286106,10.1901673,2026-02-15T13:37:13.688632
Tunis,108689245,industrial,,36.8263385,10.1897156,2026-02-15T13:37:13.688632
Tunis,108689267,retail,,36.8207392,10.1890245,2026-02-15T13:37:13.688632
Tunis,108689270,commercial,,36.8196895,10.1898507,2026-02-15T13:37:13.688632
Tunis,109074390,village_green,,36.8352233,10.1497352,2026-02-15T13:37:13.688632
Tunis,109374523,grass,,36.8666857,10.1837269,2026-02-15T13:37:13.688632
Tunis,109431595,village_green,,36.8019966,10.1781163,2026-02-15T13:37:13.688632
Tunis,109431629,village_green,,36.8013746,10.1785667,2026-02-15T13:37:13.688632
Tunis,109431630,village_green,,36.7993145,10.1764008,2026-02-15T13:37:13.688632
Tunis,109431635,village_green,,36.7993645,10.1771583,2026-02-15T13:37:13.688632
Tunis,109431689,village_green,,36.8006949,10.178596,2026-02-15T13:37:13.688632
Tunis,109431714,village_green,,36.7994453,10.1780271,2026-02-15T13:37:13.688632
Tunis,109431722,village_green,ساحة العملة,36.8017921,10.1776429,2026-02-15T13:37:13.688632
Tunis,109431732,retail,,36.7979736,10.1772285,2026-02-15T13:37:13.688632
Tunis,109431759,village_green,,36.8020808,10.1787871,2026-02-15T13:37:13.688632
Tunis,109431781,village_green,,36.800593,10.1782592,2026-02-15T13:37:13.688632
Tunis,109431791,village_green,,36.8020646,10.1783711,2026-02-15T13:37:13.688632
Tunis,109465179,village_green,,36.7960148,10.1769865,2026-02-15T13:37:13.688632
Tunis,109465190,village_green,,36.7968536,10.17893,2026-02-15T13:37:13.688632
Tunis,109465207,village_green,,36.7948631,10.1760242,2026-02-15T13:37:13.688632
Tunis,109465221,village_green,,36.7967701,10.1795333,2026-02-15T13:37:13.688632
Tunis,109574160,village_green,,36.839569,10.1760969,2026-02-15T13:37:13.688632
Tunis,109574164,village_green,,36.8376816,10.173309,2026-02-15T13:37:13.688632
Tunis,109574184,greenfield,,36.8371643,10.1767309,2026-02-15T13:37:13.688632
Tunis,109574193,greenfield,,36.8439577,10.17815,2026-02-15T13:37:13.688632
Tunis,109574198,village_green,,36.8365022,10.1743419,2026-02-15T13:37:13.688632
Tunis,109574200,village_green,,36.8400224,10.1691622,2026-02-15T13:37:13.688632
Tunis,109574206,residential,,36.8402236,10.1770284,2026-02-15T13:37:13.688632
Tunis,109574209,village_green,,36.8354405,10.1759702,2026-02-15T13:37:13.688632
Tunis,109586036,village_green,,36.7943423,10.1694589,2026-02-15T13:37:13.688632
Tunis,109586074,residential,,36.7926501,10.1785629,2026-02-15T13:37:13.688632
Tunis,109586085,village_green,,36.7938409,10.1782019,2026-02-15T13:37:13.688632
Tunis,109586134,village_green,,36.7917017,10.1774352,2026-02-15T13:37:13.688632
Tunis,109586151,railway,,36.7905783,10.1786103,2026-02-15T13:37:13.688632
Tunis,109586177,village_green,,36.7906892,10.1798998,2026-02-15T13:37:13.688632
Tunis,109817880,village_green,,36.785743,10.1728018,2026-02-15T13:37:13.688632
Tunis,109818068,village_green,,36.7883552,10.1783504,2026-02-15T13:37:13.688632
Tunis,109869994,brownfield,,36.8725565,10.1795471,2026-02-15T13:37:13.688632
Tunis,109870050,brownfield,,36.8666306,10.1805464,2026-02-15T13:37:13.688632
Tunis,109870093,brownfield,,36.8713152,10.1798043,2026-02-15T13:37:13.688632
Tunis,109870098,brownfield,,36.8669163,10.1848026,2026-02-15T13:37:13.688632
Tunis,109870127,brownfield,,36.8728554,10.1808899,2026-02-15T13:37:13.688632
Tunis,109870136,brownfield,,36.877116,10.1811203,2026-02-15T13:37:13.688632
Tunis,109870143,residential,,36.8650875,10.1826079,2026-02-15T13:37:13.688632
Tunis,109870160,brownfield,,36.8714912,10.1811285,2026-02-15T13:37:13.688632
Tunis,109870167,brownfield,,36.8756858,10.1810897,2026-02-15T13:37:13.688632
Tunis,109942130,residential,,36.7905922,10.1716831,2026-02-15T13:37:13.688632
Tunis,110150540,grass,,36.8080135,10.1596803,2026-02-15T13:37:13.688632
Tunis,110150552,brownfield,,36.8040048,10.1636555,2026-02-15T13:37:13.688632
Tunis,110150720,brownfield,,36.8124228,10.1740173,2026-02-15T13:37:13.688632
Tunis,110150797,greenfield,,36.8105293,10.1754181,2026-02-15T13:37:13.688632
Tunis,110347301,brownfield,,36.813969,10.1834733,2026-02-15T13:37:13.688632
Tunis,110347311,commercial,,36.8146186,10.1833678,2026-02-15T13:37:13.688632
Tunis,110347326,industrial,,36.8079962,10.1837465,2026-02-15T13:37:13.688632
Tunis,110347423,village_green,,36.8221061,10.1792986,2026-02-15T13:37:13.688632
Tunis,110404099,military,,36.8154805,10.1563846,2026-02-15T13:37:13.688632
Tunis,110471835,brownfield,,36.8210288,10.1936715,2026-02-15T13:37:13.688632
Tunis,110471838,brownfield,,36.8219024,10.1930556,2026-02-15T13:37:13.688632
Tunis,110471853,brownfield,,36.8207434,10.1905634,2026-02-15T13:37:13.688632
Tunis,110471876,brownfield,,36.8216462,10.1918275,2026-02-15T13:37:13.688632
Tunis,110471898,cemetery,مقبرة بورجل,36.8241509,10.1909993,2026-02-15T13:37:13.688632
Tunis,110471904,cemetery,المقبرة المسيحية,36.8244197,10.1916278,2026-02-15T13:37:13.688632
Tunis,110472016,brownfield,,36.8120049,10.1928375,2026-02-15T13:37:13.688632
Tunis,110472017,brownfield,,36.8245283,10.2072557,2026-02-15T13:37:13.688632
Tunis,110473177,grass,,36.8140582,10.1902624,2026-02-15T13:37:13.688632
Tunis,110473181,village_green,,36.8157689,10.1896018,2026-02-15T13:37:13.688632
Tunis,110473183,village_green,,36.8147311,10.1884714,2026-02-15T13:37:13.688632
Tunis,110538679,industrial,الشركة التونسية للكهرباء والغاز,36.8136475,10.1643648,2026-02-15T13:37:13.688632
Tunis,110538707,industrial,,36.8149165,10.1704912,2026-02-15T13:37:13.688632
Tunis,110538907,village_green,,36.8157825,10.1716221,2026-02-15T13:37:13.688632
Tunis,110581683,brownfield,,36.8236497,10.1547504,2026-02-15T13:37:13.688632
Tunis,110581759,brownfield,,36.8252939,10.1535059,2026-02-15T13:37:13.688632
Tunis,110581782,brownfield,,36.8207032,10.15226,2026-02-15T13:37:13.688632
Tunis,110606073,military,مستشفى عسكري سابق,36.8185925,10.1634886,2026-02-15T13:37:13.688632
Tunis,110606142,village_green,,36.8177568,10.1656399,2026-02-15T13:37:13.688632
Tunis,110606164,brownfield,,36.8209059,10.1609203,2026-02-15T13:37:13.688632
Tunis,110606196,brownfield,,36.821548,10.1578523,2026-02-15T13:37:13.688632
Tunis,110606230,brownfield,,36.8197653,10.1601157,2026-02-15T13:37:13.688632
Tunis,110606371,village_green,,36.8244292,10.1578425,2026-02-15T13:37:13.688632
Tunis,110720892,village_green,Place Mendès France,36.8315293,10.1720414,2026-02-15T13:37:13.688632
Tunis,110955186,greenfield,,36.8386854,10.1725951,2026-02-15T13:37:13.688632
Tunis,110955231,village_green,,36.8430733,10.1760256,2026-02-15T13:37:13.688632
Tunis,110960802,grass,,36.8500907,10.2067723,2026-02-15T13:37:13.688632
Tunis,110960804,commercial,,36.8422453,10.199706,2026-02-15T13:37:13.688632
Tunis,110960815,residential,,36.8469885,10.1985936,2026-02-15T13:37:13.688632
Tunis,111040340,village_green,,36.8347583,10.1972577,2026-02-15T13:37:13.688632
Tunis,111040364,village_green,,36.8310992,10.1918117,2026-02-15T13:37:13.688632
Tunis,111040376,village_green,,36.8359322,10.1923383,2026-02-15T13:37:13.688632
Tunis,111040389,village_green,,36.8319058,10.1946384,2026-02-15T13:37:13.688632
Tunis,111045290,village_green,,36.8261211,10.2003401,2026-02-15T13:37:13.688632
Tunis,111045297,brownfield,,36.8367904,10.2018735,2026-02-15T13:37:13.688632
Tunis,111048723,village_green,,36.8327568,10.1968152,2026-02-15T13:37:13.688632
Tunis,111048724,industrial,,36.828769,10.1935999,2026-02-15T13:37:13.688632
Tunis,111048751,village_green,,36.8284349,10.1953817,2026-02-15T13:37:13.688632
Tunis,111048759,brownfield,,36.8280417,10.1933886,2026-02-15T13:37:13.688632
Tunis,111048762,brownfield,,36.8268802,10.1953922,2026-02-15T13:37:13.688632
Tunis,111048771,village_green,,36.8324441,10.198535,2026-02-15T13:37:13.688632
Tunis,111048776,brownfield,,36.8265718,10.1946333,2026-02-15T13:37:13.688632
Tunis,111048777,village_green,,36.82831,10.1967747,2026-02-15T13:37:13.688632
Tunis,111048793,village_green,,36.8321455,10.197412,2026-02-15T13:37:13.688632
Tunis,117109381,greenfield,,36.8907454,10.2245609,2026-02-15T13:37:13.688632
Tunis,117109418,greenfield,,36.8884955,10.2293626,2026-02-15T13:37:13.688632
Tunis,117147207,village_green,,36.8466985,10.216352,2026-02-15T13:37:13.688632
Tunis,117147237,grass,,36.8503058,10.2166007,2026-02-15T13:37:13.688632
Tunis,117147247,greenfield,,36.8398072,10.2104044,2026-02-15T13:37:13.688632
Tunis,117147249,grass,,36.848084,10.2146232,2026-02-15T13:37:13.688632
Tunis,117147253,grass,,36.8431904,10.2165856,2026-02-15T13:37:13.688632
Tunis,117147263,grass,,36.8476786,10.2167887,2026-02-15T13:37:13.688632
Tunis,117147277,grass,,36.8344703,10.2136351,2026-02-15T13:37:13.688632
Tunis,117147299,greenfield,,36.8425869,10.2096352,2026-02-15T13:37:13.688632
Tunis,117147333,grass,,36.8451234,10.2136887,2026-02-15T13:37:13.688632
Tunis,117147347,brownfield,,36.8504243,10.2148771,2026-02-15T13:37:13.688632
Tunis,117147356,village_green,,36.847798,10.215942,2026-02-15T13:37:13.688632
Tunis,117426344,village_green,,36.8404377,10.1528699,2026-02-15T13:37:13.688632
Tunis,117426358,village_green,,36.8450101,10.1624903,2026-02-15T13:37:13.688632
Tunis,117426380,village_green,,36.8343489,10.1534196,2026-02-15T13:37:13.688632
Tunis,117426382,greenfield,,36.8413799,10.1566529,2026-02-15T13:37:13.688632
Tunis,117426385,village_green,,36.8396332,10.1666139,2026-02-15T13:37:13.688632
Tunis,117426414,brownfield,,36.8432044,10.1640853,2026-02-15T13:37:13.688632
Tunis,117426431,village_green,,36.8348426,10.153128,2026-02-15T13:37:13.688632
Tunis,117426437,village_green,,36.8386512,10.155546,2026-02-15T13:37:13.688632
Tunis,117426441,village_green,,36.8407533,10.1541585,2026-02-15T13:37:13.688632
Tunis,117429507,brownfield,,36.8358661,10.1508329,2026-02-15T13:37:13.688632
Tunis,117429549,brownfield,,36.8365894,10.1491999,2026-02-15T13:37:13.688632
Tunis,117429554,brownfield,,36.8358098,10.1491819,2026-02-15T13:37:13.688632
Tunis,117439131,brownfield,,36.8385661,10.1360784,2026-02-15T13:37:13.688632
Tunis,117439134,brownfield,,36.8364961,10.1385289,2026-02-15T13:37:13.688632
Tunis,117439140,brownfield,,36.8405009,10.1428357,2026-02-15T13:37:13.688632
Tunis,117439150,brownfield,,36.8376371,10.1373302,2026-02-15T13:37:13.688632
Tunis,117439151,brownfield,,36.8372131,10.1367451,2026-02-15T13:37:13.688632
Tunis,117439153,brownfield,,36.8367004,10.1381097,2026-02-15T13:37:13.688632
Tunis,117439155,greenfield,,36.8374186,10.1405331,2026-02-15T13:37:13.688632
Tunis,117439160,greenfield,,36.8371859,10.1399062,2026-02-15T13:37:13.688632
Tunis,117439166,brownfield,,36.8356765,10.1386176,2026-02-15T13:37:13.688632
Tunis,117439168,greenfield,,36.8391079,10.1395814,2026-02-15T13:37:13.688632
Tunis,117439169,brownfield,,36.8383189,10.1375376,2026-02-15T13:37:13.688632
Tunis,117439172,brownfield,,36.8411311,10.1420711,2026-02-15T13:37:13.688632
Tunis,117439177,brownfield,,36.8364417,10.1363945,2026-02-15T13:37:13.688632
Tunis,117439178,greenfield,,36.8380539,10.1398392,2026-02-15T13:37:13.688632
Tunis,117439187,brownfield,,36.8379554,10.1348113,2026-02-15T13:37:13.688632
Tunis,117439194,brownfield,,36.8407462,10.1433603,2026-02-15T13:37:13.688632
Tunis,117439199,brownfield,,36.8396246,10.1436683,2026-02-15T13:37:13.688632
Tunis,117439204,village_green,,36.8398003,10.1337599,2026-02-15T13:37:13.688632
Tunis,117439205,brownfield,,36.8371891,10.1355705,2026-02-15T13:37:13.688632
Tunis,117439208,brownfield,,36.8382896,10.1382238,2026-02-15T13:37:13.688632
Tunis,117439211,brownfield,,36.8410241,10.1356418,2026-02-15T13:37:13.688632
Tunis,117439214,brownfield,,36.8372845,10.1386964,2026-02-15T13:37:13.688632
Tunis,117439220,brownfield,,36.8362091,10.1355002,2026-02-15T13:37:13.688632
Tunis,117439221,industrial,,36.8407842,10.1458605,2026-02-15T13:37:13.688632
Tunis,117439223,brownfield,,36.8379821,10.1387458,2026-02-15T13:37:13.688632
Tunis,117439228,brownfield,,36.8397245,10.1424009,2026-02-15T13:37:13.688632
Tunis,117439229,residential,,36.8449641,10.1381834,2026-02-15T13:37:13.688632
Tunis,117439231,brownfield,,36.8387686,10.1425971,2026-02-15T13:37:13.688632
Tunis,117439233,brownfield,,36.8379588,10.1373896,2026-02-15T13:37:13.688632
Tunis,117550992,greenfield,,36.8513461,10.1315312,2026-02-15T13:37:13.688632
Tunis,117551011,brownfield,,36.8435757,10.1326235,2026-02-15T13:37:13.688632
Tunis,117551028,brownfield,,36.8534048,10.130405,2026-02-15T13:37:13.688632
Tunis,117551029,greenfield,,36.8520129,10.1328633,2026-02-15T13:37:13.688632
Tunis,117551046,greenfield,,36.8509128,10.1298062,2026-02-15T13:37:13.688632
Tunis,117551049,greenfield,,36.8513395,10.1329335,2026-02-15T13:37:13.688632
Tunis,117551050,greenfield,,36.851713,10.1295297,2026-02-15T13:37:13.688632
Tunis,117551065,greenfield,,36.8526975,10.1364268,2026-02-15T13:37:13.688632
Tunis,117551068,brownfield,,36.8506967,10.131029,2026-02-15T13:37:13.688632
Tunis,117551074,greenfield,,36.8506413,10.1294348,2026-02-15T13:37:13.688632
Tunis,117551082,brownfield,,36.8521119,10.1346549,2026-02-15T13:37:13.688632
Tunis,117551084,greenfield,,36.8510688,10.1302719,2026-02-15T13:37:13.688632
Tunis,117551085,greenfield,,36.8427159,10.1410726,2026-02-15T13:37:13.688632
Tunis,117551086,greenfield,,36.8508236,10.1317076,2026-02-15T13:37:13.688632
Tunis,117551088,greenfield,,36.850999,10.1334404,2026-02-15T13:37:13.688632
Tunis,117551090,brownfield,,36.8513568,10.1323883,2026-02-15T13:37:13.688632
Tunis,117551092,brownfield,,36.8515581,10.134199,2026-02-15T13:37:13.688632
Tunis,117551095,greenfield,,36.8527159,10.1327147,2026-02-15T13:37:13.688632
Tunis,117551100,greenfield,,36.8528469,10.1360048,2026-02-15T13:37:13.688632
Tunis,117551102,greenfield,,36.8512985,10.1296762,2026-02-15T13:37:13.688632
Tunis,117551103,residential,,36.8469525,10.133131,2026-02-15T13:37:13.688632
Tunis,117551126,brownfield,,36.8519077,10.1318362,2026-02-15T13:37:13.688632
Tunis,117551129,greenfield,,36.851662,10.1328012,2026-02-15T13:37:13.688632
Tunis,117551143,brownfield,,36.8473131,10.1319763,2026-02-15T13:37:13.688632
Tunis,117551146,brownfield,,36.8505232,10.1299311,2026-02-15T13:37:13.688632
Tunis,117551149,greenfield,,36.8515386,10.1303976,2026-02-15T13:37:13.688632
Tunis,121395279,industrial,,36.7738892,10.217642,2026-02-15T13:37:13.688632
Tunis,121395282,greenfield,,36.767726,10.2438637,2026-02-15T13:37:13.688632
Tunis,121395283,greenfield,,36.7682415,10.2423059,2026-02-15T13:37:13.688632
Tunis,121395289,residential,,36.7768052,10.2347555,2026-02-15T13:37:13.688632
Tunis,123224393,residential,,36.7457038,10.2132581,2026-02-15T13:37:13.688632
Tunis,124689902,residential,,36.7676997,10.2248948,2026-02-15T13:37:13.688632
Tunis,126509229,construction,,36.7765447,10.2325171,2026-02-15T13:37:13.688632
Tunis,128172365,greenfield,,36.8185904,10.106925,2026-02-15T13:37:13.688632
Tunis,128172370,greenfield,,36.8183543,10.1063159,2026-02-15T13:37:13.688632
Tunis,128172372,greenfield,,36.8188275,10.1072751,2026-02-15T13:37:13.688632
Tunis,128172387,greenfield,,36.8179687,10.1059906,2026-02-15T13:37:13.688632
Tunis,128946405,residential,العوينة,36.8575457,10.2717816,2026-02-15T13:37:13.688632
Tunis,129498869,orchard,,36.7712436,10.0805947,2026-02-15T13:37:13.688632
Tunis,129498871,orchard,,36.7681023,10.0850955,2026-02-15T13:37:13.688632
Tunis,129498877,orchard,,36.7710652,10.0758418,2026-02-15T13:37:13.688632
Tunis,129498878,orchard,,36.7757683,10.0771802,2026-02-15T13:37:13.688632
Tunis,129498880,orchard,,36.7703412,10.0861323,2026-02-15T13:37:13.688632
Tunis,129498884,orchard,,36.7665468,10.0912269,2026-02-15T13:37:13.688632
Tunis,129498886,orchard,,36.7668862,10.0934103,2026-02-15T13:37:13.688632
Tunis,129498887,orchard,,36.7651114,10.0948029,2026-02-15T13:37:13.688632
Tunis,129498891,orchard,,36.763517,10.0986189,2026-02-15T13:37:13.688632
Tunis,129498893,orchard,,36.762924,10.0945636,2026-02-15T13:37:13.688632
Tunis,129498894,orchard,,36.7638393,10.0887448,2026-02-15T13:37:13.688632
Tunis,129847162,brownfield,,36.8403979,10.2430013,2026-02-15T13:37:13.688632
Tunis,129847163,brownfield,,36.8402769,10.24674,2026-02-15T13:37:13.688632
Tunis,129847164,residential,,36.8416069,10.2471218,2026-02-15T13:37:13.688632
Tunis,131009465,greenfield,ساحة الطاهر حداد,36.8350584,10.2388751,2026-02-15T13:37:13.688632
Tunis,138398718,residential,ضفاف البحيرة,36.8351771,10.2327363,2026-02-15T13:37:13.688632
Tunis,138404215,greenfield,,36.836799,10.2385723,2026-02-15T13:37:13.688632
Tunis,138404220,greenfield,,36.8373375,10.2388328,2026-02-15T13:37:13.688632
Tunis,138404221,greenfield,,36.8374101,10.2382998,2026-02-15T13:37:13.688632
Tunis,138404222,commercial,,36.8375844,10.2389097,2026-02-15T13:37:13.688632
Tunis,138404225,commercial,,36.8375092,10.2386458,2026-02-15T13:37:13.688632
Tunis,138407230,village_green,Café Piccolo Paradiso,36.8375359,10.2369486,2026-02-15T13:37:13.688632
Tunis,138407232,construction,,36.8366241,10.2373316,2026-02-15T13:37:13.688632
Tunis,138464527,village_green,,36.8332915,10.2424417,2026-02-15T13:37:13.688632
Tunis,138715869,brownfield,,36.8159128,10.1847793,2026-02-15T13:37:13.688632
Tunis,138715870,brownfield,,36.816582,10.197484,2026-02-15T13:37:13.688632
Tunis,138715871,brownfield,,36.8110622,10.1841438,2026-02-15T13:37:13.688632
Tunis,142881022,grass,,36.8466493,10.2590996,2026-02-15T13:37:13.688632
Tunis,142881023,grass,,36.8467714,10.2600565,2026-02-15T13:37:13.688632
Tunis,144034984,residential,حي الصنوبر,36.8442852,10.2813,2026-02-15T13:37:13.688632
Tunis,144711544,orchard,,36.7440778,10.1243167,2026-02-15T13:37:13.688632
Tunis,144711545,orchard,,36.744476,10.1331652,2026-02-15T13:37:13.688632
Tunis,144711546,orchard,,36.7380674,10.1280746,2026-02-15T13:37:13.688632
Tunis,144711547,orchard,,36.7360652,10.1301237,2026-02-15T13:37:13.688632
Tunis,144711548,orchard,,36.7339511,10.1320281,2026-02-15T13:37:13.688632
Tunis,144711549,orchard,,36.7384887,10.1313254,2026-02-15T13:37:13.688632
Tunis,144711550,orchard,,36.7350929,10.1237583,2026-02-15T13:37:13.688632
Tunis,144711551,farmland,,36.7282276,10.1368775,2026-02-15T13:37:13.688632
Tunis,144711552,orchard,,36.7352741,10.1348733,2026-02-15T13:37:13.688632
Tunis,144711553,orchard,,36.7459092,10.1316,2026-02-15T13:37:13.688632
Tunis,144711554,orchard,,36.7400285,10.1248558,2026-02-15T13:37:13.688632
Tunis,144712448,forest,,36.7881815,10.1316155,2026-02-15T13:37:13.688632
Tunis,144712449,forest,,36.7890617,10.1336085,2026-02-15T13:37:13.688632
Tunis,144712451,forest,,36.7918454,10.1424596,2026-02-15T13:37:13.688632
Tunis,144715807,industrial,,36.781744,10.1177464,2026-02-15T13:37:13.688632
Tunis,144715819,industrial,,36.7775517,10.1150368,2026-02-15T13:37:13.688632
Tunis,144717441,industrial,,36.7583364,10.1166086,2026-02-15T13:37:13.688632
Tunis,144717445,orchard,,36.7525089,10.1231827,2026-02-15T13:37:13.688632
Tunis,144717448,orchard,,36.7419408,10.1196931,2026-02-15T13:37:13.688632
Tunis,144717475,orchard,,36.7513135,10.128979,2026-02-15T13:37:13.688632
Tunis,144717479,orchard,,36.7450755,10.1241712,2026-02-15T13:37:13.688632
Tunis,144717480,orchard,,36.7649312,10.1149096,2026-02-15T13:37:13.688632
Tunis,144717481,orchard,,36.7506623,10.1247357,2026-02-15T13:37:13.688632
Tunis,144717483,industrial,,36.7619013,10.1173435,2026-02-15T13:37:13.688632
Tunis,144717489,orchard,,36.7452299,10.132363,2026-02-15T13:37:13.688632
Tunis,144717492,orchard,,36.746609,10.1240437,2026-02-15T13:37:13.688632
Tunis,144718364,farmland,,36.7314368,10.1572138,2026-02-15T13:37:13.688632
Tunis,144718366,farmland,,36.7302239,10.1605537,2026-02-15T13:37:13.688632
Tunis,144718367,farmland,,36.7298392,10.1520483,2026-02-15T13:37:13.688632
Tunis,144718369,farmland,,36.7289191,10.1547574,2026-02-15T13:37:13.688632
Tunis,144718373,farmland,,36.7305701,10.1496011,2026-02-15T13:37:13.688632
Tunis,144809336,orchard,,36.7546809,10.0941041,2026-02-15T13:37:13.688632
Tunis,144809337,orchard,,36.7606548,10.0815513,2026-02-15T13:37:13.688632
Tunis,144809343,residential,,36.7514131,10.0996324,2026-02-15T13:37:13.688632
Tunis,144809353,orchard,,36.7636422,10.0832703,2026-02-15T13:37:13.688632
Tunis,144809355,orchard,,36.7591522,10.0879886,2026-02-15T13:37:13.688632
Tunis,144809356,residential,,36.764275,10.0819858,2026-02-15T13:37:13.688632
Tunis,144809365,residential,,36.7665444,10.0778424,2026-02-15T13:37:13.688632
Tunis,144809375,residential,,36.7537697,10.0944957,2026-02-15T13:37:13.688632
Tunis,144809381,orchard,,36.756946,10.0910302,2026-02-15T13:37:13.688632
Tunis,144809395,residential,,36.7519087,10.0973793,2026-02-15T13:37:13.688632
Tunis,144811333,orchard,,36.7482652,10.1018073,2026-02-15T13:37:13.688632
Tunis,144811336,orchard,,36.7461804,10.0980981,2026-02-15T13:37:13.688632
Tunis,144811342,residential,,36.7485359,10.1043554,2026-02-15T13:37:13.688632
Tunis,144811347,orchard,,36.7445299,10.1024135,2026-02-15T13:37:13.688632
Tunis,144813623,residential,,36.76738,10.0893491,2026-02-15T13:37:13.688632
Tunis,144876906,industrial,,36.7381793,10.1153323,2026-02-15T13:37:13.688632
Tunis,144876911,orchard,,36.7379201,10.1181881,2026-02-15T13:37:13.688632
Tunis,144876923,residential,,36.7364194,10.1157902,2026-02-15T13:37:13.688632
Tunis,144876927,industrial,,36.7384157,10.1194629,2026-02-15T13:37:13.688632
Tunis,144876928,orchard,,36.7392782,10.1205232,2026-02-15T13:37:13.688632
Tunis,144876930,residential,,36.7398758,10.1205565,2026-02-15T13:37:13.688632
Tunis,144876934,residential,,36.7329952,10.1213171,2026-02-15T13:37:13.688632
Tunis,144876939,residential,,36.7386522,10.1186333,2026-02-15T13:37:13.688632
Tunis,146825806,farmyard,,36.8693629,10.1396386,2026-02-15T13:37:13.688632
Tunis,146825807,farmland,,36.8675253,10.1414014,2026-02-15T13:37:13.688632
Tunis,146825808,reservoir,,36.8625196,10.1428214,2026-02-15T13:37:13.688632
Tunis,146825810,farmyard,,36.8644288,10.1396599,2026-02-15T13:37:13.688632
Tunis,146827053,residential,حدائق المنزه,36.8599264,10.1318942,2026-02-15T13:37:13.688632
Tunis,146827057,residential,,36.8706844,10.1406056,2026-02-15T13:37:13.688632
Tunis,147551200,greenfield,,36.8335593,10.1881885,2026-02-15T13:37:13.688632
Tunis,147551213,brownfield,,36.8340124,10.189182,2026-02-15T13:37:13.688632
Tunis,147551218,village_green,2 Mars 1934,36.7324554,10.2000282,2026-02-15T13:37:13.688632
Tunis,147553535,construction,,36.8687837,10.1726112,2026-02-15T13:37:13.688632
Tunis,148621106,commercial,,36.8268787,10.1792977,2026-02-15T13:37:13.688632
Tunis,148625145,greenfield,,36.8501046,10.1961511,2026-02-15T13:37:13.688632
Tunis,150576280,forest,غابة عين زغوان,36.8524435,10.2777444,2026-02-15T13:37:13.688632
Tunis,151073118,brownfield,,36.8696156,10.2377552,2026-02-15T13:37:13.688632
Tunis,151073119,brownfield,,36.8627635,10.2421273,2026-02-15T13:37:13.688632
Tunis,151073120,cemetery,,36.8613221,10.2427592,2026-02-15T13:37:13.688632
Tunis,151073121,brownfield,,36.8654787,10.2365963,2026-02-15T13:37:13.688632
Tunis,151073122,brownfield,,36.8621349,10.2436544,2026-02-15T13:37:13.688632
Tunis,151073123,farmland,,36.8660994,10.2399146,2026-02-15T13:37:13.688632
Tunis,151073124,greenfield,,36.8663636,10.2351879,2026-02-15T13:37:13.688632
Tunis,151073125,brownfield,,36.8600321,10.2373098,2026-02-15T13:37:13.688632
Tunis,151073126,residential,,36.8663692,10.2431841,2026-02-15T13:37:13.688632
Tunis,151073127,brownfield,,36.8637335,10.2436035,2026-02-15T13:37:13.688632
Tunis,151073128,brownfield,,36.8633081,10.2443334,2026-02-15T13:37:13.688632
Tunis,151073129,farmyard,,36.8583789,10.2324465,2026-02-15T13:37:13.688632
Tunis,151073130,brownfield,,36.8631704,10.2423029,2026-02-15T13:37:13.688632
Tunis,151073131,farmland,,36.860916,10.235638,2026-02-15T13:37:13.688632
Tunis,151073132,brownfield,,36.8678398,10.2373097,2026-02-15T13:37:13.688632
Tunis,151073133,greenfield,,36.8664104,10.238919,2026-02-15T13:37:13.688632
Tunis,151073134,brownfield,,36.8596719,10.2350013,2026-02-15T13:37:13.688632
Tunis,151073135,farmland,,36.8589305,10.2351656,2026-02-15T13:37:13.688632
Tunis,151118521,commercial,,36.8720527,10.2361933,2026-02-15T13:37:13.688632
Tunis,151118524,greenfield,,36.8708575,10.2372487,2026-02-15T13:37:13.688632
Tunis,151118526,brownfield,,36.8741384,10.2408934,2026-02-15T13:37:13.688632
Tunis,151118532,village_green,,36.853269,10.257705,2026-02-15T13:37:13.688632
Tunis,151118534,village_green,,36.8723245,10.2366209,2026-02-15T13:37:13.688632
Tunis,151118536,brownfield,,36.8635483,10.2377291,2026-02-15T13:37:13.688632
Tunis,151118539,brownfield,,36.8615339,10.249343,2026-02-15T13:37:13.688632
Tunis,151118541,brownfield,,36.872676,10.2424444,2026-02-15T13:37:13.688632
Tunis,151118542,brownfield,,36.866274,10.247959,2026-02-15T13:37:13.688632
Tunis,151118544,brownfield,,36.8655298,10.2444777,2026-02-15T13:37:13.688632
Tunis,151118548,brownfield,,36.8655131,10.2450935,2026-02-15T13:37:13.688632
Tunis,151118549,brownfield,,36.8695747,10.2460884,2026-02-15T13:37:13.688632
Tunis,151118550,greenfield,,36.8694045,10.2350143,2026-02-15T13:37:13.688632
Tunis,151118551,brownfield,,36.8643462,10.2468214,2026-02-15T13:37:13.688632
Tunis,151118552,brownfield,,36.8607363,10.2394391,2026-02-15T13:37:13.688632
Tunis,151118554,brownfield,,36.8644407,10.244435,2026-02-15T13:37:13.688632
Tunis,151118557,commercial,,36.8738039,10.2391503,2026-02-15T13:37:13.688632
Tunis,151118558,commercial,,36.8740745,10.2459339,2026-02-15T13:37:13.688632
Tunis,151118559,brownfield,,36.8650689,10.2514844,2026-02-15T13:37:13.688632
Tunis,151158168,brownfield,,36.8570855,10.2559345,2026-02-15T13:37:13.688632
Tunis,151158169,brownfield,,36.8523287,10.2687988,2026-02-15T13:37:13.688632
Tunis,151158170,construction,,36.8557299,10.2649423,2026-02-15T13:37:13.688632
Tunis,151158171,brownfield,,36.8556368,10.2592691,2026-02-15T13:37:13.688632
Tunis,152181988,grass,,36.8147007,10.2885111,2026-02-15T13:37:13.688632
Tunis,152181989,village_green,,36.8199591,10.2925865,2026-02-15T13:37:13.688632
Tunis,152181993,village_green,,36.8140069,10.2892801,2026-02-15T13:37:13.688632
Tunis,152181998,village_green,,36.8191302,10.2902821,2026-02-15T13:37:13.688632
Tunis,152205551,village_green,,36.8018409,10.2787006,2026-02-15T13:37:13.688632
Tunis,152205553,village_green,,36.796936,10.2795892,2026-02-15T13:37:13.688632
Tunis,152205554,village_green,,36.8005955,10.2787089,2026-02-15T13:37:13.688632
Tunis,152205555,village_green,,36.7906767,10.2758301,2026-02-15T13:37:13.688632
Tunis,152205556,village_green,,36.8096351,10.2648055,2026-02-15T13:37:13.688632
Tunis,152926558,grass,المدرسة الإعدادية,36.8625396,10.1637325,2026-02-15T13:37:13.688632
Tunis,152926563,residential,النصر 1,36.8631686,10.1703026,2026-02-15T13:37:13.688632
Tunis,152926573,residential,النصر 2,36.8654856,10.1644368,2026-02-15T13:37:13.688632
Tunis,152926799,brownfield,,36.8678117,10.163849,2026-02-15T13:37:13.688632
Tunis,152926801,village_green,,36.8617385,10.1574727,2026-02-15T13:37:13.688632
Tunis,152926805,brownfield,,36.8619811,10.156856,2026-02-15T13:37:13.688632
Tunis,152926807,village_green,,36.8664956,10.158561,2026-02-15T13:37:13.688632
Tunis,152926809,grass,,36.8644379,10.1686969,2026-02-15T13:37:13.688632
Tunis,152926817,brownfield,,36.8666983,10.1715115,2026-02-15T13:37:13.688632
Tunis,152926820,brownfield,,36.8677757,10.1654257,2026-02-15T13:37:13.688632
Tunis,152926821,brownfield,,36.8671093,10.1644756,2026-02-15T13:37:13.688632
Tunis,152926822,brownfield,,36.8662591,10.1613964,2026-02-15T13:37:13.688632
Tunis,152926824,brownfield,,36.8656528,10.1614497,2026-02-15T13:37:13.688632
Tunis,152926825,grass,,36.8685821,10.1648444,2026-02-15T13:37:13.688632
Tunis,152926830,brownfield,,36.8679551,10.1633983,2026-02-15T13:37:13.688632
Tunis,152926834,village_green,,36.8652788,10.161626,2026-02-15T13:37:13.688632
Tunis,152926838,brownfield,,36.8667578,10.1721323,2026-02-15T13:37:13.688632
Tunis,154132471,brownfield,,36.77226,10.2817321,2026-02-15T13:37:13.688632
Tunis,154804851,industrial,,36.7740569,10.2007213,2026-02-15T13:37:13.688632
Tunis,154804852,grass,,36.8036298,10.1890443,2026-02-15T13:37:13.688632
Tunis,154804854,residential,,36.7651308,10.2039543,2026-02-15T13:37:13.688632
Tunis,154804856,brownfield,,36.7646453,10.1996123,2026-02-15T13:37:13.688632
Tunis,156267513,orchard,,36.7268463,10.1275061,2026-02-15T13:37:13.688632
Tunis,156267520,industrial,,36.7292175,10.1232301,2026-02-15T13:37:13.688632
Tunis,156267523,residential,,36.72671,10.1242386,2026-02-15T13:37:13.688632
Tunis,156267529,industrial,,36.7279341,10.1287694,2026-02-15T13:37:13.688632
Tunis,156268099,residential,,36.7310864,10.1240088,2026-02-15T13:37:13.688632
Tunis,156268111,orchard,,36.7308454,10.1243478,2026-02-15T13:37:13.688632
Tunis,156268124,orchard,,36.7311787,10.1235914,2026-02-15T13:37:13.688632
Tunis,156268127,residential,,36.7321045,10.1272427,2026-02-15T13:37:13.688632
Tunis,156268315,orchard,,36.7287854,10.1238526,2026-02-15T13:37:13.688632
Tunis,156268317,orchard,,36.7299204,10.1275007,2026-02-15T13:37:13.688632
Tunis,156292608,forest,غابة السيجومي,36.7564032,10.1762264,2026-02-15T13:37:13.688632
Tunis,156292609,industrial,,36.763839,10.1829718,2026-02-15T13:37:13.688632
Tunis,156292947,industrial,,36.7729989,10.1790155,2026-02-15T13:37:13.688632
Tunis,156293171,residential,,36.771239,10.1777846,2026-02-15T13:37:13.688632
Tunis,156546427,orchard,,36.7396875,10.1278336,2026-02-15T13:37:13.688632
Tunis,156546433,orchard,,36.7374708,10.1261062,2026-02-15T13:37:13.688632
Tunis,156704420,farmland,,36.7218373,10.1538092,2026-02-15T13:37:13.688632
Tunis,156704421,orchard,,36.7209967,10.1584601,2026-02-15T13:37:13.688632
Tunis,156704425,farmland,,36.7218201,10.1572811,2026-02-15T13:37:13.688632
Tunis,156704429,orchard,,36.7201474,10.1541888,2026-02-15T13:37:13.688632
Tunis,156704431,farmland,,36.7191541,10.1532593,2026-02-15T13:37:13.688632
Tunis,156704432,farmland,,36.7198357,10.1469695,2026-02-15T13:37:13.688632
Tunis,156704437,farmland,,36.7253306,10.1502873,2026-02-15T13:37:13.688632
Tunis,156705788,farmland,,36.7292021,10.1480503,2026-02-15T13:37:13.688632
Tunis,156705791,farmland,,36.7306295,10.1462172,2026-02-15T13:37:13.688632
Tunis,156705795,farmland,,36.7260981,10.1522683,2026-02-15T13:37:13.688632
Tunis,156705797,farmland,,36.7259804,10.147234,2026-02-15T13:37:13.688632
Tunis,156705799,farmland,,36.7269837,10.1429825,2026-02-15T13:37:13.688632
Tunis,156705800,farmland,,36.7282479,10.1404239,2026-02-15T13:37:13.688632
Tunis,156705802,farmland,,36.7313045,10.1412823,2026-02-15T13:37:13.688632
Tunis,156708231,farmland,,36.7228001,10.1383693,2026-02-15T13:37:13.688632
Tunis,156708238,farmland,,36.7236429,10.1337292,2026-02-15T13:37:13.688632
Tunis,156708243,orchard,,36.7276414,10.1316998,2026-02-15T13:37:13.688632
Tunis,156714562,residential,,36.7460054,10.117347,2026-02-15T13:37:13.688632
Tunis,156723991,orchard,,36.7510793,10.1185594,2026-02-15T13:37:13.688632
Tunis,156723994,orchard,,36.7529273,10.1136985,2026-02-15T13:37:13.688632
Tunis,157559647,orchard,,36.7431165,10.2609895,2026-02-15T13:37:13.688632
Tunis,158066919,farmland,,36.7231384,10.1626062,2026-02-15T13:37:13.688632
Tunis,158066927,farmland,,36.7276572,10.1630397,2026-02-15T13:37:13.688632
Tunis,158066930,farmland,,36.7316789,10.1378966,2026-02-15T13:37:13.688632
Tunis,158066933,farmland,,36.7283475,10.153988,2026-02-15T13:37:13.688632
Tunis,158066934,farmland,,36.7297485,10.1624873,2026-02-15T13:37:13.688632
Tunis,158066936,farmland,,36.7321002,10.1505948,2026-02-15T13:37:13.688632
Tunis,158066937,farmland,,36.7316196,10.1348556,2026-02-15T13:37:13.688632
Tunis,158066942,industrial,,36.7367188,10.1247088,2026-02-15T13:37:13.688632
Tunis,158066943,orchard,,36.7325723,10.1326066,2026-02-15T13:37:13.688632
Tunis,158066944,orchard,,36.732659,10.1300544,2026-02-15T13:37:13.688632
Tunis,158066945,farmland,,36.7245927,10.1564779,2026-02-15T13:37:13.688632
Tunis,158066946,farmland,,36.7302472,10.1530952,2026-02-15T13:37:13.688632
Tunis,158069331,orchard,,36.7336695,10.1189986,2026-02-15T13:37:13.688632
Tunis,158069338,residential,,36.7602785,10.1104633,2026-02-15T13:37:13.688632
Tunis,158069343,orchard,,36.7357111,10.1133651,2026-02-15T13:37:13.688632
Tunis,158069353,industrial,,36.7583768,10.1059548,2026-02-15T13:37:13.688632
Tunis,158069362,orchard,,36.7286626,10.1201029,2026-02-15T13:37:13.688632
Tunis,158069366,orchard,,36.7319497,10.1181234,2026-02-15T13:37:13.688632
Tunis,158069382,orchard,,36.7372587,10.1200116,2026-02-15T13:37:13.688632
Tunis,158069385,orchard,,36.7351043,10.1141661,2026-02-15T13:37:13.688632
Tunis,158069406,orchard,,36.7622749,10.1103647,2026-02-15T13:37:13.688632
Tunis,158069413,orchard,,36.7342711,10.116777,2026-02-15T13:37:13.688632
Tunis,158070587,orchard,,36.7500195,10.1181463,2026-02-15T13:37:13.688632
Tunis,158070590,residential,,36.7547969,10.1191434,2026-02-15T13:37:13.688632
Tunis,158070592,orchard,,36.7552502,10.1135586,2026-02-15T13:37:13.688632
Tunis,158070595,orchard,,36.751702,10.1139408,2026-02-15T13:37:13.688632
Tunis,158070599,residential,,36.7526096,10.1084838,2026-02-15T13:37:13.688632
Tunis,158070601,industrial,,36.7560604,10.1139394,2026-02-15T13:37:13.688632
Tunis,158070603,industrial,,36.75871,10.1148943,2026-02-15T13:37:13.688632
Tunis,158070604,orchard,,36.7544679,10.1143867,2026-02-15T13:37:13.688632
Tunis,158070606,industrial,,36.7556378,10.1145133,2026-02-15T13:37:13.688632
Tunis,158070607,industrial,,36.7545882,10.113285,2026-02-15T13:37:13.688632
Tunis,158070608,orchard,,36.7555788,10.1120095,2026-02-15T13:37:13.688632
Tunis,158169517,residential,,36.7567352,10.1135265,2026-02-15T13:37:13.688632
Tunis,158169518,residential,,36.7689863,10.1131739,2026-02-15T13:37:13.688632
Tunis,158169520,residential,,36.7589573,10.1107667,2026-02-15T13:37:13.688632
Tunis,158169522,residential,,36.7637148,10.1126787,2026-02-15T13:37:13.688632
Tunis,158169523,residential,,36.7654936,10.1127212,2026-02-15T13:37:13.688632
Tunis,158169524,orchard,,36.7547238,10.1159723,2026-02-15T13:37:13.688632
Tunis,158169525,orchard,,36.7535506,10.1128805,2026-02-15T13:37:13.688632
Tunis,158171173,orchard,,36.7417388,10.1054045,2026-02-15T13:37:13.688632
Tunis,158171175,orchard,,36.7595076,10.1042598,2026-02-15T13:37:13.688632
Tunis,158171176,orchard,,36.743282,10.104176,2026-02-15T13:37:13.688632
Tunis,158171177,residential,,36.7586154,10.100083,2026-02-15T13:37:13.688632
Tunis,158171179,orchard,,36.7397184,10.1077466,2026-02-15T13:37:13.688632
Tunis,158171180,orchard,,36.7480596,10.1063005,2026-02-15T13:37:13.688632
Tunis,158171182,residential,,36.7617588,10.1087768,2026-02-15T13:37:13.688632
Tunis,158171184,residential,,36.7560655,10.0901433,2026-02-15T13:37:13.688632
Tunis,158171185,orchard,,36.7413949,10.1067596,2026-02-15T13:37:13.688632
Tunis,158171190,orchard,,36.7431143,10.1024702,2026-02-15T13:37:13.688632
Tunis,158171192,orchard,,36.7617295,10.1007267,2026-02-15T13:37:13.688632
Tunis,158171193,orchard,,36.7598574,10.1011935,2026-02-15T13:37:13.688632
Tunis,158171196,residential,,36.7556138,10.1004692,2026-02-15T13:37:13.688632
Tunis,158196642,residential,,36.7662811,10.1164454,2026-02-15T13:37:13.688632
Tunis,158196646,residential,,36.7631691,10.1158858,2026-02-15T13:37:13.688632
Tunis,158197572,residential,,36.7661971,10.1100035,2026-02-15T13:37:13.688632
Tunis,158197574,cemetery,مقبرة سيدي حسين,36.7674267,10.1108114,2026-02-15T13:37:13.688632
Tunis,158197575,residential,,36.7712245,10.1115921,2026-02-15T13:37:13.688632
Tunis,158197576,residential,,36.7733758,10.1174418,2026-02-15T13:37:13.688632
Tunis,158197578,orchard,,36.7672591,10.1100783,2026-02-15T13:37:13.688632
Tunis,158197580,residential,,36.7672258,10.1037811,2026-02-15T13:37:13.688632
Tunis,158197583,residential,,36.7611366,10.1057323,2026-02-15T13:37:13.688632
Tunis,158463189,basin,,36.8154325,10.1087958,2026-02-15T13:37:13.688632
Tunis,158463190,village_green,,36.8107865,10.1209441,2026-02-15T13:37:13.688632
Tunis,159975923,residential,,36.7885159,10.1233517,2026-02-15T13:37:13.688632
Tunis,159976936,residential,,36.7943282,10.121686,2026-02-15T13:37:13.688632
Tunis,160062359,residential,,36.777798,10.1169759,2026-02-15T13:37:13.688632
Tunis,160062360,residential,,36.7787689,10.1143873,2026-02-15T13:37:13.688632
Tunis,160062362,residential,,36.781532,10.1149631,2026-02-15T13:37:13.688632
Tunis,160287681,orchard,,36.7690744,10.0954161,2026-02-15T13:37:13.688632
Tunis,160287682,residential,,36.7716053,10.095801,2026-02-15T13:37:13.688632
Tunis,160287683,residential,,36.7733152,10.105223,2026-02-15T13:37:13.688632
Tunis,160287684,residential,,36.7673675,10.0947995,2026-02-15T13:37:13.688632
Tunis,160287685,residential,,36.7728127,10.1000911,2026-02-15T13:37:13.688632
Tunis,160288460,residential,حي المنوبية,36.7826163,10.1025218,2026-02-15T13:37:13.688632
Tunis,160288463,residential,,36.7890752,10.10195,2026-02-15T13:37:13.688632
Tunis,160288465,residential,حي السلامة,36.7864371,10.1137013,2026-02-15T13:37:13.688632
Tunis,160288638,industrial,,36.7790647,10.0904905,2026-02-15T13:37:13.688632
Tunis,160288639,orchard,,36.7812166,10.0952656,2026-02-15T13:37:13.688632
Tunis,160338210,orchard,,36.7796508,10.103409,2026-02-15T13:37:13.688632
Tunis,160338211,industrial,,36.7781576,10.1006195,2026-02-15T13:37:13.688632
Tunis,160338212,orchard,,36.7758673,10.0985382,2026-02-15T13:37:13.688632
Tunis,160338213,residential,,36.7754742,10.0927792,2026-02-15T13:37:13.688632
Tunis,160338962,industrial,,36.7752487,10.0822353,2026-02-15T13:37:13.688632
Tunis,160338963,orchard,,36.7731343,10.0859589,2026-02-15T13:37:13.688632
Tunis,160338964,residential,,36.7775802,10.0862668,2026-02-15T13:37:13.688632
Tunis,160338965,orchard,,36.7729069,10.0833466,2026-02-15T13:37:13.688632
Tunis,160338966,residential,,36.7721267,10.0860199,2026-02-15T13:37:13.688632
Tunis,160338967,orchard,,36.7829909,10.0863185,2026-02-15T13:37:13.688632
Tunis,160338969,residential,,36.7718953,10.0834879,2026-02-15T13:37:13.688632
Tunis,160338970,orchard,,36.7801105,10.0828693,2026-02-15T13:37:13.688632
Tunis,160338971,orchard,,36.7743271,10.0851545,2026-02-15T13:37:13.688632
Tunis,160338973,orchard,,36.7790641,10.0836792,2026-02-15T13:37:13.688632
Tunis,160338975,orchard,,36.7741646,10.0891846,2026-02-15T13:37:13.688632
Tunis,160338981,residential,,36.773332,10.0864068,2026-02-15T13:37:13.688632
Tunis,160338982,orchard,,36.7749385,10.0884369,2026-02-15T13:37:13.688632
Tunis,160340200,industrial,,36.7944299,10.1015301,2026-02-15T13:37:13.688632
Tunis,160340203,residential,,36.7946364,10.0998089,2026-02-15T13:37:13.688632
Tunis,160340205,residential,,36.7910443,10.0965026,2026-02-15T13:37:13.688632
Tunis,160340207,residential,,36.7890527,10.0892153,2026-02-15T13:37:13.688632
Tunis,160340215,residential,,36.7952801,10.1038135,2026-02-15T13:37:13.688632
Tunis,160340217,residential,,36.7979064,10.0930452,2026-02-15T13:37:13.688632
Tunis,160447413,industrial,,36.7998754,10.1159889,2026-02-15T13:37:13.688632
Tunis,160447414,cemetery,مقبرة دندان,36.8014405,10.1130037,2026-02-15T13:37:13.688632
Tunis,160447415,residential,,36.7992135,10.1072249,2026-02-15T13:37:13.688632
Tunis,160447416,residential,,36.8023071,10.1137329,2026-02-15T13:37:13.688632
Tunis,160447418,residential,,36.8009614,10.1161984,2026-02-15T13:37:13.688632
Tunis,161173465,brownfield,,36.8323163,10.22229,2026-02-15T13:37:13.688632
Tunis,161208810,cemetery,مقبرة سيدي عمر,36.8061327,10.0851838,2026-02-15T13:37:13.688632
Tunis,161240201,residential,,36.7998448,10.1112295,2026-02-15T13:37:13.688632
Tunis,161240202,residential,,36.8005978,10.1204126,2026-02-15T13:37:13.688632
Tunis,161240204,residential,,36.8005645,10.1066655,2026-02-15T13:37:13.688632
Tunis,161240206,residential,,36.7920304,10.1177218,2026-02-15T13:37:13.688632
Tunis,161240208,residential,,36.7995518,10.1161921,2026-02-15T13:37:13.688632
Tunis,161240211,brownfield,,36.7954001,10.1120387,2026-02-15T13:37:13.688632
Tunis,161240216,residential,,36.7941836,10.1115311,2026-02-15T13:37:13.688632
Tunis,161243224,residential,,36.8166789,10.0835024,2026-02-15T13:37:13.688632
Tunis,161243227,orchard,,36.8178867,10.0861657,2026-02-15T13:37:13.688632
Tunis,161243228,industrial,,36.8146572,10.0978771,2026-02-15T13:37:13.688632
Tunis,161243229,residential,Cité des Oranges,36.8132596,10.0786168,2026-02-15T13:37:13.688632
Tunis,161243230,residential,,36.8093263,10.0996398,2026-02-15T13:37:13.688632
Tunis,161342357,orchard,,36.8433858,10.0883611,2026-02-15T13:37:13.688632
Tunis,161342359,orchard,,36.8445932,10.093666,2026-02-15T13:37:13.688632
Tunis,161342382,orchard,,36.8470196,10.0798332,2026-02-15T13:37:13.688632
Tunis,161353118,industrial,,36.8222295,10.0708541,2026-02-15T13:37:13.688632
Tunis,161358248,residential,,36.8192242,10.0853183,2026-02-15T13:37:13.688632
Tunis,161358250,orchard,,36.8202134,10.0802638,2026-02-15T13:37:13.688632
Tunis,161358252,industrial,,36.8206996,10.0783777,2026-02-15T13:37:13.688632
Tunis,161358254,industrial,,36.8231074,10.1035754,2026-02-15T13:37:13.688632
Tunis,161358262,industrial,,36.819859,10.0822678,2026-02-15T13:37:13.688632
Tunis,161358265,industrial,المنطقة الصناعية قصر السعيد,36.8203574,10.0994796,2026-02-15T13:37:13.688632
Tunis,161359571,orchard,,36.8197293,10.1145299,2026-02-15T13:37:13.688632
Tunis,161361626,orchard,,36.8033585,10.085522,2026-02-15T13:37:13.688632
Tunis,161361630,industrial,,36.7984393,10.0820242,2026-02-15T13:37:13.688632
Tunis,161361646,residential,,36.8058064,10.0897138,2026-02-15T13:37:13.688632
Tunis,161361647,residential,,36.7989569,10.0775986,2026-02-15T13:37:13.688632
Tunis,161361649,orchard,,36.798182,10.0816039,2026-02-15T13:37:13.688632
Tunis,161361653,orchard,,36.8040101,10.0829657,2026-02-15T13:37:13.688632
Tunis,161363691,orchard,,36.7830812,10.0788779,2026-02-15T13:37:13.688632
Tunis,161363701,industrial,,36.8007979,10.0821369,2026-02-15T13:37:13.688632
Tunis,161363710,industrial,,36.801425,10.0836228,2026-02-15T13:37:13.688632
Tunis,161363712,residential,,36.7906739,10.0813947,2026-02-15T13:37:13.688632
Tunis,161475681,orchard,,36.8087326,10.0701094,2026-02-15T13:37:13.688632
Tunis,161476377,orchard,,36.8072063,10.0769383,2026-02-15T13:37:13.688632
Tunis,161476378,orchard,,36.8054621,10.080047,2026-02-15T13:37:13.688632
Tunis,161476380,orchard,,36.808103,10.0753208,2026-02-15T13:37:13.688632
Tunis,161478847,residential,,36.7564989,10.0969717,2026-02-15T13:37:13.688632
Tunis,161515100,industrial,,36.808532,10.0895947,2026-02-15T13:37:13.688632
Tunis,164202048,residential,,36.8001145,10.0944028,2026-02-15T13:37:13.688632
Tunis,171715816,greenfield,,36.8023877,10.0957511,2026-02-15T13:37:13.688632
Tunis,171715818,military,,36.8118121,10.0970657,2026-02-15T13:37:13.688632
Tunis,171715825,brownfield,,36.8037172,10.0998502,2026-02-15T13:37:13.688632
Tunis,171715827,brownfield,,36.8039354,10.0963828,2026-02-15T13:37:13.688632
Tunis,171715828,industrial,,36.8161377,10.0972733,2026-02-15T13:37:13.688632
Tunis,171722541,village_green,,36.8082153,10.1104872,2026-02-15T13:37:13.688632
Tunis,171722542,cemetery,,36.814054,10.1081436,2026-02-15T13:37:13.688632
Tunis,171722544,brownfield,,36.8097105,10.1156959,2026-02-15T13:37:13.688632
Tunis,171728399,brownfield,,36.8039477,10.1184508,2026-02-15T13:37:13.688632
Tunis,171877515,commercial,,36.8934395,10.191612,2026-02-15T13:37:13.688632
Tunis,171900694,village_green,,36.8025996,10.2208437,2026-02-15T13:37:13.688632
Tunis,171900695,residential,,36.7978233,10.1915478,2026-02-15T13:37:13.688632
Tunis,171900696,industrial,,36.7993144,10.1897855,2026-02-15T13:37:13.688632
Tunis,171920791,residential,Résidence Mimoza,36.8517074,10.1937911,2026-02-15T13:37:13.688632
Tunis,171920792,residential,"إقامة ابن رشد ""العصر جديد""",36.8518127,10.194787,2026-02-15T13:37:13.688632
Tunis,171923289,retail,مركز أريانة,36.8578761,10.1898422,2026-02-15T13:37:13.688632
Tunis,171935446,residential,Résidence El Moez,36.8530963,10.1930192,2026-02-15T13:37:13.688632
Tunis,171935448,residential,Résidence Ibn Rachik,36.8518569,10.1929025,2026-02-15T13:37:13.688632
Tunis,171935449,residential,Résidence Riadh,36.8517847,10.1932963,2026-02-15T13:37:13.688632
Tunis,171958493,residential,برج الهنا,36.8574732,10.1832676,2026-02-15T13:37:13.688632
Tunis,171986322,residential,Borj Baccouche,36.8551275,10.1991998,2026-02-15T13:37:13.688632
Tunis,172005260,residential,رياض الاندلس,36.8814865,10.1691937,2026-02-15T13:37:13.688632
Tunis,172210162,residential,,36.850076,10.1852296,2026-02-15T13:37:13.688632
Tunis,172227099,construction,,36.8935945,10.1737747,2026-02-15T13:37:13.688632
Tunis,172227112,greenfield,,36.8942082,10.1734307,2026-02-15T13:37:13.688632
Tunis,172227122,brownfield,,36.8913545,10.1693771,2026-02-15T13:37:13.688632
Tunis,172227123,village_green,,36.8905276,10.1609438,2026-02-15T13:37:13.688632
Tunis,172227124,industrial,,36.894142,10.1803182,2026-02-15T13:37:13.688632
Tunis,172233272,brownfield,,36.8843261,10.1868075,2026-02-15T13:37:13.688632
Tunis,172233275,industrial,Zone Industrielle Chotrana II,36.8998805,10.1926277,2026-02-15T13:37:13.688632
Tunis,172233276,brownfield,,36.890168,10.2017236,2026-02-15T13:37:13.688632
Tunis,172233278,brownfield,,36.8852167,10.1920406,2026-02-15T13:37:13.688632
Tunis,172237147,brownfield,,36.8809807,10.1775984,2026-02-15T13:37:13.688632
Tunis,172237148,greenfield,,36.8853884,10.1705483,2026-02-15T13:37:13.688632
Tunis,172237151,brownfield,,36.8776313,10.1907535,2026-02-15T13:37:13.688632
Tunis,172237152,greenfield,,36.8832961,10.1751276,2026-02-15T13:37:13.688632
Tunis,172237153,orchard,,36.8829576,10.176369,2026-02-15T13:37:13.688632
Tunis,172237156,brownfield,,36.8870402,10.1750195,2026-02-15T13:37:13.688632
Tunis,172237171,brownfield,,36.8754756,10.1895804,2026-02-15T13:37:13.688632
Tunis,172237173,brownfield,,36.8881791,10.1812751,2026-02-15T13:37:13.688632
Tunis,172237174,brownfield,,36.8800242,10.1944933,2026-02-15T13:37:13.688632
Tunis,172237175,brownfield,,36.8835277,10.1784992,2026-02-15T13:37:13.688632
Tunis,172237176,brownfield,,36.881141,10.1789866,2026-02-15T13:37:13.688632
Tunis,172237177,brownfield,,36.8782275,10.189634,2026-02-15T13:37:13.688632
Tunis,172237178,brownfield,,36.8816924,10.1972663,2026-02-15T13:37:13.688632
Tunis,172237179,greenfield,,36.8816011,10.1892485,2026-02-15T13:37:13.688632
Tunis,172346635,brownfield,,36.8568945,10.1732046,2026-02-15T13:37:13.688632
Tunis,172346638,village_green,,36.8586002,10.1776654,2026-02-15T13:37:13.688632
Tunis,172346639,brownfield,,36.8591998,10.1758034,2026-02-15T13:37:13.688632
Tunis,172346640,greenfield,,36.860762,10.1744043,2026-02-15T13:37:13.688632
Tunis,172346644,residential,المنزه 5,36.8482298,10.1741788,2026-02-15T13:37:13.688632
Tunis,172346645,residential,المنزه 8,36.8577515,10.1730763,2026-02-15T13:37:13.688632
Tunis,172424641,brownfield,,36.7174678,10.1806133,2026-02-15T13:37:13.688632
Tunis,172589907,orchard,,36.8784133,10.1613552,2026-02-15T13:37:13.688632
Tunis,172589910,quarry,,36.8846656,10.1504372,2026-02-15T13:37:13.688632
Tunis,172589912,farmland,,36.8796933,10.1625368,2026-02-15T13:37:13.688632
Tunis,172589932,orchard,,36.8852743,10.1590974,2026-02-15T13:37:13.688632
Tunis,172589935,quarry,,36.8738809,10.1585596,2026-02-15T13:37:13.688632
Tunis,172595726,commercial,اتصالات تونس,36.8522185,10.1948442,2026-02-15T13:37:13.688632
Tunis,172595760,industrial,,36.8640055,10.2192549,2026-02-15T13:37:13.688632
Tunis,172595761,brownfield,,36.8593766,10.1873806,2026-02-15T13:37:13.688632
Tunis,172595762,residential,,36.864255,10.2172037,2026-02-15T13:37:13.688632
Tunis,172595763,industrial,,36.8617286,10.2119372,2026-02-15T13:37:13.688632
Tunis,172595764,brownfield,,36.8622974,10.2177035,2026-02-15T13:37:13.688632
Tunis,172619811,brownfield,,36.850217,10.19243,2026-02-15T13:37:13.688632
Tunis,172621577,brownfield,,36.8231752,10.1946728,2026-02-15T13:37:13.688632
Tunis,173381055,residential,ابن سينا,36.7512464,10.1826107,2026-02-15T13:37:13.688632
Tunis,173381397,brownfield,,36.7532702,10.1861537,2026-02-15T13:37:13.688632
Tunis,173381409,brownfield,,36.7525363,10.1791613,2026-02-15T13:37:13.688632
Tunis,173381416,brownfield,,36.7531444,10.1802935,2026-02-15T13:37:13.688632
Tunis,173381418,brownfield,,36.7533939,10.1838605,2026-02-15T13:37:13.689638
Tunis,173381419,village_green,,36.7523277,10.1802321,2026-02-15T13:37:13.689638
Tunis,173385855,brownfield,,36.7444446,10.1927039,2026-02-15T13:37:13.689638
Tunis,173428801,brownfield,,36.7198955,10.1910071,2026-02-15T13:37:13.689638
Tunis,173428802,brownfield,,36.7405652,10.1822365,2026-02-15T13:37:13.689638
Tunis,173428806,industrial,,36.7245084,10.192576,2026-02-15T13:37:13.689638
Tunis,173428807,farmyard,,36.7195905,10.1895513,2026-02-15T13:37:13.689638
Tunis,173428808,farmyard,,36.7175918,10.1902293,2026-02-15T13:37:13.689638
Tunis,173432968,brownfield,,36.7310114,10.199934,2026-02-15T13:37:13.689638
Tunis,173432969,brownfield,,36.7383892,10.2046937,2026-02-15T13:37:13.689638
Tunis,173445090,residential,المروج 1,36.7376628,10.2052907,2026-02-15T13:37:13.689638
Tunis,173489381,brownfield,,36.7379393,10.2098867,2026-02-15T13:37:13.689638
Tunis,173489382,village_green,,36.7405868,10.2064601,2026-02-15T13:37:13.689638
Tunis,173489383,greenfield,,36.7419777,10.2109641,2026-02-15T13:37:13.689638
Tunis,173489384,industrial,,36.7422095,10.2104358,2026-02-15T13:37:13.689638
Tunis,173489387,brownfield,,36.7399882,10.208367,2026-02-15T13:37:13.689638
Tunis,173489388,greenfield,,36.7403973,10.2140084,2026-02-15T13:37:13.689638
Tunis,173919632,basin,,36.8948303,10.2021332,2026-02-15T13:37:13.689638
Tunis,173921298,basin,,36.8945806,10.2024966,2026-02-15T13:37:13.689638
Tunis,173921300,basin,,36.8942758,10.2027284,2026-02-15T13:37:13.689638
Tunis,173921303,basin,,36.8949764,10.2017267,2026-02-15T13:37:13.689638
Tunis,173921314,greenfield,,36.895976,10.1991349,2026-02-15T13:37:13.689638
Tunis,173921346,basin,,36.8952075,10.2035022,2026-02-15T13:37:13.689638
Tunis,174010010,brownfield,,36.8782542,10.2076407,2026-02-15T13:37:13.689638
Tunis,174010011,brownfield,,36.8807034,10.2062085,2026-02-15T13:37:13.689638
Tunis,174010012,brownfield,,36.8780869,10.2031278,2026-02-15T13:37:13.689638
Tunis,174010013,brownfield,,36.8764181,10.2111003,2026-02-15T13:37:13.689638
Tunis,174010017,farmland,,36.8765818,10.2114025,2026-02-15T13:37:13.689638
Tunis,174010018,farmland,,36.879271,10.2081021,2026-02-15T13:37:13.689638
Tunis,174010021,farmland,,36.8955112,10.2101121,2026-02-15T13:37:13.689638
Tunis,174010022,brownfield,,36.8733655,10.2022809,2026-02-15T13:37:13.689638
Tunis,174010023,brownfield,,36.8767412,10.2091639,2026-02-15T13:37:13.689638
Tunis,174010024,greenfield,,36.8924266,10.2073971,2026-02-15T13:37:13.689638
Tunis,174010025,residential,,36.8867956,10.2069193,2026-02-15T13:37:13.689638
Tunis,174010027,farmland,,36.894525,10.2234323,2026-02-15T13:37:13.689638
Tunis,174010028,brownfield,,36.8782912,10.2100813,2026-02-15T13:37:13.689638
Tunis,174010029,brownfield,,36.8869674,10.2190395,2026-02-15T13:37:13.689638
Tunis,174010030,industrial,,36.88428,10.205557,2026-02-15T13:37:13.689638
Tunis,174010031,industrial,,36.892309,10.2083806,2026-02-15T13:37:13.689638
Tunis,174017621,brownfield,,36.8767564,10.2302748,2026-02-15T13:37:13.689638
Tunis,174017622,brownfield,,36.8819214,10.2144028,2026-02-15T13:37:13.689638
Tunis,174017623,farmland,,36.8813162,10.2164976,2026-02-15T13:37:13.689638
Tunis,174017624,farmland,,36.8820776,10.2123121,2026-02-15T13:37:13.689638
Tunis,174017625,greenfield,,36.882545,10.2205744,2026-02-15T13:37:13.689638
Tunis,174017626,brownfield,,36.8889124,10.2230686,2026-02-15T13:37:13.689638
Tunis,174017627,greenfield,,36.8854382,10.2214647,2026-02-15T13:37:13.689638
Tunis,174017628,brownfield,,36.8831325,10.2117986,2026-02-15T13:37:13.689638
Tunis,174017629,village_green,,36.8826105,10.22172,2026-02-15T13:37:13.689638
Tunis,174017631,greenfield,,36.8813861,10.2223235,2026-02-15T13:37:13.689638
Tunis,174017632,greenfield,,36.8810091,10.2211528,2026-02-15T13:37:13.689638
Tunis,174017633,greenfield,,36.8819637,10.222924,2026-02-15T13:37:13.689638
Tunis,174017634,brownfield,,36.8808358,10.2109714,2026-02-15T13:37:13.689638
Tunis,174017635,cemetery,,36.8773818,10.2176864,2026-02-15T13:37:13.689638
Tunis,174017636,greenfield,,36.8802005,10.2128669,2026-02-15T13:37:13.689638
Tunis,174017637,greenfield,,36.8763733,10.2410021,2026-02-15T13:37:13.689638
Tunis,174017638,greenfield,,36.8798668,10.2386124,2026-02-15T13:37:13.689638
Tunis,174017639,greenfield,,36.8796303,10.2174404,2026-02-15T13:37:13.689638
Tunis,174017640,greenfield,,36.8755679,10.2327942,2026-02-15T13:37:13.689638
Tunis,174017641,greenfield,,36.8784513,10.2247534,2026-02-15T13:37:13.689638
Tunis,174017642,greenfield,,36.8826659,10.2229,2026-02-15T13:37:13.689638
Tunis,174017643,greenfield,,36.8783981,10.2401998,2026-02-15T13:37:13.689638
Tunis,174017644,greenfield,,36.8823429,10.2221804,2026-02-15T13:37:13.689638
Tunis,174017645,farmland,,36.877012,10.2314743,2026-02-15T13:37:13.689638
Tunis,174017646,greenfield,,36.8857105,10.2262752,2026-02-15T13:37:13.689638
Tunis,174017647,residential,,36.8844718,10.2376767,2026-02-15T13:37:13.689638
Tunis,174017648,greenfield,,36.8807207,10.2195992,2026-02-15T13:37:13.689638
Tunis,174150618,brownfield,,36.871942,10.2081301,2026-02-15T13:37:13.689638
Tunis,174150619,brownfield,,36.8673901,10.1988979,2026-02-15T13:37:13.689638
Tunis,174166233,brownfield,,36.8622522,10.205444,2026-02-15T13:37:13.689638
Tunis,174166234,farmland,,36.8754162,10.2285007,2026-02-15T13:37:13.689638
Tunis,174166235,brownfield,,36.8683834,10.2110369,2026-02-15T13:37:13.689638
Tunis,174166237,greenfield,,36.8749557,10.2153146,2026-02-15T13:37:13.689638
Tunis,174166242,greenfield,,36.8723827,10.2296816,2026-02-15T13:37:13.689638
Tunis,174166247,residential,,36.8934681,10.1966686,2026-02-15T13:37:13.689638
Tunis,174166257,brownfield,,36.8699161,10.2111343,2026-02-15T13:37:13.689638
Tunis,174166259,greenfield,,36.8634523,10.2134974,2026-02-15T13:37:13.689638
Tunis,174166264,brownfield,,36.8617435,10.2041774,2026-02-15T13:37:13.689638
Tunis,174166265,brownfield,,36.8697976,10.2235778,2026-02-15T13:37:13.689638
Tunis,174166266,greenfield,,36.8652714,10.2123909,2026-02-15T13:37:13.689638
Tunis,174166267,brownfield,,36.8663379,10.2148125,2026-02-15T13:37:13.689638
Tunis,174166268,brownfield,,36.8624295,10.2104244,2026-02-15T13:37:13.689638
Tunis,174166271,brownfield,,36.8656394,10.2063324,2026-02-15T13:37:13.689638
Tunis,174166273,brownfield,,36.8619516,10.2027747,2026-02-15T13:37:13.689638
Tunis,174166275,brownfield,,36.8624546,10.2081003,2026-02-15T13:37:13.689638
Tunis,174166276,greenfield,,36.8678769,10.2160828,2026-02-15T13:37:13.689638
Tunis,174166278,brownfield,,36.864315,10.2104268,2026-02-15T13:37:13.689638
Tunis,174172238,residential,,36.873387,10.2590351,2026-02-15T13:37:13.689638
Tunis,174174697,farmland,,36.8733344,10.2500205,2026-02-15T13:37:13.689638
Tunis,174174698,greenfield,,36.8755466,10.2509136,2026-02-15T13:37:13.689638
Tunis,174174699,farmland,,36.8759974,10.2538662,2026-02-15T13:37:13.689638
Tunis,174176700,industrial,,36.8659938,10.224394,2026-02-15T13:37:13.689638
Tunis,174176706,industrial,,36.8682588,10.2272004,2026-02-15T13:37:13.689638
Tunis,177082741,farmland,,36.8074213,10.0696912,2026-02-15T13:37:13.689638
Tunis,178965126,brownfield,,36.8675501,10.1509535,2026-02-15T13:37:13.689638
Tunis,179063399,farmyard,,36.8652818,10.1466637,2026-02-15T13:37:13.689638
Tunis,179063400,farmyard,,36.8678316,10.1473831,2026-02-15T13:37:13.689638
Tunis,179063401,orchard,,36.8690797,10.1486919,2026-02-15T13:37:13.689638
Tunis,179063402,farmland,,36.8724523,10.1474917,2026-02-15T13:37:13.689638
Tunis,179063403,farmland,,36.8735523,10.1463515,2026-02-15T13:37:13.689638
Tunis,179063404,brownfield,,36.8651725,10.1576499,2026-02-15T13:37:13.689638
Tunis,179063405,farmland,,36.8749353,10.1481014,2026-02-15T13:37:13.689638
Tunis,179063406,farmyard,,36.8734308,10.1466626,2026-02-15T13:37:13.689638
Tunis,179063407,greenfield,,36.8671161,10.1558321,2026-02-15T13:37:13.689638
Tunis,179066323,village_green,,36.831404,10.1855082,2026-02-15T13:37:13.689638
Tunis,179066326,industrial,,36.8299639,10.1857055,2026-02-15T13:37:13.689638
Tunis,179255798,grass,,36.8214918,10.1458621,2026-02-15T13:37:13.689638
Tunis,179255816,greenfield,,36.8246157,10.1441226,2026-02-15T13:37:13.689638
Tunis,179255820,village_green,,36.8286176,10.1522162,2026-02-15T13:37:13.689638
Tunis,179574370,residential,,36.8543887,10.2567986,2026-02-15T13:37:13.689638
Tunis,179574373,residential,,36.8536389,10.256537,2026-02-15T13:37:13.689638
Tunis,179942975,grass,,36.8091343,10.1333073,2026-02-15T13:37:13.689638
Tunis,179942976,village_green,,36.8081468,10.135186,2026-02-15T13:37:13.689638
Tunis,179942977,grass,,36.8093599,10.1338145,2026-02-15T13:37:13.689638
Tunis,179942981,village_green,,36.8081809,10.1362334,2026-02-15T13:37:13.689638
Tunis,179942982,village_green,,36.8114269,10.1348034,2026-02-15T13:37:13.689638
Tunis,179942983,village_green,,36.8092321,10.1357347,2026-02-15T13:37:13.689638
Tunis,179942984,grass,,36.8095224,10.135149,2026-02-15T13:37:13.689638
Tunis,179942985,residential,,36.8100538,10.1348034,2026-02-15T13:37:13.689638
Tunis,179942986,village_green,,36.8088149,10.1342597,2026-02-15T13:37:13.689638
Tunis,179942987,grass,,36.8115077,10.1337518,2026-02-15T13:37:13.689638
Tunis,179947568,retail,,36.8096837,10.13779,2026-02-15T13:37:13.689638
Tunis,179953386,grass,متحف الذاكرة الوطنية بالسيجومي,36.7722208,10.1718354,2026-02-15T13:37:13.689638
Tunis,179953463,brownfield,,36.7745988,10.1736271,2026-02-15T13:37:13.689638
Tunis,180051814,brownfield,,36.7591605,10.1987192,2026-02-15T13:37:13.689638
Tunis,180051815,industrial,,36.7571753,10.1995324,2026-02-15T13:37:13.689638
Tunis,180051817,village_green,,36.7544367,10.1944539,2026-02-15T13:37:13.689638
Tunis,180055818,village_green,+,36.7560917,10.1966289,2026-02-15T13:37:13.689638
Tunis,180055819,village_green,+,36.7554881,10.195781,2026-02-15T13:37:13.689638
Tunis,180055888,village_green,,36.7551066,10.1952746,2026-02-15T13:37:13.689638
Tunis,180055894,greenfield,,36.7560942,10.1977087,2026-02-15T13:37:13.689638
Tunis,180069399,brownfield,,36.7530653,10.1887745,2026-02-15T13:37:13.689638
Tunis,180069400,greenfield,,36.7522479,10.1888631,2026-02-15T13:37:13.689638
Tunis,180069403,brownfield,,36.7487939,10.192055,2026-02-15T13:37:13.689638
Tunis,180069404,residential,,36.7531951,10.1916345,2026-02-15T13:37:13.689638
Tunis,180180119,residential,,36.8054547,10.1196238,2026-02-15T13:37:13.689638
Tunis,180180120,village_green,,36.8094398,10.1218388,2026-02-15T13:37:13.689638
Tunis,180208878,greenfield,,36.8064672,10.1460131,2026-02-15T13:37:13.689638
Tunis,180208879,grass,,36.8038004,10.1478933,2026-02-15T13:37:13.689638
Tunis,180208880,grass,,36.8036378,10.1485024,2026-02-15T13:37:13.689638
Tunis,180208881,grass,,36.8047201,10.1495424,2026-02-15T13:37:13.689638
Tunis,180208882,grass,,36.8045724,10.1462728,2026-02-15T13:37:13.689638
Tunis,180208883,grass,,36.8050573,10.1489964,2026-02-15T13:37:13.689638
Tunis,180208884,brownfield,,36.8062994,10.1419846,2026-02-15T13:37:13.689638
Tunis,180208885,grass,,36.8042397,10.1467805,2026-02-15T13:37:13.689638
Tunis,180208886,residential,بوشوشة,36.805241,10.1444234,2026-02-15T13:37:13.689638
Tunis,180239565,village_green,,36.8020853,10.1561607,2026-02-15T13:37:13.689638
Tunis,180239567,greenfield,,36.8012781,10.1537599,2026-02-15T13:37:13.689638
Tunis,180242273,grass,,36.8027256,10.1570423,2026-02-15T13:37:13.689638
Tunis,180242276,village_green,معهد البحوث البيطرية بتونس,36.8018738,10.1586807,2026-02-15T13:37:13.689638
Tunis,180268016,greenfield,,36.8053619,10.1554511,2026-02-15T13:37:13.689638
Tunis,180268018,village_green,,36.8065129,10.1499595,2026-02-15T13:37:13.689638
Tunis,180268024,greenfield,,36.8084777,10.1558681,2026-02-15T13:37:13.689638
Tunis,180268026,greenfield,,36.8052698,10.159909,2026-02-15T13:37:13.689638
Tunis,180268028,greenfield,,36.804933,10.1556385,2026-02-15T13:37:13.689638
Tunis,180268031,industrial,,36.8087624,10.1544487,2026-02-15T13:37:13.689638
Tunis,180268046,residential,برج زوارة,36.8044044,10.1560723,2026-02-15T13:37:13.689638
Tunis,180690937,village_green,,36.8492788,10.1532544,2026-02-15T13:37:13.689638
Tunis,180690939,construction,,36.849433,10.1400159,2026-02-15T13:37:13.689638
Tunis,180690940,residential,,36.8468522,10.1554253,2026-02-15T13:37:13.689638
Tunis,180690943,greenfield,,36.8460845,10.1469008,2026-02-15T13:37:13.689638
Tunis,180690944,grass,,36.848595,10.1570723,2026-02-15T13:37:13.689638
Tunis,180690945,village_green,,36.8525985,10.1483201,2026-02-15T13:37:13.689638
Tunis,180690946,village_green,,36.8475895,10.1588668,2026-02-15T13:37:13.689638
Tunis,180690951,residential,المنزه 9,36.8500671,10.1472994,2026-02-15T13:37:13.689638
Tunis,180690956,residential,المنزه 9 أ,36.8449387,10.1487264,2026-02-15T13:37:13.689638
Tunis,182100741,brownfield,,36.8204555,10.1925686,2026-02-15T13:37:13.689638
Tunis,182523826,commercial,Immeuble MGM,36.8371327,10.24649,2026-02-15T13:37:13.689638
Tunis,182523875,construction,,36.8357858,10.2498506,2026-02-15T13:37:13.689638
Tunis,182523877,greenfield,,36.837195,10.2494137,2026-02-15T13:37:13.689638
Tunis,182523879,greenfield,,36.8365751,10.2483041,2026-02-15T13:37:13.689638
Tunis,182523880,greenfield,,36.8369829,10.2487478,2026-02-15T13:37:13.689638
Tunis,182523882,greenfield,,36.8381591,10.2489802,2026-02-15T13:37:13.689638
Tunis,182523886,greenfield,,36.8341561,10.237621,2026-02-15T13:37:13.689638
Tunis,182523892,greenfield,,36.8373072,10.2479702,2026-02-15T13:37:13.689638
Tunis,182523894,brownfield,,36.8387829,10.2471013,2026-02-15T13:37:13.689638
Tunis,182523908,construction,,36.8382447,10.2415803,2026-02-15T13:37:13.689638
Tunis,182523910,greenfield,,36.8361921,10.2456245,2026-02-15T13:37:13.689638
Tunis,182523911,construction,,36.8335188,10.236405,2026-02-15T13:37:13.689638
Tunis,182775930,railway,,36.7628168,10.2179621,2026-02-15T13:37:13.689638
Tunis,183462409,greenfield,,36.8345717,10.243905,2026-02-15T13:37:13.689638
Tunis,183462410,brownfield,,36.8354594,10.2425477,2026-02-15T13:37:13.689638
Tunis,185505439,brownfield,,36.8086007,10.2917897,2026-02-15T13:37:13.689638
Tunis,185505442,grass,,36.796324,10.2800287,2026-02-15T13:37:13.689638
Tunis,186951443,residential,الحي الجامعية المروج 3,36.7225078,10.2125861,2026-02-15T13:37:13.689638
Tunis,186951648,residential,المنزل الجامعة المروج 3,36.7227357,10.2145273,2026-02-15T13:37:13.689638
Tunis,190134294,railway,,36.7636487,10.274921,2026-02-15T13:37:13.689638
Tunis,190248848,railway,,36.7639827,10.2520228,2026-02-15T13:37:13.689638
Tunis,190248849,railway,,36.7968488,10.2801901,2026-02-15T13:37:13.689638
Tunis,190248850,railway,,36.785638,10.2745172,2026-02-15T13:37:13.689638
Tunis,190248851,railway,,36.8033796,10.2899296,2026-02-15T13:37:13.689638
Tunis,190248852,railway,محطة شحن تونس,36.7863309,10.1901167,2026-02-15T13:37:13.689638
Tunis,190297403,railway,,36.7873206,10.1663728,2026-02-15T13:37:13.689638
Tunis,190310040,railway,,36.8003201,10.1413822,2026-02-15T13:37:13.689638
Tunis,190316045,railway,,36.8164711,10.0896026,2026-02-15T13:37:13.689638
Tunis,190825465,industrial,,36.7642556,10.221702,2026-02-15T13:37:13.689638
Tunis,190825468,railway,,36.7471546,10.2273205,2026-02-15T13:37:13.689638
Tunis,190825470,railway,,36.7406663,10.2285587,2026-02-15T13:37:13.689638
Tunis,191989643,reservoir,,36.7691681,10.2510075,2026-02-15T13:37:13.689638
Tunis,192000486,brownfield,,36.7426209,10.262244,2026-02-15T13:37:13.689638
Tunis,192000501,reservoir,,36.7437141,10.2620485,2026-02-15T13:37:13.689638
Tunis,192548501,grass,,36.8497863,10.2701147,2026-02-15T13:37:13.689638
Tunis,192548504,village_green,,36.8480016,10.2805098,2026-02-15T13:37:13.689638
Tunis,192548505,grass,,36.8500976,10.2745713,2026-02-15T13:37:13.689638
Tunis,192548506,brownfield,,36.8422627,10.2804338,2026-02-15T13:37:13.689638
Tunis,192548508,village_green,,36.8451195,10.2710542,2026-02-15T13:37:13.689638
Tunis,192548509,grass,,36.8496145,10.2680668,2026-02-15T13:37:13.689638
Tunis,192548510,grass,,36.8498672,10.2692615,2026-02-15T13:37:13.689638
Tunis,192548511,brownfield,,36.8420991,10.2766914,2026-02-15T13:37:13.689638
Tunis,192548517,village_green,,36.8416512,10.2830035,2026-02-15T13:37:13.689638
Tunis,192548518,grass,,36.8506653,10.2710949,2026-02-15T13:37:13.689638
Tunis,192548520,brownfield,,36.8416804,10.2722789,2026-02-15T13:37:13.689638
Tunis,193468005,greenfield,,36.8069607,10.1849117,2026-02-15T13:37:13.689638
Tunis,193468006,brownfield,,36.8058108,10.1848432,2026-02-15T13:37:13.689638
Tunis,193468007,village_green,,36.8063056,10.1845634,2026-02-15T13:37:13.689638
Tunis,196086707,industrial,SoTuDef,36.8468104,10.2099417,2026-02-15T13:37:13.689638
Tunis,196086720,industrial,,36.8469825,10.204596,2026-02-15T13:37:13.689638
Tunis,202778736,construction,,36.8481277,10.211584,2026-02-15T13:37:13.689638
Tunis,205740488,industrial,Comptoire Tunisien de Batiment (COTUB),36.8413512,10.2060588,2026-02-15T13:37:13.689638
Tunis,205740490,industrial,Cotuvem,36.8412408,10.206772,2026-02-15T13:37:13.689638
Tunis,205740491,industrial,المنطقة الصناعية الشرقية 1,36.8387208,10.2079922,2026-02-15T13:37:13.689638
Tunis,205740492,industrial,المنطقة الصناعية الشرقية 2,36.8543104,10.2086447,2026-02-15T13:37:13.689638
Tunis,205747420,industrial,,36.8066995,10.1818229,2026-02-15T13:37:13.689638
Tunis,207570773,village_green,,36.8636066,10.2176819,2026-02-15T13:37:13.689638
Tunis,207570776,village_green,,36.8637082,10.2179035,2026-02-15T13:37:13.689638
Tunis,207888935,village_green,,36.8290176,10.1791128,2026-02-15T13:37:13.689638
Tunis,207888936,village_green,,36.8292658,10.1783624,2026-02-15T13:37:13.689638
Tunis,208861411,farmland,,36.8710591,10.2603787,2026-02-15T13:37:13.689638
Tunis,208861412,orchard,,36.8709714,10.2579322,2026-02-15T13:37:13.689638
Tunis,208861415,orchard,,36.8700432,10.2603646,2026-02-15T13:37:13.689638
Tunis,208861419,orchard,,36.8717564,10.2598066,2026-02-15T13:37:13.689638
Tunis,228506182,construction,,36.8065939,10.090504,2026-02-15T13:37:13.689638
Tunis,237115723,residential,إقامة البانوراميك,36.8533119,10.1325721,2026-02-15T13:37:13.689638
Tunis,238375566,village_green,,36.7383265,10.2475329,2026-02-15T13:37:13.689638
Tunis,238375567,brownfield,,36.735981,10.2439485,2026-02-15T13:37:13.689638
Tunis,238375568,brownfield,,36.742459,10.2518082,2026-02-15T13:37:13.689638
Tunis,238375572,brownfield,,36.7438813,10.2516563,2026-02-15T13:37:13.689638
Tunis,238375573,brownfield,,36.7392759,10.2514063,2026-02-15T13:37:13.689638
Tunis,238381234,grass,,36.7443341,10.2345344,2026-02-15T13:37:13.689638
Tunis,238381235,cemetery,Cimetière El Yasminette,36.7420817,10.240683,2026-02-15T13:37:13.689638
Tunis,238381236,brownfield,,36.7473055,10.2469826,2026-02-15T13:37:13.689638
Tunis,238381237,greenfield,,36.7526192,10.2470436,2026-02-15T13:37:13.689638
Tunis,238381238,grass,,36.7470746,10.2389878,2026-02-15T13:37:13.689638
Tunis,238381239,village_green,,36.7485826,10.2484276,2026-02-15T13:37:13.689638
Tunis,238381240,brownfield,,36.7467124,10.2377529,2026-02-15T13:37:13.689638
Tunis,238381243,brownfield,,36.7471066,10.2496761,2026-02-15T13:37:13.689638
Tunis,238381244,brownfield,,36.7494568,10.2494879,2026-02-15T13:37:13.689638
Tunis,247329227,commercial,,36.8014779,10.1871873,2026-02-15T13:37:13.689638
Tunis,247557186,construction,,36.8332304,10.2393264,2026-02-15T13:37:13.689638
Tunis,247557187,construction,,36.8334199,10.2399841,2026-02-15T13:37:13.689638
Tunis,247557189,greenfield,,36.8329186,10.238281,2026-02-15T13:37:13.689638
Tunis,249505467,commercial,,36.8487076,10.2724361,2026-02-15T13:37:13.689638
Tunis,249505501,grass,,36.8481014,10.2734359,2026-02-15T13:37:13.689638
Tunis,249575365,village_green,,36.7592593,10.2369635,2026-02-15T13:37:13.689638
Tunis,249575366,industrial,,36.7574798,10.2347433,2026-02-15T13:37:13.689638
Tunis,249575367,industrial,,36.7606272,10.2234069,2026-02-15T13:37:13.689638
Tunis,249575368,industrial,,36.753915,10.2321728,2026-02-15T13:37:13.689638
Tunis,249575369,industrial,,36.7513942,10.2312162,2026-02-15T13:37:13.689638
Tunis,249575370,village_green,,36.7568568,10.2194368,2026-02-15T13:37:13.689638
Tunis,252420902,commercial,,36.8179613,10.1782074,2026-02-15T13:37:13.689638
Tunis,253017437,grass,,36.8528781,10.2562959,2026-02-15T13:37:13.689638
Tunis,253018564,residential,,36.8539892,10.2562223,2026-02-15T13:37:13.689638
Tunis,253019233,residential,,36.8535598,10.257058,2026-02-15T13:37:13.689638
Tunis,253052658,grass,,36.8561837,10.2512064,2026-02-15T13:37:13.689638
Tunis,253052659,grass,,36.8554394,10.2510232,2026-02-15T13:37:13.689638
Tunis,253054724,commercial,,36.8581091,10.256658,2026-02-15T13:37:13.689638
Tunis,253063089,village_green,,36.7887758,10.1811479,2026-02-15T13:37:13.689638
Tunis,253183995,retail,Marché De Zahrouni,36.789975,10.1068456,2026-02-15T13:37:13.689638
Tunis,253267939,village_green,,36.7890574,10.1823233,2026-02-15T13:37:13.689638
Tunis,253267940,village_green,,36.7891632,10.1811547,2026-02-15T13:37:13.689638
Tunis,253296178,greenfield,,36.8325236,10.232107,2026-02-15T13:37:13.689638
Tunis,253296180,commercial,,36.8320695,10.2324342,2026-02-15T13:37:13.689638
Tunis,253296187,brownfield,,36.8309,10.2315246,2026-02-15T13:37:13.689638
Tunis,255962319,orchard,,36.8091587,10.0842759,2026-02-15T13:37:13.689638
Tunis,255962322,village_green,,36.8109979,10.0859505,2026-02-15T13:37:13.689638
Tunis,256013287,village_green,,36.7931398,10.1103697,2026-02-15T13:37:13.689638
Tunis,256013288,farmland,,36.7958433,10.1138965,2026-02-15T13:37:13.689638
Tunis,256013289,brownfield,,36.7951891,10.1111543,2026-02-15T13:37:13.689638
Tunis,256013290,village_green,,36.7924863,10.1093655,2026-02-15T13:37:13.689638
Tunis,256013291,village_green,,36.7927815,10.1104744,2026-02-15T13:37:13.689638
Tunis,256013292,village_green,,36.7928779,10.1083161,2026-02-15T13:37:13.689638
Tunis,256013293,village_green,,36.793083,10.1113114,2026-02-15T13:37:13.689638
Tunis,256776391,industrial,,36.7240028,10.2409723,2026-02-15T13:37:13.689638
Tunis,256776399,residential,,36.7225994,10.2430146,2026-02-15T13:37:13.689638
Tunis,259448682,farmyard,Maison de Culture Mourouj,36.7391115,10.2128017,2026-02-15T13:37:13.689638
Tunis,262201519,industrial,RNTA Usine B,36.7767868,10.1809931,2026-02-15T13:37:13.689638
Tunis,276758208,commercial,,36.8290888,10.2032905,2026-02-15T13:37:13.689638
Tunis,277177051,village_green,,36.8342661,10.1631556,2026-02-15T13:37:13.689638
Tunis,277177052,village_green,,36.833692,10.235505,2026-02-15T13:37:13.689638
Tunis,284838520,commercial,بيو سورس,36.8216689,10.190923,2026-02-15T13:37:13.689638
Tunis,334437847,brownfield,,36.8375779,10.1267136,2026-02-15T13:37:13.689638
Tunis,334437848,brownfield,,36.836965,10.1263435,2026-02-15T13:37:13.689638
Tunis,335034436,residential,Résidence Folla,36.8540441,10.1332374,2026-02-15T13:37:13.689638
Tunis,350203995,industrial,ساجيمكوم,36.7680601,10.2286998,2026-02-15T13:37:13.689638
Tunis,361972992,industrial,Centre National du Cuir et de La Chussure,36.7656304,10.2399766,2026-02-15T13:37:13.689638
Tunis,363466258,commercial,Triqueens Trade & Services,36.8876829,10.16542,2026-02-15T13:37:13.689638
Tunis,367178887,construction,,36.859254,10.2657001,2026-02-15T13:37:13.689638
Tunis,367178889,construction,,36.8577913,10.2654987,2026-02-15T13:37:13.689638
Tunis,372736528,residential,Cité Universitaire le Foyer 2 Mars Ariana,36.8577787,10.1948347,2026-02-15T13:37:13.689638
Tunis,372736974,residential,حي اللطيف 2,36.8555883,10.1665321,2026-02-15T13:37:13.689638
Tunis,372846719,residential,Foyer Universitaire Chaouki - Menzah 7,36.8549596,10.1646563,2026-02-15T13:37:13.689638
Tunis,372846720,construction,,36.8510073,10.138891,2026-02-15T13:37:13.689638
Tunis,372846721,brownfield,,36.852375,10.1396781,2026-02-15T13:37:13.689638
Tunis,372849367,orchard,,36.8445545,10.0863815,2026-02-15T13:37:13.689638
Tunis,379347133,residential,Résidence Ibn Jazar,36.7346039,10.2080556,2026-02-15T13:37:13.689638
Tunis,379565108,residential,,36.7359298,10.2101333,2026-02-15T13:37:13.689638
Tunis,379565114,basin,,36.7268904,10.2153106,2026-02-15T13:37:13.689638
Tunis,379620913,military,Caserne El Attarine,36.7977403,10.1717812,2026-02-15T13:37:13.689638
Tunis,380044290,residential,,36.7368391,10.2094486,2026-02-15T13:37:13.689638
Tunis,380463764,residential,,36.7336928,10.2060543,2026-02-15T13:37:13.689638
Tunis,383497640,residential,,36.8512569,10.1208002,2026-02-15T13:37:13.689638
Tunis,383614147,commercial,,36.8340664,10.1078988,2026-02-15T13:37:13.689638
Tunis,384390358,allotments,,36.8350186,10.1128545,2026-02-15T13:37:13.689638
Tunis,385294517,allotments,,36.8298766,10.1116947,2026-02-15T13:37:13.689638
Tunis,385683599,allotments,,36.8356119,10.1117365,2026-02-15T13:37:13.689638
Tunis,385683601,allotments,,36.8358209,10.1119012,2026-02-15T13:37:13.689638
Tunis,385723418,allotments,,36.8325966,10.1133756,2026-02-15T13:37:13.689638
Tunis,389104908,allotments,,36.8289709,10.1117791,2026-02-15T13:37:13.689638
Tunis,389110298,military,مقر الجيش الوطني,36.8241388,10.1126339,2026-02-15T13:37:13.689638
Tunis,392223956,brownfield,,36.7376537,10.2433948,2026-02-15T13:37:13.689638
Tunis,392263438,greenfield,,36.7388024,10.2457231,2026-02-15T13:37:13.689638
Tunis,392263439,greenfield,,36.7382516,10.2449352,2026-02-15T13:37:13.689638
Tunis,392263440,greenfield,,36.7378057,10.2448678,2026-02-15T13:37:13.689638
Tunis,396682617,railway,14 يناير 2011,36.8228101,10.1399761,2026-02-15T13:37:13.689638
Tunis,401297108,construction,,36.7414205,10.253037,2026-02-15T13:37:13.689638
Tunis,432954713,landfill,,36.8373597,10.1945828,2026-02-15T13:37:13.689638
Tunis,436220116,commercial,Siège social de Compagnie Tunisair,36.8508392,10.2052235,2026-02-15T13:37:13.689638
Tunis,436625625,village_green,,36.837994,10.1949587,2026-02-15T13:37:13.689638
Tunis,436625626,village_green,,36.8379954,10.1952629,2026-02-15T13:37:13.689638
Tunis,436625627,village_green,,36.8377589,10.1949601,2026-02-15T13:37:13.689638
Tunis,436625628,village_green,,36.8377659,10.1952617,2026-02-15T13:37:13.689638
Tunis,436625629,landfill,,36.8378842,10.1951056,2026-02-15T13:37:13.689638
Tunis,438288645,commercial,Africa Mall,36.8575954,10.1843723,2026-02-15T13:37:13.689638
Tunis,438427920,grass,Fondation Rosa Luxemburg Afrique du Nord,36.8262288,10.1742845,2026-02-15T13:37:13.689638
Tunis,438427923,grass,,36.8260871,10.174491,2026-02-15T13:37:13.689638
Tunis,440610467,commercial,MG Maxi Ezzouhour,36.7939362,10.128249,2026-02-15T13:37:13.689638
Tunis,446861909,brownfield,,36.7420105,10.2529652,2026-02-15T13:37:13.689638
Tunis,454515335,meadow,,36.7926833,10.0908471,2026-02-15T13:37:13.689638
Tunis,487126873,forest,,36.8260663,10.163265,2026-02-15T13:37:13.689638
Tunis,487133711,forest,,36.826569,10.1646576,2026-02-15T13:37:13.689638
Tunis,489043717,residential,,36.80518,10.1022904,2026-02-15T13:37:13.689638
Tunis,489046824,residential,,36.8024536,10.1025783,2026-02-15T13:37:13.689638
Tunis,491828716,grass,,36.8549268,10.1860925,2026-02-15T13:37:13.689638
Tunis,491828717,grass,,36.8549752,10.1855589,2026-02-15T13:37:13.689638
Tunis,491894787,greenfield,,36.8023527,10.1019641,2026-02-15T13:37:13.689638
Tunis,492312067,residential,El Khalil,36.8028582,10.0977719,2026-02-15T13:37:13.689638
Tunis,499076286,residential,Résidence l'excellence,36.8965362,10.1828987,2026-02-15T13:37:13.689638
Tunis,499273221,retail,Centre commercial SITMA,36.8376502,10.179808,2026-02-15T13:37:13.689638
Tunis,499554192,residential,مركز التدريب القطاعي ملابس تونس,36.8199831,10.1405105,2026-02-15T13:37:13.689638
Tunis,499667117,industrial,,36.8968542,10.1889067,2026-02-15T13:37:13.689638
Tunis,500135410,commercial,,36.8936756,10.1898362,2026-02-15T13:37:13.689638
Tunis,500404854,industrial,,36.894936,10.1886903,2026-02-15T13:37:13.689638
Tunis,500437896,residential,أريانة الصغرى,36.9008011,10.1859209,2026-02-15T13:37:13.689638
Tunis,500685528,greenfield,,36.897242,10.1808787,2026-02-15T13:37:13.689638
Tunis,500701491,greenfield,,36.8957446,10.1868539,2026-02-15T13:37:13.689638
Tunis,521287724,orchard,,36.7423953,10.1304448,2026-02-15T13:37:13.689638
Tunis,521287726,orchard,,36.7449578,10.1293643,2026-02-15T13:37:13.689638
Tunis,521297223,farmland,,36.7300713,10.1572571,2026-02-15T13:37:13.689638
Tunis,521374758,residential,المروج 4,36.7166699,10.210874,2026-02-15T13:37:13.689638
Tunis,521378849,quarry,,36.7559588,10.2078428,2026-02-15T13:37:13.689638
Tunis,521378852,forest,,36.7591939,10.2072721,2026-02-15T13:37:13.689638
Tunis,522478927,residential,Residence Diar El Mesk,36.8607593,10.2699169,2026-02-15T13:37:13.689638
Tunis,525478210,residential,,36.8615557,10.2664801,2026-02-15T13:37:13.689638
Tunis,525478211,residential,,36.8608014,10.266856,2026-02-15T13:37:13.689638
Tunis,525479443,residential,Résidence Sourour,36.8605025,10.2693073,2026-02-15T13:37:13.689638
Tunis,529163816,residential,,36.8732632,10.2444974,2026-02-15T13:37:13.689638
Tunis,534666811,village_green,,36.8471383,10.2797657,2026-02-15T13:37:13.689638
Tunis,534666812,village_green,,36.8446335,10.2779599,2026-02-15T13:37:13.689638
Tunis,534923925,construction,,36.8579702,10.2700787,2026-02-15T13:37:13.689638
Tunis,534926156,residential,Résidence Diar Soukra,36.8596097,10.2697178,2026-02-15T13:37:13.689638
Tunis,535367874,residential,Résidence Diar Essalem,36.856643,10.2621219,2026-02-15T13:37:13.689638
Tunis,540013065,grass,,36.7435233,10.1961024,2026-02-15T13:37:13.689638
Tunis,540013667,grass,,36.7439758,10.196574,2026-02-15T13:37:13.689638
Tunis,540015810,grass,,36.7443429,10.1970154,2026-02-15T13:37:13.689638
Tunis,540017152,grass,,36.7429426,10.1955488,2026-02-15T13:37:13.689638
Tunis,540021937,recreation_ground,,36.7438197,10.2038301,2026-02-15T13:37:13.689638
Tunis,540755861,grass,,36.8466736,10.2610431,2026-02-15T13:37:13.689638
Tunis,540755862,grass,,36.8472403,10.2612523,2026-02-15T13:37:13.689638
Tunis,540755863,grass,,36.8476718,10.2617633,2026-02-15T13:37:13.689638
Tunis,540758144,grass,,36.8521414,10.2732404,2026-02-15T13:37:13.689638
Tunis,540758145,grass,,36.8520063,10.2723714,2026-02-15T13:37:13.689638
Tunis,543282770,industrial,,36.8920459,10.1845532,2026-02-15T13:37:13.689638
Tunis,558996422,grass,,36.8554458,10.1861019,2026-02-15T13:37:13.689638
Tunis,558996423,basin,,36.855443,10.1860009,2026-02-15T13:37:13.689638
Tunis,559052121,grass,,36.8491925,10.191605,2026-02-15T13:37:13.689638
Tunis,559052122,grass,,36.8490483,10.191187,2026-02-15T13:37:13.689638
Tunis,585575221,commercial,Ecole Nationale de la Protection Civile,36.7592799,10.2134191,2026-02-15T13:37:13.689638
Tunis,607731582,greenfield,,36.725546,10.2073346,2026-02-15T13:37:13.689638
Tunis,609721190,grass,,36.7558645,10.1083445,2026-02-15T13:37:13.689638
Tunis,609721191,grass,,36.7560993,10.1081961,2026-02-15T13:37:13.689638
Tunis,609721192,grass,,36.7559738,10.1080326,2026-02-15T13:37:13.689638
Tunis,609721193,grass,,36.7556325,10.1085018,2026-02-15T13:37:13.689638
Tunis,609721194,grass,,36.7557441,10.1086345,2026-02-15T13:37:13.689638
Tunis,609721583,grass,,36.7621292,10.1114176,2026-02-15T13:37:13.689638
Tunis,609721590,grass,,36.7593793,10.1107901,2026-02-15T13:37:13.689638
Tunis,609893510,industrial,,36.7911276,10.0758656,2026-02-15T13:37:13.689638
Tunis,621963278,retail,Soukra Center,36.8744572,10.2450745,2026-02-15T13:37:13.689638
Tunis,623553956,brownfield,,36.8325694,10.0833323,2026-02-15T13:37:13.689638
Tunis,623553957,brownfield,,36.8332374,10.0833518,2026-02-15T13:37:13.689638
Tunis,623553958,brownfield,,36.8336964,10.084155,2026-02-15T13:37:13.689638
Tunis,623553959,brownfield,,36.8330219,10.0837977,2026-02-15T13:37:13.689638
Tunis,623553960,brownfield,,36.832768,10.0840565,2026-02-15T13:37:13.689638
Tunis,623553961,brownfield,,36.8332381,10.0845534,2026-02-15T13:37:13.689638
Tunis,623553962,brownfield,,36.8336697,10.0851917,2026-02-15T13:37:13.689638
Tunis,623553963,brownfield,,36.8339187,10.0849316,2026-02-15T13:37:13.689638
Tunis,623553964,brownfield,,36.8341784,10.0846526,2026-02-15T13:37:13.689638
Tunis,623553965,brownfield,,36.8346657,10.085059,2026-02-15T13:37:13.689638
Tunis,623553966,brownfield,,36.8349158,10.0853567,2026-02-15T13:37:13.689638
Tunis,623553967,brownfield,,36.834509,10.0856236,2026-02-15T13:37:13.689638
Tunis,623553968,brownfield,,36.8343061,10.0859347,2026-02-15T13:37:13.689638
Tunis,623553976,residential,TERRain vierge,36.8309584,10.0838689,2026-02-15T13:37:13.689638
Tunis,623554020,recreation_ground,,36.833339,10.0856799,2026-02-15T13:37:13.689638
Tunis,623554097,farmyard,ferme,36.8320584,10.0822708,2026-02-15T13:37:13.689638
Tunis,623593265,orchard,,36.8308701,10.083269,2026-02-15T13:37:13.689638
Tunis,623593465,orchard,,36.8302454,10.0822169,2026-02-15T13:37:13.689638
Tunis,623836954,brownfield,,36.8317888,10.0827858,2026-02-15T13:37:13.689638
Tunis,623836955,brownfield,,36.8321411,10.0838157,2026-02-15T13:37:13.689638
Tunis,623836956,farmyard,ferme,36.8316863,10.0820582,2026-02-15T13:37:13.689638
Tunis,623836961,residential,TERRain vierge,36.8308477,10.0847687,2026-02-15T13:37:13.689638
Tunis,623836962,residential,TERRain vierge,36.8308513,10.0840536,2026-02-15T13:37:13.689638
Tunis,623836963,residential,TERRain vierge,36.8311312,10.0842181,2026-02-15T13:37:13.689638
Tunis,623836964,residential,TERRain vierge,36.8310967,10.0845383,2026-02-15T13:37:13.689638
Tunis,623836965,residential,TERRain vierge,36.8314064,10.084675,2026-02-15T13:37:13.689638
Tunis,623837025,residential,,36.8314466,10.0840357,2026-02-15T13:37:13.689638
Tunis,623878970,grass,,36.8310703,10.0804181,2026-02-15T13:37:13.689638
Tunis,623878971,grass,,36.8318792,10.0796342,2026-02-15T13:37:13.689638
Tunis,623879112,brownfield,vide,36.8311157,10.081497,2026-02-15T13:37:13.689638
Tunis,623889712,recreation_ground,terrain de sport public,36.8229113,10.0919228,2026-02-15T13:37:13.689638
Tunis,623889717,brownfield,al kharoubet,36.8254717,10.0890125,2026-02-15T13:37:13.689638
Tunis,629578252,orchard,,36.831775,10.0777213,2026-02-15T13:37:13.689638
Tunis,629578255,grass,,36.8312061,10.0743205,2026-02-15T13:37:13.689638
Tunis,629578261,farmland,,36.8313639,10.075863,2026-02-15T13:37:13.689638
Tunis,629578262,orchard,,36.8345181,10.0831961,2026-02-15T13:37:13.689638
Tunis,629618312,farmland,Galaxy Gym Football Field,36.8228012,10.1867468,2026-02-15T13:37:13.689638
Tunis,637009943,orchard,,36.8331677,10.0817083,2026-02-15T13:37:13.689638
Tunis,638806384,grass,,36.8318551,10.085613,2026-02-15T13:37:13.689638
Tunis,639424643,greenfield,maison détruite,36.8302102,10.0891618,2026-02-15T13:37:13.689638
Tunis,643895682,grass,,36.7518806,10.199315,2026-02-15T13:37:13.689638
Tunis,644354500,grass,,36.761516,10.1910048,2026-02-15T13:37:13.689638
Tunis,644572546,grass,,36.8267533,10.0866488,2026-02-15T13:37:13.689638
Tunis,644849164,landfill,Décharge non controlée,36.7486902,10.2016502,2026-02-15T13:37:13.689638
Tunis,644862706,landfill,,36.7583738,10.1996803,2026-02-15T13:37:13.689638
Tunis,645323203,quarry,,36.7630217,10.1875487,2026-02-15T13:37:13.689638
Tunis,646804065,grass,,36.7532373,10.1967881,2026-02-15T13:37:13.689638
Tunis,646804066,grass,,36.752306,10.1959191,2026-02-15T13:37:13.689638
Tunis,646804072,grass,,36.7540335,10.193644,2026-02-15T13:37:13.689638
Tunis,646808966,greenfield,,36.7510575,10.1835063,2026-02-15T13:37:13.689638
Tunis,646809167,brownfield,,36.7503051,10.2008582,2026-02-15T13:37:13.689638
Tunis,646809221,greenfield,,36.7511914,10.1829846,2026-02-15T13:37:13.689638
Tunis,646811963,brownfield,,36.7465039,10.2019085,2026-02-15T13:37:13.689638
Tunis,646819283,grass,,36.7498676,10.1937816,2026-02-15T13:37:13.689638
Tunis,646861290,grass,,36.7547501,10.1891689,2026-02-15T13:37:13.689638
Tunis,646871980,grass,,36.7558837,10.1863911,2026-02-15T13:37:13.689638
Tunis,646879168,residential,,36.7627146,10.1905452,2026-02-15T13:37:13.689638
Tunis,646905711,greenfield,,36.7515831,10.1781353,2026-02-15T13:37:13.689638
Tunis,646909636,industrial,,36.7630539,10.1952178,2026-02-15T13:37:13.689638
Tunis,646910536,greenfield,,36.7511494,10.1792417,2026-02-15T13:37:13.689638
Tunis,646911539,greenfield,,36.7515235,10.1792565,2026-02-15T13:37:13.689638
Tunis,647230952,greenfield,,36.7532189,10.1782354,2026-02-15T13:37:13.689638
Tunis,647253962,greenfield,,36.7543041,10.1773084,2026-02-15T13:37:13.689638
Tunis,647450759,greenfield,,36.7527332,10.1775753,2026-02-15T13:37:13.689638
Tunis,647461703,greenfield,,36.75286,10.1816905,2026-02-15T13:37:13.689638
Tunis,647464237,greenfield,,36.7527493,10.1763455,2026-02-15T13:37:13.689638
Tunis,647728782,grass,,36.7500091,10.1876506,2026-02-15T13:37:13.689638
Tunis,647728784,grass,,36.7498863,10.1876661,2026-02-15T13:37:13.689638
Tunis,647728786,grass,,36.74993,10.1875446,2026-02-15T13:37:13.689638
Tunis,647733058,grass,,36.7500188,10.1844951,2026-02-15T13:37:13.689638
Tunis,647733059,grass,,36.7500299,10.1844914,2026-02-15T13:37:13.689638
Tunis,647733883,grass,,36.750639,10.1842103,2026-02-15T13:37:13.689638
Tunis,647734787,grass,,36.749425,10.1844749,2026-02-15T13:37:13.689638
Tunis,647734788,grass,,36.7500028,10.1851383,2026-02-15T13:37:13.689638
Tunis,647735394,grass,,36.7502277,10.1850757,2026-02-15T13:37:13.689638
Tunis,647735395,grass,,36.7503751,10.1847838,2026-02-15T13:37:13.689638
Tunis,647735473,grass,,36.7505642,10.1845999,2026-02-15T13:37:13.689638
Tunis,647736785,grass,,36.7509193,10.1842704,2026-02-15T13:37:13.689638
Tunis,647737497,grass,,36.7512302,10.1839774,2026-02-15T13:37:13.689638
Tunis,647791156,greenfield,,36.7482166,10.1838709,2026-02-15T13:37:13.689638
Tunis,647811532,greenfield,,36.7610295,10.185107,2026-02-15T13:37:13.689638
Tunis,647812422,grass,,36.7486757,10.1832109,2026-02-15T13:37:13.689638
Tunis,647812423,grass,,36.7485455,10.183217,2026-02-15T13:37:13.689638
Tunis,647816724,grass,,36.7489284,10.1810793,2026-02-15T13:37:13.689638
Tunis,647825948,greenfield,,36.7498832,10.1789565,2026-02-15T13:37:13.689638
Tunis,647828453,grass,,36.7508475,10.1793782,2026-02-15T13:37:13.689638
Tunis,647830412,grass,,36.7550391,10.1799161,2026-02-15T13:37:13.689638
Tunis,648168971,greenfield,,36.7534888,10.1812257,2026-02-15T13:37:13.689638
Tunis,648230088,greenfield,,36.7520118,10.1773255,2026-02-15T13:37:13.689638
Tunis,657588893,allotments,,36.7615179,10.1910448,2026-02-15T13:37:13.689638
Tunis,663521882,harbour,حلق الوادي,36.8094165,10.2991363,2026-02-15T13:37:13.689638
Tunis,663536729,orchard,,36.8260203,10.1015472,2026-02-15T13:37:13.689638
Tunis,663536730,village_green,,36.8250975,10.1027505,2026-02-15T13:37:13.689638
Tunis,663536731,village_green,,36.8248147,10.1023142,2026-02-15T13:37:13.689638
Tunis,663536732,village_green,,36.8245743,10.1024076,2026-02-15T13:37:13.689638
Tunis,663536765,residential,,36.8271447,10.0990621,2026-02-15T13:37:13.689638
Tunis,663536787,reservoir,,36.8278465,10.1019368,2026-02-15T13:37:13.689638
Tunis,663536788,reservoir,,36.827401,10.1017689,2026-02-15T13:37:13.689638
Tunis,663536789,reservoir,,36.8278333,10.1014144,2026-02-15T13:37:13.689638
Tunis,663536790,reservoir,,36.8277776,10.1011882,2026-02-15T13:37:13.689638
Tunis,663536791,reservoir,,36.8276015,10.101238,2026-02-15T13:37:13.689638
Tunis,663536792,reservoir,,36.8280525,10.101503,2026-02-15T13:37:13.689638
Tunis,663536793,reservoir,,36.8280277,10.1009887,2026-02-15T13:37:13.689638
Tunis,663536794,reservoir,,36.8277957,10.1015056,2026-02-15T13:37:13.689638
Tunis,663536803,village_green,residene nour,36.8253939,10.097784,2026-02-15T13:37:13.689638
Tunis,663557897,village_green,,36.831116,10.0924243,2026-02-15T13:37:13.689638
Tunis,664034153,industrial,La Caisse nationale d'assurance-maladie (CNAM),36.8183717,10.0971389,2026-02-15T13:37:13.689638
Tunis,664474265,construction,,36.8200868,10.0855726,2026-02-15T13:37:13.689638
Tunis,664474268,construction,,36.8201168,10.085041,2026-02-15T13:37:13.689638
Tunis,664474269,construction,,36.8202607,10.0851239,2026-02-15T13:37:13.689638
Tunis,664474280,construction,,36.8206203,10.0839002,2026-02-15T13:37:13.689638
Tunis,664474282,construction,,36.8209663,10.0829078,2026-02-15T13:37:13.689638
Tunis,664474351,grass,,36.8249124,10.0808398,2026-02-15T13:37:13.689638
Tunis,664474352,construction,,36.8242873,10.083778,2026-02-15T13:37:13.689638
Tunis,664474353,construction,,36.8255274,10.0848551,2026-02-15T13:37:13.689638
Tunis,664474363,village_green,jardin,36.8258891,10.079704,2026-02-15T13:37:13.689638
Tunis,664474366,construction,,36.8254341,10.0800727,2026-02-15T13:37:13.689638
Tunis,664640882,construction,,36.8258642,10.0739659,2026-02-15T13:37:13.689638
Tunis,665109225,grass,,36.8215422,10.0812427,2026-02-15T13:37:13.689638
Tunis,665454067,grass,,36.8231188,10.0745184,2026-02-15T13:37:13.689638
Tunis,665456124,village_green,,36.8246612,10.0903081,2026-02-15T13:37:13.689638
Tunis,665456134,village_green,,36.8248598,10.0913765,2026-02-15T13:37:13.689638
Tunis,665456162,village_green,jardin cité saada,36.8253386,10.0932796,2026-02-15T13:37:13.689638
Tunis,665458520,construction,cafe lakrad,36.8250691,10.0771779,2026-02-15T13:37:13.689638
Tunis,665674893,village_green,espace vert,36.8219645,10.090532,2026-02-15T13:37:13.689638
Tunis,665674894,village_green,espace vert,36.8227972,10.0890729,2026-02-15T13:37:13.689638
Tunis,665676100,village_green,espace vert,36.8208007,10.0902624,2026-02-15T13:37:13.689638
Tunis,666529161,military,ثكنة العوينة,36.8415968,10.2363008,2026-02-15T13:37:13.689638
Tunis,667495523,greenfield,,36.7609473,10.1967925,2026-02-15T13:37:13.689638
Tunis,667495524,greenfield,,36.761586,10.1965017,2026-02-15T13:37:13.689638
Tunis,667591166,village_green,,36.8223601,10.0894885,2026-02-15T13:37:13.689638
Tunis,667938315,commercial,Centre d'Activités Régionales pour les Aires Spécialement Protégées (RAC/SPA),36.8386841,10.2120792,2026-02-15T13:37:13.689638
Tunis,668548712,village_green,,36.83482,10.2491279,2026-02-15T13:37:13.689638
Tunis,669189628,village_green,,36.8349105,10.2479253,2026-02-15T13:37:13.689638
Tunis,672664374,village_green,maison des jeunes de Douar Hicher,36.8256134,10.0951315,2026-02-15T13:37:13.689638
Tunis,672667718,village_green,,36.8210351,10.0888513,2026-02-15T13:37:13.689638
Tunis,673433318,construction,,36.8241033,10.0851491,2026-02-15T13:37:13.689638
Tunis,673433319,construction,,36.8236824,10.0849986,2026-02-15T13:37:13.689638
Tunis,673435664,construction,,36.8258297,10.0994677,2026-02-15T13:37:13.689638
Tunis,674269132,industrial,Imprimerie Tunis Carthage,36.844944,10.2092527,2026-02-15T13:37:13.689638
Tunis,677450502,industrial,Sté Cafés Nasri,36.7352459,10.2200283,2026-02-15T13:37:13.689638
Tunis,677450503,industrial,STUMETAL,36.7325486,10.2344056,2026-02-15T13:37:13.689638
Tunis,679120190,commercial,CASUAL SHOP,36.8219034,10.1855955,2026-02-15T13:37:13.689638
Tunis,684982681,religious,,36.7911815,10.0939974,2026-02-15T13:37:13.689638
Tunis,684982697,forest,,36.7881309,10.0955605,2026-02-15T13:37:13.689638
Tunis,684982698,farmland,,36.7870186,10.0959116,2026-02-15T13:37:13.689638
Tunis,684982699,farmland,,36.7868511,10.097605,2026-02-15T13:37:13.689638
Tunis,684982700,forest,غابة حضرية العقبة,36.7852678,10.0958777,2026-02-15T13:37:13.689638
Tunis,688042769,grass,,36.7431034,10.1937783,2026-02-15T13:37:13.689638
Tunis,696660091,greenfield,,36.8256724,10.1839395,2026-02-15T13:37:13.689638
Tunis,715447803,industrial,usine faience,36.7585194,10.1977271,2026-02-15T13:37:13.689638
Tunis,733217499,commercial,Com.Ex,36.8529091,10.1522143,2026-02-15T13:37:13.689638
Tunis,771392700,grass,,36.7598538,10.194594,2026-02-15T13:37:13.689638
Tunis,771392701,grass,,36.7604531,10.1941902,2026-02-15T13:37:13.689638
Tunis,771392702,grass,,36.7607826,10.1939765,2026-02-15T13:37:13.689638
Tunis,771392715,grass,,36.7643731,10.1936755,2026-02-15T13:37:13.689638
Tunis,782841325,retail,,36.7969229,10.1329002,2026-02-15T13:37:13.689638
Tunis,785325533,farmland,,36.8587216,10.2677952,2026-02-15T13:37:13.689638
Tunis,785325534,farmland,,36.8589775,10.2686585,2026-02-15T13:37:13.689638
Tunis,785408508,residential,Cité des Officiers حي الضباط,36.8585716,10.2668597,2026-02-15T13:37:13.689638
Tunis,792822164,industrial,,36.7523112,10.1000876,2026-02-15T13:37:13.689638
Tunis,792837357,recreation_ground,,36.7899271,10.1189552,2026-02-15T13:37:13.689638
Tunis,792952620,recreation_ground,,36.85439,10.1646914,2026-02-15T13:37:13.689638
Tunis,793027833,commercial,,36.8543131,10.2539095,2026-02-15T13:37:13.689638
Tunis,793029670,greenfield,,36.8606617,10.2627105,2026-02-15T13:37:13.689638
Tunis,793029671,greenfield,,36.8615445,10.2621238,2026-02-15T13:37:13.689638
Tunis,793033765,greenfield,,36.8566536,10.2561045,2026-02-15T13:37:13.689638
Tunis,793040117,brownfield,,36.8577279,10.2597184,2026-02-15T13:37:13.689638
Tunis,793046555,residential,,36.8793544,10.1778437,2026-02-15T13:37:13.689638
Tunis,793159655,brownfield,,36.780981,10.1133138,2026-02-15T13:37:13.689638
Tunis,795166693,landfill,,36.7584254,10.1986367,2026-02-15T13:37:13.689638
Tunis,795166694,grass,,36.7580377,10.1981007,2026-02-15T13:37:13.689638
Tunis,795166695,grass,,36.7575256,10.1984944,2026-02-15T13:37:13.689638
Tunis,802414641,brownfield,,36.7651616,10.1074413,2026-02-15T13:37:13.689638
Tunis,802414642,brownfield,,36.76552,10.1078137,2026-02-15T13:37:13.689638
Tunis,802414643,brownfield,,36.7660008,10.1080313,2026-02-15T13:37:13.689638
Tunis,802746339,brownfield,,36.776213,10.1025549,2026-02-15T13:37:13.689638
Tunis,802746349,landfill,,36.7747085,10.1041587,2026-02-15T13:37:13.689638
Tunis,802746350,brownfield,,36.7754271,10.1061594,2026-02-15T13:37:13.689638
Tunis,806143732,greenfield,,36.8482962,10.1430125,2026-02-15T13:37:13.689638
Tunis,812598080,commercial,CME,36.78855,10.1191261,2026-02-15T13:37:13.689638
Tunis,815233393,residential,Résidence Riadh Soukra,36.856844,10.2689224,2026-02-15T13:37:13.689638
Tunis,815234956,residential,Résidence Salma,36.8559767,10.2694685,2026-02-15T13:37:13.689638
Tunis,815237329,residential,Résidence Salma,36.8559686,10.2688957,2026-02-15T13:37:13.689638
Tunis,815240598,residential,Résidence Salma,36.8560659,10.2683607,2026-02-15T13:37:13.689638
Tunis,815241735,residential,Résidence Salma,36.8560614,10.2679771,2026-02-15T13:37:13.689638
Tunis,815243305,residential,Résidence Salma,36.8554693,10.2684495,2026-02-15T13:37:13.689638
Tunis,815245199,residential,Résidence Salma,36.8551199,10.2686655,2026-02-15T13:37:13.689638
Tunis,819823357,greenfield,,36.8506592,10.2666692,2026-02-15T13:37:13.689638
Tunis,819823358,greenfield,,36.850728,10.2667924,2026-02-15T13:37:13.689638
Tunis,844671725,grass,,36.7433636,10.2028741,2026-02-15T13:37:13.689638
Tunis,847107501,residential,,36.8399766,10.1814212,2026-02-15T13:37:13.689638
Tunis,847451161,greenfield,,36.8357235,10.1945214,2026-02-15T13:37:13.689638
Tunis,848076335,brownfield,,36.836172,10.1951929,2026-02-15T13:37:13.689638
Tunis,865157394,retail,,36.7680644,10.1123032,2026-02-15T13:37:13.689638
Tunis,903665543,railway,,36.8007414,10.192651,2026-02-15T13:37:13.689638
Tunis,924818069,residential,إقامة مريم,36.8522314,10.1312527,2026-02-15T13:37:13.689638
Tunis,924818070,residential,إقامة ريم,36.8526336,10.1318225,2026-02-15T13:37:13.689638
Tunis,941960030,farmland,,36.8764182,10.2485582,2026-02-15T13:37:13.689638
Tunis,941960031,farmland,,36.8755271,10.2479889,2026-02-15T13:37:13.689638
Tunis,953456708,grass,,36.7297963,10.1992453,2026-02-15T13:37:13.689638
Tunis,953467945,residential,,36.7166581,10.2124866,2026-02-15T13:37:13.689638
Tunis,966485300,greenfield,,36.8594659,10.1968553,2026-02-15T13:37:13.689638
Tunis,966759206,brownfield,,36.8589103,10.1901456,2026-02-15T13:37:13.689638
Tunis,976760324,railway,,36.7795698,10.0990009,2026-02-15T13:37:13.689638
Tunis,980164287,residential,إقامة فل ياسمين,36.8209191,10.1494385,2026-02-15T13:37:13.689638
Tunis,980164288,residential,Nour Hilton,36.8189623,10.1470969,2026-02-15T13:37:13.689638
Tunis,988728926,residential,,36.8584268,10.0895421,2026-02-15T13:37:13.689638
Tunis,988728927,residential,,36.8586516,10.0954435,2026-02-15T13:37:13.689638
Tunis,1056931985,construction,,36.8436404,10.269155,2026-02-15T13:37:13.689638
Tunis,1058579503,greenfield,,36.8422474,10.2705662,2026-02-15T13:37:13.689638
Tunis,1058579504,greenfield,,36.8423372,10.2712041,2026-02-15T13:37:13.689638
Tunis,1086068592,forest,,36.7910239,10.1385652,2026-02-15T13:37:13.689638
Tunis,1101183858,grass,,36.7340178,10.2104363,2026-02-15T13:37:13.689638
Tunis,1123877044,residential,café,36.8454798,10.1842334,2026-02-15T13:37:13.689638
Tunis,1123877045,residential,,36.846869,10.1840015,2026-02-15T13:37:13.689638
Tunis,1159145015,quarry,société el hane,36.7762073,10.1147993,2026-02-15T13:37:13.689638
Tunis,1159156343,orchard,,36.7802603,10.1138317,2026-02-15T13:37:13.689638
Tunis,1159156511,brownfield,,36.7490619,10.1106337,2026-02-15T13:37:13.689638
Tunis,1159156513,brownfield,,36.749237,10.1111534,2026-02-15T13:37:13.689638
Tunis,1159156514,brownfield,,36.7489827,10.1108946,2026-02-15T13:37:13.689638
Tunis,1159156520,brownfield,,36.7486889,10.110641,2026-02-15T13:37:13.689638
Tunis,1159156527,brownfield,,36.7483397,10.1115738,2026-02-15T13:37:13.689638
Tunis,1159156528,brownfield,,36.7474586,10.112982,2026-02-15T13:37:13.689638
Tunis,1159156529,brownfield,,36.7478584,10.1133549,2026-02-15T13:37:13.689638
Tunis,1159156530,brownfield,,36.7466268,10.1143231,2026-02-15T13:37:13.689638
Tunis,1159157333,orchard,,36.7551355,10.1185278,2026-02-15T13:37:13.689638
Tunis,1159158505,greenfield,,36.7590098,10.1189159,2026-02-15T13:37:13.689638
Tunis,1159172641,cemetery,,36.7667886,10.1120659,2026-02-15T13:37:13.689638
Tunis,1159176843,orchard,espace bettoumi,36.7528243,10.1217625,2026-02-15T13:37:13.689638
Tunis,1159187191,grass,,36.7562062,10.1213635,2026-02-15T13:37:13.689638
Tunis,1162730670,forest,,36.7432383,10.2153425,2026-02-15T13:37:13.689638
Tunis,1163433159,religious,,36.7488711,10.2222436,2026-02-15T13:37:13.689638
Tunis,1163433160,religious,,36.7511436,10.2249453,2026-02-15T13:37:13.689638
Tunis,1163671321,garages,Terrain A Usage Multiple,36.8413797,10.1964245,2026-02-15T13:37:13.689638
Tunis,1169603927,greenfield,,36.7550437,10.1028838,2026-02-15T13:37:13.689638
Tunis,1169603928,greenfield,,36.7554047,10.1034561,2026-02-15T13:37:13.689638
Tunis,1169640203,brownfield,,36.7579378,10.1096908,2026-02-15T13:37:13.689638
Tunis,1169640204,brownfield,,36.7582699,10.1090496,2026-02-15T13:37:13.689638
Tunis,1169640205,brownfield,,36.7585093,10.1088001,2026-02-15T13:37:13.689638
Tunis,1169640206,brownfield,,36.7586961,10.1085077,2026-02-15T13:37:13.689638
Tunis,1169640207,brownfield,,36.7576037,10.1082555,2026-02-15T13:37:13.689638
Tunis,1169640208,brownfield,,36.7578476,10.1079859,2026-02-15T13:37:13.689638
Tunis,1169640209,brownfield,,36.7580743,10.1077365,2026-02-15T13:37:13.689638
Tunis,1169646505,grass,,36.7551233,10.1072243,2026-02-15T13:37:13.689638
Tunis,1169647731,industrial,cherni,36.7514759,10.1058694,2026-02-15T13:37:13.689638
Tunis,1169724438,residential,,36.7538067,10.1053473,2026-02-15T13:37:13.689638
Tunis,1169725994,orchard,,36.7536502,10.1048959,2026-02-15T13:37:13.689638
Tunis,1169729596,orchard,,36.7532412,10.1049935,2026-02-15T13:37:13.690638
Tunis,1169729597,orchard,,36.7547504,10.1044978,2026-02-15T13:37:13.690638
Tunis,1169729598,greenfield,,36.7551991,10.1026757,2026-02-15T13:37:13.690638
Tunis,1169729601,greenfield,,36.7547279,10.1031746,2026-02-15T13:37:13.690638
Tunis,1169729603,greenfield,,36.7542521,10.1028835,2026-02-15T13:37:13.690638
Tunis,1169729604,greenfield,,36.7537475,10.102258,2026-02-15T13:37:13.690638
Tunis,1169730748,greenfield,,36.7539188,10.1028252,2026-02-15T13:37:13.690638
Tunis,1169730752,greenfield,,36.7535996,10.1030437,2026-02-15T13:37:13.690638
Tunis,1169730758,greenfield,,36.7545943,10.1034722,2026-02-15T13:37:13.690638
Tunis,1169748265,greenfield,,36.7533283,10.1028814,2026-02-15T13:37:13.690638
Tunis,1169748275,greenfield,,36.7528028,10.1039261,2026-02-15T13:37:13.690638
Tunis,1169748997,greenfield,,36.7533409,10.1036431,2026-02-15T13:37:13.690638
Tunis,1169749005,greenfield,,36.7528836,10.1043292,2026-02-15T13:37:13.690638
Tunis,1169749348,greenfield,,36.753606,10.1044818,2026-02-15T13:37:13.690638
Tunis,1169749612,greenfield,,36.7537021,10.1038161,2026-02-15T13:37:13.690638
Tunis,1169749613,greenfield,,36.7539327,10.1041212,2026-02-15T13:37:13.690638
Tunis,1169751378,greenfield,,36.7543474,10.1033517,2026-02-15T13:37:13.690638
Tunis,1169751727,greenfield,,36.7538191,10.10348,2026-02-15T13:37:13.690638
Tunis,1169751733,greenfield,,36.7542085,10.1036854,2026-02-15T13:37:13.690638
Tunis,1169751736,greenfield,,36.7543979,10.103832,2026-02-15T13:37:13.690638
Tunis,1186516318,brownfield,,36.7572699,10.1099787,2026-02-15T13:37:13.690638
Tunis,1186546876,brownfield,,36.7578216,10.1107469,2026-02-15T13:37:13.690638
Tunis,1186546890,brownfield,,36.7580571,10.1114151,2026-02-15T13:37:13.690638
Tunis,1188258902,brownfield,,36.75587,10.1099763,2026-02-15T13:37:13.690638
Tunis,1188258905,brownfield,,36.7558107,10.1097297,2026-02-15T13:37:13.690638
Tunis,1188258906,brownfield,,36.7558004,10.1096319,2026-02-15T13:37:13.690638
Tunis,1188258911,brownfield,,36.7561016,10.1096153,2026-02-15T13:37:13.690638
Tunis,1188258916,brownfield,,36.7561721,10.1102926,2026-02-15T13:37:13.690638
Tunis,1188258917,brownfield,,36.7560828,10.1101887,2026-02-15T13:37:13.690638
Tunis,1188258920,brownfield,,36.7562327,10.1102093,2026-02-15T13:37:13.690638
Tunis,1188266987,residential,B HAMZA,36.7597181,10.1130629,2026-02-15T13:37:13.690638
Tunis,1188345174,brownfield,,36.7563301,10.1106106,2026-02-15T13:37:13.690638
Tunis,1188345186,brownfield,,36.7564866,10.110743,2026-02-15T13:37:13.690638
Tunis,1188345192,brownfield,,36.756773,10.1107204,2026-02-15T13:37:13.690638
Tunis,1188411881,grass,,36.7619563,10.1121171,2026-02-15T13:37:13.690638
Tunis,1188411895,grass,,36.7628584,10.1129059,2026-02-15T13:37:13.690638
Tunis,1188419544,grass,,36.761803,10.1101284,2026-02-15T13:37:13.690638
Tunis,1188430088,brownfield,,36.7568658,10.1103875,2026-02-15T13:37:13.690638
Tunis,1188430090,brownfield,,36.7569077,10.1106288,2026-02-15T13:37:13.690638
Tunis,1188430095,brownfield,,36.7567665,10.1110664,2026-02-15T13:37:13.690638
Tunis,1188430098,brownfield,,36.756848,10.1111859,2026-02-15T13:37:13.690638
Tunis,1188430100,brownfield,,36.7570065,10.1110016,2026-02-15T13:37:13.690638
Tunis,1188434063,brownfield,,36.7570712,10.1111072,2026-02-15T13:37:13.690638
Tunis,1188442108,brownfield,,36.7576131,10.1119426,2026-02-15T13:37:13.690638
Tunis,1188442110,brownfield,,36.7579337,10.1121508,2026-02-15T13:37:13.690638
Tunis,1188461739,greenfield,,36.7527688,10.1069129,2026-02-15T13:37:13.690638
Tunis,1188461749,greenfield,,36.7527232,10.1072725,2026-02-15T13:37:13.690638
Tunis,1188461753,greenfield,,36.7529885,10.1075289,2026-02-15T13:37:13.690638
Tunis,1188496379,greenfield,,36.7633703,10.1156147,2026-02-15T13:37:13.690638
Tunis,1188496387,greenfield,,36.7638558,10.115328,2026-02-15T13:37:13.690638
Tunis,1188496414,greenfield,,36.7636776,10.116369,2026-02-15T13:37:13.690638
Tunis,1188496422,greenfield,,36.7639451,10.1162219,2026-02-15T13:37:13.690638
Tunis,1188497826,greenfield,,36.7632574,10.1166135,2026-02-15T13:37:13.690638
Tunis,1188519729,brownfield,,36.766455,10.11426,2026-02-15T13:37:13.690638
Tunis,1188534832,greenfield,,36.7630685,10.1177982,2026-02-15T13:37:13.690638
Tunis,1188534845,greenfield,,36.7628356,10.1172736,2026-02-15T13:37:13.690638
Tunis,1188534876,greenfield,,36.7625648,10.1164634,2026-02-15T13:37:13.690638
Tunis,1188534880,greenfield,,36.7624528,10.1156733,2026-02-15T13:37:13.690638
Tunis,1188534881,greenfield,,36.7622517,10.1153853,2026-02-15T13:37:13.690638
Tunis,1188534891,greenfield,,36.7627362,10.115463,2026-02-15T13:37:13.690638
Tunis,1188534893,greenfield,,36.7627205,10.1153343,2026-02-15T13:37:13.690638
Tunis,1188534896,greenfield,,36.7627565,10.1158682,2026-02-15T13:37:13.690638
Tunis,1190215262,orchard,,36.7592697,10.1079426,2026-02-15T13:37:13.690638
Tunis,1190887796,grass,,36.7592742,10.1079347,2026-02-15T13:37:13.690638
Tunis,1191170661,brownfield,,36.7630286,10.1145373,2026-02-15T13:37:13.690638
Tunis,1191170699,brownfield,,36.7653187,10.1123981,2026-02-15T13:37:13.690638
Tunis,1191237242,brownfield,,36.7665606,10.1131981,2026-02-15T13:37:13.690638
Tunis,1191237249,brownfield,,36.7665011,10.1130071,2026-02-15T13:37:13.690638
Tunis,1191237260,brownfield,,36.7663552,10.1138065,2026-02-15T13:37:13.690638
Tunis,1191246124,brownfield,,36.7663341,10.113579,2026-02-15T13:37:13.690638
Tunis,1191251783,brownfield,,36.7661084,10.1135,2026-02-15T13:37:13.690638
Tunis,1191254502,brownfield,,36.7656051,10.1128114,2026-02-15T13:37:13.690638
Tunis,1191372892,brownfield,,36.7646554,10.114044,2026-02-15T13:37:13.690638
Tunis,1191372893,brownfield,,36.7652399,10.1134045,2026-02-15T13:37:13.690638
Tunis,1191372901,brownfield,,36.7645798,10.1129979,2026-02-15T13:37:13.690638
Tunis,1191425974,brownfield,,36.765132,10.1135568,2026-02-15T13:37:13.690638
Tunis,1191425977,brownfield,,36.7649093,10.1134017,2026-02-15T13:37:13.690638
Tunis,1191425987,brownfield,,36.7645649,10.1131993,2026-02-15T13:37:13.690638
Tunis,1191426022,brownfield,,36.764337,10.1131941,2026-02-15T13:37:13.690638
Tunis,1191437229,brownfield,,36.7635958,10.114161,2026-02-15T13:37:13.690638
Tunis,1191437239,brownfield,,36.7632455,10.1139138,2026-02-15T13:37:13.690638
Tunis,1193546819,greenfield,,36.7696969,10.1176784,2026-02-15T13:37:13.690638
Tunis,1193546820,greenfield,,36.7695523,10.1175658,2026-02-15T13:37:13.690638
Tunis,1193547867,industrial,,36.7782162,10.1140791,2026-02-15T13:37:13.690638
Tunis,1193596335,greenfield,,36.7705799,10.1176415,2026-02-15T13:37:13.690638
Tunis,1193614808,greenfield,,36.7689303,10.1179736,2026-02-15T13:37:13.690638
Tunis,1193614830,greenfield,,36.7682125,10.1171263,2026-02-15T13:37:13.690638
Tunis,1193943948,grass,,36.781344,10.1117593,2026-02-15T13:37:13.690638
Tunis,1194072908,industrial,,36.7784613,10.1139377,2026-02-15T13:37:13.690638
Tunis,1194231217,quarry,,36.7825518,10.1134496,2026-02-15T13:37:13.690638
Tunis,1197325013,brownfield,,36.7194432,10.1566797,2026-02-15T13:37:13.690638
Tunis,1197325017,brownfield,,36.7193289,10.1562456,2026-02-15T13:37:13.690638
Tunis,1197344278,brownfield,,36.7185862,10.1580575,2026-02-15T13:37:13.690638
Tunis,1198055639,grass,,36.7783277,10.1128858,2026-02-15T13:37:13.690638
Tunis,1198305963,brownfield,,36.7174147,10.1877072,2026-02-15T13:37:13.690638
Tunis,1198305964,industrial,,36.7176298,10.1862817,2026-02-15T13:37:13.690638
Tunis,1198305965,brownfield,,36.7176962,10.185866,2026-02-15T13:37:13.690638
Tunis,1198925784,brownfield,,36.7180333,10.1620198,2026-02-15T13:37:13.690638
Tunis,1199302504,industrial,STGE,36.7181219,10.165672,2026-02-15T13:37:13.690638
Tunis,1200002813,greenfield,,36.768969,10.1141761,2026-02-15T13:37:13.690638
Tunis,1200584863,industrial,,36.7773037,10.1133206,2026-02-15T13:37:13.690638
Tunis,1200604523,brownfield,,36.7736561,10.1184863,2026-02-15T13:37:13.690638
Tunis,1200604543,brownfield,,36.773743,10.1185535,2026-02-15T13:37:13.690638
Tunis,1200604544,brownfield,,36.774399,10.1191524,2026-02-15T13:37:13.690638
Tunis,1200604545,brownfield,,36.7745267,10.1191233,2026-02-15T13:37:13.690638
Tunis,1200604546,brownfield,,36.7744442,10.1190084,2026-02-15T13:37:13.690638
Tunis,1200604575,brownfield,,36.7732441,10.1188451,2026-02-15T13:37:13.690638
Tunis,1200604586,brownfield,,36.7731535,10.1187776,2026-02-15T13:37:13.690638
Tunis,1200604587,brownfield,,36.7739124,10.1187841,2026-02-15T13:37:13.690638
Tunis,1200604588,brownfield,,36.7737988,10.1189013,2026-02-15T13:37:13.690638
Tunis,1200604589,brownfield,,36.7735928,10.1189137,2026-02-15T13:37:13.690638
Tunis,1200604590,brownfield,,36.7736492,10.118758,2026-02-15T13:37:13.690638
Tunis,1200604591,brownfield,,36.773443,10.1188574,2026-02-15T13:37:13.690638
Tunis,1200604592,brownfield,,36.7735076,10.1186961,2026-02-15T13:37:13.690638
Tunis,1200604593,brownfield,,36.7740327,10.118837,2026-02-15T13:37:13.690638
Tunis,1200604594,brownfield,,36.7730612,10.1189099,2026-02-15T13:37:13.690638
Tunis,1200604595,brownfield,,36.7731486,10.1189776,2026-02-15T13:37:13.690638
Tunis,1200604596,brownfield,,36.773108,10.119075,2026-02-15T13:37:13.690638
Tunis,1200604597,brownfield,,36.7730174,10.1190074,2026-02-15T13:37:13.690638
Tunis,1200604598,brownfield,,36.7729732,10.1183654,2026-02-15T13:37:13.690638
Tunis,1200604599,brownfield,,36.7730874,10.1184549,2026-02-15T13:37:13.690638
Tunis,1200604601,brownfield,,36.7729709,10.1185891,2026-02-15T13:37:13.690638
Tunis,1200604603,brownfield,,36.7728524,10.1187835,2026-02-15T13:37:13.690638
Tunis,1200604606,brownfield,,36.7725983,10.1182519,2026-02-15T13:37:13.690638
Tunis,1200604607,brownfield,,36.772517,10.1184111,2026-02-15T13:37:13.690638
Tunis,1200604608,brownfield,,36.7727211,10.1183296,2026-02-15T13:37:13.690638
Tunis,1200604610,brownfield,,36.772569,10.1185824,2026-02-15T13:37:13.690638
Tunis,1200604611,brownfield,,36.7724454,10.1185295,2026-02-15T13:37:13.690638
Tunis,1200749388,brownfield,,36.7785088,10.1073833,2026-02-15T13:37:13.690638
Tunis,1200749403,brownfield,,36.7783279,10.107524,2026-02-15T13:37:13.690638
Tunis,1200758466,grass,,36.7781598,10.1065943,2026-02-15T13:37:13.690638
Tunis,1200863594,brownfield,,36.7773155,10.1090932,2026-02-15T13:37:13.690638
Tunis,1200863598,brownfield,,36.7772251,10.1088137,2026-02-15T13:37:13.690638
Tunis,1200863633,brownfield,,36.7772367,10.1084223,2026-02-15T13:37:13.690638
Tunis,1200863634,brownfield,,36.7772008,10.1083464,2026-02-15T13:37:13.690638
Tunis,1200905792,brownfield,,36.7721855,10.1181544,2026-02-15T13:37:13.690638
Tunis,1200905796,brownfield,,36.7723348,10.1182236,2026-02-15T13:37:13.690638
Tunis,1201034954,brownfield,,36.7192266,10.1619631,2026-02-15T13:37:13.690638
Tunis,1201034992,brownfield,,36.7187271,10.1623171,2026-02-15T13:37:13.690638
Tunis,1201035026,brownfield,,36.7193734,10.1591641,2026-02-15T13:37:13.690638
Tunis,1201111413,residential,,36.7667059,10.1052533,2026-02-15T13:37:13.690638
Tunis,1201186981,brownfield,,36.7184527,10.1611396,2026-02-15T13:37:13.690638
Tunis,1201186982,brownfield,,36.7188105,10.1615764,2026-02-15T13:37:13.690638
Tunis,1201186983,brownfield,,36.7181276,10.1611236,2026-02-15T13:37:13.690638
Tunis,1201186985,brownfield,,36.7182142,10.1631695,2026-02-15T13:37:13.690638
Tunis,1201427526,brownfield,,36.7197336,10.182301,2026-02-15T13:37:13.690638
Tunis,1201427528,brownfield,,36.7168742,10.1739866,2026-02-15T13:37:13.690638
Tunis,1201427529,brownfield,,36.7176982,10.1720624,2026-02-15T13:37:13.690638
Tunis,1201427530,brownfield,,36.7193683,10.1835541,2026-02-15T13:37:13.690638
Tunis,1201427946,brownfield,,36.7190206,10.1764432,2026-02-15T13:37:13.690638
Tunis,1201429657,brownfield,,36.7187207,10.1596897,2026-02-15T13:37:13.690638
Tunis,1201552650,brownfield,,36.7178773,10.1558441,2026-02-15T13:37:13.690638
Tunis,1201552714,brownfield,,36.7276537,10.1330148,2026-02-15T13:37:13.690638
Tunis,1201552715,farmland,,36.723427,10.1476174,2026-02-15T13:37:13.690638
Tunis,1201686060,greenfield,,36.7659776,10.1057274,2026-02-15T13:37:13.690638
Tunis,1201864599,brownfield,,36.7766235,10.1090075,2026-02-15T13:37:13.690638
Tunis,1201902009,brownfield,,36.7764856,10.1096478,2026-02-15T13:37:13.690638
Tunis,1201902013,brownfield,,36.7768666,10.109409,2026-02-15T13:37:13.690638
Tunis,1201920075,grass,,36.7707123,10.1023227,2026-02-15T13:37:13.690638
Tunis,1201920076,grass,,36.7714343,10.1009702,2026-02-15T13:37:13.690638
Tunis,1201936215,brownfield,,36.7155833,10.1857225,2026-02-15T13:37:13.690638
Tunis,1201936227,brownfield,,36.716377,10.1844123,2026-02-15T13:37:13.690638
Tunis,1201936231,brownfield,,36.7167211,10.1852975,2026-02-15T13:37:13.690638
Tunis,1201936244,brownfield,,36.7173374,10.1851949,2026-02-15T13:37:13.690638
Tunis,1201936245,brownfield,,36.716974,10.1873648,2026-02-15T13:37:13.690638
Tunis,1201936246,brownfield,,36.7172793,10.1885798,2026-02-15T13:37:13.690638
Tunis,1201936247,brownfield,,36.717361,10.1890358,2026-02-15T13:37:13.690638
Tunis,1201936250,brownfield,,36.7167761,10.1896975,2026-02-15T13:37:13.690638
Tunis,1201936252,orchard,,36.716129,10.1926005,2026-02-15T13:37:13.690638
Tunis,1201937979,brownfield,,36.7192347,10.1869788,2026-02-15T13:37:13.690638
Tunis,1201937981,brownfield,,36.7185511,10.1882796,2026-02-15T13:37:13.690638
Tunis,1201937982,brownfield,,36.7196928,10.1886739,2026-02-15T13:37:13.690638
Tunis,1201937985,brownfield,,36.7207763,10.1936655,2026-02-15T13:37:13.690638
Tunis,1201995641,brownfield,,36.7177848,10.1754463,2026-02-15T13:37:13.690638
Tunis,1201995642,brownfield,,36.7220502,10.17349,2026-02-15T13:37:13.690638
Tunis,1201995643,brownfield,,36.718358,10.1688882,2026-02-15T13:37:13.690638
Tunis,1201995644,brownfield,,36.7222263,10.1656103,2026-02-15T13:37:13.690638
Tunis,1201995647,brownfield,,36.7242305,10.1685921,2026-02-15T13:37:13.690638
Tunis,1202023818,brownfield,,36.7788915,10.1078635,2026-02-15T13:37:13.690638
Tunis,1202035989,industrial,,36.7716496,10.1084868,2026-02-15T13:37:13.690638
Tunis,1202038229,brownfield,,36.7782366,10.1079157,2026-02-15T13:37:13.690638
Tunis,1202264242,industrial,بيع مواد البناء,36.781089,10.1107821,2026-02-15T13:37:13.690638
Tunis,1202287044,grass,,36.781398,10.1101115,2026-02-15T13:37:13.690638
Tunis,1202343208,farmland,,36.764442,10.1094061,2026-02-15T13:37:13.690638
Tunis,1202343209,brownfield,,36.7646432,10.1082546,2026-02-15T13:37:13.690638
Tunis,1202343210,farmland,,36.7639235,10.1084479,2026-02-15T13:37:13.690638
Tunis,1202343211,farmland,,36.7634921,10.1076094,2026-02-15T13:37:13.690638
Tunis,1202343212,farmland,,36.7629267,10.1085619,2026-02-15T13:37:13.690638
Tunis,1202351240,brownfield,,36.7645776,10.1069955,2026-02-15T13:37:13.690638
Tunis,1202351242,brownfield,,36.7646738,10.1073812,2026-02-15T13:37:13.690638
Tunis,1202351245,brownfield,,36.7649362,10.1070469,2026-02-15T13:37:13.690638
Tunis,1202494625,farmland,,36.7631309,10.1068385,2026-02-15T13:37:13.690638
Tunis,1202494630,brownfield,,36.7625344,10.1075955,2026-02-15T13:37:13.690638
Tunis,1202494632,brownfield,,36.7621501,10.1080637,2026-02-15T13:37:13.690638
Tunis,1202813844,brownfield,,36.7667531,10.1034182,2026-02-15T13:37:13.690638
Tunis,1202813858,brownfield,,36.7677506,10.1032672,2026-02-15T13:37:13.690638
Tunis,1202909331,greenfield,,36.7664278,10.0991945,2026-02-15T13:37:13.690638
Tunis,1202909332,greenfield,,36.7660837,10.0995827,2026-02-15T13:37:13.690638
Tunis,1202909333,greenfield,,36.766498,10.0999714,2026-02-15T13:37:13.690638
Tunis,1202909334,greenfield,,36.7667393,10.1000262,2026-02-15T13:37:13.690638
Tunis,1202909335,greenfield,,36.767048,10.0998765,2026-02-15T13:37:13.690638
Tunis,1202909336,greenfield,,36.7661488,10.0986942,2026-02-15T13:37:13.690638
Tunis,1202909337,greenfield,,36.7657764,10.0989727,2026-02-15T13:37:13.690638
Tunis,1202909338,greenfield,,36.765995,10.0992773,2026-02-15T13:37:13.690638
Tunis,1202909339,greenfield,,36.7657834,10.099499,2026-02-15T13:37:13.690638
Tunis,1202909340,greenfield,,36.7655162,10.0992627,2026-02-15T13:37:13.690638
Tunis,1204044317,residential,,36.7715329,10.1102487,2026-02-15T13:37:13.690638
Tunis,1204643611,greenfield,,36.7810254,10.1090488,2026-02-15T13:37:13.690638
Tunis,1204643612,greenfield,,36.7800978,10.1080743,2026-02-15T13:37:13.690638
Tunis,1204648834,greenfield,,36.7807202,10.1075332,2026-02-15T13:37:13.690638
Tunis,1205039230,brownfield,,36.7660245,10.1028735,2026-02-15T13:37:13.690638
Tunis,1205039231,brownfield,,36.7660718,10.1035096,2026-02-15T13:37:13.690638
Tunis,1205039232,brownfield,,36.7657886,10.1029934,2026-02-15T13:37:13.690638
Tunis,1205039237,brownfield,,36.764774,10.1035679,2026-02-15T13:37:13.690638
Tunis,1205039239,brownfield,,36.7650066,10.1037395,2026-02-15T13:37:13.690638
Tunis,1205039244,brownfield,,36.7655147,10.104204,2026-02-15T13:37:13.690638
Tunis,1205039262,brownfield,,36.7645414,10.1046556,2026-02-15T13:37:13.690638
Tunis,1205039280,brownfield,,36.7646174,10.105314,2026-02-15T13:37:13.690638
Tunis,1205039287,brownfield,,36.7644394,10.1048185,2026-02-15T13:37:13.690638
Tunis,1205039307,brownfield,,36.7662945,10.1019543,2026-02-15T13:37:13.690638
Tunis,1205039309,brownfield,,36.7667193,10.1013735,2026-02-15T13:37:13.690638
Tunis,1205039315,brownfield,,36.766269,10.1027384,2026-02-15T13:37:13.690638
Tunis,1205039320,brownfield,,36.7665608,10.1011756,2026-02-15T13:37:13.690638
Tunis,1205039323,brownfield,,36.7659967,10.1015676,2026-02-15T13:37:13.690638
Tunis,1205039325,brownfield,,36.7657665,10.1005698,2026-02-15T13:37:13.690638
Tunis,1205039326,brownfield,,36.7649841,10.1021252,2026-02-15T13:37:13.690638
Tunis,1205039327,brownfield,,36.7649003,10.1015808,2026-02-15T13:37:13.690638
Tunis,1205039328,brownfield,,36.7632532,10.1046673,2026-02-15T13:37:13.690638
Tunis,1205039339,brownfield,,36.7640465,10.1036821,2026-02-15T13:37:13.690638
Tunis,1205039341,brownfield,,36.7643386,10.1036912,2026-02-15T13:37:13.690638
Tunis,1205039344,brownfield,,36.7644261,10.103282,2026-02-15T13:37:13.690638
Tunis,1205039345,brownfield,,36.7646217,10.1030271,2026-02-15T13:37:13.690638
Tunis,1205196930,brownfield,,36.7654156,10.1024776,2026-02-15T13:37:13.690638
Tunis,1205923247,residential,,36.7414928,10.1958209,2026-02-15T13:37:13.690638
Tunis,1206887902,brownfield,,36.7655427,10.1096138,2026-02-15T13:37:13.690638
Tunis,1211544343,orchard,,36.7125847,10.1960707,2026-02-15T13:37:13.690638
Tunis,1211553901,farmland,,36.7435503,10.1351332,2026-02-15T13:37:13.690638
Tunis,1211557501,farmland,,36.7339887,10.1491122,2026-02-15T13:37:13.690638
Tunis,1211557502,farmland,,36.7315913,10.1604275,2026-02-15T13:37:13.690638
Tunis,1211559418,farmland,,36.7318487,10.1544035,2026-02-15T13:37:13.690638
Tunis,1211559419,brownfield,,36.7285898,10.1660099,2026-02-15T13:37:13.690638
Tunis,1215361361,brownfield,,36.8834903,10.1993387,2026-02-15T13:37:13.690638
Tunis,1215361362,brownfield,,36.8838213,10.2019006,2026-02-15T13:37:13.690638
Tunis,1223243256,residential,,36.8180455,10.0771462,2026-02-15T13:37:13.690638
Tunis,1223243270,cemetery,,36.8099914,10.124007,2026-02-15T13:37:13.690638
Tunis,1223782047,grass,,36.7962236,10.1804491,2026-02-15T13:37:13.690638
Tunis,1223782048,grass,,36.796832,10.1808067,2026-02-15T13:37:13.690638
Tunis,1223782049,grass,,36.7965371,10.1808529,2026-02-15T13:37:13.690638
Tunis,1223782051,grass,,36.7968433,10.1803921,2026-02-15T13:37:13.690638
Tunis,1223782052,grass,,36.7966535,10.1800036,2026-02-15T13:37:13.690638
Tunis,1223782053,grass,,36.796358,10.1800497,2026-02-15T13:37:13.690638
Tunis,1225871301,commercial,,36.8091171,10.1536736,2026-02-15T13:37:13.690638
Tunis,1225871337,residential,,36.8091637,10.1595585,2026-02-15T13:37:13.690638
Tunis,1225871338,residential,,36.8092509,10.1591358,2026-02-15T13:37:13.690638
Tunis,1225871339,brownfield,,36.8095122,10.1587636,2026-02-15T13:37:13.690638
Tunis,1225871352,grass,,36.8088872,10.1595194,2026-02-15T13:37:13.690638
Tunis,1225871355,grass,,36.8078977,10.1592237,2026-02-15T13:37:13.690638
Tunis,1263061941,grass,,36.8478993,10.2011188,2026-02-15T13:37:13.690638
Tunis,1263061944,grass,,36.8489097,10.1980248,2026-02-15T13:37:13.690638
Tunis,1267675560,residential,,36.7818711,10.0796064,2026-02-15T13:37:13.690638
Tunis,1294992140,grass,,36.854591,10.1120465,2026-02-15T13:37:13.690638
Tunis,1304418075,industrial,,36.821825,10.0754779,2026-02-15T13:37:13.690638
Tunis,1304418076,industrial,TELCAM,36.8210655,10.0753081,2026-02-15T13:37:13.690638
Tunis,1304418077,industrial,,36.821691,10.0756986,2026-02-15T13:37:13.690638
Tunis,1304418081,industrial,,36.8205582,10.0754377,2026-02-15T13:37:13.690638
Tunis,1304418082,industrial,,36.8214032,10.0758865,2026-02-15T13:37:13.690638
Tunis,1304418083,industrial,,36.821237,10.0761658,2026-02-15T13:37:13.690638
Tunis,1304422948,industrial,,36.8217324,10.073159,2026-02-15T13:37:13.690638
Tunis,1304422949,industrial,,36.8205247,10.0769955,2026-02-15T13:37:13.690638
Tunis,1324882776,industrial,,36.7645104,10.2059567,2026-02-15T13:37:13.690638
Tunis,1329423196,military,Cité militaire wissem l’akeichi ksar Saïd 2,36.821061,10.1140128,2026-02-15T13:37:13.690638
Tunis,1329423216,grass,,36.8241927,10.1117466,2026-02-15T13:37:13.690638
Tunis,1329423217,grass,,36.8244627,10.1122603,2026-02-15T13:37:13.690638
Tunis,1329423218,grass,,36.8240992,10.1111648,2026-02-15T13:37:13.690638
Tunis,1334218913,grass,,36.7548292,10.184505,2026-02-15T13:37:13.690638
Tunis,1334218914,grass,,36.7548569,10.1853907,2026-02-15T13:37:13.690638
Tunis,1346769253,residential,,36.8650499,10.2197163,2026-02-15T13:37:13.690638
Tunis,1349626162,grass,,36.8087384,10.0740292,2026-02-15T13:37:13.690638
Tunis,1349626163,grass,,36.8088933,10.0746515,2026-02-15T13:37:13.690638
Tunis,1349626164,grass,,36.8089576,10.0738177,2026-02-15T13:37:13.690638
Tunis,1349626165,grass,,36.8088147,10.0732992,2026-02-15T13:37:13.690638
Tunis,1349626170,residential,,36.80642,10.0783233,2026-02-15T13:37:13.690638
Tunis,1359869363,retail,Weekly market,36.7225928,10.2042394,2026-02-15T13:37:13.690638
Tunis,1363528887,residential,Cité Essalem,36.8465219,10.1861943,2026-02-15T13:37:13.690638
Tunis,1388508552,grass,,36.8037708,10.1974885,2026-02-15T13:37:13.690638
Tunis,1388508553,grass,,36.8041578,10.1970235,2026-02-15T13:37:13.690638
Tunis,1388508554,grass,,36.801494,10.1951468,2026-02-15T13:37:13.690638
Tunis,1391797823,brownfield,سجن 9 أبريل السابق,36.8052115,10.1605289,2026-02-15T13:37:13.690638
Tunis,1446928938,education,المدرسة الإبتدائية السهل,36.7841526,10.2331003,2026-02-15T13:37:13.690638
Tunis,1447810789,residential,,36.8503245,10.1962322,2026-02-15T13:37:13.690638
Tunis,1466788,residential,,36.7771932,10.2797006,2026-02-15T13:37:13.690638
Tunis,1478630,residential,,36.761238,10.2766838,2026-02-15T13:37:13.690638
Tunis,1502880,basin,Cité des sciences de Tunis,36.847885,10.1886506,2026-02-15T13:37:13.690638
Tunis,1530127,industrial,,36.7663066,10.2297658,2026-02-15T13:37:13.690638
Tunis,1622298,residential,كولزي صولة,36.8372192,10.152081,2026-02-15T13:37:13.690638
Tunis,2036723,brownfield,,36.8682632,10.2352102,2026-02-15T13:37:13.690638
Tunis,2163384,residential,حي السيجومي,36.7768917,10.1092178,2026-02-15T13:37:13.690638
Tunis,2298910,village_green,,36.8609596,10.1734465,2026-02-15T13:37:13.690638
Tunis,2324365,farmland,,36.8799788,10.2334334,2026-02-15T13:37:13.690638
Tunis,5546675,brownfield,,36.8453936,10.1373534,2026-02-15T13:37:13.690638
Tunis,5546676,brownfield,,36.8505911,10.1370373,2026-02-15T13:37:13.690638
Tunis,9033482,grass,,36.7541501,10.1782549,2026-02-15T13:37:13.690638
Tunis,9284972,residential,,36.756735,10.1974115,2026-02-15T13:37:13.690638
Tunis,11007855,brownfield,,36.8584447,10.2544744,2026-02-15T13:37:13.690638
Tunis,11008121,brownfield,,36.8593363,10.2590105,2026-02-15T13:37:13.690638
Tunis,13007736,residential,,36.8648273,10.1895182,2026-02-15T13:37:13.690638
Tunis,15672785,industrial,usine le ech,36.7715576,10.1148141,2026-02-15T13:37:13.690638
Tunis,16700933,grass,,36.7965514,10.1804355,2026-02-15T13:37:13.690638
Sousse,26289164,residential,,35.730015,10.577901,2026-02-15T13:37:24.209176
Sousse,26542719,cemetery,مقبرة السويس,35.8157493,10.6383134,2026-02-15T13:37:24.209176
Sousse,26563710,salt_pond,,35.7730189,10.6976849,2026-02-15T13:37:24.209176
Sousse,26563791,salt_pond,,35.7720669,10.6966965,2026-02-15T13:37:24.209176
Sousse,26564099,salt_pond,,35.7681083,10.7007968,2026-02-15T13:37:24.209176
Sousse,26564101,salt_pond,,35.7671762,10.7025466,2026-02-15T13:37:24.209176
Sousse,26564103,salt_pond,,35.7654897,10.7013038,2026-02-15T13:37:24.209176
Sousse,26564104,salt_pond,,35.7646695,10.7023022,2026-02-15T13:37:24.209176
Sousse,26564108,salt_pond,,35.7664539,10.7038048,2026-02-15T13:37:24.209176
Sousse,26564110,salt_pond,,35.7639322,10.7035107,2026-02-15T13:37:24.209176
Sousse,26564114,salt_pond,,35.7657171,10.7050845,2026-02-15T13:37:24.209176
Sousse,26564144,salt_pond,,35.7649663,10.7063258,2026-02-15T13:37:24.209176
Sousse,26564145,salt_pond,,35.7632089,10.7048009,2026-02-15T13:37:24.209176
Sousse,26564146,salt_pond,,35.7642611,10.7076165,2026-02-15T13:37:24.209176
Sousse,26564148,salt_pond,,35.7625101,10.7061231,2026-02-15T13:37:24.209176
Sousse,26564155,salt_pond,,35.7634933,10.7089804,2026-02-15T13:37:24.209176
Sousse,26564156,salt_pond,,35.7618125,10.7074299,2026-02-15T13:37:24.209176
Sousse,26564157,salt_pond,,35.7627053,10.7102674,2026-02-15T13:37:24.209176
Sousse,26564161,salt_pond,,35.7610796,10.7087275,2026-02-15T13:37:24.209176
Sousse,26564165,salt_pond,,35.7696961,10.7033599,2026-02-15T13:37:24.209176
Sousse,26564166,salt_pond,,35.7686019,10.7068102,2026-02-15T13:37:24.209176
Sousse,26564168,salt_pond,,35.7672789,10.7092601,2026-02-15T13:37:24.209176
Sousse,26564170,salt_pond,,35.7667178,10.7127806,2026-02-15T13:37:24.209176
Sousse,26564171,salt_pond,,35.7655142,10.710798,2026-02-15T13:37:24.209176
Sousse,26564176,salt_pond,,35.7646809,10.7121573,2026-02-15T13:37:24.209176
Sousse,26564177,salt_pond,,35.7648428,10.7157557,2026-02-15T13:37:24.209176
Sousse,26564179,salt_pond,,35.7633757,10.7143976,2026-02-15T13:37:24.209176
Sousse,26564184,salt_pond,,35.7613864,10.7125533,2026-02-15T13:37:24.209176
Sousse,26564185,salt_pond,,35.7600958,10.7109686,2026-02-15T13:37:24.209176
Sousse,26564191,salt_pond,,35.7606513,10.717577,2026-02-15T13:37:24.209176
Sousse,27922391,residential,مدينة سوسة العتيقة,35.8249242,10.6377908,2026-02-15T13:37:24.209176
Sousse,27942939,cemetery,,35.8630779,10.595,2026-02-15T13:37:24.209176
Sousse,27943377,village_green,,35.8682548,10.6065999,2026-02-15T13:37:24.209176
Sousse,27944514,commercial,Foire International de Sousse,35.7934916,10.6708721,2026-02-15T13:37:24.209176
Sousse,27944624,cemetery,مقبرة الحدب,35.8748683,10.5466671,2026-02-15T13:37:24.209176
Sousse,27944645,cemetery,Cimetière Akouda,35.8730155,10.5596167,2026-02-15T13:37:24.209176
Sousse,27955999,residential,,35.7876666,10.6235128,2026-02-15T13:37:24.209176
Sousse,28113499,cemetery,,35.8343446,10.6179344,2026-02-15T13:37:24.209176
Sousse,28194743,cemetery,,35.8265812,10.5607992,2026-02-15T13:37:24.209176
Sousse,28452026,forest,,35.7914385,10.5731896,2026-02-15T13:37:24.209176
Sousse,28672868,orchard,,35.8139491,10.6029733,2026-02-15T13:37:24.209176
Sousse,28792851,orchard,,35.7930133,10.5344109,2026-02-15T13:37:24.209176
Sousse,28915918,forest,,35.8031455,10.5570322,2026-02-15T13:37:24.209176
Sousse,28915941,orchard,,35.8002648,10.5678469,2026-02-15T13:37:24.209176
Sousse,28915959,orchard,,35.7970283,10.5639416,2026-02-15T13:37:24.209176
Sousse,28915983,orchard,,35.8007125,10.5611736,2026-02-15T13:37:24.209176
Sousse,28915987,orchard,,35.7966051,10.5577832,2026-02-15T13:37:24.209176
Sousse,28915988,orchard,,35.7969672,10.5518437,2026-02-15T13:37:24.209176
Sousse,28915993,orchard,,35.7990522,10.5499641,2026-02-15T13:37:24.209176
Sousse,28916000,orchard,,35.8023658,10.54587,2026-02-15T13:37:24.209176
Sousse,28916023,orchard,,35.8016035,10.538982,2026-02-15T13:37:24.209176
Sousse,28916114,orchard,,35.8027695,10.5527235,2026-02-15T13:37:24.209176
Sousse,28916116,orchard,,35.7956863,10.5484621,2026-02-15T13:37:24.209176
Sousse,28916117,forest,,35.7935003,10.5501229,2026-02-15T13:37:24.209176
Sousse,28916122,orchard,,35.7920138,10.5421792,2026-02-15T13:37:24.209176
Sousse,28916465,forest,,35.8116456,10.5717071,2026-02-15T13:37:24.209176
Sousse,28916473,forest,,35.8083037,10.5815826,2026-02-15T13:37:24.209176
Sousse,28916479,forest,,35.8075076,10.5811556,2026-02-15T13:37:24.209176
Sousse,28916484,forest,,35.8058047,10.5841152,2026-02-15T13:37:24.209176
Sousse,28916489,forest,,35.8101337,10.5850006,2026-02-15T13:37:24.209176
Sousse,28916491,forest,,35.8101251,10.5901559,2026-02-15T13:37:24.209176
Sousse,28933518,forest,,35.8247756,10.5898796,2026-02-15T13:37:24.209176
Sousse,28933523,forest,,35.8234046,10.5906134,2026-02-15T13:37:24.209176
Sousse,28933532,forest,,35.8228992,10.5915321,2026-02-15T13:37:24.209176
Sousse,28933547,forest,,35.817541,10.5890514,2026-02-15T13:37:24.209176
Sousse,28943505,forest,,35.8108654,10.602423,2026-02-15T13:37:24.209176
Sousse,28943571,orchard,,35.7976988,10.5751391,2026-02-15T13:37:24.209176
Sousse,28943586,orchard,,35.7946461,10.5738645,2026-02-15T13:37:24.209176
Sousse,28943598,orchard,,35.7933699,10.5668934,2026-02-15T13:37:24.209176
Sousse,28943620,cemetery,,35.7684039,10.555229,2026-02-15T13:37:24.209176
Sousse,96314460,brownfield,,35.771672,10.7129797,2026-02-15T13:37:24.209176
Sousse,96314474,greenfield,,35.7663594,10.7181677,2026-02-15T13:37:24.209176
Sousse,96314475,greenfield,,35.7690767,10.717236,2026-02-15T13:37:24.209176
Sousse,99737740,residential,,35.8979885,10.5807579,2026-02-15T13:37:24.209176
Sousse,100439289,commercial,Prima Life Karawan,35.8359143,10.6366529,2026-02-15T13:37:24.209176
Sousse,100439291,commercial,Tej Marhaba,35.8412388,10.626245,2026-02-15T13:37:24.209176
Sousse,104215055,greenfield,,35.8467191,10.6181744,2026-02-15T13:37:24.209176
Sousse,104215065,grass,,35.8469994,10.6179832,2026-02-15T13:37:24.209176
Sousse,104499310,village_green,,35.8753856,10.6008819,2026-02-15T13:37:24.209176
Sousse,104499315,residential,,35.8761254,10.6027413,2026-02-15T13:37:24.209176
Sousse,104499357,brownfield,,35.8881384,10.5983584,2026-02-15T13:37:24.209176
Sousse,104499364,greenfield,,35.8843628,10.5992036,2026-02-15T13:37:24.209176
Sousse,104499374,residential,,35.8876836,10.5983556,2026-02-15T13:37:24.209176
Sousse,104499504,brownfield,,35.8825948,10.5998255,2026-02-15T13:37:24.209176
Sousse,104499613,greenfield,,35.8844365,10.6002277,2026-02-15T13:37:24.209176
Sousse,104499659,brownfield,,35.8791887,10.6010386,2026-02-15T13:37:24.209176
Sousse,104499665,residential,,35.8820829,10.6000974,2026-02-15T13:37:24.209176
Sousse,104607686,grass,,35.8931844,10.5955114,2026-02-15T13:37:24.209176
Sousse,104607696,village_green,,35.8941266,10.5946367,2026-02-15T13:37:24.209176
Sousse,104607744,grass,,35.8933973,10.5960122,2026-02-15T13:37:24.209176
Sousse,104607783,village_green,,35.8944956,10.594312,2026-02-15T13:37:24.209176
Sousse,104691549,residential,,35.8956345,10.5906781,2026-02-15T13:37:24.209176
Sousse,104691586,residential,,35.8910783,10.5887044,2026-02-15T13:37:24.209176
Sousse,104691634,residential,,35.8928625,10.5946573,2026-02-15T13:37:24.209176
Sousse,106784577,village_green,,35.8465759,10.6190472,2026-02-15T13:37:24.209176
Sousse,106784754,grass,,35.8462823,10.6190293,2026-02-15T13:37:24.209176
Sousse,106784783,grass,,35.846933,10.6187156,2026-02-15T13:37:24.209176
Sousse,106784804,grass,,35.849024,10.6210592,2026-02-15T13:37:24.209176
Sousse,106784808,grass,,35.8464315,10.6195018,2026-02-15T13:37:24.209176
Sousse,106800110,village_green,,35.8319622,10.6313662,2026-02-15T13:37:24.209176
Sousse,108022823,industrial,Benetton,35.7779322,10.681556,2026-02-15T13:37:24.209176
Sousse,108030215,commercial,Hôtel Marhaba Salem Resort,35.8591635,10.6167844,2026-02-15T13:37:24.209176
Sousse,108030216,commercial,lti Thalassa Sousse Resort & Aquapark,35.8618588,10.6150751,2026-02-15T13:37:24.209176
Sousse,108030217,commercial,TUI BLUE Scheherazade,35.8569821,10.6175292,2026-02-15T13:37:24.209176
Sousse,108030218,commercial,Hôtel Jinene Resort,35.8621039,10.6122645,2026-02-15T13:37:24.209176
Sousse,108030219,commercial,Hôtel Orient Palace,35.8607376,10.6164226,2026-02-15T13:37:24.209176
Sousse,109273648,grass,,35.835862,10.5871267,2026-02-15T13:37:24.209176
Sousse,109937354,orchard,,35.858621,10.6119566,2026-02-15T13:37:24.209176
Sousse,110447001,village_green,,35.890589,10.5954556,2026-02-15T13:37:24.209176
Sousse,110447002,farmland,,35.8639105,10.6142751,2026-02-15T13:37:24.209176
Sousse,110447005,village_green,,35.8221109,10.6346254,2026-02-15T13:37:24.209176
Sousse,110447006,village_green,,35.8902247,10.5949845,2026-02-15T13:37:24.209176
Sousse,110447010,grass,,35.8238377,10.6350414,2026-02-15T13:37:24.209176
Sousse,110447012,greenfield,,35.8811643,10.5978906,2026-02-15T13:37:24.209176
Sousse,110447014,orchard,,35.8854064,10.5942352,2026-02-15T13:37:24.209176
Sousse,110447016,village_green,,35.891796,10.5936644,2026-02-15T13:37:24.209176
Sousse,110447019,village_green,,35.8802732,10.5993458,2026-02-15T13:37:24.209176
Sousse,110447026,greenfield,,35.8642771,10.6110094,2026-02-15T13:37:24.209176
Sousse,110447027,village_green,,35.8791711,10.5995054,2026-02-15T13:37:24.209176
Sousse,110447028,village_green,,35.8899309,10.5948289,2026-02-15T13:37:24.209176
Sousse,110447030,village_green,,35.8912965,10.5960395,2026-02-15T13:37:24.209176
Sousse,110566771,grass,,35.8281078,10.6369445,2026-02-15T13:37:24.209176
Sousse,110566773,grass,,35.8270214,10.6355827,2026-02-15T13:37:24.209176
Sousse,110566774,grass,,35.825293,10.6348782,2026-02-15T13:37:24.209176
Sousse,110566776,commercial,Mövenpick Resort & Marine Spa,35.8429939,10.6269782,2026-02-15T13:37:24.209176
Sousse,110751242,village_green,,35.8402824,10.62244,2026-02-15T13:37:24.209176
Sousse,110751273,village_green,,35.8294011,10.6328805,2026-02-15T13:37:24.209176
Sousse,110751285,village_green,,35.8400028,10.6228048,2026-02-15T13:37:24.209176
Sousse,110751289,village_green,,35.8397202,10.6226341,2026-02-15T13:37:24.209176
Sousse,110751303,village_green,,35.8560435,10.6155025,2026-02-15T13:37:24.209176
Sousse,110751304,village_green,,35.8650262,10.6078003,2026-02-15T13:37:24.209176
Sousse,110751306,village_green,,35.840212,10.6220302,2026-02-15T13:37:24.209176
Sousse,110751312,village_green,,35.8397783,10.6222733,2026-02-15T13:37:24.209176
Sousse,110751316,orchard,,35.8651123,10.6071763,2026-02-15T13:37:24.209176
Sousse,110751318,village_green,,35.842756,10.6175001,2026-02-15T13:37:24.209176
Sousse,110751319,village_green,,35.839999,10.6224187,2026-02-15T13:37:24.209176
Sousse,110751322,village_green,,35.8626415,10.6102544,2026-02-15T13:37:24.209176
Sousse,111316857,commercial,Hôtel Hill Diar,35.8542105,10.61855,2026-02-15T13:37:24.209176
Sousse,111369764,village_green,,35.8312075,10.6262381,2026-02-15T13:37:24.209176
Sousse,111375425,industrial,Centrale Thermique de Sousse,35.785889,10.6774826,2026-02-15T13:37:24.209176
Sousse,111852147,village_green,,35.8070152,10.6505646,2026-02-15T13:37:24.209176
Sousse,111852154,village_green,,35.7903686,10.6695243,2026-02-15T13:37:24.209176
Sousse,112327584,village_green,,35.8928869,10.5694214,2026-02-15T13:37:24.209176
Sousse,112327589,village_green,,35.8926615,10.5686525,2026-02-15T13:37:24.209176
Sousse,112327592,orchard,,35.8711256,10.5984918,2026-02-15T13:37:24.209176
Sousse,112327595,village_green,,35.8918798,10.5693388,2026-02-15T13:37:24.209176
Sousse,113183561,village_green,,35.8561769,10.6045088,2026-02-15T13:37:24.209176
Sousse,113183566,village_green,,35.8587756,10.5990516,2026-02-15T13:37:24.209176
Sousse,113183573,village_green,,35.8548385,10.6016648,2026-02-15T13:37:24.209176
Sousse,113183592,village_green,,35.8584905,10.5985788,2026-02-15T13:37:24.209176
Sousse,113183598,village_green,,35.8546852,10.6015322,2026-02-15T13:37:24.209176
Sousse,113183602,village_green,,35.8550647,10.6020767,2026-02-15T13:37:24.209176
Sousse,113460112,village_green,,35.8513201,10.6064516,2026-02-15T13:37:24.209176
Sousse,114573852,village_green,,35.8169744,10.6404015,2026-02-15T13:37:24.209176
Sousse,114573854,village_green,,35.8167587,10.6398977,2026-02-15T13:37:24.209176
Sousse,114727668,village_green,,35.7743803,10.6948377,2026-02-15T13:37:24.209176
Sousse,114727670,village_green,,35.7957446,10.6636391,2026-02-15T13:37:24.209176
Sousse,114727675,village_green,,35.7737247,10.6995663,2026-02-15T13:37:24.209176
Sousse,114727676,village_green,,35.8073128,10.650707,2026-02-15T13:37:24.209176
Sousse,114727680,village_green,,35.7603518,10.7017889,2026-02-15T13:37:24.209176
Sousse,114727681,village_green,,35.7704179,10.7075621,2026-02-15T13:37:24.209176
Sousse,114727682,village_green,,35.8070914,10.6501398,2026-02-15T13:37:24.209176
Sousse,114727687,village_green,,35.7729426,10.6897154,2026-02-15T13:37:24.209176
Sousse,114727690,village_green,,35.7601563,10.7015723,2026-02-15T13:37:24.209176
Sousse,114727694,village_green,,35.7724251,10.6902818,2026-02-15T13:37:24.209176
Sousse,114727696,village_green,,35.7727361,10.6901631,2026-02-15T13:37:24.209176
Sousse,114727697,village_green,,35.7853336,10.6754472,2026-02-15T13:37:24.209176
Sousse,114727698,village_green,,35.7843483,10.6769542,2026-02-15T13:37:24.209176
Sousse,114727707,village_green,,35.7845399,10.6771,2026-02-15T13:37:24.209176
Sousse,114727709,village_green,,35.8066987,10.6508117,2026-02-15T13:37:24.209176
Sousse,114727711,village_green,,35.773955,10.6997266,2026-02-15T13:37:24.209176
Sousse,114727712,village_green,,35.7605881,10.7012797,2026-02-15T13:37:24.209176
Sousse,114727715,industrial,,35.7848235,10.6749019,2026-02-15T13:37:24.209176
Sousse,114727716,village_green,,35.7601905,10.7017787,2026-02-15T13:37:24.209176
Sousse,114727717,village_green,,35.7603715,10.7015364,2026-02-15T13:37:24.209176
Sousse,114866519,village_green,,35.7970949,10.6279135,2026-02-15T13:37:24.209176
Sousse,114866527,village_green,,35.798981,10.6206444,2026-02-15T13:37:24.209176
Sousse,114866528,village_green,,35.7980519,10.6242586,2026-02-15T13:37:24.209176
Sousse,114866531,village_green,,35.8030201,10.6143805,2026-02-15T13:37:24.209176
Sousse,115377770,village_green,,35.8356206,10.5588551,2026-02-15T13:37:24.209176
Sousse,115377772,forest,,35.8958907,10.5776652,2026-02-15T13:37:24.209176
Sousse,115377775,village_green,Rond Point Hopital Sahloul,35.8335887,10.5895772,2026-02-15T13:37:24.209176
Sousse,115377777,village_green,,35.8465865,10.582779,2026-02-15T13:37:24.209176
Sousse,115377778,forest,,35.8947656,10.571642,2026-02-15T13:37:24.209176
Sousse,115377779,residential,,35.8947703,10.5772904,2026-02-15T13:37:24.209176
Sousse,115377780,village_green,,35.840155,10.5836172,2026-02-15T13:37:24.209176
Sousse,115377782,village_green,,35.8781545,10.5801077,2026-02-15T13:37:24.209176
Sousse,115377784,village_green,,35.8960332,10.5778856,2026-02-15T13:37:24.209176
Sousse,115432377,village_green,,35.8529455,10.5834976,2026-02-15T13:37:24.209176
Sousse,115432378,village_green,,35.8523364,10.5874572,2026-02-15T13:37:24.209176
Sousse,115432379,village_green,,35.8943886,10.573545,2026-02-15T13:37:24.209176
Sousse,115432385,village_green,,35.8753851,10.582029,2026-02-15T13:37:24.209176
Sousse,115432390,orchard,,35.9022539,10.5684368,2026-02-15T13:37:24.209176
Sousse,115432391,village_green,,35.8722207,10.5822032,2026-02-15T13:37:24.209176
Sousse,115432394,village_green,,35.8666792,10.5835927,2026-02-15T13:37:24.209176
Sousse,115432399,village_green,,35.8971763,10.5735022,2026-02-15T13:37:24.209176
Sousse,115432400,village_green,,35.8586008,10.5839503,2026-02-15T13:37:24.209176
Sousse,115780493,village_green,,35.8331569,10.6002429,2026-02-15T13:37:24.209176
Sousse,115780499,village_green,,35.8116691,10.6074946,2026-02-15T13:37:24.209176
Sousse,115884360,village_green,,35.820119,10.5955357,2026-02-15T13:37:24.209176
Sousse,115884366,village_green,,35.8209437,10.5947106,2026-02-15T13:37:24.209176
Sousse,116534001,village_green,,35.7670248,10.7155602,2026-02-15T13:37:24.209176
Sousse,116622891,residential,,35.7488097,10.710727,2026-02-15T13:37:24.209176
Sousse,117366735,village_green,,35.800471,10.5793777,2026-02-15T13:37:24.209176
Sousse,117366744,village_green,,35.7998222,10.5805576,2026-02-15T13:37:24.209176
Sousse,117366745,landfill,,35.8025973,10.5772452,2026-02-15T13:37:24.209176
Sousse,117366747,industrial,Sonede,35.7995905,10.5807138,2026-02-15T13:37:24.209176
Sousse,117557273,industrial,,35.8656344,10.5613778,2026-02-15T13:37:24.209176
Sousse,118500594,residential,,35.7705343,10.6241647,2026-02-15T13:37:24.209176
Sousse,118500612,village_green,,35.7841882,10.6178774,2026-02-15T13:37:24.209176
Sousse,118500618,residential,,35.7547168,10.6516316,2026-02-15T13:37:24.209176
Sousse,118500619,village_green,,35.7668212,10.6033491,2026-02-15T13:37:24.209176
Sousse,118500668,village_green,,35.7563381,10.597404,2026-02-15T13:37:24.209176
Sousse,121559427,village_green,,35.7974443,10.6561021,2026-02-15T13:37:24.209176
Sousse,121559433,village_green,,35.8081931,10.6099345,2026-02-15T13:37:24.209176
Sousse,124179932,grass,,35.8761762,10.5638861,2026-02-15T13:37:24.209176
Sousse,124179934,greenfield,,35.8759291,10.5650103,2026-02-15T13:37:24.209176
Sousse,124179938,grass,,35.8757339,10.5638509,2026-02-15T13:37:24.209176
Sousse,124231567,village_green,,35.901955,10.5799004,2026-02-15T13:37:24.209176
Sousse,124255552,commercial,,35.9021768,10.5814395,2026-02-15T13:37:24.209176
Sousse,124255557,residential,,35.9015986,10.5785375,2026-02-15T13:37:24.209176
Sousse,124255562,residential,,35.8937905,10.5645632,2026-02-15T13:37:24.209176
Sousse,124255564,forest,,35.8911541,10.5587582,2026-02-15T13:37:24.209176
Sousse,124255571,forest,,35.8834003,10.5620587,2026-02-15T13:37:24.209176
Sousse,124426947,village_green,,35.8723863,10.5485481,2026-02-15T13:37:24.209176
Sousse,124426950,village_green,,35.8719636,10.5490024,2026-02-15T13:37:24.209176
Sousse,124426987,village_green,,35.8722808,10.5488576,2026-02-15T13:37:24.209176
Sousse,124426988,residential,,35.8750803,10.5381346,2026-02-15T13:37:24.209176
Sousse,124426999,religious,,35.8706069,10.5709837,2026-02-15T13:37:24.209176
Sousse,124537087,village_green,,35.8649593,10.560014,2026-02-15T13:37:24.209176
Sousse,124642620,orchard,,35.8659982,10.5857,2026-02-15T13:37:24.209176
Sousse,124642657,village_green,,35.8679559,10.5421854,2026-02-15T13:37:24.209176
Sousse,124642700,village_green,,35.8646149,10.5597726,2026-02-15T13:37:24.209176
Sousse,124642721,village_green,,35.8648701,10.5597665,2026-02-15T13:37:24.209176
Sousse,124642724,village_green,,35.8648782,10.5594501,2026-02-15T13:37:24.209176
Sousse,124644730,village_green,,35.8657093,10.5908942,2026-02-15T13:37:24.209176
Sousse,124647339,village_green,,35.8731016,10.56576,2026-02-15T13:37:24.209176
Sousse,124881440,village_green,,35.865743,10.5678468,2026-02-15T13:37:24.209176
Sousse,124988687,village_green,,35.8069253,10.6101278,2026-02-15T13:37:24.209176
Sousse,124988689,village_green,,35.8857023,10.5746472,2026-02-15T13:37:24.209176
Sousse,124988691,village_green,مفترق اتيكودا,35.8923088,10.5694063,2026-02-15T13:37:24.209176
Sousse,124988694,village_green,,35.875744,10.5814131,2026-02-15T13:37:24.209176
Sousse,124988695,village_green,,35.8902117,10.5712091,2026-02-15T13:37:24.209176
Sousse,124988697,village_green,,35.8753525,10.5816468,2026-02-15T13:37:24.209176
Sousse,124988698,village_green,,35.8163619,10.60114,2026-02-15T13:37:24.209176
Sousse,124988703,village_green,,35.8817926,10.577554,2026-02-15T13:37:24.209176
Sousse,124988705,village_green,,35.8101999,10.6080496,2026-02-15T13:37:24.209176
Sousse,125514317,village_green,,35.8346278,10.6275609,2026-02-15T13:37:24.209176
Sousse,126194391,residential,,35.7653416,10.7203308,2026-02-15T13:37:24.209176
Sousse,126795561,farmyard,,35.8884915,10.56535,2026-02-15T13:37:24.209176
Sousse,126795562,industrial,,35.8883764,10.567621,2026-02-15T13:37:24.209176
Sousse,127551575,residential,,35.8765849,10.5682683,2026-02-15T13:37:24.209176
Sousse,128080889,village_green,Rond-Point Garanemsa,35.8408497,10.5978957,2026-02-15T13:37:24.209176
Sousse,129015414,village_green,,35.8399929,10.6046167,2026-02-15T13:37:24.209176
Sousse,129015415,village_green,,35.8397998,10.6045503,2026-02-15T13:37:24.209176
Sousse,135690582,village_green,,35.8353421,10.6131266,2026-02-15T13:37:24.209176
Sousse,135859742,village_green,,35.8618073,10.5940587,2026-02-15T13:37:24.209176
Sousse,135859743,village_green,,35.8615483,10.5948045,2026-02-15T13:37:24.209176
Sousse,135859745,village_green,,35.8619772,10.5939042,2026-02-15T13:37:24.209176
Sousse,135859746,village_green,,35.8617145,10.594314,2026-02-15T13:37:24.209176
Sousse,136326708,residential,,35.8257565,10.5614029,2026-02-15T13:37:24.209176
Sousse,136852247,village_green,,35.8085492,10.6088741,2026-02-15T13:37:24.209176
Sousse,136852248,village_green,,35.8081964,10.609376,2026-02-15T13:37:24.209176
Sousse,136852249,village_green,,35.8083819,10.6090821,2026-02-15T13:37:24.209176
Sousse,136852250,village_green,,35.8084414,10.6086187,2026-02-15T13:37:24.209176
Sousse,136852251,village_green,,35.8086715,10.6091992,2026-02-15T13:37:24.209176
Sousse,136852252,village_green,,35.8087578,10.6088625,2026-02-15T13:37:24.209176
Sousse,139590532,cemetery,,35.7900809,10.6259325,2026-02-15T13:37:24.209176
Sousse,141106253,residential,,35.7505472,10.6932955,2026-02-15T13:37:24.209176
Sousse,141106270,cemetery,,35.7884525,10.6265814,2026-02-15T13:37:24.209176
Sousse,142958517,commercial,,35.8906716,10.5933024,2026-02-15T13:37:24.209176
Sousse,142958518,village_green,,35.8913016,10.5937963,2026-02-15T13:37:24.209176
Sousse,143264667,industrial,,35.785747,10.5814253,2026-02-15T13:37:24.209176
Sousse,143264669,orchard,,35.7768161,10.5801852,2026-02-15T13:37:24.209176
Sousse,143264671,residential,,35.7931557,10.5848027,2026-02-15T13:37:24.209176
Sousse,143299569,orchard,,35.7738957,10.582506,2026-02-15T13:37:24.209176
Sousse,143299570,farmyard,,35.7732858,10.582566,2026-02-15T13:37:24.209176
Sousse,143299571,farmyard,,35.7648202,10.5848436,2026-02-15T13:37:24.209176
Sousse,143299572,orchard,,35.7776021,10.5848819,2026-02-15T13:37:24.209176
Sousse,143485777,industrial,Soc. P-E-T,35.8669507,10.5623833,2026-02-15T13:37:24.209176
Sousse,144024270,industrial,,35.7531949,10.5718227,2026-02-15T13:37:24.209176
Sousse,144024271,industrial,,35.7673653,10.6028982,2026-02-15T13:37:24.209176
Sousse,144922638,village_green,,35.8590609,10.6067519,2026-02-15T13:37:24.209176
Sousse,145031559,farmyard,,35.8419464,10.5750087,2026-02-15T13:37:24.209176
Sousse,145314638,industrial,,35.7997115,10.6123842,2026-02-15T13:37:24.209176
Sousse,146816926,construction,,35.8898437,10.5878614,2026-02-15T13:37:24.209176
Sousse,148374205,village_green,,35.8493781,10.6159624,2026-02-15T13:37:24.209176
Sousse,150264342,orchard,,35.8696287,10.5611633,2026-02-15T13:37:24.209176
Sousse,152043208,brownfield,,35.8688825,10.5977819,2026-02-15T13:37:24.209176
Sousse,152048043,industrial,MJ Elastomere,35.8198042,10.6415192,2026-02-15T13:37:24.209176
Sousse,152235205,farmyard,,35.7567283,10.5764557,2026-02-15T13:37:24.209176
Sousse,152235206,farmyard,,35.762208,10.5845732,2026-02-15T13:37:24.209176
Sousse,152244142,farmyard,,35.7563316,10.580395,2026-02-15T13:37:24.209176
Sousse,152366853,industrial,,35.8482229,10.5598099,2026-02-15T13:37:24.209176
Sousse,159550916,village_green,,35.8505834,10.5877944,2026-02-15T13:37:24.209176
Sousse,162896301,village_green,,35.8478506,10.6100649,2026-02-15T13:37:24.209176
Sousse,165459239,village_green,,35.8319121,10.6018129,2026-02-15T13:37:24.209176
Sousse,166173531,village_green,,35.8291299,10.6340011,2026-02-15T13:37:24.209176
Sousse,175941585,farmland,,35.8772679,10.5580273,2026-02-15T13:37:24.209176
Sousse,175941587,farmland,,35.8766056,10.5598677,2026-02-15T13:37:24.209176
Sousse,177687925,industrial,,35.8862204,10.5727334,2026-02-15T13:37:24.209176
Sousse,189773102,railway,,35.8308254,10.6374385,2026-02-15T13:37:24.209176
Sousse,189773103,railway,,35.7931018,10.655041,2026-02-15T13:37:24.209176
Sousse,189773105,railway,,35.8006065,10.6499085,2026-02-15T13:37:24.209176
Sousse,189873274,railway,,35.776987,10.577577,2026-02-15T13:37:24.209176
Sousse,189873279,railway,,35.7550388,10.5908821,2026-02-15T13:37:24.209176
Sousse,189878822,railway,,35.8204985,10.5722538,2026-02-15T13:37:24.209176
Sousse,198483632,industrial,,35.7904135,10.665825,2026-02-15T13:37:24.209176
Sousse,204003070,village_green,,35.8345869,10.5942187,2026-02-15T13:37:24.209176
Sousse,204256443,village_green,,35.8245654,10.6345582,2026-02-15T13:37:24.209176
Sousse,204829836,village_green,,35.8426102,10.5987695,2026-02-15T13:37:24.209176
Sousse,204837568,cemetery,Cimetiére Juif,35.8175105,10.6319414,2026-02-15T13:37:24.209176
Sousse,205079774,village_green,,35.8430109,10.5893796,2026-02-15T13:37:24.209176
Sousse,206176631,orchard,,35.7798788,10.5915583,2026-02-15T13:37:24.209176
Sousse,206176632,orchard,,35.7798788,10.5888143,2026-02-15T13:37:24.209176
Sousse,206176633,orchard,,35.7786612,10.5980763,2026-02-15T13:37:24.209176
Sousse,206176634,orchard,,35.7746923,10.595244,2026-02-15T13:37:24.209176
Sousse,206176635,orchard,,35.7758442,10.5919483,2026-02-15T13:37:24.209176
Sousse,207972281,village_green,,35.8553714,10.6023519,2026-02-15T13:37:24.209176
Sousse,207972283,grass,,35.8483449,10.6111199,2026-02-15T13:37:24.209176
Sousse,219124285,village_green,,35.8899345,10.5946101,2026-02-15T13:37:24.209176
Sousse,219126688,village_green,,35.8866004,10.5898522,2026-02-15T13:37:24.209176
Sousse,219126689,village_green,,35.886252,10.5902354,2026-02-15T13:37:24.209176
Sousse,219126690,village_green,,35.8864817,10.5901127,2026-02-15T13:37:24.209176
Sousse,219126691,village_green,,35.8874859,10.5914537,2026-02-15T13:37:24.209176
Sousse,219132462,village_green,,35.8962283,10.5932609,2026-02-15T13:37:24.209176
Sousse,232537045,industrial,,35.7785005,10.6137531,2026-02-15T13:37:24.209176
Sousse,232537046,commercial,,35.7778036,10.6092729,2026-02-15T13:37:24.209176
Sousse,232549468,village_green,,35.8408825,10.5907175,2026-02-15T13:37:24.209176
Sousse,232623670,village_green,,35.8576007,10.6100479,2026-02-15T13:37:24.209176
Sousse,243566023,military,Académie Militaire,35.8234686,10.6323067,2026-02-15T13:37:24.209176
Sousse,252746136,grass,,35.8464881,10.6169728,2026-02-15T13:37:24.209176
Sousse,252746137,orchard,,35.8556393,10.6168556,2026-02-15T13:37:24.209176
Sousse,252941849,cemetery,,35.7558706,10.6513821,2026-02-15T13:37:24.209176
Sousse,252941866,cemetery,,35.7534229,10.6590421,2026-02-15T13:37:24.209176
Sousse,257976006,industrial,Fourrière Hammam Sousse,35.8506759,10.5970936,2026-02-15T13:37:24.209176
Sousse,258317919,orchard,,35.8324659,10.588281,2026-02-15T13:37:24.209176
Sousse,258317920,orchard,,35.8337617,10.5863403,2026-02-15T13:37:24.209176
Sousse,258552066,grass,,35.8479083,10.6150025,2026-02-15T13:37:24.209176
Sousse,258679429,commercial,Le Bonchoix Immobilier,35.8400768,10.5991214,2026-02-15T13:37:24.209176
Sousse,258680775,orchard,,35.8487699,10.5960861,2026-02-15T13:37:24.209176
Sousse,258786884,grass,,35.8500059,10.5980946,2026-02-15T13:37:24.209176
Sousse,258786885,grass,,35.8498361,10.5979938,2026-02-15T13:37:24.209176
Sousse,258786886,grass,,35.8497234,10.5979205,2026-02-15T13:37:24.209176
Sousse,258786887,grass,,35.8496242,10.5978449,2026-02-15T13:37:24.209176
Sousse,307584505,village_green,,35.7989903,10.6602298,2026-02-15T13:37:24.209176
Sousse,309793571,industrial,DIAM TUNISIA,35.7916985,10.6597581,2026-02-15T13:37:24.209176
Sousse,318495580,village_green,,35.8016782,10.6057838,2026-02-15T13:37:24.209176
Sousse,320385912,brownfield,,35.8436526,10.621362,2026-02-15T13:37:24.209176
Sousse,375864533,orchard,,35.8609769,10.6127457,2026-02-15T13:37:24.209176
Sousse,430879534,grass,,35.8243645,10.6301315,2026-02-15T13:37:24.209176
Sousse,454653545,grass,,35.8301618,10.5943994,2026-02-15T13:37:24.209176
Sousse,454653548,grass,,35.8301245,10.594704,2026-02-15T13:37:24.209176
Sousse,454653553,grass,,35.8298292,10.5945881,2026-02-15T13:37:24.209176
Sousse,454653556,grass,,35.8298996,10.5942976,2026-02-15T13:37:24.209176
Sousse,454653559,grass,,35.8292906,10.5945361,2026-02-15T13:37:24.209176
Sousse,454653563,grass,,35.8290482,10.5944388,2026-02-15T13:37:24.209176
Sousse,454653565,grass,,35.8289785,10.5941454,2026-02-15T13:37:24.209176
Sousse,454653569,grass,,35.8290574,10.5938447,2026-02-15T13:37:24.209176
Sousse,454653571,grass,,35.8293083,10.5937544,2026-02-15T13:37:24.209176
Sousse,454653573,grass,,35.8295316,10.5938574,2026-02-15T13:37:24.209176
Sousse,454653575,grass,,35.8296005,10.5941507,2026-02-15T13:37:24.209176
Sousse,454653578,grass,,35.829526,10.5944439,2026-02-15T13:37:24.209176
Sousse,519731874,brownfield,,35.778817,10.7010947,2026-02-15T13:37:24.209176
Sousse,519731875,brownfield,,35.780232,10.696839,2026-02-15T13:37:24.209176
Sousse,659093514,forest,,35.838204,10.6335922,2026-02-15T13:37:24.209176
Sousse,659093516,forest,,35.8387688,10.6334888,2026-02-15T13:37:24.209176
Sousse,659093518,forest,,35.8392596,10.6329216,2026-02-15T13:37:24.209176
Sousse,659093526,forest,,35.8398962,10.6319118,2026-02-15T13:37:24.209176
Sousse,659106924,grass,,35.8383367,10.6329522,2026-02-15T13:37:24.209176
Sousse,659107062,forest,,35.8351473,10.6381714,2026-02-15T13:37:24.209176
Sousse,659107064,forest,,35.8347629,10.6378629,2026-02-15T13:37:24.209176
Sousse,659107099,forest,,35.8310551,10.6376595,2026-02-15T13:37:24.209176
Sousse,659107111,grass,,35.8291822,10.6401569,2026-02-15T13:37:24.209176
Sousse,659107112,grass,,35.8292281,10.6400952,2026-02-15T13:37:24.209176
Sousse,659107113,grass,,35.8292783,10.6400341,2026-02-15T13:37:24.209176
Sousse,659107114,grass,,35.8292463,10.6401646,2026-02-15T13:37:24.209176
Sousse,659107115,grass,,35.829289,10.6401083,2026-02-15T13:37:24.209176
Sousse,659107116,grass,,35.8293301,10.6400491,2026-02-15T13:37:24.209176
Sousse,659111073,forest,,35.8335915,10.6385896,2026-02-15T13:37:24.209176
Sousse,659111091,forest,,35.8327477,10.6390893,2026-02-15T13:37:24.209176
Sousse,659182377,grass,,35.8405131,10.6293034,2026-02-15T13:37:24.209176
Sousse,659182380,grass,,35.8406686,10.6312895,2026-02-15T13:37:24.209176
Sousse,659182394,forest,,35.8415965,10.6292795,2026-02-15T13:37:24.209176
Sousse,659182395,forest,,35.8418547,10.629926,2026-02-15T13:37:24.209176
Sousse,664709112,village_green,,35.8499486,10.607818,2026-02-15T13:37:24.209176
Sousse,721881509,grass,,35.8575862,10.6180014,2026-02-15T13:37:24.209176
Sousse,721881512,grass,,35.8563568,10.6179996,2026-02-15T13:37:24.209176
Sousse,759155032,residential,,35.8184319,10.58108,2026-02-15T13:37:24.209176
Sousse,759155033,residential,,35.8317969,10.5832911,2026-02-15T13:37:24.209176
Sousse,838135079,cemetery,مقبرة الساحلين,35.7556581,10.7078103,2026-02-15T13:37:24.209176
Sousse,971630025,village_green,,35.7966501,10.6330357,2026-02-15T13:37:24.209176
Sousse,1127986752,industrial,,35.7665869,10.6986691,2026-02-15T13:37:24.209176
Sousse,1308638831,grass,,35.8177608,10.6441341,2026-02-15T13:37:24.209176
Sousse,1316976400,grass,,35.8226745,10.6352402,2026-02-15T13:37:24.209176
Sousse,1316976416,grass,,35.8217391,10.6383152,2026-02-15T13:37:24.209176
Sousse,1316976417,grass,,35.8216516,10.6393921,2026-02-15T13:37:24.209176
Sousse,1316976419,grass,,35.8218277,10.6372674,2026-02-15T13:37:24.209176
Sousse,1316976422,grass,,35.8216736,10.6362346,2026-02-15T13:37:24.209176
Sousse,1316976426,grass,,35.82205,10.6397872,2026-02-15T13:37:24.209176
Sousse,1316976427,grass,,35.8224003,10.6399217,2026-02-15T13:37:24.209176
Sousse,1317023291,grass,,35.8245434,10.6108672,2026-02-15T13:37:24.209176
Sousse,1317023292,grass,,35.8238727,10.6109017,2026-02-15T13:37:24.209176
Sousse,1317023293,grass,,35.8235984,10.6103374,2026-02-15T13:37:24.209176
Sousse,1317023294,grass,,35.8243481,10.6103968,2026-02-15T13:37:24.209176
Sousse,1317023295,grass,,35.8248137,10.6104289,2026-02-15T13:37:24.209176
Sousse,1317023303,grass,,35.8233333,10.6107849,2026-02-15T13:37:24.209176
Sousse,1317023304,grass,,35.8228604,10.6110171,2026-02-15T13:37:24.209176
Sousse,1317023305,grass,,35.8230965,10.610004,2026-02-15T13:37:24.209176
Sousse,1317023306,grass,,35.8234261,10.6102056,2026-02-15T13:37:24.209176
Sousse,1317023307,grass,,35.822116,10.6108994,2026-02-15T13:37:24.209176
Sousse,1317023308,grass,,35.8231124,10.6072046,2026-02-15T13:37:24.209176
Sousse,1317023312,grass,,35.8212147,10.6052352,2026-02-15T13:37:24.209176
Sousse,1317023313,grass,,35.8216995,10.604747,2026-02-15T13:37:24.209176
Sousse,1317026303,grass,,35.8260631,10.5896194,2026-02-15T13:37:24.209176
Sousse,1317081159,industrial,,35.8287685,10.5806991,2026-02-15T13:37:24.209176
Sousse,1317211784,grass,,35.8268784,10.6404661,2026-02-15T13:37:24.209176
Sousse,1317460597,grass,,35.8283757,10.6421612,2026-02-15T13:37:24.209176
Sousse,1317460598,grass,,35.8283581,10.6429093,2026-02-15T13:37:24.209176
Sousse,1317974266,commercial,سوق الجملة حي العوينة سوسة,35.7982312,10.6298813,2026-02-15T13:37:24.209176
Sousse,1317974269,cemetery,Hay Laaouina Cemetery,35.7993775,10.6261328,2026-02-15T13:37:24.209176
Sousse,1317978391,residential,,35.811524,10.6031381,2026-02-15T13:37:24.209176
Sousse,1317984869,industrial,SITEX,35.8079388,10.6341754,2026-02-15T13:37:24.209176
Sousse,1317987099,grass,,35.8065596,10.6379546,2026-02-15T13:37:24.209176
Sousse,1317990939,residential,,35.7935831,10.6739271,2026-02-15T13:37:24.209176
Sousse,1317990942,residential,,35.7965089,10.669621,2026-02-15T13:37:24.209176
Sousse,1318470753,grass,,35.8257712,10.6401313,2026-02-15T13:37:24.209176
Sousse,1318470756,grass,,35.8224971,10.639848,2026-02-15T13:37:24.209176
Sousse,1318470758,grass,,35.8224946,10.6411505,2026-02-15T13:37:24.209176
Sousse,1318470759,grass,,35.8227598,10.641129,2026-02-15T13:37:24.209176
Sousse,1318474710,grass,,35.819952,10.6377809,2026-02-15T13:37:24.209176
Sousse,1318790917,grass,,35.8266444,10.6343119,2026-02-15T13:37:24.209176
Sousse,1318797537,grass,,35.8198457,10.6328348,2026-02-15T13:37:24.209176
Sousse,1318797538,grass,,35.8195903,10.6326636,2026-02-15T13:37:24.209176
Sousse,1318797567,industrial,Office Nationale d'Huile,35.81935,10.6313306,2026-02-15T13:37:24.209176
Sousse,1319017199,industrial,,35.8028858,10.6203149,2026-02-15T13:37:24.209176
Sousse,1319021393,residential,,35.8017024,10.6580685,2026-02-15T13:37:24.209176
Sousse,1319021394,residential,,35.7947073,10.6581249,2026-02-15T13:37:24.209176
Sousse,1319108469,industrial,,35.8172873,10.6424034,2026-02-15T13:37:24.209176
Sousse,1319108473,industrial,,35.8122855,10.6466725,2026-02-15T13:37:24.209176
Sousse,1319108474,industrial,,35.8179119,10.6445493,2026-02-15T13:37:24.209176
Sousse,1319117872,military,مصحة قوات الأمن الداخلي,35.8225175,10.6334513,2026-02-15T13:37:24.209176
Sousse,1319681985,residential,,35.7824583,10.6055548,2026-02-15T13:37:24.209176
Sousse,1319681986,residential,,35.7650926,10.614297,2026-02-15T13:37:24.209176
Sousse,1319987443,industrial,,35.820154,10.630277,2026-02-15T13:37:24.209176
Sousse,1320186445,grass,,35.8134811,10.6446848,2026-02-15T13:37:24.209176
Sousse,1320189741,grass,,35.8167556,10.6421892,2026-02-15T13:37:24.209176
Sousse,1320511061,residential,,35.8028733,10.5664259,2026-02-15T13:37:24.209176
Sousse,1320513377,grass,,35.800027,10.5890607,2026-02-15T13:37:24.209176
Sousse,1320518004,residential,,35.7855981,10.5874233,2026-02-15T13:37:24.209176
Sousse,1320518054,forest,,35.7890353,10.5883171,2026-02-15T13:37:24.209176
Sousse,1320518057,industrial,,35.7974679,10.6074724,2026-02-15T13:37:24.209176
Sousse,1320518337,forest,,35.7925017,10.5982168,2026-02-15T13:37:24.209176
Sousse,1320531114,forest,,35.7888232,10.6020106,2026-02-15T13:37:24.209176
Sousse,1320531115,forest,,35.7887954,10.5963295,2026-02-15T13:37:24.209176
Sousse,1320531116,forest,,35.7896767,10.5936154,2026-02-15T13:37:24.209176
Sousse,1320531117,forest,,35.7890838,10.5945372,2026-02-15T13:37:24.209176
Sousse,1320531118,forest,,35.7873744,10.5929051,2026-02-15T13:37:24.209176
Sousse,1320531119,forest,,35.7861625,10.5948843,2026-02-15T13:37:24.209176
Sousse,1320531120,forest,,35.7868313,10.5990934,2026-02-15T13:37:24.209176
Sousse,1320531121,forest,,35.7875973,10.5976932,2026-02-15T13:37:24.209176
Sousse,1320531122,forest,,35.7878879,10.5988527,2026-02-15T13:37:24.209176
Sousse,1320531123,forest,,35.7915312,10.5940725,2026-02-15T13:37:24.209176
Sousse,1320531124,forest,,35.7849213,10.6037315,2026-02-15T13:37:24.209176
Sousse,1320531125,forest,,35.7854993,10.6007212,2026-02-15T13:37:24.209176
Sousse,1320531126,forest,,35.7835883,10.5988029,2026-02-15T13:37:24.209176
Sousse,1320531127,forest,,35.784856,10.5963331,2026-02-15T13:37:24.209176
Sousse,1320531128,forest,,35.7830687,10.5926886,2026-02-15T13:37:24.209176
Sousse,1320531129,forest,,35.7829424,10.5896477,2026-02-15T13:37:24.209176
Sousse,1320531130,forest,,35.7889587,10.6050036,2026-02-15T13:37:24.209176
Sousse,1320531131,forest,,35.7901482,10.6057676,2026-02-15T13:37:24.209176
Sousse,1320531132,forest,,35.7895664,10.6029826,2026-02-15T13:37:24.209176
Sousse,1320531133,forest,,35.7917864,10.6020085,2026-02-15T13:37:24.209176
Sousse,1320531134,forest,,35.7786117,10.5944531,2026-02-15T13:37:24.209176
Sousse,1320669860,grass,,35.8136305,10.6294166,2026-02-15T13:37:24.209176
Sousse,1320669918,industrial,Société L'EPI D'OR,35.811215,10.6275957,2026-02-15T13:37:24.209176
Sousse,1321556562,grass,,35.8256548,10.6304876,2026-02-15T13:37:24.209176
Sousse,1321869131,grass,,35.8269205,10.6291201,2026-02-15T13:37:24.209176
Sousse,1321877032,grass,,35.8303046,10.6318606,2026-02-15T13:37:24.209176
Sousse,1322110558,residential,,35.7614472,10.5923194,2026-02-15T13:37:24.209176
Sousse,1322110559,industrial,,35.7569762,10.6002451,2026-02-15T13:37:24.209176
Sousse,1322110560,industrial,,35.7688121,10.6058094,2026-02-15T13:37:24.209176
Sousse,1322333157,grass,,35.8119974,10.6367465,2026-02-15T13:37:24.209176
Sousse,1322480412,grass,,35.8207087,10.628453,2026-02-15T13:37:24.209176
Sousse,1322480413,grass,,35.8212654,10.6296393,2026-02-15T13:37:24.209176
Sousse,1322492325,commercial,,35.827724,10.6383352,2026-02-15T13:37:24.209176
Sousse,1322736905,grass,,35.826108,10.6340522,2026-02-15T13:37:24.209176
Sousse,1322736906,grass,,35.8259019,10.634012,2026-02-15T13:37:24.209176
Sousse,1322736907,grass,,35.826033,10.6343027,2026-02-15T13:37:24.209176
Sousse,1322736908,grass,,35.8257634,10.6342893,2026-02-15T13:37:24.209176
Sousse,1323249874,grass,,35.824231,10.6315754,2026-02-15T13:37:24.209176
Sousse,1323249880,grass,,35.8236371,10.633389,2026-02-15T13:37:24.209176
Sousse,1323292880,grass,,35.8416157,10.6239367,2026-02-15T13:37:24.209176
Sousse,1323399165,grass,,35.8222562,10.6216073,2026-02-15T13:37:24.209176
Sousse,1323399166,grass,,35.8224202,10.6212259,2026-02-15T13:37:24.209176
Sousse,1323399167,grass,,35.8220516,10.6219636,2026-02-15T13:37:24.209176
Sousse,1323474373,grass,,35.8084267,10.6283191,2026-02-15T13:37:24.209176
Sousse,1323474374,grass,,35.8082693,10.6285878,2026-02-15T13:37:24.209176
Sousse,1323721289,residential,,35.8124512,10.590687,2026-02-15T13:37:24.209176
Sousse,1323727412,grass,,35.827743,10.638715,2026-02-15T13:37:24.209176
Sousse,1323736272,grass,,35.8178016,10.6235479,2026-02-15T13:37:24.209176
Sousse,1323736288,grass,,35.837226,10.6090347,2026-02-15T13:37:24.209176
Sousse,1323738739,industrial,,35.8799744,10.5797801,2026-02-15T13:37:24.209176
Sousse,1324308599,allotments,,35.817183,10.6304334,2026-02-15T13:37:24.209176
Sousse,1324860045,residential,,35.8523891,10.5809589,2026-02-15T13:37:24.209176
Sousse,1324860046,residential,,35.8419871,10.5793515,2026-02-15T13:37:24.209176
Sousse,1327591031,industrial,,35.8420757,10.5581069,2026-02-15T13:37:24.209176
Sousse,1329035946,industrial,,35.7990893,10.6239259,2026-02-15T13:37:24.209176
Sousse,1329035950,industrial,Briqueterie Melayeh,35.8004954,10.6219594,2026-02-15T13:37:24.209176
Sousse,1329356835,industrial,,35.8511513,10.5960722,2026-02-15T13:37:24.209176
Sousse,1329363388,industrial,,35.8386583,10.5573025,2026-02-15T13:37:24.209176
Sousse,1329363389,residential,,35.8397746,10.5533696,2026-02-15T13:37:24.209176
Sousse,1329371289,residential,,35.8431158,10.5583766,2026-02-15T13:37:24.209176
Sousse,1329371301,orchard,,35.8371597,10.55899,2026-02-15T13:37:24.209176
Sousse,1329378488,residential,,35.8614115,10.579711,2026-02-15T13:37:24.209176
Sousse,1329378493,residential,,35.860148,10.5711724,2026-02-15T13:37:24.209176
Sousse,1329412115,industrial,,35.839629,10.5381015,2026-02-15T13:37:24.209176
Sousse,1329412116,industrial,,35.8405001,10.5353606,2026-02-15T13:37:24.209176
Sousse,1329436928,grass,,35.7938213,10.5853801,2026-02-15T13:37:24.209176
Sousse,1329446743,grass,,35.8226086,10.5714205,2026-02-15T13:37:24.209176
Sousse,1329478112,grass,,35.8166573,10.6385961,2026-02-15T13:37:24.209176
Sousse,1329478126,grass,,35.8163848,10.6388272,2026-02-15T13:37:24.209176
Sousse,1329661320,commercial,,35.8166464,10.5913595,2026-02-15T13:37:24.209176
Sousse,1329675741,commercial,,35.8353706,10.5867064,2026-02-15T13:37:24.209176
Sousse,1329678949,orchard,,35.8382676,10.5826455,2026-02-15T13:37:24.209176
Sousse,1329678959,orchard,,35.8374171,10.5847369,2026-02-15T13:37:24.209176
Sousse,1329678960,orchard,,35.8373367,10.5798116,2026-02-15T13:37:24.209176
Sousse,1329678981,orchard,,35.836049,10.5843575,2026-02-15T13:37:24.209176
Sousse,1329678982,industrial,,35.8374108,10.5848554,2026-02-15T13:37:24.209176
Sousse,1332061267,grass,,35.811611,10.6261407,2026-02-15T13:37:24.209176
Sousse,1332061268,grass,,35.808737,10.6223073,2026-02-15T13:37:24.209176
Sousse,1362063991,orchard,,35.8332268,10.6153774,2026-02-15T13:37:24.209176
Sousse,1362065960,orchard,,35.8176767,10.6210951,2026-02-15T13:37:24.209176
Sousse,1362065962,orchard,,35.8078548,10.6234779,2026-02-15T13:37:24.209176
Sousse,1362065963,orchard,,35.8108936,10.6237784,2026-02-15T13:37:24.209176
Sousse,1362067507,orchard,,35.8071044,10.6211905,2026-02-15T13:37:24.209176
Sousse,1362073357,orchard,,35.818679,10.6075373,2026-02-15T13:37:24.209176
Sousse,1362073358,orchard,,35.8176005,10.6081061,2026-02-15T13:37:24.209176
Sousse,1362077731,orchard,,35.8054734,10.6196718,2026-02-15T13:37:24.209176
Sousse,1362077750,orchard,,35.8006976,10.6211071,2026-02-15T13:37:24.209176
Sousse,1362077757,orchard,,35.8029632,10.6179991,2026-02-15T13:37:24.209176
Sousse,1362077758,orchard,,35.80344,10.6180406,2026-02-15T13:37:24.209176
Sousse,1362077959,orchard,,35.796179,10.6083761,2026-02-15T13:37:24.209176
Sousse,1373169464,grass,,35.8461176,10.6195794,2026-02-15T13:37:24.209176
Sousse,1383266148,residential,,35.8098083,10.5620336,2026-02-15T13:37:24.209176
Sousse,1431008955,cemetery,,35.8266894,10.6031408,2026-02-15T13:37:24.209176
Sousse,1473431143,forest,,35.7936818,10.5835278,2026-02-15T13:37:24.209176
Sousse,7797703,village_green,,35.8002427,10.6186242,2026-02-15T13:37:24.209176
Sousse,8896987,residential,سوسة,35.8328593,10.6132605,2026-02-15T13:37:24.209176
Sousse,13071407,village_green,,35.7966234,10.6399282,2026-02-15T13:37:24.209176
Sousse,18174914,orchard,,35.8750802,10.5573608,2026-02-15T13:37:24.209176
Sousse,19074494,orchard,,35.8085896,10.5599884,2026-02-15T13:37:24.209176
Kairouan,94481591,residential,المدينة العتيقة,35.6782837,10.1012467,2026-02-15T13:37:30.835774
Kairouan,123983946,grass,,35.7056803,10.106776,2026-02-15T13:37:30.835774
Kairouan,123983947,grass,,35.7045177,10.1057511,2026-02-15T13:37:30.835774
Kairouan,123983952,industrial,,35.6976189,10.1123494,2026-02-15T13:37:30.835774
Kairouan,123983953,grass,,35.7048607,10.1067193,2026-02-15T13:37:30.835774
Kairouan,123983957,brownfield,,35.6904619,10.085803,2026-02-15T13:37:30.835774
Kairouan,123983958,grass,,35.6957924,10.104441,2026-02-15T13:37:30.835774
Kairouan,123983959,brownfield,,35.6919567,10.0846529,2026-02-15T13:37:30.835774
Kairouan,123983961,grass,,35.7041977,10.106829,2026-02-15T13:37:30.835774
Kairouan,124051576,brownfield,,35.6825244,10.0858955,2026-02-15T13:37:30.835774
Kairouan,124083154,grass,,35.674196,10.0903699,2026-02-15T13:37:30.835774
Kairouan,124083156,cemetery,مقبرة قريش,35.6699898,10.0922292,2026-02-15T13:37:30.835774
Kairouan,124083161,village_green,,35.6797712,10.0910842,2026-02-15T13:37:30.835774
Kairouan,124241636,grass,,35.6700583,10.0763263,2026-02-15T13:37:30.835774
Kairouan,124241637,brownfield,,35.6627685,10.1017734,2026-02-15T13:37:30.835774
Kairouan,124241638,brownfield,,35.6652376,10.0751541,2026-02-15T13:37:30.835774
Kairouan,124279523,industrial,,35.6896727,10.1030939,2026-02-15T13:37:30.835774
Kairouan,124279529,greenfield,,35.6864586,10.1104754,2026-02-15T13:37:30.835774
Kairouan,124279535,greenfield,,35.6600898,10.0973757,2026-02-15T13:37:30.835774
Kairouan,124279542,grass,,35.6577789,10.0853498,2026-02-15T13:37:30.835774
Kairouan,124279548,brownfield,,35.6834674,10.1085691,2026-02-15T13:37:30.835774
Kairouan,124279550,brownfield,,35.6748864,10.0913144,2026-02-15T13:37:30.835774
Kairouan,124279553,brownfield,,35.6553702,10.0916654,2026-02-15T13:37:30.835774
Kairouan,124279556,brownfield,,35.6602527,10.10471,2026-02-15T13:37:30.835774
Kairouan,124279561,brownfield,,35.6816942,10.109364,2026-02-15T13:37:30.835774
Kairouan,124279567,brownfield,,35.65689,10.1169443,2026-02-15T13:37:30.835774
Kairouan,124279601,industrial,Manufacture de Tabacs,35.6589134,10.0851518,2026-02-15T13:37:30.835774
Kairouan,124279604,industrial,MTK,35.6581859,10.0852703,2026-02-15T13:37:30.835774
Kairouan,124283184,industrial,,35.6974083,10.0399664,2026-02-15T13:37:30.835774
Kairouan,124283185,residential,,35.7126663,10.0026444,2026-02-15T13:37:30.835774
Kairouan,232650074,greenhouse_horticulture,,35.7444675,10.0685293,2026-02-15T13:37:30.835774
Kairouan,232650076,orchard,,35.7463162,10.0484517,2026-02-15T13:37:30.835774
Kairouan,232650078,orchard,,35.7495778,10.0894839,2026-02-15T13:37:30.835774
Kairouan,232654308,farmland,,35.769715,10.0606756,2026-02-15T13:37:30.835774
Kairouan,286523036,residential,جامعة القيروان,35.5982998,10.0651153,2026-02-15T13:37:30.835774
Kairouan,286597965,industrial,,35.6269512,10.0736185,2026-02-15T13:37:30.835774
Kairouan,286597967,residential,,35.6030979,10.048288,2026-02-15T13:37:30.835774
Kairouan,286597974,industrial,,35.6274683,10.0737459,2026-02-15T13:37:30.835774
Kairouan,520638717,cemetery,Cimetière,35.6825328,10.1028632,2026-02-15T13:37:30.835774
Kairouan,579721280,residential,,35.7298071,10.1507271,2026-02-15T13:37:30.835774
Kairouan,584963813,residential,,35.7172365,10.1851902,2026-02-15T13:37:30.835774
Kairouan,584963814,residential,,35.7183184,10.1948298,2026-02-15T13:37:30.835774
Kairouan,594778082,grass,,35.6810699,10.1052758,2026-02-15T13:37:30.835774
Kairouan,594785370,cemetery,,35.6769259,10.0908863,2026-02-15T13:37:30.835774
Kairouan,594785495,cemetery,,35.6787363,10.090272,2026-02-15T13:37:30.835774
Kairouan,609334606,residential,,35.6919874,10.2004422,2026-02-15T13:37:30.835774
Kairouan,609706081,residential,,35.6735198,10.0967969,2026-02-15T13:37:30.835774
Kairouan,609713304,residential,,35.6787036,10.1345931,2026-02-15T13:37:30.835774
Kairouan,609713305,residential,,35.6748153,10.1224651,2026-02-15T13:37:30.835774
Kairouan,609713553,grass,,35.6479167,10.0905452,2026-02-15T13:37:30.835774
Kairouan,707576089,farmland,,35.6878328,10.0107142,2026-02-15T13:37:30.835774
Kairouan,707576090,farmland,,35.6887619,10.0094985,2026-02-15T13:37:30.835774
Kairouan,707576091,farmland,,35.6889177,10.0088587,2026-02-15T13:37:30.835774
Kairouan,707576092,farmland,,35.6892477,10.0068806,2026-02-15T13:37:30.835774
Kairouan,707576093,farmland,,35.6890876,10.0078194,2026-02-15T13:37:30.835774
Kairouan,707576094,farmland,,35.6892358,10.0052538,2026-02-15T13:37:30.835774
Kairouan,707576095,farmland,,35.690548,10.0059559,2026-02-15T13:37:30.835774
Kairouan,707599552,farmland,,35.6534654,10.0707273,2026-02-15T13:37:30.835774
Kairouan,707599553,farmland,,35.6554207,10.0732479,2026-02-15T13:37:30.835774
Kairouan,707599554,farmland,,35.6560671,10.0750395,2026-02-15T13:37:30.835774
Kairouan,714604706,residential,,35.6727955,10.0650499,2026-02-15T13:37:30.835774
Kairouan,717093871,brownfield,,35.6872038,10.0784766,2026-02-15T13:37:30.835774
Kairouan,717096970,residential,,35.6861925,10.0648986,2026-02-15T13:37:30.835774
Kairouan,717096985,residential,,35.6443573,10.0823788,2026-02-15T13:37:30.835774
Kairouan,717096993,residential,,35.6391011,10.096647,2026-02-15T13:37:30.835774
Kairouan,717096999,residential,,35.6452694,10.0983521,2026-02-15T13:37:30.835774
Kairouan,717097000,residential,,35.6983188,10.0701519,2026-02-15T13:37:30.835774
Kairouan,717097004,residential,,35.697508,10.0654065,2026-02-15T13:37:30.835774
Kairouan,717097005,residential,,35.7011251,10.064749,2026-02-15T13:37:30.835774
Kairouan,719456060,residential,,35.6582212,10.072538,2026-02-15T13:37:30.835774
Kairouan,719456061,residential,,35.6639776,10.066148,2026-02-15T13:37:30.835774
Kairouan,719456062,residential,,35.6601931,10.0496659,2026-02-15T13:37:30.835774
Kairouan,719456063,residential,,35.6624555,10.0581422,2026-02-15T13:37:30.835774
Kairouan,719456070,residential,,35.6972466,10.0333478,2026-02-15T13:37:30.835774
Kairouan,913780231,farmland,,35.6558382,10.0654122,2026-02-15T13:37:30.835774
Kairouan,913780232,farmland,,35.6569741,10.0672174,2026-02-15T13:37:30.835774
Kairouan,1119188271,residential,,35.6169052,10.0682596,2026-02-15T13:37:30.835774
Kairouan,1119189817,residential,,35.6345682,10.0787474,2026-02-15T13:37:30.835774
Kairouan,1221851201,residential,,35.7035916,9.9979718,2026-02-15T13:37:30.835774
Kairouan,1221851213,residential,,35.7001318,10.0028938,2026-02-15T13:37:30.835774
Kairouan,1223107863,greenhouse_horticulture,,35.7144837,10.0123194,2026-02-15T13:37:30.835774
Kairouan,1223107866,greenhouse_horticulture,,35.7110191,10.0145001,2026-02-15T13:37:30.835774
Kairouan,1223107881,residential,,35.725464,10.0046938,2026-02-15T13:37:30.835774
Kairouan,1223107885,industrial,,35.6978336,10.0290791,2026-02-15T13:37:30.835774
Kairouan,1320550514,orchard,,35.6815459,10.1060174,2026-02-15T13:37:30.835774
Kairouan,1327536287,residential,,35.6848115,9.985613,2026-02-15T13:37:30.835774
Kairouan,1327637269,residential,,35.6790067,10.1464953,2026-02-15T13:37:30.835774
Kairouan,1327637270,residential,,35.6792261,10.1757896,2026-02-15T13:37:30.835774
Kairouan,1327637271,industrial,,35.6811819,10.1710834,2026-02-15T13:37:30.835774
Kairouan,1327637277,residential,,35.6833108,10.1677676,2026-02-15T13:37:30.835774
Kairouan,1327637281,residential,,35.6703061,10.1483169,2026-02-15T13:37:30.835774
Kairouan,1327847322,grass,,35.6655114,10.0985498,2026-02-15T13:37:30.835774
Kairouan,1340641371,residential,,35.6575719,10.1466668,2026-02-15T13:37:30.835774
Kairouan,1344537004,grass,,35.6587406,10.1091317,2026-02-15T13:37:30.835774
Kairouan,1344537008,orchard,,35.6563,10.1066821,2026-02-15T13:37:30.835774
Kairouan,1344537009,orchard,,35.6566686,10.1063196,2026-02-15T13:37:30.835774
Kairouan,1355914964,orchard,,35.6468461,10.1035943,2026-02-15T13:37:30.835774
Kairouan,1355914965,orchard,,35.6568411,10.1025421,2026-02-15T13:37:30.835774
Kairouan,1355914966,orchard,,35.644178,10.1051767,2026-02-15T13:37:30.835774
Kairouan,1355914967,orchard,,35.7073933,10.0938533,2026-02-15T13:37:30.835774
Kairouan,1355914968,orchard,,35.662717,10.0626495,2026-02-15T13:37:30.835774
Kairouan,1355914971,orchard,,35.6868512,10.0406656,2026-02-15T13:37:30.835774
Kairouan,1355914972,orchard,,35.6732682,10.0481282,2026-02-15T13:37:30.835774
Gafsa,189249645,military,,34.4175172,8.8296224,2026-02-15T13:37:49.561143
Gafsa,206314675,cemetery,,34.4396067,8.7782363,2026-02-15T13:37:49.561143
Gafsa,206317366,orchard,,34.4198715,8.7990252,2026-02-15T13:37:49.561143
Gafsa,206318231,residential,قفصة,34.4306633,8.7719064,2026-02-15T13:37:49.561143
Gafsa,206318232,residential,,34.4294092,8.8096811,2026-02-15T13:37:49.561143
Gafsa,206320986,residential,,34.4197214,8.8069371,2026-02-15T13:37:49.561143
Gafsa,206336185,military,Zone militaire,34.4566712,8.771475,2026-02-15T13:37:49.561143
Gafsa,206345083,orchard,,34.3971024,8.7978388,2026-02-15T13:37:49.561143
Gafsa,206345085,orchard,,34.3978193,8.7963555,2026-02-15T13:37:49.561143
Gafsa,206345182,orchard,,34.3946247,8.7968758,2026-02-15T13:37:49.561143
Gafsa,206345501,cemetery,,34.3996563,8.7998758,2026-02-15T13:37:49.561143
Gafsa,206346593,orchard,,34.4003808,8.7968172,2026-02-15T13:37:49.561143
Gafsa,206346595,orchard,,34.4004111,8.7973989,2026-02-15T13:37:49.561143
Gafsa,206346596,orchard,,34.4007839,8.7958418,2026-02-15T13:37:49.561143
Gafsa,206346603,orchard,,34.4007762,8.7965982,2026-02-15T13:37:49.561143
Gafsa,206348236,orchard,,34.4069648,8.7975303,2026-02-15T13:37:49.561143
Gafsa,206348240,orchard,,34.4088922,8.7957922,2026-02-15T13:37:49.561143
Gafsa,206350671,orchard,,34.4051259,8.7968745,2026-02-15T13:37:49.561143
Gafsa,206352110,cemetery,,34.4041372,8.7965915,2026-02-15T13:37:49.561143
Gafsa,206352195,cemetery,,34.4041091,8.7975974,2026-02-15T13:37:49.561143
Gafsa,206352211,cemetery,,34.4035978,8.7957238,2026-02-15T13:37:49.561143
Gafsa,206352335,orchard,,34.4007551,8.7948293,2026-02-15T13:37:49.561143
Gafsa,206352336,orchard,,34.4019912,8.7954248,2026-02-15T13:37:49.561143
Gafsa,206354012,orchard,,34.377913,8.76146,2026-02-15T13:37:49.561143
Gafsa,206354013,reservoir,,34.379105,8.7550991,2026-02-15T13:37:49.561143
Gafsa,206354015,reservoir,,34.380336,8.7576043,2026-02-15T13:37:49.561143
Gafsa,206354017,reservoir,,34.3797657,8.7569056,2026-02-15T13:37:49.561143
Gafsa,206354018,reservoir,,34.3786401,8.7538828,2026-02-15T13:37:49.561143
Gafsa,206354019,reservoir,,34.3794138,8.7559749,2026-02-15T13:37:49.561143
Gafsa,206354442,farmyard,,34.3775654,8.7242068,2026-02-15T13:37:49.561143
Gafsa,206354444,farmland,,34.3770266,8.7338037,2026-02-15T13:37:49.561143
Gafsa,206354564,orchard,,34.389937,8.7075261,2026-02-15T13:37:49.561143
Gafsa,206354565,commercial,,34.3883279,8.7078936,2026-02-15T13:37:49.561143
Gafsa,206355006,industrial,منطقة صناعية,34.3855698,8.7002681,2026-02-15T13:37:49.561143
Gafsa,206355145,brownfield,,34.3836512,8.7019407,2026-02-15T13:37:49.561143
Gafsa,206453235,orchard,,34.4034263,8.693629,2026-02-15T13:37:49.561143
Gafsa,206453411,residential,,34.4071043,8.6916986,2026-02-15T13:37:49.561143
Gafsa,206453480,orchard,,34.4053826,8.7030167,2026-02-15T13:37:49.561143
Gafsa,206453481,farmyard,,34.4057066,8.7024658,2026-02-15T13:37:49.561143
Gafsa,206454346,residential,,34.400915,8.7563452,2026-02-15T13:37:49.561143
Gafsa,206454348,residential,,34.4013355,8.7585232,2026-02-15T13:37:49.561143
Gafsa,206454349,residential,,34.3999235,8.7612099,2026-02-15T13:37:49.561143
Gafsa,206454350,residential,,34.40819,8.7877989,2026-02-15T13:37:49.561143
Gafsa,206454351,residential,,34.3983743,8.7591929,2026-02-15T13:37:49.561143
Gafsa,206454574,orchard,,34.4192923,8.7351264,2026-02-15T13:37:49.561143
Gafsa,206454575,orchard,,34.4219607,8.7313392,2026-02-15T13:37:49.561143
Gafsa,206454576,orchard,,34.4161482,8.7338758,2026-02-15T13:37:49.561143
Gafsa,206454577,orchard,,34.4185493,8.731891,2026-02-15T13:37:49.561143
Gafsa,206454578,orchard,,34.4204406,8.7312366,2026-02-15T13:37:49.561143
Gafsa,206454690,orchard,,34.419996,8.7448065,2026-02-15T13:37:49.561143
Gafsa,206454751,residential,,34.4239099,8.7412881,2026-02-15T13:37:49.561143
Gafsa,206454756,industrial,,34.4210234,8.7459672,2026-02-15T13:37:49.561143
Gafsa,312061902,commercial,,34.4352904,8.7431877,2026-02-15T13:37:49.561143
Gafsa,312655428,orchard,,34.4250528,8.8007548,2026-02-15T13:37:49.561143
Gafsa,313279845,cemetery,Cimitière Douali,34.4232977,8.7962589,2026-02-15T13:37:49.561143
Gafsa,314179259,residential,,34.4215842,8.7879733,2026-02-15T13:37:49.561143
Gafsa,314279210,orchard,,34.4026452,8.7938623,2026-02-15T13:37:49.561143
Gafsa,314463391,military,,34.4210418,8.7862441,2026-02-15T13:37:49.561143
Gafsa,314477543,garages,Parc municipal de gafsa,34.4210193,8.7794231,2026-02-15T13:37:49.561143
Gafsa,314781625,orchard,,34.3830704,8.8241863,2026-02-15T13:37:49.561143
Gafsa,318874601,garages,Parc Sté Elkaouafel,34.4254793,8.757039,2026-02-15T13:37:49.561143
Gafsa,319463894,forest,,34.4221935,8.8122328,2026-02-15T13:37:49.561143
Gafsa,319465645,village_green,,34.4304154,8.816833,2026-02-15T13:37:49.561143
Gafsa,319465726,village_green,,34.4300612,8.8168818,2026-02-15T13:37:49.561143
Gafsa,319465794,village_green,,34.4304885,8.8173221,2026-02-15T13:37:49.561143
Gafsa,320381793,cemetery,cimetière zarroug,34.4342155,8.7511286,2026-02-15T13:37:49.561143
Gafsa,321354395,retail,"Divers commerce (vêtement, souliers etc ..)",34.415494,8.7891338,2026-02-15T13:37:49.561143
Gafsa,321355912,retail,,34.4165523,8.7892206,2026-02-15T13:37:49.561143
Gafsa,321355998,retail,"Divers commerce (vêtement, souliers etc ..)",34.4158608,8.7891272,2026-02-15T13:37:49.561143
Gafsa,325792946,basin,Bassin d'eau SONEDE,34.4266116,8.7941443,2026-02-15T13:37:49.561143
Gafsa,325792947,basin,Bassin d'eau SONEDE,34.4269517,8.794068,2026-02-15T13:37:49.561143
Gafsa,372864044,grass,,34.4247878,8.7592582,2026-02-15T13:37:49.561143
Gafsa,459788271,industrial,,34.3964778,8.8165532,2026-02-15T13:37:49.561143
Gafsa,549930408,residential,,34.3966843,8.8124374,2026-02-15T13:37:49.561143
Gafsa,619204831,plant_nursery,,34.3936433,8.810293,2026-02-15T13:37:49.561143
Gafsa,884818459,landfill,المصب البلدي بقفصة,34.4340802,8.728514,2026-02-15T13:37:49.561143
Gafsa,1052058511,grass,,34.4275846,8.8192367,2026-02-15T13:37:49.561143
Gafsa,1052058512,grass,,34.4275872,8.8196997,2026-02-15T13:37:49.561143
Gafsa,1052058513,grass,,34.4269252,8.8196995,2026-02-15T13:37:49.561143
Gafsa,1052058514,grass,,34.4270367,8.8202388,2026-02-15T13:37:49.561143
Gafsa,1052058515,grass,,34.4274824,8.8204751,2026-02-15T13:37:49.561143
Gafsa,1122604315,cemetery,,34.4312661,8.7965523,2026-02-15T13:37:49.561143
Gafsa,1122712607,residential,,34.4534578,8.682374,2026-02-15T13:37:49.561143
Gafsa,1122712611,residential,,34.4554408,8.6803565,2026-02-15T13:37:49.561143
Gafsa,1330460030,cemetery,,34.4181469,8.7801715,2026-02-15T13:37:49.561143
Gafsa,1330460031,cemetery,,34.4183838,8.7810181,2026-02-15T13:37:49.561143
Gafsa,1330460061,grass,,34.4166397,8.7852977,2026-02-15T13:37:49.561143
Gafsa,1330460064,grass,,34.4197776,8.7845456,2026-02-15T13:37:49.561143
Gafsa,1330754150,orchard,,34.3772325,8.8164659,2026-02-15T13:37:49.561143
Gafsa,1330754151,orchard,,34.4094463,8.7918972,2026-02-15T13:37:49.561143
Gafsa,1330754152,orchard,,34.4124929,8.7872055,2026-02-15T13:37:49.561143
Gafsa,1330754156,residential,,34.4082686,8.7795755,2026-02-15T13:37:49.561143
Gafsa,1330754157,residential,,34.4105295,8.7776658,2026-02-15T13:37:49.561143
Gafsa,1364057713,residential,,34.4306618,8.8134663,2026-02-15T13:37:49.561143
Gafsa,1364059392,residential,,34.435927,8.8174872,2026-02-15T13:37:49.561143
Gafsa,1364059403,residential,,34.4429514,8.8200772,2026-02-15T13:37:49.561143
Gafsa,1429841589,industrial,,34.4151679,8.7373544,2026-02-15T13:37:49.561143
Gafsa,1429841602,industrial,YAZAKI Gafsa,34.415709,8.7392616,2026-02-15T13:37:49.561143
Gafsa,1429841605,industrial,,34.4164631,8.7413526,2026-02-15T13:37:49.561143
Gafsa,1429841614,industrial,,34.4174411,8.7382079,2026-02-15T13:37:49.561143
Gafsa,1429841618,industrial,L`Art De Béton Gafsa,34.4184287,8.7364314,2026-02-15T13:37:49.561143
Gafsa,1429841629,residential,,34.4021292,8.7248255,2026-02-15T13:37:49.561143
Gafsa,7548990,orchard,واحة قفصة,34.4007016,8.7570773,2026-02-15T13:37:49.561143
Monastir,26564177,salt_pond,,35.7648428,10.7157557,2026-02-15T13:37:55.053465
Monastir,26564179,salt_pond,,35.7633757,10.7143976,2026-02-15T13:37:55.053465
Monastir,26564191,salt_pond,,35.7606513,10.717577,2026-02-15T13:37:55.053465
Monastir,26564270,basin,,35.7500339,10.7470831,2026-02-15T13:37:55.053465
Monastir,26564273,basin,,35.7517035,10.7504283,2026-02-15T13:37:55.053465
Monastir,26564277,basin,,35.7504336,10.7516429,2026-02-15T13:37:55.053465
Monastir,26564285,basin,,35.75462,10.754708,2026-02-15T13:37:55.053465
Monastir,26564293,basin,,35.7512041,10.7556122,2026-02-15T13:37:55.053465
Monastir,26564296,basin,,35.7555771,10.7590657,2026-02-15T13:37:55.053465
Monastir,26564299,basin,,35.7520481,10.7600344,2026-02-15T13:37:55.053465
Monastir,26564302,basin,,35.7585188,10.7618317,2026-02-15T13:37:55.053465
Monastir,26564303,basin,,35.7564179,10.7634163,2026-02-15T13:37:55.053465
Monastir,26564310,basin,,35.7468142,10.752338,2026-02-15T13:37:55.053465
Monastir,26564311,basin,,35.7469853,10.7571279,2026-02-15T13:37:55.053465
Monastir,26564313,basin,,35.747433,10.7612134,2026-02-15T13:37:55.053465
Monastir,26564356,basin,,35.7512495,10.7750778,2026-02-15T13:37:55.053465
Monastir,26564450,salt_pond,,35.7613489,10.7852678,2026-02-15T13:37:55.053465
Monastir,26564458,salt_pond,,35.76428,10.7810368,2026-02-15T13:37:55.053465
Monastir,26564468,salt_pond,,35.7630887,10.7759209,2026-02-15T13:37:55.053465
Monastir,26564483,basin,,35.7616764,10.7699102,2026-02-15T13:37:55.053465
Monastir,26564488,basin,,35.7681002,10.7857787,2026-02-15T13:37:55.053465
Monastir,43942232,residential,,35.6873396,10.8442596,2026-02-15T13:37:55.053465
Monastir,44739284,cemetery,مقبرة المنستير,35.7774164,10.8299613,2026-02-15T13:37:55.053465
Monastir,96252983,basin,,35.7649502,10.7741514,2026-02-15T13:37:55.053465
Monastir,96253062,basin,,35.7628593,10.7677195,2026-02-15T13:37:55.053465
Monastir,96314460,brownfield,,35.771672,10.7129797,2026-02-15T13:37:55.053465
Monastir,96314469,basin,,35.7543058,10.7835567,2026-02-15T13:37:55.053465
Monastir,96314474,greenfield,,35.7663594,10.7181677,2026-02-15T13:37:55.053465
Monastir,96314475,greenfield,,35.7690767,10.717236,2026-02-15T13:37:55.053465
Monastir,110564952,orchard,,35.6734757,10.8080283,2026-02-15T13:37:55.053465
Monastir,111538308,orchard,,35.740947,10.7376521,2026-02-15T13:37:55.053465
Monastir,111538309,farmland,,35.7373376,10.7234552,2026-02-15T13:37:55.053465
Monastir,111852145,residential,,35.6954449,10.7887265,2026-02-15T13:37:55.053465
Monastir,111852148,village_green,,35.6919342,10.7921022,2026-02-15T13:37:55.053465
Monastir,111852160,orchard,,35.7195699,10.7397486,2026-02-15T13:37:55.053465
Monastir,112705268,farmland,,35.7482725,10.7290107,2026-02-15T13:37:55.053465
Monastir,112705271,orchard,,35.7498411,10.7235383,2026-02-15T13:37:55.053465
Monastir,115884357,village_green,,35.6978427,10.7834862,2026-02-15T13:37:55.053465
Monastir,116533996,village_green,,35.7617111,10.7238025,2026-02-15T13:37:55.053465
Monastir,116622891,residential,,35.7488097,10.710727,2026-02-15T13:37:55.053465
Monastir,126047973,village_green,,35.7738441,10.8151319,2026-02-15T13:37:55.053465
Monastir,126047975,village_green,,35.7763153,10.8178636,2026-02-15T13:37:55.053465
Monastir,126062457,village_green,,35.7799397,10.8160399,2026-02-15T13:37:55.053465
Monastir,126062458,village_green,,35.7736681,10.8200168,2026-02-15T13:37:55.053465
Monastir,126062459,village_green,,35.7738627,10.8208727,2026-02-15T13:37:55.053465
Monastir,126062460,village_green,,35.77359,10.8208683,2026-02-15T13:37:55.053465
Monastir,126194391,residential,,35.7653416,10.7203308,2026-02-15T13:37:55.053465
Monastir,126194392,greenfield,,35.7620083,10.7245475,2026-02-15T13:37:55.053465
Monastir,126502721,grass,,35.7779675,10.7941363,2026-02-15T13:37:55.053465
Monastir,126504990,village_green,,35.7698381,10.7883273,2026-02-15T13:37:55.053465
Monastir,126504991,village_green,,35.762751,10.8040732,2026-02-15T13:37:55.053465
Monastir,126504992,village_green,,35.7736527,10.7846037,2026-02-15T13:37:55.053465
Monastir,128216833,grass,,35.7694052,10.7642258,2026-02-15T13:37:55.053465
Monastir,128217114,basin,,35.7693292,10.7643882,2026-02-15T13:37:55.053465
Monastir,128401807,greenfield,,35.7677103,10.7614809,2026-02-15T13:37:55.053465
Monastir,128401808,brownfield,,35.7697266,10.7652998,2026-02-15T13:37:55.053465
Monastir,129319677,grass,,35.7693762,10.7639539,2026-02-15T13:37:55.053465
Monastir,129319685,grass,,35.7696584,10.7637744,2026-02-15T13:37:55.053465
Monastir,129319686,grass,,35.7694677,10.7638031,2026-02-15T13:37:55.053465
Monastir,129319687,grass,,35.7692928,10.7639302,2026-02-15T13:37:55.053465
Monastir,129319688,grass,,35.7691734,10.7640182,2026-02-15T13:37:55.053465
Monastir,129319690,grass,,35.7692324,10.7643472,2026-02-15T13:37:55.053465
Monastir,129319693,grass,,35.7695795,10.7642826,2026-02-15T13:37:55.053465
Monastir,129360712,grass,,35.7695972,10.7637155,2026-02-15T13:37:55.053465
Monastir,129360809,grass,,35.7697895,10.7636406,2026-02-15T13:37:55.053465
Monastir,129360821,grass,,35.7697286,10.7634903,2026-02-15T13:37:55.053465
Monastir,129360915,grass,,35.770036,10.7640006,2026-02-15T13:37:55.053465
Monastir,129368403,grass,,35.7694891,10.7640267,2026-02-15T13:37:55.053465
Monastir,129368404,grass,,35.7692475,10.7641605,2026-02-15T13:37:55.053465
Monastir,129368405,grass,,35.7695655,10.7638469,2026-02-15T13:37:55.053465
Monastir,135685501,village_green,,35.6985759,10.7813514,2026-02-15T13:37:55.053465
Monastir,135685503,village_green,,35.6963944,10.7853996,2026-02-15T13:37:55.053465
Monastir,136440448,cemetery,,35.6978845,10.7816964,2026-02-15T13:37:55.053465
Monastir,185560568,village_green,,35.7595649,10.7272668,2026-02-15T13:37:55.053465
Monastir,210400369,farmland,,35.750502,10.8224809,2026-02-15T13:37:55.053465
Monastir,210400372,harbour,ميناء المنستير,35.7578149,10.8373192,2026-02-15T13:37:55.053465
Monastir,210400384,commercial,Institut National des Sciences et Technologies de la Mer (INSTM) Monastir,35.7418992,10.8246483,2026-02-15T13:37:55.053465
Monastir,210400395,basin,bassin d'elevage INSTM,35.7431607,10.8251225,2026-02-15T13:37:55.053465
Monastir,210400396,basin,bassin d'elevage INSTM,35.7393736,10.8251492,2026-02-15T13:37:55.053465
Monastir,210400401,basin,bassin d'elevage INSTM,35.7419953,10.8250608,2026-02-15T13:37:55.053465
Monastir,210400404,village_green,,35.7558145,10.8263866,2026-02-15T13:37:55.053465
Monastir,210400406,basin,bassin d'elevage INSTM,35.7387548,10.8249949,2026-02-15T13:37:55.053465
Monastir,210400409,basin,bassin d'elevage INSTM,35.7428514,10.8237081,2026-02-15T13:37:55.053465
Monastir,210400414,basin,bassin d'elevage INSTM,35.7381227,10.8248372,2026-02-15T13:37:55.053465
Monastir,210400416,basin,bassin d'elevage INSTM,35.7424189,10.8235322,2026-02-15T13:37:55.053465
Monastir,210400420,village_green,,35.7552834,10.8262304,2026-02-15T13:37:55.053465
Monastir,210400421,basin,bassin d'elevage INSTM,35.7439619,10.8253492,2026-02-15T13:37:55.053465
Monastir,210400426,basin,bassin d'elevage INSTM,35.7435662,10.8252375,2026-02-15T13:37:55.053465
Monastir,210425938,basin,bassin d'elevage INSTM,35.740624,10.8249656,2026-02-15T13:37:55.053465
Monastir,210425939,basin,bassin d'elevage INSTM,35.7433161,10.8239222,2026-02-15T13:37:55.053465
Monastir,210425944,basin,bassin d'elevage INSTM,35.7446034,10.8243399,2026-02-15T13:37:55.053465
Monastir,210425950,basin,bassin d'elevage INSTM,35.7426003,10.8252306,2026-02-15T13:37:55.053465
Monastir,210425953,basin,bassin d'elevage INSTM,35.7437787,10.8241228,2026-02-15T13:37:55.053465
Monastir,210425954,basin,bassin d'elevage INSTM,35.743071,10.8243089,2026-02-15T13:37:55.053465
Monastir,210425957,village_green,,35.7487373,10.824752,2026-02-15T13:37:55.053465
Monastir,221649009,commercial,Hôtel Monastir Centre,35.7707891,10.8376539,2026-02-15T13:37:55.053465
Monastir,251479617,industrial,,35.758414,10.8322135,2026-02-15T13:37:55.053465
Monastir,251479619,industrial,,35.7569532,10.8335828,2026-02-15T13:37:55.053465
Monastir,251479621,industrial,,35.7587812,10.8344161,2026-02-15T13:37:55.053465
Monastir,251479622,industrial,,35.759333,10.8318943,2026-02-15T13:37:55.053465
Monastir,251479623,industrial,,35.7572906,10.8334159,2026-02-15T13:37:55.053465
Monastir,251479625,industrial,,35.7598173,10.8356182,2026-02-15T13:37:55.053465
Monastir,251483532,commercial,Hôtel Delphin El Habib,35.7727394,10.8361534,2026-02-15T13:37:55.053465
Monastir,251494513,industrial,,35.7705046,10.824158,2026-02-15T13:37:55.053465
Monastir,251494514,railway,,35.7701304,10.823291,2026-02-15T13:37:55.053465
Monastir,251516482,village_green,,35.7722251,10.8214906,2026-02-15T13:37:55.053465
Monastir,251516483,village_green,,35.7720818,10.8192844,2026-02-15T13:37:55.053465
Monastir,251569161,residential,,35.7806619,10.8021371,2026-02-15T13:37:55.053465
Monastir,251614946,village_green,,35.7771392,10.8294274,2026-02-15T13:37:55.053465
Monastir,251624289,commercial,hôtel Framissima Regency Monastir,35.7793455,10.8300244,2026-02-15T13:37:55.053465
Monastir,251666124,grass,,35.7750706,10.8332103,2026-02-15T13:37:55.053465
Monastir,251666125,grass,,35.7752022,10.8331025,2026-02-15T13:37:55.053465
Monastir,251666126,grass,,35.7753351,10.8329954,2026-02-15T13:37:55.053465
Monastir,251666127,grass,,35.7750846,10.8332019,2026-02-15T13:37:55.053465
Monastir,251666128,grass,,35.7753236,10.8330135,2026-02-15T13:37:55.053465
Monastir,251666129,village_green,,35.7745555,10.8311455,2026-02-15T13:37:55.053465
Monastir,251666130,village_green,,35.7747617,10.8309888,2026-02-15T13:37:55.053465
Monastir,251666131,grass,,35.7756202,10.832657,2026-02-15T13:37:55.053465
Monastir,251666132,grass,,35.7759688,10.8324039,2026-02-15T13:37:55.053465
Monastir,251683838,brownfield,,35.7472732,10.8253507,2026-02-15T13:37:55.053465
Monastir,251683839,brownfield,,35.7502786,10.8273784,2026-02-15T13:37:55.053465
Monastir,251683840,industrial,,35.7381743,10.8204109,2026-02-15T13:37:55.053465
Monastir,251683841,village_green,,35.7489733,10.8249664,2026-02-15T13:37:55.053465
Monastir,251683842,grass,,35.7468784,10.8247904,2026-02-15T13:37:55.053465
Monastir,251683843,greenfield,,35.7492665,10.8235282,2026-02-15T13:37:55.053465
Monastir,251683844,industrial,,35.7576381,10.8264297,2026-02-15T13:37:55.053465
Monastir,251683846,landfill,,35.7461044,10.8271418,2026-02-15T13:37:55.053465
Monastir,251693087,brownfield,,35.7524613,10.8191113,2026-02-15T13:37:55.053465
Monastir,251693088,industrial,,35.7554065,10.8229508,2026-02-15T13:37:55.053465
Monastir,251693089,farmland,,35.7578946,10.8165021,2026-02-15T13:37:55.053465
Monastir,251702804,residential,,35.7572065,10.8126886,2026-02-15T13:37:55.053465
Monastir,251702805,greenfield,,35.7601768,10.8178086,2026-02-15T13:37:55.053465
Monastir,251702806,residential,,35.7609107,10.8090912,2026-02-15T13:37:55.053465
Monastir,251710949,construction,,35.7781599,10.7823194,2026-02-15T13:37:55.053465
Monastir,251734222,farmyard,,35.7657401,10.7942466,2026-02-15T13:37:55.053465
Monastir,251734223,farmyard,,35.7667673,10.7934927,2026-02-15T13:37:55.053465
Monastir,251734224,farmyard,,35.7638773,10.7974491,2026-02-15T13:37:55.053465
Monastir,251734225,farmyard,,35.7653761,10.7967709,2026-02-15T13:37:55.053465
Monastir,251734226,farmyard,,35.7671529,10.7906563,2026-02-15T13:37:55.053465
Monastir,251734227,farmyard,,35.7638323,10.7986443,2026-02-15T13:37:55.053465
Monastir,251734229,farmland,,35.7631761,10.7951562,2026-02-15T13:37:55.053465
Monastir,251734230,farmyard,,35.7669874,10.7962794,2026-02-15T13:37:55.053465
Monastir,251734231,brownfield,,35.7794691,10.7816395,2026-02-15T13:37:55.053465
Monastir,251734232,farmyard,,35.7658583,10.7958881,2026-02-15T13:37:55.053465
Monastir,435382383,grass,,35.7793265,10.8309023,2026-02-15T13:37:55.053465
Monastir,435382384,grass,,35.779086,10.8309345,2026-02-15T13:37:55.053465
Monastir,435382385,grass,,35.7790836,10.830758,2026-02-15T13:37:55.053465
Monastir,435382386,grass,,35.7793357,10.8307506,2026-02-15T13:37:55.053465
Monastir,435382387,grass,,35.7792163,10.8320836,2026-02-15T13:37:55.053465
Monastir,437190969,residential,جنان الوسط,35.7582156,10.7345337,2026-02-15T13:37:55.053465
Monastir,587522991,grass,,35.7637501,10.7300562,2026-02-15T13:37:55.053465
Monastir,636089980,residential,,35.7661994,10.8109867,2026-02-15T13:37:55.053465
Monastir,659119197,forest,,35.7775048,10.8292372,2026-02-15T13:37:55.053465
Monastir,659119201,grass,,35.7752721,10.831268,2026-02-15T13:37:55.053465
Monastir,659119202,grass,,35.7755281,10.8313343,2026-02-15T13:37:55.053465
Monastir,659119203,grass,,35.7757444,10.8316928,2026-02-15T13:37:55.053465
Monastir,659119204,grass,,35.7757509,10.8320387,2026-02-15T13:37:55.053465
Monastir,659119205,grass,,35.7755143,10.8321849,2026-02-15T13:37:55.053465
Monastir,659119207,grass,,35.7752248,10.8321165,2026-02-15T13:37:55.053465
Monastir,728800281,grass,,35.7647238,10.7474912,2026-02-15T13:37:55.053465
Monastir,729132742,grass,,35.7627272,10.7470586,2026-02-15T13:37:55.053465
Monastir,729132743,grass,,35.7630762,10.7472511,2026-02-15T13:37:55.053465
Monastir,729132744,grass,,35.7633902,10.7473993,2026-02-15T13:37:55.053465
Monastir,729132745,grass,,35.7636716,10.7476526,2026-02-15T13:37:55.053465
Monastir,729132749,grass,,35.763761,10.7479039,2026-02-15T13:37:55.053465
Monastir,729132750,grass,,35.7643655,10.7478454,2026-02-15T13:37:55.053465
Monastir,729175326,grass,,35.7640931,10.746796,2026-02-15T13:37:55.053465
Monastir,729175327,grass,,35.7639727,10.7475814,2026-02-15T13:37:55.053465
Monastir,729175328,grass,,35.7642022,10.7469017,2026-02-15T13:37:55.053465
Monastir,729175330,grass,,35.7639418,10.7472632,2026-02-15T13:37:55.053465
Monastir,729175335,grass,,35.7647919,10.7459033,2026-02-15T13:37:55.053465
Monastir,729175337,grass,,35.7645089,10.74574,2026-02-15T13:37:55.053465
Monastir,729175338,grass,,35.7645483,10.7464602,2026-02-15T13:37:55.053465
Monastir,729175339,grass,,35.7634062,10.7464746,2026-02-15T13:37:55.053465
Monastir,729175340,grass,,35.7630297,10.7467305,2026-02-15T13:37:55.053465
Monastir,729175341,grass,,35.763096,10.7468477,2026-02-15T13:37:55.053465
Monastir,729175996,grass,,35.7627533,10.7459418,2026-02-15T13:37:55.053465
Monastir,729175997,grass,,35.7632769,10.7454202,2026-02-15T13:37:55.053465
Monastir,729175999,grass,,35.763271,10.7460355,2026-02-15T13:37:55.053465
Monastir,729176000,grass,,35.7634718,10.7455208,2026-02-15T13:37:55.053465
Monastir,729176001,grass,,35.7638245,10.7463754,2026-02-15T13:37:55.053465
Monastir,729176002,grass,,35.7636178,10.7468981,2026-02-15T13:37:55.053465
Monastir,729179472,grass,,35.7647849,10.746301,2026-02-15T13:37:55.053465
Monastir,729179473,grass,,35.7646339,10.7461407,2026-02-15T13:37:55.053465
Monastir,729179474,grass,,35.7646525,10.7460237,2026-02-15T13:37:55.053465
Monastir,839024108,cemetery,,35.7054283,10.8170875,2026-02-15T13:37:55.053465
Monastir,1126702868,grass,,35.7646284,10.8264406,2026-02-15T13:37:55.053465
Monastir,1126956404,commercial,Neotex Monastir Technopark : Pole Technologique et Industriel Textile,35.7175181,10.7609199,2026-02-15T13:37:55.053465
Monastir,1126956468,grass,,35.7162316,10.7594981,2026-02-15T13:37:55.053465
Monastir,1126956483,construction,,35.7175152,10.7636275,2026-02-15T13:37:55.053465
Monastir,1126956484,construction,,35.7173752,10.753892,2026-02-15T13:37:55.053465
Monastir,1126965874,industrial,,35.7237378,10.7533461,2026-02-15T13:37:55.053465
Monastir,1191376806,landfill,décharge elgazzzah,35.7397686,10.7599043,2026-02-15T13:37:55.053465
Monastir,1198269144,grass,,35.6956523,10.8358138,2026-02-15T13:37:55.053465
Monastir,1214370450,grass,,35.7693934,10.8196217,2026-02-15T13:37:55.053465
Monastir,1214374368,grass,,35.7611765,10.831612,2026-02-15T13:37:55.053465
Monastir,1214377096,grass,,35.7482288,10.8243083,2026-02-15T13:37:55.053465
Monastir,1214377097,grass,,35.7555326,10.8250315,2026-02-15T13:37:55.053465
Monastir,1309925783,grass,,35.7712543,10.8322863,2026-02-15T13:37:55.053465
Monastir,1313630228,grass,,35.7739466,10.8342048,2026-02-15T13:37:55.053465
Monastir,1313630229,grass,,35.7746347,10.834365,2026-02-15T13:37:55.053465
Monastir,1313631884,grass,,35.7740721,10.8321853,2026-02-15T13:37:55.053465
Monastir,1313631885,grass,,35.7744637,10.8327088,2026-02-15T13:37:55.053465
Monastir,1313631887,grass,,35.7737451,10.8323074,2026-02-15T13:37:55.053465
Monastir,1314451969,grass,,35.7748335,10.8324363,2026-02-15T13:37:55.053465
Monastir,1314676786,grass,,35.7760479,10.8290864,2026-02-15T13:37:55.053465
Monastir,1314676787,grass,,35.7760178,10.8293147,2026-02-15T13:37:55.053465
Monastir,1314676788,grass,,35.775989,10.8295226,2026-02-15T13:37:55.053465
Monastir,1314676796,grass,,35.7760683,10.8288716,2026-02-15T13:37:55.053465
Monastir,1315620540,residential,,35.7540725,10.8101775,2026-02-15T13:37:55.053465
Monastir,1324872259,industrial,,35.7032979,10.7546741,2026-02-15T13:37:55.053465
Monastir,1324872260,industrial,,35.6993145,10.7701537,2026-02-15T13:37:55.053465
Monastir,1324883602,industrial,Port Area,35.6907316,10.8462394,2026-02-15T13:37:55.053465
Monastir,1329169315,residential,,35.7490285,10.8175514,2026-02-15T13:37:55.053465
Monastir,1329169316,residential,,35.7452062,10.8135307,2026-02-15T13:37:55.053465
Monastir,1329169317,residential,,35.7562652,10.8003154,2026-02-15T13:37:55.053465
Monastir,1427219033,grass,,35.7724302,10.8261593,2026-02-15T13:37:55.053465
Monastir,1427219034,grass,,35.7728304,10.8252577,2026-02-15T13:37:55.053465
Monastir,15036285,residential,Cité Frina,35.7152008,10.8170338,2026-02-15T13:37:55.053465
Monastir,15087274,orchard,,35.6784207,10.7722781,2026-02-15T13:37:55.053465
Monastir,16203426,salt_pond,,35.7673358,10.7751396,2026-02-15T13:37:55.053465
Ben Arous,26232233,industrial,,36.7850857,10.2719361,2026-02-15T13:37:57.988011
Ben Arous,26232654,residential,,36.793356,10.2756465,2026-02-15T13:37:57.988011
Ben Arous,26232751,industrial,,36.8015217,10.2719736,2026-02-15T13:37:57.988011
Ben Arous,26235869,industrial,,36.7298196,10.2207588,2026-02-15T13:37:57.988011
Ben Arous,26235900,industrial,منطقة صناعية بئر القصعة,36.7363756,10.225564,2026-02-15T13:37:57.988011
Ben Arous,26278247,cemetery,مقبرة الجلاز,36.7849032,10.1855257,2026-02-15T13:37:57.988011
Ben Arous,27380549,greenfield,,36.7120368,10.2977892,2026-02-15T13:37:57.988011
Ben Arous,89811817,cemetery,المقبرة اليهودية,36.8235664,10.1895658,2026-02-15T13:37:57.988011
Ben Arous,93164229,residential,,36.7912948,10.2733262,2026-02-15T13:37:57.988011
Ben Arous,93164375,greenfield,المنطقة الصناعية في حلق الوادي,36.8151943,10.2842125,2026-02-15T13:37:57.988011
Ben Arous,93164381,construction,,36.8130493,10.2897602,2026-02-15T13:37:57.988011
Ben Arous,93164455,industrial,محطة كهرباء حلق الوادي,36.8156514,10.2885711,2026-02-15T13:37:57.988011
Ben Arous,93164492,greenfield,,36.8151606,10.2915842,2026-02-15T13:37:57.988011
Ben Arous,93164500,residential,حلق الوادي,36.816131,10.2965198,2026-02-15T13:37:57.988011
Ben Arous,93164521,industrial,,36.7904046,10.2747022,2026-02-15T13:37:57.988011
Ben Arous,93164715,railway,,36.7999772,10.19862,2026-02-15T13:37:57.988011
Ben Arous,93164934,industrial,,36.7922253,10.2748299,2026-02-15T13:37:57.988011
Ben Arous,93164977,industrial,المنطقة الصناعية في حلق الوادي,36.8173533,10.2919097,2026-02-15T13:37:57.988011
Ben Arous,93263158,grass,,36.8009946,10.1926985,2026-02-15T13:37:57.988011
Ben Arous,93263389,industrial,,36.8001319,10.2824996,2026-02-15T13:37:57.988011
Ben Arous,93263540,industrial,,36.8017028,10.1897317,2026-02-15T13:37:57.988011
Ben Arous,93264258,railway,تونس حلق الوادي المرسى,36.8017021,10.1912908,2026-02-15T13:37:57.988011
Ben Arous,93264275,industrial,,36.799662,10.1919456,2026-02-15T13:37:57.988011
Ben Arous,93264466,industrial,,36.8025264,10.2925986,2026-02-15T13:37:57.988011
Ben Arous,94280042,residential,المروج 2,36.7419263,10.1978772,2026-02-15T13:37:57.988011
Ben Arous,94346248,brownfield,,36.8023277,10.200539,2026-02-15T13:37:57.988011
Ben Arous,94346305,brownfield,,36.8087314,10.194833,2026-02-15T13:37:57.988011
Ben Arous,94346660,brownfield,,36.8255447,10.2035049,2026-02-15T13:37:57.988011
Ben Arous,94346674,commercial,عمارة الوطن,36.80317,10.1872231,2026-02-15T13:37:57.988011
Ben Arous,94512478,industrial,,36.8345318,10.2220702,2026-02-15T13:37:57.988011
Ben Arous,94512538,industrial,,36.744459,10.2644768,2026-02-15T13:37:57.988011
Ben Arous,94703405,grass,,36.8382889,10.2282309,2026-02-15T13:37:57.988011
Ben Arous,95130045,commercial,الأرشيف الوطني التونسي,36.7997795,10.1645253,2026-02-15T13:37:57.988011
Ben Arous,95204356,industrial,أسمنت,36.7776333,10.2022065,2026-02-15T13:37:57.988011
Ben Arous,95528571,forest,,36.7494457,10.2130174,2026-02-15T13:37:57.988011
Ben Arous,95528586,cemetery,,36.7447159,10.2290766,2026-02-15T13:37:57.988011
Ben Arous,95528587,depot,مستودع بئر القصعة نقل تونس,36.7249928,10.2201337,2026-02-15T13:37:57.988011
Ben Arous,95528607,cemetery,,36.7507361,10.2138222,2026-02-15T13:37:57.988011
Ben Arous,98520225,residential,,36.6913802,10.2097037,2026-02-15T13:37:57.988011
Ben Arous,98520232,residential,,36.6964604,10.1280071,2026-02-15T13:37:57.988011
Ben Arous,99018929,construction,مستودع شركة نقل تونس باب سعدون,36.8104366,10.1609821,2026-02-15T13:37:57.988011
Ben Arous,100081020,grass,,36.7985669,10.1790792,2026-02-15T13:37:57.988011
Ben Arous,100081060,village_green,,36.7998082,10.1854538,2026-02-15T13:37:57.988011
Ben Arous,100081127,village_green,,36.7983724,10.1789597,2026-02-15T13:37:57.988011
Ben Arous,100081145,commercial,,36.7994169,10.1858268,2026-02-15T13:37:57.988011
Ben Arous,100081161,village_green,,36.7990653,10.1873186,2026-02-15T13:37:57.988011
Ben Arous,100081169,brownfield,,36.7990147,10.1766506,2026-02-15T13:37:57.988011
Ben Arous,100088134,residential,,36.7044639,10.1616319,2026-02-15T13:37:57.988011
Ben Arous,100159223,farmland,,36.6781737,10.2899709,2026-02-15T13:37:57.988011
Ben Arous,100159307,farmland,,36.683078,10.2910393,2026-02-15T13:37:57.988011
Ben Arous,100159632,vineyard,,36.6887164,10.297548,2026-02-15T13:37:57.988011
Ben Arous,100159670,farmland,,36.6860555,10.2996522,2026-02-15T13:37:57.988011
Ben Arous,100159746,orchard,,36.6891677,10.2996621,2026-02-15T13:37:57.988011
Ben Arous,100202811,residential,,36.8015473,10.1876691,2026-02-15T13:37:57.988011
Ben Arous,100202907,grass,,36.8036339,10.1855848,2026-02-15T13:37:57.988011
Ben Arous,100202937,commercial,,36.8012045,10.1849568,2026-02-15T13:37:57.988011
Ben Arous,100202943,commercial,,36.8059862,10.1838437,2026-02-15T13:37:57.988011
Ben Arous,100203019,brownfield,,36.8019528,10.184455,2026-02-15T13:37:57.988011
Ben Arous,100203049,brownfield,,36.8023131,10.184049,2026-02-15T13:37:57.988011
Ben Arous,100203090,brownfield,,36.8023088,10.1834039,2026-02-15T13:37:57.988011
Ben Arous,100218820,industrial,,36.8102921,10.1841605,2026-02-15T13:37:57.988011
Ben Arous,100218826,industrial,,36.806872,10.1846881,2026-02-15T13:37:57.988011
Ben Arous,100219306,industrial,,36.8105931,10.1841111,2026-02-15T13:37:57.988011
Ben Arous,100219307,commercial,,36.8120992,10.1839306,2026-02-15T13:37:57.988011
Ben Arous,100421087,grass,,36.7991173,10.1629878,2026-02-15T13:37:57.988011
Ben Arous,101011892,commercial,,36.8311284,10.2226978,2026-02-15T13:37:57.988011
Ben Arous,101114694,commercial,Mayhana,36.8344461,10.223498,2026-02-15T13:37:57.988011
Ben Arous,101114705,village_green,,36.8373183,10.2315805,2026-02-15T13:37:57.988011
Ben Arous,101114746,commercial,,36.8331169,10.2247858,2026-02-15T13:37:57.988011
Ben Arous,101114748,greenfield,,36.8359797,10.227626,2026-02-15T13:37:57.988011
Ben Arous,101114783,commercial,,36.8327601,10.2228778,2026-02-15T13:37:57.988011
Ben Arous,101114822,commercial,,36.8306794,10.2197048,2026-02-15T13:37:57.988011
Ben Arous,101114869,commercial,,36.8355713,10.2270419,2026-02-15T13:37:57.988011
Ben Arous,101114909,village_green,,36.8338651,10.2216634,2026-02-15T13:37:57.988011
Ben Arous,101114944,greenfield,,36.8330218,10.2239479,2026-02-15T13:37:57.988011
Ben Arous,101114951,brownfield,,36.832624,10.2176628,2026-02-15T13:37:57.988011
Ben Arous,101114953,village_green,,36.8296686,10.2181294,2026-02-15T13:37:57.988011
Ben Arous,101115028,commercial,,36.8309744,10.2210958,2026-02-15T13:37:57.988011
Ben Arous,101115034,greenfield,,36.8308358,10.2203314,2026-02-15T13:37:57.988011
Ben Arous,101115048,residential,,36.8329037,10.2202303,2026-02-15T13:37:57.988011
Ben Arous,101115052,brownfield,,36.8353697,10.225052,2026-02-15T13:37:57.988011
Ben Arous,101115057,brownfield,,36.8305249,10.2186217,2026-02-15T13:37:57.988011
Ben Arous,101115071,greenfield,,36.8315292,10.2203393,2026-02-15T13:37:57.988011
Ben Arous,101115085,commercial,,36.831237,10.2184558,2026-02-15T13:37:57.988011
Ben Arous,101115166,grass,,36.83092,10.2226952,2026-02-15T13:37:57.988011
Ben Arous,101115204,greenfield,,36.833206,10.2195743,2026-02-15T13:37:57.988011
Ben Arous,101548946,residential,,36.832003,10.2287291,2026-02-15T13:37:57.988011
Ben Arous,101548979,greenfield,,36.8337718,10.2279328,2026-02-15T13:37:57.988011
Ben Arous,101548988,residential,,36.8327446,10.228395,2026-02-15T13:37:57.988011
Ben Arous,101549000,residential,,36.8317615,10.2288367,2026-02-15T13:37:57.988011
Ben Arous,101549005,residential,,36.8310245,10.2291746,2026-02-15T13:37:57.988011
Ben Arous,101549034,residential,,36.831513,10.2289506,2026-02-15T13:37:57.988011
Ben Arous,101549040,grass,,36.8306125,10.2260345,2026-02-15T13:37:57.988011
Ben Arous,101549044,residential,,36.832971,10.2282982,2026-02-15T13:37:57.988011
Ben Arous,101549067,grass,,36.8304518,10.2264807,2026-02-15T13:37:57.988011
Ben Arous,101549078,residential,,36.8312679,10.2290638,2026-02-15T13:37:57.988011
Ben Arous,101839600,brownfield,,36.8311001,10.2303886,2026-02-15T13:37:57.988011
Ben Arous,101839610,residential,,36.8322663,10.2298645,2026-02-15T13:37:57.988011
Ben Arous,101839613,residential,,36.8326569,10.2292108,2026-02-15T13:37:57.988011
Ben Arous,101839616,residential,,36.8336178,10.228586,2026-02-15T13:37:57.988011
Ben Arous,101839645,construction,,36.8318907,10.2298046,2026-02-15T13:37:57.988011
Ben Arous,101839665,residential,,36.8333422,10.2296973,2026-02-15T13:37:57.988011
Ben Arous,101839674,residential,,36.8333965,10.2286841,2026-02-15T13:37:57.988011
Ben Arous,101839677,residential,,36.8331703,10.2291209,2026-02-15T13:37:57.988011
Ben Arous,101839680,greenfield,,36.8316707,10.2323193,2026-02-15T13:37:57.988011
Ben Arous,101839682,brownfield,,36.8309039,10.2307803,2026-02-15T13:37:57.988011
Ben Arous,101839697,commercial,,36.831482,10.2303485,2026-02-15T13:37:57.988011
Ben Arous,101839701,residential,,36.8305682,10.2300978,2026-02-15T13:37:57.988011
Ben Arous,101839715,greenfield,,36.8323881,10.229166,2026-02-15T13:37:57.988011
Ben Arous,101839721,residential,,36.8339761,10.2287028,2026-02-15T13:37:57.988011
Ben Arous,101839747,residential,,36.832472,10.2294474,2026-02-15T13:37:57.988011
Ben Arous,101839755,residential,,36.8330737,10.2296497,2026-02-15T13:37:57.988011
Ben Arous,101839764,residential,,36.8335978,10.2289008,2026-02-15T13:37:57.988011
Ben Arous,101839769,residential,,36.8332604,10.2294228,2026-02-15T13:37:57.988011
Ben Arous,101839770,residential,,36.8307062,10.230568,2026-02-15T13:37:57.988011
Ben Arous,101839787,residential,,36.8314624,10.2297372,2026-02-15T13:37:57.988011
Ben Arous,101839811,residential,,36.8341248,10.2284336,2026-02-15T13:37:57.988011
Ben Arous,101839826,residential,,36.8338174,10.2292072,2026-02-15T13:37:57.988011
Ben Arous,101839970,residential,,36.8321787,10.229555,2026-02-15T13:37:57.988011
Ben Arous,101840087,residential,,36.8326423,10.2300184,2026-02-15T13:37:57.988011
Ben Arous,101840095,construction,,36.8307536,10.2325451,2026-02-15T13:37:57.988011
Ben Arous,101840207,residential,,36.8328227,10.2297666,2026-02-15T13:37:57.988011
Ben Arous,101840240,residential,,36.8335621,10.2292615,2026-02-15T13:37:57.988011
Ben Arous,101840283,residential,,36.833937,10.228858,2026-02-15T13:37:57.988011
Ben Arous,101840290,residential,,36.8321014,10.2292815,2026-02-15T13:37:57.988011
Ben Arous,101840331,residential,,36.8323439,10.2301388,2026-02-15T13:37:57.988011
Ben Arous,101840336,residential,,36.8325605,10.2297439,2026-02-15T13:37:57.988011
Ben Arous,101840337,residential,,36.8338606,10.2284783,2026-02-15T13:37:57.988011
Ben Arous,101840344,residential,,36.8330864,10.2288395,2026-02-15T13:37:57.988011
Ben Arous,101840350,residential,,36.8306893,10.2308787,2026-02-15T13:37:57.988011
Ben Arous,101840360,residential,,36.8329079,10.2290939,2026-02-15T13:37:57.988011
Ben Arous,101840375,commercial,,36.8301493,10.2324767,2026-02-15T13:37:57.988011
Ben Arous,101840403,residential,,36.8336878,10.2295951,2026-02-15T13:37:57.988011
Ben Arous,101948095,cemetery,مقبرة سيدي يحي,36.8164118,10.1573354,2026-02-15T13:37:57.988011
Ben Arous,101962528,residential,,36.8324894,10.2285038,2026-02-15T13:37:57.988011
Ben Arous,101962534,residential,,36.8322429,10.2286174,2026-02-15T13:37:57.988011
Ben Arous,102355433,farmland,السانية,36.7934822,10.1372282,2026-02-15T13:37:57.988011
Ben Arous,102634546,residential,,36.8321978,10.1953086,2026-02-15T13:37:57.988011
Ben Arous,102880759,industrial,Station d'épuration de Radès,36.7420985,10.2646159,2026-02-15T13:37:57.988011
Ben Arous,103130433,cemetery,,36.6990946,10.271544,2026-02-15T13:37:57.988011
Ben Arous,103130485,residential,زاوية مرناق,36.6974661,10.2759459,2026-02-15T13:37:57.988011
Ben Arous,103130486,cemetery,,36.6978636,10.2732131,2026-02-15T13:37:57.988011
Ben Arous,103202722,greenfield,,36.8350645,10.2278546,2026-02-15T13:37:57.988011
Ben Arous,103202723,residential,,36.8347423,10.2297381,2026-02-15T13:37:57.988011
Ben Arous,103202724,commercial,,36.8350613,10.2286345,2026-02-15T13:37:57.988011
Ben Arous,103202727,brownfield,,36.8352547,10.2285397,2026-02-15T13:37:57.988011
Ben Arous,103202734,residential,,36.8354172,10.2277212,2026-02-15T13:37:57.988011
Ben Arous,103202738,residential,,36.8344275,10.2295437,2026-02-15T13:37:57.988011
Ben Arous,103202747,commercial,,36.8353982,10.2294338,2026-02-15T13:37:57.988011
Ben Arous,103202770,brownfield,,36.8353214,10.2291618,2026-02-15T13:37:57.988011
Ben Arous,103202776,residential,,36.8349185,10.2282229,2026-02-15T13:37:57.988011
Ben Arous,103202779,commercial,,36.8358418,10.2292337,2026-02-15T13:37:57.988011
Ben Arous,103202795,residential,,36.8353873,10.2280276,2026-02-15T13:37:57.988011
Ben Arous,103202798,commercial,,36.8352348,10.2288564,2026-02-15T13:37:57.988011
Ben Arous,103202804,brownfield,,36.8357646,10.2289658,2026-02-15T13:37:57.988011
Ben Arous,103202805,greenfield,,36.8350466,10.2302098,2026-02-15T13:37:57.988011
Ben Arous,103202809,residential,,36.8347865,10.2290503,2026-02-15T13:37:57.988011
Ben Arous,103202817,residential,,36.8352049,10.2275718,2026-02-15T13:37:57.988011
Ben Arous,103202843,residential,,36.8345782,10.2291312,2026-02-15T13:37:57.988011
Ben Arous,103202845,residential,,36.8342947,10.229921,2026-02-15T13:37:57.988011
Ben Arous,103202860,greenfield,,36.8346807,10.2308908,2026-02-15T13:37:57.988011
Ben Arous,103202862,greenfield,,36.8351427,10.2281383,2026-02-15T13:37:57.988011
Ben Arous,103202863,greenfield,,36.8347545,10.2294113,2026-02-15T13:37:57.988011
Ben Arous,103202873,residential,,36.8347124,10.2287518,2026-02-15T13:37:57.988011
Ben Arous,103202875,brownfield,,36.8358779,10.2296788,2026-02-15T13:37:57.988011
Ben Arous,103202878,greenfield,,36.8349596,10.2296387,2026-02-15T13:37:57.988011
Ben Arous,103202886,residential,,36.8356102,10.2279268,2026-02-15T13:37:57.988011
Ben Arous,103202888,residential,,36.8345055,10.2298462,2026-02-15T13:37:57.988011
Ben Arous,103202893,brownfield,,36.8356001,10.2283859,2026-02-15T13:37:57.988011
Ben Arous,103202895,greenfield,,36.8351387,10.2307179,2026-02-15T13:37:57.988011
Ben Arous,103237746,industrial,المنطقة الصناعية المغيرة,36.7161095,10.1752889,2026-02-15T13:37:57.988011
Ben Arous,103237936,orchard,,36.7040724,10.1793447,2026-02-15T13:37:57.988011
Ben Arous,103296655,brownfield,,36.698149,10.1585302,2026-02-15T13:37:57.988011
Ben Arous,103296668,brownfield,,36.7061382,10.1612354,2026-02-15T13:37:57.988011
Ben Arous,103296767,brownfield,,36.7021858,10.1644323,2026-02-15T13:37:57.988011
Ben Arous,103296816,brownfield,,36.6940879,10.1622975,2026-02-15T13:37:57.988011
Ben Arous,103296931,brownfield,,36.6992989,10.1579995,2026-02-15T13:37:57.988011
Ben Arous,103297131,farmyard,,36.7117388,10.1533095,2026-02-15T13:37:57.988011
Ben Arous,103297180,brownfield,,36.707581,10.1597186,2026-02-15T13:37:57.988011
Ben Arous,103297286,farmland,,36.7119989,10.1576011,2026-02-15T13:37:57.988011
Ben Arous,103297608,farmyard,,36.7114876,10.1644578,2026-02-15T13:37:57.988011
Ben Arous,103297672,brownfield,,36.6970807,10.1570021,2026-02-15T13:37:57.988011
Ben Arous,103297738,brownfield,,36.6933909,10.1593485,2026-02-15T13:37:57.988011
Ben Arous,103297815,farmyard,,36.7153361,10.1570098,2026-02-15T13:37:57.988011
Ben Arous,103297834,farmyard,,36.7119992,10.1660699,2026-02-15T13:37:57.988011
Ben Arous,103297888,farmyard,,36.7083737,10.1557753,2026-02-15T13:37:57.988011
Ben Arous,103332053,grass,,36.8307995,10.2269379,2026-02-15T13:37:57.988011
Ben Arous,103332075,grass,,36.8302897,10.2268895,2026-02-15T13:37:57.988011
Ben Arous,103399514,industrial,الوكالة الوطنية للتبغ والوقيد,36.7799865,10.1803158,2026-02-15T13:37:57.988011
Ben Arous,103399528,industrial,,36.7793194,10.1779393,2026-02-15T13:37:57.988011
Ben Arous,103399731,industrial,,36.7830487,10.1795616,2026-02-15T13:37:57.988011
Ben Arous,103441873,brownfield,,36.7830082,10.2770743,2026-02-15T13:37:57.988011
Ben Arous,103441880,farmland,,36.7894498,10.2767866,2026-02-15T13:37:57.988011
Ben Arous,103441905,greenfield,,36.7824679,10.2811309,2026-02-15T13:37:57.988011
Ben Arous,103441937,industrial,,36.7933807,10.2802043,2026-02-15T13:37:57.988011
Ben Arous,103441974,greenfield,,36.7831515,10.2806653,2026-02-15T13:37:57.988011
Ben Arous,103442014,industrial,,36.7822161,10.2744411,2026-02-15T13:37:57.988011
Ben Arous,103442031,farmyard,,36.7901775,10.2767281,2026-02-15T13:37:57.988011
Ben Arous,103442067,residential,,36.7912484,10.279185,2026-02-15T13:37:57.988011
Ben Arous,103442071,greenfield,,36.7879595,10.278085,2026-02-15T13:37:57.988011
Ben Arous,103442074,greenfield,,36.7832734,10.2785859,2026-02-15T13:37:57.988011
Ben Arous,103442077,greenfield,,36.7911985,10.2774892,2026-02-15T13:37:57.988011
Ben Arous,103473740,meadow,,36.770261,10.2845802,2026-02-15T13:37:57.988011
Ben Arous,103473754,meadow,,36.7723163,10.2889919,2026-02-15T13:37:57.988011
Ben Arous,103473884,landfill,,36.7684199,10.2827525,2026-02-15T13:37:57.988011
Ben Arous,103473934,greenfield,,36.7819218,10.2762278,2026-02-15T13:37:57.988011
Ben Arous,103474036,meadow,,36.7866898,10.2841865,2026-02-15T13:37:57.988011
Ben Arous,103485269,grass,,36.7486027,10.2678895,2026-02-15T13:37:57.988011
Ben Arous,103485286,grass,,36.7478556,10.2656902,2026-02-15T13:37:57.988011
Ben Arous,103485367,grass,,36.7429768,10.2709965,2026-02-15T13:37:57.988011
Ben Arous,103485376,grass,,36.7437001,10.2737291,2026-02-15T13:37:57.988011
Ben Arous,103502992,greenfield,,36.7899676,10.2734861,2026-02-15T13:37:57.988011
Ben Arous,103510228,brownfield,,36.7680116,10.2614861,2026-02-15T13:37:57.988011
Ben Arous,103510248,brownfield,,36.7679598,10.261844,2026-02-15T13:37:57.988011
Ben Arous,103510278,industrial,,36.7684298,10.266953,2026-02-15T13:37:57.988011
Ben Arous,103510293,brownfield,,36.7937207,10.285415,2026-02-15T13:37:57.988011
Ben Arous,103510322,brownfield,,36.7708664,10.2665737,2026-02-15T13:37:57.988011
Ben Arous,103526757,cemetery,,36.7578196,10.2740281,2026-02-15T13:37:57.988011
Ben Arous,103526817,cemetery,,36.7598383,10.2766404,2026-02-15T13:37:57.988011
Ben Arous,103534466,farmyard,,36.7590531,10.2853425,2026-02-15T13:37:57.988011
Ben Arous,103534482,residential,,36.7645385,10.2871583,2026-02-15T13:37:57.988011
Ben Arous,103534484,greenfield,,36.7572031,10.2802337,2026-02-15T13:37:57.988011
Ben Arous,103534498,brownfield,,36.7661427,10.2817932,2026-02-15T13:37:57.988011
Ben Arous,103534504,brownfield,,36.7684274,10.281426,2026-02-15T13:37:57.988011
Ben Arous,103534520,meadow,,36.7651172,10.2940374,2026-02-15T13:37:57.988011
Ben Arous,103534521,farmland,,36.7662983,10.2883589,2026-02-15T13:37:57.988011
Ben Arous,103534532,greenfield,,36.7645183,10.2844643,2026-02-15T13:37:57.988011
Ben Arous,103534545,farmland,,36.7581918,10.2846358,2026-02-15T13:37:57.988011
Ben Arous,103565487,residential,,36.7640713,10.2478058,2026-02-15T13:37:57.988011
Ben Arous,103642455,brownfield,,36.7657585,10.2525907,2026-02-15T13:37:57.988011
Ben Arous,103825771,residential,باردو,36.8143334,10.1404042,2026-02-15T13:37:57.988011
Ben Arous,104146045,greenfield,,36.8070318,10.1462959,2026-02-15T13:37:57.988011
Ben Arous,104146060,village_green,,36.8101277,10.1533926,2026-02-15T13:37:57.988011
Ben Arous,104146062,greenfield,,36.8071545,10.1502219,2026-02-15T13:37:57.988011
Ben Arous,104343349,greenfield,,36.8256069,10.1742904,2026-02-15T13:37:57.988011
Ben Arous,104343358,village_green,,36.8273074,10.1722232,2026-02-15T13:37:57.988011
Ben Arous,104343377,greenfield,,36.8250929,10.174908,2026-02-15T13:37:57.988011
Ben Arous,104403211,farmyard,,36.7572524,10.3034657,2026-02-15T13:37:57.988011
Ben Arous,104403320,farmland,,36.7568033,10.2988194,2026-02-15T13:37:57.988011
Ben Arous,104403369,landfill,,36.7543394,10.3000599,2026-02-15T13:37:57.988011
Ben Arous,104403383,village_green,,36.7387339,10.3136246,2026-02-15T13:37:57.988011
Ben Arous,104403394,meadow,,36.7607505,10.2967512,2026-02-15T13:37:57.988011
Ben Arous,104403402,meadow,,36.7558755,10.3053575,2026-02-15T13:37:57.988011
Ben Arous,104403430,residential,,36.7548356,10.3060576,2026-02-15T13:37:57.988011
Ben Arous,104403435,meadow,,36.7539958,10.3056869,2026-02-15T13:37:57.988011
Ben Arous,104403442,village_green,,36.7398274,10.3143282,2026-02-15T13:37:57.988011
Ben Arous,104446974,orchard,,36.7503469,10.2867281,2026-02-15T13:37:57.988011
Ben Arous,104446980,brownfield,,36.7407796,10.2957454,2026-02-15T13:37:57.988011
Ben Arous,104446989,industrial,,36.7383691,10.293486,2026-02-15T13:37:57.988011
Ben Arous,104446992,greenfield,,36.7492805,10.2880117,2026-02-15T13:37:57.988011
Ben Arous,104446994,residential,,36.7388337,10.2916994,2026-02-15T13:37:57.988011
Ben Arous,104446999,village_green,,36.7386176,10.2963445,2026-02-15T13:37:57.988011
Ben Arous,104447000,brownfield,,36.7473116,10.2901818,2026-02-15T13:37:57.988011
Ben Arous,104447003,residential,,36.7385067,10.2947507,2026-02-15T13:37:57.988011
Ben Arous,104447011,brownfield,,36.736193,10.309838,2026-02-15T13:37:57.988011
Ben Arous,104447013,orchard,,36.7399638,10.2877105,2026-02-15T13:37:57.988011
Ben Arous,104447017,brownfield,,36.7407904,10.3004456,2026-02-15T13:37:57.988011
Ben Arous,104447021,residential,,36.7487768,10.2886164,2026-02-15T13:37:57.988011
Ben Arous,104447037,farmland,,36.7528355,10.2910603,2026-02-15T13:37:57.988011
Ben Arous,104447044,greenfield,,36.7398853,10.3244655,2026-02-15T13:37:57.988011
Ben Arous,104447048,industrial,,36.7370715,10.3064167,2026-02-15T13:37:57.988011
Ben Arous,104447073,farmyard,,36.7535835,10.2846745,2026-02-15T13:37:57.988011
Ben Arous,104447081,retail,,36.7384327,10.2973725,2026-02-15T13:37:57.988011
Ben Arous,104447087,meadow,,36.7521669,10.3043256,2026-02-15T13:37:57.988011
Ben Arous,104447111,farmyard,,36.7510763,10.2860261,2026-02-15T13:37:57.988011
Ben Arous,104447126,residential,,36.7385307,10.2958383,2026-02-15T13:37:57.988011
Ben Arous,104447131,industrial,,36.7358217,10.3113021,2026-02-15T13:37:57.988011
Ben Arous,104447157,orchard,,36.7514207,10.2854316,2026-02-15T13:37:57.988011
Ben Arous,104447162,brownfield,,36.7382048,10.29894,2026-02-15T13:37:57.988011
Ben Arous,104536560,greenfield,,36.8296868,10.1798554,2026-02-15T13:37:57.988011
Ben Arous,104536589,greenfield,,36.829707,10.1796761,2026-02-15T13:37:57.988011
Ben Arous,104536692,greenfield,,36.829861,10.1796148,2026-02-15T13:37:57.988011
Ben Arous,104575632,brownfield,,36.7359004,10.3138496,2026-02-15T13:37:57.988011
Ben Arous,104575644,farmland,,36.7460795,10.2804017,2026-02-15T13:37:57.988011
Ben Arous,104575671,brownfield,,36.7398712,10.2831271,2026-02-15T13:37:57.988011
Ben Arous,104575970,residential,,36.7418383,10.304295,2026-02-15T13:37:57.988011
Ben Arous,104575984,residential,,36.7527365,10.2807375,2026-02-15T13:37:57.988011
Ben Arous,104576090,industrial,,36.7458446,10.2876151,2026-02-15T13:37:57.988011
Ben Arous,104576107,grass,,36.7329429,10.3221885,2026-02-15T13:37:57.988011
Ben Arous,104576193,brownfield,,36.7414535,10.2838479,2026-02-15T13:37:57.988011
Ben Arous,104576274,orchard,,36.7490816,10.2845992,2026-02-15T13:37:57.988011
Ben Arous,104576299,meadow,,36.7499647,10.2827775,2026-02-15T13:37:57.988011
Ben Arous,104576384,grass,,36.7488309,10.2720212,2026-02-15T13:37:57.988011
Ben Arous,104576455,farmyard,,36.7475978,10.2869006,2026-02-15T13:37:57.988011
Ben Arous,104576597,residential,,36.7421775,10.2837786,2026-02-15T13:37:57.988011
Ben Arous,104576620,grass,,36.7328998,10.3229828,2026-02-15T13:37:57.988011
Ben Arous,104576657,farmyard,,36.7543687,10.281822,2026-02-15T13:37:57.988011
Ben Arous,104576732,farmyard,,36.749777,10.2855449,2026-02-15T13:37:57.988011
Ben Arous,105658675,commercial,الحي الإداري,36.8328989,10.1871614,2026-02-15T13:37:57.988011
Ben Arous,105658783,brownfield,,36.8331832,10.184872,2026-02-15T13:37:57.988011
Ben Arous,105658905,residential,,36.8327338,10.1893547,2026-02-15T13:37:57.988011
Ben Arous,105658987,village_green,,36.8328824,10.1833841,2026-02-15T13:37:57.988011
Ben Arous,105755323,grass,,36.8210518,10.1782384,2026-02-15T13:37:57.988011
Ben Arous,105755424,residential,,36.8289963,10.1728084,2026-02-15T13:37:57.988011
Ben Arous,106513433,residential,,36.7648682,10.2597821,2026-02-15T13:37:57.988011
Ben Arous,106513493,forest,,36.7656924,10.2591385,2026-02-15T13:37:57.988011
Ben Arous,106513603,residential,,36.7610015,10.2561935,2026-02-15T13:37:57.988011
Ben Arous,106513640,plant_nursery,,36.7539193,10.2650351,2026-02-15T13:37:57.988011
Ben Arous,106513660,greenfield,,36.7649972,10.2610546,2026-02-15T13:37:57.988011
Ben Arous,106513667,residential,,36.7657291,10.2626927,2026-02-15T13:37:57.988011
Ben Arous,106535208,village_green,,36.7590559,10.2716373,2026-02-15T13:37:57.988011
Ben Arous,106552105,brownfield,,36.755611,10.2485464,2026-02-15T13:37:57.988011
Ben Arous,106552115,residential,,36.7566137,10.2481143,2026-02-15T13:37:57.988011
Ben Arous,106552117,industrial,,36.7598512,10.250039,2026-02-15T13:37:57.988011
Ben Arous,106552160,residential,,36.7539788,10.2496734,2026-02-15T13:37:57.988011
Ben Arous,106552168,industrial,,36.7556093,10.2479153,2026-02-15T13:37:57.988011
Ben Arous,106552172,industrial,,36.7523294,10.2513131,2026-02-15T13:37:57.988011
Ben Arous,106552191,residential,,36.7495401,10.2560926,2026-02-15T13:37:57.988011
Ben Arous,106552200,industrial,,36.7496685,10.2597981,2026-02-15T13:37:57.988011
Ben Arous,106552226,village_green,,36.7475146,10.264788,2026-02-15T13:37:57.988011
Ben Arous,106552301,residential,,36.7587811,10.2487559,2026-02-15T13:37:57.988011
Ben Arous,106552322,industrial,,36.7512254,10.2524868,2026-02-15T13:37:57.988011
Ben Arous,106552324,commercial,,36.7584612,10.2492656,2026-02-15T13:37:57.988011
Ben Arous,106589030,industrial,,36.7579569,10.2473059,2026-02-15T13:37:57.988011
Ben Arous,106589213,greenfield,,36.7382406,10.2262004,2026-02-15T13:37:57.988011
Ben Arous,106589447,industrial,,36.7612256,10.248353,2026-02-15T13:37:57.988011
Ben Arous,106589575,industrial,,36.759944,10.246775,2026-02-15T13:37:57.988011
Ben Arous,106589584,residential,,36.7405824,10.2282669,2026-02-15T13:37:57.988011
Ben Arous,106589986,greenfield,,36.7352339,10.2282345,2026-02-15T13:37:57.988011
Ben Arous,106590141,residential,,36.7402579,10.2284362,2026-02-15T13:37:57.988011
Ben Arous,106590248,residential,المدينة الجديدة,36.7575302,10.2451271,2026-02-15T13:37:57.988011
Ben Arous,106590253,brownfield,,36.7375323,10.2224813,2026-02-15T13:37:57.988011
Ben Arous,106590260,residential,,36.7409852,10.2281982,2026-02-15T13:37:57.988011
Ben Arous,106590274,village_green,,36.7657048,10.2577939,2026-02-15T13:37:57.988011
Ben Arous,106590281,brownfield,,36.7360471,10.223368,2026-02-15T13:37:57.988011
Ben Arous,106590286,cemetery,Cimetière chrétien de Sidi Rézig,36.7607871,10.248856,2026-02-15T13:37:57.988011
Ben Arous,106590288,grass,,36.7645236,10.2554672,2026-02-15T13:37:57.988011
Ben Arous,106590289,greenfield,,36.7329456,10.2298358,2026-02-15T13:37:57.988011
Ben Arous,107423570,grass,,36.764431,10.244851,2026-02-15T13:37:57.988011
Ben Arous,107423593,industrial,,36.765119,10.2422376,2026-02-15T13:37:57.988011
Ben Arous,107423599,industrial,,36.7665352,10.2421529,2026-02-15T13:37:57.988011
Ben Arous,107423669,industrial,,36.7655583,10.2415197,2026-02-15T13:37:57.988011
Ben Arous,107423737,village_green,,36.7626773,10.2467423,2026-02-15T13:37:57.988011
Ben Arous,107423747,industrial,Clever Digital Technology,36.7662237,10.2419432,2026-02-15T13:37:57.988011
Ben Arous,107423763,greenfield,soroubat,36.7662596,10.2391989,2026-02-15T13:37:57.988011
Ben Arous,107423860,industrial,,36.7657289,10.2427828,2026-02-15T13:37:57.988011
Ben Arous,107424037,grass,,36.7667525,10.2431508,2026-02-15T13:37:57.988011
Ben Arous,107463978,industrial,,36.7679707,10.2306573,2026-02-15T13:37:57.988011
Ben Arous,107464049,industrial,,36.7668547,10.2298657,2026-02-15T13:37:57.988011
Ben Arous,107464077,industrial,,36.7632027,10.2356607,2026-02-15T13:37:57.988011
Ben Arous,107464186,industrial,,36.7672861,10.2297462,2026-02-15T13:37:57.988011
Ben Arous,107464205,industrial,سانوفي,36.7669807,10.2274991,2026-02-15T13:37:57.988011
Ben Arous,107626071,railway,,36.7703447,10.2316437,2026-02-15T13:37:57.988011
Ben Arous,107626139,greenfield,,36.7627763,10.2348832,2026-02-15T13:37:57.988011
Ben Arous,107626145,brownfield,,36.7755314,10.238742,2026-02-15T13:37:57.988011
Ben Arous,107626283,meadow,,36.7676426,10.2501367,2026-02-15T13:37:57.988011
Ben Arous,107626341,industrial,,36.7694478,10.2180378,2026-02-15T13:37:57.988011
Ben Arous,107626358,greenfield,,36.7706667,10.2402914,2026-02-15T13:37:57.988011
Ben Arous,107626470,industrial,,36.7673798,10.2090243,2026-02-15T13:37:57.988011
Ben Arous,107743055,brownfield,,36.7792193,10.2349536,2026-02-15T13:37:57.988011
Ben Arous,107769345,greenfield,,36.7780921,10.1911438,2026-02-15T13:37:57.988011
Ben Arous,107769358,quarry,,36.7734266,10.1946021,2026-02-15T13:37:57.988011
Ben Arous,107769376,greenfield,,36.7801074,10.1950074,2026-02-15T13:37:57.988011
Ben Arous,107769378,brownfield,,36.7686983,10.1956228,2026-02-15T13:37:57.988011
Ben Arous,107769397,residential,,36.7819009,10.1816857,2026-02-15T13:37:57.988011
Ben Arous,107769403,village_green,,36.7693826,10.1964764,2026-02-15T13:37:57.988011
Ben Arous,107769415,industrial,,36.7732738,10.1967434,2026-02-15T13:37:57.988011
Ben Arous,107769428,industrial,,36.7791594,10.1958291,2026-02-15T13:37:57.988011
Ben Arous,107769436,commercial,,36.7804692,10.1949919,2026-02-15T13:37:57.988011
Ben Arous,107769454,residential,,36.7766698,10.1887315,2026-02-15T13:37:57.988011
Ben Arous,107769463,brownfield,,36.7708839,10.1918874,2026-02-15T13:37:57.988011
Ben Arous,107769521,residential,,36.7807084,10.1825539,2026-02-15T13:37:57.988011
Ben Arous,107769532,greenfield,,36.7756472,10.193563,2026-02-15T13:37:57.988011
Ben Arous,107769539,brownfield,,36.7788527,10.1945109,2026-02-15T13:37:57.988011
Ben Arous,107769548,village_green,,36.7807545,10.182391,2026-02-15T13:37:57.988011
Ben Arous,107769561,grass,,36.7805802,10.1863945,2026-02-15T13:37:57.988011
Ben Arous,107769564,village_green,,36.7819557,10.185363,2026-02-15T13:37:57.988011
Ben Arous,107769587,residential,,36.7679678,10.1952901,2026-02-15T13:37:57.988011
Ben Arous,107769597,industrial,,36.7690615,10.1941643,2026-02-15T13:37:57.988011
Ben Arous,107769609,industrial,,36.7804876,10.1818984,2026-02-15T13:37:57.988011
Ben Arous,107769615,residential,,36.777959,10.1950467,2026-02-15T13:37:57.988011
Ben Arous,107769632,village_green,,36.7774953,10.1969756,2026-02-15T13:37:57.988011
Ben Arous,107769645,brownfield,,36.777455,10.1957567,2026-02-15T13:37:57.988011
Ben Arous,107808673,industrial,,36.7995225,10.1976503,2026-02-15T13:37:57.988011
Ben Arous,107858423,grass,,36.780722,10.198095,2026-02-15T13:37:57.988011
Ben Arous,107858747,grass,,36.7860653,10.1946089,2026-02-15T13:37:57.988011
Ben Arous,107911489,grass,,36.7854732,10.1943613,2026-02-15T13:37:57.988011
Ben Arous,107911499,brownfield,,36.7929685,10.1968164,2026-02-15T13:37:57.988011
Ben Arous,108689033,greenfield,,36.8271712,10.1891716,2026-02-15T13:37:57.988011
Ben Arous,108689078,village_green,,36.8265937,10.1918333,2026-02-15T13:37:57.988011
Ben Arous,108689102,brownfield,,36.8258412,10.1943153,2026-02-15T13:37:57.988011
Ben Arous,108689109,greenfield,,36.8237245,10.187768,2026-02-15T13:37:57.988011
Ben Arous,108689121,commercial,,36.8214633,10.1875796,2026-02-15T13:37:57.988011
Ben Arous,108689123,brownfield,,36.8291429,10.1890978,2026-02-15T13:37:57.988011
Ben Arous,108689125,greenfield,,36.8254767,10.1936871,2026-02-15T13:37:57.988011
Ben Arous,108689160,brownfield,,36.8171692,10.1900202,2026-02-15T13:37:57.988011
Ben Arous,108689192,retail,,36.8248003,10.194717,2026-02-15T13:37:57.988011
Ben Arous,108689195,commercial,,36.8259467,10.1938054,2026-02-15T13:37:57.988011
Ben Arous,108689197,brownfield,,36.8281584,10.1884479,2026-02-15T13:37:57.988011
Ben Arous,108689209,brownfield,,36.8265852,10.1937317,2026-02-15T13:37:57.988011
Ben Arous,108689236,retail,,36.8273416,10.1921214,2026-02-15T13:37:57.988011
Ben Arous,108689243,residential,,36.8286106,10.1901673,2026-02-15T13:37:57.988011
Ben Arous,108689245,industrial,,36.8263385,10.1897156,2026-02-15T13:37:57.988011
Ben Arous,108689267,retail,,36.8207392,10.1890245,2026-02-15T13:37:57.988011
Ben Arous,108689270,commercial,,36.8196895,10.1898507,2026-02-15T13:37:57.988011
Ben Arous,109431595,village_green,,36.8019966,10.1781163,2026-02-15T13:37:57.988011
Ben Arous,109431629,village_green,,36.8013746,10.1785667,2026-02-15T13:37:57.988011
Ben Arous,109431630,village_green,,36.7993145,10.1764008,2026-02-15T13:37:57.988011
Ben Arous,109431635,village_green,,36.7993645,10.1771583,2026-02-15T13:37:57.988011
Ben Arous,109431689,village_green,,36.8006949,10.178596,2026-02-15T13:37:57.988011
Ben Arous,109431714,village_green,,36.7994453,10.1780271,2026-02-15T13:37:57.988011
Ben Arous,109431722,village_green,ساحة العملة,36.8017921,10.1776429,2026-02-15T13:37:57.988011
Ben Arous,109431732,retail,,36.7979736,10.1772285,2026-02-15T13:37:57.988011
Ben Arous,109431759,village_green,,36.8020808,10.1787871,2026-02-15T13:37:57.988011
Ben Arous,109431781,village_green,,36.800593,10.1782592,2026-02-15T13:37:57.988011
Ben Arous,109431791,village_green,,36.8020646,10.1783711,2026-02-15T13:37:57.988011
Ben Arous,109465179,village_green,,36.7960148,10.1769865,2026-02-15T13:37:57.988011
Ben Arous,109465190,village_green,,36.7968536,10.17893,2026-02-15T13:37:57.988011
Ben Arous,109465207,village_green,,36.7948631,10.1760242,2026-02-15T13:37:57.988011
Ben Arous,109465221,village_green,,36.7967701,10.1795333,2026-02-15T13:37:57.988011
Ben Arous,109586036,village_green,,36.7943423,10.1694589,2026-02-15T13:37:57.988011
Ben Arous,109586074,residential,,36.7926501,10.1785629,2026-02-15T13:37:57.988011
Ben Arous,109586085,village_green,,36.7938409,10.1782019,2026-02-15T13:37:57.988011
Ben Arous,109586134,village_green,,36.7917017,10.1774352,2026-02-15T13:37:57.988011
Ben Arous,109586151,railway,,36.7905783,10.1786103,2026-02-15T13:37:57.988011
Ben Arous,109586177,village_green,,36.7906892,10.1798998,2026-02-15T13:37:57.988011
Ben Arous,109817880,village_green,,36.785743,10.1728018,2026-02-15T13:37:57.988011
Ben Arous,109818068,village_green,,36.7883552,10.1783504,2026-02-15T13:37:57.988011
Ben Arous,109942130,residential,,36.7905922,10.1716831,2026-02-15T13:37:57.988011
Ben Arous,110150540,grass,,36.8080135,10.1596803,2026-02-15T13:37:57.988011
Ben Arous,110150552,brownfield,,36.8040048,10.1636555,2026-02-15T13:37:57.988011
Ben Arous,110150720,brownfield,,36.8124228,10.1740173,2026-02-15T13:37:57.988011
Ben Arous,110150797,greenfield,,36.8105293,10.1754181,2026-02-15T13:37:57.988011
Ben Arous,110347301,brownfield,,36.813969,10.1834733,2026-02-15T13:37:57.988011
Ben Arous,110347311,commercial,,36.8146186,10.1833678,2026-02-15T13:37:57.988011
Ben Arous,110347326,industrial,,36.8079962,10.1837465,2026-02-15T13:37:57.988011
Ben Arous,110347423,village_green,,36.8221061,10.1792986,2026-02-15T13:37:57.988011
Ben Arous,110404099,military,,36.8154805,10.1563846,2026-02-15T13:37:57.988011
Ben Arous,110471835,brownfield,,36.8210288,10.1936715,2026-02-15T13:37:57.988011
Ben Arous,110471838,brownfield,,36.8219024,10.1930556,2026-02-15T13:37:57.988011
Ben Arous,110471853,brownfield,,36.8207434,10.1905634,2026-02-15T13:37:57.988011
Ben Arous,110471876,brownfield,,36.8216462,10.1918275,2026-02-15T13:37:57.988011
Ben Arous,110471898,cemetery,مقبرة بورجل,36.8241509,10.1909993,2026-02-15T13:37:57.988011
Ben Arous,110471904,cemetery,المقبرة المسيحية,36.8244197,10.1916278,2026-02-15T13:37:57.988011
Ben Arous,110472016,brownfield,,36.8120049,10.1928375,2026-02-15T13:37:57.988011
Ben Arous,110472017,brownfield,,36.8245283,10.2072557,2026-02-15T13:37:57.988011
Ben Arous,110473177,grass,,36.8140582,10.1902624,2026-02-15T13:37:57.988011
Ben Arous,110473181,village_green,,36.8157689,10.1896018,2026-02-15T13:37:57.988011
Ben Arous,110473183,village_green,,36.8147311,10.1884714,2026-02-15T13:37:57.988011
Ben Arous,110538679,industrial,الشركة التونسية للكهرباء والغاز,36.8136475,10.1643648,2026-02-15T13:37:57.988011
Ben Arous,110538707,industrial,,36.8149165,10.1704912,2026-02-15T13:37:57.988011
Ben Arous,110538907,village_green,,36.8157825,10.1716221,2026-02-15T13:37:57.988011
Ben Arous,110581782,brownfield,,36.8207032,10.15226,2026-02-15T13:37:57.988011
Ben Arous,110606073,military,مستشفى عسكري سابق,36.8185925,10.1634886,2026-02-15T13:37:57.988011
Ben Arous,110606142,village_green,,36.8177568,10.1656399,2026-02-15T13:37:57.988011
Ben Arous,110606164,brownfield,,36.8209059,10.1609203,2026-02-15T13:37:57.988011
Ben Arous,110606196,brownfield,,36.821548,10.1578523,2026-02-15T13:37:57.988011
Ben Arous,110606230,brownfield,,36.8197653,10.1601157,2026-02-15T13:37:57.988011
Ben Arous,111040340,village_green,,36.8347583,10.1972577,2026-02-15T13:37:57.988011
Ben Arous,111040364,village_green,,36.8310992,10.1918117,2026-02-15T13:37:57.988011
Ben Arous,111040389,village_green,,36.8319058,10.1946384,2026-02-15T13:37:57.988011
Ben Arous,111045290,village_green,,36.8261211,10.2003401,2026-02-15T13:37:57.988011
Ben Arous,111048723,village_green,,36.8327568,10.1968152,2026-02-15T13:37:57.988011
Ben Arous,111048724,industrial,,36.828769,10.1935999,2026-02-15T13:37:57.988011
Ben Arous,111048751,village_green,,36.8284349,10.1953817,2026-02-15T13:37:57.988011
Ben Arous,111048759,brownfield,,36.8280417,10.1933886,2026-02-15T13:37:57.988011
Ben Arous,111048762,brownfield,,36.8268802,10.1953922,2026-02-15T13:37:57.988011
Ben Arous,111048771,village_green,,36.8324441,10.198535,2026-02-15T13:37:57.988011
Ben Arous,111048776,brownfield,,36.8265718,10.1946333,2026-02-15T13:37:57.988011
Ben Arous,111048777,village_green,,36.82831,10.1967747,2026-02-15T13:37:57.988011
Ben Arous,111048793,village_green,,36.8321455,10.197412,2026-02-15T13:37:57.988011
Ben Arous,116887834,residential,,36.7262544,10.348877,2026-02-15T13:37:57.988011
Ben Arous,117017482,railway,,36.7326685,10.3348498,2026-02-15T13:37:57.988011
Ben Arous,117017528,quarry,,36.7291368,10.3235497,2026-02-15T13:37:57.988011
Ben Arous,117017538,cemetery,,36.7294567,10.3249446,2026-02-15T13:37:57.988011
Ben Arous,117147277,grass,,36.8344703,10.2136351,2026-02-15T13:37:57.988011
Ben Arous,121395279,industrial,,36.7738892,10.217642,2026-02-15T13:37:57.988011
Ben Arous,121395282,greenfield,,36.767726,10.2438637,2026-02-15T13:37:57.988011
Ben Arous,121395283,greenfield,,36.7682415,10.2423059,2026-02-15T13:37:57.988011
Ben Arous,121395289,residential,,36.7768052,10.2347555,2026-02-15T13:37:57.988011
Ben Arous,123224393,residential,,36.7457038,10.2132581,2026-02-15T13:37:57.988011
Ben Arous,124689902,residential,,36.7676997,10.2248948,2026-02-15T13:37:57.988011
Ben Arous,126509229,construction,,36.7765447,10.2325171,2026-02-15T13:37:57.988011
Ben Arous,129465722,orchard,,36.6923648,10.1323389,2026-02-15T13:37:57.988011
Ben Arous,129465892,orchard,,36.6816855,10.1393426,2026-02-15T13:37:57.988011
Ben Arous,129465893,orchard,,36.6842174,10.1404102,2026-02-15T13:37:57.988011
Ben Arous,129466626,orchard,,36.6858951,10.1447369,2026-02-15T13:37:57.988011
Ben Arous,129466630,orchard,,36.6839335,10.1431108,2026-02-15T13:37:57.988011
Ben Arous,129466632,orchard,,36.6845046,10.1496584,2026-02-15T13:37:57.988011
Ben Arous,129470137,orchard,,36.6763337,10.1712687,2026-02-15T13:37:57.988011
Ben Arous,129470974,farmland,,36.6944769,10.186096,2026-02-15T13:37:57.988011
Ben Arous,129470977,farmland,,36.6959417,10.193108,2026-02-15T13:37:57.988011
Ben Arous,129470978,orchard,,36.698206,10.1745067,2026-02-15T13:37:57.988011
Ben Arous,129470979,orchard,,36.6880848,10.1733155,2026-02-15T13:37:57.988011
Ben Arous,129470981,farmland,,36.683357,10.1754047,2026-02-15T13:37:57.988011
Ben Arous,129470982,orchard,,36.6835796,10.167578,2026-02-15T13:37:57.988011
Ben Arous,129470983,orchard,,36.6858521,10.173294,2026-02-15T13:37:57.988011
Ben Arous,129470986,farmland,,36.6837917,10.1726193,2026-02-15T13:37:57.988011
Ben Arous,129470987,orchard,,36.6822686,10.1681389,2026-02-15T13:37:57.988011
Ben Arous,129470989,farmland,,36.6949932,10.1882542,2026-02-15T13:37:57.988011
Ben Arous,129470993,farmland,,36.6875416,10.1750779,2026-02-15T13:37:57.988011
Ben Arous,129470995,orchard,,36.6816878,10.1703865,2026-02-15T13:37:57.988011
Ben Arous,129470998,farmland,,36.6906124,10.1712459,2026-02-15T13:37:57.988011
Ben Arous,129471002,farmland,,36.6897466,10.1724338,2026-02-15T13:37:57.988011
Ben Arous,129471004,farmland,,36.686949,10.1688709,2026-02-15T13:37:57.988011
Ben Arous,129471008,orchard,,36.6813953,10.1693805,2026-02-15T13:37:57.988011
Ben Arous,129471011,orchard,,36.684953,10.2046193,2026-02-15T13:37:57.988011
Ben Arous,129471014,orchard,,36.6807113,10.1681681,2026-02-15T13:37:57.988011
Ben Arous,129471015,orchard,,36.6793732,10.1736534,2026-02-15T13:37:57.988011
Ben Arous,129471018,orchard,,36.6866952,10.2087367,2026-02-15T13:37:57.988011
Ben Arous,129471021,orchard,,36.6939555,10.1898225,2026-02-15T13:37:57.988011
Ben Arous,129471026,orchard,,36.6885149,10.196122,2026-02-15T13:37:57.988011
Ben Arous,129471032,farmland,,36.6914982,10.1735463,2026-02-15T13:37:57.988011
Ben Arous,129471034,orchard,,36.6846433,10.1995505,2026-02-15T13:37:57.988011
Ben Arous,129471501,orchard,,36.6865531,10.2179552,2026-02-15T13:37:57.988011
Ben Arous,129471502,orchard,,36.6870598,10.211081,2026-02-15T13:37:57.988011
Ben Arous,129471503,orchard,,36.6767416,10.2136208,2026-02-15T13:37:57.988011
Ben Arous,129471504,orchard,,36.6829569,10.2148468,2026-02-15T13:37:57.988011
Ben Arous,129471505,orchard,,36.6788312,10.212462,2026-02-15T13:37:57.988011
Ben Arous,129471506,orchard,,36.6774889,10.2117808,2026-02-15T13:37:57.988011
Ben Arous,129471508,orchard,,36.6803885,10.2154745,2026-02-15T13:37:57.988011
Ben Arous,129471510,orchard,,36.6801606,10.2141841,2026-02-15T13:37:57.988011
Ben Arous,129471511,orchard,,36.6775104,10.2146967,2026-02-15T13:37:57.988011
Ben Arous,129471512,orchard,,36.6764047,10.2177353,2026-02-15T13:37:57.988011
Ben Arous,129471513,orchard,,36.6791883,10.2211714,2026-02-15T13:37:57.988011
Ben Arous,129471514,orchard,,36.6793001,10.2198464,2026-02-15T13:37:57.988011
Ben Arous,129471515,orchard,,36.6838335,10.2108313,2026-02-15T13:37:57.988011
Ben Arous,129471516,orchard,,36.6762282,10.2209593,2026-02-15T13:37:57.988011
Ben Arous,129472691,orchard,,36.6775833,10.2285606,2026-02-15T13:37:57.988011
Ben Arous,129472695,orchard,,36.6822772,10.2215547,2026-02-15T13:37:57.988011
Ben Arous,129472697,orchard,,36.6573299,10.2325787,2026-02-15T13:37:57.988011
Ben Arous,129472700,orchard,,36.6581732,10.2285958,2026-02-15T13:37:57.988011
Ben Arous,129472702,orchard,,36.6841863,10.2231802,2026-02-15T13:37:57.988011
Ben Arous,129472703,orchard,,36.6854177,10.2333028,2026-02-15T13:37:57.988011
Ben Arous,129472705,orchard,,36.6806381,10.2223916,2026-02-15T13:37:57.988011
Ben Arous,129472708,orchard,,36.6619085,10.2307601,2026-02-15T13:37:57.988011
Ben Arous,129472709,orchard,,36.6767704,10.2250285,2026-02-15T13:37:57.988011
Ben Arous,129472710,orchard,,36.6869609,10.2272142,2026-02-15T13:37:57.988011
Ben Arous,129472712,orchard,,36.6728423,10.2278955,2026-02-15T13:37:57.988011
Ben Arous,129472715,orchard,,36.6702139,10.2289845,2026-02-15T13:37:57.988011
Ben Arous,129472718,orchard,,36.6745317,10.2254708,2026-02-15T13:37:57.988011
Ben Arous,129472720,orchard,,36.6756647,10.2245481,2026-02-15T13:37:57.988011
Ben Arous,129497196,orchard,,36.6970727,10.1245556,2026-02-15T13:37:57.988011
Ben Arous,129497198,orchard,,36.7042834,10.1208345,2026-02-15T13:37:57.988011
Ben Arous,129497232,orchard,,36.7088569,10.1189785,2026-02-15T13:37:57.988011
Ben Arous,129497886,orchard,,36.7195646,10.1156667,2026-02-15T13:37:57.988011
Ben Arous,129497893,orchard,,36.7159397,10.113893,2026-02-15T13:37:57.988011
Ben Arous,129497895,orchard,,36.7133015,10.1190248,2026-02-15T13:37:57.988011
Ben Arous,129497901,orchard,,36.7140777,10.1131205,2026-02-15T13:37:57.988011
Ben Arous,129497907,orchard,,36.7234216,10.114247,2026-02-15T13:37:57.988011
Ben Arous,129497913,orchard,,36.7133402,10.1163802,2026-02-15T13:37:57.988011
Ben Arous,129497920,orchard,,36.7188487,10.11255,2026-02-15T13:37:57.988011
Ben Arous,129733623,orchard,,36.6732767,10.2259053,2026-02-15T13:37:57.988011
Ben Arous,131009465,greenfield,ساحة الطاهر حداد,36.8350584,10.2388751,2026-02-15T13:37:57.988011
Ben Arous,138398718,residential,ضفاف البحيرة,36.8351771,10.2327363,2026-02-15T13:37:57.988011
Ben Arous,138464527,village_green,,36.8332915,10.2424417,2026-02-15T13:37:57.988011
Ben Arous,138715869,brownfield,,36.8159128,10.1847793,2026-02-15T13:37:57.988011
Ben Arous,138715870,brownfield,,36.816582,10.197484,2026-02-15T13:37:57.988011
Ben Arous,138715871,brownfield,,36.8110622,10.1841438,2026-02-15T13:37:57.988011
Ben Arous,144711544,orchard,,36.7440778,10.1243167,2026-02-15T13:37:57.988011
Ben Arous,144711545,orchard,,36.744476,10.1331652,2026-02-15T13:37:57.988011
Ben Arous,144711546,orchard,,36.7380674,10.1280746,2026-02-15T13:37:57.988011
Ben Arous,144711547,orchard,,36.7360652,10.1301237,2026-02-15T13:37:57.988011
Ben Arous,144711548,orchard,,36.7339511,10.1320281,2026-02-15T13:37:57.988011
Ben Arous,144711549,orchard,,36.7384887,10.1313254,2026-02-15T13:37:57.988011
Ben Arous,144711550,orchard,,36.7350929,10.1237583,2026-02-15T13:37:57.988011
Ben Arous,144711551,farmland,,36.7282276,10.1368775,2026-02-15T13:37:57.988011
Ben Arous,144711552,orchard,,36.7352741,10.1348733,2026-02-15T13:37:57.988011
Ben Arous,144711553,orchard,,36.7459092,10.1316,2026-02-15T13:37:57.988011
Ben Arous,144711554,orchard,,36.7400285,10.1248558,2026-02-15T13:37:57.988011
Ben Arous,144712448,forest,,36.7881815,10.1316155,2026-02-15T13:37:57.988011
Ben Arous,144712449,forest,,36.7890617,10.1336085,2026-02-15T13:37:57.988011
Ben Arous,144712451,forest,,36.7918454,10.1424596,2026-02-15T13:37:57.988011
Ben Arous,144715807,industrial,,36.781744,10.1177464,2026-02-15T13:37:57.988011
Ben Arous,144715819,industrial,,36.7775517,10.1150368,2026-02-15T13:37:57.988011
Ben Arous,144717441,industrial,,36.7583364,10.1166086,2026-02-15T13:37:57.988011
Ben Arous,144717445,orchard,,36.7525089,10.1231827,2026-02-15T13:37:57.988011
Ben Arous,144717448,orchard,,36.7419408,10.1196931,2026-02-15T13:37:57.988011
Ben Arous,144717475,orchard,,36.7513135,10.128979,2026-02-15T13:37:57.988011
Ben Arous,144717479,orchard,,36.7450755,10.1241712,2026-02-15T13:37:57.988011
Ben Arous,144717480,orchard,,36.7649312,10.1149096,2026-02-15T13:37:57.988011
Ben Arous,144717481,orchard,,36.7506623,10.1247357,2026-02-15T13:37:57.988011
Ben Arous,144717483,industrial,,36.7619013,10.1173435,2026-02-15T13:37:57.989087
Ben Arous,144717489,orchard,,36.7452299,10.132363,2026-02-15T13:37:57.989087
Ben Arous,144717492,orchard,,36.746609,10.1240437,2026-02-15T13:37:57.989087
Ben Arous,144718364,farmland,,36.7314368,10.1572138,2026-02-15T13:37:57.989087
Ben Arous,144718366,farmland,,36.7302239,10.1605537,2026-02-15T13:37:57.989087
Ben Arous,144718367,farmland,,36.7298392,10.1520483,2026-02-15T13:37:57.989087
Ben Arous,144718369,farmland,,36.7289191,10.1547574,2026-02-15T13:37:57.989087
Ben Arous,144718373,farmland,,36.7305701,10.1496011,2026-02-15T13:37:57.989087
Ben Arous,144719897,orchard,,36.7104779,10.1370435,2026-02-15T13:37:57.989087
Ben Arous,144719899,orchard,,36.7152168,10.1208215,2026-02-15T13:37:57.989087
Ben Arous,144719900,orchard,,36.714232,10.1289327,2026-02-15T13:37:57.989087
Ben Arous,144719902,orchard,,36.7099559,10.1291258,2026-02-15T13:37:57.989087
Ben Arous,144719903,orchard,,36.7119516,10.1328753,2026-02-15T13:37:57.989087
Ben Arous,144719904,orchard,,36.7125851,10.1199205,2026-02-15T13:37:57.989087
Ben Arous,144719907,orchard,,36.7089098,10.1361103,2026-02-15T13:37:57.989087
Ben Arous,144876906,industrial,,36.7381793,10.1153323,2026-02-15T13:37:57.989087
Ben Arous,144876909,industrial,,36.7342276,10.1103737,2026-02-15T13:37:57.989087
Ben Arous,144876911,orchard,,36.7379201,10.1181881,2026-02-15T13:37:57.989087
Ben Arous,144876923,residential,,36.7364194,10.1157902,2026-02-15T13:37:57.989087
Ben Arous,144876927,industrial,,36.7384157,10.1194629,2026-02-15T13:37:57.989087
Ben Arous,144876928,orchard,,36.7392782,10.1205232,2026-02-15T13:37:57.989087
Ben Arous,144876930,residential,,36.7398758,10.1205565,2026-02-15T13:37:57.989087
Ben Arous,144876934,residential,,36.7329952,10.1213171,2026-02-15T13:37:57.989087
Ben Arous,144876939,residential,,36.7386522,10.1186333,2026-02-15T13:37:57.989087
Ben Arous,145260144,orchard,,36.7333598,10.1081567,2026-02-15T13:37:57.989087
Ben Arous,145260153,orchard,,36.7303762,10.1061319,2026-02-15T13:37:57.989087
Ben Arous,147551200,greenfield,,36.8335593,10.1881885,2026-02-15T13:37:57.989087
Ben Arous,147551213,brownfield,,36.8340124,10.189182,2026-02-15T13:37:57.989087
Ben Arous,147551218,village_green,2 Mars 1934,36.7324554,10.2000282,2026-02-15T13:37:57.989087
Ben Arous,148621106,commercial,,36.8268787,10.1792977,2026-02-15T13:37:57.989087
Ben Arous,152181988,grass,,36.8147007,10.2885111,2026-02-15T13:37:57.989087
Ben Arous,152181993,village_green,,36.8140069,10.2892801,2026-02-15T13:37:57.989087
Ben Arous,152205551,village_green,,36.8018409,10.2787006,2026-02-15T13:37:57.989087
Ben Arous,152205553,village_green,,36.796936,10.2795892,2026-02-15T13:37:57.989087
Ben Arous,152205554,village_green,,36.8005955,10.2787089,2026-02-15T13:37:57.989087
Ben Arous,152205555,village_green,,36.7906767,10.2758301,2026-02-15T13:37:57.989087
Ben Arous,152205556,village_green,,36.8096351,10.2648055,2026-02-15T13:37:57.989087
Ben Arous,154132471,brownfield,,36.77226,10.2817321,2026-02-15T13:37:57.989087
Ben Arous,154804851,industrial,,36.7740569,10.2007213,2026-02-15T13:37:57.989087
Ben Arous,154804852,grass,,36.8036298,10.1890443,2026-02-15T13:37:57.989087
Ben Arous,154804854,residential,,36.7651308,10.2039543,2026-02-15T13:37:57.989087
Ben Arous,154804856,brownfield,,36.7646453,10.1996123,2026-02-15T13:37:57.989087
Ben Arous,156267489,residential,,36.7233278,10.1309393,2026-02-15T13:37:57.989087
Ben Arous,156267491,residential,,36.7102873,10.1443718,2026-02-15T13:37:57.989087
Ben Arous,156267492,orchard,,36.7185954,10.1349465,2026-02-15T13:37:57.989087
Ben Arous,156267493,orchard,,36.7204444,10.135483,2026-02-15T13:37:57.989087
Ben Arous,156267495,orchard,,36.7193522,10.1320176,2026-02-15T13:37:57.989087
Ben Arous,156267502,orchard,,36.7180708,10.1328812,2026-02-15T13:37:57.989087
Ben Arous,156267504,orchard,,36.7252599,10.130134,2026-02-15T13:37:57.989087
Ben Arous,156267512,orchard,,36.7117323,10.1465117,2026-02-15T13:37:57.989087
Ben Arous,156267513,orchard,,36.7268463,10.1275061,2026-02-15T13:37:57.989087
Ben Arous,156267520,industrial,,36.7292175,10.1232301,2026-02-15T13:37:57.989087
Ben Arous,156267521,orchard,,36.7074,10.1392005,2026-02-15T13:37:57.989087
Ben Arous,156267522,farmland,,36.7148886,10.1407342,2026-02-15T13:37:57.989087
Ben Arous,156267523,residential,,36.72671,10.1242386,2026-02-15T13:37:57.989087
Ben Arous,156267524,orchard,,36.7104146,10.1487223,2026-02-15T13:37:57.989087
Ben Arous,156267525,orchard,,36.7084166,10.1432613,2026-02-15T13:37:57.989087
Ben Arous,156267528,residential,,36.7112335,10.1434223,2026-02-15T13:37:57.989087
Ben Arous,156267529,industrial,,36.7279341,10.1287694,2026-02-15T13:37:57.989087
Ben Arous,156267533,orchard,,36.7104808,10.1410352,2026-02-15T13:37:57.989087
Ben Arous,156267535,orchard,,36.7182987,10.1370708,2026-02-15T13:37:57.989087
Ben Arous,156267538,orchard,,36.7181224,10.135998,2026-02-15T13:37:57.989087
Ben Arous,156267539,orchard,,36.7148543,10.1360081,2026-02-15T13:37:57.989087
Ben Arous,156267546,industrial,,36.7216552,10.1339219,2026-02-15T13:37:57.989087
Ben Arous,156268099,residential,,36.7310864,10.1240088,2026-02-15T13:37:57.989087
Ben Arous,156268111,orchard,,36.7308454,10.1243478,2026-02-15T13:37:57.989087
Ben Arous,156268124,orchard,,36.7311787,10.1235914,2026-02-15T13:37:57.989087
Ben Arous,156268127,residential,,36.7321045,10.1272427,2026-02-15T13:37:57.989087
Ben Arous,156268315,orchard,,36.7287854,10.1238526,2026-02-15T13:37:57.989087
Ben Arous,156268316,orchard,,36.7226846,10.1220242,2026-02-15T13:37:57.989087
Ben Arous,156268317,orchard,,36.7299204,10.1275007,2026-02-15T13:37:57.989087
Ben Arous,156268318,orchard,,36.7231347,10.1247007,2026-02-15T13:37:57.989087
Ben Arous,156268319,orchard,,36.7232247,10.1183916,2026-02-15T13:37:57.989087
Ben Arous,156292608,forest,غابة السيجومي,36.7564032,10.1762264,2026-02-15T13:37:57.989087
Ben Arous,156292609,industrial,,36.763839,10.1829718,2026-02-15T13:37:57.989087
Ben Arous,156292947,industrial,,36.7729989,10.1790155,2026-02-15T13:37:57.989087
Ben Arous,156293171,residential,,36.771239,10.1777846,2026-02-15T13:37:57.989087
Ben Arous,156546427,orchard,,36.7396875,10.1278336,2026-02-15T13:37:57.989087
Ben Arous,156546433,orchard,,36.7374708,10.1261062,2026-02-15T13:37:57.989087
Ben Arous,156704420,farmland,,36.7218373,10.1538092,2026-02-15T13:37:57.989087
Ben Arous,156704421,orchard,,36.7209967,10.1584601,2026-02-15T13:37:57.989087
Ben Arous,156704425,farmland,,36.7218201,10.1572811,2026-02-15T13:37:57.989087
Ben Arous,156704429,orchard,,36.7201474,10.1541888,2026-02-15T13:37:57.989087
Ben Arous,156704430,farmland,,36.7160322,10.151678,2026-02-15T13:37:57.989087
Ben Arous,156704431,farmland,,36.7191541,10.1532593,2026-02-15T13:37:57.989087
Ben Arous,156704432,farmland,,36.7198357,10.1469695,2026-02-15T13:37:57.989087
Ben Arous,156704434,farmland,,36.7185242,10.145284,2026-02-15T13:37:57.989087
Ben Arous,156704436,farmland,,36.7179566,10.1514651,2026-02-15T13:37:57.989087
Ben Arous,156704437,farmland,,36.7253306,10.1502873,2026-02-15T13:37:57.989087
Ben Arous,156705788,farmland,,36.7292021,10.1480503,2026-02-15T13:37:57.989087
Ben Arous,156705791,farmland,,36.7306295,10.1462172,2026-02-15T13:37:57.989087
Ben Arous,156705795,farmland,,36.7260981,10.1522683,2026-02-15T13:37:57.989087
Ben Arous,156705797,farmland,,36.7259804,10.147234,2026-02-15T13:37:57.989087
Ben Arous,156705799,farmland,,36.7269837,10.1429825,2026-02-15T13:37:57.989087
Ben Arous,156705800,farmland,,36.7282479,10.1404239,2026-02-15T13:37:57.989087
Ben Arous,156705802,farmland,,36.7313045,10.1412823,2026-02-15T13:37:57.989087
Ben Arous,156708220,farmland,,36.7172062,10.1430724,2026-02-15T13:37:57.989087
Ben Arous,156708227,farmland,,36.7194142,10.1407039,2026-02-15T13:37:57.989087
Ben Arous,156708231,farmland,,36.7228001,10.1383693,2026-02-15T13:37:57.989087
Ben Arous,156708238,farmland,,36.7236429,10.1337292,2026-02-15T13:37:57.989087
Ben Arous,156708243,orchard,,36.7276414,10.1316998,2026-02-15T13:37:57.989087
Ben Arous,156710741,orchard,,36.7150478,10.1215877,2026-02-15T13:37:57.989087
Ben Arous,156714562,residential,,36.7460054,10.117347,2026-02-15T13:37:57.989087
Ben Arous,156723991,orchard,,36.7510793,10.1185594,2026-02-15T13:37:57.989087
Ben Arous,156723994,orchard,,36.7529273,10.1136985,2026-02-15T13:37:57.989087
Ben Arous,157559647,orchard,,36.7431165,10.2609895,2026-02-15T13:37:57.989087
Ben Arous,157559675,orchard,,36.7419149,10.2629072,2026-02-15T13:37:57.989087
Ben Arous,158066919,farmland,,36.7231384,10.1626062,2026-02-15T13:37:57.989087
Ben Arous,158066927,farmland,,36.7276572,10.1630397,2026-02-15T13:37:57.989087
Ben Arous,158066930,farmland,,36.7316789,10.1378966,2026-02-15T13:37:57.989087
Ben Arous,158066933,farmland,,36.7283475,10.153988,2026-02-15T13:37:57.989087
Ben Arous,158066934,farmland,,36.7297485,10.1624873,2026-02-15T13:37:57.989087
Ben Arous,158066936,farmland,,36.7321002,10.1505948,2026-02-15T13:37:57.989087
Ben Arous,158066937,farmland,,36.7316196,10.1348556,2026-02-15T13:37:57.989087
Ben Arous,158066942,industrial,,36.7367188,10.1247088,2026-02-15T13:37:57.989087
Ben Arous,158066943,orchard,,36.7325723,10.1326066,2026-02-15T13:37:57.989087
Ben Arous,158066944,orchard,,36.732659,10.1300544,2026-02-15T13:37:57.989087
Ben Arous,158066945,farmland,,36.7245927,10.1564779,2026-02-15T13:37:57.989087
Ben Arous,158066946,farmland,,36.7302472,10.1530952,2026-02-15T13:37:57.989087
Ben Arous,158069331,orchard,,36.7336695,10.1189986,2026-02-15T13:37:57.989087
Ben Arous,158069338,residential,,36.7602785,10.1104633,2026-02-15T13:37:57.989087
Ben Arous,158069343,orchard,,36.7357111,10.1133651,2026-02-15T13:37:57.989087
Ben Arous,158069358,orchard,,36.7314874,10.1148404,2026-02-15T13:37:57.989087
Ben Arous,158069362,orchard,,36.7286626,10.1201029,2026-02-15T13:37:57.989087
Ben Arous,158069366,orchard,,36.7319497,10.1181234,2026-02-15T13:37:57.989087
Ben Arous,158069381,orchard,,36.7338047,10.1122663,2026-02-15T13:37:57.989087
Ben Arous,158069382,orchard,,36.7372587,10.1200116,2026-02-15T13:37:57.989087
Ben Arous,158069385,orchard,,36.7351043,10.1141661,2026-02-15T13:37:57.989087
Ben Arous,158069399,orchard,,36.7299549,10.1188315,2026-02-15T13:37:57.989087
Ben Arous,158069403,orchard,,36.7256869,10.1183388,2026-02-15T13:37:57.989087
Ben Arous,158069406,orchard,,36.7622749,10.1103647,2026-02-15T13:37:57.989087
Ben Arous,158069408,orchard,,36.7295139,10.1146097,2026-02-15T13:37:57.989087
Ben Arous,158069413,orchard,,36.7342711,10.116777,2026-02-15T13:37:57.989087
Ben Arous,158069416,orchard,,36.7321089,10.11128,2026-02-15T13:37:57.989087
Ben Arous,158070587,orchard,,36.7500195,10.1181463,2026-02-15T13:37:57.989087
Ben Arous,158070590,residential,,36.7547969,10.1191434,2026-02-15T13:37:57.989087
Ben Arous,158070592,orchard,,36.7552502,10.1135586,2026-02-15T13:37:57.989087
Ben Arous,158070595,orchard,,36.751702,10.1139408,2026-02-15T13:37:57.989087
Ben Arous,158070599,residential,,36.7526096,10.1084838,2026-02-15T13:37:57.989087
Ben Arous,158070601,industrial,,36.7560604,10.1139394,2026-02-15T13:37:57.989087
Ben Arous,158070603,industrial,,36.75871,10.1148943,2026-02-15T13:37:57.989087
Ben Arous,158070604,orchard,,36.7544679,10.1143867,2026-02-15T13:37:57.989087
Ben Arous,158070606,industrial,,36.7556378,10.1145133,2026-02-15T13:37:57.989087
Ben Arous,158070607,industrial,,36.7545882,10.113285,2026-02-15T13:37:57.989087
Ben Arous,158070608,orchard,,36.7555788,10.1120095,2026-02-15T13:37:57.989087
Ben Arous,158169517,residential,,36.7567352,10.1135265,2026-02-15T13:37:57.989087
Ben Arous,158169518,residential,,36.7689863,10.1131739,2026-02-15T13:37:57.989087
Ben Arous,158169520,residential,,36.7589573,10.1107667,2026-02-15T13:37:57.989087
Ben Arous,158169522,residential,,36.7637148,10.1126787,2026-02-15T13:37:57.989087
Ben Arous,158169523,residential,,36.7654936,10.1127212,2026-02-15T13:37:57.989087
Ben Arous,158169524,orchard,,36.7547238,10.1159723,2026-02-15T13:37:57.989087
Ben Arous,158169525,orchard,,36.7535506,10.1128805,2026-02-15T13:37:57.989087
Ben Arous,158171173,orchard,,36.7417388,10.1054045,2026-02-15T13:37:57.989087
Ben Arous,158171179,orchard,,36.7397184,10.1077466,2026-02-15T13:37:57.989087
Ben Arous,158171180,orchard,,36.7480596,10.1063005,2026-02-15T13:37:57.989087
Ben Arous,158171182,residential,,36.7617588,10.1087768,2026-02-15T13:37:57.989087
Ben Arous,158171185,orchard,,36.7413949,10.1067596,2026-02-15T13:37:57.989087
Ben Arous,158171191,orchard,,36.73839,10.1063594,2026-02-15T13:37:57.989087
Ben Arous,158196642,residential,,36.7662811,10.1164454,2026-02-15T13:37:57.989087
Ben Arous,158196646,residential,,36.7631691,10.1158858,2026-02-15T13:37:57.989087
Ben Arous,158197572,residential,,36.7661971,10.1100035,2026-02-15T13:37:57.989087
Ben Arous,158197574,cemetery,مقبرة سيدي حسين,36.7674267,10.1108114,2026-02-15T13:37:57.989087
Ben Arous,158197575,residential,,36.7712245,10.1115921,2026-02-15T13:37:57.989087
Ben Arous,158197576,residential,,36.7733758,10.1174418,2026-02-15T13:37:57.989087
Ben Arous,158197578,orchard,,36.7672591,10.1100783,2026-02-15T13:37:57.989087
Ben Arous,158197580,residential,,36.7672258,10.1037811,2026-02-15T13:37:57.989087
Ben Arous,159975923,residential,,36.7885159,10.1233517,2026-02-15T13:37:57.989087
Ben Arous,159976936,residential,,36.7943282,10.121686,2026-02-15T13:37:57.989087
Ben Arous,160062359,residential,,36.777798,10.1169759,2026-02-15T13:37:57.989087
Ben Arous,160062360,residential,,36.7787689,10.1143873,2026-02-15T13:37:57.989087
Ben Arous,160062362,residential,,36.781532,10.1149631,2026-02-15T13:37:57.989087
Ben Arous,160288465,residential,حي السلامة,36.7864371,10.1137013,2026-02-15T13:37:57.989087
Ben Arous,161173465,brownfield,,36.8323163,10.22229,2026-02-15T13:37:57.989087
Ben Arous,168942394,residential,,36.698111,10.2371322,2026-02-15T13:37:57.989087
Ben Arous,171900694,village_green,,36.8025996,10.2208437,2026-02-15T13:37:57.989087
Ben Arous,171900695,residential,,36.7978233,10.1915478,2026-02-15T13:37:57.989087
Ben Arous,171900696,industrial,,36.7993144,10.1897855,2026-02-15T13:37:57.989087
Ben Arous,172424641,brownfield,,36.7174678,10.1806133,2026-02-15T13:37:57.989087
Ben Arous,172424643,greenfield,,36.7074382,10.1764395,2026-02-15T13:37:57.989087
Ben Arous,172621577,brownfield,,36.8231752,10.1946728,2026-02-15T13:37:57.989087
Ben Arous,173381055,residential,ابن سينا,36.7512464,10.1826107,2026-02-15T13:37:57.989087
Ben Arous,173381397,brownfield,,36.7532702,10.1861537,2026-02-15T13:37:57.989087
Ben Arous,173381409,brownfield,,36.7525363,10.1791613,2026-02-15T13:37:57.989087
Ben Arous,173381416,brownfield,,36.7531444,10.1802935,2026-02-15T13:37:57.989087
Ben Arous,173381418,brownfield,,36.7533939,10.1838605,2026-02-15T13:37:57.989087
Ben Arous,173381419,village_green,,36.7523277,10.1802321,2026-02-15T13:37:57.989087
Ben Arous,173385855,brownfield,,36.7444446,10.1927039,2026-02-15T13:37:57.989087
Ben Arous,173428801,brownfield,,36.7198955,10.1910071,2026-02-15T13:37:57.989087
Ben Arous,173428802,brownfield,,36.7405652,10.1822365,2026-02-15T13:37:57.989087
Ben Arous,173428806,industrial,,36.7245084,10.192576,2026-02-15T13:37:57.989087
Ben Arous,173428807,farmyard,,36.7195905,10.1895513,2026-02-15T13:37:57.989087
Ben Arous,173428808,farmyard,,36.7175918,10.1902293,2026-02-15T13:37:57.989087
Ben Arous,173432968,brownfield,,36.7310114,10.199934,2026-02-15T13:37:57.989087
Ben Arous,173432969,brownfield,,36.7383892,10.2046937,2026-02-15T13:37:57.989087
Ben Arous,173445090,residential,المروج 1,36.7376628,10.2052907,2026-02-15T13:37:57.989087
Ben Arous,173489381,brownfield,,36.7379393,10.2098867,2026-02-15T13:37:57.989087
Ben Arous,173489382,village_green,,36.7405868,10.2064601,2026-02-15T13:37:57.989087
Ben Arous,173489383,greenfield,,36.7419777,10.2109641,2026-02-15T13:37:57.989087
Ben Arous,173489384,industrial,,36.7422095,10.2104358,2026-02-15T13:37:57.989087
Ben Arous,173489387,brownfield,,36.7399882,10.208367,2026-02-15T13:37:57.989087
Ben Arous,173489388,greenfield,,36.7403973,10.2140084,2026-02-15T13:37:57.989087
Ben Arous,178227491,forest,الحديقة الوطنية ببوقرنين,36.671146,10.3756862,2026-02-15T13:37:57.989087
Ben Arous,178227702,brownfield,,36.6945488,10.3042716,2026-02-15T13:37:57.989087
Ben Arous,178227703,cemetery,مقبرة بومهل,36.6965053,10.3014316,2026-02-15T13:37:57.989087
Ben Arous,179066323,village_green,,36.831404,10.1855082,2026-02-15T13:37:57.989087
Ben Arous,179066326,industrial,,36.8299639,10.1857055,2026-02-15T13:37:57.989087
Ben Arous,179591824,village_green,,36.716906,10.22327,2026-02-15T13:37:57.989087
Ben Arous,179591826,village_green,,36.7173946,10.2205936,2026-02-15T13:37:57.989087
Ben Arous,179591828,brownfield,,36.7148614,10.218575,2026-02-15T13:37:57.989087
Ben Arous,179591829,brownfield,,36.7155449,10.2183091,2026-02-15T13:37:57.989087
Ben Arous,179942981,village_green,,36.8081809,10.1362334,2026-02-15T13:37:57.989087
Ben Arous,179942985,residential,,36.8100538,10.1348034,2026-02-15T13:37:57.989087
Ben Arous,179947568,retail,,36.8096837,10.13779,2026-02-15T13:37:57.989087
Ben Arous,179953386,grass,متحف الذاكرة الوطنية بالسيجومي,36.7722208,10.1718354,2026-02-15T13:37:57.989087
Ben Arous,179953463,brownfield,,36.7745988,10.1736271,2026-02-15T13:37:57.989087
Ben Arous,180051814,brownfield,,36.7591605,10.1987192,2026-02-15T13:37:57.989087
Ben Arous,180051815,industrial,,36.7571753,10.1995324,2026-02-15T13:37:57.989087
Ben Arous,180051817,village_green,,36.7544367,10.1944539,2026-02-15T13:37:57.989087
Ben Arous,180055818,village_green,+,36.7560917,10.1966289,2026-02-15T13:37:57.989087
Ben Arous,180055819,village_green,+,36.7554881,10.195781,2026-02-15T13:37:57.989087
Ben Arous,180055888,village_green,,36.7551066,10.1952746,2026-02-15T13:37:57.989087
Ben Arous,180055894,greenfield,,36.7560942,10.1977087,2026-02-15T13:37:57.989087
Ben Arous,180069399,brownfield,,36.7530653,10.1887745,2026-02-15T13:37:57.989087
Ben Arous,180069400,greenfield,,36.7522479,10.1888631,2026-02-15T13:37:57.989087
Ben Arous,180069403,brownfield,,36.7487939,10.192055,2026-02-15T13:37:57.989087
Ben Arous,180069404,residential,,36.7531951,10.1916345,2026-02-15T13:37:57.989087
Ben Arous,180208878,greenfield,,36.8064672,10.1460131,2026-02-15T13:37:57.989087
Ben Arous,180208879,grass,,36.8038004,10.1478933,2026-02-15T13:37:57.989087
Ben Arous,180208880,grass,,36.8036378,10.1485024,2026-02-15T13:37:57.989087
Ben Arous,180208881,grass,,36.8047201,10.1495424,2026-02-15T13:37:57.989087
Ben Arous,180208882,grass,,36.8045724,10.1462728,2026-02-15T13:37:57.989087
Ben Arous,180208883,grass,,36.8050573,10.1489964,2026-02-15T13:37:57.989087
Ben Arous,180208884,brownfield,,36.8062994,10.1419846,2026-02-15T13:37:57.989087
Ben Arous,180208885,grass,,36.8042397,10.1467805,2026-02-15T13:37:57.989087
Ben Arous,180208886,residential,بوشوشة,36.805241,10.1444234,2026-02-15T13:37:57.989087
Ben Arous,180239565,village_green,,36.8020853,10.1561607,2026-02-15T13:37:57.989087
Ben Arous,180239567,greenfield,,36.8012781,10.1537599,2026-02-15T13:37:57.989087
Ben Arous,180242273,grass,,36.8027256,10.1570423,2026-02-15T13:37:57.989087
Ben Arous,180242276,village_green,معهد البحوث البيطرية بتونس,36.8018738,10.1586807,2026-02-15T13:37:57.989087
Ben Arous,180268016,greenfield,,36.8053619,10.1554511,2026-02-15T13:37:57.989087
Ben Arous,180268018,village_green,,36.8065129,10.1499595,2026-02-15T13:37:57.989087
Ben Arous,180268024,greenfield,,36.8084777,10.1558681,2026-02-15T13:37:57.989087
Ben Arous,180268026,greenfield,,36.8052698,10.159909,2026-02-15T13:37:57.989087
Ben Arous,180268028,greenfield,,36.804933,10.1556385,2026-02-15T13:37:57.989087
Ben Arous,180268031,industrial,,36.8087624,10.1544487,2026-02-15T13:37:57.989087
Ben Arous,180268046,residential,برج زوارة,36.8044044,10.1560723,2026-02-15T13:37:57.989087
Ben Arous,182100741,brownfield,,36.8204555,10.1925686,2026-02-15T13:37:57.989087
Ben Arous,182523886,greenfield,,36.8341561,10.237621,2026-02-15T13:37:57.989087
Ben Arous,182523911,construction,,36.8335188,10.236405,2026-02-15T13:37:57.989087
Ben Arous,182775930,railway,,36.7628168,10.2179621,2026-02-15T13:37:57.989087
Ben Arous,183462409,greenfield,,36.8345717,10.243905,2026-02-15T13:37:57.989087
Ben Arous,183462410,brownfield,,36.8354594,10.2425477,2026-02-15T13:37:57.989087
Ben Arous,185505439,brownfield,,36.8086007,10.2917897,2026-02-15T13:37:57.989087
Ben Arous,185505442,grass,,36.796324,10.2800287,2026-02-15T13:37:57.989087
Ben Arous,185527579,industrial,,36.7336269,10.305613,2026-02-15T13:37:57.989087
Ben Arous,185527581,greenfield,,36.7327721,10.3147066,2026-02-15T13:37:57.989087
Ben Arous,186951443,residential,الحي الجامعية المروج 3,36.7225078,10.2125861,2026-02-15T13:37:57.989087
Ben Arous,186951648,residential,المنزل الجامعة المروج 3,36.7227357,10.2145273,2026-02-15T13:37:57.989087
Ben Arous,190127440,railway,,36.7549801,10.2959493,2026-02-15T13:37:57.989087
Ben Arous,190134294,railway,,36.7636487,10.274921,2026-02-15T13:37:57.989087
Ben Arous,190248848,railway,,36.7639827,10.2520228,2026-02-15T13:37:57.989087
Ben Arous,190248849,railway,,36.7968488,10.2801901,2026-02-15T13:37:57.989087
Ben Arous,190248850,railway,,36.785638,10.2745172,2026-02-15T13:37:57.989087
Ben Arous,190248851,railway,,36.8033796,10.2899296,2026-02-15T13:37:57.989087
Ben Arous,190248852,railway,محطة شحن تونس,36.7863309,10.1901167,2026-02-15T13:37:57.989087
Ben Arous,190297403,railway,,36.7873206,10.1663728,2026-02-15T13:37:57.989087
Ben Arous,190310040,railway,,36.8003201,10.1413822,2026-02-15T13:37:57.989087
Ben Arous,190825465,industrial,,36.7642556,10.221702,2026-02-15T13:37:57.989087
Ben Arous,190825466,railway,,36.7022313,10.2321102,2026-02-15T13:37:57.989087
Ben Arous,190825468,railway,,36.7471546,10.2273205,2026-02-15T13:37:57.989087
Ben Arous,190825470,railway,,36.7406663,10.2285587,2026-02-15T13:37:57.989087
Ben Arous,191989643,reservoir,,36.7691681,10.2510075,2026-02-15T13:37:57.989087
Ben Arous,192000486,brownfield,,36.7426209,10.262244,2026-02-15T13:37:57.989087
Ben Arous,192000487,brownfield,,36.7421842,10.2674845,2026-02-15T13:37:57.989087
Ben Arous,192000488,reservoir,,36.7404423,10.2662202,2026-02-15T13:37:57.989087
Ben Arous,192000489,reservoir,,36.7409698,10.2665444,2026-02-15T13:37:57.989087
Ben Arous,192000492,reservoir,,36.7433456,10.2625444,2026-02-15T13:37:57.989087
Ben Arous,192000493,reservoir,,36.7422649,10.2672822,2026-02-15T13:37:57.989087
Ben Arous,192000494,reservoir,,36.7409538,10.2670845,2026-02-15T13:37:57.989087
Ben Arous,192000495,reservoir,,36.7400944,10.2665564,2026-02-15T13:37:57.989087
Ben Arous,192000496,reservoir,,36.7417823,10.266977,2026-02-15T13:37:57.989087
Ben Arous,192000497,reservoir,,36.7435906,10.2626986,2026-02-15T13:37:57.989087
Ben Arous,192000498,industrial,,36.7402754,10.2646386,2026-02-15T13:37:57.989087
Ben Arous,192000499,reservoir,,36.7426446,10.2661917,2026-02-15T13:37:57.989087
Ben Arous,192000500,reservoir,,36.7422441,10.2659455,2026-02-15T13:37:57.989087
Ben Arous,192000501,reservoir,,36.7437141,10.2620485,2026-02-15T13:37:57.989087
Ben Arous,192000502,reservoir,,36.7407264,10.2651955,2026-02-15T13:37:57.989087
Ben Arous,192000503,reservoir,,36.741436,10.265627,2026-02-15T13:37:57.989087
Ben Arous,192482894,residential,,36.7173857,10.3527811,2026-02-15T13:37:57.989087
Ben Arous,193468005,greenfield,,36.8069607,10.1849117,2026-02-15T13:37:57.989087
Ben Arous,193468006,brownfield,,36.8058108,10.1848432,2026-02-15T13:37:57.989087
Ben Arous,193468007,village_green,,36.8063056,10.1845634,2026-02-15T13:37:57.989087
Ben Arous,205740491,industrial,المنطقة الصناعية الشرقية 1,36.8387208,10.2079922,2026-02-15T13:37:57.989087
Ben Arous,205747420,industrial,,36.8066995,10.1818229,2026-02-15T13:37:57.989087
Ben Arous,207888935,village_green,,36.8290176,10.1791128,2026-02-15T13:37:57.989087
Ben Arous,207888936,village_green,,36.8292658,10.1783624,2026-02-15T13:37:57.989087
Ben Arous,208750520,residential,,36.6649896,10.2557345,2026-02-15T13:37:57.989087
Ben Arous,208750521,residential,,36.6624465,10.258583,2026-02-15T13:37:57.989087
Ben Arous,208750526,residential,,36.6692948,10.2660428,2026-02-15T13:37:57.989087
Ben Arous,208750533,residential,,36.6635222,10.2537206,2026-02-15T13:37:57.989087
Ben Arous,208750535,residential,,36.6645679,10.2587203,2026-02-15T13:37:57.989087
Ben Arous,208754225,residential,,36.6617364,10.2553431,2026-02-15T13:37:57.989087
Ben Arous,208754243,farmland,,36.6657062,10.257741,2026-02-15T13:37:57.989087
Ben Arous,208754334,vineyard,,36.676237,10.2715325,2026-02-15T13:37:57.989087
Ben Arous,208754335,residential,,36.6774846,10.273255,2026-02-15T13:37:57.989087
Ben Arous,208755531,vineyard,,36.6800728,10.293486,2026-02-15T13:37:57.989087
Ben Arous,208755888,farmland,,36.68773,10.3033195,2026-02-15T13:37:57.989087
Ben Arous,208755998,farmyard,,36.6879154,10.2982711,2026-02-15T13:37:57.989087
Ben Arous,208757951,brownfield,,36.6857263,10.283074,2026-02-15T13:37:57.989087
Ben Arous,208757955,cemetery,Cimetière de Mornag,36.6834658,10.2821772,2026-02-15T13:37:57.989087
Ben Arous,208758057,orchard,,36.6893881,10.2809859,2026-02-15T13:37:57.989087
Ben Arous,208758058,orchard,,36.689651,10.2822255,2026-02-15T13:37:57.989087
Ben Arous,208761018,vineyard,,36.6798743,10.2906198,2026-02-15T13:37:57.989087
Ben Arous,208761076,construction,,36.6913397,10.3029818,2026-02-15T13:37:57.989087
Ben Arous,225989708,farmland,,36.7015982,10.2050278,2026-02-15T13:37:57.989087
Ben Arous,225989709,greenfield,,36.7075739,10.2089102,2026-02-15T13:37:57.989087
Ben Arous,238375566,village_green,,36.7383265,10.2475329,2026-02-15T13:37:57.989087
Ben Arous,238375567,brownfield,,36.735981,10.2439485,2026-02-15T13:37:57.989087
Ben Arous,238375568,brownfield,,36.742459,10.2518082,2026-02-15T13:37:57.989087
Ben Arous,238375572,brownfield,,36.7438813,10.2516563,2026-02-15T13:37:57.989087
Ben Arous,238375573,brownfield,,36.7392759,10.2514063,2026-02-15T13:37:57.989087
Ben Arous,238381234,grass,,36.7443341,10.2345344,2026-02-15T13:37:57.989087
Ben Arous,238381235,cemetery,Cimetière El Yasminette,36.7420817,10.240683,2026-02-15T13:37:57.989087
Ben Arous,238381236,brownfield,,36.7473055,10.2469826,2026-02-15T13:37:57.989087
Ben Arous,238381237,greenfield,,36.7526192,10.2470436,2026-02-15T13:37:57.989087
Ben Arous,238381238,grass,,36.7470746,10.2389878,2026-02-15T13:37:57.989087
Ben Arous,238381239,village_green,,36.7485826,10.2484276,2026-02-15T13:37:57.989087
Ben Arous,238381240,brownfield,,36.7467124,10.2377529,2026-02-15T13:37:57.989087
Ben Arous,238381243,brownfield,,36.7471066,10.2496761,2026-02-15T13:37:57.989087
Ben Arous,238381244,brownfield,,36.7494568,10.2494879,2026-02-15T13:37:57.989087
Ben Arous,244105513,residential,حي الهضاب,36.7045141,10.1826336,2026-02-15T13:37:57.989087
Ben Arous,247329227,commercial,,36.8014779,10.1871873,2026-02-15T13:37:57.989087
Ben Arous,247557186,construction,,36.8332304,10.2393264,2026-02-15T13:37:57.989087
Ben Arous,247557187,construction,,36.8334199,10.2399841,2026-02-15T13:37:57.989087
Ben Arous,247557189,greenfield,,36.8329186,10.238281,2026-02-15T13:37:57.989087
Ben Arous,249575365,village_green,,36.7592593,10.2369635,2026-02-15T13:37:57.989087
Ben Arous,249575366,industrial,,36.7574798,10.2347433,2026-02-15T13:37:57.989087
Ben Arous,249575367,industrial,,36.7606272,10.2234069,2026-02-15T13:37:57.989087
Ben Arous,249575368,industrial,,36.753915,10.2321728,2026-02-15T13:37:57.989087
Ben Arous,249575369,industrial,,36.7513942,10.2312162,2026-02-15T13:37:57.989087
Ben Arous,249575370,village_green,,36.7568568,10.2194368,2026-02-15T13:37:57.989087
Ben Arous,252420902,commercial,,36.8179613,10.1782074,2026-02-15T13:37:57.989087
Ben Arous,253063089,village_green,,36.7887758,10.1811479,2026-02-15T13:37:57.989087
Ben Arous,253267939,village_green,,36.7890574,10.1823233,2026-02-15T13:37:57.989087
Ben Arous,253267940,village_green,,36.7891632,10.1811547,2026-02-15T13:37:57.989087
Ben Arous,253296178,greenfield,,36.8325236,10.232107,2026-02-15T13:37:57.989087
Ben Arous,253296180,commercial,,36.8320695,10.2324342,2026-02-15T13:37:57.989087
Ben Arous,253296187,brownfield,,36.8309,10.2315246,2026-02-15T13:37:57.989087
Ben Arous,256776379,industrial,,36.7240821,10.2488334,2026-02-15T13:37:57.989087
Ben Arous,256776380,farmland,,36.7252623,10.2481909,2026-02-15T13:37:57.989087
Ben Arous,256776381,farmland,,36.723148,10.2385866,2026-02-15T13:37:57.989087
Ben Arous,256776382,greenfield,,36.7246303,10.2511825,2026-02-15T13:37:57.989087
Ben Arous,256776383,farmland,,36.7210639,10.2466608,2026-02-15T13:37:57.989087
Ben Arous,256776384,orchard,,36.7219832,10.2380944,2026-02-15T13:37:57.989087
Ben Arous,256776385,greenfield,,36.721203,10.2373909,2026-02-15T13:37:57.989087
Ben Arous,256776386,greenfield,,36.7208866,10.2389996,2026-02-15T13:37:57.989087
Ben Arous,256776387,industrial,,36.7188912,10.2451672,2026-02-15T13:37:57.989087
Ben Arous,256776388,greenfield,,36.7200751,10.2444695,2026-02-15T13:37:57.989087
Ben Arous,256776389,industrial,,36.7248253,10.2517555,2026-02-15T13:37:57.989087
Ben Arous,256776390,orchard,,36.7227694,10.2464983,2026-02-15T13:37:57.989087
Ben Arous,256776391,industrial,,36.7240028,10.2409723,2026-02-15T13:37:57.989087
Ben Arous,256776392,greenfield,,36.7192056,10.2425955,2026-02-15T13:37:57.989087
Ben Arous,256776394,greenfield,,36.7206497,10.2403685,2026-02-15T13:37:57.989087
Ben Arous,256776395,commercial,,36.7200261,10.2361256,2026-02-15T13:37:57.989087
Ben Arous,256776396,brownfield,,36.7194515,10.2367231,2026-02-15T13:37:57.989087
Ben Arous,256776397,industrial,,36.7197563,10.2345329,2026-02-15T13:37:57.989087
Ben Arous,256776398,orchard,,36.7225924,10.2398155,2026-02-15T13:37:57.989087
Ben Arous,256776399,residential,,36.7225994,10.2430146,2026-02-15T13:37:57.989087
Ben Arous,256776400,industrial,,36.7181892,10.2374396,2026-02-15T13:37:57.989087
Ben Arous,259448682,farmyard,Maison de Culture Mourouj,36.7391115,10.2128017,2026-02-15T13:37:57.989087
Ben Arous,262201519,industrial,RNTA Usine B,36.7767868,10.1809931,2026-02-15T13:37:57.989087
Ben Arous,267582939,residential,مرناق,36.6781451,10.2918361,2026-02-15T13:37:57.989087
Ben Arous,272751602,farmland,Pépinière MABROUKA,36.6589127,10.1987139,2026-02-15T13:37:57.989087
Ben Arous,276758208,commercial,,36.8290888,10.2032905,2026-02-15T13:37:57.989087
Ben Arous,277177052,village_green,,36.833692,10.235505,2026-02-15T13:37:57.989087
Ben Arous,284838520,commercial,بيو سورس,36.8216689,10.190923,2026-02-15T13:37:57.989087
Ben Arous,340939343,construction,جامع الرحمن,36.7065397,10.2183273,2026-02-15T13:37:57.989087
Ben Arous,350203995,industrial,ساجيمكوم,36.7680601,10.2286998,2026-02-15T13:37:57.989087
Ben Arous,361972992,industrial,Centre National du Cuir et de La Chussure,36.7656304,10.2399766,2026-02-15T13:37:57.989087
Ben Arous,379347133,residential,Résidence Ibn Jazar,36.7346039,10.2080556,2026-02-15T13:37:57.989087
Ben Arous,379565108,residential,,36.7359298,10.2101333,2026-02-15T13:37:57.989087
Ben Arous,379565114,basin,,36.7268904,10.2153106,2026-02-15T13:37:57.989087
Ben Arous,379620913,military,Caserne El Attarine,36.7977403,10.1717812,2026-02-15T13:37:57.989087
Ben Arous,380044290,residential,,36.7368391,10.2094486,2026-02-15T13:37:57.989087
Ben Arous,380463764,residential,,36.7336928,10.2060543,2026-02-15T13:37:57.989087
Ben Arous,392223956,brownfield,,36.7376537,10.2433948,2026-02-15T13:37:57.989087
Ben Arous,392263438,greenfield,,36.7388024,10.2457231,2026-02-15T13:37:57.989087
Ben Arous,392263439,greenfield,,36.7382516,10.2449352,2026-02-15T13:37:57.989087
Ben Arous,392263440,greenfield,,36.7378057,10.2448678,2026-02-15T13:37:57.989087
Ben Arous,401297108,construction,,36.7414205,10.253037,2026-02-15T13:37:57.989087
Ben Arous,430251924,residential,,36.6761033,10.1520545,2026-02-15T13:37:57.989087
Ben Arous,430513153,industrial,zone industrielle Mohammedia,36.6666622,10.1714484,2026-02-15T13:37:57.989087
Ben Arous,438427920,grass,Fondation Rosa Luxemburg Afrique du Nord,36.8262288,10.1742845,2026-02-15T13:37:57.989087
Ben Arous,438427923,grass,,36.8260871,10.174491,2026-02-15T13:37:57.989087
Ben Arous,440610467,commercial,MG Maxi Ezzouhour,36.7939362,10.128249,2026-02-15T13:37:57.989087
Ben Arous,446861909,brownfield,,36.7420105,10.2529652,2026-02-15T13:37:57.989087
Ben Arous,483100122,orchard,,36.6754281,10.2146311,2026-02-15T13:37:57.989087
Ben Arous,487126873,forest,,36.8260663,10.163265,2026-02-15T13:37:57.989087
Ben Arous,487133711,forest,,36.826569,10.1646576,2026-02-15T13:37:57.989087
Ben Arous,512547869,residential,البستان 2,36.7156422,10.2141057,2026-02-15T13:37:57.989087
Ben Arous,512547872,residential,البستان 1,36.7144261,10.2139742,2026-02-15T13:37:57.989087
Ben Arous,521287724,orchard,,36.7423953,10.1304448,2026-02-15T13:37:57.989087
Ben Arous,521287726,orchard,,36.7449578,10.1293643,2026-02-15T13:37:57.989087
Ben Arous,521297223,farmland,,36.7300713,10.1572571,2026-02-15T13:37:57.989087
Ben Arous,521374758,residential,المروج 4,36.7166699,10.210874,2026-02-15T13:37:57.989087
Ben Arous,521378849,quarry,,36.7559588,10.2078428,2026-02-15T13:37:57.989087
Ben Arous,521378852,forest,,36.7591939,10.2072721,2026-02-15T13:37:57.989087
Ben Arous,540013065,grass,,36.7435233,10.1961024,2026-02-15T13:37:57.989087
Ben Arous,540013667,grass,,36.7439758,10.196574,2026-02-15T13:37:57.989087
Ben Arous,540015810,grass,,36.7443429,10.1970154,2026-02-15T13:37:57.989087
Ben Arous,540017152,grass,,36.7429426,10.1955488,2026-02-15T13:37:57.989087
Ben Arous,540021937,recreation_ground,,36.7438197,10.2038301,2026-02-15T13:37:57.989087
Ben Arous,548232476,grass,Rond-point,36.7480085,10.3128512,2026-02-15T13:37:57.989087
Ben Arous,548232478,grass,Rond-point,36.7499627,10.3099803,2026-02-15T13:37:57.989087
Ben Arous,548233931,grass,Rond-point,36.7461142,10.3156592,2026-02-15T13:37:57.989087
Ben Arous,548431587,greenfield,,36.7454686,10.3111257,2026-02-15T13:37:57.989087
Ben Arous,548431589,greenfield,,36.7449168,10.3146118,2026-02-15T13:37:57.989087
Ben Arous,548431591,greenfield,,36.7454662,10.3146265,2026-02-15T13:37:57.989087
Ben Arous,548539601,greenfield,,36.7494307,10.3063446,2026-02-15T13:37:57.989087
Ben Arous,548545571,grass,,36.733104,10.3236367,2026-02-15T13:37:57.989087
Ben Arous,548593009,grass,,36.745955,10.3078044,2026-02-15T13:37:57.989087
Ben Arous,548593012,grass,,36.7483731,10.3099304,2026-02-15T13:37:57.989087
Ben Arous,585575221,commercial,Ecole Nationale de la Protection Civile,36.7592799,10.2134191,2026-02-15T13:37:57.989087
Ben Arous,607731582,greenfield,,36.725546,10.2073346,2026-02-15T13:37:57.989087
Ben Arous,609721190,grass,,36.7558645,10.1083445,2026-02-15T13:37:57.989087
Ben Arous,609721191,grass,,36.7560993,10.1081961,2026-02-15T13:37:57.989087
Ben Arous,609721192,grass,,36.7559738,10.1080326,2026-02-15T13:37:57.989087
Ben Arous,609721193,grass,,36.7556325,10.1085018,2026-02-15T13:37:57.989087
Ben Arous,609721194,grass,,36.7557441,10.1086345,2026-02-15T13:37:57.989087
Ben Arous,609721583,grass,,36.7621292,10.1114176,2026-02-15T13:37:57.989087
Ben Arous,609721590,grass,,36.7593793,10.1107901,2026-02-15T13:37:57.989087
Ben Arous,629618312,farmland,Galaxy Gym Football Field,36.8228012,10.1867468,2026-02-15T13:37:57.989087
Ben Arous,633069241,orchard,,36.7531812,10.2880126,2026-02-15T13:37:57.989087
Ben Arous,633069257,residential,,36.7571996,10.2843049,2026-02-15T13:37:57.989087
Ben Arous,633069258,residential,,36.7573427,10.2813349,2026-02-15T13:37:57.989087
Ben Arous,633069259,residential,,36.7575377,10.2821371,2026-02-15T13:37:57.989087
Ben Arous,634687303,forest,,36.7344543,10.2888527,2026-02-15T13:37:57.989087
Ben Arous,634687307,forest,,36.7320799,10.2879956,2026-02-15T13:37:57.989087
Ben Arous,634687309,forest,,36.7303997,10.2829323,2026-02-15T13:37:57.989087
Ben Arous,634687311,forest,,36.7337376,10.2774905,2026-02-15T13:37:57.989087
Ben Arous,634687313,forest,,36.7290373,10.275894,2026-02-15T13:37:57.989087
Ben Arous,634687315,forest,,36.7259819,10.2725667,2026-02-15T13:37:57.989087
Ben Arous,634687317,forest,,36.722156,10.2689883,2026-02-15T13:37:57.989087
Ben Arous,634687319,forest,,36.7229449,10.2630104,2026-02-15T13:37:57.989087
Ben Arous,643895682,grass,,36.7518806,10.199315,2026-02-15T13:37:57.989087
Ben Arous,644354500,grass,,36.761516,10.1910048,2026-02-15T13:37:57.989087
Ben Arous,644849164,landfill,Décharge non controlée,36.7486902,10.2016502,2026-02-15T13:37:57.989087
Ben Arous,644862706,landfill,,36.7583738,10.1996803,2026-02-15T13:37:57.989087
Ben Arous,645323203,quarry,,36.7630217,10.1875487,2026-02-15T13:37:57.989087
Ben Arous,646804065,grass,,36.7532373,10.1967881,2026-02-15T13:37:57.989087
Ben Arous,646804066,grass,,36.752306,10.1959191,2026-02-15T13:37:57.989087
Ben Arous,646804072,grass,,36.7540335,10.193644,2026-02-15T13:37:57.989087
Ben Arous,646808966,greenfield,,36.7510575,10.1835063,2026-02-15T13:37:57.989087
Ben Arous,646809167,brownfield,,36.7503051,10.2008582,2026-02-15T13:37:57.989087
Ben Arous,646809221,greenfield,,36.7511914,10.1829846,2026-02-15T13:37:57.989087
Ben Arous,646811963,brownfield,,36.7465039,10.2019085,2026-02-15T13:37:57.989087
Ben Arous,646819283,grass,,36.7498676,10.1937816,2026-02-15T13:37:57.989087
Ben Arous,646861290,grass,,36.7547501,10.1891689,2026-02-15T13:37:57.989087
Ben Arous,646871980,grass,,36.7558837,10.1863911,2026-02-15T13:37:57.989087
Ben Arous,646879168,residential,,36.7627146,10.1905452,2026-02-15T13:37:57.989087
Ben Arous,646905711,greenfield,,36.7515831,10.1781353,2026-02-15T13:37:57.989087
Ben Arous,646909636,industrial,,36.7630539,10.1952178,2026-02-15T13:37:57.989087
Ben Arous,646910536,greenfield,,36.7511494,10.1792417,2026-02-15T13:37:57.989087
Ben Arous,646911539,greenfield,,36.7515235,10.1792565,2026-02-15T13:37:57.989087
Ben Arous,647230952,greenfield,,36.7532189,10.1782354,2026-02-15T13:37:57.989087
Ben Arous,647253962,greenfield,,36.7543041,10.1773084,2026-02-15T13:37:57.989087
Ben Arous,647450759,greenfield,,36.7527332,10.1775753,2026-02-15T13:37:57.989087
Ben Arous,647461703,greenfield,,36.75286,10.1816905,2026-02-15T13:37:57.989087
Ben Arous,647464237,greenfield,,36.7527493,10.1763455,2026-02-15T13:37:57.989087
Ben Arous,647728782,grass,,36.7500091,10.1876506,2026-02-15T13:37:57.989087
Ben Arous,647728784,grass,,36.7498863,10.1876661,2026-02-15T13:37:57.989087
Ben Arous,647728786,grass,,36.74993,10.1875446,2026-02-15T13:37:57.989087
Ben Arous,647733058,grass,,36.7500188,10.1844951,2026-02-15T13:37:57.989087
Ben Arous,647733059,grass,,36.7500299,10.1844914,2026-02-15T13:37:57.989087
Ben Arous,647733883,grass,,36.750639,10.1842103,2026-02-15T13:37:57.989087
Ben Arous,647734787,grass,,36.749425,10.1844749,2026-02-15T13:37:57.989087
Ben Arous,647734788,grass,,36.7500028,10.1851383,2026-02-15T13:37:57.989087
Ben Arous,647735394,grass,,36.7502277,10.1850757,2026-02-15T13:37:57.989087
Ben Arous,647735395,grass,,36.7503751,10.1847838,2026-02-15T13:37:57.989087
Ben Arous,647735473,grass,,36.7505642,10.1845999,2026-02-15T13:37:57.989087
Ben Arous,647736785,grass,,36.7509193,10.1842704,2026-02-15T13:37:57.989087
Ben Arous,647737497,grass,,36.7512302,10.1839774,2026-02-15T13:37:57.989087
Ben Arous,647791156,greenfield,,36.7482166,10.1838709,2026-02-15T13:37:57.989087
Ben Arous,647811532,greenfield,,36.7610295,10.185107,2026-02-15T13:37:57.989087
Ben Arous,647812422,grass,,36.7486757,10.1832109,2026-02-15T13:37:57.989087
Ben Arous,647812423,grass,,36.7485455,10.183217,2026-02-15T13:37:57.989087
Ben Arous,647816724,grass,,36.7489284,10.1810793,2026-02-15T13:37:57.989087
Ben Arous,647825948,greenfield,,36.7498832,10.1789565,2026-02-15T13:37:57.989087
Ben Arous,647828453,grass,,36.7508475,10.1793782,2026-02-15T13:37:57.989087
Ben Arous,647830412,grass,,36.7550391,10.1799161,2026-02-15T13:37:57.989087
Ben Arous,648168971,greenfield,,36.7534888,10.1812257,2026-02-15T13:37:57.989087
Ben Arous,648230088,greenfield,,36.7520118,10.1773255,2026-02-15T13:37:57.989087
Ben Arous,657588893,allotments,,36.7615179,10.1910448,2026-02-15T13:37:57.989087
Ben Arous,663521882,harbour,حلق الوادي,36.8094165,10.2991363,2026-02-15T13:37:57.989087
Ben Arous,667495523,greenfield,,36.7609473,10.1967925,2026-02-15T13:37:57.989087
Ben Arous,667495524,greenfield,,36.761586,10.1965017,2026-02-15T13:37:57.989087
Ben Arous,677450502,industrial,Sté Cafés Nasri,36.7352459,10.2200283,2026-02-15T13:37:57.989087
Ben Arous,677450503,industrial,STUMETAL,36.7325486,10.2344056,2026-02-15T13:37:57.989087
Ben Arous,679120190,commercial,CASUAL SHOP,36.8219034,10.1855955,2026-02-15T13:37:57.989087
Ben Arous,688042769,grass,,36.7431034,10.1937783,2026-02-15T13:37:57.989087
Ben Arous,692795763,greenfield,,36.6897413,10.2116652,2026-02-15T13:37:57.989087
Ben Arous,692795764,greenfield,,36.6894477,10.2109692,2026-02-15T13:37:57.989087
Ben Arous,692795765,greenfield,,36.6891571,10.2102628,2026-02-15T13:37:57.989087
Ben Arous,692796304,greenfield,,36.6923728,10.2088968,2026-02-15T13:37:57.989087
Ben Arous,693017601,orchard,,36.6913418,10.1992208,2026-02-15T13:37:57.989087
Ben Arous,693017602,greenfield,,36.6890823,10.200409,2026-02-15T13:37:57.989087
Ben Arous,693017603,orchard,,36.6911423,10.1989405,2026-02-15T13:37:57.989087
Ben Arous,693017610,orchard,,36.6907105,10.1995021,2026-02-15T13:37:57.989087
Ben Arous,693017611,greenfield,,36.6905503,10.1992131,2026-02-15T13:37:57.989087
Ben Arous,693017613,orchard,,36.6916174,10.2001036,2026-02-15T13:37:57.989087
Ben Arous,693017614,orchard,,36.6915976,10.1996527,2026-02-15T13:37:57.989087
Ben Arous,693696646,greenfield,,36.6830918,10.1938805,2026-02-15T13:37:57.989087
Ben Arous,693696647,greenfield,,36.6847345,10.193449,2026-02-15T13:37:57.989087
Ben Arous,693696649,orchard,,36.6853729,10.1938348,2026-02-15T13:37:57.989087
Ben Arous,693696658,orchard,,36.6837314,10.1942902,2026-02-15T13:37:57.989087
Ben Arous,693696661,greenfield,,36.6838239,10.1939975,2026-02-15T13:37:57.989087
Ben Arous,693696663,greenfield,,36.6835133,10.1941793,2026-02-15T13:37:57.989087
Ben Arous,693696665,greenfield,,36.683711,10.1934584,2026-02-15T13:37:57.989087
Ben Arous,693696667,orchard,,36.6857222,10.1945206,2026-02-15T13:37:57.989087
Ben Arous,693696668,greenfield,,36.6857478,10.1955432,2026-02-15T13:37:57.989087
Ben Arous,693696674,greenfield,,36.6859076,10.1957446,2026-02-15T13:37:57.989087
Ben Arous,693696675,greenfield,,36.6847762,10.1942597,2026-02-15T13:37:57.989087
Ben Arous,693707217,orchard,,36.6914037,10.2119577,2026-02-15T13:37:57.989087
Ben Arous,693711238,residential,,36.6847185,10.1947573,2026-02-15T13:37:57.989087
Ben Arous,693711239,residential,,36.6900548,10.1991226,2026-02-15T13:37:57.989087
Ben Arous,694752055,orchard,,36.6964854,10.2119985,2026-02-15T13:37:57.989087
Ben Arous,694752056,orchard,,36.6954553,10.208914,2026-02-15T13:37:57.989087
Ben Arous,694752058,industrial,,36.6930951,10.2137063,2026-02-15T13:37:57.989087
Ben Arous,694752059,forest,,36.6903163,10.2141703,2026-02-15T13:37:57.989087
Ben Arous,696660091,greenfield,,36.8256724,10.1839395,2026-02-15T13:37:57.989087
Ben Arous,715447803,industrial,usine faience,36.7585194,10.1977271,2026-02-15T13:37:57.989087
Ben Arous,771392700,grass,,36.7598538,10.194594,2026-02-15T13:37:57.989087
Ben Arous,771392701,grass,,36.7604531,10.1941902,2026-02-15T13:37:57.989087
Ben Arous,771392702,grass,,36.7607826,10.1939765,2026-02-15T13:37:57.989087
Ben Arous,771392715,grass,,36.7643731,10.1936755,2026-02-15T13:37:57.989087
Ben Arous,782841325,retail,,36.7969229,10.1329002,2026-02-15T13:37:57.989087
Ben Arous,784235371,greenfield,,36.6877018,10.2021119,2026-02-15T13:37:57.989087
Ben Arous,784235372,industrial,,36.6908473,10.2033068,2026-02-15T13:37:57.989087
Ben Arous,784235373,farmland,,36.6938509,10.2064437,2026-02-15T13:37:57.989087
Ben Arous,784235374,farmland,,36.6955229,10.1992839,2026-02-15T13:37:57.989087
Ben Arous,784235375,greenfield,,36.6825331,10.1916895,2026-02-15T13:37:57.989087
Ben Arous,784235376,greenfield,,36.6853486,10.1981321,2026-02-15T13:37:57.989087
Ben Arous,784235377,farmland,,36.6832009,10.1981476,2026-02-15T13:37:57.989087
Ben Arous,784235378,farmland,,36.6917164,10.1939499,2026-02-15T13:37:57.989087
Ben Arous,784235379,farmland,,36.6864456,10.1998937,2026-02-15T13:37:57.989087
Ben Arous,784235380,greenfield,,36.6890687,10.1990891,2026-02-15T13:37:57.989087
Ben Arous,784235381,farmland,,36.6872559,10.1934635,2026-02-15T13:37:57.989087
Ben Arous,784235382,industrial,,36.6892698,10.1974153,2026-02-15T13:37:57.989087
Ben Arous,784235383,brownfield,,36.6904667,10.197524,2026-02-15T13:37:57.989087
Ben Arous,784235384,greenfield,,36.6904538,10.1985138,2026-02-15T13:37:57.989087
Ben Arous,784235385,brownfield,,36.6910936,10.201334,2026-02-15T13:37:57.989087
Ben Arous,784235386,brownfield,,36.6909629,10.2073436,2026-02-15T13:37:57.989087
Ben Arous,784235387,brownfield,,36.6898999,10.2099466,2026-02-15T13:37:57.989087
Ben Arous,793159655,brownfield,,36.780981,10.1133138,2026-02-15T13:37:57.989087
Ben Arous,795166693,landfill,,36.7584254,10.1986367,2026-02-15T13:37:57.989087
Ben Arous,795166694,grass,,36.7580377,10.1981007,2026-02-15T13:37:57.989087
Ben Arous,795166695,grass,,36.7575256,10.1984944,2026-02-15T13:37:57.989087
Ben Arous,812598080,commercial,CME,36.78855,10.1191261,2026-02-15T13:37:57.989087
Ben Arous,827830289,retail,Azur City,36.7264421,10.25689,2026-02-15T13:37:57.989087
Ben Arous,844671725,grass,,36.7433636,10.2028741,2026-02-15T13:37:57.989087
Ben Arous,865157394,retail,,36.7680644,10.1123032,2026-02-15T13:37:57.989087
Ben Arous,903665543,railway,,36.8007414,10.192651,2026-02-15T13:37:57.989087
Ben Arous,953456708,grass,,36.7297963,10.1992453,2026-02-15T13:37:57.989087
Ben Arous,953467945,residential,,36.7166581,10.2124866,2026-02-15T13:37:57.989087
Ben Arous,1019009950,retail,kiosque agil,36.705759,10.205331,2026-02-15T13:37:57.989087
Ben Arous,1086068592,forest,,36.7910239,10.1385652,2026-02-15T13:37:57.989087
Ben Arous,1101183858,grass,,36.7340178,10.2104363,2026-02-15T13:37:57.989087
Ben Arous,1131162311,cemetery,,36.7281385,10.3257611,2026-02-15T13:37:57.989087
Ben Arous,1159145015,quarry,société el hane,36.7762073,10.1147993,2026-02-15T13:37:57.989087
Ben Arous,1159149689,brownfield,,36.7036029,10.1705707,2026-02-15T13:37:57.989087
Ben Arous,1159149858,farmland,ferme gammoudi,36.6947909,10.1828546,2026-02-15T13:37:57.989087
Ben Arous,1159149859,farmland,,36.6961954,10.1793648,2026-02-15T13:37:57.989087
Ben Arous,1159149860,farmland,,36.6974879,10.1832976,2026-02-15T13:37:57.989087
Ben Arous,1159151665,brownfield,,36.7035457,10.1709925,2026-02-15T13:37:57.989087
Ben Arous,1159152241,brownfield,,36.70294,10.1748012,2026-02-15T13:37:57.989087
Ben Arous,1159153625,industrial,مذبح حي المسك,36.7086137,10.1713489,2026-02-15T13:37:57.989087
Ben Arous,1159154887,brownfield,,36.7068309,10.1665798,2026-02-15T13:37:57.989087
Ben Arous,1159154890,brownfield,,36.7075283,10.1688439,2026-02-15T13:37:57.989087
Ben Arous,1159155988,farmland,,36.6936761,10.1854908,2026-02-15T13:37:57.989087
Ben Arous,1159155993,farmland,,36.6953013,10.1862063,2026-02-15T13:37:57.989087
Ben Arous,1159156004,farmland,,36.6960536,10.1867374,2026-02-15T13:37:57.989087
Ben Arous,1159156343,orchard,,36.7802603,10.1138317,2026-02-15T13:37:57.989087
Ben Arous,1159156511,brownfield,,36.7490619,10.1106337,2026-02-15T13:37:57.989087
Ben Arous,1159156513,brownfield,,36.749237,10.1111534,2026-02-15T13:37:57.989087
Ben Arous,1159156514,brownfield,,36.7489827,10.1108946,2026-02-15T13:37:57.989087
Ben Arous,1159156520,brownfield,,36.7486889,10.110641,2026-02-15T13:37:57.989087
Ben Arous,1159156527,brownfield,,36.7483397,10.1115738,2026-02-15T13:37:57.989087
Ben Arous,1159156528,brownfield,,36.7474586,10.112982,2026-02-15T13:37:57.989087
Ben Arous,1159156529,brownfield,,36.7478584,10.1133549,2026-02-15T13:37:57.989087
Ben Arous,1159156530,brownfield,,36.7466268,10.1143231,2026-02-15T13:37:57.989087
Ben Arous,1159157333,orchard,,36.7551355,10.1185278,2026-02-15T13:37:57.989087
Ben Arous,1159158505,greenfield,,36.7590098,10.1189159,2026-02-15T13:37:57.989087
Ben Arous,1159158909,brownfield,,36.7105974,10.1634094,2026-02-15T13:37:57.989087
Ben Arous,1159158910,brownfield,,36.708891,10.1627333,2026-02-15T13:37:57.989087
Ben Arous,1159158911,brownfield,,36.7085377,10.1631624,2026-02-15T13:37:57.989087
Ben Arous,1159158912,brownfield,,36.7080527,10.1639957,2026-02-15T13:37:57.989087
Ben Arous,1159158913,brownfield,,36.7076412,10.1633442,2026-02-15T13:37:57.989087
Ben Arous,1159158914,brownfield,,36.709891,10.1642682,2026-02-15T13:37:57.989087
Ben Arous,1159159839,farmland,,36.696499,10.1873156,2026-02-15T13:37:57.990082
Ben Arous,1159159850,brownfield,,36.6974,10.1861717,2026-02-15T13:37:57.990082
Ben Arous,1159159851,brownfield,,36.6978797,10.1874037,2026-02-15T13:37:57.990082
Ben Arous,1159159855,brownfield,,36.6972794,10.1876174,2026-02-15T13:37:57.990082
Ben Arous,1159159857,brownfield,,36.6974012,10.1872422,2026-02-15T13:37:57.990082
Ben Arous,1159170723,brownfield,,36.6994287,10.1806689,2026-02-15T13:37:57.990082
Ben Arous,1159170724,brownfield,,36.6990472,10.1800898,2026-02-15T13:37:57.990082
Ben Arous,1159170725,brownfield,,36.6994733,10.179956,2026-02-15T13:37:57.990082
Ben Arous,1159170726,brownfield,,36.6994426,10.1796326,2026-02-15T13:37:57.990082
Ben Arous,1159170727,brownfield,,36.6998353,10.1801725,2026-02-15T13:37:57.990082
Ben Arous,1159170728,brownfield,,36.7003438,10.1811346,2026-02-15T13:37:57.990082
Ben Arous,1159170729,brownfield,,36.6987748,10.1805703,2026-02-15T13:37:57.990082
Ben Arous,1159170730,brownfield,,36.6999038,10.1809497,2026-02-15T13:37:57.990082
Ben Arous,1159170731,brownfield,,36.7003628,10.180216,2026-02-15T13:37:57.990082
Ben Arous,1159170747,brownfield,,36.7004182,10.1790482,2026-02-15T13:37:57.990082
Ben Arous,1159172641,cemetery,,36.7667886,10.1120659,2026-02-15T13:37:57.990082
Ben Arous,1159176843,orchard,espace bettoumi,36.7528243,10.1217625,2026-02-15T13:37:57.990082
Ben Arous,1159178075,brownfield,,36.7015433,10.1790935,2026-02-15T13:37:57.990082
Ben Arous,1159185684,farmland,,36.7031677,10.1748846,2026-02-15T13:37:57.990082
Ben Arous,1159185685,brownfield,,36.7016951,10.17345,2026-02-15T13:37:57.990082
Ben Arous,1159185687,farmland,,36.7011862,10.1723637,2026-02-15T13:37:57.990082
Ben Arous,1159185715,brownfield,,36.7079815,10.1702916,2026-02-15T13:37:57.990082
Ben Arous,1159185716,brownfield,,36.708372,10.1692431,2026-02-15T13:37:57.990082
Ben Arous,1159185717,brownfield,,36.708142,10.168942,2026-02-15T13:37:57.990082
Ben Arous,1159186601,brownfield,,36.709063,10.1701729,2026-02-15T13:37:57.990082
Ben Arous,1159187191,grass,,36.7562062,10.1213635,2026-02-15T13:37:57.990082
Ben Arous,1162730670,forest,,36.7432383,10.2153425,2026-02-15T13:37:57.990082
Ben Arous,1163019942,brownfield,,36.703287,10.1703278,2026-02-15T13:37:57.990082
Ben Arous,1163433159,religious,,36.7488711,10.2222436,2026-02-15T13:37:57.990082
Ben Arous,1163433160,religious,,36.7511436,10.2249453,2026-02-15T13:37:57.990082
Ben Arous,1163659445,brownfield,,36.7080422,10.1674809,2026-02-15T13:37:57.990082
Ben Arous,1163659446,brownfield,,36.7068053,10.1662878,2026-02-15T13:37:57.990082
Ben Arous,1163675397,brownfield,,36.7081144,10.1678196,2026-02-15T13:37:57.990082
Ben Arous,1163678977,brownfield,,36.7064971,10.1710346,2026-02-15T13:37:57.990082
Ben Arous,1163678985,brownfield,,36.7068331,10.1705812,2026-02-15T13:37:57.990082
Ben Arous,1163678986,brownfield,,36.7065775,10.171493,2026-02-15T13:37:57.990082
Ben Arous,1163678987,brownfield,,36.7067732,10.1716588,2026-02-15T13:37:57.990082
Ben Arous,1163681145,brownfield,,36.7073932,10.1719153,2026-02-15T13:37:57.990082
Ben Arous,1164208755,brownfield,,36.7078264,10.1710383,2026-02-15T13:37:57.990082
Ben Arous,1164355364,brownfield,,36.7040688,10.1660412,2026-02-15T13:37:57.990082
Ben Arous,1164494867,brownfield,,36.7081357,10.1719752,2026-02-15T13:37:57.990082
Ben Arous,1164692701,brownfield,,36.7076765,10.1709746,2026-02-15T13:37:57.990082
Ben Arous,1164695550,brownfield,,36.7095065,10.1687674,2026-02-15T13:37:57.990082
Ben Arous,1164711136,brownfield,,36.7073759,10.1708619,2026-02-15T13:37:57.990082
Ben Arous,1164751493,brownfield,,36.7097014,10.1704408,2026-02-15T13:37:57.990082
Ben Arous,1164847080,brownfield,,36.7095276,10.1680669,2026-02-15T13:37:57.990082
Ben Arous,1164847081,brownfield,,36.7093014,10.1683189,2026-02-15T13:37:57.990082
Ben Arous,1164847820,brownfield,,36.7110702,10.1674998,2026-02-15T13:37:57.990082
Ben Arous,1169640203,brownfield,,36.7579378,10.1096908,2026-02-15T13:37:57.990082
Ben Arous,1169640204,brownfield,,36.7582699,10.1090496,2026-02-15T13:37:57.990082
Ben Arous,1169640205,brownfield,,36.7585093,10.1088001,2026-02-15T13:37:57.990082
Ben Arous,1169640206,brownfield,,36.7586961,10.1085077,2026-02-15T13:37:57.990082
Ben Arous,1169640207,brownfield,,36.7576037,10.1082555,2026-02-15T13:37:57.990082
Ben Arous,1169640208,brownfield,,36.7578476,10.1079859,2026-02-15T13:37:57.990082
Ben Arous,1169640209,brownfield,,36.7580743,10.1077365,2026-02-15T13:37:57.990082
Ben Arous,1169646505,grass,,36.7551233,10.1072243,2026-02-15T13:37:57.990082
Ben Arous,1178423853,industrial,,36.7057758,10.1602773,2026-02-15T13:37:57.990082
Ben Arous,1182285130,brownfield,,36.7096266,10.1617879,2026-02-15T13:37:57.990082
Ben Arous,1182933962,brownfield,,36.7014784,10.1656067,2026-02-15T13:37:57.990082
Ben Arous,1182935662,brownfield,,36.7077626,10.164751,2026-02-15T13:37:57.990082
Ben Arous,1182940835,brownfield,,36.7093756,10.162225,2026-02-15T13:37:57.990082
Ben Arous,1182940836,brownfield,,36.7106959,10.1656247,2026-02-15T13:37:57.990082
Ben Arous,1182940855,brownfield,,36.7084052,10.1651786,2026-02-15T13:37:57.990082
Ben Arous,1182940856,brownfield,,36.7090595,10.1649596,2026-02-15T13:37:57.990082
Ben Arous,1182940857,brownfield,,36.709338,10.1655711,2026-02-15T13:37:57.990082
Ben Arous,1182940858,brownfield,,36.7091574,10.1660418,2026-02-15T13:37:57.990082
Ben Arous,1183746375,brownfield,,36.7026026,10.166979,2026-02-15T13:37:57.990082
Ben Arous,1183746385,brownfield,,36.7018225,10.1669039,2026-02-15T13:37:57.990082
Ben Arous,1183747336,brownfield,,36.7008672,10.1679957,2026-02-15T13:37:57.990082
Ben Arous,1184814610,brownfield,,36.7021571,10.1671501,2026-02-15T13:37:57.990082
Ben Arous,1184814629,brownfield,,36.7016328,10.1682489,2026-02-15T13:37:57.990082
Ben Arous,1186108103,brownfield,,36.7035531,10.1628011,2026-02-15T13:37:57.990082
Ben Arous,1186109521,brownfield,,36.7063414,10.158328,2026-02-15T13:37:57.990082
Ben Arous,1186109874,brownfield,,36.7056509,10.1609174,2026-02-15T13:37:57.990082
Ben Arous,1186293653,brownfield,,36.7051758,10.1689354,2026-02-15T13:37:57.990082
Ben Arous,1186293684,brownfield,,36.7048114,10.1676411,2026-02-15T13:37:57.990082
Ben Arous,1186338023,brownfield,,36.7066208,10.1590354,2026-02-15T13:37:57.990082
Ben Arous,1186516318,brownfield,,36.7572699,10.1099787,2026-02-15T13:37:57.990082
Ben Arous,1186546876,brownfield,,36.7578216,10.1107469,2026-02-15T13:37:57.990082
Ben Arous,1186546890,brownfield,,36.7580571,10.1114151,2026-02-15T13:37:57.990082
Ben Arous,1186559198,brownfield,,36.7021855,10.167371,2026-02-15T13:37:57.990082
Ben Arous,1186871796,brownfield,,36.7028017,10.1659555,2026-02-15T13:37:57.990082
Ben Arous,1186881705,brownfield,,36.7029166,10.1696072,2026-02-15T13:37:57.990082
Ben Arous,1187052364,greenfield,,36.7007534,10.1695258,2026-02-15T13:37:57.990082
Ben Arous,1187052365,greenfield,,36.7005847,10.1694011,2026-02-15T13:37:57.990082
Ben Arous,1187496571,brownfield,,36.7011809,10.1708557,2026-02-15T13:37:57.990082
Ben Arous,1187496575,brownfield,,36.7007204,10.1704523,2026-02-15T13:37:57.990082
Ben Arous,1187496581,brownfield,,36.7007892,10.1703071,2026-02-15T13:37:57.990082
Ben Arous,1187583905,brownfield,,36.6999999,10.1693479,2026-02-15T13:37:57.990082
Ben Arous,1187594792,brownfield,,36.7000917,10.1686332,2026-02-15T13:37:57.990082
Ben Arous,1187600344,brownfield,,36.7121237,10.1630868,2026-02-15T13:37:57.990082
Ben Arous,1187600345,brownfield,,36.7116411,10.1636672,2026-02-15T13:37:57.990082
Ben Arous,1187600347,brownfield,,36.7117655,10.1628217,2026-02-15T13:37:57.990082
Ben Arous,1187600350,brownfield,,36.7117148,10.1620765,2026-02-15T13:37:57.990082
Ben Arous,1187600351,brownfield,,36.712456,10.1622369,2026-02-15T13:37:57.990082
Ben Arous,1187600355,brownfield,,36.7127758,10.1618966,2026-02-15T13:37:57.990082
Ben Arous,1187600356,brownfield,,36.7131696,10.1612649,2026-02-15T13:37:57.990082
Ben Arous,1188232133,brownfield,,36.7068667,10.1784416,2026-02-15T13:37:57.990082
Ben Arous,1188235788,brownfield,,36.7075938,10.1773725,2026-02-15T13:37:57.990082
Ben Arous,1188258902,brownfield,,36.75587,10.1099763,2026-02-15T13:37:57.990082
Ben Arous,1188258905,brownfield,,36.7558107,10.1097297,2026-02-15T13:37:57.990082
Ben Arous,1188258906,brownfield,,36.7558004,10.1096319,2026-02-15T13:37:57.990082
Ben Arous,1188258911,brownfield,,36.7561016,10.1096153,2026-02-15T13:37:57.990082
Ben Arous,1188258916,brownfield,,36.7561721,10.1102926,2026-02-15T13:37:57.990082
Ben Arous,1188258917,brownfield,,36.7560828,10.1101887,2026-02-15T13:37:57.990082
Ben Arous,1188258920,brownfield,,36.7562327,10.1102093,2026-02-15T13:37:57.990082
Ben Arous,1188266987,residential,B HAMZA,36.7597181,10.1130629,2026-02-15T13:37:57.990082
Ben Arous,1188345174,brownfield,,36.7563301,10.1106106,2026-02-15T13:37:57.990082
Ben Arous,1188345186,brownfield,,36.7564866,10.110743,2026-02-15T13:37:57.990082
Ben Arous,1188345192,brownfield,,36.756773,10.1107204,2026-02-15T13:37:57.990082
Ben Arous,1188411881,grass,,36.7619563,10.1121171,2026-02-15T13:37:57.990082
Ben Arous,1188411895,grass,,36.7628584,10.1129059,2026-02-15T13:37:57.990082
Ben Arous,1188419544,grass,,36.761803,10.1101284,2026-02-15T13:37:57.990082
Ben Arous,1188430088,brownfield,,36.7568658,10.1103875,2026-02-15T13:37:57.990082
Ben Arous,1188430090,brownfield,,36.7569077,10.1106288,2026-02-15T13:37:57.990082
Ben Arous,1188430095,brownfield,,36.7567665,10.1110664,2026-02-15T13:37:57.990082
Ben Arous,1188430098,brownfield,,36.756848,10.1111859,2026-02-15T13:37:57.990082
Ben Arous,1188430100,brownfield,,36.7570065,10.1110016,2026-02-15T13:37:57.990082
Ben Arous,1188434063,brownfield,,36.7570712,10.1111072,2026-02-15T13:37:57.990082
Ben Arous,1188442108,brownfield,,36.7576131,10.1119426,2026-02-15T13:37:57.990082
Ben Arous,1188442110,brownfield,,36.7579337,10.1121508,2026-02-15T13:37:57.990082
Ben Arous,1188458985,brownfield,,36.7089616,10.1823243,2026-02-15T13:37:57.990082
Ben Arous,1188461739,greenfield,,36.7527688,10.1069129,2026-02-15T13:37:57.990082
Ben Arous,1188461749,greenfield,,36.7527232,10.1072725,2026-02-15T13:37:57.990082
Ben Arous,1188461753,greenfield,,36.7529885,10.1075289,2026-02-15T13:37:57.990082
Ben Arous,1188496379,greenfield,,36.7633703,10.1156147,2026-02-15T13:37:57.990082
Ben Arous,1188496387,greenfield,,36.7638558,10.115328,2026-02-15T13:37:57.990082
Ben Arous,1188496414,greenfield,,36.7636776,10.116369,2026-02-15T13:37:57.990082
Ben Arous,1188496422,greenfield,,36.7639451,10.1162219,2026-02-15T13:37:57.990082
Ben Arous,1188497826,greenfield,,36.7632574,10.1166135,2026-02-15T13:37:57.990082
Ben Arous,1188519729,brownfield,,36.766455,10.11426,2026-02-15T13:37:57.990082
Ben Arous,1188534832,greenfield,,36.7630685,10.1177982,2026-02-15T13:37:57.990082
Ben Arous,1188534845,greenfield,,36.7628356,10.1172736,2026-02-15T13:37:57.990082
Ben Arous,1188534876,greenfield,,36.7625648,10.1164634,2026-02-15T13:37:57.990082
Ben Arous,1188534880,greenfield,,36.7624528,10.1156733,2026-02-15T13:37:57.990082
Ben Arous,1188534881,greenfield,,36.7622517,10.1153853,2026-02-15T13:37:57.990082
Ben Arous,1188534891,greenfield,,36.7627362,10.115463,2026-02-15T13:37:57.990082
Ben Arous,1188534893,greenfield,,36.7627205,10.1153343,2026-02-15T13:37:57.990082
Ben Arous,1188534896,greenfield,,36.7627565,10.1158682,2026-02-15T13:37:57.990082
Ben Arous,1189142380,brownfield,,36.7016956,10.180806,2026-02-15T13:37:57.990082
Ben Arous,1189404232,brownfield,,36.6999956,10.1786524,2026-02-15T13:37:57.990082
Ben Arous,1189404243,brownfield,,36.7002425,10.1783759,2026-02-15T13:37:57.990082
Ben Arous,1189422306,brownfield,,36.6974465,10.1870217,2026-02-15T13:37:57.990082
Ben Arous,1189505102,brownfield,,36.704701,10.1815363,2026-02-15T13:37:57.990082
Ben Arous,1189509087,brownfield,,36.7056987,10.1827198,2026-02-15T13:37:57.990082
Ben Arous,1189509227,brownfield,,36.7026955,10.1803201,2026-02-15T13:37:57.990082
Ben Arous,1189509228,brownfield,,36.7023814,10.1800436,2026-02-15T13:37:57.990082
Ben Arous,1189621967,brownfield,,36.703184,10.1816521,2026-02-15T13:37:57.990082
Ben Arous,1189622035,brownfield,,36.7033859,10.1802017,2026-02-15T13:37:57.990082
Ben Arous,1189622037,brownfield,,36.703198,10.1799881,2026-02-15T13:37:57.990082
Ben Arous,1189880463,brownfield,,36.7074638,10.1799036,2026-02-15T13:37:57.990082
Ben Arous,1190125083,brownfield,,36.7086148,10.1792458,2026-02-15T13:37:57.990082
Ben Arous,1190125088,brownfield,,36.708622,10.1796035,2026-02-15T13:37:57.990082
Ben Arous,1190215262,orchard,,36.7592697,10.1079426,2026-02-15T13:37:57.990082
Ben Arous,1190887796,grass,,36.7592742,10.1079347,2026-02-15T13:37:57.990082
Ben Arous,1191170661,brownfield,,36.7630286,10.1145373,2026-02-15T13:37:57.990082
Ben Arous,1191170699,brownfield,,36.7653187,10.1123981,2026-02-15T13:37:57.990082
Ben Arous,1191237242,brownfield,,36.7665606,10.1131981,2026-02-15T13:37:57.990082
Ben Arous,1191237249,brownfield,,36.7665011,10.1130071,2026-02-15T13:37:57.990082
Ben Arous,1191237260,brownfield,,36.7663552,10.1138065,2026-02-15T13:37:57.990082
Ben Arous,1191246124,brownfield,,36.7663341,10.113579,2026-02-15T13:37:57.990082
Ben Arous,1191251783,brownfield,,36.7661084,10.1135,2026-02-15T13:37:57.990082
Ben Arous,1191254502,brownfield,,36.7656051,10.1128114,2026-02-15T13:37:57.990082
Ben Arous,1191372892,brownfield,,36.7646554,10.114044,2026-02-15T13:37:57.990082
Ben Arous,1191372893,brownfield,,36.7652399,10.1134045,2026-02-15T13:37:57.990082
Ben Arous,1191372901,brownfield,,36.7645798,10.1129979,2026-02-15T13:37:57.990082
Ben Arous,1191425974,brownfield,,36.765132,10.1135568,2026-02-15T13:37:57.990082
Ben Arous,1191425977,brownfield,,36.7649093,10.1134017,2026-02-15T13:37:57.990082
Ben Arous,1191425987,brownfield,,36.7645649,10.1131993,2026-02-15T13:37:57.990082
Ben Arous,1191426022,brownfield,,36.764337,10.1131941,2026-02-15T13:37:57.990082
Ben Arous,1191437229,brownfield,,36.7635958,10.114161,2026-02-15T13:37:57.990082
Ben Arous,1191437239,brownfield,,36.7632455,10.1139138,2026-02-15T13:37:57.990082
Ben Arous,1192349291,farmyard,,36.706521,10.1862664,2026-02-15T13:37:57.990082
Ben Arous,1192349294,brownfield,,36.707808,10.1818334,2026-02-15T13:37:57.990082
Ben Arous,1193303384,farmland,,36.7021486,10.1837249,2026-02-15T13:37:57.990082
Ben Arous,1193303385,farmland,,36.7039865,10.1860459,2026-02-15T13:37:57.990082
Ben Arous,1193303386,farmland,,36.703649,10.1890379,2026-02-15T13:37:57.990082
Ben Arous,1193546819,greenfield,,36.7696969,10.1176784,2026-02-15T13:37:57.990082
Ben Arous,1193546820,greenfield,,36.7695523,10.1175658,2026-02-15T13:37:57.990082
Ben Arous,1193547867,industrial,,36.7782162,10.1140791,2026-02-15T13:37:57.990082
Ben Arous,1193596335,greenfield,,36.7705799,10.1176415,2026-02-15T13:37:57.990082
Ben Arous,1193614808,greenfield,,36.7689303,10.1179736,2026-02-15T13:37:57.990082
Ben Arous,1193614830,greenfield,,36.7682125,10.1171263,2026-02-15T13:37:57.990082
Ben Arous,1194072908,industrial,,36.7784613,10.1139377,2026-02-15T13:37:57.990082
Ben Arous,1197325013,brownfield,,36.7194432,10.1566797,2026-02-15T13:37:57.990082
Ben Arous,1197325017,brownfield,,36.7193289,10.1562456,2026-02-15T13:37:57.990082
Ben Arous,1197344278,brownfield,,36.7185862,10.1580575,2026-02-15T13:37:57.990082
Ben Arous,1197656268,brownfield,,36.717214,10.1587419,2026-02-15T13:37:57.990082
Ben Arous,1197818273,brownfield,,36.7168887,10.1581251,2026-02-15T13:37:57.990082
Ben Arous,1197818276,brownfield,,36.7167794,10.158396,2026-02-15T13:37:57.990082
Ben Arous,1197818277,brownfield,,36.71704,10.1576568,2026-02-15T13:37:57.990082
Ben Arous,1197818286,brownfield,,36.7166276,10.158226,2026-02-15T13:37:57.990082
Ben Arous,1197818296,brownfield,,36.7167037,10.1593015,2026-02-15T13:37:57.990082
Ben Arous,1198257416,brownfield,,36.7040095,10.1541665,2026-02-15T13:37:57.990082
Ben Arous,1198269715,brownfield,,36.7029196,10.1539507,2026-02-15T13:37:57.990082
Ben Arous,1198305963,brownfield,,36.7174147,10.1877072,2026-02-15T13:37:57.990082
Ben Arous,1198305964,industrial,,36.7176298,10.1862817,2026-02-15T13:37:57.990082
Ben Arous,1198305965,brownfield,,36.7176962,10.185866,2026-02-15T13:37:57.990082
Ben Arous,1198646810,farmland,,36.6910383,10.1563208,2026-02-15T13:37:57.990082
Ben Arous,1198646826,brownfield,,36.6902612,10.1577899,2026-02-15T13:37:57.990082
Ben Arous,1198646857,brownfield,,36.6906648,10.1584099,2026-02-15T13:37:57.990082
Ben Arous,1198646858,brownfield,,36.6906575,10.158063,2026-02-15T13:37:57.990082
Ben Arous,1198646860,brownfield,,36.6906239,10.1584812,2026-02-15T13:37:57.990082
Ben Arous,1198651857,brownfield,,36.6897765,10.1602366,2026-02-15T13:37:57.990082
Ben Arous,1198651858,brownfield,,36.6897252,10.1604395,2026-02-15T13:37:57.990082
Ben Arous,1198658482,farmland,,36.691169,10.1620379,2026-02-15T13:37:57.990082
Ben Arous,1198658483,brownfield,,36.6919315,10.1593089,2026-02-15T13:37:57.990082
Ben Arous,1198666507,brownfield,,36.7005223,10.1481351,2026-02-15T13:37:57.990082
Ben Arous,1198925784,brownfield,,36.7180333,10.1620198,2026-02-15T13:37:57.990082
Ben Arous,1198940915,farmland,,36.6880588,10.1883298,2026-02-15T13:37:57.990082
Ben Arous,1198940916,farmland,,36.6878619,10.1873674,2026-02-15T13:37:57.990082
Ben Arous,1198940917,farmland,,36.6890827,10.1878426,2026-02-15T13:37:57.990082
Ben Arous,1198940928,brownfield,,36.6911542,10.189527,2026-02-15T13:37:57.990082
Ben Arous,1198940935,brownfield,,36.6914195,10.1887447,2026-02-15T13:37:57.990082
Ben Arous,1198940942,farmland,,36.6884539,10.1857897,2026-02-15T13:37:57.990082
Ben Arous,1198947218,brownfield,,36.700704,10.1501972,2026-02-15T13:37:57.990082
Ben Arous,1198947260,brownfield,,36.700259,10.1472297,2026-02-15T13:37:57.990082
Ben Arous,1198947261,brownfield,,36.7007709,10.1508627,2026-02-15T13:37:57.990082
Ben Arous,1198947262,brownfield,,36.701093,10.1506265,2026-02-15T13:37:57.990082
Ben Arous,1198947263,brownfield,,36.7011153,10.1504386,2026-02-15T13:37:57.990082
Ben Arous,1198947265,brownfield,,36.7014387,10.1502054,2026-02-15T13:37:57.990082
Ben Arous,1198947267,brownfield,,36.7021415,10.1501111,2026-02-15T13:37:57.990082
Ben Arous,1198947270,brownfield,,36.701655,10.1495788,2026-02-15T13:37:57.990082
Ben Arous,1198947272,brownfield,,36.701306,10.1499043,2026-02-15T13:37:57.990082
Ben Arous,1198947274,brownfield,,36.7008117,10.1504267,2026-02-15T13:37:57.990082
Ben Arous,1198947276,brownfield,,36.701242,10.1495731,2026-02-15T13:37:57.990082
Ben Arous,1198947279,brownfield,,36.7011856,10.1493582,2026-02-15T13:37:57.990082
Ben Arous,1198947280,brownfield,,36.7007865,10.1496804,2026-02-15T13:37:57.990082
Ben Arous,1198947286,brownfield,,36.700468,10.1500988,2026-02-15T13:37:57.990082
Ben Arous,1198947287,brownfield,,36.7004227,10.1496295,2026-02-15T13:37:57.990082
Ben Arous,1198947289,brownfield,,36.7007621,10.1489069,2026-02-15T13:37:57.990082
Ben Arous,1198947291,brownfield,,36.6999526,10.1492174,2026-02-15T13:37:57.990082
Ben Arous,1198947292,brownfield,,36.6998117,10.1466397,2026-02-15T13:37:57.990082
Ben Arous,1198947296,brownfield,,36.6986772,10.1492583,2026-02-15T13:37:57.990082
Ben Arous,1198949018,farmland,,36.6914655,10.1840629,2026-02-15T13:37:57.990082
Ben Arous,1198949019,farmland,,36.6891495,10.1843161,2026-02-15T13:37:57.990082
Ben Arous,1198949022,farmland,,36.6889483,10.1841426,2026-02-15T13:37:57.990082
Ben Arous,1198949024,farmland,,36.6892941,10.1830161,2026-02-15T13:37:57.990082
Ben Arous,1198949030,brownfield,,36.691555,10.1848593,2026-02-15T13:37:57.990082
Ben Arous,1198949034,brownfield,,36.6924911,10.1854794,2026-02-15T13:37:57.990082
Ben Arous,1198951916,farmland,,36.6941427,10.1774647,2026-02-15T13:37:57.990082
Ben Arous,1198951917,farmland,,36.6931585,10.1816693,2026-02-15T13:37:57.990082
Ben Arous,1198951918,farmland,,36.6919128,10.178957,2026-02-15T13:37:57.990082
Ben Arous,1198951931,farmland,,36.6924729,10.1816173,2026-02-15T13:37:57.990082
Ben Arous,1198951932,farmland,,36.6915868,10.1806216,2026-02-15T13:37:57.990082
Ben Arous,1198963221,brownfield,,36.7004626,10.1507815,2026-02-15T13:37:57.990082
Ben Arous,1198963226,brownfield,,36.7000025,10.1509213,2026-02-15T13:37:57.990082
Ben Arous,1198963227,brownfield,,36.699869,10.151072,2026-02-15T13:37:57.990082
Ben Arous,1198963239,brownfield,,36.7000632,10.1511498,2026-02-15T13:37:57.990082
Ben Arous,1198963244,brownfield,,36.7001136,10.1501827,2026-02-15T13:37:57.990082
Ben Arous,1198963247,brownfield,,36.6999404,10.1506298,2026-02-15T13:37:57.990082
Ben Arous,1198963253,brownfield,,36.6994487,10.1508868,2026-02-15T13:37:57.990082
Ben Arous,1198963281,brownfield,,36.6990777,10.1512225,2026-02-15T13:37:57.990082
Ben Arous,1198963738,farmland,,36.688986,10.1826952,2026-02-15T13:37:57.990082
Ben Arous,1198963749,farmland,,36.686282,10.174666,2026-02-15T13:37:57.990082
Ben Arous,1198963763,farmland,,36.6877213,10.1742184,2026-02-15T13:37:57.990082
Ben Arous,1198963764,farmland,,36.6884854,10.1726147,2026-02-15T13:37:57.990082
Ben Arous,1198963773,farmland,,36.6870485,10.1734408,2026-02-15T13:37:57.990082
Ben Arous,1198963776,farmland,,36.6863646,10.1737445,2026-02-15T13:37:57.990082
Ben Arous,1198963777,farmland,,36.686023,10.1741361,2026-02-15T13:37:57.990082
Ben Arous,1198963779,farmland,,36.6847354,10.1758371,2026-02-15T13:37:57.990082
Ben Arous,1198963786,farmland,,36.689473,10.1736565,2026-02-15T13:37:57.990082
Ben Arous,1198963799,farmland,,36.6871965,10.1717381,2026-02-15T13:37:57.990082
Ben Arous,1199279528,farmland,,36.7008489,10.1587243,2026-02-15T13:37:57.990082
Ben Arous,1199279529,farmland,,36.699263,10.1617777,2026-02-15T13:37:57.990082
Ben Arous,1199290420,brownfield,,36.6979389,10.1641812,2026-02-15T13:37:57.990082
Ben Arous,1199290421,farmland,,36.6972059,10.1655036,2026-02-15T13:37:57.990082
Ben Arous,1199302504,industrial,STGE,36.7181219,10.165672,2026-02-15T13:37:57.990082
Ben Arous,1200002813,greenfield,,36.768969,10.1141761,2026-02-15T13:37:57.990082
Ben Arous,1200006297,brownfield,,36.6936354,10.174252,2026-02-15T13:37:57.990082
Ben Arous,1200006356,brownfield,,36.6932417,10.1749286,2026-02-15T13:37:57.990082
Ben Arous,1200006361,brownfield,,36.6932116,10.1752167,2026-02-15T13:37:57.990082
Ben Arous,1200006362,brownfield,,36.6933823,10.1747516,2026-02-15T13:37:57.990082
Ben Arous,1200006363,brownfield,,36.6927883,10.173145,2026-02-15T13:37:57.990082
Ben Arous,1200010199,farmland,,36.6845029,10.1866183,2026-02-15T13:37:57.990082
Ben Arous,1200010201,farmland,,36.6814398,10.1799277,2026-02-15T13:37:57.990082
Ben Arous,1200010208,farmland,,36.6875561,10.177326,2026-02-15T13:37:57.990082
Ben Arous,1200584863,industrial,,36.7773037,10.1133206,2026-02-15T13:37:57.990082
Ben Arous,1200604523,brownfield,,36.7736561,10.1184863,2026-02-15T13:37:57.990082
Ben Arous,1200604543,brownfield,,36.773743,10.1185535,2026-02-15T13:37:57.990082
Ben Arous,1200604544,brownfield,,36.774399,10.1191524,2026-02-15T13:37:57.990082
Ben Arous,1200604545,brownfield,,36.7745267,10.1191233,2026-02-15T13:37:57.990082
Ben Arous,1200604546,brownfield,,36.7744442,10.1190084,2026-02-15T13:37:57.990082
Ben Arous,1200604575,brownfield,,36.7732441,10.1188451,2026-02-15T13:37:57.990082
Ben Arous,1200604586,brownfield,,36.7731535,10.1187776,2026-02-15T13:37:57.990082
Ben Arous,1200604587,brownfield,,36.7739124,10.1187841,2026-02-15T13:37:57.990082
Ben Arous,1200604588,brownfield,,36.7737988,10.1189013,2026-02-15T13:37:57.990082
Ben Arous,1200604589,brownfield,,36.7735928,10.1189137,2026-02-15T13:37:57.990082
Ben Arous,1200604590,brownfield,,36.7736492,10.118758,2026-02-15T13:37:57.990082
Ben Arous,1200604591,brownfield,,36.773443,10.1188574,2026-02-15T13:37:57.990082
Ben Arous,1200604592,brownfield,,36.7735076,10.1186961,2026-02-15T13:37:57.990082
Ben Arous,1200604593,brownfield,,36.7740327,10.118837,2026-02-15T13:37:57.990082
Ben Arous,1200604594,brownfield,,36.7730612,10.1189099,2026-02-15T13:37:57.990082
Ben Arous,1200604595,brownfield,,36.7731486,10.1189776,2026-02-15T13:37:57.990082
Ben Arous,1200604596,brownfield,,36.773108,10.119075,2026-02-15T13:37:57.990082
Ben Arous,1200604597,brownfield,,36.7730174,10.1190074,2026-02-15T13:37:57.990082
Ben Arous,1200604598,brownfield,,36.7729732,10.1183654,2026-02-15T13:37:57.990082
Ben Arous,1200604599,brownfield,,36.7730874,10.1184549,2026-02-15T13:37:57.990082
Ben Arous,1200604601,brownfield,,36.7729709,10.1185891,2026-02-15T13:37:57.990082
Ben Arous,1200604603,brownfield,,36.7728524,10.1187835,2026-02-15T13:37:57.990082
Ben Arous,1200604606,brownfield,,36.7725983,10.1182519,2026-02-15T13:37:57.990082
Ben Arous,1200604607,brownfield,,36.772517,10.1184111,2026-02-15T13:37:57.990082
Ben Arous,1200604608,brownfield,,36.7727211,10.1183296,2026-02-15T13:37:57.990082
Ben Arous,1200604610,brownfield,,36.772569,10.1185824,2026-02-15T13:37:57.990082
Ben Arous,1200604611,brownfield,,36.7724454,10.1185295,2026-02-15T13:37:57.990082
Ben Arous,1200669025,brownfield,,36.7051441,10.1583365,2026-02-15T13:37:57.990082
Ben Arous,1200700024,brownfield,,36.6977524,10.1684604,2026-02-15T13:37:57.990082
Ben Arous,1200813819,brownfield,,36.6958695,10.1728916,2026-02-15T13:37:57.990082
Ben Arous,1200813820,brownfield,,36.6947685,10.1738698,2026-02-15T13:37:57.990082
Ben Arous,1200813821,brownfield,,36.6950978,10.1748272,2026-02-15T13:37:57.990082
Ben Arous,1200813822,brownfield,,36.6953096,10.1721998,2026-02-15T13:37:57.990082
Ben Arous,1200813824,brownfield,,36.6950117,10.17263,2026-02-15T13:37:57.990082
Ben Arous,1200815945,farmland,,36.6935077,10.1699616,2026-02-15T13:37:57.990082
Ben Arous,1200815946,brownfield,,36.6943188,10.168193,2026-02-15T13:37:57.990082
Ben Arous,1200815947,brownfield,,36.6972115,10.1723527,2026-02-15T13:37:57.990082
Ben Arous,1200819063,farmland,,36.6873097,10.1650248,2026-02-15T13:37:57.990082
Ben Arous,1200822975,brownfield,,36.6936458,10.1671731,2026-02-15T13:37:57.990082
Ben Arous,1200822976,brownfield,,36.6943596,10.1665042,2026-02-15T13:37:57.990082
Ben Arous,1200850055,brownfield,,36.7040464,10.1575165,2026-02-15T13:37:57.990082
Ben Arous,1200899899,brownfield,,36.7030618,10.1582823,2026-02-15T13:37:57.990082
Ben Arous,1200905150,farmland,,36.6917753,10.1656904,2026-02-15T13:37:57.990082
Ben Arous,1200905792,brownfield,,36.7721855,10.1181544,2026-02-15T13:37:57.990082
Ben Arous,1200905796,brownfield,,36.7723348,10.1182236,2026-02-15T13:37:57.990082
Ben Arous,1200905929,brownfield,,36.6922601,10.1712903,2026-02-15T13:37:57.990082
Ben Arous,1200905932,brownfield,,36.6931814,10.1655255,2026-02-15T13:37:57.990082
Ben Arous,1200905933,farmland,,36.6922208,10.1675931,2026-02-15T13:37:57.990082
Ben Arous,1200905934,brownfield,,36.6925195,10.1668471,2026-02-15T13:37:57.990082
Ben Arous,1201034953,brownfield,,36.7170619,10.1604439,2026-02-15T13:37:57.990082
Ben Arous,1201034954,brownfield,,36.7192266,10.1619631,2026-02-15T13:37:57.990082
Ben Arous,1201034973,brownfield,,36.7179184,10.1603285,2026-02-15T13:37:57.990082
Ben Arous,1201034974,brownfield,,36.7176841,10.160005,2026-02-15T13:37:57.990082
Ben Arous,1201034992,brownfield,,36.7187271,10.1623171,2026-02-15T13:37:57.990082
Ben Arous,1201035026,brownfield,,36.7193734,10.1591641,2026-02-15T13:37:57.990082
Ben Arous,1201132988,brownfield,,36.7180816,10.1593066,2026-02-15T13:37:57.990082
Ben Arous,1201147115,brownfield,,36.7035042,10.1598251,2026-02-15T13:37:57.990082
Ben Arous,1201168127,brownfield,,36.7019633,10.1618671,2026-02-15T13:37:57.990082
Ben Arous,1201168157,brownfield,,36.7009844,10.1614566,2026-02-15T13:37:57.990082
Ben Arous,1201171990,brownfield,,36.7008424,10.161115,2026-02-15T13:37:57.990082
Ben Arous,1201172006,brownfield,,36.7005757,10.1607914,2026-02-15T13:37:57.990082
Ben Arous,1201186981,brownfield,,36.7184527,10.1611396,2026-02-15T13:37:57.990082
Ben Arous,1201186982,brownfield,,36.7188105,10.1615764,2026-02-15T13:37:57.990082
Ben Arous,1201186983,brownfield,,36.7181276,10.1611236,2026-02-15T13:37:57.990082
Ben Arous,1201186985,brownfield,,36.7182142,10.1631695,2026-02-15T13:37:57.990082
Ben Arous,1201354720,brownfield,,36.7007647,10.1605435,2026-02-15T13:37:57.990082
Ben Arous,1201411024,brownfield,,36.6911164,10.1740234,2026-02-15T13:37:57.990082
Ben Arous,1201411025,brownfield,,36.6910606,10.1734558,2026-02-15T13:37:57.990082
Ben Arous,1201420909,brownfield,,36.6959604,10.1667639,2026-02-15T13:37:57.990082
Ben Arous,1201427526,brownfield,,36.7197336,10.182301,2026-02-15T13:37:57.990082
Ben Arous,1201427528,brownfield,,36.7168742,10.1739866,2026-02-15T13:37:57.990082
Ben Arous,1201427529,brownfield,,36.7176982,10.1720624,2026-02-15T13:37:57.990082
Ben Arous,1201427530,brownfield,,36.7193683,10.1835541,2026-02-15T13:37:57.990082
Ben Arous,1201427946,brownfield,,36.7190206,10.1764432,2026-02-15T13:37:57.990082
Ben Arous,1201429649,brownfield,,36.7178434,10.1609031,2026-02-15T13:37:57.990082
Ben Arous,1201429657,brownfield,,36.7187207,10.1596897,2026-02-15T13:37:57.990082
Ben Arous,1201464597,brownfield,,36.6925247,10.1658752,2026-02-15T13:37:57.990082
Ben Arous,1201510272,brownfield,,36.7034047,10.1555066,2026-02-15T13:37:57.990082
Ben Arous,1201533288,brownfield,,36.7039932,10.1592567,2026-02-15T13:37:57.990082
Ben Arous,1201552631,brownfield,,36.7166646,10.1572485,2026-02-15T13:37:57.990082
Ben Arous,1201552632,brownfield,,36.7169166,10.1568462,2026-02-15T13:37:57.990082
Ben Arous,1201552638,brownfield,,36.7163404,10.1563022,2026-02-15T13:37:57.990082
Ben Arous,1201552647,brownfield,,36.7142402,10.1556317,2026-02-15T13:37:57.990082
Ben Arous,1201552650,brownfield,,36.7178773,10.1558441,2026-02-15T13:37:57.990082
Ben Arous,1201552651,brownfield,,36.7142341,10.1520074,2026-02-15T13:37:57.990082
Ben Arous,1201552714,brownfield,,36.7276537,10.1330148,2026-02-15T13:37:57.990082
Ben Arous,1201552715,farmland,,36.723427,10.1476174,2026-02-15T13:37:57.990082
Ben Arous,1201555940,brownfield,,36.7000907,10.1616282,2026-02-15T13:37:57.990082
Ben Arous,1201558272,brownfield,,36.6942982,10.160559,2026-02-15T13:37:57.990082
Ben Arous,1201558273,brownfield,,36.6945877,10.1610719,2026-02-15T13:37:57.990082
Ben Arous,1201558274,brownfield,,36.6945089,10.1613432,2026-02-15T13:37:57.990082
Ben Arous,1201560223,brownfield,,36.6948465,10.1610517,2026-02-15T13:37:57.990082
Ben Arous,1201560224,brownfield,,36.6943209,10.1595268,2026-02-15T13:37:57.990082
Ben Arous,1201560225,brownfield,,36.6935972,10.160192,2026-02-15T13:37:57.990082
Ben Arous,1201560226,brownfield,,36.6934438,10.1604361,2026-02-15T13:37:57.990082
Ben Arous,1201560242,brownfield,,36.6957511,10.1600444,2026-02-15T13:37:57.990082
Ben Arous,1201560250,brownfield,,36.6956317,10.1583292,2026-02-15T13:37:57.990082
Ben Arous,1201560278,brownfield,,36.6973314,10.1606426,2026-02-15T13:37:57.990082
Ben Arous,1201560287,brownfield,,36.6970571,10.1610283,2026-02-15T13:37:57.990082
Ben Arous,1201560303,brownfield,,36.6971921,10.1624088,2026-02-15T13:37:57.990082
Ben Arous,1201560304,brownfield,,36.6962053,10.1640091,2026-02-15T13:37:57.990082
Ben Arous,1201560305,brownfield,,36.6963491,10.1635118,2026-02-15T13:37:57.990082
Ben Arous,1201560306,brownfield,,36.6964928,10.1629938,2026-02-15T13:37:57.990082
Ben Arous,1201564644,brownfield,,36.7005681,10.1624021,2026-02-15T13:37:57.990082
Ben Arous,1201564645,brownfield,,36.7004358,10.1622653,2026-02-15T13:37:57.990082
Ben Arous,1201564658,brownfield,,36.701203,10.1636037,2026-02-15T13:37:57.990082
Ben Arous,1201564664,brownfield,,36.7009493,10.1625939,2026-02-15T13:37:57.990082
Ben Arous,1201685730,brownfield,,36.6988918,10.1572476,2026-02-15T13:37:57.990082
Ben Arous,1201690495,farmland,,36.7012658,10.1550068,2026-02-15T13:37:57.990082
Ben Arous,1201690498,brownfield,,36.6991516,10.1551627,2026-02-15T13:37:57.990082
Ben Arous,1201702644,brownfield,,36.6982687,10.1589078,2026-02-15T13:37:57.990082
Ben Arous,1201702645,brownfield,,36.6969108,10.158868,2026-02-15T13:37:57.990082
Ben Arous,1201702646,brownfield,,36.6969467,10.1598925,2026-02-15T13:37:57.990082
Ben Arous,1201702647,brownfield,,36.6963748,10.1585563,2026-02-15T13:37:57.990082
Ben Arous,1201702648,brownfield,,36.6966019,10.1573119,2026-02-15T13:37:57.990082
Ben Arous,1201707386,brownfield,,36.697271,10.158475,2026-02-15T13:37:57.990082
Ben Arous,1201713994,brownfield,,36.6981556,10.1582124,2026-02-15T13:37:57.990082
Ben Arous,1201791493,brownfield,,36.6976563,10.1659953,2026-02-15T13:37:57.990082
Ben Arous,1201791494,brownfield,,36.6971453,10.1668181,2026-02-15T13:37:57.990082
Ben Arous,1201791499,brownfield,,36.6982636,10.1658163,2026-02-15T13:37:57.990082
Ben Arous,1201791511,brownfield,,36.6980357,10.1662257,2026-02-15T13:37:57.990082
Ben Arous,1201800796,brownfield,,36.7003449,10.1531362,2026-02-15T13:37:57.990082
Ben Arous,1201800797,brownfield,,36.7009486,10.1540621,2026-02-15T13:37:57.990082
Ben Arous,1201800798,brownfield,,36.6999943,10.1538631,2026-02-15T13:37:57.990082
Ben Arous,1201800800,brownfield,,36.6996373,10.1520684,2026-02-15T13:37:57.990082
Ben Arous,1201800801,brownfield,,36.7028527,10.150929,2026-02-15T13:37:57.990082
Ben Arous,1201800802,brownfield,,36.7034116,10.1514263,2026-02-15T13:37:57.990082
Ben Arous,1201808925,brownfield,,36.6992052,10.1632142,2026-02-15T13:37:57.990082
Ben Arous,1201808930,brownfield,,36.6991541,10.1648685,2026-02-15T13:37:57.990082
Ben Arous,1201808931,brownfield,,36.6991369,10.1645131,2026-02-15T13:37:57.990082
Ben Arous,1201808932,brownfield,,36.6989047,10.1644835,2026-02-15T13:37:57.990082
Ben Arous,1201808933,brownfield,,36.6993294,10.1642207,2026-02-15T13:37:57.990082
Ben Arous,1201810631,brownfield,,36.7017845,10.1538843,2026-02-15T13:37:57.990082
Ben Arous,1201814867,brownfield,,36.7019449,10.1525468,2026-02-15T13:37:57.990082
Ben Arous,1201816961,brownfield,,36.6966328,10.1667468,2026-02-15T13:37:57.990082
Ben Arous,1201816968,brownfield,,36.6985253,10.1631232,2026-02-15T13:37:57.990082
Ben Arous,1201816974,brownfield,,36.6957764,10.164658,2026-02-15T13:37:57.990082
Ben Arous,1201816975,brownfield,,36.6953161,10.1649249,2026-02-15T13:37:57.990082
Ben Arous,1201816976,brownfield,,36.6952806,10.1653608,2026-02-15T13:37:57.990082
Ben Arous,1201897121,brownfield,,36.6950279,10.1657484,2026-02-15T13:37:57.990082
Ben Arous,1201902414,brownfield,,36.7129218,10.1844142,2026-02-15T13:37:57.990082
Ben Arous,1201902415,orchard,,36.7136227,10.1903915,2026-02-15T13:37:57.990082
Ben Arous,1201936184,brownfield,,36.7144867,10.183129,2026-02-15T13:37:57.990082
Ben Arous,1201936185,brownfield,,36.7141087,10.1832094,2026-02-15T13:37:57.990082
Ben Arous,1201936189,brownfield,,36.7139001,10.1842072,2026-02-15T13:37:57.990082
Ben Arous,1201936208,brownfield,,36.7137217,10.1874594,2026-02-15T13:37:57.990082
Ben Arous,1201936210,brownfield,,36.7142688,10.1873695,2026-02-15T13:37:57.990082
Ben Arous,1201936214,brownfield,,36.714508,10.1858178,2026-02-15T13:37:57.990082
Ben Arous,1201936215,brownfield,,36.7155833,10.1857225,2026-02-15T13:37:57.990082
Ben Arous,1201936227,brownfield,,36.716377,10.1844123,2026-02-15T13:37:57.990082
Ben Arous,1201936231,brownfield,,36.7167211,10.1852975,2026-02-15T13:37:57.990082
Ben Arous,1201936244,brownfield,,36.7173374,10.1851949,2026-02-15T13:37:57.990082
Ben Arous,1201936245,brownfield,,36.716974,10.1873648,2026-02-15T13:37:57.990082
Ben Arous,1201936246,brownfield,,36.7172793,10.1885798,2026-02-15T13:37:57.990082
Ben Arous,1201936247,brownfield,,36.717361,10.1890358,2026-02-15T13:37:57.990082
Ben Arous,1201936250,brownfield,,36.7167761,10.1896975,2026-02-15T13:37:57.990082
Ben Arous,1201936252,orchard,,36.716129,10.1926005,2026-02-15T13:37:57.990082
Ben Arous,1201937979,brownfield,,36.7192347,10.1869788,2026-02-15T13:37:57.990082
Ben Arous,1201937981,brownfield,,36.7185511,10.1882796,2026-02-15T13:37:57.990082
Ben Arous,1201937982,brownfield,,36.7196928,10.1886739,2026-02-15T13:37:57.990082
Ben Arous,1201937985,brownfield,,36.7207763,10.1936655,2026-02-15T13:37:57.990082
Ben Arous,1201938615,brownfield,,36.6996306,10.1527077,2026-02-15T13:37:57.990082
Ben Arous,1201940091,brownfield,,36.7059155,10.1771039,2026-02-15T13:37:57.990082
Ben Arous,1201940092,brownfield,,36.7050245,10.176701,2026-02-15T13:37:57.990082
Ben Arous,1201940093,brownfield,,36.7048819,10.1783177,2026-02-15T13:37:57.990082
Ben Arous,1201940094,brownfield,,36.7052176,10.1788991,2026-02-15T13:37:57.990082
Ben Arous,1201945913,brownfield,,36.7071738,10.182057,2026-02-15T13:37:57.990082
Ben Arous,1201945914,brownfield,,36.7070758,10.183458,2026-02-15T13:37:57.990082
Ben Arous,1201945915,brownfield,,36.7069812,10.1831375,2026-02-15T13:37:57.990082
Ben Arous,1201946116,brownfield,,36.7057924,10.1573282,2026-02-15T13:37:57.990082
Ben Arous,1201946117,brownfield,,36.7047995,10.1559644,2026-02-15T13:37:57.990082
Ben Arous,1201977173,brownfield,,36.710049,10.18804,2026-02-15T13:37:57.990082
Ben Arous,1201977174,brownfield,,36.7101996,10.1874391,2026-02-15T13:37:57.990082
Ben Arous,1201977175,brownfield,,36.7103799,10.1888271,2026-02-15T13:37:57.990082
Ben Arous,1201977189,brownfield,,36.710329,10.1880163,2026-02-15T13:37:57.990082
Ben Arous,1201977203,brownfield,,36.7107857,10.1871027,2026-02-15T13:37:57.990082
Ben Arous,1201977207,brownfield,,36.7109496,10.1845082,2026-02-15T13:37:57.990082
Ben Arous,1201977208,brownfield,,36.7112619,10.1832181,2026-02-15T13:37:57.990082
Ben Arous,1201977210,brownfield,,36.7115232,10.18411,2026-02-15T13:37:57.990082
Ben Arous,1201977211,brownfield,,36.7115609,10.1826764,2026-02-15T13:37:57.990082
Ben Arous,1201977212,brownfield,,36.7113089,10.1815405,2026-02-15T13:37:57.990082
Ben Arous,1201977213,brownfield,,36.7121303,10.1818436,2026-02-15T13:37:57.990082
Ben Arous,1201977230,brownfield,,36.7104502,10.190788,2026-02-15T13:37:57.990082
Ben Arous,1201977248,brownfield,,36.7108622,10.1896014,2026-02-15T13:37:57.990082
Ben Arous,1201977257,brownfield,,36.7114148,10.1868253,2026-02-15T13:37:57.990082
Ben Arous,1201977259,brownfield,,36.7111126,10.1858742,2026-02-15T13:37:57.990082
Ben Arous,1201977260,brownfield,,36.7107038,10.1865397,2026-02-15T13:37:57.990082
Ben Arous,1201995641,brownfield,,36.7177848,10.1754463,2026-02-15T13:37:57.990082
Ben Arous,1201995642,brownfield,,36.7220502,10.17349,2026-02-15T13:37:57.990082
Ben Arous,1201995643,brownfield,,36.718358,10.1688882,2026-02-15T13:37:57.990082
Ben Arous,1201995644,brownfield,,36.7222263,10.1656103,2026-02-15T13:37:57.990082
Ben Arous,1201995647,brownfield,,36.7242305,10.1685921,2026-02-15T13:37:57.990082
Ben Arous,1202000584,brownfield,,36.6968234,10.1713271,2026-02-15T13:37:57.990082
Ben Arous,1202000585,brownfield,,36.6971481,10.1716772,2026-02-15T13:37:57.990082
Ben Arous,1202000586,brownfield,,36.6956287,10.1687,2026-02-15T13:37:57.990082
Ben Arous,1202003002,brownfield,,36.706015,10.1726544,2026-02-15T13:37:57.990082
Ben Arous,1202003003,brownfield,,36.7049035,10.1730349,2026-02-15T13:37:57.990082
Ben Arous,1202003495,brownfield,,36.6947614,10.1706774,2026-02-15T13:37:57.990082
Ben Arous,1202003497,brownfield,,36.6938286,10.171352,2026-02-15T13:37:57.990082
Ben Arous,1202003498,brownfield,,36.6933877,10.172268,2026-02-15T13:37:57.990082
Ben Arous,1202003499,brownfield,,36.6930605,10.1719663,2026-02-15T13:37:57.990082
Ben Arous,1202003500,brownfield,,36.6927118,10.171698,2026-02-15T13:37:57.990082
Ben Arous,1202003501,brownfield,,36.6927957,10.1728339,2026-02-15T13:37:57.990082
Ben Arous,1202005516,brownfield,,36.7014499,10.1762773,2026-02-15T13:37:57.990082
Ben Arous,1202005517,brownfield,,36.7012006,10.1765883,2026-02-15T13:37:57.990082
Ben Arous,1202005518,brownfield,,36.7011118,10.1752071,2026-02-15T13:37:57.990082
Ben Arous,1202005519,brownfield,,36.7009121,10.1754754,2026-02-15T13:37:57.990082
Ben Arous,1202005520,brownfield,,36.7009359,10.1746393,2026-02-15T13:37:57.990082
Ben Arous,1202005521,brownfield,,36.70076,10.1751418,2026-02-15T13:37:57.990082
Ben Arous,1202018449,brownfield,,36.7056424,10.1775048,2026-02-15T13:37:57.990082
Ben Arous,1202018450,brownfield,,36.7061532,10.1780483,2026-02-15T13:37:57.990082
Ben Arous,1202018451,brownfield,,36.7052874,10.1760478,2026-02-15T13:37:57.990082
Ben Arous,1202020599,brownfield,,36.706867,10.1768828,2026-02-15T13:37:57.990082
Ben Arous,1202020600,brownfield,,36.7043907,10.1786899,2026-02-15T13:37:57.990082
Ben Arous,1202020601,brownfield,,36.6984444,10.1706835,2026-02-15T13:37:57.990082
Ben Arous,1202020602,brownfield,,36.6991967,10.1716593,2026-02-15T13:37:57.990082
Ben Arous,1202020604,brownfield,,36.6988365,10.1728126,2026-02-15T13:37:57.990082
Ben Arous,1202020605,brownfield,,36.6991031,10.172409,2026-02-15T13:37:57.990082
Ben Arous,1202020606,brownfield,,36.6979529,10.1722751,2026-02-15T13:37:57.990082
Ben Arous,1202020607,brownfield,,36.698183,10.1717939,2026-02-15T13:37:57.990082
Ben Arous,1202020609,brownfield,,36.6996454,10.1704827,2026-02-15T13:37:57.990082
Ben Arous,1202020985,brownfield,,36.6987113,10.17675,2026-02-15T13:37:57.990082
Ben Arous,1202020986,brownfield,,36.7003778,10.1770175,2026-02-15T13:37:57.990082
Ben Arous,1202027837,brownfield,,36.7109274,10.1609743,2026-02-15T13:37:57.990082
Ben Arous,1202027838,brownfield,,36.7106676,10.1612478,2026-02-15T13:37:57.990082
Ben Arous,1202027840,brownfield,,36.7121712,10.1636843,2026-02-15T13:37:57.990082
Ben Arous,1202034914,brownfield,,36.7125137,10.1598542,2026-02-15T13:37:57.990082
Ben Arous,1202034918,brownfield,,36.7121546,10.1600193,2026-02-15T13:37:57.990082
Ben Arous,1202038353,brownfield,,36.713694,10.1604604,2026-02-15T13:37:57.990082
Ben Arous,1202039222,brownfield,,36.7107523,10.15989,2026-02-15T13:37:57.990082
Ben Arous,1202039223,brownfield,,36.711117,10.1620669,2026-02-15T13:37:57.990082
Ben Arous,1202039224,brownfield,,36.7107839,10.1624391,2026-02-15T13:37:57.990082
Ben Arous,1202301946,brownfield,,36.6984341,10.1647342,2026-02-15T13:37:57.990082
Ben Arous,1202343208,farmland,,36.764442,10.1094061,2026-02-15T13:37:57.990082
Ben Arous,1202343209,brownfield,,36.7646432,10.1082546,2026-02-15T13:37:57.990082
Ben Arous,1202343210,farmland,,36.7639235,10.1084479,2026-02-15T13:37:57.990082
Ben Arous,1202343211,farmland,,36.7634921,10.1076094,2026-02-15T13:37:57.990082
Ben Arous,1202343212,farmland,,36.7629267,10.1085619,2026-02-15T13:37:57.990082
Ben Arous,1202494632,brownfield,,36.7621501,10.1080637,2026-02-15T13:37:57.990082
Ben Arous,1203289343,brownfield,,36.69972,10.1596054,2026-02-15T13:37:57.990082
Ben Arous,1203907622,brownfield,,36.7092071,10.1904706,2026-02-15T13:37:57.990082
Ben Arous,1203907629,brownfield,,36.7107932,10.1881904,2026-02-15T13:37:57.990082
Ben Arous,1203907630,brownfield,,36.7115544,10.1860299,2026-02-15T13:37:57.990082
Ben Arous,1203907631,brownfield,,36.7116318,10.185594,2026-02-15T13:37:57.990082
Ben Arous,1203907634,brownfield,,36.710948,10.1796878,2026-02-15T13:37:57.990082
Ben Arous,1203907638,brownfield,,36.7104373,10.1806748,2026-02-15T13:37:57.990082
Ben Arous,1203907640,brownfield,,36.7101202,10.1809953,2026-02-15T13:37:57.990082
Ben Arous,1203907641,brownfield,,36.7101073,10.1816378,2026-02-15T13:37:57.990082
Ben Arous,1203907643,brownfield,,36.7104417,10.1827026,2026-02-15T13:37:57.990082
Ben Arous,1203907644,brownfield,,36.7098268,10.1823942,2026-02-15T13:37:57.990082
Ben Arous,1203907645,brownfield,,36.709946,10.1831464,2026-02-15T13:37:57.990082
Ben Arous,1203907646,brownfield,,36.7098385,10.1837352,2026-02-15T13:37:57.990082
Ben Arous,1203907652,brownfield,,36.7100191,10.1844138,2026-02-15T13:37:57.990082
Ben Arous,1203907653,brownfield,,36.7095557,10.184218,2026-02-15T13:37:57.990082
Ben Arous,1203907654,brownfield,,36.7093612,10.1845949,2026-02-15T13:37:57.990082
Ben Arous,1203907655,brownfield,,36.7094762,10.1848711,2026-02-15T13:37:57.990082
Ben Arous,1203907662,brownfield,,36.7099009,10.1849194,2026-02-15T13:37:57.990082
Ben Arous,1203907666,brownfield,,36.7090483,10.1852788,2026-02-15T13:37:57.990082
Ben Arous,1203907669,brownfield,,36.7093311,10.1854183,2026-02-15T13:37:57.990082
Ben Arous,1203907674,brownfield,,36.7097138,10.1855833,2026-02-15T13:37:57.990082
Ben Arous,1203907678,brownfield,,36.7089473,10.1858663,2026-02-15T13:37:57.990082
Ben Arous,1203907683,brownfield,,36.7093859,10.1858072,2026-02-15T13:37:57.990082
Ben Arous,1203907684,brownfield,,36.7093999,10.1860621,2026-02-15T13:37:57.990082
Ben Arous,1203907687,brownfield,,36.7096794,10.1860178,2026-02-15T13:37:57.990082
Ben Arous,1203907690,brownfield,,36.7101589,10.1861761,2026-02-15T13:37:57.990082
Ben Arous,1203907691,brownfield,,36.7100514,10.1857187,2026-02-15T13:37:57.990082
Ben Arous,1203907692,brownfield,,36.7102095,10.1851125,2026-02-15T13:37:57.990082
Ben Arous,1203907693,brownfield,,36.7104589,10.1843964,2026-02-15T13:37:57.990082
Ben Arous,1203907696,brownfield,,36.7106804,10.1831103,2026-02-15T13:37:57.990082
Ben Arous,1203907698,brownfield,,36.7099681,10.190074,2026-02-15T13:37:57.990082
Ben Arous,1203907699,brownfield,,36.7101175,10.1893866,2026-02-15T13:37:57.990082
Ben Arous,1203907704,brownfield,,36.7099987,10.1883326,2026-02-15T13:37:57.990082
Ben Arous,1203915047,brownfield,,36.7075154,10.1771105,2026-02-15T13:37:57.990082
Ben Arous,1203915064,brownfield,,36.7078184,10.1788405,2026-02-15T13:37:57.990082
Ben Arous,1203915065,brownfield,,36.707618,10.1786024,2026-02-15T13:37:57.990082
Ben Arous,1203915085,brownfield,,36.7065878,10.1800856,2026-02-15T13:37:57.990082
Ben Arous,1203922739,brownfield,,36.7078456,10.1834497,2026-02-15T13:37:57.990082
Ben Arous,1203922740,brownfield,,36.7065038,10.1806735,2026-02-15T13:37:57.990082
Ben Arous,1203922741,brownfield,,36.7064876,10.1815042,2026-02-15T13:37:57.990082
Ben Arous,1203922750,brownfield,,36.7065612,10.1823233,2026-02-15T13:37:57.990082
Ben Arous,1203923231,brownfield,,36.7103928,10.1876445,2026-02-15T13:37:57.990082
Ben Arous,1203923235,brownfield,,36.7106728,10.1812381,2026-02-15T13:37:57.990082
Ben Arous,1203923236,brownfield,,36.708257,10.1854425,2026-02-15T13:37:57.990082
Ben Arous,1203923253,brownfield,,36.708078,10.1846566,2026-02-15T13:37:57.990082
Ben Arous,1203923256,brownfield,,36.7083005,10.1849985,2026-02-15T13:37:57.990082
Ben Arous,1203923258,brownfield,,36.7086886,10.1849114,2026-02-15T13:37:57.990082
Ben Arous,1203923264,brownfield,,36.7089004,10.1844031,2026-02-15T13:37:57.990082
Ben Arous,1203923270,brownfield,,36.7085199,10.1842422,2026-02-15T13:37:57.990082
Ben Arous,1203923271,brownfield,,36.7082597,10.1843911,2026-02-15T13:37:57.990082
Ben Arous,1203923281,brownfield,,36.7086295,10.1838265,2026-02-15T13:37:57.990082
Ben Arous,1203923286,brownfield,,36.7090047,10.1805018,2026-02-15T13:37:57.990082
Ben Arous,1203923291,brownfield,,36.7091413,10.1800888,2026-02-15T13:37:57.990082
Ben Arous,1203923298,brownfield,,36.709337,10.1812166,2026-02-15T13:37:57.990082
Ben Arous,1203923304,brownfield,,36.709508,10.1802913,2026-02-15T13:37:57.990082
Ben Arous,1203923305,brownfield,,36.7090983,10.1814379,2026-02-15T13:37:57.990082
Ben Arous,1203923312,brownfield,,36.7096993,10.1812341,2026-02-15T13:37:57.990082
Ben Arous,1203927906,brownfield,,36.7092461,10.1793888,2026-02-15T13:37:57.990082
Ben Arous,1203927910,brownfield,,36.7090016,10.1807748,2026-02-15T13:37:57.990082
Ben Arous,1204010862,brownfield,,36.7091996,10.1834669,2026-02-15T13:37:57.990082
Ben Arous,1204010863,brownfield,,36.708747,10.1834173,2026-02-15T13:37:57.990082
Ben Arous,1204010864,brownfield,,36.7087008,10.1831491,2026-02-15T13:37:57.990082
Ben Arous,1204010876,brownfield,,36.7097217,10.1792074,2026-02-15T13:37:57.990082
Ben Arous,1204010877,brownfield,,36.7100539,10.1786804,2026-02-15T13:37:57.990082
Ben Arous,1204015451,brownfield,,36.7070845,10.1774005,2026-02-15T13:37:57.990082
Ben Arous,1204020266,brownfield,,36.7085295,10.1782058,2026-02-15T13:37:57.990082
Ben Arous,1204023943,brownfield,,36.7066455,10.1834725,2026-02-15T13:37:57.990082
Ben Arous,1204044317,residential,,36.7715329,10.1102487,2026-02-15T13:37:57.990082
Ben Arous,1205923247,residential,,36.7414928,10.1958209,2026-02-15T13:37:57.990082
Ben Arous,1205965356,forest,,36.719993,10.2870165,2026-02-15T13:37:57.990082
Ben Arous,1206887902,brownfield,,36.7655427,10.1096138,2026-02-15T13:37:57.990082
Ben Arous,1211544342,brownfield,,36.7005474,10.1963583,2026-02-15T13:37:57.990082
Ben Arous,1211544343,orchard,,36.7125847,10.1960707,2026-02-15T13:37:57.990082
Ben Arous,1211544344,orchard,,36.7085477,10.192018,2026-02-15T13:37:57.990082
Ben Arous,1211553901,farmland,,36.7435503,10.1351332,2026-02-15T13:37:57.990082
Ben Arous,1211555012,farmland,,36.7076195,10.1518376,2026-02-15T13:37:57.990082
Ben Arous,1211555436,farmland,,36.6946214,10.1563206,2026-02-15T13:37:57.990082
Ben Arous,1211557501,farmland,,36.7339887,10.1491122,2026-02-15T13:37:57.990082
Ben Arous,1211557502,farmland,,36.7315913,10.1604275,2026-02-15T13:37:57.990082
Ben Arous,1211559418,farmland,,36.7318487,10.1544035,2026-02-15T13:37:57.990082
Ben Arous,1211559419,brownfield,,36.7285898,10.1660099,2026-02-15T13:37:57.990082
Ben Arous,1223782047,grass,,36.7962236,10.1804491,2026-02-15T13:37:57.990082
Ben Arous,1223782048,grass,,36.796832,10.1808067,2026-02-15T13:37:57.990082
Ben Arous,1223782049,grass,,36.7965371,10.1808529,2026-02-15T13:37:57.990082
Ben Arous,1223782051,grass,,36.7968433,10.1803921,2026-02-15T13:37:57.990082
Ben Arous,1223782052,grass,,36.7966535,10.1800036,2026-02-15T13:37:57.990082
Ben Arous,1223782053,grass,,36.796358,10.1800497,2026-02-15T13:37:57.990082
Ben Arous,1225871301,commercial,,36.8091171,10.1536736,2026-02-15T13:37:57.990082
Ben Arous,1225871337,residential,,36.8091637,10.1595585,2026-02-15T13:37:57.990082
Ben Arous,1225871338,residential,,36.8092509,10.1591358,2026-02-15T13:37:57.990082
Ben Arous,1225871339,brownfield,,36.8095122,10.1587636,2026-02-15T13:37:57.990082
Ben Arous,1225871352,grass,,36.8088872,10.1595194,2026-02-15T13:37:57.990082
Ben Arous,1225871355,grass,,36.8078977,10.1592237,2026-02-15T13:37:57.990082
Ben Arous,1234889295,industrial,,36.7187799,10.2578285,2026-02-15T13:37:57.990082
Ben Arous,1324882776,industrial,,36.7645104,10.2059567,2026-02-15T13:37:57.990082
Ben Arous,1327904314,cemetery,,36.6756972,10.1525457,2026-02-15T13:37:57.990082
Ben Arous,1334218913,grass,,36.7548292,10.184505,2026-02-15T13:37:57.990082
Ben Arous,1334218914,grass,,36.7548569,10.1853907,2026-02-15T13:37:57.990082
Ben Arous,1359869363,retail,Weekly market,36.7225928,10.2042394,2026-02-15T13:37:57.990082
Ben Arous,1383323726,forest,,36.697751,10.2767139,2026-02-15T13:37:57.990082
Ben Arous,1388508552,grass,,36.8037708,10.1974885,2026-02-15T13:37:57.990082
Ben Arous,1388508553,grass,,36.8041578,10.1970235,2026-02-15T13:37:57.990082
Ben Arous,1388508554,grass,,36.801494,10.1951468,2026-02-15T13:37:57.990082
Ben Arous,1391797823,brownfield,سجن 9 أبريل السابق,36.8052115,10.1605289,2026-02-15T13:37:57.990082
Ben Arous,1446928938,education,المدرسة الإبتدائية السهل,36.7841526,10.2331003,2026-02-15T13:37:57.990082
Ben Arous,1432460,residential,,36.6781451,10.2918361,2026-02-15T13:37:57.990082
Ben Arous,1466788,residential,,36.7771932,10.2797006,2026-02-15T13:37:57.990082
Ben Arous,1478630,residential,,36.761238,10.2766838,2026-02-15T13:37:57.990082
Ben Arous,1530127,industrial,,36.7663066,10.2297658,2026-02-15T13:37:57.990082
Ben Arous,2163384,residential,حي السيجومي,36.7768917,10.1092178,2026-02-15T13:37:57.990082
Ben Arous,9033482,grass,,36.7541501,10.1782549,2026-02-15T13:37:57.990082
Ben Arous,9284972,residential,,36.756735,10.1974115,2026-02-15T13:37:57.990082
Ben Arous,15672785,industrial,usine le ech,36.7715576,10.1148141,2026-02-15T13:37:57.990082
Ben Arous,16700933,grass,,36.7965514,10.1804355,2026-02-15T13:37:57.990082
Kasserine,189337620,railway,,35.1671031,8.8341743,2026-02-15T13:38:00.900850
Kasserine,191655486,railway,,35.1671863,8.8345334,2026-02-15T13:38:00.900850
Kasserine,191655529,industrial,,35.2069637,8.7680833,2026-02-15T13:38:00.900850
Kasserine,371253201,farmland,,35.1727661,8.8240803,2026-02-15T13:38:00.900850
Kasserine,521241710,industrial,الشركة الوطنية لعجين الحلفاء والورق,35.1667749,8.8174989,2026-02-15T13:38:00.900850
Kasserine,521255014,military,ثكنة عسكرية,35.1685685,8.8101519,2026-02-15T13:38:00.900850
Kasserine,548233990,residential,بوزقام,35.2108968,8.8968017,2026-02-15T13:38:00.900850
Kasserine,549926898,residential,,35.1875951,8.7841738,2026-02-15T13:38:00.900850
Kasserine,549926905,residential,,35.1741141,8.7899534,2026-02-15T13:38:00.900850
Kasserine,549926906,cemetery,مقبرة أولاد عزيزة بالقصرين,35.1661164,8.7910415,2026-02-15T13:38:00.900850
Kasserine,549928013,cemetery,مقبرة اولاد بوعلاق,35.1575662,8.8391963,2026-02-15T13:38:00.900850
Kasserine,549928459,grass,,35.1754483,8.7951152,2026-02-15T13:38:00.900850
Kasserine,549928460,grass,,35.1759937,8.7950553,2026-02-15T13:38:00.900850
Kasserine,550462124,residential,,35.1738931,8.8066559,2026-02-15T13:38:00.900850
Kasserine,550467202,orchard,,35.1697531,8.825692,2026-02-15T13:38:00.900850
Kasserine,550467204,orchard,,35.1710504,8.8234832,2026-02-15T13:38:00.900850
Kasserine,550524708,grass,,35.1769065,8.8398027,2026-02-15T13:38:00.900850
Kasserine,551159567,orchard,,35.1754129,8.8396256,2026-02-15T13:38:00.900850
Kasserine,551159568,orchard,,35.1751643,8.8360936,2026-02-15T13:38:00.900850
Kasserine,551159569,orchard,,35.1758874,8.8358667,2026-02-15T13:38:00.900850
Kasserine,551159571,orchard,,35.1767251,8.8354344,2026-02-15T13:38:00.900850
Kasserine,551159572,orchard,,35.1771698,8.8361983,2026-02-15T13:38:00.900850
Kasserine,551159579,orchard,,35.1814799,8.8527034,2026-02-15T13:38:00.900850
Kasserine,551159593,orchard,,35.1820448,8.8543058,2026-02-15T13:38:00.900850
Kasserine,551159594,orchard,,35.1831327,8.8556088,2026-02-15T13:38:00.900850
Kasserine,551159913,orchard,,35.1843025,8.8592303,2026-02-15T13:38:00.900850
Kasserine,551159914,orchard,,35.1811516,8.8631205,2026-02-15T13:38:00.900850
Kasserine,551159915,orchard,,35.1788196,8.8656212,2026-02-15T13:38:00.900850
Kasserine,551159916,orchard,,35.1796938,8.8720814,2026-02-15T13:38:00.900850
Kasserine,551159917,orchard,,35.1772621,8.8704989,2026-02-15T13:38:00.900850
Kasserine,551159918,orchard,,35.1803614,8.8689957,2026-02-15T13:38:00.900850
Kasserine,551159919,orchard,,35.1836243,8.868915,2026-02-15T13:38:00.900850
Kasserine,551339449,orchard,,35.1596209,8.8584709,2026-02-15T13:38:00.900850
Kasserine,552698261,farmyard,,35.137095,8.8729802,2026-02-15T13:38:00.900850
Kasserine,552698263,farmyard,,35.1378365,8.8743749,2026-02-15T13:38:00.900850
Kasserine,552698265,farmyard,,35.1372705,8.8755605,2026-02-15T13:38:00.900850
Kasserine,552698266,farmyard,,35.137536,8.8776741,2026-02-15T13:38:00.900850
Kasserine,552698268,farmyard,,35.1361322,8.8788355,2026-02-15T13:38:00.900850
Kasserine,552698269,farmyard,,35.137816,8.8789688,2026-02-15T13:38:00.900850
Kasserine,552698271,farmyard,,35.1358072,8.8776612,2026-02-15T13:38:00.900850
Kasserine,552698272,orchard,,35.1345712,8.879091,2026-02-15T13:38:00.900850
Kasserine,552883251,orchard,,35.1515672,8.8368907,2026-02-15T13:38:00.900850
Kasserine,552883252,orchard,,35.1526311,8.8365064,2026-02-15T13:38:00.900850
Kasserine,552883253,orchard,,35.1510197,8.8340635,2026-02-15T13:38:00.900850
Kasserine,552883254,orchard,,35.1493178,8.8320837,2026-02-15T13:38:00.900850
Kasserine,552883255,orchard,,35.1417511,8.8358877,2026-02-15T13:38:00.900850
Kasserine,553614022,orchard,,35.1545452,8.8280713,2026-02-15T13:38:00.900850
Kasserine,553847404,grass,,35.1678853,8.8339863,2026-02-15T13:38:00.900850
Kasserine,553847405,grass,,35.1680638,8.8343024,2026-02-15T13:38:00.900850
Kasserine,553847406,grass,,35.1681762,8.8345335,2026-02-15T13:38:00.900850
Kasserine,554100901,grass,,35.1664547,8.7829147,2026-02-15T13:38:00.900850
Kasserine,554103570,residential,,35.1907825,8.8160692,2026-02-15T13:38:00.900850
Kasserine,558640158,farmyard,,35.1632621,8.8120134,2026-02-15T13:38:00.900850
Kasserine,558640180,farmyard,,35.11649,8.8541629,2026-02-15T13:38:00.900850
Kasserine,558640184,farmyard,,35.117023,8.844724,2026-02-15T13:38:00.900850
Kasserine,558640185,farmyard,,35.1158356,8.8473975,2026-02-15T13:38:00.900850
Kasserine,558640778,forest,,35.090201,8.8624423,2026-02-15T13:38:00.900850
Kasserine,587830185,orchard,,35.1749871,8.8322829,2026-02-15T13:38:00.900850
Kasserine,587830191,orchard,,35.1782643,8.8300891,2026-02-15T13:38:00.900850
Kasserine,587830192,orchard,,35.1791366,8.8326468,2026-02-15T13:38:00.900850
Kasserine,587830193,residential,,35.1807594,8.816123,2026-02-15T13:38:00.900850
Kasserine,587830208,orchard,,35.1766235,8.8067761,2026-02-15T13:38:00.900850
Kasserine,587830209,orchard,,35.1763706,8.8047844,2026-02-15T13:38:00.900850
Kasserine,587830210,orchard,,35.1784451,8.8089478,2026-02-15T13:38:00.900850
Kasserine,587830211,orchard,,35.1763336,8.8097269,2026-02-15T13:38:00.900850
Kasserine,587830214,orchard,,35.1754498,8.7995523,2026-02-15T13:38:00.900850
Kasserine,587830383,orchard,,35.183603,8.8521802,2026-02-15T13:38:00.900850
Kasserine,587830384,orchard,,35.1822554,8.8482319,2026-02-15T13:38:00.900850
Kasserine,587830385,orchard,,35.18193,8.8401359,2026-02-15T13:38:00.900850
Kasserine,628138494,forest,,35.1103254,8.8967069,2026-02-15T13:38:00.900850
Kasserine,628138495,forest,,35.1235895,8.9050498,2026-02-15T13:38:00.900850
Kasserine,628144730,orchard,,35.1577307,8.9479599,2026-02-15T13:38:00.900850
Kasserine,628144731,orchard,,35.1633424,8.9268259,2026-02-15T13:38:00.900850
Kasserine,628144732,orchard,,35.1654136,8.8997328,2026-02-15T13:38:00.900850
Kasserine,628144733,orchard,,35.1802047,8.8791231,2026-02-15T13:38:00.900850
Kasserine,628145056,orchard,,35.171744,8.8689683,2026-02-15T13:38:00.900850
Kasserine,628145057,farmland,,35.175339,8.8718198,2026-02-15T13:38:00.900850
Kasserine,628145058,farmland,,35.1791178,8.8744553,2026-02-15T13:38:00.900850
Kasserine,628145059,orchard,,35.1740224,8.8923085,2026-02-15T13:38:00.900850
Kasserine,628145060,farmland,,35.1796314,8.8984008,2026-02-15T13:38:00.900850
Kasserine,644904454,retail,,35.1706665,8.8428354,2026-02-15T13:38:00.900850
Kasserine,646346614,education,École El Fadhel Ben Achour 1,35.1699934,8.8451657,2026-02-15T13:38:00.900850
Kasserine,647331219,grass,,35.1658294,8.8420914,2026-02-15T13:38:00.900850
Kasserine,647331246,grass,,35.1656581,8.8409415,2026-02-15T13:38:00.900850
Kasserine,648524821,brownfield,,35.1671209,8.8386235,2026-02-15T13:38:00.900850
Kasserine,649260226,village_green,zone verte,35.1781547,8.8539505,2026-02-15T13:38:00.900850
Kasserine,651079685,brownfield,,35.1688356,8.8407071,2026-02-15T13:38:00.900850
Kasserine,651086590,brownfield,,35.1679356,8.8436422,2026-02-15T13:38:00.900850
Kasserine,659939611,brownfield,,35.1637342,8.8563972,2026-02-15T13:38:00.900850
Kasserine,659939619,brownfield,,35.1637289,8.8559595,2026-02-15T13:38:00.900850
Kasserine,659942038,brownfield,,35.1641521,8.8537909,2026-02-15T13:38:00.900850
Kasserine,659942040,brownfield,,35.1640525,8.8547424,2026-02-15T13:38:00.900850
Kasserine,659996393,brownfield,,35.1652288,8.8574461,2026-02-15T13:38:00.900850
Kasserine,659996399,brownfield,,35.1650545,8.8572452,2026-02-15T13:38:00.900850
Kasserine,659996498,brownfield,,35.1633516,8.8566569,2026-02-15T13:38:00.900850
Kasserine,659996516,brownfield,,35.1653582,8.8566212,2026-02-15T13:38:00.900850
Kasserine,659996553,brownfield,,35.1641311,8.8560024,2026-02-15T13:38:00.900850
Kasserine,659999743,brownfield,,35.1650862,8.8578366,2026-02-15T13:38:00.900850
Kasserine,659999752,brownfield,,35.1646905,8.8579912,2026-02-15T13:38:00.900850
Kasserine,659999754,brownfield,,35.1644356,8.8577639,2026-02-15T13:38:00.900850
Kasserine,659999755,brownfield,,35.1643846,8.8581408,2026-02-15T13:38:00.900850
Kasserine,659999759,brownfield,,35.1640876,8.8580662,2026-02-15T13:38:00.900850
Kasserine,659999767,brownfield,,35.1627351,8.8582243,2026-02-15T13:38:00.900850
Kasserine,660005408,brownfield,,35.1649083,8.859673,2026-02-15T13:38:00.900850
Kasserine,660005427,brownfield,,35.1635607,8.8588107,2026-02-15T13:38:00.900850
Kasserine,660005428,brownfield,,35.1635978,8.8583929,2026-02-15T13:38:00.900850
Kasserine,660005438,brownfield,,35.1632856,8.8585123,2026-02-15T13:38:00.900850
Kasserine,661038446,brownfield,,35.1650573,8.8524658,2026-02-15T13:38:00.900850
Kasserine,661039959,brownfield,,35.165425,8.8525719,2026-02-15T13:38:00.900850
Kasserine,661039960,brownfield,,35.1652518,8.8532042,2026-02-15T13:38:00.900850
Kasserine,662109849,brownfield,,35.1667373,8.8525061,2026-02-15T13:38:00.900850
Kasserine,662853837,farmland,,35.1798589,8.8601266,2026-02-15T13:38:00.900850
Kasserine,663163709,brownfield,,35.1647281,8.8446492,2026-02-15T13:38:00.900850
Kasserine,663181299,village_green,,35.1627445,8.846113,2026-02-15T13:38:00.900850
Kasserine,663181300,brownfield,,35.1638924,8.846709,2026-02-15T13:38:00.900850
Kasserine,663181309,brownfield,,35.1622758,8.845669,2026-02-15T13:38:00.900850
Kasserine,663181325,brownfield,,35.1626682,8.8457441,2026-02-15T13:38:00.900850
Kasserine,663181464,farmyard,,35.1640377,8.844738,2026-02-15T13:38:00.900850
Kasserine,663188730,brownfield,,35.1644537,8.8481003,2026-02-15T13:38:00.900850
Kasserine,663188731,brownfield,,35.16397,8.8479914,2026-02-15T13:38:00.900850
Kasserine,663188732,brownfield,,35.1632019,8.8472244,2026-02-15T13:38:00.900850
Kasserine,663188733,brownfield,,35.1634538,8.8478716,2026-02-15T13:38:00.900850
Kasserine,663188756,brownfield,,35.1624528,8.8468584,2026-02-15T13:38:00.900850
Kasserine,663196330,brownfield,,35.1619179,8.848491,2026-02-15T13:38:00.900850
Kasserine,663196340,village_green,,35.161836,8.8478147,2026-02-15T13:38:00.900850
Kasserine,663196348,brownfield,,35.1623947,8.8483608,2026-02-15T13:38:00.900850
Kasserine,663196380,brownfield,,35.1630045,8.8493507,2026-02-15T13:38:00.900850
Kasserine,663196385,brownfield,,35.1636667,8.8496991,2026-02-15T13:38:00.900850
Kasserine,663196389,brownfield,,35.1642445,8.84972,2026-02-15T13:38:00.900850
Kasserine,663204088,brownfield,,35.1622297,8.8506454,2026-02-15T13:38:00.900850
Kasserine,663204094,brownfield,,35.1625416,8.8507661,2026-02-15T13:38:00.900850
Kasserine,663204116,brownfield,,35.1636155,8.8500291,2026-02-15T13:38:00.900850
Kasserine,663261858,village_green,,35.1647941,8.8435411,2026-02-15T13:38:00.900850
Kasserine,663261893,village_green,,35.1641836,8.842556,2026-02-15T13:38:00.900850
Kasserine,663261940,village_green,,35.164483,8.8407611,2026-02-15T13:38:00.900850
Kasserine,663286155,village_green,,35.1613049,8.854334,2026-02-15T13:38:00.900850
Kasserine,663286168,brownfield,,35.1629012,8.8549094,2026-02-15T13:38:00.900850
Kasserine,663286186,brownfield,,35.1630978,8.8541061,2026-02-15T13:38:00.900850
Kasserine,663286193,brownfield,,35.1598806,8.8544548,2026-02-15T13:38:00.900850
Kasserine,663286194,brownfield,,35.1603708,8.8540055,2026-02-15T13:38:00.900850
Kasserine,663286195,brownfield,,35.160181,8.8549322,2026-02-15T13:38:00.900850
Kasserine,663286196,brownfield,,35.1610505,8.8547846,2026-02-15T13:38:00.900850
Kasserine,663286197,brownfield,,35.1606415,8.8546975,2026-02-15T13:38:00.900850
Kasserine,663286198,brownfield,,35.1608312,8.8538996,2026-02-15T13:38:00.900850
Kasserine,663286199,brownfield,,35.1612884,8.8538205,2026-02-15T13:38:00.900850
Kasserine,663286200,brownfield,,35.1617296,8.8539706,2026-02-15T13:38:00.900850
Kasserine,663286202,brownfield,,35.16208,8.8539044,2026-02-15T13:38:00.900850
Kasserine,663286203,brownfield,,35.1621437,8.8534883,2026-02-15T13:38:00.900850
Kasserine,663286205,brownfield,,35.1624045,8.8533852,2026-02-15T13:38:00.900850
Kasserine,663286207,brownfield,,35.1628442,8.8534288,2026-02-15T13:38:00.900850
Kasserine,663286208,brownfield,,35.1613314,8.8548797,2026-02-15T13:38:00.900850
Kasserine,663286233,brownfield,,35.1602337,8.8559525,2026-02-15T13:38:00.900850
Kasserine,663286242,brownfield,,35.1616409,8.8559353,2026-02-15T13:38:00.900850
Kasserine,663286259,brownfield,,35.1612221,8.8566921,2026-02-15T13:38:00.900850
Kasserine,663286296,brownfield,,35.1617751,8.8586656,2026-02-15T13:38:00.900850
Kasserine,663286297,brownfield,,35.1619391,8.8511119,2026-02-15T13:38:00.900850
Kasserine,663286304,brownfield,,35.1634946,8.8528762,2026-02-15T13:38:00.900850
Kasserine,663286313,brownfield,,35.1626173,8.8529862,2026-02-15T13:38:00.900850
Kasserine,663286322,brownfield,,35.1619736,8.8530828,2026-02-15T13:38:00.900850
Kasserine,663286341,brownfield,,35.1605791,8.8529674,2026-02-15T13:38:00.900850
Kasserine,663286344,brownfield,,35.1614167,8.8530546,2026-02-15T13:38:00.900850
Kasserine,663286384,brownfield,,35.161068,8.850823,2026-02-15T13:38:00.900850
Kasserine,663286410,brownfield,,35.1614463,8.8509612,2026-02-15T13:38:00.900850
Kasserine,663286425,brownfield,,35.1621325,8.8517101,2026-02-15T13:38:00.900850
Kasserine,663286430,brownfield,,35.162398,8.8520015,2026-02-15T13:38:00.900850
Kasserine,663286436,brownfield,,35.1623959,8.8511176,2026-02-15T13:38:00.900850
Kasserine,663286456,brownfield,,35.1637268,8.8516652,2026-02-15T13:38:00.900850
Kasserine,664262221,brownfield,,35.1659304,8.8556792,2026-02-15T13:38:00.900850
Kasserine,665337612,brownfield,,35.1647058,8.8533208,2026-02-15T13:38:00.900850
Kasserine,665337616,brownfield,,35.164661,8.856024,2026-02-15T13:38:00.900850
Kasserine,667175278,brownfield,,35.1586619,8.8435064,2026-02-15T13:38:00.900850
Kasserine,668074330,brownfield,,35.1649636,8.8495014,2026-02-15T13:38:00.900850
Kasserine,668832393,brownfield,,35.1575003,8.8442718,2026-02-15T13:38:00.900850
Kasserine,668832399,brownfield,,35.1575606,8.8438735,2026-02-15T13:38:00.900850
Kasserine,668832407,brownfield,,35.1590232,8.8438547,2026-02-15T13:38:00.900850
Kasserine,668835784,brownfield,,35.1566653,8.8455533,2026-02-15T13:38:00.900850
Kasserine,668835787,brownfield,,35.1566472,8.8452079,2026-02-15T13:38:00.900850
Kasserine,668835812,brownfield,,35.1569279,8.8447787,2026-02-15T13:38:00.900850
Kasserine,668838640,brownfield,,35.1582809,8.8446942,2026-02-15T13:38:00.900850
Kasserine,668838643,brownfield,,35.1590134,8.8444984,2026-02-15T13:38:00.900850
Kasserine,668838644,brownfield,,35.1592381,8.8444782,2026-02-15T13:38:00.900850
Kasserine,668838645,brownfield,,35.1593971,8.8445843,2026-02-15T13:38:00.900850
Kasserine,668838646,brownfield,,35.159317,8.8447277,2026-02-15T13:38:00.900850
Kasserine,668900708,village_green,,35.1603737,8.8469037,2026-02-15T13:38:00.900850
Kasserine,668918797,brownfield,,35.1594439,8.8487247,2026-02-15T13:38:00.900850
Kasserine,668925880,brownfield,,35.1583939,8.8489804,2026-02-15T13:38:00.900850
Kasserine,668925881,brownfield,,35.1584673,8.8488973,2026-02-15T13:38:00.900850
Kasserine,668925889,brownfield,,35.1587196,8.8488274,2026-02-15T13:38:00.900850
Kasserine,668925890,brownfield,,35.1587974,8.8486384,2026-02-15T13:38:00.900850
Kasserine,668925898,brownfield,,35.1589486,8.8485083,2026-02-15T13:38:00.900850
Kasserine,668925908,brownfield,,35.1594354,8.848055,2026-02-15T13:38:00.900850
Kasserine,668925909,brownfield,,35.1592732,8.848228,2026-02-15T13:38:00.900850
Kasserine,668935590,brownfield,,35.1595199,8.847483,2026-02-15T13:38:00.900850
Kasserine,669014575,brownfield,,35.1570989,8.8431197,2026-02-15T13:38:00.900850
Kasserine,669014578,brownfield,,35.1570485,8.8436951,2026-02-15T13:38:00.900850
Kasserine,673299448,brownfield,,35.1604479,8.8495763,2026-02-15T13:38:00.900850
Kasserine,673299454,brownfield,,35.1598519,8.8492823,2026-02-15T13:38:00.900850
Kasserine,673302635,brownfield,,35.1599243,8.8496095,2026-02-15T13:38:00.900850
Kasserine,673311483,brownfield,,35.1593839,8.8498695,2026-02-15T13:38:00.900850
Kasserine,673312094,brownfield,,35.1593023,8.8501116,2026-02-15T13:38:00.900850
Kasserine,673312095,brownfield,,35.1592671,8.8503275,2026-02-15T13:38:00.900850
Kasserine,673312100,brownfield,,35.1594228,8.8501062,2026-02-15T13:38:00.900850
Kasserine,673315752,brownfield,,35.1580716,8.845995,2026-02-15T13:38:00.900850
Kasserine,673337494,brownfield,,35.1582261,8.8458462,2026-02-15T13:38:00.900850
Kasserine,674306176,brownfield,,35.1560705,8.8456236,2026-02-15T13:38:00.900850
Kasserine,674306220,brownfield,,35.1535935,8.8490098,2026-02-15T13:38:00.900850
Kasserine,674424592,brownfield,,35.165977,8.8485935,2026-02-15T13:38:00.900850
Kasserine,674424593,brownfield,,35.1660955,8.8483829,2026-02-15T13:38:00.900850
Kasserine,674435943,brownfield,,35.1661497,8.8493599,2026-02-15T13:38:00.900850
Kasserine,674437035,brownfield,,35.1653077,8.8507687,2026-02-15T13:38:00.900850
Kasserine,674437045,brownfield,,35.1657655,8.8504315,2026-02-15T13:38:00.900850
Kasserine,674437052,brownfield,,35.166182,8.8489713,2026-02-15T13:38:00.900850
Kasserine,675701599,brownfield,,35.1652345,8.8510176,2026-02-15T13:38:00.900850
Kasserine,675701600,brownfield,,35.1652143,8.8502719,2026-02-15T13:38:00.900850
Kasserine,675701660,brownfield,,35.164139,8.8523955,2026-02-15T13:38:00.900850
Kasserine,676394869,brownfield,,35.1565658,8.8462251,2026-02-15T13:38:00.900850
Kasserine,676394873,brownfield,,35.1568218,8.846323,2026-02-15T13:38:00.900850
Kasserine,676394880,brownfield,,35.1569864,8.8461559,2026-02-15T13:38:00.900850
Kasserine,676394902,brownfield,,35.1570589,8.8463778,2026-02-15T13:38:00.900850
Kasserine,676394903,brownfield,,35.1574156,8.8464061,2026-02-15T13:38:00.900850
Kasserine,676394904,brownfield,,35.1574185,8.8469177,2026-02-15T13:38:00.900850
Kasserine,676402015,brownfield,,35.1562009,8.8471058,2026-02-15T13:38:00.900850
Kasserine,676402016,brownfield,,35.1562659,8.8470352,2026-02-15T13:38:00.900850
Kasserine,676402025,brownfield,,35.1560584,8.8472295,2026-02-15T13:38:00.900850
Kasserine,676402035,brownfield,,35.1567256,8.8469949,2026-02-15T13:38:00.900850
Kasserine,676404934,brownfield,,35.1559274,8.847646,2026-02-15T13:38:00.900850
Kasserine,676466549,brownfield,,35.1594761,8.8503369,2026-02-15T13:38:00.900850
Kasserine,676466570,brownfield,,35.1585008,8.849382,2026-02-15T13:38:00.900850
Kasserine,676466576,brownfield,,35.1571225,8.8426336,2026-02-15T13:38:00.900850
Kasserine,676466585,brownfield,,35.1567332,8.8445689,2026-02-15T13:38:00.900850
Kasserine,676466586,brownfield,,35.1558693,8.8453594,2026-02-15T13:38:00.900850
Kasserine,676466587,brownfield,,35.1555907,8.845466,2026-02-15T13:38:00.900850
Kasserine,676466588,brownfield,,35.155679,8.8455371,2026-02-15T13:38:00.900850
Kasserine,676466600,brownfield,,35.1556807,8.8466723,2026-02-15T13:38:00.900850
Kasserine,676466613,brownfield,,35.1564186,8.8459629,2026-02-15T13:38:00.900850
Kasserine,676466628,brownfield,,35.1562752,8.8467809,2026-02-15T13:38:00.900850
Kasserine,676466631,brownfield,,35.1563177,8.8465698,2026-02-15T13:38:00.900850
Kasserine,676466650,brownfield,,35.156691,8.8484848,2026-02-15T13:38:00.900850
Kasserine,676466651,brownfield,,35.1566335,8.848747,2026-02-15T13:38:00.900850
Kasserine,676467384,brownfield,,35.1586647,8.8481181,2026-02-15T13:38:00.900850
Kasserine,676468523,brownfield,,35.1592933,8.8511819,2026-02-15T13:38:00.900850
Kasserine,676468529,brownfield,,35.1592352,8.8515001,2026-02-15T13:38:00.900850
Kasserine,676468530,brownfield,,35.1593959,8.8513478,2026-02-15T13:38:00.900850
Kasserine,676468538,brownfield,,35.159459,8.8507117,2026-02-15T13:38:00.900850
Kasserine,676468545,brownfield,,35.1590051,8.851515,2026-02-15T13:38:00.900850
Kasserine,676468553,brownfield,,35.1586756,8.8509349,2026-02-15T13:38:00.900850
Kasserine,676469015,brownfield,,35.1588615,8.8523612,2026-02-15T13:38:00.900850
Kasserine,676469034,brownfield,,35.1592425,8.8519013,2026-02-15T13:38:00.900850
Kasserine,676469035,brownfield,,35.159737,8.8521561,2026-02-15T13:38:00.900850
Kasserine,676470233,brownfield,,35.1539756,8.8499882,2026-02-15T13:38:00.900850
Kasserine,683616982,brownfield,,35.1593516,8.8530607,2026-02-15T13:38:00.900850
Kasserine,683616990,brownfield,,35.1593434,8.8547538,2026-02-15T13:38:00.900850
Kasserine,683616991,brownfield,,35.1588017,8.8529051,2026-02-15T13:38:00.900850
Kasserine,683617067,brownfield,,35.1588275,8.8516699,2026-02-15T13:38:00.900850
Kasserine,683617069,brownfield,,35.1585608,8.8519449,2026-02-15T13:38:00.901782
Kasserine,683617077,brownfield,,35.1586554,8.8515834,2026-02-15T13:38:00.901782
Kasserine,683617192,brownfield,,35.1591872,8.8538868,2026-02-15T13:38:00.901782
Kasserine,683617193,brownfield,,35.1592042,8.8535408,2026-02-15T13:38:00.901782
Kasserine,683617310,brownfield,,35.155378,8.8459984,2026-02-15T13:38:00.901782
Kasserine,683617781,brownfield,,35.1588565,8.8450201,2026-02-15T13:38:00.901782
Kasserine,695938187,residential,,35.1832971,8.86943,2026-02-15T13:38:00.901782
Kasserine,695938188,residential,,35.1822747,8.8571242,2026-02-15T13:38:00.901782
Kasserine,851579786,cemetery,Cimetière de Kasserine,35.1697537,8.8558945,2026-02-15T13:38:00.901782
Kasserine,1013648693,cemetery,,35.2106927,8.8672457,2026-02-15T13:38:00.901782
Kasserine,1065846596,cemetery,مقبرة الإسبان,35.1657548,8.8366448,2026-02-15T13:38:00.901782
Kasserine,1069804824,greenfield,,35.1628458,8.8281118,2026-02-15T13:38:00.901782
Kasserine,1069804830,greenfield,,35.1624131,8.8282737,2026-02-15T13:38:00.901782
Kasserine,1069806884,greenfield,,35.1638994,8.8286065,2026-02-15T13:38:00.901782
Kasserine,1069903700,grass,,35.1703989,8.8429706,2026-02-15T13:38:00.901782
Kasserine,1070337607,brownfield,,35.1583531,8.827547,2026-02-15T13:38:00.901782
Kasserine,1070344423,grass,,35.1573178,8.8284295,2026-02-15T13:38:00.901782
Kasserine,1070344431,landfill,,35.1569318,8.8275049,2026-02-15T13:38:00.901782
Kasserine,1070344445,grass,,35.1594507,8.8270076,2026-02-15T13:38:00.901782
Kasserine,1074924104,greenfield,,35.1552396,8.8391632,2026-02-15T13:38:00.901782
Kasserine,1074924112,greenfield,,35.1551044,8.8385802,2026-02-15T13:38:00.901782
Kasserine,1074926356,greenfield,,35.1546181,8.8409295,2026-02-15T13:38:00.901782
Kasserine,1074926360,greenfield,,35.154762,8.8403295,2026-02-15T13:38:00.901782
Kasserine,1074926370,greenfield,,35.154229,8.8399266,2026-02-15T13:38:00.901782
Kasserine,1074930271,greenfield,,35.1539724,8.8403634,2026-02-15T13:38:00.901782
Kasserine,1074930274,greenfield,,35.1541999,8.8409199,2026-02-15T13:38:00.901782
Kasserine,1074947401,greenfield,,35.1537257,8.8412661,2026-02-15T13:38:00.901782
Kasserine,1074957126,greenfield,,35.1531799,8.8413524,2026-02-15T13:38:00.901782
Kasserine,1074957429,greenfield,,35.1537011,8.8400925,2026-02-15T13:38:00.901782
Kasserine,1074964438,greenfield,,35.1565836,8.8346517,2026-02-15T13:38:00.901782
Kasserine,1074971099,greenfield,,35.1549435,8.8344203,2026-02-15T13:38:00.901782
Kasserine,1074973048,brownfield,,35.153537,8.8343003,2026-02-15T13:38:00.901782
Kasserine,1074973052,greenfield,,35.1539148,8.8370916,2026-02-15T13:38:00.901782
Kasserine,1074974108,greenfield,,35.1537253,8.8367729,2026-02-15T13:38:00.901782
Kasserine,1091051515,brownfield,,35.1585555,8.8270112,2026-02-15T13:38:00.901782
Kasserine,1091051524,brownfield,,35.1587517,8.8278724,2026-02-15T13:38:00.901782
Kasserine,1091051532,brownfield,,35.1580552,8.828763,2026-02-15T13:38:00.901782
Kasserine,1091051537,brownfield,,35.1583308,8.8282292,2026-02-15T13:38:00.901782
Kasserine,1092129582,depot,ste regionale de transport de kasserine,35.1746895,8.8441403,2026-02-15T13:38:00.901782
Kasserine,1092129585,greenfield,,35.1534707,8.8308157,2026-02-15T13:38:00.901782
Kasserine,1092152737,brownfield,,35.1537973,8.8340837,2026-02-15T13:38:00.901782
Kasserine,1092324991,orchard,,35.1513939,8.8328183,2026-02-15T13:38:00.901782
Kasserine,1092324992,brownfield,,35.1517898,8.8337156,2026-02-15T13:38:00.901782
Kasserine,1094171649,orchard,,35.1552893,8.8422878,2026-02-15T13:38:00.901782
Kasserine,1094171650,orchard,,35.1547021,8.8414932,2026-02-15T13:38:00.901782
Kasserine,1094171651,brownfield,,35.1554008,8.8285281,2026-02-15T13:38:00.901782
Kasserine,1094171652,brownfield,,35.1613195,8.8175159,2026-02-15T13:38:00.901782
Kasserine,1094171653,brownfield,,35.1619216,8.81784,2026-02-15T13:38:00.901782
Kasserine,1094171656,brownfield,,35.1607838,8.8194596,2026-02-15T13:38:00.901782
Kasserine,1094171657,brownfield,,35.1601071,8.8183636,2026-02-15T13:38:00.901782
Kasserine,1094171658,brownfield,,35.1601992,8.8195946,2026-02-15T13:38:00.901782
Kasserine,1094171659,brownfield,,35.159765,8.8189699,2026-02-15T13:38:00.901782
Kasserine,1094171660,brownfield,,35.1600053,8.8199419,2026-02-15T13:38:00.901782
Kasserine,1094171661,brownfield,,35.1593228,8.8191025,2026-02-15T13:38:00.901782
Kasserine,1094171662,brownfield,,35.158948,8.8188969,2026-02-15T13:38:00.901782
Kasserine,1094171663,orchard,,35.1588633,8.8201971,2026-02-15T13:38:00.901782
Kasserine,1094171664,brownfield,,35.15995,8.81633,2026-02-15T13:38:00.901782
Kasserine,1094207985,brownfield,,35.158139,8.8175275,2026-02-15T13:38:00.901782
Kasserine,1094207986,brownfield,,35.159099,8.8180082,2026-02-15T13:38:00.901782
Kasserine,1094207987,brownfield,,35.1536706,8.8377715,2026-02-15T13:38:00.901782
Kasserine,1094208972,orchard,,35.150487,8.8326811,2026-02-15T13:38:00.901782
Kasserine,1094208976,orchard,,35.1492773,8.8335902,2026-02-15T13:38:00.901782
Kasserine,1094208977,orchard,,35.1497008,8.8337773,2026-02-15T13:38:00.901782
Kasserine,1094216896,orchard,,35.1508306,8.8456664,2026-02-15T13:38:00.901782
Kasserine,1094216897,brownfield,,35.1529653,8.8440664,2026-02-15T13:38:00.901782
Kasserine,1094216898,brownfield,,35.1566593,8.8407185,2026-02-15T13:38:00.901782
Kasserine,1094216899,brownfield,,35.1585766,8.8395126,2026-02-15T13:38:00.901782
Kasserine,1094221261,brownfield,,35.152468,8.8403333,2026-02-15T13:38:00.901782
Kasserine,1094221262,brownfield,,35.1521262,8.8393074,2026-02-15T13:38:00.901782
Kasserine,1094221263,brownfield,,35.1525493,8.8391645,2026-02-15T13:38:00.901782
Kasserine,1094517950,industrial,,35.1617242,8.8215339,2026-02-15T13:38:00.901782
Kasserine,1214495820,farmland,,35.1566056,8.8376122,2026-02-15T13:38:00.901782
Kasserine,1296960587,residential,,35.1670233,8.7841486,2026-02-15T13:38:00.901782
Kasserine,1296960589,forest,,35.168932,8.7783956,2026-02-15T13:38:00.901782
Kasserine,1389693748,orchard,,35.1644497,8.7997206,2026-02-15T13:38:00.901782
Kasserine,8294227,residential,,35.1656359,8.8379331,2026-02-15T13:38:00.901782
Tataouine,154909399,residential,,32.8714305,10.3891392,2026-02-15T13:38:16.116416
Tataouine,154909401,residential,قصر أولاد دباب,32.8722986,10.3821025,2026-02-15T13:38:16.116416
Tataouine,188986855,residential,,32.8868907,10.3898559,2026-02-15T13:38:16.116416
Tataouine,188986858,residential,,32.8787736,10.3795915,2026-02-15T13:38:16.116416
Tataouine,215136765,residential,,32.9800126,10.4588208,2026-02-15T13:38:16.116416
Tataouine,215136870,village_green,,32.9867129,10.4612764,2026-02-15T13:38:16.116416
Tataouine,215136871,industrial,,32.9832951,10.4644533,2026-02-15T13:38:16.116416
Tataouine,215136872,orchard,,32.9763744,10.4593729,2026-02-15T13:38:16.116416
Tataouine,215136873,village_green,,32.9872338,10.4610619,2026-02-15T13:38:16.116416
Tataouine,215136877,industrial,شركة العلف,33.0010618,10.4617473,2026-02-15T13:38:16.116416
Tataouine,215136878,farmland,,32.9755064,10.4589153,2026-02-15T13:38:16.116416
Tataouine,215190273,orchard,,32.9884271,10.4489888,2026-02-15T13:38:16.116416
Tataouine,215190276,farmland,,32.9973062,10.4556384,2026-02-15T13:38:16.116416
Tataouine,215190277,farmyard,,32.988257,10.4544604,2026-02-15T13:38:16.116416
Tataouine,215190278,farmyard,,32.9907866,10.4559334,2026-02-15T13:38:16.116416
Tataouine,215190279,farmyard,,32.987374,10.4553384,2026-02-15T13:38:16.116416
Tataouine,215190280,farmyard,,32.9886464,10.4550747,2026-02-15T13:38:16.116416
Tataouine,215190281,farmland,,32.9887047,10.4512496,2026-02-15T13:38:16.116416
Tataouine,215190282,orchard,,32.9887521,10.4504714,2026-02-15T13:38:16.116416
Tataouine,215190283,orchard,,32.988862,10.4524478,2026-02-15T13:38:16.116416
Tataouine,215190284,farmland,,32.9835736,10.4557266,2026-02-15T13:38:16.116416
Tataouine,215190285,farmland,,32.9896255,10.4532354,2026-02-15T13:38:16.116416
Tataouine,215190287,orchard,,32.9887309,10.4518154,2026-02-15T13:38:16.116416
Tataouine,215214487,farmland,,32.9741836,10.4451069,2026-02-15T13:38:16.116416
Tataouine,215214488,industrial,,32.9554634,10.4611501,2026-02-15T13:38:16.116416
Tataouine,215214490,orchard,,32.9784771,10.4524845,2026-02-15T13:38:16.116416
Tataouine,215214491,farmland,,32.9669843,10.4504359,2026-02-15T13:38:16.116416
Tataouine,215214494,farmland,,32.9601792,10.462815,2026-02-15T13:38:16.116416
Tataouine,215214495,farmland,,32.9574248,10.4612987,2026-02-15T13:38:16.116416
Tataouine,215214496,farmland,,32.9805264,10.4642538,2026-02-15T13:38:16.116416
Tataouine,215214497,farmland,,32.9862806,10.4647718,2026-02-15T13:38:16.116416
Tataouine,215214500,farmyard,,32.9715571,10.4637708,2026-02-15T13:38:16.116416
Tataouine,215214501,farmyard,,32.9776088,10.4635036,2026-02-15T13:38:16.116416
Tataouine,215214502,farmyard,,32.970137,10.4648257,2026-02-15T13:38:16.116416
Tataouine,215214503,farmyard,,32.9769096,10.4621178,2026-02-15T13:38:16.116416
Tataouine,215214505,farmyard,,32.9661204,10.462299,2026-02-15T13:38:16.116416
Tataouine,215214507,orchard,,32.9787709,10.4549096,2026-02-15T13:38:16.116416
Tataouine,215214508,farmyard,,32.9623031,10.4637973,2026-02-15T13:38:16.116416
Tataouine,215214509,farmyard,,32.9728619,10.4617986,2026-02-15T13:38:16.116416
Tataouine,215214518,farmland,,32.9547309,10.459373,2026-02-15T13:38:16.116416
Tataouine,215230846,orchard,,32.9537683,10.4605547,2026-02-15T13:38:16.116416
Tataouine,215230852,village_green,,32.9557756,10.4586411,2026-02-15T13:38:16.116416
Tataouine,215230854,orchard,,32.949284,10.4552158,2026-02-15T13:38:16.116416
Tataouine,215230855,brownfield,,32.9438073,10.4555709,2026-02-15T13:38:16.116416
Tataouine,215230856,farmland,,32.9484451,10.4546688,2026-02-15T13:38:16.116416
Tataouine,215230858,brownfield,,32.9461533,10.4574086,2026-02-15T13:38:16.116416
Tataouine,215230859,brownfield,,32.9502412,10.4597459,2026-02-15T13:38:16.116416
Tataouine,215230860,village_green,,32.933832,10.4524676,2026-02-15T13:38:16.116416
Tataouine,215230861,village_green,,32.942082,10.4569387,2026-02-15T13:38:16.116416
Tataouine,215230862,industrial,,32.945502,10.4562567,2026-02-15T13:38:16.116416
Tataouine,215247726,farmyard,,32.9721523,10.4565885,2026-02-15T13:38:16.116416
Tataouine,215247730,farmyard,,32.9622532,10.4573695,2026-02-15T13:38:16.116416
Tataouine,215247731,farmyard,,32.9683992,10.4571916,2026-02-15T13:38:16.116416
Tataouine,215326796,cemetery,,32.9532263,10.4617469,2026-02-15T13:38:16.116416
Tataouine,215326797,farmland,,32.9241632,10.4294891,2026-02-15T13:38:16.116416
Tataouine,215326798,farmland,,32.9311243,10.4412531,2026-02-15T13:38:16.116416
Tataouine,215326799,farmland,,32.9274529,10.4304774,2026-02-15T13:38:16.116416
Tataouine,215326800,cemetery,,32.92829,10.4337575,2026-02-15T13:38:16.116416
Tataouine,215326801,farmland,,32.928015,10.4273461,2026-02-15T13:38:16.116416
Tataouine,215326802,brownfield,,32.9281347,10.4359513,2026-02-15T13:38:16.116416
Tataouine,215326803,farmland,,32.925031,10.4326119,2026-02-15T13:38:16.116416
Tataouine,215326804,village_green,,32.9360385,10.4489536,2026-02-15T13:38:16.116416
Tataouine,215332443,military,,32.9246877,10.4430462,2026-02-15T13:38:16.116416
Tataouine,215432065,brownfield,,32.9194658,10.4317857,2026-02-15T13:38:16.116416
Tataouine,215432067,greenfield,,32.9189119,10.4287296,2026-02-15T13:38:16.116416
Tataouine,215432070,cemetery,ELHNYNA,32.9241973,10.4580316,2026-02-15T13:38:16.116416
Tataouine,215497881,orchard,,32.912628,10.4638976,2026-02-15T13:38:16.116416
Tataouine,215497882,cemetery,,32.9123612,10.4646049,2026-02-15T13:38:16.116416
Tataouine,215650389,farmland,,32.9247293,10.4604908,2026-02-15T13:38:16.116416
Tataouine,215650390,village_green,,32.9244389,10.4614806,2026-02-15T13:38:16.116416
Tataouine,216426842,residential,,32.9428506,10.4892864,2026-02-15T13:38:16.116416
Tataouine,216426843,residential,,32.9243492,10.5216407,2026-02-15T13:38:16.116416
Tataouine,216513440,residential,قطوفة,32.9029397,10.5245054,2026-02-15T13:38:16.116416
Tataouine,216513513,farmyard,,32.8802703,10.5390934,2026-02-15T13:38:16.116416
Tataouine,266624850,military,,32.9465993,10.4427297,2026-02-15T13:38:16.116416
Tataouine,321667270,cemetery,,32.9114782,10.4416894,2026-02-15T13:38:16.116416
Tataouine,321781685,farmland,,32.9023781,10.4120134,2026-02-15T13:38:16.116416
Tataouine,321781686,residential,,32.9186001,10.4081928,2026-02-15T13:38:16.116416
Tataouine,321781687,farmland,,32.9146065,10.4215116,2026-02-15T13:38:16.116416
Tataouine,321781688,cemetery,,32.9072632,10.4201701,2026-02-15T13:38:16.116416
Tataouine,321784576,farmland,,32.8970021,10.4533047,2026-02-15T13:38:16.116416
Tataouine,321784577,residential,,32.9028726,10.4428921,2026-02-15T13:38:16.116416
Tataouine,321784578,residential,,32.8966001,10.4512354,2026-02-15T13:38:16.116416
Tataouine,321784580,farmland,,32.8967705,10.4495099,2026-02-15T13:38:16.116416
Tataouine,321784584,farmland,,32.9030073,10.4454015,2026-02-15T13:38:16.116416
Tataouine,322006895,cemetery,,32.983581,10.3851813,2026-02-15T13:38:16.116416
Tataouine,377980985,cemetery,,32.864382,10.4723151,2026-02-15T13:38:16.116416
Tataouine,377981017,residential,,32.8516149,10.474215,2026-02-15T13:38:16.116416
Tataouine,377989035,residential,,32.8634051,10.4511551,2026-02-15T13:38:16.116416
Tataouine,389764456,residential,,32.987325,10.5284478,2026-02-15T13:38:16.116416
Tataouine,389764458,residential,,32.9842199,10.5382238,2026-02-15T13:38:16.116416
Tataouine,422203396,residential,,32.8646921,10.4751374,2026-02-15T13:38:16.116416
Tataouine,422207226,cemetery,,32.8739384,10.4886822,2026-02-15T13:38:16.116416
Tataouine,658788234,residential,,32.9177777,10.4218009,2026-02-15T13:38:16.116416
Tataouine,658812393,farmland,,32.9074406,10.4307883,2026-02-15T13:38:16.116416
Tataouine,659106515,residential,,32.9041479,10.4229703,2026-02-15T13:38:16.116416
Tataouine,659106518,residential,,32.9050036,10.4255426,2026-02-15T13:38:16.116416
Tataouine,659106520,residential,,32.9050419,10.424907,2026-02-15T13:38:16.116416
Tataouine,659106522,residential,,32.9056657,10.4246512,2026-02-15T13:38:16.116416
Tataouine,659106533,residential,,32.9006599,10.4257169,2026-02-15T13:38:16.116416
Tataouine,659106539,residential,,32.9007259,10.4241366,2026-02-15T13:38:16.116416
Tataouine,659126099,residential,,32.9063159,10.4311549,2026-02-15T13:38:16.116416
Tataouine,659126103,residential,,32.9048912,10.4269618,2026-02-15T13:38:16.116416
Tataouine,659126106,residential,,32.905864,10.427683,2026-02-15T13:38:16.116416
Tataouine,659126112,residential,,32.9061589,10.4260602,2026-02-15T13:38:16.116416
Tataouine,659126114,residential,,32.9053504,10.4259289,2026-02-15T13:38:16.116416
Tataouine,659127555,residential,,32.9070697,10.4253802,2026-02-15T13:38:16.116416
Tataouine,659128980,residential,,32.9089173,10.4304586,2026-02-15T13:38:16.116416
Tataouine,659128981,residential,,32.9085053,10.4288681,2026-02-15T13:38:16.116416
Tataouine,659128986,residential,,32.9073507,10.4284913,2026-02-15T13:38:16.116416
Tataouine,659128987,residential,,32.9079738,10.4275087,2026-02-15T13:38:16.116416
Tataouine,659129148,residential,,32.9094563,10.4276159,2026-02-15T13:38:16.116416
Tataouine,659129149,residential,,32.9095344,10.426173,2026-02-15T13:38:16.116416
Tataouine,659129150,residential,,32.9080338,10.4261952,2026-02-15T13:38:16.116416
Tataouine,659131110,residential,,32.9086237,10.4228826,2026-02-15T13:38:16.116416
Tataouine,659131111,residential,,32.9081292,10.4212323,2026-02-15T13:38:16.116416
Tataouine,659132014,residential,,32.9026098,10.4209772,2026-02-15T13:38:16.116416
Tataouine,659132016,residential,,32.9012923,10.4208564,2026-02-15T13:38:16.116416
Tataouine,659134755,residential,,32.9130436,10.4231434,2026-02-15T13:38:16.116416
Tataouine,659134759,residential,,32.9111152,10.423341,2026-02-15T13:38:16.116416
Tataouine,659134780,residential,,32.9116472,10.4216696,2026-02-15T13:38:16.116416
Tataouine,659475595,residential,,32.9042814,10.4201985,2026-02-15T13:38:16.116416
Tataouine,659490782,forest,,32.8998713,10.4154521,2026-02-15T13:38:16.116416
Tataouine,659494012,farmland,,32.9102707,10.4303893,2026-02-15T13:38:16.116416
Tataouine,659540521,residential,,32.9123378,10.4287505,2026-02-15T13:38:16.116416
Tataouine,659540523,residential,,32.9118109,10.4265511,2026-02-15T13:38:16.116416
Tataouine,659754358,grass,,32.900074,10.4213368,2026-02-15T13:38:16.116416
Tataouine,668111304,residential,,32.923535,10.436254,2026-02-15T13:38:16.116416
Tataouine,668114643,farmland,,32.9246732,10.4373084,2026-02-15T13:38:16.116416
Tataouine,668114651,residential,,32.9202384,10.4333409,2026-02-15T13:38:16.116416
Tataouine,668114656,residential,,32.9221368,10.4349233,2026-02-15T13:38:16.116416
Tataouine,677759812,farmland,,32.9286428,10.4324809,2026-02-15T13:38:16.116416
Tataouine,677759834,village_green,,32.9274692,10.4322428,2026-02-15T13:38:16.116416
Tataouine,791334738,farmyard,Centre équitation Tataouine,32.9647704,10.4769627,2026-02-15T13:38:16.116416
Tataouine,953417705,residential,,32.9841501,10.4730374,2026-02-15T13:38:16.116416
Tataouine,953417706,residential,,32.9311833,10.4716164,2026-02-15T13:38:16.116416
Tataouine,1064349517,greenfield,,32.92831,10.4461311,2026-02-15T13:38:16.116416
Tataouine,1064371961,greenfield,,32.9283191,10.4464397,2026-02-15T13:38:16.116416
Tataouine,1069571165,cemetery,,32.8894872,10.4395707,2026-02-15T13:38:16.116416
Tataouine,1088444354,brownfield,,32.8715377,10.3800774,2026-02-15T13:38:16.116416
Tataouine,1088444355,brownfield,,32.87206,10.3800206,2026-02-15T13:38:16.116416
Tataouine,1088444356,brownfield,,32.8719113,10.3798076,2026-02-15T13:38:16.116416
Tataouine,1088455227,brownfield,,32.878189,10.3810472,2026-02-15T13:38:16.116416
Tataouine,1088455244,brownfield,,32.8779329,10.3804,2026-02-15T13:38:16.116416
Tataouine,1088455245,brownfield,,32.8782433,10.3805588,2026-02-15T13:38:16.116416
Tataouine,1088480615,brownfield,,32.8787577,10.3808897,2026-02-15T13:38:16.116416
Tataouine,1088496093,farmland,,32.8817269,10.3836849,2026-02-15T13:38:16.116416
Tataouine,1088496094,farmland,,32.8804606,10.3820311,2026-02-15T13:38:16.116416
Tataouine,1088496095,farmland,,32.8804973,10.3810454,2026-02-15T13:38:16.116416
Tataouine,1088496096,farmland,,32.8819096,10.3813813,2026-02-15T13:38:16.116416
Tataouine,1088496097,farmland,,32.8817418,10.3807892,2026-02-15T13:38:16.116416
Tataouine,1088496098,farmland,,32.8811477,10.3827281,2026-02-15T13:38:16.116416
Tataouine,1088496099,farmland,,32.88155,10.384965,2026-02-15T13:38:16.116416
Tataouine,1088496100,farmland,,32.8821377,10.3823904,2026-02-15T13:38:16.116416
Tataouine,1088496101,farmland,,32.8828875,10.3765026,2026-02-15T13:38:16.116416
Tataouine,1088496102,farmland,,32.8822665,10.3776304,2026-02-15T13:38:16.116416
Tataouine,1088496106,farmland,,32.8813294,10.3809019,2026-02-15T13:38:16.116416
Tataouine,1088496108,farmland,,32.8813448,10.3815725,2026-02-15T13:38:16.116416
Tataouine,1088496109,farmland,,32.8806313,10.3797083,2026-02-15T13:38:16.116416
Tataouine,1088496110,farmland,,32.8809101,10.3920459,2026-02-15T13:38:16.116416
Tataouine,1088496113,farmland,,32.8796972,10.3915182,2026-02-15T13:38:16.116416
Tataouine,1088496116,farmland,,32.8833247,10.3853156,2026-02-15T13:38:16.116416
Tataouine,1088496117,farmland,,32.8756267,10.3798832,2026-02-15T13:38:16.116416
Tataouine,1088496119,farmland,,32.8746374,10.3728323,2026-02-15T13:38:16.116416
Tataouine,1088496121,farmland,,32.8743246,10.3717616,2026-02-15T13:38:16.116416
Tataouine,1088496122,farmland,,32.8737717,10.371066,2026-02-15T13:38:16.116416
Tataouine,1088496123,farmland,,32.8758377,10.3679405,2026-02-15T13:38:16.116416
Tataouine,1088496124,farmland,,32.8752358,10.3679122,2026-02-15T13:38:16.116416
Tataouine,1088496125,farmland,,32.8756825,10.3670409,2026-02-15T13:38:16.116416
Tataouine,1088496126,farmland,,32.8750508,10.3670149,2026-02-15T13:38:16.116416
Tataouine,1088511529,farmland,,32.8739517,10.3890004,2026-02-15T13:38:16.116416
Tataouine,1088511530,brownfield,,32.8739795,10.3845912,2026-02-15T13:38:16.116416
Tataouine,1088511531,farmland,,32.8789764,10.3889352,2026-02-15T13:38:16.116416
Tataouine,1088511532,farmland,,32.8783007,10.3886826,2026-02-15T13:38:16.116416
Tataouine,1088511533,farmland,,32.8850622,10.3944317,2026-02-15T13:38:16.116416
Tataouine,1088511534,farmland,,32.8838115,10.392244,2026-02-15T13:38:16.116416
Tataouine,1088511535,farmland,,32.8886779,10.3905531,2026-02-15T13:38:16.116416
Tataouine,1088511558,farmland,,32.8720577,10.4062045,2026-02-15T13:38:16.116416
Tataouine,1088511562,brownfield,,32.8739011,10.3834671,2026-02-15T13:38:16.116416
Tataouine,1088788781,brownfield,,32.8767085,10.3795062,2026-02-15T13:38:16.116416
Tataouine,1088807533,brownfield,,32.8770386,10.3814068,2026-02-15T13:38:16.116416
Tataouine,1088807534,brownfield,,32.8765738,10.3809789,2026-02-15T13:38:16.116416
Tataouine,1088807554,brownfield,,32.8828196,10.3855368,2026-02-15T13:38:16.116416
Tataouine,1197015183,residential,,32.8684846,10.5002413,2026-02-15T13:38:16.116416
Tataouine,1238462300,cemetery,,32.8962757,10.5372575,2026-02-15T13:38:16.116416
Tataouine,1256322051,orchard,,32.9623416,10.4757273,2026-02-15T13:38:16.116416
Tataouine,1256322052,orchard,,32.960898,10.4750568,2026-02-15T13:38:16.116416
Tataouine,1256322053,orchard,,32.9611424,10.4771073,2026-02-15T13:38:16.116416
Tataouine,1256322054,orchard,,32.963899,10.4695922,2026-02-15T13:38:16.116416
Tataouine,1256322055,orchard,,32.9643153,10.46694,2026-02-15T13:38:16.116416
Tataouine,1256322056,orchard,,32.9653463,10.4726549,2026-02-15T13:38:16.116416
Tataouine,1256322057,orchard,,32.9658198,10.4734531,2026-02-15T13:38:16.116416
Tataouine,1256322058,orchard,,32.966521,10.474011,2026-02-15T13:38:16.116416
Tataouine,1277883597,residential,,32.891107,10.4429512,2026-02-15T13:38:16.116416
Tataouine,1277883599,residential,,32.8932227,10.4448641,2026-02-15T13:38:16.116416
Tataouine,1368059801,allotments,,32.9940344,10.4633258,2026-02-15T13:38:16.116416
Tataouine,1368070176,industrial,Abattoir municipal,32.9594758,10.4648689,2026-02-15T13:38:16.116416
Tataouine,1368113192,industrial,,32.9654902,10.4790725,2026-02-15T13:38:16.116416
Tataouine,1368113203,industrial,Hasna Peutroleum,32.9650923,10.4780868,2026-02-15T13:38:16.116416
Tataouine,1390806411,residential,,32.9601943,10.4563253,2026-02-15T13:38:16.116416
Tataouine,1390813521,residential,,32.9838171,10.3832853,2026-02-15T13:38:16.116416
Tataouine,1390813522,residential,,32.9886242,10.3941239,2026-02-15T13:38:16.116416
Tataouine,1425384860,residential,,32.9025982,10.4240009,2026-02-15T13:38:16.116416
Tataouine,1425384861,residential,,32.9030404,10.4253206,2026-02-15T13:38:16.116416
Tataouine,1425384862,residential,,32.9031614,10.4271053,2026-02-15T13:38:16.116416
Tataouine,1425384863,residential,,32.9047374,10.4285346,2026-02-15T13:38:16.116416
Tataouine,1425384864,residential,,32.9023272,10.4295861,2026-02-15T13:38:16.116416
Tataouine,1425384865,residential,,32.9000292,10.4287088,2026-02-15T13:38:16.116416
Tataouine,2081660,residential,,32.8722986,10.3836863,2026-02-15T13:38:16.116416
Jendouba,190522236,reservoir,,36.5710593,8.8400613,2026-02-15T13:38:24.402893
Jendouba,190522237,railway,,36.486738,8.7662524,2026-02-15T13:38:24.402893
Jendouba,190522239,railway,,36.5665103,8.8537758,2026-02-15T13:38:24.402893
Jendouba,190522240,railway,,36.506627,8.7804832,2026-02-15T13:38:24.402893
Jendouba,190522241,industrial,,36.5675823,8.8424713,2026-02-15T13:38:24.402893
Jendouba,204475541,farmyard,,36.5516951,8.7595033,2026-02-15T13:38:24.402893
Jendouba,204475543,quarry,,36.566172,8.751747,2026-02-15T13:38:24.402893
Jendouba,226096787,cemetery,,36.4515875,8.8211393,2026-02-15T13:38:24.402893
Jendouba,226134061,residential,,36.4235529,8.7608238,2026-02-15T13:38:24.402893
Jendouba,251421904,cemetery,,36.4955074,8.8305454,2026-02-15T13:38:24.402893
Jendouba,265942940,residential,,36.5115321,8.7595327,2026-02-15T13:38:24.402893
Jendouba,278983971,military,,36.4848423,8.799973,2026-02-15T13:38:24.402893
Jendouba,279108024,greenfield,,36.4941682,8.7903237,2026-02-15T13:38:24.402893
Jendouba,279137472,greenfield,,36.48923,8.7791626,2026-02-15T13:38:24.402893
Jendouba,279137474,village_green,,36.4867524,8.7774736,2026-02-15T13:38:24.402893
Jendouba,279137477,industrial,,36.4829692,8.7800575,2026-02-15T13:38:24.402893
Jendouba,279156116,farmland,,36.4955542,8.7716276,2026-02-15T13:38:24.402893
Jendouba,279156117,farmland,,36.4899784,8.7743082,2026-02-15T13:38:24.402893
Jendouba,279156118,landfill,,36.4927176,8.7670693,2026-02-15T13:38:24.402893
Jendouba,279156119,brownfield,,36.4960183,8.7717474,2026-02-15T13:38:24.402893
Jendouba,279156120,industrial,,36.4955408,8.7731239,2026-02-15T13:38:24.402893
Jendouba,279156121,railway,,36.494187,8.7730588,2026-02-15T13:38:24.402893
Jendouba,279156122,industrial,,36.4910936,8.7689216,2026-02-15T13:38:24.402893
Jendouba,279156123,farmland,,36.4931642,8.770722,2026-02-15T13:38:24.402893
Jendouba,279156124,cemetery,مقبرة جندوبة,36.507759,8.7697136,2026-02-15T13:38:24.402893
Jendouba,279156126,industrial,,36.4952866,8.7750286,2026-02-15T13:38:24.402893
Jendouba,279156127,residential,,36.4899561,8.7673559,2026-02-15T13:38:24.402893
Jendouba,279156128,industrial,,36.4908062,8.7763543,2026-02-15T13:38:24.402893
Jendouba,279156129,industrial,,36.4992351,8.7700029,2026-02-15T13:38:24.402893
Jendouba,279165848,farmland,,36.5126734,8.7828859,2026-02-15T13:38:24.402893
Jendouba,279165849,orchard,,36.5098378,8.7735752,2026-02-15T13:38:24.402893
Jendouba,279165850,cemetery,,36.5107073,8.7819227,2026-02-15T13:38:24.402893
Jendouba,279165851,farmland,,36.4981438,8.7643029,2026-02-15T13:38:24.402893
Jendouba,279165852,orchard,,36.5001416,8.7624442,2026-02-15T13:38:24.402893
Jendouba,279165855,farmland,,36.4951978,8.7591205,2026-02-15T13:38:24.402893
Jendouba,279165856,farmland,,36.5030895,8.7677967,2026-02-15T13:38:24.402893
Jendouba,279165857,farmland,,36.5038202,8.7696249,2026-02-15T13:38:24.402893
Jendouba,279165858,farmland,,36.5112492,8.7703994,2026-02-15T13:38:24.402893
Jendouba,279165860,orchard,,36.5142397,8.7818123,2026-02-15T13:38:24.402893
Jendouba,279165861,farmland,,36.5000676,8.7603206,2026-02-15T13:38:24.402893
Jendouba,279165862,orchard,,36.5008282,8.7603328,2026-02-15T13:38:24.402893
Jendouba,279165863,orchard,,36.5134839,8.7832385,2026-02-15T13:38:24.402893
Jendouba,279194067,residential,,36.4976489,8.7858416,2026-02-15T13:38:24.402893
Jendouba,279248715,village_green,,36.5082545,8.7617635,2026-02-15T13:38:24.402893
Jendouba,279258649,brownfield,,36.510233,8.7583033,2026-02-15T13:38:24.402893
Jendouba,279260467,farmland,,36.511122,8.7481167,2026-02-15T13:38:24.402893
Jendouba,279260469,orchard,,36.5043552,8.7661915,2026-02-15T13:38:24.402893
Jendouba,279260470,greenfield,,36.5067328,8.7682516,2026-02-15T13:38:24.402893
Jendouba,279260474,greenfield,,36.5118284,8.7665875,2026-02-15T13:38:24.402893
Jendouba,279260475,brownfield,,36.511584,8.7621104,2026-02-15T13:38:24.402893
Jendouba,279260476,brownfield,,36.5138651,8.7522342,2026-02-15T13:38:24.402893
Jendouba,279260477,greenfield,,36.5092003,8.7659958,2026-02-15T13:38:24.402893
Jendouba,279260478,brownfield,,36.5075521,8.7556266,2026-02-15T13:38:24.402893
Jendouba,279260479,village_green,,36.517516,8.7560625,2026-02-15T13:38:24.402893
Jendouba,279260480,village_green,,36.5148985,8.7541953,2026-02-15T13:38:24.402893
Jendouba,279260481,farmland,,36.5026644,8.7671039,2026-02-15T13:38:24.402893
Jendouba,549637016,forest,,36.5119548,8.6795795,2026-02-15T13:38:24.402893
Jendouba,549637017,residential,,36.4825588,8.6708245,2026-02-15T13:38:24.402893
Jendouba,605259101,residential,,36.432492,8.8478635,2026-02-15T13:38:24.402893
Jendouba,606277975,residential,,36.5701567,8.8578772,2026-02-15T13:38:24.402893
Jendouba,606278753,residential,,36.5324802,8.8557115,2026-02-15T13:38:24.402893
Jendouba,606279644,residential,,36.5154169,8.8104138,2026-02-15T13:38:24.402893
Jendouba,606279998,residential,,36.5336521,8.7929893,2026-02-15T13:38:24.402893
Jendouba,606280000,residential,,36.5385161,8.8020697,2026-02-15T13:38:24.402893
Jendouba,606280003,residential,,36.5334892,8.8272533,2026-02-15T13:38:24.402893
Jendouba,609899176,residential,,36.5112513,8.8905541,2026-02-15T13:38:24.402893
Jendouba,609899183,residential,,36.4823125,8.8595628,2026-02-15T13:38:24.402893
Jendouba,609899184,residential,,36.4794325,8.864124,2026-02-15T13:38:24.402893
Jendouba,609899185,residential,,36.4745294,8.8709227,2026-02-15T13:38:24.402893
Jendouba,609899187,residential,,36.5277955,8.8460005,2026-02-15T13:38:24.402893
Jendouba,628151145,cemetery,,36.4575209,8.8645309,2026-02-15T13:38:24.402893
Jendouba,628151147,residential,,36.4604065,8.8548344,2026-02-15T13:38:24.402893
Jendouba,628151149,cemetery,,36.531781,8.7873805,2026-02-15T13:38:24.402893
Jendouba,628151990,residential,,36.5367774,8.7243184,2026-02-15T13:38:24.402893
Jendouba,628151991,residential,,36.5397984,8.678406,2026-02-15T13:38:24.402893
Jendouba,630238188,residential,,36.5349382,8.807396,2026-02-15T13:38:24.402893
Jendouba,630238189,residential,,36.531621,8.8149894,2026-02-15T13:38:24.402893
Jendouba,1117865219,residential,,36.5277461,8.7445218,2026-02-15T13:38:24.402893
Jendouba,1117865220,residential,,36.5002814,8.7476233,2026-02-15T13:38:24.402893
Jendouba,1117865221,residential,,36.4960435,8.7616315,2026-02-15T13:38:24.402893
Jendouba,1117870539,residential,,36.5753178,8.7961565,2026-02-15T13:38:24.402893
Jendouba,1117870540,farmyard,,36.573654,8.7980731,2026-02-15T13:38:24.402893
Jendouba,1117870541,residential,,36.5803632,8.7986223,2026-02-15T13:38:24.402893
Jendouba,1117870542,industrial,,36.568091,8.7938803,2026-02-15T13:38:24.402893
Jendouba,1117870559,residential,,36.5651984,8.7873412,2026-02-15T13:38:24.402893
Jendouba,1117870560,residential,,36.56046,8.7626212,2026-02-15T13:38:24.402893
Jendouba,1239209309,residential,,36.4788875,8.7644973,2026-02-15T13:38:24.402893
Jendouba,1239209310,industrial,,36.4750937,8.7640655,2026-02-15T13:38:24.402893
Jendouba,1239209311,orchard,,36.4796567,8.7614005,2026-02-15T13:38:24.402893
Jendouba,1239209313,orchard,,36.506907,8.8056866,2026-02-15T13:38:24.402893
Jendouba,1239209314,orchard,,36.5077788,8.8066012,2026-02-15T13:38:24.402893
Jendouba,1239209316,residential,,36.5204046,8.8203768,2026-02-15T13:38:24.402893
Mahdia,43916775,cemetery,مخبزة عريف,35.5047511,11.0764042,2026-02-15T13:38:28.763200
Mahdia,95119875,residential,,35.507378,11.0502354,2026-02-15T13:38:28.763200
Mahdia,97174749,industrial,,35.4979475,11.0631216,2026-02-15T13:38:28.763200
Mahdia,97630283,residential,,35.5726272,11.0180536,2026-02-15T13:38:28.763200
Mahdia,97630288,residential,,35.5727846,11.0163457,2026-02-15T13:38:28.763200
Mahdia,97630296,residential,,35.5686653,11.0180023,2026-02-15T13:38:28.763200
Mahdia,97630387,residential,,35.5710524,11.0176442,2026-02-15T13:38:28.763200
Mahdia,97630388,residential,,35.5599497,11.022996,2026-02-15T13:38:28.763200
Mahdia,189773101,railway,,35.4985526,11.0623773,2026-02-15T13:38:28.763200
Mahdia,206856278,village_green,,35.4967429,11.0505758,2026-02-15T13:38:28.763200
Mahdia,206856279,village_green,,35.5013687,11.0518221,2026-02-15T13:38:28.763200
Mahdia,206856280,village_green,,35.508179,11.0504741,2026-02-15T13:38:28.763200
Mahdia,206856281,village_green,,35.4988106,11.049182,2026-02-15T13:38:28.763200
Mahdia,206856282,village_green,,35.4984422,11.0476113,2026-02-15T13:38:28.763200
Mahdia,206856283,village_green,,35.4958203,11.0598677,2026-02-15T13:38:28.763200
Mahdia,231910368,cemetery,مقبرة رجيش,35.4637827,11.0416769,2026-02-15T13:38:28.763200
Mahdia,242270149,landfill,,35.5483004,11.0281181,2026-02-15T13:38:28.763200
Mahdia,242270150,village_green,,35.4868838,11.0513183,2026-02-15T13:38:28.763200
Mahdia,242270151,village_green,,35.5245069,11.0335022,2026-02-15T13:38:28.763200
Mahdia,298816123,residential,,35.5061252,11.0404434,2026-02-15T13:38:28.763200
Mahdia,298816124,forest,,35.5061775,11.0407464,2026-02-15T13:38:28.763200
Mahdia,298816125,forest,,35.5062966,11.0410107,2026-02-15T13:38:28.763200
Mahdia,298816126,forest,,35.5064756,11.0405037,2026-02-15T13:38:28.763200
Mahdia,298816128,forest,,35.5063369,11.0396668,2026-02-15T13:38:28.763200
Mahdia,298816129,forest,,35.5055459,11.0407591,2026-02-15T13:38:28.763200
Mahdia,298816130,forest,,35.5064112,11.0393249,2026-02-15T13:38:28.763200
Mahdia,298816131,forest,,35.5061022,11.0389837,2026-02-15T13:38:28.763200
Mahdia,298816132,forest,,35.5061399,11.0388086,2026-02-15T13:38:28.763200
Mahdia,298816133,forest,,35.5067371,11.0385483,2026-02-15T13:38:28.763200
Mahdia,298816147,forest,,35.5067868,11.037741,2026-02-15T13:38:28.763200
Mahdia,298816148,forest,,35.5064669,11.0377531,2026-02-15T13:38:28.763200
Mahdia,298816161,forest,,35.5059123,11.0388977,2026-02-15T13:38:28.763200
Mahdia,298816170,cemetery,,35.5058512,11.0373748,2026-02-15T13:38:28.763200
Mahdia,298816172,forest,,35.5058795,11.0361679,2026-02-15T13:38:28.763200
Mahdia,298898594,cemetery,مقبرة سيدي عبد الله,35.5080585,11.0429456,2026-02-15T13:38:28.763200
Mahdia,298932899,cemetery,,35.508824,11.0442063,2026-02-15T13:38:28.763200
Mahdia,449276834,industrial,مركزية ألبان المهدية,35.5199791,10.9774976,2026-02-15T13:38:28.763200
Mahdia,449276835,industrial,,35.4899731,10.9879863,2026-02-15T13:38:28.763200
Mahdia,539450445,grass,,35.5030298,11.0679517,2026-02-15T13:38:28.763200
Mahdia,549819070,grass,,35.5352743,11.0310245,2026-02-15T13:38:28.763200
Mahdia,549819663,grass,,35.5434849,11.0278252,2026-02-15T13:38:28.763200
Mahdia,706926773,commercial,Caribbean World Mahdia,35.543796,11.0300883,2026-02-15T13:38:28.763200
Mahdia,706926774,grass,,35.5438317,11.0297522,2026-02-15T13:38:28.763200
Mahdia,706926776,grass,,35.5438653,11.0293574,2026-02-15T13:38:28.763200
Mahdia,706926778,grass,,35.5436249,11.0297487,2026-02-15T13:38:28.763200
Mahdia,706926779,grass,,35.5436013,11.0300637,2026-02-15T13:38:28.763200
Mahdia,706926780,grass,,35.5440643,11.0296414,2026-02-15T13:38:28.763200
Mahdia,706926781,grass,,35.5432921,11.0297654,2026-02-15T13:38:28.763200
Mahdia,706926782,grass,,35.5429174,11.0293473,2026-02-15T13:38:28.763200
Mahdia,706926783,grass,,35.5427345,11.0286888,2026-02-15T13:38:28.763200
Mahdia,706926784,grass,,35.5432136,11.0286107,2026-02-15T13:38:28.763200
Mahdia,706926786,grass,,35.5433436,11.0311185,2026-02-15T13:38:28.763200
Mahdia,706926787,grass,,35.5436907,11.0315548,2026-02-15T13:38:28.763200
Mahdia,706926788,grass,,35.5438077,11.0308845,2026-02-15T13:38:28.763200
Mahdia,706926790,grass,,35.5443684,11.031477,2026-02-15T13:38:28.763200
Mahdia,706926791,grass,,35.544849,11.0314547,2026-02-15T13:38:28.763200
Mahdia,706955919,farmland,,35.5424971,11.0257156,2026-02-15T13:38:28.763200
Mahdia,706955939,commercial,Hôtel Club Thapsus,35.5461879,11.0297793,2026-02-15T13:38:28.763200
Mahdia,706980906,commercial,Hôtel El Fatimi,35.5420349,11.0306454,2026-02-15T13:38:28.763200
Mahdia,707588471,grass,,35.5444792,11.0308479,2026-02-15T13:38:28.763200
Mahdia,707588473,grass,,35.5441467,11.0305899,2026-02-15T13:38:28.763200
Mahdia,707588474,grass,,35.5439111,11.0306095,2026-02-15T13:38:28.763200
Mahdia,707596239,grass,,35.5426621,11.0311696,2026-02-15T13:38:28.763200
Mahdia,709187842,commercial,Aqua Park,35.5312141,11.0337031,2026-02-15T13:38:28.763200
Mahdia,775730955,commercial,Primasol El Mehdi,35.5175423,11.0448921,2026-02-15T13:38:28.763200
Mahdia,775730956,commercial,El Borj,35.5247293,11.0380425,2026-02-15T13:38:28.763200
Mahdia,775730957,commercial,El Mouradi Mehdia,35.5262146,11.0371255,2026-02-15T13:38:28.763200
Mahdia,775730958,commercial,Thalasso Mehdia,35.5295103,11.0361503,2026-02-15T13:38:28.763200
Mahdia,845005674,cemetery,,35.5000795,11.0373955,2026-02-15T13:38:28.763200
Mahdia,1019818673,commercial,,35.5160165,11.0465787,2026-02-15T13:38:28.763200
Mahdia,1019818680,commercial,,35.5142365,11.0481838,2026-02-15T13:38:28.763200
Mahdia,1019818685,commercial,,35.5148603,11.047623,2026-02-15T13:38:28.763200
Mahdia,1020089040,commercial,El Mouradi Mahdia,35.533554,11.0337273,2026-02-15T13:38:28.763200
Mahdia,1020089044,commercial,LTI Mahdia Beach,35.5319916,11.0345462,2026-02-15T13:38:28.763200
Mahdia,1063031144,aquaculture,Ecoasis Aquaculture Tunisie,35.5229166,11.1222223,2026-02-15T13:38:28.763200
Mahdia,1117794043,grass,,35.4933987,11.0450974,2026-02-15T13:38:28.763200
Mahdia,1117794044,grass,,35.4930002,11.0452293,2026-02-15T13:38:28.763200
Mahdia,1117794046,grass,,35.494101,11.049048,2026-02-15T13:38:28.763200
Mahdia,1121012023,residential,,35.5191885,10.9737927,2026-02-15T13:38:28.763200
Mahdia,1121096693,residential,,35.5182168,10.9652518,2026-02-15T13:38:28.763200
Mahdia,1121096696,residential,,35.5208791,10.9638595,2026-02-15T13:38:28.763200
Mahdia,1121096697,residential,,35.5188637,10.9609939,2026-02-15T13:38:28.763200
Mahdia,1121130456,residential,,35.5115994,10.9644364,2026-02-15T13:38:28.763200
Mahdia,1121255134,commercial,One Resort El Mansour,35.5279114,11.0363578,2026-02-15T13:38:28.763200
Mahdia,1121263391,commercial,Hôtel Les Princes,35.5346524,11.0332047,2026-02-15T13:38:28.763200
Mahdia,1121263392,commercial,Mahdia Palace Thalasso,35.5399573,11.0314268,2026-02-15T13:38:28.763200
Mahdia,1121263393,commercial,Hôtel Nour Palace Resort & Thalasso,35.5368729,11.0325793,2026-02-15T13:38:28.763200
Mahdia,1121302426,commercial,Hôtel Dimess,35.5329305,11.030653,2026-02-15T13:38:28.763200
Mahdia,1121302427,residential,,35.5381283,11.0283951,2026-02-15T13:38:28.763200
Mahdia,1121354563,commercial,Iberostar Royal El Mansour,35.5131545,11.0496378,2026-02-15T13:38:28.763200
Mahdia,1121354567,commercial,Hôtel Houria House,35.5121921,11.0513997,2026-02-15T13:38:28.763200
Mahdia,1122674281,grass,,35.4715605,11.0498079,2026-02-15T13:38:28.763200
Mahdia,1122674291,grass,,35.465942,11.0496249,2026-02-15T13:38:28.763200
Mahdia,1122674292,grass,,35.4659348,11.0490833,2026-02-15T13:38:28.763200
Mahdia,1122680461,residential,,35.4619529,11.0418803,2026-02-15T13:38:28.763200
Mahdia,1122680462,industrial,,35.4784653,11.0496159,2026-02-15T13:38:28.763200
Mahdia,1126547863,residential,,35.4405084,11.0396716,2026-02-15T13:38:28.763200
Mahdia,1126547864,residential,,35.4350005,11.0391183,2026-02-15T13:38:28.763200
Mahdia,1251975728,grass,,35.521775,11.0306072,2026-02-15T13:38:28.763200
Mahdia,1251975731,grass,,35.5204791,11.0293476,2026-02-15T13:38:28.763200
Mahdia,1251977568,cemetery,,35.5188256,11.0268569,2026-02-15T13:38:28.763200
Mahdia,1251977575,residential,,35.5063871,11.0180471,2026-02-15T13:38:28.763200
Mahdia,1251978334,residential,,35.4930629,11.0198189,2026-02-15T13:38:28.763200
Mahdia,1251978335,industrial,,35.495514,11.0183741,2026-02-15T13:38:28.763200
Mahdia,1278001596,grass,,35.5009384,11.064961,2026-02-15T13:38:28.763200
Mahdia,1285543088,grass,,35.5204631,11.0273244,2026-02-15T13:38:28.763200
Mahdia,1285543089,grass,,35.5201043,11.0275976,2026-02-15T13:38:28.763200
Mahdia,1285543090,grass,,35.5203409,11.0277658,2026-02-15T13:38:28.763200
Mahdia,1285641355,residential,,35.5029138,11.0213282,2026-02-15T13:38:28.763200
Mahdia,1302597625,construction,,35.5001618,11.0402695,2026-02-15T13:38:28.763200
Mahdia,1302704903,grass,,35.5029854,11.0682157,2026-02-15T13:38:28.763200
Mahdia,1302704904,grass,,35.5036463,11.0677307,2026-02-15T13:38:28.763200
Mahdia,1302708192,grass,,35.5041114,11.0723689,2026-02-15T13:38:28.763200
Mahdia,1302708193,grass,,35.5038252,11.0725311,2026-02-15T13:38:28.763200
Mahdia,1302708195,grass,,35.5044634,11.0719983,2026-02-15T13:38:28.763200
Mahdia,1302751521,cemetery,,35.4864876,11.044515,2026-02-15T13:38:28.763200
Mahdia,1302776588,grass,,35.4963666,11.0465556,2026-02-15T13:38:28.763200
Mahdia,1302777322,retail,Village Artisanal,35.5005746,11.0569626,2026-02-15T13:38:28.763200
Mahdia,1302777327,grass,,35.4990618,11.0587608,2026-02-15T13:38:28.763200
Mahdia,1302777529,orchard,,35.4988361,11.0585752,2026-02-15T13:38:28.763200
Mahdia,1302797070,grass,,35.5024907,11.0657478,2026-02-15T13:38:28.763200
Mahdia,1302904061,grass,,35.4990473,11.0484019,2026-02-15T13:38:28.763200
Mahdia,1302904066,grass,,35.4991529,11.0489423,2026-02-15T13:38:28.763200
Mahdia,1302904067,grass,,35.4986498,11.0477459,2026-02-15T13:38:28.763200
Mahdia,1302904069,grass,,35.4985242,11.0478341,2026-02-15T13:38:28.763200
Mahdia,1302904070,grass,,35.4983513,11.0473849,2026-02-15T13:38:28.763200
Mahdia,1302909763,grass,,35.5060505,11.0565061,2026-02-15T13:38:28.763200
Mahdia,1304523576,orchard,,35.502001,11.0631716,2026-02-15T13:38:28.763200
Mahdia,1304523592,grass,,35.5017823,11.0631405,2026-02-15T13:38:28.763200
Mahdia,1304537968,grass,,35.5039056,11.067826,2026-02-15T13:38:28.763200
Mahdia,1309952443,grass,,35.4987386,11.0555027,2026-02-15T13:38:28.763200
Mahdia,1311109710,grass,,35.4996352,11.0572439,2026-02-15T13:38:28.763200
Mahdia,1312819252,grass,,35.5004678,11.0489629,2026-02-15T13:38:28.763200
Mahdia,1313110631,grass,,35.5051812,11.0624628,2026-02-15T13:38:28.763200
Mahdia,1313811580,allotments,,35.5056092,11.0580308,2026-02-15T13:38:28.763200
Mahdia,1314409784,grass,,35.5136478,11.0494297,2026-02-15T13:38:28.763200
Mahdia,1314592343,grass,,35.5110743,11.0526717,2026-02-15T13:38:28.763200
Mahdia,1315427891,cemetery,Cimetière Akouech Dar Ben Salem,35.4897645,11.0359971,2026-02-15T13:38:28.763200
Mahdia,1316732447,grass,,35.5044678,11.0605967,2026-02-15T13:38:28.763200
Mahdia,1316744944,grass,,35.5060117,11.062064,2026-02-15T13:38:28.763200
Mahdia,1316751651,grass,,35.5042185,11.0715096,2026-02-15T13:38:28.763200
Mahdia,1316904355,military,,35.5080058,11.0802863,2026-02-15T13:38:28.763200
Mahdia,1338403954,grass,,35.5131095,11.0504759,2026-02-15T13:38:28.763200
Mahdia,1338403955,grass,,35.5130512,11.0500216,2026-02-15T13:38:28.763200
Mahdia,1338403956,grass,,35.5131636,11.0497888,2026-02-15T13:38:28.763200
Mahdia,1338403957,grass,,35.51268,11.0503528,2026-02-15T13:38:28.763200
Mahdia,1402145,farmland,,35.5599825,11.0181201,2026-02-15T13:38:28.763200
Mahdia,2905656,residential,,35.4177815,10.9953284,2026-02-15T13:38:28.763200
Mahdia,9842346,grass,,35.5430891,11.0304822,2026-02-15T13:38:28.763200
Mahdia,17535426,grass,,35.5010566,11.0646183,2026-02-15T13:38:28.763200
Mahdia,17535427,grass,,35.5011117,11.0648435,2026-02-15T13:38:28.763200
Mahdia,18044163,cemetery,المقبرة البحرية بالمهدية,35.5064229,11.0780689,2026-02-15T13:38:28.763200
Mahdia,18050008,meadow,,35.5081146,11.0810315,2026-02-15T13:38:28.763200
Sidi Bouzid,170154134,cemetery,مقبرة دبش,35.0336685,9.4823939,2026-02-15T13:38:33.437348
Sidi Bouzid,171581043,brownfield,,35.0330784,9.4663219,2026-02-15T13:38:33.437348
Sidi Bouzid,171581044,brownfield,,35.0401694,9.4649805,2026-02-15T13:38:33.437348
Sidi Bouzid,171581045,brownfield,,35.0350822,9.4728892,2026-02-15T13:38:33.437348
Sidi Bouzid,171581046,brownfield,,35.0353491,9.4610142,2026-02-15T13:38:33.437348
Sidi Bouzid,171581047,cemetery,,35.0295116,9.4557523,2026-02-15T13:38:33.437348
Sidi Bouzid,171581048,orchard,,35.0448727,9.4776179,2026-02-15T13:38:33.437348
Sidi Bouzid,171581049,brownfield,,35.040779,9.4745937,2026-02-15T13:38:33.437348
Sidi Bouzid,171581050,brownfield,,35.032194,9.4562932,2026-02-15T13:38:33.437348
Sidi Bouzid,171581051,village_green,,35.0340014,9.4613008,2026-02-15T13:38:33.437348
Sidi Bouzid,171581052,village_green,,35.0333484,9.4601885,2026-02-15T13:38:33.437348
Sidi Bouzid,171581053,village_green,,35.0328988,9.4614651,2026-02-15T13:38:33.437348
Sidi Bouzid,171614165,industrial,,35.0446059,9.5005702,2026-02-15T13:38:33.437348
Sidi Bouzid,171653186,residential,حي الياسمين,35.024986,9.4739239,2026-02-15T13:38:33.437348
Sidi Bouzid,171653187,brownfield,,35.0317802,9.4717717,2026-02-15T13:38:33.437348
Sidi Bouzid,171653188,residential,,35.0138905,9.484225,2026-02-15T13:38:33.437348
Sidi Bouzid,171653190,greenfield,,35.0352895,9.5027867,2026-02-15T13:38:33.437348
Sidi Bouzid,172090045,orchard,,35.0164924,9.4980024,2026-02-15T13:38:33.437348
Sidi Bouzid,172115995,orchard,,35.0367271,9.460688,2026-02-15T13:38:33.437348
Sidi Bouzid,172268095,residential,الصندوق,35.0992232,9.4555411,2026-02-15T13:38:33.437348
Sidi Bouzid,172347647,residential,,35.0966406,9.4803305,2026-02-15T13:38:33.437348
Sidi Bouzid,172347649,residential,,35.0200363,9.4086949,2026-02-15T13:38:33.437348
Sidi Bouzid,172347650,residential,,35.1014202,9.4727881,2026-02-15T13:38:33.437348
Sidi Bouzid,172347651,residential,,35.0371761,9.4459758,2026-02-15T13:38:33.437348
Sidi Bouzid,172348901,residential,,35.1011031,9.4086954,2026-02-15T13:38:33.437348
Sidi Bouzid,172348913,residential,عويثة الغزال,35.0743181,9.398599,2026-02-15T13:38:33.437348
Sidi Bouzid,172348915,residential,,35.094626,9.404699,2026-02-15T13:38:33.437348
Sidi Bouzid,172350734,residential,لسودة,35.0996892,9.5370547,2026-02-15T13:38:33.437348
Sidi Bouzid,172353842,residential,,35.0477321,9.4415364,2026-02-15T13:38:33.437348
Sidi Bouzid,172353851,orchard,,35.0307324,9.4305592,2026-02-15T13:38:33.437348
Sidi Bouzid,172353852,residential,,35.0254523,9.4474615,2026-02-15T13:38:33.437348
Sidi Bouzid,172353858,orchard,,35.0305367,9.4382373,2026-02-15T13:38:33.437348
Sidi Bouzid,172353860,residential,,35.046339,9.4457743,2026-02-15T13:38:33.437348
Sidi Bouzid,172353865,orchard,,35.0328776,9.4460425,2026-02-15T13:38:33.437348
Sidi Bouzid,172353867,orchard,,35.0290391,9.4458492,2026-02-15T13:38:33.437348
Sidi Bouzid,172353870,residential,,35.0511575,9.4397165,2026-02-15T13:38:33.437348
Sidi Bouzid,172456042,orchard,,35.0235401,9.4967705,2026-02-15T13:38:33.437348
Sidi Bouzid,172456043,residential,,35.0503605,9.5250556,2026-02-15T13:38:33.437348
Sidi Bouzid,172699173,residential,,35.0546577,9.5234437,2026-02-15T13:38:33.437348
Sidi Bouzid,172699175,orchard,,35.0456016,9.4621194,2026-02-15T13:38:33.437348
Sidi Bouzid,172699176,orchard,,35.0332491,9.4355601,2026-02-15T13:38:33.437348
Sidi Bouzid,172699177,orchard,,35.0500789,9.4762067,2026-02-15T13:38:33.437348
Sidi Bouzid,172699181,orchard,,35.0467263,9.4754534,2026-02-15T13:38:33.437348
Sidi Bouzid,172699185,orchard,,35.0500072,9.4792131,2026-02-15T13:38:33.437348
Sidi Bouzid,172699188,orchard,,35.0412184,9.4687779,2026-02-15T13:38:33.437348
Sidi Bouzid,172699189,orchard,,35.0399598,9.4679065,2026-02-15T13:38:33.437348
Sidi Bouzid,172699193,orchard,,35.0396467,9.4509077,2026-02-15T13:38:33.437348
Sidi Bouzid,172699196,residential,,35.0623096,9.4781559,2026-02-15T13:38:33.437348
Sidi Bouzid,172699198,orchard,,35.0502462,9.4728534,2026-02-15T13:38:33.437348
Sidi Bouzid,172699204,orchard,,35.0478128,9.4804913,2026-02-15T13:38:33.437348
Sidi Bouzid,172699206,orchard,,35.0470821,9.4743323,2026-02-15T13:38:33.437348
Sidi Bouzid,172699208,orchard,,35.0500184,9.463011,2026-02-15T13:38:33.437348
Sidi Bouzid,172699210,residential,,35.0600852,9.4649368,2026-02-15T13:38:33.437348
Sidi Bouzid,172699213,residential,,35.0664911,9.477012,2026-02-15T13:38:33.437348
Sidi Bouzid,172699216,orchard,,35.0482476,9.4830256,2026-02-15T13:38:33.437348
Sidi Bouzid,172699219,orchard,,35.0391329,9.4576144,2026-02-15T13:38:33.437348
Sidi Bouzid,172699221,orchard,,35.0332004,9.4329462,2026-02-15T13:38:33.437348
Sidi Bouzid,172699222,residential,,35.0689805,9.5263392,2026-02-15T13:38:33.437348
Sidi Bouzid,172699225,orchard,,35.0348349,9.4322067,2026-02-15T13:38:33.437348
Sidi Bouzid,172701230,orchard,,35.0440824,9.4668918,2026-02-15T13:38:33.437348
Sidi Bouzid,172701233,farmland,,35.0388487,9.4487988,2026-02-15T13:38:33.437348
Sidi Bouzid,172701234,farmland,,35.0492114,9.4736743,2026-02-15T13:38:33.437348
Sidi Bouzid,172701235,orchard,,35.0351128,9.4389826,2026-02-15T13:38:33.437348
Sidi Bouzid,172701236,residential,,35.0430305,9.4536359,2026-02-15T13:38:33.437348
Sidi Bouzid,172701237,orchard,,35.0402411,9.4469123,2026-02-15T13:38:33.437348
Sidi Bouzid,172701238,farmland,,35.0365414,9.4491804,2026-02-15T13:38:33.437348
Sidi Bouzid,172701239,farmland,,35.0392293,9.4518903,2026-02-15T13:38:33.437348
Sidi Bouzid,172701240,farmland,,35.0420844,9.4464671,2026-02-15T13:38:33.437348
Sidi Bouzid,172701241,farmland,,35.0485665,9.4773149,2026-02-15T13:38:33.437348
Sidi Bouzid,172701242,farmland,,35.0475844,9.4768285,2026-02-15T13:38:33.437348
Sidi Bouzid,172701243,orchard,,35.0481733,9.4752496,2026-02-15T13:38:33.437348
Sidi Bouzid,172701244,orchard,,35.0419787,9.4640477,2026-02-15T13:38:33.437348
Sidi Bouzid,172701246,farmland,,35.04182,9.4603633,2026-02-15T13:38:33.437348
Sidi Bouzid,172701247,farmland,,35.0490276,9.4757127,2026-02-15T13:38:33.437348
Sidi Bouzid,172701248,farmland,,35.0429429,9.4561255,2026-02-15T13:38:33.437348
Sidi Bouzid,172701250,orchard,,35.0509829,9.4785258,2026-02-15T13:38:33.437348
Sidi Bouzid,172701251,farmland,,35.0418249,9.4588613,2026-02-15T13:38:33.437348
Sidi Bouzid,172701676,farmland,,35.0368811,9.4522757,2026-02-15T13:38:33.437348
Sidi Bouzid,172701678,farmland,,35.0403428,9.4562035,2026-02-15T13:38:33.437348
Sidi Bouzid,172707577,orchard,,35.0169366,9.4852257,2026-02-15T13:38:33.437348
Sidi Bouzid,172707578,orchard,,35.0232167,9.4813006,2026-02-15T13:38:33.437348
Sidi Bouzid,172707579,orchard,,35.0035003,9.448589,2026-02-15T13:38:33.437348
Sidi Bouzid,172707581,orchard,,35.0148068,9.481248,2026-02-15T13:38:33.437348
Sidi Bouzid,172707583,farmland,,35.0199899,9.4812508,2026-02-15T13:38:33.437348
Sidi Bouzid,172976831,orchard,,35.024975,9.4956603,2026-02-15T13:38:33.437348
Sidi Bouzid,172976833,orchard,,35.0225763,9.4954551,2026-02-15T13:38:33.437348
Sidi Bouzid,172976834,orchard,,35.024081,9.4902855,2026-02-15T13:38:33.437348
Sidi Bouzid,172976836,orchard,,35.0269453,9.489011,2026-02-15T13:38:33.437348
Sidi Bouzid,173071004,meadow,,35.0081305,9.4787479,2026-02-15T13:38:33.437348
Sidi Bouzid,173071005,orchard,,35.0045561,9.5001985,2026-02-15T13:38:33.437348
Sidi Bouzid,173071008,farmland,,34.9963311,9.4616456,2026-02-15T13:38:33.437348
Sidi Bouzid,173071009,orchard,,34.9880573,9.4878433,2026-02-15T13:38:33.437348
Sidi Bouzid,173140021,commercial,,35.0296807,9.4660973,2026-02-15T13:38:33.437348
Sidi Bouzid,173140022,commercial,,35.0285153,9.4642511,2026-02-15T13:38:33.437348
Sidi Bouzid,173140023,industrial,,35.0295278,9.4496594,2026-02-15T13:38:33.437348
Sidi Bouzid,173140024,farmland,,35.0253331,9.4676319,2026-02-15T13:38:33.437348
Sidi Bouzid,173140025,commercial,,35.0383756,9.4605087,2026-02-15T13:38:33.437348
Sidi Bouzid,173140026,industrial,,35.025904,9.452471,2026-02-15T13:38:33.437348
Sidi Bouzid,173140030,commercial,,35.0300127,9.4649594,2026-02-15T13:38:33.437348
Sidi Bouzid,173140942,industrial,,35.0443541,9.4909296,2026-02-15T13:38:33.437348
Sidi Bouzid,173140945,industrial,,35.0312311,9.4916453,2026-02-15T13:38:33.437348
Sidi Bouzid,173140948,industrial,,35.0371205,9.470448,2026-02-15T13:38:33.437348
Sidi Bouzid,173140951,industrial,,35.0364327,9.4790623,2026-02-15T13:38:33.437348
Sidi Bouzid,173140952,industrial,,35.0442193,9.4937174,2026-02-15T13:38:33.437348
Sidi Bouzid,173140953,industrial,,35.0455861,9.4814375,2026-02-15T13:38:33.437348
Sidi Bouzid,173140955,industrial,,35.0294881,9.4896985,2026-02-15T13:38:33.437348
Sidi Bouzid,173140956,industrial,,35.0442868,9.4890728,2026-02-15T13:38:33.437348
Sidi Bouzid,173140959,commercial,,35.0442706,9.4918121,2026-02-15T13:38:33.437348
Sidi Bouzid,173140960,commercial,,35.0448525,9.4873236,2026-02-15T13:38:33.437348
Sidi Bouzid,173141445,farmland,,34.9962453,9.4236915,2026-02-15T13:38:33.437348
Sidi Bouzid,173141449,farmland,,34.9961123,9.4401616,2026-02-15T13:38:33.437348
Sidi Bouzid,173141667,farmland,,35.0084727,9.4472021,2026-02-15T13:38:33.437348
Sidi Bouzid,173141668,farmland,,35.007024,9.4232393,2026-02-15T13:38:33.437348
Sidi Bouzid,173674345,meadow,,34.9886203,9.4832487,2026-02-15T13:38:33.437348
Sidi Bouzid,173674346,farmland,,34.9936046,9.4831254,2026-02-15T13:38:33.437348
Sidi Bouzid,173679227,farmland,,35.0260121,9.5242512,2026-02-15T13:38:33.437348
Sidi Bouzid,173679228,farmland,,35.0088038,9.5021936,2026-02-15T13:38:33.437348
Sidi Bouzid,173679229,orchard,,35.0273581,9.5289281,2026-02-15T13:38:33.437348
Sidi Bouzid,173679230,farmland,,35.023719,9.5307357,2026-02-15T13:38:33.437348
Sidi Bouzid,173679232,farmland,,35.0229901,9.5157283,2026-02-15T13:38:33.437348
Sidi Bouzid,173679233,orchard,,35.0227031,9.5283068,2026-02-15T13:38:33.437348
Sidi Bouzid,173684083,reservoir,,35.0406732,9.5074322,2026-02-15T13:38:33.437348
Sidi Bouzid,173684085,farmland,,35.0395834,9.5126245,2026-02-15T13:38:33.437348
Sidi Bouzid,173684094,orchard,,35.0312952,9.5086067,2026-02-15T13:38:33.437348
Sidi Bouzid,173684095,farmland,,35.036052,9.5094249,2026-02-15T13:38:33.437348
Sidi Bouzid,173684096,reservoir,,35.0409596,9.5094224,2026-02-15T13:38:33.437348
Sidi Bouzid,173684097,reservoir,,35.0423235,9.5095243,2026-02-15T13:38:33.437348
Sidi Bouzid,173684102,reservoir,,35.041959,9.5114404,2026-02-15T13:38:33.437348
Sidi Bouzid,173684103,reservoir,,35.0420644,9.5121189,2026-02-15T13:38:33.437348
Sidi Bouzid,173809554,quarry,,35.0602243,9.5096944,2026-02-15T13:38:33.437348
Sidi Bouzid,173809557,orchard,,35.0612087,9.4889801,2026-02-15T13:38:33.437348
Sidi Bouzid,173809558,farmland,,35.0722407,9.5180415,2026-02-15T13:38:33.437348
Sidi Bouzid,173981517,farmland,,35.0484603,9.4918629,2026-02-15T13:38:33.437348
Sidi Bouzid,173981521,residential,,35.0477181,9.4938649,2026-02-15T13:38:33.437348
Sidi Bouzid,173981522,farmland,,35.0474708,9.4943893,2026-02-15T13:38:33.437348
Sidi Bouzid,173981524,farmland,,35.0467964,9.4912752,2026-02-15T13:38:33.437348
Sidi Bouzid,174150820,military,,35.1120552,9.5487391,2026-02-15T13:38:33.437348
Sidi Bouzid,174178703,military,,35.1059474,9.5513008,2026-02-15T13:38:33.438348
Sidi Bouzid,174837663,meadow,,35.0190945,9.49655,2026-02-15T13:38:33.438348
Sidi Bouzid,174837664,farmland,,35.0100882,9.5062922,2026-02-15T13:38:33.438348
Sidi Bouzid,174837673,meadow,,35.0189233,9.4909178,2026-02-15T13:38:33.438348
Sidi Bouzid,174837676,farmland,,35.0049355,9.5036128,2026-02-15T13:38:33.438348
Sidi Bouzid,174842572,farmland,,35.0252028,9.4946649,2026-02-15T13:38:33.438348
Sidi Bouzid,174842576,orchard,,35.0253809,9.4909924,2026-02-15T13:38:33.438348
Sidi Bouzid,174842580,orchard,,35.0269125,9.5047945,2026-02-15T13:38:33.438348
Sidi Bouzid,174842584,farmland,,35.0240186,9.4941857,2026-02-15T13:38:33.438348
Sidi Bouzid,174842585,farmland,,35.0251005,9.4889408,2026-02-15T13:38:33.438348
Sidi Bouzid,174842587,farmland,,35.0259057,9.490116,2026-02-15T13:38:33.438348
Sidi Bouzid,174842589,farmland,,35.0258054,9.4971907,2026-02-15T13:38:33.438348
Sidi Bouzid,174842593,orchard,,35.0262828,9.5070736,2026-02-15T13:38:33.438348
Sidi Bouzid,174842594,orchard,,35.0283396,9.5068349,2026-02-15T13:38:33.438348
Sidi Bouzid,174842596,orchard,,35.0256634,9.5007331,2026-02-15T13:38:33.438348
Sidi Bouzid,174842598,orchard,,35.0233853,9.4937967,2026-02-15T13:38:33.438348
Sidi Bouzid,174996710,farmland,,35.0296368,9.5134884,2026-02-15T13:38:33.438348
Sidi Bouzid,174996713,farmland,,35.0397057,9.5188861,2026-02-15T13:38:33.438348
Sidi Bouzid,174996714,farmland,,35.0361633,9.5182734,2026-02-15T13:38:33.438348
Sidi Bouzid,174996715,residential,,35.029577,9.5105116,2026-02-15T13:38:33.438348
Sidi Bouzid,174996716,orchard,,35.0305623,9.5103487,2026-02-15T13:38:33.438348
Sidi Bouzid,174996717,orchard,,35.0303012,9.5123556,2026-02-15T13:38:33.438348
Sidi Bouzid,174996718,farmland,,35.0369886,9.5150318,2026-02-15T13:38:33.438348
Sidi Bouzid,174996720,orchard,,35.028751,9.5101411,2026-02-15T13:38:33.438348
Sidi Bouzid,174996724,orchard,,35.0317887,9.511722,2026-02-15T13:38:33.438348
Sidi Bouzid,174996726,orchard,,35.0312301,9.5123522,2026-02-15T13:38:33.438348
Sidi Bouzid,174996727,farmland,,35.0326187,9.5201173,2026-02-15T13:38:33.438348
Sidi Bouzid,174996730,farmland,,35.0406961,9.5181539,2026-02-15T13:38:33.438348
Sidi Bouzid,174996732,orchard,,35.0288034,9.5146906,2026-02-15T13:38:33.438348
Sidi Bouzid,174996733,farmland,,35.0357,9.5221182,2026-02-15T13:38:33.438348
Sidi Bouzid,174996736,farmland,,35.0395563,9.5228209,2026-02-15T13:38:33.438348
Sidi Bouzid,174996737,farmland,,35.0299612,9.5097464,2026-02-15T13:38:33.438348
Sidi Bouzid,174996739,farmland,,35.0301972,9.5114543,2026-02-15T13:38:33.438348
Sidi Bouzid,174996741,orchard,,35.0347292,9.5148924,2026-02-15T13:38:33.438348
Sidi Bouzid,174997487,farmland,,35.0490205,9.4797033,2026-02-15T13:38:33.438348
Sidi Bouzid,174997491,orchard,,35.0471808,9.4959964,2026-02-15T13:38:33.438348
Sidi Bouzid,174997494,farmland,,35.0498432,9.4839408,2026-02-15T13:38:33.438348
Sidi Bouzid,174997497,farmland,,35.0486998,9.4805186,2026-02-15T13:38:33.438348
Sidi Bouzid,174997499,farmland,,35.0501403,9.4770893,2026-02-15T13:38:33.438348
Sidi Bouzid,174997507,farmland,,35.0482516,9.4865331,2026-02-15T13:38:33.438348
Sidi Bouzid,174997517,orchard,,35.0476367,9.4789757,2026-02-15T13:38:33.438348
Sidi Bouzid,174997518,farmland,,35.0506656,9.481106,2026-02-15T13:38:33.438348
Sidi Bouzid,174997520,farmland,,35.0488452,9.4786974,2026-02-15T13:38:33.438348
Sidi Bouzid,174997523,farmland,,35.0432108,9.463294,2026-02-15T13:38:33.438348
Sidi Bouzid,174997534,farmland,,35.05072,9.4824218,2026-02-15T13:38:33.438348
Sidi Bouzid,174998174,residential,,35.0188711,9.5120062,2026-02-15T13:38:33.438348
Sidi Bouzid,174998176,farmland,,35.0156925,9.5068944,2026-02-15T13:38:33.438348
Sidi Bouzid,174998177,residential,,35.0227435,9.5102491,2026-02-15T13:38:33.438348
Sidi Bouzid,174998179,residential,,35.0272184,9.5092807,2026-02-15T13:38:33.438348
Sidi Bouzid,174998181,farmland,,35.0279144,9.5062769,2026-02-15T13:38:33.438348
Sidi Bouzid,174998182,residential,,35.0240363,9.5078376,2026-02-15T13:38:33.438348
Sidi Bouzid,175158119,orchard,,35.0622193,9.4113564,2026-02-15T13:38:33.438348
Sidi Bouzid,175158120,farmland,,35.0477968,9.4616862,2026-02-15T13:38:33.438348
Sidi Bouzid,175158121,farmland,,35.0458415,9.4682889,2026-02-15T13:38:33.438348
Sidi Bouzid,175158123,orchard,,35.0471411,9.4640517,2026-02-15T13:38:33.438348
Sidi Bouzid,175158124,farmland,,35.0452706,9.4701027,2026-02-15T13:38:33.438348
Sidi Bouzid,175158125,residential,,35.0798909,9.4162807,2026-02-15T13:38:33.438348
Sidi Bouzid,175158127,farmland,,35.0472623,9.4693974,2026-02-15T13:38:33.438348
Sidi Bouzid,175158128,forest,,35.0467132,9.4683774,2026-02-15T13:38:33.438348
Sidi Bouzid,175158132,farmland,,35.0464085,9.4692277,2026-02-15T13:38:33.438348
Sidi Bouzid,175158134,orchard,,35.0483584,9.4622404,2026-02-15T13:38:33.438348
Sidi Bouzid,175158135,farmland,,35.0433698,9.4663983,2026-02-15T13:38:33.438348
Sidi Bouzid,175158136,farmland,,35.0428549,9.4666776,2026-02-15T13:38:33.438348
Sidi Bouzid,175158140,farmland,,35.0455583,9.4664576,2026-02-15T13:38:33.438348
Sidi Bouzid,175158145,orchard,,35.0876213,9.4172623,2026-02-15T13:38:33.438348
Sidi Bouzid,175158147,orchard,,35.0716681,9.4237533,2026-02-15T13:38:33.438348
Sidi Bouzid,175158149,residential,Sadaguia,35.0841878,9.4259634,2026-02-15T13:38:33.438348
Sidi Bouzid,175158150,orchard,,35.0821956,9.4217076,2026-02-15T13:38:33.438348
Sidi Bouzid,175158154,orchard,,35.0572744,9.4770273,2026-02-15T13:38:33.438348
Sidi Bouzid,175158156,orchard,,35.0884377,9.4209814,2026-02-15T13:38:33.438348
Sidi Bouzid,175158157,orchard,,35.0897195,9.4211677,2026-02-15T13:38:33.438348
Sidi Bouzid,175158159,farmland,,35.0481165,9.468069,2026-02-15T13:38:33.438348
Sidi Bouzid,175158160,orchard,,35.0908783,9.4184782,2026-02-15T13:38:33.438348
Sidi Bouzid,175159786,farmland,,35.0525009,9.4929333,2026-02-15T13:38:33.438348
Sidi Bouzid,175214928,farmland,,35.0060109,9.4948858,2026-02-15T13:38:33.438348
Sidi Bouzid,175214933,farmland,,34.9969105,9.4964562,2026-02-15T13:38:33.438348
Sidi Bouzid,175214934,farmland,,34.9931246,9.4965192,2026-02-15T13:38:33.438348
Sidi Bouzid,175214946,orchard,,34.9982684,9.4964683,2026-02-15T13:38:33.438348
Sidi Bouzid,175214962,farmland,,35.004796,9.4945639,2026-02-15T13:38:33.438348
Sidi Bouzid,175214967,residential,,35.0050027,9.497095,2026-02-15T13:38:33.438348
Sidi Bouzid,175214971,farmland,,35.0031652,9.4951853,2026-02-15T13:38:33.438348
Sidi Bouzid,175214980,meadow,,35.0103466,9.4939196,2026-02-15T13:38:33.438348
Sidi Bouzid,175214982,farmland,,34.9947346,9.4964067,2026-02-15T13:38:33.438348
Sidi Bouzid,175214986,farmland,,35.001806,9.4971957,2026-02-15T13:38:33.438348
Sidi Bouzid,175295061,orchard,,34.9940756,9.5089004,2026-02-15T13:38:33.438348
Sidi Bouzid,175298262,meadow,,34.9994521,9.4869143,2026-02-15T13:38:33.438348
Sidi Bouzid,175346210,farmland,,34.9971989,9.5068587,2026-02-15T13:38:33.438348
Sidi Bouzid,175346214,orchard,,35.0002404,9.5066871,2026-02-15T13:38:33.438348
Sidi Bouzid,175350930,orchard,,34.9845022,9.4956308,2026-02-15T13:38:33.438348
Sidi Bouzid,175350931,orchard,,34.9919663,9.4948645,2026-02-15T13:38:33.438348
Sidi Bouzid,175350932,orchard,,34.9890552,9.5049971,2026-02-15T13:38:33.438348
Sidi Bouzid,175350933,orchard,,34.9838297,9.4972141,2026-02-15T13:38:33.438348
Sidi Bouzid,175350934,orchard,,34.9874117,9.4973453,2026-02-15T13:38:33.438348
Sidi Bouzid,175351954,residential,,34.9940304,9.5204087,2026-02-15T13:38:33.438348
Sidi Bouzid,175351958,residential,,34.9966544,9.5216109,2026-02-15T13:38:33.438348
Sidi Bouzid,175351961,orchard,,34.9920667,9.513149,2026-02-15T13:38:33.438348
Sidi Bouzid,175351963,residential,,35.0003145,9.5217279,2026-02-15T13:38:33.438348
Sidi Bouzid,175351965,farmland,,34.9993697,9.5212622,2026-02-15T13:38:33.438348
Sidi Bouzid,175352400,farmland,,35.0294781,9.5267339,2026-02-15T13:38:33.438348
Sidi Bouzid,175352401,orchard,,35.0308909,9.5318462,2026-02-15T13:38:33.438348
Sidi Bouzid,175352402,farmland,,35.0294188,9.5213106,2026-02-15T13:38:33.438348
Sidi Bouzid,175352403,farmland,,35.0281998,9.5312722,2026-02-15T13:38:33.438348
Sidi Bouzid,175352404,farmland,,35.0283666,9.5250812,2026-02-15T13:38:33.438348
Sidi Bouzid,175354899,farmland,,35.0312476,9.5269192,2026-02-15T13:38:33.438348
Sidi Bouzid,175355195,farmland,,35.0211703,9.5182477,2026-02-15T13:38:33.438348
Sidi Bouzid,175355201,farmland,,35.0222125,9.5212908,2026-02-15T13:38:33.438348
Sidi Bouzid,175355206,farmland,,35.0205541,9.5196971,2026-02-15T13:38:33.438348
Sidi Bouzid,175377100,farmland,,35.0137619,9.5268894,2026-02-15T13:38:33.438348
Sidi Bouzid,175377101,farmland,,35.0100076,9.5320932,2026-02-15T13:38:33.438348
Sidi Bouzid,175416034,farmland,,35.0272955,9.4475296,2026-02-15T13:38:33.438348
Sidi Bouzid,175416035,farmland,,35.0267056,9.4438634,2026-02-15T13:38:33.438348
Sidi Bouzid,175416290,farmyard,,35.0238857,9.4440172,2026-02-15T13:38:33.438348
Sidi Bouzid,175517671,orchard,,35.0291925,9.4763258,2026-02-15T13:38:33.438348
Sidi Bouzid,175517674,farmland,,35.0472459,9.5184486,2026-02-15T13:38:33.438348
Sidi Bouzid,175517680,farmland,,35.0431641,9.5179734,2026-02-15T13:38:33.438348
Sidi Bouzid,175517685,farmland,,35.0464628,9.5256292,2026-02-15T13:38:33.438348
Sidi Bouzid,175518408,orchard,,35.0718376,9.5094422,2026-02-15T13:38:33.438348
Sidi Bouzid,175518409,orchard,,35.0607862,9.4957952,2026-02-15T13:38:33.438348
Sidi Bouzid,175518410,farmland,,35.0612219,9.496951,2026-02-15T13:38:33.438348
Sidi Bouzid,175518412,orchard,,35.0666664,9.4897036,2026-02-15T13:38:33.438348
Sidi Bouzid,175518413,orchard,,35.07316,9.5047025,2026-02-15T13:38:33.438348
Sidi Bouzid,175518414,orchard,,35.0731548,9.5085435,2026-02-15T13:38:33.438348
Sidi Bouzid,175518416,farmland,,35.0596761,9.4935314,2026-02-15T13:38:33.438348
Sidi Bouzid,175518417,farmland,,35.0665172,9.4916563,2026-02-15T13:38:33.438348
Sidi Bouzid,175518418,orchard,,35.0576411,9.5232339,2026-02-15T13:38:33.438348
Sidi Bouzid,175518420,orchard,,35.0742137,9.5126848,2026-02-15T13:38:33.438348
Sidi Bouzid,175518421,farmland,,35.0631846,9.4886629,2026-02-15T13:38:33.438348
Sidi Bouzid,175518422,farmland,,35.0709332,9.4968144,2026-02-15T13:38:33.438348
Sidi Bouzid,175518423,farmland,,35.0682557,9.5040588,2026-02-15T13:38:33.438348
Sidi Bouzid,175518424,farmland,,35.0742269,9.509276,2026-02-15T13:38:33.438348
Sidi Bouzid,175518774,orchard,,35.0663328,9.4955836,2026-02-15T13:38:33.438348
Sidi Bouzid,175518775,orchard,,35.0672978,9.4991158,2026-02-15T13:38:33.438348
Sidi Bouzid,175660578,farmland,,35.0506382,9.498698,2026-02-15T13:38:33.438348
Sidi Bouzid,175660581,orchard,,35.0499916,9.4966201,2026-02-15T13:38:33.438348
Sidi Bouzid,175660584,farmland,,35.0483678,9.4976216,2026-02-15T13:38:33.438348
Sidi Bouzid,175660586,orchard,,35.0500097,9.4982117,2026-02-15T13:38:33.438348
Sidi Bouzid,175660587,farmland,,35.0489392,9.496125,2026-02-15T13:38:33.438348
Sidi Bouzid,175663539,farmland,,35.0550416,9.4961651,2026-02-15T13:38:33.438348
Sidi Bouzid,175663546,orchard,,35.0518778,9.4848948,2026-02-15T13:38:33.438348
Sidi Bouzid,175663547,farmland,,35.0529509,9.50021,2026-02-15T13:38:33.438348
Sidi Bouzid,175663548,cemetery,,35.0537397,9.4485507,2026-02-15T13:38:33.438348
Sidi Bouzid,175663550,farmland,,35.0507689,9.4861044,2026-02-15T13:38:33.438348
Sidi Bouzid,175663555,orchard,,35.0571691,9.4666212,2026-02-15T13:38:33.438348
Sidi Bouzid,175663576,farmland,,35.0557662,9.4926409,2026-02-15T13:38:33.438348
Sidi Bouzid,175663577,orchard,,35.0551312,9.4977305,2026-02-15T13:38:33.438348
Sidi Bouzid,175663579,orchard,,35.0538121,9.4958476,2026-02-15T13:38:33.438348
Sidi Bouzid,175663584,orchard,,35.0572326,9.4728386,2026-02-15T13:38:33.438348
Sidi Bouzid,175663586,residential,,35.0853887,9.4638449,2026-02-15T13:38:33.438348
Sidi Bouzid,175663882,meadow,,35.0548352,9.4573734,2026-02-15T13:38:33.438348
Sidi Bouzid,175663883,meadow,,35.0541129,9.4521708,2026-02-15T13:38:33.438348
Sidi Bouzid,177035418,farmyard,,35.050301,9.4003324,2026-02-15T13:38:33.438348
Sidi Bouzid,177036942,orchard,,35.0478814,9.4587443,2026-02-15T13:38:33.438348
Sidi Bouzid,177036943,orchard,,35.0469438,9.4591279,2026-02-15T13:38:33.438348
Sidi Bouzid,177036944,forest,,35.0453762,9.4611273,2026-02-15T13:38:33.438348
Sidi Bouzid,177036945,farmland,,35.0435167,9.4613985,2026-02-15T13:38:33.438348
Sidi Bouzid,177036947,farmland,,35.0468944,9.4597489,2026-02-15T13:38:33.438348
Sidi Bouzid,177036948,farmland,,35.0471654,9.4587993,2026-02-15T13:38:33.438348
Sidi Bouzid,177036950,orchard,,35.0476234,9.4576554,2026-02-15T13:38:33.438348
Sidi Bouzid,177036952,orchard,,35.0473235,9.4602865,2026-02-15T13:38:33.438348
Sidi Bouzid,177036954,orchard,,35.0523299,9.4724181,2026-02-15T13:38:33.438348
Sidi Bouzid,177036955,orchard,,35.0460127,9.458562,2026-02-15T13:38:33.438348
Sidi Bouzid,177036956,orchard,,35.0453759,9.4600482,2026-02-15T13:38:33.438348
Sidi Bouzid,177036958,residential,,35.0469325,9.4602517,2026-02-15T13:38:33.438348
Sidi Bouzid,177039392,farmland,,35.0517886,9.4790634,2026-02-15T13:38:33.438348
Sidi Bouzid,177039393,orchard,,35.0473369,9.4851573,2026-02-15T13:38:33.438348
Sidi Bouzid,177039394,farmland,,35.0525363,9.481142,2026-02-15T13:38:33.438348
Sidi Bouzid,177039395,orchard,,35.0535638,9.4790486,2026-02-15T13:38:33.438348
Sidi Bouzid,177039396,orchard,,35.0516887,9.4804406,2026-02-15T13:38:33.438348
Sidi Bouzid,177039397,farmland,,35.0471085,9.4835161,2026-02-15T13:38:33.438348
Sidi Bouzid,177039398,farmland,,35.0543323,9.4787965,2026-02-15T13:38:33.438348
Sidi Bouzid,177039399,farmland,,35.0537878,9.4809301,2026-02-15T13:38:33.438348
Sidi Bouzid,177040603,farmland,,35.0531424,9.4854657,2026-02-15T13:38:33.438348
Sidi Bouzid,177040604,orchard,,35.0528697,9.4843025,2026-02-15T13:38:33.438348
Sidi Bouzid,177040605,farmland,,35.0520401,9.4837148,2026-02-15T13:38:33.438348
Sidi Bouzid,177040606,farmland,,35.0565697,9.4892771,2026-02-15T13:38:33.438348
Sidi Bouzid,177040607,orchard,,35.0567079,9.4884229,2026-02-15T13:38:33.438348
Sidi Bouzid,177040608,farmland,,35.0535507,9.4826843,2026-02-15T13:38:33.438348
Sidi Bouzid,177040609,farmland,,35.054675,9.4879736,2026-02-15T13:38:33.438348
Sidi Bouzid,177041966,farmland,,35.0609871,9.4911293,2026-02-15T13:38:33.438348
Sidi Bouzid,177044103,farmland,,35.0604667,9.4939589,2026-02-15T13:38:33.438348
Sidi Bouzid,177044104,farmland,,35.0588432,9.4957708,2026-02-15T13:38:33.438348
Sidi Bouzid,177044105,farmland,,35.0624821,9.4950067,2026-02-15T13:38:33.438348
Sidi Bouzid,177044106,orchard,,35.0570931,9.4906827,2026-02-15T13:38:33.438348
Sidi Bouzid,177044204,farmland,,35.05675,9.49189,2026-02-15T13:38:33.438348
Sidi Bouzid,177044378,orchard,,35.0598085,9.4791739,2026-02-15T13:38:33.438348
Sidi Bouzid,177108893,orchard,,35.0246871,9.5153308,2026-02-15T13:38:33.438348
Sidi Bouzid,177203432,residential,,35.0636335,9.4505057,2026-02-15T13:38:33.438348
Sidi Bouzid,177203435,farmland,,35.0333116,9.5342041,2026-02-15T13:38:33.438348
Sidi Bouzid,177203437,orchard,,35.0329826,9.5328067,2026-02-15T13:38:33.438348
Sidi Bouzid,177203438,orchard,,35.0623995,9.4355767,2026-02-15T13:38:33.438348
Sidi Bouzid,177203441,farmland,,35.0323486,9.530594,2026-02-15T13:38:33.438348
Sidi Bouzid,177203445,orchard,,35.0341497,9.5337669,2026-02-15T13:38:33.438348
Sidi Bouzid,177203449,residential,,35.0631916,9.4538156,2026-02-15T13:38:33.438348
Sidi Bouzid,178860473,orchard,,35.0615915,9.5273406,2026-02-15T13:38:33.438348
Sidi Bouzid,178860476,orchard,,35.0703944,9.5276185,2026-02-15T13:38:33.438348
Sidi Bouzid,178860477,orchard,,35.0613476,9.5258117,2026-02-15T13:38:33.438348
Sidi Bouzid,178860480,orchard,,35.0559816,9.5265251,2026-02-15T13:38:33.438348
Sidi Bouzid,178860488,orchard,,35.0707149,9.5316429,2026-02-15T13:38:33.438348
Sidi Bouzid,178860491,orchard,,35.0614499,9.5246772,2026-02-15T13:38:33.438348
Sidi Bouzid,178860493,orchard,,35.0603003,9.5271956,2026-02-15T13:38:33.438348
Sidi Bouzid,178860496,orchard,,35.0707077,9.5373506,2026-02-15T13:38:33.438348
Sidi Bouzid,178860498,residential,,35.0563321,9.5225607,2026-02-15T13:38:33.438348
Sidi Bouzid,178860500,farmland,,35.0616871,9.5236901,2026-02-15T13:38:33.438348
Sidi Bouzid,178860502,orchard,,35.0650468,9.5318789,2026-02-15T13:38:33.438348
Sidi Bouzid,178860505,orchard,,35.0614719,9.5232555,2026-02-15T13:38:33.438348
Sidi Bouzid,178860507,orchard,,35.0858068,9.5343298,2026-02-15T13:38:33.438348
Sidi Bouzid,178860513,orchard,,35.0687521,9.532354,2026-02-15T13:38:33.438348
Sidi Bouzid,178868450,residential,,35.0697258,9.5331773,2026-02-15T13:38:33.438348
Sidi Bouzid,178868455,quarry,,35.066763,9.5331958,2026-02-15T13:38:33.438348
Sidi Bouzid,178868461,orchard,,35.0642961,9.5426774,2026-02-15T13:38:33.438348
Sidi Bouzid,178868462,farmland,,35.035572,9.5290257,2026-02-15T13:38:33.438348
Sidi Bouzid,178868465,farmland,,35.0495481,9.5271006,2026-02-15T13:38:33.438348
Sidi Bouzid,178868470,farmland,,35.0387763,9.5282477,2026-02-15T13:38:33.438348
Sidi Bouzid,178868472,residential,,35.0669127,9.5305111,2026-02-15T13:38:33.438348
Sidi Bouzid,178868476,orchard,,35.0646649,9.5265788,2026-02-15T13:38:33.438348
Sidi Bouzid,178868479,orchard,,35.0658722,9.5401052,2026-02-15T13:38:33.438348
Sidi Bouzid,178868483,orchard,,35.0609128,9.5384099,2026-02-15T13:38:33.438348
Sidi Bouzid,178868490,orchard,,35.047931,9.5273968,2026-02-15T13:38:33.438348
Sidi Bouzid,178868492,farmland,,35.0629568,9.5312137,2026-02-15T13:38:33.438348
Sidi Bouzid,178868501,orchard,,35.0486997,9.5248901,2026-02-15T13:38:33.438348
Sidi Bouzid,178868504,orchard,,35.0419672,9.5242092,2026-02-15T13:38:33.438348
Sidi Bouzid,178868506,farmland,,35.0495042,9.5260285,2026-02-15T13:38:33.438348
Sidi Bouzid,178868508,farmland,,35.0422716,9.5257862,2026-02-15T13:38:33.438348
Sidi Bouzid,178868513,residential,,35.0464258,9.5282399,2026-02-15T13:38:33.438348
Sidi Bouzid,178870206,industrial,,35.0275841,9.5164357,2026-02-15T13:38:33.438348
Sidi Bouzid,178870211,farmland,,35.0331965,9.52343,2026-02-15T13:38:33.438348
Sidi Bouzid,178870214,farmland,,35.0319401,9.5242666,2026-02-15T13:38:33.438348
Sidi Bouzid,178872082,residential,,35.0290483,9.5351454,2026-02-15T13:38:33.438348
Sidi Bouzid,178872083,residential,,35.0278319,9.539614,2026-02-15T13:38:33.438348
Sidi Bouzid,178872084,orchard,,35.0308398,9.5286117,2026-02-15T13:38:33.438348
Sidi Bouzid,178872087,residential,,35.0258145,9.5415589,2026-02-15T13:38:33.438348
Sidi Bouzid,178872088,farmland,,35.0305279,9.5282148,2026-02-15T13:38:33.438348
Sidi Bouzid,178872089,farmland,,35.0307037,9.517699,2026-02-15T13:38:33.438348
Sidi Bouzid,178873848,orchard,,35.0307148,9.5129478,2026-02-15T13:38:33.438348
Sidi Bouzid,178873850,residential,,35.0304159,9.5137658,2026-02-15T13:38:33.438348
Sidi Bouzid,178873852,farmland,,35.0308619,9.5142389,2026-02-15T13:38:33.438348
Sidi Bouzid,178894261,farmland,,35.1022019,9.504011,2026-02-15T13:38:33.438348
Sidi Bouzid,178894265,orchard,,35.093187,9.5235425,2026-02-15T13:38:33.438348
Sidi Bouzid,178894266,farmland,,35.1003673,9.5110222,2026-02-15T13:38:33.438348
Sidi Bouzid,178894269,orchard,,35.1040582,9.530473,2026-02-15T13:38:33.438348
Sidi Bouzid,178894270,farmland,,35.1062828,9.4979813,2026-02-15T13:38:33.438348
Sidi Bouzid,178894271,orchard,,35.0956935,9.5112207,2026-02-15T13:38:33.438348
Sidi Bouzid,178894272,farmland,,35.1012285,9.5136022,2026-02-15T13:38:33.438348
Sidi Bouzid,178894277,farmland,,35.0901271,9.5231557,2026-02-15T13:38:33.438348
Sidi Bouzid,178894278,orchard,,35.1020616,9.5139234,2026-02-15T13:38:33.438348
Sidi Bouzid,178894279,farmland,,35.0986334,9.5302572,2026-02-15T13:38:33.438348
Sidi Bouzid,178894280,farmland,,35.0960777,9.5135666,2026-02-15T13:38:33.438348
Sidi Bouzid,178894283,orchard,,35.0928183,9.5264192,2026-02-15T13:38:33.438348
Sidi Bouzid,178894285,farmland,,35.0975083,9.5221012,2026-02-15T13:38:33.438348
Sidi Bouzid,178894288,orchard,,35.0895569,9.526894,2026-02-15T13:38:33.438348
Sidi Bouzid,178894290,orchard,,35.0999332,9.5155576,2026-02-15T13:38:33.438348
Sidi Bouzid,178894291,farmland,,35.1014513,9.5161024,2026-02-15T13:38:33.438348
Sidi Bouzid,178894293,farmland,,35.094256,9.5295546,2026-02-15T13:38:33.438348
Sidi Bouzid,178894298,orchard,,35.1052431,9.4999259,2026-02-15T13:38:33.438348
Sidi Bouzid,178894299,orchard,,35.1000474,9.5289138,2026-02-15T13:38:33.438348
Sidi Bouzid,178894300,orchard,,35.0983222,9.5138562,2026-02-15T13:38:33.438348
Sidi Bouzid,179601366,orchard,,34.9925556,9.3690153,2026-02-15T13:38:33.438348
Sidi Bouzid,179604697,farmland,,35.0020077,9.4147578,2026-02-15T13:38:33.438348
Sidi Bouzid,180459237,orchard,,35.0530759,9.4761962,2026-02-15T13:38:33.438348
Sidi Bouzid,180459238,farmyard,,35.0531597,9.4815873,2026-02-15T13:38:33.438348
Sidi Bouzid,180459239,farmyard,,35.0544482,9.4844305,2026-02-15T13:38:33.438348
Sidi Bouzid,180459240,farmyard,,35.0573711,9.4883318,2026-02-15T13:38:33.438348
Sidi Bouzid,180459241,farmyard,,35.0528523,9.4832288,2026-02-15T13:38:33.438348
Sidi Bouzid,180459242,farmland,,35.0529272,9.4744807,2026-02-15T13:38:33.438348
Sidi Bouzid,180553793,industrial,,35.0447624,9.4886809,2026-02-15T13:38:33.438348
Sidi Bouzid,180553794,industrial,,35.0451299,9.4855998,2026-02-15T13:38:33.438348
Sidi Bouzid,180557120,construction,,35.0279628,9.4579236,2026-02-15T13:38:33.438348
Sidi Bouzid,180623052,commercial,,35.0243676,9.4989055,2026-02-15T13:38:33.438348
Sidi Bouzid,180687640,farmyard,,35.1072924,9.4631398,2026-02-15T13:38:33.438348
Sidi Bouzid,184507526,farmland,,35.105129,9.4784599,2026-02-15T13:38:33.438348
Sidi Bouzid,184507527,farmland,,35.1069783,9.4689378,2026-02-15T13:38:33.438348
Sidi Bouzid,186737455,orchard,,35.0705949,9.3931078,2026-02-15T13:38:33.438348
Sidi Bouzid,186737456,farmland,,35.06772,9.387758,2026-02-15T13:38:33.438348
Sidi Bouzid,186737457,orchard,,35.0675623,9.3975335,2026-02-15T13:38:33.438348
Sidi Bouzid,186737459,orchard,,35.0623535,9.3832373,2026-02-15T13:38:33.438348
Sidi Bouzid,186737460,orchard,,35.0759123,9.3861539,2026-02-15T13:38:33.438348
Sidi Bouzid,186737462,orchard,,35.0615192,9.382277,2026-02-15T13:38:33.438348
Sidi Bouzid,186737463,orchard,,35.0666345,9.3814939,2026-02-15T13:38:33.438348
Sidi Bouzid,186737465,orchard,,35.0625598,9.381628,2026-02-15T13:38:33.438348
Sidi Bouzid,186829647,farmland,,35.0599682,9.3681088,2026-02-15T13:38:33.438348
Sidi Bouzid,186829930,orchard,,35.0556591,9.3804876,2026-02-15T13:38:33.438348
Sidi Bouzid,186831918,farmland,,35.0593171,9.3959417,2026-02-15T13:38:33.438348
Sidi Bouzid,186831920,orchard,,35.0569646,9.3974803,2026-02-15T13:38:33.438348
Sidi Bouzid,187020996,farmland,,35.0786832,9.3917136,2026-02-15T13:38:33.438348
Sidi Bouzid,187021310,farmyard,,35.0764183,9.3912874,2026-02-15T13:38:33.438348
Sidi Bouzid,187021311,orchard,,35.0742055,9.39406,2026-02-15T13:38:33.438348
Sidi Bouzid,187021312,orchard,,35.0757418,9.3905401,2026-02-15T13:38:33.438348
Sidi Bouzid,187021313,farmyard,,35.0761196,9.3886323,2026-02-15T13:38:33.438348
Sidi Bouzid,187023963,farmyard,,35.0768983,9.3874492,2026-02-15T13:38:33.438348
Sidi Bouzid,187023967,orchard,,35.0774144,9.3868618,2026-02-15T13:38:33.438348
Sidi Bouzid,187024064,farmyard,,35.0812427,9.388305,2026-02-15T13:38:33.438348
Sidi Bouzid,187024067,orchard,,35.0817827,9.3887071,2026-02-15T13:38:33.438348
Sidi Bouzid,187094546,orchard,,35.0750139,9.4040336,2026-02-15T13:38:33.438348
Sidi Bouzid,187094547,orchard,,35.0814971,9.3909041,2026-02-15T13:38:33.438348
Sidi Bouzid,187094548,farmland,,35.0720892,9.4037167,2026-02-15T13:38:33.438348
Sidi Bouzid,187097260,orchard,,35.0413235,9.4007242,2026-02-15T13:38:33.438348
Sidi Bouzid,187098169,farmland,,35.0393273,9.4019533,2026-02-15T13:38:33.438348
Sidi Bouzid,187098172,orchard,,35.0375426,9.4081788,2026-02-15T13:38:33.438348
Sidi Bouzid,187098529,farmyard,,35.040403,9.4058584,2026-02-15T13:38:33.438348
Sidi Bouzid,187098530,farmyard,,35.0395263,9.407724,2026-02-15T13:38:33.438348
Sidi Bouzid,187098532,farmland,,35.0399142,9.4057246,2026-02-15T13:38:33.438348
Sidi Bouzid,187098534,farmyard,,35.040587,9.4028155,2026-02-15T13:38:33.438348
Sidi Bouzid,187100055,orchard,,35.0392562,9.3978679,2026-02-15T13:38:33.438348
Sidi Bouzid,187100056,farmland,,35.0393501,9.3974609,2026-02-15T13:38:33.438348
Sidi Bouzid,187100058,farmyard,,35.0382632,9.3990984,2026-02-15T13:38:33.438348
Sidi Bouzid,187100059,farmyard,,35.0383971,9.3978919,2026-02-15T13:38:33.438348
Sidi Bouzid,187709552,farmyard,,35.0465455,9.4026147,2026-02-15T13:38:33.438348
Sidi Bouzid,187709553,farmland,,35.0454992,9.4058632,2026-02-15T13:38:33.438348
Sidi Bouzid,187709554,farmland,,35.0457907,9.4031268,2026-02-15T13:38:33.438348
Sidi Bouzid,187709555,farmland,,35.0463215,9.3981354,2026-02-15T13:38:33.438348
Sidi Bouzid,187709556,orchard,,35.0469383,9.399753,2026-02-15T13:38:33.438348
Sidi Bouzid,187709558,orchard,,35.0461338,9.4041275,2026-02-15T13:38:33.438348
Sidi Bouzid,187713990,orchard,,35.0553987,9.4134562,2026-02-15T13:38:33.438348
Sidi Bouzid,187713992,orchard,,35.0518821,9.4154195,2026-02-15T13:38:33.438348
Sidi Bouzid,187713996,farmland,,35.0539614,9.4144593,2026-02-15T13:38:33.438348
Sidi Bouzid,187713998,orchard,,35.0525642,9.4126722,2026-02-15T13:38:33.438348
Sidi Bouzid,187713999,farmyard,,35.0512795,9.4117103,2026-02-15T13:38:33.438348
Sidi Bouzid,187714000,farmyard,,35.0554702,9.4044222,2026-02-15T13:38:33.438348
Sidi Bouzid,187714001,farmyard,,35.0522729,9.4096558,2026-02-15T13:38:33.438348
Sidi Bouzid,187714004,orchard,,35.0557552,9.4110988,2026-02-15T13:38:33.438348
Sidi Bouzid,187714005,farmland,,35.0560925,9.4146554,2026-02-15T13:38:33.438348
Sidi Bouzid,187714006,farmland,,35.0494414,9.4097362,2026-02-15T13:38:33.438348
Sidi Bouzid,187714009,orchard,,35.0483549,9.4072066,2026-02-15T13:38:33.438348
Sidi Bouzid,187714010,orchard,,35.0552406,9.418507,2026-02-15T13:38:33.438348
Sidi Bouzid,187714011,farmland,,35.0558342,9.4067482,2026-02-15T13:38:33.438348
Sidi Bouzid,187714016,farmland,,35.0536957,9.4100551,2026-02-15T13:38:33.438348
Sidi Bouzid,187714017,farmyard,,35.0546478,9.4150148,2026-02-15T13:38:33.438348
Sidi Bouzid,187714018,orchard,,35.0500984,9.4119434,2026-02-15T13:38:33.438348
Sidi Bouzid,187714021,orchard,,35.0579037,9.4149529,2026-02-15T13:38:33.438348
Sidi Bouzid,187714027,farmland,,35.0515572,9.4139286,2026-02-15T13:38:33.438348
Sidi Bouzid,187714030,orchard,,35.055472,9.4088457,2026-02-15T13:38:33.438348
Sidi Bouzid,187714031,farmyard,,35.0542248,9.4089343,2026-02-15T13:38:33.438348
Sidi Bouzid,187714032,farmyard,,35.0568513,9.405243,2026-02-15T13:38:33.438348
Sidi Bouzid,187714033,farmyard,,35.0521029,9.413205,2026-02-15T13:38:33.438348
Sidi Bouzid,187714483,farmland,,35.0630558,9.4098649,2026-02-15T13:38:33.438348
Sidi Bouzid,187716896,orchard,,35.0518686,9.3788395,2026-02-15T13:38:33.438348
Sidi Bouzid,187716912,orchard,,35.044455,9.3757055,2026-02-15T13:38:33.438348
Sidi Bouzid,187717108,orchard,,35.0460765,9.3810582,2026-02-15T13:38:33.438348
Sidi Bouzid,187776738,farmland,,35.0408918,9.4431957,2026-02-15T13:38:33.438348
Sidi Bouzid,187776741,farmyard,,35.0405921,9.4423469,2026-02-15T13:38:33.438348
Sidi Bouzid,187776743,farmland,,35.0390134,9.4417304,2026-02-15T13:38:33.438348
Sidi Bouzid,187776744,orchard,,35.0397433,9.4423956,2026-02-15T13:38:33.438348
Sidi Bouzid,187776745,farmland,,35.0389922,9.4404422,2026-02-15T13:38:33.438348
Sidi Bouzid,187776746,farmyard,,35.0390844,9.4331901,2026-02-15T13:38:33.438348
Sidi Bouzid,187776749,farmyard,,35.0393023,9.4401019,2026-02-15T13:38:33.438348
Sidi Bouzid,187776750,farmland,,35.0410917,9.4493836,2026-02-15T13:38:33.438348
Sidi Bouzid,187777222,orchard,,35.0284942,9.4316781,2026-02-15T13:38:33.438348
Sidi Bouzid,187777224,orchard,,35.0284299,9.4365646,2026-02-15T13:38:33.438348
Sidi Bouzid,187777225,farmyard,,35.0324026,9.4329753,2026-02-15T13:38:33.438348
Sidi Bouzid,187777226,farmland,,35.0286001,9.4294538,2026-02-15T13:38:33.438348
Sidi Bouzid,187777227,farmland,,35.0372968,9.4493961,2026-02-15T13:38:33.438348
Sidi Bouzid,187777228,farmland,,35.0287483,9.4327924,2026-02-15T13:38:33.438348
Sidi Bouzid,187777857,farmyard,,35.0378075,9.4377754,2026-02-15T13:38:33.438348
Sidi Bouzid,187777860,farmyard,,35.0339824,9.4337508,2026-02-15T13:38:33.438348
Sidi Bouzid,187777861,orchard,,35.0356938,9.4294079,2026-02-15T13:38:33.438348
Sidi Bouzid,187777864,farmland,,35.0350518,9.4326806,2026-02-15T13:38:33.438348
Sidi Bouzid,187777865,farmland,,35.0378861,9.4393515,2026-02-15T13:38:33.438348
Sidi Bouzid,187779451,farmland,,35.04548,9.4650421,2026-02-15T13:38:33.438348
Sidi Bouzid,187779452,farmland,,35.0427122,9.4596416,2026-02-15T13:38:33.438348
Sidi Bouzid,187779453,farmyard,,35.0462705,9.4595963,2026-02-15T13:38:33.438348
Sidi Bouzid,187779454,orchard,,35.0429123,9.4598932,2026-02-15T13:38:33.438348
Sidi Bouzid,187779456,farmyard,,35.0411195,9.4614579,2026-02-15T13:38:33.438348
Sidi Bouzid,187779457,farmyard,,35.0418097,9.4596043,2026-02-15T13:38:33.438348
Sidi Bouzid,187779458,orchard,,35.0418316,9.4580011,2026-02-15T13:38:33.438348
Sidi Bouzid,187779459,farmland,,35.0405967,9.4615693,2026-02-15T13:38:33.438348
Sidi Bouzid,187779460,farmland,,35.0422334,9.4611544,2026-02-15T13:38:33.438348
Sidi Bouzid,187779461,farmland,,35.0411025,9.4628417,2026-02-15T13:38:33.438348
Sidi Bouzid,187779462,farmland,,35.0413595,9.4595631,2026-02-15T13:38:33.438348
Sidi Bouzid,187779464,farmyard,,35.0426067,9.4615515,2026-02-15T13:38:33.438348
Sidi Bouzid,187779465,farmyard,,35.0447311,9.4607433,2026-02-15T13:38:33.438348
Sidi Bouzid,187833827,farmyard,,35.0448046,9.4712624,2026-02-15T13:38:33.438348
Sidi Bouzid,187833829,farmland,,35.0459802,9.4676318,2026-02-15T13:38:33.438348
Sidi Bouzid,187833830,farmyard,,35.0452366,9.468525,2026-02-15T13:38:33.438348
Sidi Bouzid,187833833,farmyard,,35.0476321,9.4740224,2026-02-15T13:38:33.438348
Sidi Bouzid,187833834,farmland,,35.047849,9.4706174,2026-02-15T13:38:33.438348
Sidi Bouzid,187833835,farmland,,35.0443789,9.4706809,2026-02-15T13:38:33.438348
Sidi Bouzid,187838818,orchard,,35.0505505,9.4471701,2026-02-15T13:38:33.438348
Sidi Bouzid,187838819,farmland,,35.0507894,9.4495926,2026-02-15T13:38:33.438348
Sidi Bouzid,187838822,orchard,,35.0518099,9.4560716,2026-02-15T13:38:33.438348
Sidi Bouzid,187838823,farmland,,35.049873,9.4524996,2026-02-15T13:38:33.438348
Sidi Bouzid,187838826,orchard,,35.0507278,9.452263,2026-02-15T13:38:33.438348
Sidi Bouzid,187838827,farmland,,35.0521546,9.4571747,2026-02-15T13:38:33.438348
Sidi Bouzid,187838828,farmyard,,35.0500646,9.4637842,2026-02-15T13:38:33.438348
Sidi Bouzid,187838830,farmland,,35.0508861,9.4552998,2026-02-15T13:38:33.438348
Sidi Bouzid,187838832,farmland,,35.048649,9.465008,2026-02-15T13:38:33.438348
Sidi Bouzid,187838834,orchard,,35.0507406,9.4500671,2026-02-15T13:38:33.438348
Sidi Bouzid,187838835,farmyard,,35.051213,9.4650395,2026-02-15T13:38:33.438348
Sidi Bouzid,187838837,farmland,,35.0521377,9.4561319,2026-02-15T13:38:33.438348
Sidi Bouzid,187838840,farmland,,35.05119,9.4597761,2026-02-15T13:38:33.438348
Sidi Bouzid,187838842,farmyard,,35.0502178,9.4577294,2026-02-15T13:38:33.438348
Sidi Bouzid,187838844,orchard,,35.0489467,9.4530543,2026-02-15T13:38:33.438348
Sidi Bouzid,187838845,farmyard,,35.0516076,9.4595023,2026-02-15T13:38:33.438348
Sidi Bouzid,187838850,farmyard,,35.0511684,9.4570062,2026-02-15T13:38:33.438348
Sidi Bouzid,187838856,farmland,,35.052231,9.4588537,2026-02-15T13:38:33.438348
Sidi Bouzid,187839428,farmyard,,35.0449544,9.450407,2026-02-15T13:38:33.438348
Sidi Bouzid,187841769,residential,,35.0393746,9.4271254,2026-02-15T13:38:33.438348
Sidi Bouzid,187841771,orchard,,35.0399338,9.4316474,2026-02-15T13:38:33.438348
Sidi Bouzid,187841772,farmland,,35.0471195,9.4463652,2026-02-15T13:38:33.438348
Sidi Bouzid,187841773,orchard,,35.0402264,9.4280305,2026-02-15T13:38:33.438348
Sidi Bouzid,187841774,orchard,,35.0442662,9.4271036,2026-02-15T13:38:33.438348
Sidi Bouzid,187841782,orchard,,35.0498118,9.4424409,2026-02-15T13:38:33.438348
Sidi Bouzid,187841784,farmland,,35.0492701,9.4448011,2026-02-15T13:38:33.438348
Sidi Bouzid,187841786,farmland,,35.0383598,9.4323662,2026-02-15T13:38:33.438348
Sidi Bouzid,187841789,farmland,,35.03892,9.4280324,2026-02-15T13:38:33.438348
Sidi Bouzid,187841790,farmland,,35.0412356,9.433217,2026-02-15T13:38:33.438348
Sidi Bouzid,187841791,farmland,,35.0435486,9.450778,2026-02-15T13:38:33.438348
Sidi Bouzid,187842636,orchard,,35.0446232,9.4577973,2026-02-15T13:38:33.438348
Sidi Bouzid,187842637,residential,,35.0461588,9.4559592,2026-02-15T13:38:33.438348
Sidi Bouzid,187842639,farmland,,35.0446655,9.4579522,2026-02-15T13:38:33.438348
Sidi Bouzid,187844585,farmland,,35.0492079,9.4337764,2026-02-15T13:38:33.438348
Sidi Bouzid,187844586,farmland,,35.0500039,9.4304873,2026-02-15T13:38:33.438348
Sidi Bouzid,187844587,orchard,,35.0485316,9.4335964,2026-02-15T13:38:33.438348
Sidi Bouzid,187844588,farmland,,35.0531073,9.4357129,2026-02-15T13:38:33.438348
Sidi Bouzid,187844589,orchard,,35.0487951,9.4309463,2026-02-15T13:38:33.438348
Sidi Bouzid,187844590,farmyard,,35.050634,9.4309307,2026-02-15T13:38:33.438348
Sidi Bouzid,187844591,farmland,,35.0468627,9.4308316,2026-02-15T13:38:33.438348
Sidi Bouzid,187844592,orchard,,35.0515173,9.4341259,2026-02-15T13:38:33.438348
Sidi Bouzid,187844887,farmyard,,35.0453728,9.4321195,2026-02-15T13:38:33.438348
Sidi Bouzid,187844888,farmyard,,35.0479694,9.4325747,2026-02-15T13:38:33.438348
Sidi Bouzid,187844889,farmyard,,35.0476357,9.4334062,2026-02-15T13:38:33.438348
Sidi Bouzid,187855663,farmland,,35.0455953,9.4236568,2026-02-15T13:38:33.438348
Sidi Bouzid,187855668,orchard,,35.0442781,9.412641,2026-02-15T13:38:33.438348
Sidi Bouzid,187855670,farmland,,35.0470645,9.4180108,2026-02-15T13:38:33.438348
Sidi Bouzid,187855671,farmyard,,35.0451128,9.4179045,2026-02-15T13:38:33.438348
Sidi Bouzid,187855675,orchard,,35.0475088,9.4202895,2026-02-15T13:38:33.438348
Sidi Bouzid,187855678,farmland,,35.0482087,9.4249067,2026-02-15T13:38:33.438348
Sidi Bouzid,187855682,farmyard,,35.0487124,9.4249946,2026-02-15T13:38:33.438348
Sidi Bouzid,187855684,farmland,,35.044671,9.4127216,2026-02-15T13:38:33.438348
Sidi Bouzid,187855688,farmyard,,35.0485647,9.4287771,2026-02-15T13:38:33.438348
Sidi Bouzid,187855691,orchard,,35.0443635,9.4144962,2026-02-15T13:38:33.438348
Sidi Bouzid,187855696,farmyard,,35.0470348,9.4191391,2026-02-15T13:38:33.438348
Sidi Bouzid,187855697,farmyard,,35.0469222,9.4279737,2026-02-15T13:38:33.438348
Sidi Bouzid,187855699,orchard,,35.044592,9.4141288,2026-02-15T13:38:33.438348
Sidi Bouzid,187855701,orchard,,35.0464564,9.4251106,2026-02-15T13:38:33.438348
Sidi Bouzid,187855705,farmland,,35.0448994,9.4154707,2026-02-15T13:38:33.438348
Sidi Bouzid,187855706,orchard,,35.04531,9.4180135,2026-02-15T13:38:33.438348
Sidi Bouzid,187855707,farmyard,,35.045736,9.4164417,2026-02-15T13:38:33.438348
Sidi Bouzid,187898329,farmyard,,35.0348943,9.4268514,2026-02-15T13:38:33.438348
Sidi Bouzid,187898331,farmland,,35.0428983,9.4225921,2026-02-15T13:38:33.438348
Sidi Bouzid,187898332,farmyard,,35.0324701,9.4256283,2026-02-15T13:38:33.438348
Sidi Bouzid,187898336,farmyard,,35.0311936,9.4279223,2026-02-15T13:38:33.438348
Sidi Bouzid,187898338,farmyard,,35.0293376,9.424573,2026-02-15T13:38:33.438348
Sidi Bouzid,187898340,residential,,35.0334481,9.4213756,2026-02-15T13:38:33.438348
Sidi Bouzid,187898342,orchard,,35.0415351,9.4241978,2026-02-15T13:38:33.438348
Sidi Bouzid,187898343,orchard,,35.0286923,9.423642,2026-02-15T13:38:33.438348
Sidi Bouzid,187898347,farmyard,,35.0292598,9.4257929,2026-02-15T13:38:33.438348
Sidi Bouzid,187898348,farmyard,,35.0288827,9.4230964,2026-02-15T13:38:33.438348
Sidi Bouzid,187899712,farmyard,,35.0411403,9.4168456,2026-02-15T13:38:33.438348
Sidi Bouzid,187899713,farmyard,,35.043624,9.4121914,2026-02-15T13:38:33.438348
Sidi Bouzid,187899714,orchard,,35.0389377,9.4148118,2026-02-15T13:38:33.438348
Sidi Bouzid,187899715,farmland,,35.0408214,9.413881,2026-02-15T13:38:33.438348
Sidi Bouzid,187899716,farmland,,35.0413292,9.4116228,2026-02-15T13:38:33.438348
Sidi Bouzid,187899718,farmland,,35.0404623,9.4157398,2026-02-15T13:38:33.438348
Sidi Bouzid,187899719,farmyard,,35.042105,9.4122875,2026-02-15T13:38:33.438348
Sidi Bouzid,187899721,farmland,,35.0410979,9.4123362,2026-02-15T13:38:33.438348
Sidi Bouzid,187899722,farmyard,,35.0393264,9.4151888,2026-02-15T13:38:33.438348
Sidi Bouzid,187899725,farmland,,35.0415948,9.4156864,2026-02-15T13:38:33.438348
Sidi Bouzid,187899727,meadow,,35.0458591,9.4144247,2026-02-15T13:38:33.438348
Sidi Bouzid,187899728,orchard,,35.0395431,9.4155172,2026-02-15T13:38:33.438348
Sidi Bouzid,187899729,farmland,,35.0427197,9.4118311,2026-02-15T13:38:33.438348
Sidi Bouzid,187899730,farmland,,35.0399017,9.414146,2026-02-15T13:38:33.438348
Sidi Bouzid,187899731,farmyard,,35.0391353,9.4139617,2026-02-15T13:38:33.438348
Sidi Bouzid,187899732,farmyard,,35.0433754,9.4157988,2026-02-15T13:38:33.438348
Sidi Bouzid,187899734,farmyard,,35.0404633,9.4119924,2026-02-15T13:38:33.438348
Sidi Bouzid,187899735,farmyard,,35.0406638,9.4150753,2026-02-15T13:38:33.438348
Sidi Bouzid,187899736,farmland,,35.0429777,9.4172626,2026-02-15T13:38:33.438348
Sidi Bouzid,187899737,farmland,,35.0397216,9.4152,2026-02-15T13:38:33.438348
Sidi Bouzid,187899738,orchard,,35.0420136,9.4143204,2026-02-15T13:38:33.438348
Sidi Bouzid,187899739,farmyard,,35.0413153,9.4105562,2026-02-15T13:38:33.438348
Sidi Bouzid,187899740,meadow,,35.0477015,9.4181148,2026-02-15T13:38:33.438348
Sidi Bouzid,187899741,farmyard,,35.0427561,9.4164033,2026-02-15T13:38:33.438348
Sidi Bouzid,187899742,farmland,,35.0397407,9.4132348,2026-02-15T13:38:33.438348
Sidi Bouzid,187899743,farmyard,,35.0438012,9.4176087,2026-02-15T13:38:33.438348
Sidi Bouzid,187900183,residential,القدارة,35.0265562,9.4152326,2026-02-15T13:38:33.438348
Sidi Bouzid,187900184,farmyard,,35.0270192,9.4374972,2026-02-15T13:38:33.438348
Sidi Bouzid,187900186,farmland,,35.0276284,9.4294706,2026-02-15T13:38:33.438348
Sidi Bouzid,187900187,farmland,,35.0279128,9.4210796,2026-02-15T13:38:33.438348
Sidi Bouzid,187900191,farmland,,35.0274476,9.439419,2026-02-15T13:38:33.438348
Sidi Bouzid,187900193,farmland,,35.0256266,9.436973,2026-02-15T13:38:33.438348
Sidi Bouzid,187900195,orchard,,35.0098453,9.3992195,2026-02-15T13:38:33.438348
Sidi Bouzid,187971164,farmyard,,35.0424087,9.4181637,2026-02-15T13:38:33.438348
Sidi Bouzid,187971166,orchard,,35.0392447,9.4166902,2026-02-15T13:38:33.438348
Sidi Bouzid,187971170,farmland,,35.0385811,9.4159269,2026-02-15T13:38:33.438348
Sidi Bouzid,187971172,farmland,,35.041812,9.4182844,2026-02-15T13:38:33.438348
Sidi Bouzid,187971175,farmland,,35.0402191,9.4194967,2026-02-15T13:38:33.438348
Sidi Bouzid,187971178,farmyard,,35.0430232,9.4190638,2026-02-15T13:38:33.438348
Sidi Bouzid,187971180,orchard,,35.042172,9.4181067,2026-02-15T13:38:33.438348
Sidi Bouzid,187971182,farmyard,,35.042084,9.4172734,2026-02-15T13:38:33.438348
Sidi Bouzid,187971185,orchard,,35.0416061,9.4164766,2026-02-15T13:38:33.438348
Sidi Bouzid,187971186,farmland,,35.0425033,9.4196646,2026-02-15T13:38:33.438348
Sidi Bouzid,187971188,farmyard,,35.0384454,9.4152337,2026-02-15T13:38:33.438348
Sidi Bouzid,187971190,farmyard,,35.039614,9.4167684,2026-02-15T13:38:33.438348
Sidi Bouzid,187971192,orchard,,35.0428067,9.4184667,2026-02-15T13:38:33.438348
Sidi Bouzid,187971193,residential,,35.0414123,9.4197944,2026-02-15T13:38:33.438348
Sidi Bouzid,187971194,farmland,,35.0438078,9.4180751,2026-02-15T13:38:33.438348
Sidi Bouzid,187971195,farmland,,35.0412256,9.4174217,2026-02-15T13:38:33.438348
Sidi Bouzid,187971197,orchard,,35.04076,9.4182817,2026-02-15T13:38:33.438348
Sidi Bouzid,187971198,farmyard,,35.0414276,9.4172168,2026-02-15T13:38:33.438348
Sidi Bouzid,187971201,farmyard,,35.0417746,9.4175548,2026-02-15T13:38:33.438348
Sidi Bouzid,187971202,farmland,,35.0426965,9.4187189,2026-02-15T13:38:33.438348
Sidi Bouzid,187971203,orchard,,35.042429,9.4193277,2026-02-15T13:38:33.438348
Sidi Bouzid,187971204,farmland,,35.0398861,9.4175817,2026-02-15T13:38:33.438348
Sidi Bouzid,187971206,farmyard,,35.0383722,9.4174985,2026-02-15T13:38:33.438348
Sidi Bouzid,187971207,farmyard,,35.0403253,9.4165035,2026-02-15T13:38:33.438348
Sidi Bouzid,187971208,farmland,,35.0387748,9.4152055,2026-02-15T13:38:33.438348
Sidi Bouzid,187972053,farmyard,,35.0440513,9.4227073,2026-02-15T13:38:33.438348
Sidi Bouzid,187972054,farmyard,,35.0434102,9.4229718,2026-02-15T13:38:33.438348
Sidi Bouzid,187972055,farmyard,,35.0438103,9.4188583,2026-02-15T13:38:33.438348
Sidi Bouzid,187972060,orchard,,35.044084,9.4190969,2026-02-15T13:38:33.438348
Sidi Bouzid,187973273,farmyard,,35.0478593,9.4232384,2026-02-15T13:38:33.438348
Sidi Bouzid,187973275,orchard,,35.0560661,9.4285705,2026-02-15T13:38:33.438348
Sidi Bouzid,187973276,farmyard,,35.0462245,9.4199239,2026-02-15T13:38:33.438348
Sidi Bouzid,187973279,farmyard,,35.0548352,9.4258444,2026-02-15T13:38:33.438348
Sidi Bouzid,187973280,farmland,,35.0468471,9.4221566,2026-02-15T13:38:33.438348
Sidi Bouzid,187974477,orchard,,35.045436,9.4399602,2026-02-15T13:38:33.438348
Sidi Bouzid,187974478,farmland,,35.0449698,9.4383422,2026-02-15T13:38:33.438348
Sidi Bouzid,187974479,orchard,,35.0452486,9.4378218,2026-02-15T13:38:33.438348
Sidi Bouzid,187974480,farmyard,,35.044778,9.4374302,2026-02-15T13:38:33.438348
Sidi Bouzid,187974481,farmland,,35.0441045,9.441566,2026-02-15T13:38:33.438348
Sidi Bouzid,187974721,farmland,,35.0437766,9.4458146,2026-02-15T13:38:33.438348
Sidi Bouzid,187974722,farmyard,,35.0435929,9.4419173,2026-02-15T13:38:33.438348
Sidi Bouzid,187974723,orchard,,35.0432167,9.4456671,2026-02-15T13:38:33.438348
Sidi Bouzid,187976556,farmland,,35.0444057,9.4521777,2026-02-15T13:38:33.438348
Sidi Bouzid,187976560,farmland,,35.046946,9.4532554,2026-02-15T13:38:33.438348
Sidi Bouzid,187976563,farmland,,35.0424704,9.4532222,2026-02-15T13:38:33.438348
Sidi Bouzid,187976567,orchard,,35.0436961,9.4514884,2026-02-15T13:38:33.438348
Sidi Bouzid,187976568,farmyard,,35.0391098,9.4460564,2026-02-15T13:38:33.438348
Sidi Bouzid,187976571,orchard,,35.0425339,9.452736,2026-02-15T13:38:33.438348
Sidi Bouzid,187976573,farmyard,,35.0441826,9.4546272,2026-02-15T13:38:33.438348
Sidi Bouzid,187976574,farmyard,,35.0446537,9.4528966,2026-02-15T13:38:33.438348
Sidi Bouzid,187976575,farmyard,,35.0412969,9.4513634,2026-02-15T13:38:33.438348
Sidi Bouzid,187977236,farmyard,,35.0478791,9.4372055,2026-02-15T13:38:33.438348
Sidi Bouzid,187977237,orchard,,35.0451937,9.4340154,2026-02-15T13:38:33.438348
Sidi Bouzid,188038651,orchard,,35.0510016,9.4283468,2026-02-15T13:38:33.438348
Sidi Bouzid,188039427,farmyard,,35.0496316,9.441215,2026-02-15T13:38:33.438348
Sidi Bouzid,188054032,meadow,,35.0490257,9.4506246,2026-02-15T13:38:33.438348
Sidi Bouzid,188054501,farmland,,35.0490317,9.4551918,2026-02-15T13:38:33.438348
Sidi Bouzid,188054503,orchard,,35.0481767,9.4539955,2026-02-15T13:38:33.438348
Sidi Bouzid,188054504,farmyard,,35.0474397,9.4581666,2026-02-15T13:38:33.438348
Sidi Bouzid,188157383,farmyard,,35.0510345,9.4203015,2026-02-15T13:38:33.438348
Sidi Bouzid,188157384,farmyard,,35.0515786,9.4226484,2026-02-15T13:38:33.438348
Sidi Bouzid,188157390,farmland,,35.051421,9.4197055,2026-02-15T13:38:33.438348
Sidi Bouzid,188172558,farmyard,,35.052373,9.4012038,2026-02-15T13:38:33.438348
Sidi Bouzid,188172574,farmyard,,35.0562142,9.4025235,2026-02-15T13:38:33.438348
Sidi Bouzid,188172731,farmland,,35.0463766,9.4370073,2026-02-15T13:38:33.438348
Sidi Bouzid,188172733,orchard,,35.0493241,9.4395045,2026-02-15T13:38:33.438348
Sidi Bouzid,188172779,farmland,,35.0495328,9.4380852,2026-02-15T13:38:33.438348
Sidi Bouzid,188188199,orchard,,35.0508785,9.4416089,2026-02-15T13:38:33.438348
Sidi Bouzid,188188200,farmland,,35.0504033,9.4416892,2026-02-15T13:38:33.438348
Sidi Bouzid,188188265,orchard,,35.0523334,9.4399083,2026-02-15T13:38:33.438348
Sidi Bouzid,188188266,farmland,,35.0514266,9.441975,2026-02-15T13:38:33.438348
Sidi Bouzid,188189035,industrial,,35.0188206,9.4279051,2026-02-15T13:38:33.438348
Sidi Bouzid,188189046,farmyard,,35.0378623,9.4438429,2026-02-15T13:38:33.438348
Sidi Bouzid,188189047,farmland,,35.0389087,9.4349197,2026-02-15T13:38:33.438348
Sidi Bouzid,188190266,farmland,,35.053241,9.4168385,2026-02-15T13:38:33.438348
Sidi Bouzid,188190268,farmland,,35.0047994,9.4013188,2026-02-15T13:38:33.438348
Sidi Bouzid,188190270,farmland,,35.0610944,9.4185951,2026-02-15T13:38:33.438348
Sidi Bouzid,188191108,farmyard,,35.0648116,9.410872,2026-02-15T13:38:33.438348
Sidi Bouzid,188191109,farmyard,,35.0565762,9.4171283,2026-02-15T13:38:33.438348
Sidi Bouzid,188191112,farmyard,,35.059234,9.4207866,2026-02-15T13:38:33.438348
Sidi Bouzid,188191115,farmland,,35.0586398,9.4212185,2026-02-15T13:38:33.438348
Sidi Bouzid,188191117,orchard,,35.0609363,9.4230504,2026-02-15T13:38:33.438348
Sidi Bouzid,188191118,farmyard,,35.0589398,9.4125549,2026-02-15T13:38:33.438348
Sidi Bouzid,188191120,farmyard,,35.0634111,9.4079578,2026-02-15T13:38:33.438348
Sidi Bouzid,188191122,farmyard,,35.0603989,9.4185389,2026-02-15T13:38:33.438348
Sidi Bouzid,188191123,farmyard,,35.0593495,9.4159157,2026-02-15T13:38:33.438348
Sidi Bouzid,188191124,orchard,,35.0588067,9.4200839,2026-02-15T13:38:33.438348
Sidi Bouzid,188191125,farmland,,35.0603041,9.4225729,2026-02-15T13:38:33.438348
Sidi Bouzid,188191126,farmyard,,35.0627437,9.4047523,2026-02-15T13:38:33.438348
Sidi Bouzid,188191127,farmyard,,35.0626275,9.4098917,2026-02-15T13:38:33.438348
Sidi Bouzid,188191128,farmyard,,35.0642587,9.4117346,2026-02-15T13:38:33.438348
Sidi Bouzid,188191708,orchard,,35.0606685,9.4206954,2026-02-15T13:38:33.438348
Sidi Bouzid,188255842,farmland,,35.0480942,9.4568828,2026-02-15T13:38:33.438348
Sidi Bouzid,188256581,farmland,,35.0538266,9.4766874,2026-02-15T13:38:33.438348
Sidi Bouzid,188256584,farmland,,35.0528848,9.4778136,2026-02-15T13:38:33.438348
Sidi Bouzid,188256586,farmland,,35.0516594,9.4757948,2026-02-15T13:38:33.438348
Sidi Bouzid,188258313,farmyard,,35.052316,9.4690249,2026-02-15T13:38:33.438348
Sidi Bouzid,188258315,farmyard,,35.0525338,9.4700352,2026-02-15T13:38:33.438348
Sidi Bouzid,188258316,farmland,,35.0505882,9.4780643,2026-02-15T13:38:33.438348
Sidi Bouzid,188258317,farmland,,35.0499405,9.4771862,2026-02-15T13:38:33.438348
Sidi Bouzid,188258324,farmland,,35.0518453,9.4697875,2026-02-15T13:38:33.438348
Sidi Bouzid,188258329,orchard,,35.0521341,9.4691104,2026-02-15T13:38:33.438348
Sidi Bouzid,188304703,farmland,,35.0506106,9.4800894,2026-02-15T13:38:33.438348
Sidi Bouzid,188414436,farmland,,35.0548223,9.4831995,2026-02-15T13:38:33.438348
Sidi Bouzid,188414611,farmyard,,35.0515239,9.4886171,2026-02-15T13:38:33.438348
Sidi Bouzid,188414612,farmyard,,35.0549384,9.4903221,2026-02-15T13:38:33.438348
Sidi Bouzid,188414613,farmyard,,35.0544482,9.4844305,2026-02-15T13:38:33.438348
Sidi Bouzid,188414615,farmland,,35.0589344,9.4865497,2026-02-15T13:38:33.438348
Sidi Bouzid,189018622,orchard,,35.0495137,9.426293,2026-02-15T13:38:33.438348
Sidi Bouzid,189422515,farmland,,34.9807604,9.4917808,2026-02-15T13:38:33.438348
Sidi Bouzid,189422525,forest,,34.983511,9.4970257,2026-02-15T13:38:33.438348
Sidi Bouzid,189422527,farmland,,34.9832628,9.4968386,2026-02-15T13:38:33.438348
Sidi Bouzid,189422532,orchard,,34.9802605,9.4904997,2026-02-15T13:38:33.438348
Sidi Bouzid,189422538,farmland,,34.9827439,9.494569,2026-02-15T13:38:33.438348
Sidi Bouzid,189422545,farmyard,,34.982845,9.5015948,2026-02-15T13:38:33.438348
Sidi Bouzid,189427182,meadow,,34.9477693,9.4314554,2026-02-15T13:38:33.438348
Sidi Bouzid,189515002,meadow,,34.9887058,9.408943,2026-02-15T13:38:33.438348
Sidi Bouzid,189515004,meadow,,34.9764257,9.4248474,2026-02-15T13:38:33.438348
Sidi Bouzid,189515006,farmland,,34.9876293,9.4175222,2026-02-15T13:38:33.438348
Sidi Bouzid,189735659,meadow,,34.9739225,9.4488376,2026-02-15T13:38:33.438348
Sidi Bouzid,189738855,orchard,,34.9674188,9.4698532,2026-02-15T13:38:33.438348
Sidi Bouzid,189738856,orchard,,34.9609368,9.4807735,2026-02-15T13:38:33.438348
Sidi Bouzid,189738857,orchard,,34.9618512,9.465206,2026-02-15T13:38:33.438348
Sidi Bouzid,189738858,orchard,,34.9687244,9.4736068,2026-02-15T13:38:33.438348
Sidi Bouzid,189738859,orchard,,34.9648802,9.4776301,2026-02-15T13:38:33.438348
Sidi Bouzid,189738860,orchard,,34.9634163,9.472366,2026-02-15T13:38:33.438348
Sidi Bouzid,189738861,farmyard,,34.9617566,9.4780843,2026-02-15T13:38:33.438348
Sidi Bouzid,189738862,orchard,,34.9584591,9.4800065,2026-02-15T13:38:33.438348
Sidi Bouzid,189738863,farmyard,,34.9670715,9.4725983,2026-02-15T13:38:33.438348
Sidi Bouzid,189738864,orchard,,34.9602949,9.4706654,2026-02-15T13:38:33.438348
Sidi Bouzid,189738865,orchard,,34.9621918,9.4806073,2026-02-15T13:38:33.438348
Sidi Bouzid,189738866,orchard,,34.9613246,9.4795422,2026-02-15T13:38:33.438348
Sidi Bouzid,189909656,orchard,,35.0318525,9.419388,2026-02-15T13:38:33.438348
Sidi Bouzid,189909661,orchard,,35.0327046,9.4185258,2026-02-15T13:38:33.438348
Sidi Bouzid,189909665,orchard,,35.0352273,9.4234082,2026-02-15T13:38:33.438348
Sidi Bouzid,189909666,farmyard,,35.0325376,9.4192964,2026-02-15T13:38:33.438348
Sidi Bouzid,189909668,orchard,,35.0308795,9.4197093,2026-02-15T13:38:33.438348
Sidi Bouzid,190060654,farmland,,35.0336063,9.416405,2026-02-15T13:38:33.438348
Sidi Bouzid,190060681,farmyard,,35.0301234,9.4192425,2026-02-15T13:38:33.438348
Sidi Bouzid,190062411,farmland,,35.039095,9.4186453,2026-02-15T13:38:33.438348
Sidi Bouzid,190062414,farmland,,35.0379248,9.4171328,2026-02-15T13:38:33.438348
Sidi Bouzid,190062415,orchard,,35.0372508,9.4159967,2026-02-15T13:38:33.438348
Sidi Bouzid,190062416,farmland,,35.0381397,9.4155818,2026-02-15T13:38:33.438348
Sidi Bouzid,190062418,orchard,,35.0380676,9.4189699,2026-02-15T13:38:33.438348
Sidi Bouzid,190062419,orchard,,35.0375822,9.417891,2026-02-15T13:38:33.438348
Sidi Bouzid,190062420,orchard,,35.0376655,9.4210577,2026-02-15T13:38:33.438348
Sidi Bouzid,190062421,orchard,,35.0387394,9.4184373,2026-02-15T13:38:33.438348
Sidi Bouzid,190062422,orchard,,35.0381686,9.4164392,2026-02-15T13:38:33.438348
Sidi Bouzid,190062423,farmland,,35.037132,9.4160678,2026-02-15T13:38:33.438348
Sidi Bouzid,190062676,brownfield,,35.0434852,9.418507,2026-02-15T13:38:33.438348
Sidi Bouzid,190062853,farmyard,,35.0425187,9.4130296,2026-02-15T13:38:33.438348
Sidi Bouzid,190062854,farmland,,35.0429927,9.4137577,2026-02-15T13:38:33.438348
Sidi Bouzid,190110814,brownfield,,35.0401288,9.4133384,2026-02-15T13:38:33.438348
Sidi Bouzid,190111029,farmland,,35.0579514,9.4333455,2026-02-15T13:38:33.438348
Sidi Bouzid,190225397,orchard,,35.0367034,9.4132689,2026-02-15T13:38:33.438348
Sidi Bouzid,190225398,orchard,,35.0311538,9.4065369,2026-02-15T13:38:33.438348
Sidi Bouzid,190225403,cemetery,,35.0291738,9.407655,2026-02-15T13:38:33.438348
Sidi Bouzid,190225404,farmyard,,35.0369802,9.4128459,2026-02-15T13:38:33.438348
Sidi Bouzid,190225406,orchard,,35.0366112,9.4113886,2026-02-15T13:38:33.438348
Sidi Bouzid,190225408,farmyard,,35.0388581,9.412958,2026-02-15T13:38:33.438348
Sidi Bouzid,190225409,farmyard,,35.0374116,9.4114222,2026-02-15T13:38:33.438348
Sidi Bouzid,190225410,farmland,,35.0335025,9.4092434,2026-02-15T13:38:33.438348
Sidi Bouzid,190226641,orchard,,35.0328429,9.4137837,2026-02-15T13:38:33.438348
Sidi Bouzid,190228622,meadow,,35.0522583,9.4292297,2026-02-15T13:38:33.438348
Sidi Bouzid,190232359,orchard,,35.0503585,9.3873076,2026-02-15T13:38:33.438348
Sidi Bouzid,190232360,orchard,,35.0510963,9.3915777,2026-02-15T13:38:33.438348
Sidi Bouzid,190238797,farmland,,35.050235,9.3799807,2026-02-15T13:38:33.438348
Sidi Bouzid,190238798,farmyard,,35.0514606,9.3891367,2026-02-15T13:38:33.438348
Sidi Bouzid,190238799,orchard,,35.0423654,9.3881479,2026-02-15T13:38:33.439347
Sidi Bouzid,190238800,orchard,,35.0520233,9.3953064,2026-02-15T13:38:33.439347
Sidi Bouzid,190238802,farmyard,,35.050231,9.38617,2026-02-15T13:38:33.439347
Sidi Bouzid,190238804,orchard,,35.0414353,9.3840712,2026-02-15T13:38:33.439347
Sidi Bouzid,190238806,farmyard,,35.0523508,9.391572,2026-02-15T13:38:33.439347
Sidi Bouzid,190238807,orchard,,35.0444385,9.39311,2026-02-15T13:38:33.439347
Sidi Bouzid,190238808,orchard,,35.0408458,9.3903758,2026-02-15T13:38:33.439347
Sidi Bouzid,190238809,farmyard,,35.0531776,9.387141,2026-02-15T13:38:33.439347
Sidi Bouzid,190238810,brownfield,,35.0542118,9.3845299,2026-02-15T13:38:33.439347
Sidi Bouzid,190239097,farmyard,,35.0506437,9.3911297,2026-02-15T13:38:33.439347
Sidi Bouzid,190239098,farmland,,35.0456413,9.3915757,2026-02-15T13:38:33.439347
Sidi Bouzid,190239411,farmland,,35.0420667,9.3889491,2026-02-15T13:38:33.439347
Sidi Bouzid,190239412,farmland,,35.0440388,9.3867435,2026-02-15T13:38:33.439347
Sidi Bouzid,190240142,farmyard,,35.0431164,9.3832961,2026-02-15T13:38:33.439347
Sidi Bouzid,190240143,farmland,,35.0440409,9.3812675,2026-02-15T13:38:33.439347
Sidi Bouzid,190240144,farmyard,,35.0424533,9.3848769,2026-02-15T13:38:33.439347
Sidi Bouzid,190240145,farmland,,35.0434698,9.3835873,2026-02-15T13:38:33.439347
Sidi Bouzid,190240146,farmyard,,35.0442934,9.3830218,2026-02-15T13:38:33.439347
Sidi Bouzid,190240147,orchard,,35.0443834,9.3834623,2026-02-15T13:38:33.439347
Sidi Bouzid,190240148,farmland,,35.0441603,9.3848265,2026-02-15T13:38:33.439347
Sidi Bouzid,190240149,orchard,,35.0448002,9.3863884,2026-02-15T13:38:33.439347
Sidi Bouzid,190240150,farmyard,,35.0442739,9.3844043,2026-02-15T13:38:33.439347
Sidi Bouzid,190240151,farmland,,35.0419146,9.3846618,2026-02-15T13:38:33.439347
Sidi Bouzid,191055091,farmyard,,35.055546,9.439403,2026-02-15T13:38:33.439347
Sidi Bouzid,191055093,farmland,,35.0535496,9.4408898,2026-02-15T13:38:33.439347
Sidi Bouzid,191055094,farmland,,35.0523136,9.4484039,2026-02-15T13:38:33.439347
Sidi Bouzid,191055096,farmyard,,35.0552029,9.4408936,2026-02-15T13:38:33.439347
Sidi Bouzid,191055097,farmyard,,35.053818,9.4425432,2026-02-15T13:38:33.439347
Sidi Bouzid,191055099,orchard,,35.0551879,9.442552,2026-02-15T13:38:33.439347
Sidi Bouzid,191055101,brownfield,,35.0548367,9.4436323,2026-02-15T13:38:33.439347
Sidi Bouzid,191055103,farmyard,,35.0552391,9.4419579,2026-02-15T13:38:33.439347
Sidi Bouzid,191055104,farmyard,,35.0543427,9.4430985,2026-02-15T13:38:33.439347
Sidi Bouzid,191055107,farmyard,,35.0543434,9.4406087,2026-02-15T13:38:33.439347
Sidi Bouzid,191055108,orchard,,35.0527997,9.4476906,2026-02-15T13:38:33.439347
Sidi Bouzid,191055111,farmland,,35.055047,9.4437333,2026-02-15T13:38:33.439347
Sidi Bouzid,191055739,farmland,,35.0570414,9.4247878,2026-02-15T13:38:33.439347
Sidi Bouzid,191055742,farmyard,,35.056923,9.4260307,2026-02-15T13:38:33.439347
Sidi Bouzid,191055743,orchard,,35.0581794,9.4256901,2026-02-15T13:38:33.439347
Sidi Bouzid,191055744,orchard,,35.0572156,9.4257517,2026-02-15T13:38:33.439347
Sidi Bouzid,191729667,residential,الضيعة 20,35.011496,9.4159055,2026-02-15T13:38:33.439347
Sidi Bouzid,191729671,farmyard,,35.0085714,9.4294174,2026-02-15T13:38:33.439347
Sidi Bouzid,191729673,farmland,,35.0272643,9.4346979,2026-02-15T13:38:33.439347
Sidi Bouzid,191729674,village_green,,35.0001367,9.4189468,2026-02-15T13:38:33.439347
Sidi Bouzid,191759986,farmland,,35.0319958,9.4496502,2026-02-15T13:38:33.439347
Sidi Bouzid,191760000,greenfield,,35.0286618,9.442554,2026-02-15T13:38:33.439347
Sidi Bouzid,191760001,farmyard,,35.0294735,9.4447909,2026-02-15T13:38:33.439347
Sidi Bouzid,191760006,residential,,35.0355441,9.4795051,2026-02-15T13:38:33.439347
Sidi Bouzid,191760023,farmland,,35.0309353,9.4460483,2026-02-15T13:38:33.439347
Sidi Bouzid,191760027,farmland,,35.0336245,9.412228,2026-02-15T13:38:33.439347
Sidi Bouzid,191760032,farmland,,35.0278949,9.4100545,2026-02-15T13:38:33.439347
Sidi Bouzid,191760034,farmyard,,35.0279708,9.4296071,2026-02-15T13:38:33.439347
Sidi Bouzid,191760035,farmyard,,35.0300333,9.4214323,2026-02-15T13:38:33.439347
Sidi Bouzid,191760037,farmyard,,35.0256945,9.4454656,2026-02-15T13:38:33.439347
Sidi Bouzid,191760038,farmland,,35.0294808,9.4156146,2026-02-15T13:38:33.439347
Sidi Bouzid,191760049,farmyard,,35.028298,9.4313122,2026-02-15T13:38:33.439347
Sidi Bouzid,191760050,farmyard,,35.0275775,9.4310818,2026-02-15T13:38:33.439347
Sidi Bouzid,191760052,farmyard,,35.0275788,9.4357223,2026-02-15T13:38:33.439347
Sidi Bouzid,191760054,farmyard,,35.0277597,9.4365875,2026-02-15T13:38:33.439347
Sidi Bouzid,191760055,farmland,,35.0292052,9.4460036,2026-02-15T13:38:33.439347
Sidi Bouzid,191760056,farmland,,35.0303189,9.4284489,2026-02-15T13:38:33.439347
Sidi Bouzid,191760057,greenfield,,35.0252048,9.4511867,2026-02-15T13:38:33.439347
Sidi Bouzid,191760059,village_green,,35.0260012,9.4473622,2026-02-15T13:38:33.439347
Sidi Bouzid,191760061,orchard,,35.0350499,9.4183171,2026-02-15T13:38:33.439347
Sidi Bouzid,191760063,brownfield,,35.0341277,9.428976,2026-02-15T13:38:33.439347
Sidi Bouzid,191760074,greenfield,,35.0270396,9.4498376,2026-02-15T13:38:33.439347
Sidi Bouzid,191794152,farmland,,35.0680444,9.4094546,2026-02-15T13:38:33.439347
Sidi Bouzid,191794154,farmyard,,35.0708358,9.4055595,2026-02-15T13:38:33.439347
Sidi Bouzid,191794155,farmland,,35.0708137,9.4076033,2026-02-15T13:38:33.439347
Sidi Bouzid,191794156,farmyard,,35.0698506,9.4110934,2026-02-15T13:38:33.439347
Sidi Bouzid,191794157,farmyard,,35.0696723,9.4042001,2026-02-15T13:38:33.439347
Sidi Bouzid,191794163,orchard,,35.0721836,9.4108386,2026-02-15T13:38:33.439347
Sidi Bouzid,191794164,orchard,,35.0693628,9.4045295,2026-02-15T13:38:33.439347
Sidi Bouzid,191794165,farmland,,35.0709789,9.4124706,2026-02-15T13:38:33.439347
Sidi Bouzid,191794166,orchard,,35.0683748,9.4072096,2026-02-15T13:38:33.439347
Sidi Bouzid,191794169,farmyard,,35.0679468,9.4073674,2026-02-15T13:38:33.439347
Sidi Bouzid,191799526,farmyard,,35.0810477,9.420398,2026-02-15T13:38:33.439347
Sidi Bouzid,191799530,orchard,,35.0816091,9.4231629,2026-02-15T13:38:33.439347
Sidi Bouzid,191799532,farmland,,35.0748762,9.4058443,2026-02-15T13:38:33.439347
Sidi Bouzid,191799535,farmland,,35.0738804,9.4081993,2026-02-15T13:38:33.439347
Sidi Bouzid,191799538,farmyard,,35.0722894,9.4072838,2026-02-15T13:38:33.439347
Sidi Bouzid,191799540,farmyard,,35.0818702,9.4259791,2026-02-15T13:38:33.439347
Sidi Bouzid,191799541,farmland,,35.085748,9.4251798,2026-02-15T13:38:33.439347
Sidi Bouzid,191801277,farmyard,,35.0722058,9.4255482,2026-02-15T13:38:33.439347
Sidi Bouzid,191801279,farmyard,,35.0740373,9.4153313,2026-02-15T13:38:33.439347
Sidi Bouzid,191801280,farmyard,,35.072739,9.4134082,2026-02-15T13:38:33.439347
Sidi Bouzid,191801281,farmland,,35.0765632,9.4167499,2026-02-15T13:38:33.439347
Sidi Bouzid,191801282,farmland,,35.0732548,9.4156231,2026-02-15T13:38:33.439347
Sidi Bouzid,191801283,orchard,,35.0729375,9.4195928,2026-02-15T13:38:33.439347
Sidi Bouzid,191801284,farmland,,35.0771818,9.4284735,2026-02-15T13:38:33.439347
Sidi Bouzid,191801285,farmland,,35.073027,9.4207944,2026-02-15T13:38:33.439347
Sidi Bouzid,191801286,farmyard,,35.072184,9.4146227,2026-02-15T13:38:33.439347
Sidi Bouzid,191801287,farmland,,35.078161,9.4241719,2026-02-15T13:38:33.439347
Sidi Bouzid,191801288,orchard,,35.0745878,9.4131662,2026-02-15T13:38:33.439347
Sidi Bouzid,191801289,farmyard,,35.0748309,9.4132869,2026-02-15T13:38:33.439347
Sidi Bouzid,191801290,farmyard,,35.0756375,9.4183665,2026-02-15T13:38:33.439347
Sidi Bouzid,191801291,farmland,,35.0733722,9.4249947,2026-02-15T13:38:33.439347
Sidi Bouzid,191801292,orchard,,35.0731521,9.4161322,2026-02-15T13:38:33.439347
Sidi Bouzid,191801293,farmyard,,35.0774742,9.4195412,2026-02-15T13:38:33.439347
Sidi Bouzid,191801294,orchard,,35.0728861,9.427736,2026-02-15T13:38:33.439347
Sidi Bouzid,191805005,farmyard,,35.004755,9.5343365,2026-02-15T13:38:33.439347
Sidi Bouzid,191805007,meadow,,35.0039346,9.4908855,2026-02-15T13:38:33.439347
Sidi Bouzid,191805015,meadow,,35.0078565,9.4946182,2026-02-15T13:38:33.439347
Sidi Bouzid,191805020,farmland,,35.0037462,9.5365884,2026-02-15T13:38:33.439347
Sidi Bouzid,191805022,meadow,,35.0104219,9.4874845,2026-02-15T13:38:33.439347
Sidi Bouzid,191805025,landfill,,35.0165625,9.4884963,2026-02-15T13:38:33.439347
Sidi Bouzid,191805030,landfill,,35.0032029,9.4858132,2026-02-15T13:38:33.439347
Sidi Bouzid,191806587,farmland,,35.058627,9.4279763,2026-02-15T13:38:33.439347
Sidi Bouzid,191807513,residential,,35.0611826,9.4570128,2026-02-15T13:38:33.439347
Sidi Bouzid,191807514,residential,,35.0627281,9.4617925,2026-02-15T13:38:33.439347
Sidi Bouzid,191807516,residential,,35.0605749,9.4594992,2026-02-15T13:38:33.439347
Sidi Bouzid,191807517,residential,,35.0612577,9.4553015,2026-02-15T13:38:33.439347
Sidi Bouzid,191808649,farmland,,35.0628647,9.4577424,2026-02-15T13:38:33.439347
Sidi Bouzid,191808651,farmland,,35.0611457,9.4535346,2026-02-15T13:38:33.439347
Sidi Bouzid,191808652,residential,,35.0612771,9.4495268,2026-02-15T13:38:33.439347
Sidi Bouzid,191808653,residential,,35.0610955,9.4520428,2026-02-15T13:38:33.439347
Sidi Bouzid,191811398,farmland,,35.0665836,9.4502197,2026-02-15T13:38:33.439347
Sidi Bouzid,191811400,farmyard,,35.0687429,9.4479581,2026-02-15T13:38:33.439347
Sidi Bouzid,191811403,farmyard,,35.0663935,9.4572062,2026-02-15T13:38:33.439347
Sidi Bouzid,191811407,farmyard,,35.0678349,9.4492776,2026-02-15T13:38:33.439347
Sidi Bouzid,191813535,farmland,,35.0221292,9.3991473,2026-02-15T13:38:33.439347
Sidi Bouzid,191813536,orchard,,35.0255771,9.3971316,2026-02-15T13:38:33.439347
Sidi Bouzid,191813970,orchard,,35.0235983,9.4035053,2026-02-15T13:38:33.439347
Sidi Bouzid,191813972,farmland,,35.0190929,9.4019785,2026-02-15T13:38:33.439347
Sidi Bouzid,191813973,farmyard,,35.0210526,9.3950686,2026-02-15T13:38:33.439347
Sidi Bouzid,191813974,orchard,,35.0230778,9.4006899,2026-02-15T13:38:33.439347
Sidi Bouzid,191813975,farmland,,35.0233684,9.3984698,2026-02-15T13:38:33.439347
Sidi Bouzid,191813976,orchard,,35.0185528,9.401362,2026-02-15T13:38:33.439347
Sidi Bouzid,191813977,orchard,,35.0200416,9.402466,2026-02-15T13:38:33.439347
Sidi Bouzid,191813978,orchard,,35.0194447,9.4007596,2026-02-15T13:38:33.439347
Sidi Bouzid,191813979,farmyard,,35.0243818,9.4027015,2026-02-15T13:38:33.439347
Sidi Bouzid,192071702,farmland,,35.0591765,9.4409369,2026-02-15T13:38:33.439347
Sidi Bouzid,192071703,orchard,,35.0572046,9.4422703,2026-02-15T13:38:33.439347
Sidi Bouzid,192071704,farmland,,35.0575323,9.4420427,2026-02-15T13:38:33.439347
Sidi Bouzid,192071706,farmland,,35.0571472,9.4440116,2026-02-15T13:38:33.439347
Sidi Bouzid,192071707,farmyard,,35.0564909,9.4440947,2026-02-15T13:38:33.439347
Sidi Bouzid,192071710,orchard,,35.0586252,9.4402986,2026-02-15T13:38:33.439347
Sidi Bouzid,192071711,farmland,,35.0618693,9.4408282,2026-02-15T13:38:33.439347
Sidi Bouzid,192071713,farmland,,35.0629547,9.4393504,2026-02-15T13:38:33.439347
Sidi Bouzid,192071714,orchard,,35.0560451,9.4438614,2026-02-15T13:38:33.439347
Sidi Bouzid,192071715,farmyard,,35.0623133,9.4406916,2026-02-15T13:38:33.439347
Sidi Bouzid,192071717,orchard,,35.0630205,9.4405361,2026-02-15T13:38:33.439347
Sidi Bouzid,192071718,farmyard,,35.0581069,9.4432812,2026-02-15T13:38:33.439347
Sidi Bouzid,192071719,orchard,,35.0576013,9.4395133,2026-02-15T13:38:33.439347
Sidi Bouzid,192071720,farmyard,,35.0614614,9.4412627,2026-02-15T13:38:33.439347
Sidi Bouzid,192071721,farmland,,35.0563069,9.4436917,2026-02-15T13:38:33.439347
Sidi Bouzid,192071722,orchard,,35.0568736,9.4400613,2026-02-15T13:38:33.439347
Sidi Bouzid,192071723,orchard,,35.0627986,9.4398279,2026-02-15T13:38:33.439347
Sidi Bouzid,192071724,farmyard,,35.060325,9.4344402,2026-02-15T13:38:33.439347
Sidi Bouzid,192071725,meadow,,35.0597404,9.4312983,2026-02-15T13:38:33.439347
Sidi Bouzid,192071726,farmyard,,35.0576064,9.4410516,2026-02-15T13:38:33.439347
Sidi Bouzid,192071727,farmland,,35.0600786,9.4423304,2026-02-15T13:38:33.439347
Sidi Bouzid,192071729,farmyard,,35.0562055,9.4429956,2026-02-15T13:38:33.439347
Sidi Bouzid,192123844,farmland,,35.0570746,9.4593255,2026-02-15T13:38:33.439347
Sidi Bouzid,192123845,orchard,,35.0555501,9.4601796,2026-02-15T13:38:33.439347
Sidi Bouzid,192130280,farmyard,,35.0572725,9.4482261,2026-02-15T13:38:33.439347
Sidi Bouzid,192130282,farmland,,35.0578728,9.456962,2026-02-15T13:38:33.439347
Sidi Bouzid,192130283,farmyard,,35.0553184,9.4493499,2026-02-15T13:38:33.439347
Sidi Bouzid,192130285,orchard,,35.0551442,9.4475876,2026-02-15T13:38:33.439347
Sidi Bouzid,192130291,residential,,35.0571531,9.4505688,2026-02-15T13:38:33.439347
Sidi Bouzid,192130297,farmyard,,35.0543384,9.4479391,2026-02-15T13:38:33.439347
Sidi Bouzid,192130299,farmyard,,35.0543384,9.4479391,2026-02-15T13:38:33.439347
Sidi Bouzid,192130300,farmland,,35.055999,9.4556919,2026-02-15T13:38:33.439347
Sidi Bouzid,192130302,orchard,,35.0583123,9.4583027,2026-02-15T13:38:33.439347
Sidi Bouzid,192130303,orchard,,35.0581222,9.4488054,2026-02-15T13:38:33.439347
Sidi Bouzid,192130304,farmland,,35.0563452,9.4490095,2026-02-15T13:38:33.439347
Sidi Bouzid,192130305,farmyard,,35.0581082,9.4578682,2026-02-15T13:38:33.439347
Sidi Bouzid,192130306,orchard,,35.0558092,9.4537353,2026-02-15T13:38:33.439347
Sidi Bouzid,192130307,farmyard,,35.0559817,9.4565399,2026-02-15T13:38:33.439347
Sidi Bouzid,192132802,orchard,,35.0566594,9.4561765,2026-02-15T13:38:33.439347
Sidi Bouzid,192132807,farmyard,,35.0566343,9.4553767,2026-02-15T13:38:33.439347
Sidi Bouzid,192132810,farmyard,,35.0573749,9.4535988,2026-02-15T13:38:33.439347
Sidi Bouzid,192132812,farmyard,,35.0583451,9.4558402,2026-02-15T13:38:33.439347
Sidi Bouzid,192132814,orchard,,35.0580884,9.4561364,2026-02-15T13:38:33.439347
Sidi Bouzid,192132817,farmyard,,35.0584356,9.453797,2026-02-15T13:38:33.439347
Sidi Bouzid,192132820,farmland,,35.0593934,9.4545883,2026-02-15T13:38:33.439347
Sidi Bouzid,192132823,farmyard,,35.0592046,9.4566431,2026-02-15T13:38:33.439347
Sidi Bouzid,192132826,farmyard,,35.0575884,9.455071,2026-02-15T13:38:33.439347
Sidi Bouzid,192132828,farmland,,35.0566972,9.4560125,2026-02-15T13:38:33.439347
Sidi Bouzid,192132829,farmyard,,35.0585499,9.4569727,2026-02-15T13:38:33.439347
Sidi Bouzid,192132832,orchard,,35.0587589,9.4547277,2026-02-15T13:38:33.439347
Sidi Bouzid,192132834,farmland,,35.059105,9.4570727,2026-02-15T13:38:33.439347
Sidi Bouzid,192132836,orchard,,35.0594629,9.4563757,2026-02-15T13:38:33.439347
Sidi Bouzid,192146611,orchard,,35.0603257,9.4548805,2026-02-15T13:38:33.439347
Sidi Bouzid,192146612,farmyard,,35.0595588,9.4555085,2026-02-15T13:38:33.439347
Sidi Bouzid,192146613,farmland,,35.0605402,9.455319,2026-02-15T13:38:33.439347
Sidi Bouzid,192146614,farmyard,,35.0599044,9.4565033,2026-02-15T13:38:33.439347
Sidi Bouzid,192146615,farmland,,35.0597517,9.4560155,2026-02-15T13:38:33.439347
Sidi Bouzid,192146616,orchard,,35.0594873,9.4539507,2026-02-15T13:38:33.439347
Sidi Bouzid,192146617,farmland,,35.0601727,9.4545521,2026-02-15T13:38:33.439347
Sidi Bouzid,192163097,farmland,,35.0556145,9.4407375,2026-02-15T13:38:33.439347
Sidi Bouzid,192230833,meadow,,35.0521439,9.462721,2026-02-15T13:38:33.439347
Sidi Bouzid,192230834,meadow,,35.0518073,9.4532167,2026-02-15T13:38:33.439347
Sidi Bouzid,192230835,farmland,,35.0613582,9.4709689,2026-02-15T13:38:33.439347
Sidi Bouzid,192230836,meadow,,35.0561044,9.4717329,2026-02-15T13:38:33.439347
Sidi Bouzid,192230837,orchard,,35.0567445,9.4723285,2026-02-15T13:38:33.439347
Sidi Bouzid,192230838,farmland,,35.0592842,9.462088,2026-02-15T13:38:33.439347
Sidi Bouzid,192230840,meadow,,35.0568058,9.4748279,2026-02-15T13:38:33.439347
Sidi Bouzid,192230841,farmyard,,35.0575073,9.4705742,2026-02-15T13:38:33.439347
Sidi Bouzid,192230842,farmyard,,35.0601402,9.4699041,2026-02-15T13:38:33.439347
Sidi Bouzid,192230843,farmyard,,35.0583746,9.4594189,2026-02-15T13:38:33.439347
Sidi Bouzid,192230844,farmland,,35.05733,9.4713079,2026-02-15T13:38:33.439347
Sidi Bouzid,192230845,farmyard,,35.058727,9.4672241,2026-02-15T13:38:33.439347
Sidi Bouzid,192230846,orchard,,35.0556344,9.4696837,2026-02-15T13:38:33.439347
Sidi Bouzid,192230847,farmland,,35.0583611,9.4691311,2026-02-15T13:38:33.439347
Sidi Bouzid,192230848,orchard,,35.0586482,9.4696773,2026-02-15T13:38:33.439347
Sidi Bouzid,192231314,meadow,,35.0439477,9.4478268,2026-02-15T13:38:33.439347
Sidi Bouzid,192231315,meadow,,35.0439992,9.445713,2026-02-15T13:38:33.439347
Sidi Bouzid,192231445,orchard,,35.047177,9.4354345,2026-02-15T13:38:33.439347
Sidi Bouzid,192231446,farmyard,,35.0464688,9.4347559,2026-02-15T13:38:33.439347
Sidi Bouzid,195152617,meadow,,34.972184,9.4136409,2026-02-15T13:38:33.439347
Sidi Bouzid,195340209,meadow,,34.9524556,9.4844517,2026-02-15T13:38:33.439347
Sidi Bouzid,195340214,meadow,,34.9586112,9.5065529,2026-02-15T13:38:33.439347
Sidi Bouzid,195828068,farmland,,35.0613632,9.4817044,2026-02-15T13:38:33.439347
Sidi Bouzid,195828070,farmland,,35.064454,9.4811582,2026-02-15T13:38:33.439347
Sidi Bouzid,195828072,meadow,,35.0588525,9.4802892,2026-02-15T13:38:33.439347
Sidi Bouzid,195851312,orchard,,35.0969052,9.4901079,2026-02-15T13:38:33.439347
Sidi Bouzid,195851314,orchard,,35.0934422,9.4881338,2026-02-15T13:38:33.439347
Sidi Bouzid,195899789,orchard,,35.0588338,9.4515705,2026-02-15T13:38:33.439347
Sidi Bouzid,195899805,farmland,,35.0583669,9.4517717,2026-02-15T13:38:33.439347
Sidi Bouzid,195899808,farmyard,,35.0584669,9.4514287,2026-02-15T13:38:33.439347
Sidi Bouzid,195899811,farmyard,,35.0605508,9.4478877,2026-02-15T13:38:33.439347
Sidi Bouzid,195899813,farmyard,,35.0594091,9.4474532,2026-02-15T13:38:33.439347
Sidi Bouzid,195899814,farmland,,35.0586811,9.4507572,2026-02-15T13:38:33.439347
Sidi Bouzid,195899815,farmyard,,35.0612776,9.4474858,2026-02-15T13:38:33.439347
Sidi Bouzid,195899816,farmyard,,35.0590342,9.4506121,2026-02-15T13:38:33.439347
Sidi Bouzid,195899818,farmland,,35.0626014,9.4496823,2026-02-15T13:38:33.439347
Sidi Bouzid,195899829,farmyard,,35.0585496,9.4522948,2026-02-15T13:38:33.439347
Sidi Bouzid,195899832,farmyard,,35.0610998,9.4460799,2026-02-15T13:38:33.439347
Sidi Bouzid,195997600,farmyard,,35.0602453,9.4443743,2026-02-15T13:38:33.439347
Sidi Bouzid,195997601,farmyard,,35.067727,9.4449994,2026-02-15T13:38:33.439347
Sidi Bouzid,195997604,farmyard,,35.0628976,9.4477538,2026-02-15T13:38:33.439347
Sidi Bouzid,195997607,farmland,,35.0661378,9.4425266,2026-02-15T13:38:33.439347
Sidi Bouzid,195997608,farmland,,35.0639665,9.443149,2026-02-15T13:38:33.439347
Sidi Bouzid,195997609,farmyard,,35.0667678,9.4434251,2026-02-15T13:38:33.439347
Sidi Bouzid,195997612,residential,,35.0615714,9.4427815,2026-02-15T13:38:33.439347
Sidi Bouzid,195997613,farmland,,35.0596425,9.4527646,2026-02-15T13:38:33.439347
Sidi Bouzid,195997615,orchard,,35.0664144,9.4441168,2026-02-15T13:38:33.439347
Sidi Bouzid,195997616,farmyard,,35.0622586,9.4444739,2026-02-15T13:38:33.439347
Sidi Bouzid,195997619,farmyard,,35.0623682,9.4462748,2026-02-15T13:38:33.439347
Sidi Bouzid,195997620,orchard,,35.0593736,9.4532553,2026-02-15T13:38:33.439347
Sidi Bouzid,195997621,orchard,,35.0615341,9.4422208,2026-02-15T13:38:33.439347
Sidi Bouzid,195997623,farmyard,,35.0654485,9.4401559,2026-02-15T13:38:33.439347
Sidi Bouzid,196219187,meadow,,35.063135,9.5837873,2026-02-15T13:38:33.439347
Sidi Bouzid,196219194,meadow,,35.0451147,9.6066323,2026-02-15T13:38:33.439347
Sidi Bouzid,196220235,orchard,,35.0498994,9.5958713,2026-02-15T13:38:33.439347
Sidi Bouzid,196589727,farmland,,35.0595538,9.5329031,2026-02-15T13:38:33.439347
Sidi Bouzid,196589728,meadow,,35.0682049,9.5407207,2026-02-15T13:38:33.439347
Sidi Bouzid,196589729,orchard,,35.0579127,9.5375718,2026-02-15T13:38:33.439347
Sidi Bouzid,196589730,meadow,,35.0565816,9.5338311,2026-02-15T13:38:33.439347
Sidi Bouzid,196589731,farmland,,35.0558306,9.5355103,2026-02-15T13:38:33.439347
Sidi Bouzid,196589732,orchard,,35.0557516,9.5321574,2026-02-15T13:38:33.439347
Sidi Bouzid,196589733,farmland,,35.0562348,9.5326778,2026-02-15T13:38:33.439347
Sidi Bouzid,196589734,farmyard,,35.0603523,9.5359438,2026-02-15T13:38:33.439347
Sidi Bouzid,196589735,farmland,,35.0582979,9.5401742,2026-02-15T13:38:33.439347
Sidi Bouzid,197711799,orchard,,34.9616815,9.4711348,2026-02-15T13:38:33.439347
Sidi Bouzid,197964912,farmyard,,35.0458462,9.5389166,2026-02-15T13:38:33.439347
Sidi Bouzid,197964913,farmland,,35.0461849,9.5378609,2026-02-15T13:38:33.439347
Sidi Bouzid,197964914,farmyard,,35.0466595,9.536578,2026-02-15T13:38:33.439347
Sidi Bouzid,197964916,orchard,,35.0499647,9.5335466,2026-02-15T13:38:33.439347
Sidi Bouzid,198341741,meadow,,35.046559,9.5733295,2026-02-15T13:38:33.439347
Sidi Bouzid,198666886,farmland,,35.0537194,9.539329,2026-02-15T13:38:33.439347
Sidi Bouzid,198666887,farmyard,,35.0483846,9.5375484,2026-02-15T13:38:33.439347
Sidi Bouzid,198666888,farmyard,,35.0538451,9.5382993,2026-02-15T13:38:33.439347
Sidi Bouzid,198667821,farmland,,35.0471933,9.5451676,2026-02-15T13:38:33.439347
Sidi Bouzid,198667824,farmland,,35.0465523,9.5396098,2026-02-15T13:38:33.439347
Sidi Bouzid,198667825,farmyard,,35.0467177,9.5442273,2026-02-15T13:38:33.439347
Sidi Bouzid,198667826,orchard,,35.0465998,9.5412157,2026-02-15T13:38:33.439347
Sidi Bouzid,198667827,farmyard,,35.0463958,9.5413036,2026-02-15T13:38:33.439347
Sidi Bouzid,198667828,residential,,35.0479605,9.545421,2026-02-15T13:38:33.439347
Sidi Bouzid,198667829,farmland,,35.047804,9.5459542,2026-02-15T13:38:33.439347
Sidi Bouzid,198667830,farmyard,,35.0492166,9.540198,2026-02-15T13:38:33.439347
Sidi Bouzid,198667832,farmyard,,35.0480543,9.5420434,2026-02-15T13:38:33.439347
Sidi Bouzid,198667833,farmyard,,35.0476254,9.5384755,2026-02-15T13:38:33.439347
Sidi Bouzid,198667835,farmyard,,35.0486559,9.5428704,2026-02-15T13:38:33.439347
Sidi Bouzid,198667837,farmyard,,35.0478933,9.542984,2026-02-15T13:38:33.439347
Sidi Bouzid,198667839,residential,,35.0483536,9.547049,2026-02-15T13:38:33.439347
Sidi Bouzid,198667840,farmyard,,35.046084,9.5425417,2026-02-15T13:38:33.439347
Sidi Bouzid,198667841,farmyard,,35.0470485,9.5398279,2026-02-15T13:38:33.439347
Sidi Bouzid,198667842,farmyard,,35.049256,9.5395441,2026-02-15T13:38:33.439347
Sidi Bouzid,198667843,farmyard,,35.048085,9.5393785,2026-02-15T13:38:33.439347
Sidi Bouzid,198667844,farmyard,,35.0466301,9.5391194,2026-02-15T13:38:33.439347
Sidi Bouzid,198667845,farmyard,,35.0497611,9.5423605,2026-02-15T13:38:33.439347
Sidi Bouzid,198715883,farmyard,,35.0647671,9.5448221,2026-02-15T13:38:33.439347
Sidi Bouzid,198715884,farmyard,,35.0641687,9.5413424,2026-02-15T13:38:33.439347
Sidi Bouzid,198715885,meadow,,35.0611105,9.5408682,2026-02-15T13:38:33.439347
Sidi Bouzid,198715886,farmyard,,35.0623504,9.5455249,2026-02-15T13:38:33.439347
Sidi Bouzid,198715887,farmyard,,35.063255,9.5454557,2026-02-15T13:38:33.439347
Sidi Bouzid,198715888,orchard,,35.0591336,9.5440604,2026-02-15T13:38:33.439347
Sidi Bouzid,198715889,orchard,,35.061523,9.5428271,2026-02-15T13:38:33.439347
Sidi Bouzid,198716544,meadow,,35.0666271,9.5467164,2026-02-15T13:38:33.439347
Sidi Bouzid,198716546,orchard,,35.0664953,9.5523812,2026-02-15T13:38:33.439347
Sidi Bouzid,198716547,orchard,,35.0670416,9.5557543,2026-02-15T13:38:33.439347
Sidi Bouzid,198716548,farmyard,,35.0655967,9.5453746,2026-02-15T13:38:33.439347
Sidi Bouzid,198716549,farmyard,,35.0676062,9.5500101,2026-02-15T13:38:33.439347
Sidi Bouzid,198716550,orchard,,35.0655117,9.5479794,2026-02-15T13:38:33.439347
Sidi Bouzid,198717720,farmland,,35.0636299,9.5529635,2026-02-15T13:38:33.439347
Sidi Bouzid,198717723,farmland,,35.0592592,9.5514252,2026-02-15T13:38:33.439347
Sidi Bouzid,198717724,meadow,,35.0644844,9.5547736,2026-02-15T13:38:33.439347
Sidi Bouzid,198717725,farmland,,35.0610436,9.549788,2026-02-15T13:38:33.439347
Sidi Bouzid,198717726,orchard,,35.0659474,9.5636894,2026-02-15T13:38:33.439347
Sidi Bouzid,198717727,residential,,35.0648132,9.5631237,2026-02-15T13:38:33.439347
Sidi Bouzid,198717728,farmyard,,35.0686511,9.5586784,2026-02-15T13:38:33.439347
Sidi Bouzid,198717729,farmland,,35.0686029,9.5595623,2026-02-15T13:38:33.439347
Sidi Bouzid,198717730,farmland,,35.0622643,9.5556797,2026-02-15T13:38:33.439347
Sidi Bouzid,198717732,orchard,,35.0612847,9.5465925,2026-02-15T13:38:33.439347
Sidi Bouzid,198717733,orchard,,35.0586857,9.5496233,2026-02-15T13:38:33.439347
Sidi Bouzid,198717734,orchard,,35.0654021,9.5584692,2026-02-15T13:38:33.439347
Sidi Bouzid,198717736,residential,,35.0670145,9.5622303,2026-02-15T13:38:33.439347
Sidi Bouzid,198722473,meadow,,35.0360954,9.5120449,2026-02-15T13:38:33.439347
Sidi Bouzid,201866431,orchard,,35.0473895,9.5387119,2026-02-15T13:38:33.439347
Sidi Bouzid,201866434,orchard,,35.046084,9.5425417,2026-02-15T13:38:33.439347
Sidi Bouzid,202268437,meadow,,35.1321677,9.5272761,2026-02-15T13:38:33.439347
Sidi Bouzid,212472716,orchard,,35.0422899,9.5336071,2026-02-15T13:38:33.439347
Sidi Bouzid,223662858,residential,,35.0305563,9.4579242,2026-02-15T13:38:33.439347
Sidi Bouzid,223667888,residential,,35.031526,9.470112,2026-02-15T13:38:33.439347
Sidi Bouzid,223702850,brownfield,,35.0379886,9.4561404,2026-02-15T13:38:33.439347
Sidi Bouzid,223702852,brownfield,,35.0354082,9.4527057,2026-02-15T13:38:33.439347
Sidi Bouzid,223702853,brownfield,,35.0352504,9.4516918,2026-02-15T13:38:33.439347
Sidi Bouzid,223703308,brownfield,,35.0359967,9.4516221,2026-02-15T13:38:33.439347
Sidi Bouzid,223760608,brownfield,,35.0426871,9.4682918,2026-02-15T13:38:33.439347
Sidi Bouzid,223760991,brownfield,,35.0477319,9.4899051,2026-02-15T13:38:33.439347
Sidi Bouzid,223761020,brownfield,,35.0463328,9.4925883,2026-02-15T13:38:33.439347
Sidi Bouzid,227441759,farmland,,35.0674592,9.4419954,2026-02-15T13:38:33.439347
Sidi Bouzid,227441760,farmland,,35.0684175,9.4454927,2026-02-15T13:38:33.439347
Sidi Bouzid,228429087,meadow,,34.9680785,9.5244259,2026-02-15T13:38:33.439347
Sidi Bouzid,228429089,meadow,,34.967251,9.5052043,2026-02-15T13:38:33.439347
Sidi Bouzid,228430990,meadow,,34.981029,9.5413813,2026-02-15T13:38:33.439347
Sidi Bouzid,228440004,orchard,,34.988857,9.5251483,2026-02-15T13:38:33.439347
Sidi Bouzid,228440005,orchard,,34.9911514,9.5319154,2026-02-15T13:38:33.439347
Sidi Bouzid,231834468,farmyard,,35.0656661,9.4275104,2026-02-15T13:38:33.439347
Sidi Bouzid,231834469,farmyard,,35.0681642,9.4226813,2026-02-15T13:38:33.439347
Sidi Bouzid,231834470,farmyard,,35.0730329,9.4314961,2026-02-15T13:38:33.439347
Sidi Bouzid,231834471,farmyard,,35.069086,9.4211122,2026-02-15T13:38:33.439347
Sidi Bouzid,231834472,farmland,,35.0643538,9.4232883,2026-02-15T13:38:33.439347
Sidi Bouzid,231834473,farmyard,,35.0652935,9.4295434,2026-02-15T13:38:33.439347
Sidi Bouzid,231834474,farmland,,35.0675348,9.4230192,2026-02-15T13:38:33.439347
Sidi Bouzid,231834475,orchard,,35.0654549,9.4307558,2026-02-15T13:38:33.439347
Sidi Bouzid,231834476,farmyard,,35.0657451,9.4231185,2026-02-15T13:38:33.439347
Sidi Bouzid,231834477,farmyard,,35.065429,9.4246836,2026-02-15T13:38:33.439347
Sidi Bouzid,231834478,meadow,,35.0671899,9.4176718,2026-02-15T13:38:33.439347
Sidi Bouzid,231834479,farmyard,,35.0643407,9.4291679,2026-02-15T13:38:33.439347
Sidi Bouzid,231834480,farmyard,,35.068252,9.4267502,2026-02-15T13:38:33.439347
Sidi Bouzid,231834481,farmyard,,35.0720284,9.432054,2026-02-15T13:38:33.439347
Sidi Bouzid,231834482,farmyard,,35.0624263,9.4281111,2026-02-15T13:38:33.439347
Sidi Bouzid,231834484,orchard,,35.0600661,9.427355,2026-02-15T13:38:33.439347
Sidi Bouzid,231834485,farmland,,35.0704613,9.4227668,2026-02-15T13:38:33.439347
Sidi Bouzid,231834487,farmyard,,35.0659126,9.4259763,2026-02-15T13:38:33.439347
Sidi Bouzid,231834490,farmyard,,35.0673747,9.4299779,2026-02-15T13:38:33.439347
Sidi Bouzid,231834491,orchard,,35.067875,9.4216723,2026-02-15T13:38:33.439347
Sidi Bouzid,231834492,farmyard,,35.0696181,9.4310278,2026-02-15T13:38:33.439347
Sidi Bouzid,231834699,meadow,,35.073321,9.4230721,2026-02-15T13:38:33.439347
Sidi Bouzid,231834700,farmland,,35.0694879,9.4283338,2026-02-15T13:38:33.439347
Sidi Bouzid,231835230,farmland,,35.0646042,9.4280936,2026-02-15T13:38:33.439347
Sidi Bouzid,231835231,farmyard,,35.078472,9.4367089,2026-02-15T13:38:33.439347
Sidi Bouzid,231835232,meadow,,35.0827946,9.4277432,2026-02-15T13:38:33.439347
Sidi Bouzid,231835233,meadow,,35.0818803,9.427221,2026-02-15T13:38:33.439347
Sidi Bouzid,231835238,meadow,,35.0696898,9.4252665,2026-02-15T13:38:33.439347
Sidi Bouzid,231835239,orchard,,35.0652523,9.4263074,2026-02-15T13:38:33.439347
Sidi Bouzid,231911332,farmland,,35.0448233,9.5099972,2026-02-15T13:38:33.439347
Sidi Bouzid,231911333,landfill,,35.0459884,9.5084183,2026-02-15T13:38:33.439347
Sidi Bouzid,231970321,farmyard,,35.0712221,9.4171708,2026-02-15T13:38:33.439347
Sidi Bouzid,231970322,orchard,,35.070816,9.4154887,2026-02-15T13:38:33.439347
Sidi Bouzid,231970323,orchard,,35.0710254,9.4318524,2026-02-15T13:38:33.439347
Sidi Bouzid,231970324,farmland,,35.0714967,9.4206746,2026-02-15T13:38:33.439347
Sidi Bouzid,231970325,farmland,,35.0730943,9.4330655,2026-02-15T13:38:33.439347
Sidi Bouzid,231970326,farmyard,,35.0674793,9.4136847,2026-02-15T13:38:33.439347
Sidi Bouzid,231970327,orchard,,35.069111,9.4301426,2026-02-15T13:38:33.439347
Sidi Bouzid,231970328,orchard,,35.0687677,9.4131743,2026-02-15T13:38:33.439347
Sidi Bouzid,231970329,meadow,,35.0675373,9.4115616,2026-02-15T13:38:33.439347
Sidi Bouzid,231970330,farmyard,,35.0701266,9.4194408,2026-02-15T13:38:33.439347
Sidi Bouzid,231970331,farmland,,35.0692592,9.4169409,2026-02-15T13:38:33.439347
Sidi Bouzid,232015023,farmland,,35.0760883,9.5206244,2026-02-15T13:38:33.439347
Sidi Bouzid,232015024,farmyard,,35.0678037,9.4947355,2026-02-15T13:38:33.439347
Sidi Bouzid,232015025,farmyard,,35.0615702,9.4936308,2026-02-15T13:38:33.439347
Sidi Bouzid,232015026,meadow,,35.0677881,9.4964638,2026-02-15T13:38:33.439347
Sidi Bouzid,232015027,meadow,,35.0693888,9.4932084,2026-02-15T13:38:33.439347
Sidi Bouzid,232015028,farmyard,,35.0590295,9.4901381,2026-02-15T13:38:33.439347
Sidi Bouzid,232015029,meadow,,35.0597335,9.4948751,2026-02-15T13:38:33.439347
Sidi Bouzid,232015089,residential,,35.0565786,9.5296256,2026-02-15T13:38:33.439347
Sidi Bouzid,232015935,farmland,,35.0582998,9.5312938,2026-02-15T13:38:33.439347
Sidi Bouzid,232015937,residential,,35.0560195,9.5320089,2026-02-15T13:38:33.439347
Sidi Bouzid,232015938,residential,,35.0579692,9.53249,2026-02-15T13:38:33.439347
Sidi Bouzid,232015939,farmland,,35.0585225,9.5335871,2026-02-15T13:38:33.439347
Sidi Bouzid,232042203,meadow,,35.0469713,9.5272664,2026-02-15T13:38:33.439347
Sidi Bouzid,232042204,farmland,,35.0510894,9.528109,2026-02-15T13:38:33.439347
Sidi Bouzid,232042205,meadow,,35.0457336,9.5264093,2026-02-15T13:38:33.439347
Sidi Bouzid,232042211,cemetery,,35.04603,9.5271095,2026-02-15T13:38:33.439347
Sidi Bouzid,232042213,farmland,,35.0476304,9.5286757,2026-02-15T13:38:33.439347
Sidi Bouzid,232042215,orchard,,35.0517595,9.5271633,2026-02-15T13:38:33.439347
Sidi Bouzid,232069445,farmyard,,35.0609679,9.5278824,2026-02-15T13:38:33.439347
Sidi Bouzid,232069446,farmyard,,35.0610468,9.5251543,2026-02-15T13:38:33.439347
Sidi Bouzid,232069447,orchard,,35.0583714,9.5283421,2026-02-15T13:38:33.439347
Sidi Bouzid,232069449,farmyard,,35.0590139,9.5275439,2026-02-15T13:38:33.439347
Sidi Bouzid,232069450,farmyard,,35.0594793,9.5224745,2026-02-15T13:38:33.439347
Sidi Bouzid,232069451,farmyard,,35.0626642,9.5263799,2026-02-15T13:38:33.439347
Sidi Bouzid,232069452,farmyard,,35.0597793,9.5283568,2026-02-15T13:38:33.439347
Sidi Bouzid,232069453,meadow,,35.0635072,9.5289165,2026-02-15T13:38:33.439347
Sidi Bouzid,232069455,farmyard,,35.0606649,9.5304865,2026-02-15T13:38:33.439347
Sidi Bouzid,232069456,farmyard,,35.0642805,9.5259731,2026-02-15T13:38:33.439347
Sidi Bouzid,232069458,farmyard,,35.0651639,9.5298887,2026-02-15T13:38:33.439347
Sidi Bouzid,232069459,farmyard,,35.0602957,9.5274452,2026-02-15T13:38:33.439347
Sidi Bouzid,232069460,farmyard,,35.0596594,9.5236493,2026-02-15T13:38:33.439347
Sidi Bouzid,232069461,orchard,,35.0587109,9.5239229,2026-02-15T13:38:33.439347
Sidi Bouzid,232069462,farmland,,35.0554128,9.5255965,2026-02-15T13:38:33.439347
Sidi Bouzid,232070321,farmyard,,35.0540406,9.5285948,2026-02-15T13:38:33.439347
Sidi Bouzid,232070323,farmland,,35.0604536,9.5255387,2026-02-15T13:38:33.439347
Sidi Bouzid,232070324,meadow,,35.0542072,9.5283973,2026-02-15T13:38:33.439347
Sidi Bouzid,232070326,orchard,,35.0598878,9.5256825,2026-02-15T13:38:33.439347
Sidi Bouzid,232070328,farmyard,,35.0529864,9.5265178,2026-02-15T13:38:33.439347
Sidi Bouzid,232070329,farmyard,,35.0537,9.5277319,2026-02-15T13:38:33.439347
Sidi Bouzid,232070330,meadow,,35.0537931,9.530421,2026-02-15T13:38:33.439347
Sidi Bouzid,232070331,meadow,,35.0488887,9.525628,2026-02-15T13:38:33.439347
Sidi Bouzid,232070332,meadow,,35.0540788,9.5291745,2026-02-15T13:38:33.439347
Sidi Bouzid,232070333,brownfield,,35.0496773,9.5240308,2026-02-15T13:38:33.439347
Sidi Bouzid,232070334,meadow,,35.0500749,9.5186088,2026-02-15T13:38:33.439347
Sidi Bouzid,232070335,meadow,,35.0471478,9.5260611,2026-02-15T13:38:33.439347
Sidi Bouzid,232071454,farmyard,,35.0505859,9.5359037,2026-02-15T13:38:33.439347
Sidi Bouzid,232071455,farmyard,,35.0497866,9.5304428,2026-02-15T13:38:33.439347
Sidi Bouzid,232071456,farmland,,35.0426665,9.5280525,2026-02-15T13:38:33.439347
Sidi Bouzid,232071457,farmyard,,35.0428357,9.5283904,2026-02-15T13:38:33.439347
Sidi Bouzid,232071458,farmyard,,35.0471714,9.5297723,2026-02-15T13:38:33.439347
Sidi Bouzid,232071460,farmyard,,35.0422188,9.5318968,2026-02-15T13:38:33.439347
Sidi Bouzid,232071462,farmyard,,35.0528432,9.5363409,2026-02-15T13:38:33.439347
Sidi Bouzid,232071463,farmyard,,35.0449008,9.5352439,2026-02-15T13:38:33.439347
Sidi Bouzid,232071464,farmyard,,35.048636,9.532535,2026-02-15T13:38:33.439347
Sidi Bouzid,232071466,residential,,35.0455414,9.5315353,2026-02-15T13:38:33.439347
Sidi Bouzid,232071467,residential,,35.0528519,9.5352627,2026-02-15T13:38:33.439347
Sidi Bouzid,232071468,farmland,,35.0435225,9.5275263,2026-02-15T13:38:33.439347
Sidi Bouzid,232071469,farmyard,,35.0481596,9.534745,2026-02-15T13:38:33.439347
Sidi Bouzid,232071470,farmland,,35.0425204,9.5297508,2026-02-15T13:38:33.439347
Sidi Bouzid,232071471,farmyard,,35.0518133,9.5338787,2026-02-15T13:38:33.439347
Sidi Bouzid,232071472,meadow,,35.0418954,9.5287567,2026-02-15T13:38:33.439347
Sidi Bouzid,232071473,farmyard,,35.0471582,9.5325027,2026-02-15T13:38:33.439347
Sidi Bouzid,232071474,residential,,35.0450968,9.5310565,2026-02-15T13:38:33.439347
Sidi Bouzid,232071475,farmyard,,35.0486888,9.5295898,2026-02-15T13:38:33.439347
Sidi Bouzid,232072375,farmyard,,35.0183623,9.5393956,2026-02-15T13:38:33.439347
Sidi Bouzid,232072376,orchard,,35.0178373,9.5360481,2026-02-15T13:38:33.439347
Sidi Bouzid,232072377,industrial,,35.0153594,9.535886,2026-02-15T13:38:33.439347
Sidi Bouzid,232072378,farmyard,,35.0175489,9.5419034,2026-02-15T13:38:33.439347
Sidi Bouzid,232072379,farmyard,,35.0162374,9.5372686,2026-02-15T13:38:33.439347
Sidi Bouzid,232072380,orchard,,35.0289561,9.5558616,2026-02-15T13:38:33.439347
Sidi Bouzid,232072391,farmland,,35.0177008,9.5372542,2026-02-15T13:38:33.439347
Sidi Bouzid,232072394,farmyard,,35.0175489,9.5391475,2026-02-15T13:38:33.439347
Sidi Bouzid,232072405,industrial,,35.0161408,9.5414044,2026-02-15T13:38:33.439347
Sidi Bouzid,232072407,farmyard,,35.0155886,9.5364735,2026-02-15T13:38:33.439347
Sidi Bouzid,232072558,residential,,35.0354836,9.5329973,2026-02-15T13:38:33.439347
Sidi Bouzid,232072559,residential,,35.0366736,9.5354835,2026-02-15T13:38:33.439347
Sidi Bouzid,232072560,orchard,,35.0365217,9.5329195,2026-02-15T13:38:33.439347
Sidi Bouzid,232072561,orchard,,35.03584,9.5323038,2026-02-15T13:38:33.439347
Sidi Bouzid,232072562,farmland,,35.0351773,9.5341426,2026-02-15T13:38:33.439347
Sidi Bouzid,232073503,orchard,,35.0328939,9.5370981,2026-02-15T13:38:33.439347
Sidi Bouzid,232127463,farmland,,35.0292953,9.5149299,2026-02-15T13:38:33.439347
Sidi Bouzid,232127466,residential,,35.0231771,9.4981516,2026-02-15T13:38:33.439347
Sidi Bouzid,232127471,residential,,35.028472,9.513261,2026-02-15T13:38:33.439347
Sidi Bouzid,232127472,residential,,35.0246285,9.5072444,2026-02-15T13:38:33.439347
Sidi Bouzid,232127473,farmyard,,35.0293612,9.5135257,2026-02-15T13:38:33.439347
Sidi Bouzid,232127474,residential,,35.0232269,9.506388,2026-02-15T13:38:33.439347
Sidi Bouzid,232127476,residential,,35.0288824,9.515707,2026-02-15T13:38:33.439347
Sidi Bouzid,232127479,meadow,,35.0270919,9.5015697,2026-02-15T13:38:33.439347
Sidi Bouzid,232127480,farmland,,35.0250808,9.5066014,2026-02-15T13:38:33.439347
Sidi Bouzid,232127482,brownfield,,35.0222606,9.4996934,2026-02-15T13:38:33.439347
Sidi Bouzid,232127483,residential,,35.0243769,9.5061011,2026-02-15T13:38:33.439347
Sidi Bouzid,232128357,meadow,,34.9990493,9.5092957,2026-02-15T13:38:33.439347
Sidi Bouzid,232128358,meadow,,35.0030981,9.5059303,2026-02-15T13:38:33.439347
Sidi Bouzid,232128360,meadow,,34.9967037,9.5108176,2026-02-15T13:38:33.439347
Sidi Bouzid,232128361,farmland,,34.9992495,9.5103882,2026-02-15T13:38:33.439347
Sidi Bouzid,232128362,meadow,,34.9928457,9.5111786,2026-02-15T13:38:33.439347
Sidi Bouzid,232128366,farmland,,35.0008565,9.5079529,2026-02-15T13:38:33.439347
Sidi Bouzid,232128369,meadow,,35.0022548,9.5075609,2026-02-15T13:38:33.439347
Sidi Bouzid,232128370,farmyard,,34.9987677,9.5121368,2026-02-15T13:38:33.439347
Sidi Bouzid,232128372,farmland,,35.002497,9.5075846,2026-02-15T13:38:33.439347
Sidi Bouzid,232128373,meadow,,35.0041984,9.5066554,2026-02-15T13:38:33.439347
Sidi Bouzid,232128932,residential,,34.9952838,9.498002,2026-02-15T13:38:33.439347
Sidi Bouzid,232128933,farmyard,,34.9920988,9.5064305,2026-02-15T13:38:33.439347
Sidi Bouzid,232128934,farmyard,,34.9907218,9.5131752,2026-02-15T13:38:33.439347
Sidi Bouzid,232128936,farmyard,,34.9937578,9.5064332,2026-02-15T13:38:33.439347
Sidi Bouzid,232129421,farmland,,35.0549572,9.5041508,2026-02-15T13:38:33.439347
Sidi Bouzid,232129423,meadow,,35.0548704,9.5008349,2026-02-15T13:38:33.439347
Sidi Bouzid,232129424,farmyard,,35.0553644,9.5005477,2026-02-15T13:38:33.439347
Sidi Bouzid,232131258,orchard,,35.0688758,9.4371475,2026-02-15T13:38:33.439347
Sidi Bouzid,232131259,orchard,,35.0627054,9.4351066,2026-02-15T13:38:33.439347
Sidi Bouzid,232131260,farmyard,,35.0620725,9.4324494,2026-02-15T13:38:33.439347
Sidi Bouzid,232131262,farmland,,35.0679791,9.4385187,2026-02-15T13:38:33.439347
Sidi Bouzid,232131264,farmland,,35.0626247,9.4349707,2026-02-15T13:38:33.439347
Sidi Bouzid,232131267,farmyard,,35.0644694,9.4395382,2026-02-15T13:38:33.439347
Sidi Bouzid,232131268,farmyard,,35.0677398,9.4365111,2026-02-15T13:38:33.439347
Sidi Bouzid,232131269,farmyard,,35.0666669,9.4384841,2026-02-15T13:38:33.439347
Sidi Bouzid,232131270,farmland,,35.0682379,9.4371299,2026-02-15T13:38:33.439347
Sidi Bouzid,232131271,orchard,,35.0673873,9.4398012,2026-02-15T13:38:33.439347
Sidi Bouzid,232131272,farmyard,,35.0649854,9.437698,2026-02-15T13:38:33.439347
Sidi Bouzid,232131273,farmyard,,35.0666471,9.4380362,2026-02-15T13:38:33.439347
Sidi Bouzid,232131274,farmland,,35.0663259,9.4381425,2026-02-15T13:38:33.439347
Sidi Bouzid,232131275,farmland,,35.0644188,9.437796,2026-02-15T13:38:33.439347
Sidi Bouzid,232131276,farmyard,,35.0636679,9.4380828,2026-02-15T13:38:33.439347
Sidi Bouzid,232131277,farmland,,35.0662513,9.4354262,2026-02-15T13:38:33.439347
Sidi Bouzid,232131278,orchard,,35.066604,9.4366491,2026-02-15T13:38:33.439347
Sidi Bouzid,232131279,farmyard,,35.0657852,9.4388286,2026-02-15T13:38:33.439347
Sidi Bouzid,232131280,farmyard,,35.0671722,9.4374648,2026-02-15T13:38:33.439347
Sidi Bouzid,232131281,farmyard,,35.0683545,9.4380468,2026-02-15T13:38:33.439347
Sidi Bouzid,232174353,farmyard,,35.0742405,9.4386745,2026-02-15T13:38:33.439347
Sidi Bouzid,232174354,meadow,,35.0649681,9.4315164,2026-02-15T13:38:33.439347
Sidi Bouzid,232174355,farmland,,35.0703636,9.4343768,2026-02-15T13:38:33.439347
Sidi Bouzid,232174356,farmyard,,35.0713013,9.4393576,2026-02-15T13:38:33.439347
Sidi Bouzid,232174357,farmyard,,35.0706537,9.4369426,2026-02-15T13:38:33.439347
Sidi Bouzid,232174358,farmland,,35.0762207,9.436061,2026-02-15T13:38:33.439347
Sidi Bouzid,232174359,meadow,,35.0674161,9.4333462,2026-02-15T13:38:33.439347
Sidi Bouzid,232174360,orchard,,35.0702902,9.4348401,2026-02-15T13:38:33.439347
Sidi Bouzid,232174361,farmyard,,35.0697909,9.4350777,2026-02-15T13:38:33.439347
Sidi Bouzid,232174362,farmyard,,35.069986,9.4398386,2026-02-15T13:38:33.439347
Sidi Bouzid,232174363,meadow,,35.0730655,9.4360919,2026-02-15T13:38:33.439347
Sidi Bouzid,232174364,orchard,,35.0701506,9.442285,2026-02-15T13:38:33.439347
Sidi Bouzid,232174365,orchard,,35.0735777,9.4386619,2026-02-15T13:38:33.439347
Sidi Bouzid,232174366,orchard,,35.0751313,9.434924,2026-02-15T13:38:33.439347
Sidi Bouzid,232174367,orchard,,35.0706243,9.4399244,2026-02-15T13:38:33.439347
Sidi Bouzid,232174368,farmyard,,35.0687987,9.4351018,2026-02-15T13:38:33.439347
Sidi Bouzid,232174369,meadow,,35.0702314,9.4442346,2026-02-15T13:38:33.439347
Sidi Bouzid,232174371,farmyard,,35.0746208,9.4341673,2026-02-15T13:38:33.439347
Sidi Bouzid,232174373,orchard,,35.0697501,9.4404832,2026-02-15T13:38:33.439347
Sidi Bouzid,232174374,farmland,,35.0690377,9.4354267,2026-02-15T13:38:33.439347
Sidi Bouzid,232174375,farmland,,35.0723179,9.4401595,2026-02-15T13:38:33.439347
Sidi Bouzid,232175468,orchard,,35.0609258,9.4682541,2026-02-15T13:38:33.439347
Sidi Bouzid,232175469,farmland,,35.0600994,9.4719556,2026-02-15T13:38:33.439347
Sidi Bouzid,232175470,orchard,,35.0602159,9.4734092,2026-02-15T13:38:33.439347
Sidi Bouzid,232175471,farmland,,35.0623947,9.4742513,2026-02-15T13:38:33.439347
Sidi Bouzid,232175472,residential,,35.0591433,9.4741871,2026-02-15T13:38:33.439347
Sidi Bouzid,232175473,farmyard,,35.0636306,9.4680609,2026-02-15T13:38:33.439347
Sidi Bouzid,232175474,orchard,,35.0595523,9.4639517,2026-02-15T13:38:33.439347
Sidi Bouzid,232175475,farmyard,,35.0628556,9.4680207,2026-02-15T13:38:33.439347
Sidi Bouzid,232175476,farmyard,,35.061523,9.4674778,2026-02-15T13:38:33.439347
Sidi Bouzid,232175477,farmyard,,35.0597668,9.4723987,2026-02-15T13:38:33.439347
Sidi Bouzid,232175478,brownfield,,35.0610888,9.4639651,2026-02-15T13:38:33.439347
Sidi Bouzid,232175480,residential,,35.0632488,9.4664952,2026-02-15T13:38:33.439347
Sidi Bouzid,232175887,meadow,,35.0579357,9.496399,2026-02-15T13:38:33.439347
Sidi Bouzid,232175888,farmyard,,35.0596612,9.4996937,2026-02-15T13:38:33.439347
Sidi Bouzid,232175889,meadow,,35.0601674,9.4995094,2026-02-15T13:38:33.439347
Sidi Bouzid,232175890,farmyard,,35.0608846,9.5030276,2026-02-15T13:38:33.439347
Sidi Bouzid,232175891,farmyard,,35.0600908,9.5013762,2026-02-15T13:38:33.439347
Sidi Bouzid,232177099,farmyard,,35.052017,9.5236763,2026-02-15T13:38:33.439347
Sidi Bouzid,232177100,farmyard,,35.0529225,9.5223577,2026-02-15T13:38:33.439347
Sidi Bouzid,232177101,orchard,,35.0523427,9.5230844,2026-02-15T13:38:33.439347
Sidi Bouzid,232177102,farmland,,35.0527801,9.5252922,2026-02-15T13:38:33.439347
Sidi Bouzid,232177103,farmyard,,35.0527163,9.5242943,2026-02-15T13:38:33.439347
Sidi Bouzid,232178486,farmland,,35.0754605,9.5080246,2026-02-15T13:38:33.439347
Sidi Bouzid,232178487,farmyard,,35.0706186,9.5001463,2026-02-15T13:38:33.439347
Sidi Bouzid,232204985,meadow,,35.0611574,9.4925643,2026-02-15T13:38:33.439347
Sidi Bouzid,232204986,farmland,,35.0661288,9.4881855,2026-02-15T13:38:33.439347
Sidi Bouzid,232205261,landfill,,35.04912,9.5078931,2026-02-15T13:38:33.439347
Sidi Bouzid,232205262,residential,,35.0477656,9.4959085,2026-02-15T13:38:33.439347
Sidi Bouzid,232360096,farmyard,,35.0667183,9.471661,2026-02-15T13:38:33.439347
Sidi Bouzid,232360097,orchard,,35.066565,9.4726259,2026-02-15T13:38:33.439347
Sidi Bouzid,232360098,orchard,,35.0631956,9.4641755,2026-02-15T13:38:33.439347
Sidi Bouzid,232360100,orchard,,35.0648136,9.4645981,2026-02-15T13:38:33.439347
Sidi Bouzid,232360101,farmyard,,35.0661231,9.4725969,2026-02-15T13:38:33.439347
Sidi Bouzid,232360102,residential,,35.0652242,9.4604223,2026-02-15T13:38:33.439347
Sidi Bouzid,232360103,farmland,,35.0629912,9.4635206,2026-02-15T13:38:33.439347
Sidi Bouzid,232360104,orchard,,35.0664278,9.4706116,2026-02-15T13:38:33.439347
Sidi Bouzid,232360105,farmland,,35.0597482,9.4662558,2026-02-15T13:38:33.439347
Sidi Bouzid,232360106,residential,,35.063485,9.4589739,2026-02-15T13:38:33.439347
Sidi Bouzid,232360107,orchard,,35.0647499,9.4618384,2026-02-15T13:38:33.439347
Sidi Bouzid,232366812,farmyard,,35.0669802,9.4662289,2026-02-15T13:38:33.439347
Sidi Bouzid,232366813,farmyard,,35.0665506,9.4591804,2026-02-15T13:38:33.439347
Sidi Bouzid,232366814,farmyard,,35.0662101,9.4672427,2026-02-15T13:38:33.439347
Sidi Bouzid,232366817,farmyard,,35.0658451,9.4598106,2026-02-15T13:38:33.439347
Sidi Bouzid,232366818,farmyard,,35.0665792,9.4583327,2026-02-15T13:38:33.439347
Sidi Bouzid,232366819,farmland,,35.0654903,9.4576459,2026-02-15T13:38:33.439347
Sidi Bouzid,232366821,farmland,,35.0662452,9.4631928,2026-02-15T13:38:33.439347
Sidi Bouzid,232367514,orchard,,35.0711256,9.4565497,2026-02-15T13:38:33.439347
Sidi Bouzid,232367515,farmyard,,35.0708676,9.459941,2026-02-15T13:38:33.439347
Sidi Bouzid,232367516,farmyard,,35.0652921,9.4518696,2026-02-15T13:38:33.439347
Sidi Bouzid,232367517,farmyard,,35.0696318,9.4511199,2026-02-15T13:38:33.439347
Sidi Bouzid,232367518,orchard,,35.0642646,9.4523933,2026-02-15T13:38:33.439347
Sidi Bouzid,232367519,meadow,,35.069586,9.4481939,2026-02-15T13:38:33.439347
Sidi Bouzid,232367520,farmyard,,35.0693189,9.4588537,2026-02-15T13:38:33.439347
Sidi Bouzid,232367522,farmland,,35.0665238,9.4548789,2026-02-15T13:38:33.439347
Sidi Bouzid,232367523,farmland,,35.0688398,9.4545853,2026-02-15T13:38:33.439347
Sidi Bouzid,232367524,farmland,,35.069255,9.4508386,2026-02-15T13:38:33.439347
Sidi Bouzid,232367525,farmyard,,35.0704923,9.4587473,2026-02-15T13:38:33.439347
Sidi Bouzid,232367526,farmland,,35.0676664,9.4481625,2026-02-15T13:38:33.439347
Sidi Bouzid,232367527,farmyard,,35.0705789,9.4559408,2026-02-15T13:38:33.439347
Sidi Bouzid,232367530,farmland,,35.0690182,9.4470664,2026-02-15T13:38:33.439347
Sidi Bouzid,232367531,farmland,,35.0702983,9.4578398,2026-02-15T13:38:33.439347
Sidi Bouzid,232368292,meadow,,35.0690613,9.4657711,2026-02-15T13:38:33.439347
Sidi Bouzid,232368293,farmyard,,35.0667965,9.4616535,2026-02-15T13:38:33.439347
Sidi Bouzid,232368294,meadow,,35.071694,9.4638312,2026-02-15T13:38:33.439347
Sidi Bouzid,232368295,farmyard,,35.0710465,9.4681735,2026-02-15T13:38:33.439347
Sidi Bouzid,232368296,farmyard,,35.071801,9.4704918,2026-02-15T13:38:33.439347
Sidi Bouzid,232368297,farmyard,,35.0667756,9.4630147,2026-02-15T13:38:33.439347
Sidi Bouzid,232368298,farmland,,35.0713036,9.4658248,2026-02-15T13:38:33.439347
Sidi Bouzid,232368299,orchard,,35.0700974,9.4692656,2026-02-15T13:38:33.439347
Sidi Bouzid,232368301,farmyard,,35.0710614,9.4686777,2026-02-15T13:38:33.439347
Sidi Bouzid,232368302,farmyard,,35.0672745,9.4644318,2026-02-15T13:38:33.439347
Sidi Bouzid,232368303,orchard,,35.070062,9.4622646,2026-02-15T13:38:33.439347
Sidi Bouzid,232368304,farmland,,35.0684959,9.4625516,2026-02-15T13:38:33.439347
Sidi Bouzid,232368305,orchard,,35.0669019,9.4632713,2026-02-15T13:38:33.439347
Sidi Bouzid,232368685,orchard,,35.0710591,9.4672079,2026-02-15T13:38:33.439347
Sidi Bouzid,232368686,farmyard,,35.070445,9.4670865,2026-02-15T13:38:33.439347
Sidi Bouzid,232368687,farmland,,35.0704231,9.4691372,2026-02-15T13:38:33.439347
Sidi Bouzid,232368688,farmyard,,35.0707102,9.4710953,2026-02-15T13:38:33.439347
Sidi Bouzid,232368690,meadow,,35.0712206,9.4692543,2026-02-15T13:38:33.439347
Sidi Bouzid,232368691,farmland,,35.0709999,9.4705065,2026-02-15T13:38:33.439347
Sidi Bouzid,232369252,farmland,,35.0691443,9.4695582,2026-02-15T13:38:33.439347
Sidi Bouzid,232369256,farmyard,,35.0651885,9.4636708,2026-02-15T13:38:33.439347
Sidi Bouzid,232369259,farmyard,,35.0678085,9.4685446,2026-02-15T13:38:33.439347
Sidi Bouzid,232369260,orchard,,35.0691542,9.4708843,2026-02-15T13:38:33.439347
Sidi Bouzid,232369261,farmland,,35.0681922,9.4704837,2026-02-15T13:38:33.439347
Sidi Bouzid,232369262,farmyard,,35.0673224,9.4730099,2026-02-15T13:38:33.439347
Sidi Bouzid,232369263,farmland,,35.0668415,9.4679001,2026-02-15T13:38:33.439347
Sidi Bouzid,232369264,farmyard,,35.0687293,9.4694226,2026-02-15T13:38:33.439347
Sidi Bouzid,232369628,farmland,,35.0712212,9.4664434,2026-02-15T13:38:33.439347
Sidi Bouzid,232369629,farmland,,35.0711168,9.4662864,2026-02-15T13:38:33.439347
Sidi Bouzid,232384117,farmland,,35.0825896,9.4730844,2026-02-15T13:38:33.439347
Sidi Bouzid,232384137,farmyard,,35.0686878,9.4737745,2026-02-15T13:38:33.439347
Sidi Bouzid,232384143,meadow,,35.0790655,9.4675618,2026-02-15T13:38:33.439347
Sidi Bouzid,232384150,farmyard,,35.0727566,9.4728357,2026-02-15T13:38:33.439347
Sidi Bouzid,232384154,farmyard,,35.0705636,9.4759303,2026-02-15T13:38:33.439347
Sidi Bouzid,232384157,farmland,,35.0665847,9.4747109,2026-02-15T13:38:33.439347
Sidi Bouzid,232384766,residential,,35.0797038,9.4629918,2026-02-15T13:38:33.439347
Sidi Bouzid,232384769,industrial,,35.0874628,9.4664946,2026-02-15T13:38:33.439347
Sidi Bouzid,232384771,farmyard,,35.0768568,9.4591991,2026-02-15T13:38:33.439347
Sidi Bouzid,232384772,farmyard,,35.0891351,9.4719527,2026-02-15T13:38:33.439347
Sidi Bouzid,232384773,meadow,,35.0904344,9.4734097,2026-02-15T13:38:33.439347
Sidi Bouzid,232384774,residential,,35.0766769,9.4616479,2026-02-15T13:38:33.439347
Sidi Bouzid,232384775,farmland,,35.0929711,9.4787366,2026-02-15T13:38:33.439347
Sidi Bouzid,232384778,orchard,,35.0909252,9.4787151,2026-02-15T13:38:33.439347
Sidi Bouzid,232384779,meadow,,35.0907283,9.4782289,2026-02-15T13:38:33.439347
Sidi Bouzid,232384781,residential,,35.0837491,9.4670153,2026-02-15T13:38:33.439347
Sidi Bouzid,232384782,industrial,,35.0861765,9.4686268,2026-02-15T13:38:33.439347
Sidi Bouzid,232384967,meadow,,35.0803317,9.4761941,2026-02-15T13:38:33.439347
Sidi Bouzid,232384968,meadow,,35.0788691,9.4817048,2026-02-15T13:38:33.439347
Sidi Bouzid,232384969,meadow,,35.0788655,9.4771412,2026-02-15T13:38:33.439347
Sidi Bouzid,232384970,farmland,,35.0795862,9.4763057,2026-02-15T13:38:33.439347
Sidi Bouzid,232384971,farmland,,35.0784951,9.4796336,2026-02-15T13:38:33.439347
Sidi Bouzid,232389155,residential,,34.9739326,9.4902095,2026-02-15T13:38:33.439347
Sidi Bouzid,232389158,orchard,,34.9749774,9.4909221,2026-02-15T13:38:33.439347
Sidi Bouzid,232389167,farmyard,,34.9762587,9.4909213,2026-02-15T13:38:33.439347
Sidi Bouzid,232424863,orchard,,35.0684882,9.480866,2026-02-15T13:38:33.439347
Sidi Bouzid,232424864,farmland,,35.0637243,9.4792519,2026-02-15T13:38:33.439347
Sidi Bouzid,232424865,farmland,,35.0690416,9.4792455,2026-02-15T13:38:33.439347
Sidi Bouzid,232424866,orchard,,35.0684878,9.4779291,2026-02-15T13:38:33.439347
Sidi Bouzid,232424867,meadow,,35.0647295,9.4768708,2026-02-15T13:38:33.439347
Sidi Bouzid,232424868,meadow,,35.06778,9.4800005,2026-02-15T13:38:33.439347
Sidi Bouzid,232424869,farmland,,35.0656854,9.4788324,2026-02-15T13:38:33.439347
Sidi Bouzid,232425527,farmyard,,35.0689801,9.4764454,2026-02-15T13:38:33.439347
Sidi Bouzid,232425528,farmland,,35.0698273,9.4736347,2026-02-15T13:38:33.439347
Sidi Bouzid,232425529,farmland,,35.0694158,9.4751584,2026-02-15T13:38:33.439347
Sidi Bouzid,232425530,meadow,,35.073898,9.4725941,2026-02-15T13:38:33.439347
Sidi Bouzid,232425531,farmyard,,35.0695426,9.4739995,2026-02-15T13:38:33.439347
Sidi Bouzid,232425533,meadow,,35.0704651,9.4752156,2026-02-15T13:38:33.439347
Sidi Bouzid,232425534,farmland,,35.0737855,9.4738515,2026-02-15T13:38:33.439347
Sidi Bouzid,232425538,farmyard,,35.0698028,9.4724051,2026-02-15T13:38:33.439347
Sidi Bouzid,232425539,farmyard,,35.0709662,9.4719677,2026-02-15T13:38:33.439347
Sidi Bouzid,232425671,farmyard,,35.0722603,9.4771418,2026-02-15T13:38:33.439347
Sidi Bouzid,232425673,farmland,,35.0739625,9.4774403,2026-02-15T13:38:33.439347
Sidi Bouzid,232425674,farmyard,,35.0714651,9.477969,2026-02-15T13:38:33.439347
Sidi Bouzid,232425692,meadow,,35.0715506,9.474564,2026-02-15T13:38:33.439347
Sidi Bouzid,232717904,meadow,,35.0968457,9.4829482,2026-02-15T13:38:33.439347
Sidi Bouzid,232717905,farmyard,,35.1011779,9.4744301,2026-02-15T13:38:33.439347
Sidi Bouzid,232717906,orchard,,35.102193,9.4736762,2026-02-15T13:38:33.439347
Sidi Bouzid,232717907,farmland,,35.0945394,9.4783496,2026-02-15T13:38:33.439347
Sidi Bouzid,232717908,farmland,,35.1017502,9.4749382,2026-02-15T13:38:33.439347
Sidi Bouzid,232717909,orchard,,35.1012183,9.4707606,2026-02-15T13:38:33.439347
Sidi Bouzid,232717910,residential,,35.0991342,9.4703261,2026-02-15T13:38:33.439347
Sidi Bouzid,232717911,orchard,,35.0944891,9.4870855,2026-02-15T13:38:33.439347
Sidi Bouzid,232717912,brownfield,,35.099764,9.4750642,2026-02-15T13:38:33.439347
Sidi Bouzid,232717913,farmyard,,35.1021095,9.4737954,2026-02-15T13:38:33.439347
Sidi Bouzid,232717915,meadow,,35.0934594,9.4828638,2026-02-15T13:38:33.439347
Sidi Bouzid,232717916,residential,,35.0952637,9.4688417,2026-02-15T13:38:33.439347
Sidi Bouzid,232717917,farmland,,35.095097,9.4854029,2026-02-15T13:38:33.439347
Sidi Bouzid,232717919,meadow,,35.0937614,9.4860418,2026-02-15T13:38:33.439347
Sidi Bouzid,232717920,farmland,,35.1002115,9.4707916,2026-02-15T13:38:33.439347
Sidi Bouzid,232717921,meadow,,35.0960126,9.4865492,2026-02-15T13:38:33.439347
Sidi Bouzid,232717922,farmyard,,35.101687,9.4751784,2026-02-15T13:38:33.439347
Sidi Bouzid,232768009,meadow,,35.065356,9.4912805,2026-02-15T13:38:33.439347
Sidi Bouzid,232768010,meadow,,34.9929936,9.4154362,2026-02-15T13:38:33.439347
Sidi Bouzid,232769598,farmyard,,35.0847096,9.4566992,2026-02-15T13:38:33.439347
Sidi Bouzid,232769600,farmyard,,35.0784571,9.4513287,2026-02-15T13:38:33.439347
Sidi Bouzid,232769601,residential,,35.0826377,9.4537648,2026-02-15T13:38:33.439347
Sidi Bouzid,232769602,farmyard,,35.0752455,9.4510897,2026-02-15T13:38:33.439347
Sidi Bouzid,232769603,farmyard,,35.0729953,9.447767,2026-02-15T13:38:33.439347
Sidi Bouzid,232769605,farmland,,35.0725369,9.4491138,2026-02-15T13:38:33.439347
Sidi Bouzid,232769608,orchard,,35.0731931,9.4520109,2026-02-15T13:38:33.439347
Sidi Bouzid,232769610,farmyard,,35.0758024,9.4531238,2026-02-15T13:38:33.439347
Sidi Bouzid,232769611,industrial,,35.0781585,9.4540518,2026-02-15T13:38:33.439347
Sidi Bouzid,232769614,residential,,35.0800717,9.4519188,2026-02-15T13:38:33.439347
Sidi Bouzid,232769615,farmyard,,35.0737157,9.4497837,2026-02-15T13:38:33.439347
Sidi Bouzid,232769616,residential,,35.0739308,9.4483099,2026-02-15T13:38:33.439347
Sidi Bouzid,232769617,residential,,35.0844493,9.4542872,2026-02-15T13:38:33.440347
Sidi Bouzid,232769618,farmyard,,35.0739365,9.4503665,2026-02-15T13:38:33.440347
Sidi Bouzid,232770111,farmyard,,35.071153,9.4449343,2026-02-15T13:38:33.440347
Sidi Bouzid,232770112,meadow,,35.0720859,9.4442504,2026-02-15T13:38:33.440347
Sidi Bouzid,232773460,farmyard,,35.0639248,9.4470379,2026-02-15T13:38:33.440347
Sidi Bouzid,232774035,meadow,,35.1058255,9.4962037,2026-02-15T13:38:33.440347
Sidi Bouzid,232774036,meadow,,35.1005401,9.4806671,2026-02-15T13:38:33.440347
Sidi Bouzid,232774037,meadow,,35.1000182,9.4768769,2026-02-15T13:38:33.440347
Sidi Bouzid,232774038,farmland,,35.1001238,9.4816202,2026-02-15T13:38:33.440347
Sidi Bouzid,232774039,meadow,,35.1026818,9.4835924,2026-02-15T13:38:33.440347
Sidi Bouzid,232774040,meadow,,35.1005033,9.482837,2026-02-15T13:38:33.440347
Sidi Bouzid,232877584,farmland,,35.0737909,9.4588013,2026-02-15T13:38:33.440347
Sidi Bouzid,232877585,farmland,,35.0778762,9.4646497,2026-02-15T13:38:33.440347
Sidi Bouzid,232877586,farmland,,35.0798829,9.4653331,2026-02-15T13:38:33.440347
Sidi Bouzid,232877587,farmyard,,35.0727103,9.4467455,2026-02-15T13:38:33.440347
Sidi Bouzid,232877588,farmyard,,35.0742407,9.4402259,2026-02-15T13:38:33.440347
Sidi Bouzid,232877589,farmyard,,35.0710916,9.4488486,2026-02-15T13:38:33.440347
Sidi Bouzid,232877592,farmland,,35.0795016,9.4598711,2026-02-15T13:38:33.440347
Sidi Bouzid,232877593,orchard,,35.0774132,9.4599268,2026-02-15T13:38:33.440347
Sidi Bouzid,232877594,farmyard,,35.0790447,9.4640768,2026-02-15T13:38:33.440347
Sidi Bouzid,232877595,farmyard,,35.0759186,9.448092,2026-02-15T13:38:33.440347
Sidi Bouzid,232877596,farmyard,,35.0735348,9.4437717,2026-02-15T13:38:33.440347
Sidi Bouzid,232877597,farmyard,,35.0704636,9.4476521,2026-02-15T13:38:33.440347
Sidi Bouzid,232877599,farmyard,,35.0751986,9.4634825,2026-02-15T13:38:33.440347
Sidi Bouzid,232877600,farmyard,,35.0764454,9.4641665,2026-02-15T13:38:33.440347
Sidi Bouzid,232949493,orchard,,35.0845039,9.4655488,2026-02-15T13:38:33.440347
Sidi Bouzid,232949496,farmyard,,35.0882308,9.4646376,2026-02-15T13:38:33.440347
Sidi Bouzid,232949500,orchard,,35.098278,9.4764998,2026-02-15T13:38:33.440347
Sidi Bouzid,232949502,farmland,,35.0991911,9.4739028,2026-02-15T13:38:33.440347
Sidi Bouzid,232949504,farmyard,,35.090386,9.4624339,2026-02-15T13:38:33.440347
Sidi Bouzid,232949505,orchard,,35.0956424,9.4568554,2026-02-15T13:38:33.440347
Sidi Bouzid,232949509,meadow,,35.0981917,9.4736559,2026-02-15T13:38:33.440347
Sidi Bouzid,232949510,farmyard,,35.0963549,9.4711784,2026-02-15T13:38:33.440347
Sidi Bouzid,232949511,farmland,,35.0983475,9.4751641,2026-02-15T13:38:33.440347
Sidi Bouzid,232949516,farmyard,,35.0828877,9.4637863,2026-02-15T13:38:33.440347
Sidi Bouzid,232949518,residential,,35.0989217,9.4757803,2026-02-15T13:38:33.440347
Sidi Bouzid,232949519,farmland,,35.091021,9.4699088,2026-02-15T13:38:33.440347
Sidi Bouzid,232949520,farmland,,35.0979401,9.4729084,2026-02-15T13:38:33.440347
Sidi Bouzid,232949747,orchard,,35.0910964,9.4512009,2026-02-15T13:38:33.440347
Sidi Bouzid,232949748,farmyard,,35.085659,9.4525982,2026-02-15T13:38:33.440347
Sidi Bouzid,232949749,farmyard,,35.0880248,9.4475857,2026-02-15T13:38:33.440347
Sidi Bouzid,232949751,farmyard,,35.0823271,9.4436047,2026-02-15T13:38:33.440347
Sidi Bouzid,232949752,farmyard,,35.0894812,9.4479526,2026-02-15T13:38:33.440347
Sidi Bouzid,232949753,farmyard,,35.0907418,9.448479,2026-02-15T13:38:33.440347
Sidi Bouzid,232949754,orchard,,35.0851981,9.453089,2026-02-15T13:38:33.440347
Sidi Bouzid,232949755,farmyard,,35.0860759,9.4466303,2026-02-15T13:38:33.440347
Sidi Bouzid,232949936,farmyard,,35.094253,9.46146,2026-02-15T13:38:33.440347
Sidi Bouzid,232949937,meadow,,35.0973298,9.4684003,2026-02-15T13:38:33.440347
Sidi Bouzid,232949938,farmland,,35.0948201,9.4654875,2026-02-15T13:38:33.440347
Sidi Bouzid,232949939,meadow,,35.096279,9.4687235,2026-02-15T13:38:33.440347
Sidi Bouzid,232949940,farmland,,35.097885,9.4641256,2026-02-15T13:38:33.440347
Sidi Bouzid,232949941,farmyard,,35.0933624,9.4615137,2026-02-15T13:38:33.440347
Sidi Bouzid,232949942,orchard,,35.0982251,9.4663979,2026-02-15T13:38:33.440347
Sidi Bouzid,232949943,orchard,,35.1000862,9.4662611,2026-02-15T13:38:33.440347
Sidi Bouzid,232949944,farmyard,,35.096798,9.4602222,2026-02-15T13:38:33.440347
Sidi Bouzid,232949945,orchard,,35.0973628,9.4603604,2026-02-15T13:38:33.440347
Sidi Bouzid,232949946,orchard,,35.1006809,9.4634103,2026-02-15T13:38:33.440347
Sidi Bouzid,232949947,orchard,,35.0994231,9.4605559,2026-02-15T13:38:33.440347
Sidi Bouzid,232949948,farmyard,,35.0972884,9.4663175,2026-02-15T13:38:33.440347
Sidi Bouzid,232949949,farmyard,,35.095773,9.4602517,2026-02-15T13:38:33.440347
Sidi Bouzid,232962244,meadow,,35.0609138,9.5224687,2026-02-15T13:38:33.440347
Sidi Bouzid,232962245,meadow,,35.0591324,9.5229233,2026-02-15T13:38:33.440347
Sidi Bouzid,232962246,cemetery,,35.0599643,9.5226737,2026-02-15T13:38:33.440347
Sidi Bouzid,232962247,residential,,35.060611,9.5236899,2026-02-15T13:38:33.440347
Sidi Bouzid,232962248,cemetery,,35.0604462,9.5225919,2026-02-15T13:38:33.440347
Sidi Bouzid,232962249,orchard,,35.059471,9.5228285,2026-02-15T13:38:33.440347
Sidi Bouzid,232963053,cemetery,,35.0699004,9.5483094,2026-02-15T13:38:33.440347
Sidi Bouzid,232963054,orchard,,35.0683394,9.5496213,2026-02-15T13:38:33.440347
Sidi Bouzid,232963055,orchard,,35.0723138,9.5503321,2026-02-15T13:38:33.440347
Sidi Bouzid,232963056,farmyard,,35.0574394,9.5255374,2026-02-15T13:38:33.440347
Sidi Bouzid,232963058,farmland,,35.057853,9.524595,2026-02-15T13:38:33.440347
Sidi Bouzid,232963059,orchard,,35.0684273,9.548039,2026-02-15T13:38:33.440347
Sidi Bouzid,232963060,farmland,,35.0698498,9.548408,2026-02-15T13:38:33.440347
Sidi Bouzid,232963061,farmland,,35.0628647,9.5389167,2026-02-15T13:38:33.440347
Sidi Bouzid,232963062,orchard,,35.0632486,9.5345196,2026-02-15T13:38:33.440347
Sidi Bouzid,232963063,farmyard,,35.0581683,9.5251517,2026-02-15T13:38:33.440347
Sidi Bouzid,232963066,farmland,,35.0568553,9.5269863,2026-02-15T13:38:33.440347
Sidi Bouzid,232963067,orchard,,35.0599975,9.5300007,2026-02-15T13:38:33.440347
Sidi Bouzid,232963068,farmyard,,35.0589819,9.5301831,2026-02-15T13:38:33.440347
Sidi Bouzid,232963070,residential,,35.0692639,9.5488571,2026-02-15T13:38:33.440347
Sidi Bouzid,232963072,orchard,,35.0695416,9.549572,2026-02-15T13:38:33.440347
Sidi Bouzid,232963073,farmland,,35.0570618,9.5277771,2026-02-15T13:38:33.440347
Sidi Bouzid,232963074,meadow,,35.0658379,9.5317099,2026-02-15T13:38:33.440347
Sidi Bouzid,232963077,orchard,,35.0571301,9.5256147,2026-02-15T13:38:33.440347
Sidi Bouzid,232963078,meadow,,35.0583463,9.5261406,2026-02-15T13:38:33.440347
Sidi Bouzid,232963079,farmyard,,35.062626,9.5327101,2026-02-15T13:38:33.440347
Sidi Bouzid,233055372,meadow,,35.0735843,9.440512,2026-02-15T13:38:33.440347
Sidi Bouzid,233055374,farmyard,,35.0875528,9.4339888,2026-02-15T13:38:33.440347
Sidi Bouzid,233055375,farmyard,,35.0856815,9.4321759,2026-02-15T13:38:33.440347
Sidi Bouzid,233055378,farmyard,,35.0868213,9.4328034,2026-02-15T13:38:33.440347
Sidi Bouzid,233055379,farmyard,,35.0870941,9.4279916,2026-02-15T13:38:33.440347
Sidi Bouzid,233055380,orchard,,35.0863162,9.4333317,2026-02-15T13:38:33.440347
Sidi Bouzid,233055381,farmyard,,35.0873217,9.4330313,2026-02-15T13:38:33.440347
Sidi Bouzid,233055382,farmyard,,35.0771205,9.4395758,2026-02-15T13:38:33.440347
Sidi Bouzid,233055383,orchard,,35.1011067,9.4487195,2026-02-15T13:38:33.440347
Sidi Bouzid,233055384,farmyard,,35.1029061,9.4496771,2026-02-15T13:38:33.440347
Sidi Bouzid,233055385,farmland,,35.0741365,9.4432059,2026-02-15T13:38:33.440347
Sidi Bouzid,233055386,farmyard,,35.0825736,9.4317547,2026-02-15T13:38:33.440347
Sidi Bouzid,233055389,farmyard,,35.0797565,9.4449269,2026-02-15T13:38:33.440347
Sidi Bouzid,233055392,farmyard,,35.0760516,9.4419203,2026-02-15T13:38:33.440347
Sidi Bouzid,233055395,farmyard,,35.0990871,9.4422099,2026-02-15T13:38:33.440347
Sidi Bouzid,233055396,cemetery,,35.1017797,9.4494411,2026-02-15T13:38:33.440347
Sidi Bouzid,233055398,orchard,,35.1018114,9.454034,2026-02-15T13:38:33.440347
Sidi Bouzid,233055401,orchard,,35.0752087,9.4401928,2026-02-15T13:38:33.440347
Sidi Bouzid,233094312,farmyard,,35.0836137,9.4593394,2026-02-15T13:38:33.440347
Sidi Bouzid,233094313,farmland,,35.0732746,9.446606,2026-02-15T13:38:33.440347
Sidi Bouzid,233094314,farmland,,35.0948622,9.4588788,2026-02-15T13:38:33.440347
Sidi Bouzid,233094316,farmyard,,35.0719795,9.4448758,2026-02-15T13:38:33.440347
Sidi Bouzid,233094318,farmyard,,35.089794,9.4572087,2026-02-15T13:38:33.440347
Sidi Bouzid,233094323,farmyard,,35.0812103,9.4553992,2026-02-15T13:38:33.440347
Sidi Bouzid,233094324,meadow,,35.0755792,9.4520965,2026-02-15T13:38:33.440347
Sidi Bouzid,233094325,farmland,,35.0809348,9.4563223,2026-02-15T13:38:33.440347
Sidi Bouzid,233094327,orchard,,35.083857,9.456176,2026-02-15T13:38:33.440347
Sidi Bouzid,233094328,farmyard,,35.0765964,9.4502762,2026-02-15T13:38:33.440347
Sidi Bouzid,233094329,farmland,,35.0870886,9.4590369,2026-02-15T13:38:33.440347
Sidi Bouzid,233094765,farmyard,,35.0888094,9.4544305,2026-02-15T13:38:33.440347
Sidi Bouzid,233094767,farmland,,35.0926906,9.4571085,2026-02-15T13:38:33.440347
Sidi Bouzid,233094909,orchard,,35.0910668,9.4533349,2026-02-15T13:38:33.440347
Sidi Bouzid,233095291,farmyard,,35.088172,9.4492452,2026-02-15T13:38:33.440347
Sidi Bouzid,233095293,orchard,,35.0869776,9.4593424,2026-02-15T13:38:33.440347
Sidi Bouzid,233095294,farmyard,,35.0872919,9.4503803,2026-02-15T13:38:33.440347
Sidi Bouzid,233095296,residential,,35.0872194,9.4600766,2026-02-15T13:38:33.440347
Sidi Bouzid,233095297,orchard,,35.0896883,9.4487152,2026-02-15T13:38:33.440347
Sidi Bouzid,233095299,farmyard,,35.0867377,9.4573729,2026-02-15T13:38:33.440347
Sidi Bouzid,233184997,farmyard,,35.0924822,9.4326459,2026-02-15T13:38:33.440347
Sidi Bouzid,233185004,farmyard,,35.0936519,9.4309004,2026-02-15T13:38:33.440347
Sidi Bouzid,233185008,farmyard,,35.0771881,9.4357096,2026-02-15T13:38:33.440347
Sidi Bouzid,233185011,residential,,35.0974637,9.4218414,2026-02-15T13:38:33.440347
Sidi Bouzid,233185016,farmyard,,35.0782888,9.4432156,2026-02-15T13:38:33.440347
Sidi Bouzid,233185018,farmyard,,35.0943581,9.4133415,2026-02-15T13:38:33.440347
Sidi Bouzid,233185022,farmyard,,35.0966207,9.4189962,2026-02-15T13:38:33.440347
Sidi Bouzid,233185023,farmyard,,35.0936793,9.4324173,2026-02-15T13:38:33.440347
Sidi Bouzid,233185027,farmyard,,35.0952055,9.4147792,2026-02-15T13:38:33.440347
Sidi Bouzid,233185034,farmyard,,35.095763,9.4164267,2026-02-15T13:38:33.440347
Sidi Bouzid,233185035,farmyard,,35.0885207,9.4194354,2026-02-15T13:38:33.440347
Sidi Bouzid,233188728,farmyard,,35.0929321,9.4384583,2026-02-15T13:38:33.440347
Sidi Bouzid,233188729,farmyard,,35.0948985,9.4366143,2026-02-15T13:38:33.440347
Sidi Bouzid,233188731,farmyard,,35.0916394,9.4370789,2026-02-15T13:38:33.440347
Sidi Bouzid,233188845,farmland,,35.0781302,9.4418985,2026-02-15T13:38:33.440347
Sidi Bouzid,233188846,orchard,,35.0764498,9.4417058,2026-02-15T13:38:33.440347
Sidi Bouzid,233228031,meadow,,35.0807754,9.4463879,2026-02-15T13:38:33.440347
Sidi Bouzid,233228033,meadow,,35.0770273,9.4459852,2026-02-15T13:38:33.440347
Sidi Bouzid,233228034,farmland,,35.0856431,9.4525034,2026-02-15T13:38:33.440347
Sidi Bouzid,233228035,meadow,,35.0784043,9.4477937,2026-02-15T13:38:33.440347
Sidi Bouzid,233228036,meadow,,35.0790312,9.4437078,2026-02-15T13:38:33.440347
Sidi Bouzid,233228037,meadow,,35.0785092,9.4503879,2026-02-15T13:38:33.440347
Sidi Bouzid,233228038,farmland,,35.0801803,9.4336787,2026-02-15T13:38:33.440347
Sidi Bouzid,233228039,farmyard,,35.0844448,9.4490057,2026-02-15T13:38:33.440347
Sidi Bouzid,233228040,farmland,,35.0829831,9.4458526,2026-02-15T13:38:33.440347
Sidi Bouzid,233228041,meadow,,35.0767758,9.4382814,2026-02-15T13:38:33.440347
Sidi Bouzid,233228042,farmyard,,35.0809638,9.4499677,2026-02-15T13:38:33.440347
Sidi Bouzid,233228043,meadow,,35.0817935,9.4344352,2026-02-15T13:38:33.440347
Sidi Bouzid,233228045,farmyard,,35.0777394,9.4477013,2026-02-15T13:38:33.440347
Sidi Bouzid,233228046,farmland,,35.0840782,9.4323975,2026-02-15T13:38:33.440347
Sidi Bouzid,233228047,farmyard,,35.0823971,9.4495734,2026-02-15T13:38:33.440347
Sidi Bouzid,233228048,farmland,,35.0782587,9.4453304,2026-02-15T13:38:33.440347
Sidi Bouzid,233228049,meadow,,35.0800046,9.4499901,2026-02-15T13:38:33.440347
Sidi Bouzid,233229531,farmyard,,35.0831952,9.4411488,2026-02-15T13:38:33.440347
Sidi Bouzid,233229532,farmyard,,35.0858968,9.4377442,2026-02-15T13:38:33.440347
Sidi Bouzid,233229533,meadow,,35.0833262,9.4421419,2026-02-15T13:38:33.440347
Sidi Bouzid,233229534,meadow,,35.0860427,9.4429967,2026-02-15T13:38:33.440347
Sidi Bouzid,233229535,meadow,,35.0893768,9.4399568,2026-02-15T13:38:33.440347
Sidi Bouzid,233229536,farmyard,,35.0851275,9.4416019,2026-02-15T13:38:33.440347
Sidi Bouzid,233229537,farmyard,,35.0837889,9.4432924,2026-02-15T13:38:33.440347
Sidi Bouzid,233229538,meadow,,35.0817413,9.4299086,2026-02-15T13:38:33.440347
Sidi Bouzid,233229539,farmyard,,35.0815609,9.4396851,2026-02-15T13:38:33.440347
Sidi Bouzid,233229540,farmyard,,35.0863765,9.4367495,2026-02-15T13:38:33.440347
Sidi Bouzid,233229541,meadow,,35.089901,9.4410601,2026-02-15T13:38:33.440347
Sidi Bouzid,233229542,farmyard,,35.083738,9.4395769,2026-02-15T13:38:33.440347
Sidi Bouzid,233231335,farmyard,,35.059922,9.4007819,2026-02-15T13:38:33.440347
Sidi Bouzid,233231343,farmyard,,35.0481509,9.4038101,2026-02-15T13:38:33.440347
Sidi Bouzid,233231347,farmyard,,35.0595245,9.4027721,2026-02-15T13:38:33.440347
Sidi Bouzid,233325114,farmland,,34.9853798,9.4969877,2026-02-15T13:38:33.440347
Sidi Bouzid,233325115,farmland,,34.9864082,9.4970937,2026-02-15T13:38:33.440347
Sidi Bouzid,233325116,meadow,,34.9905296,9.4938868,2026-02-15T13:38:33.440347
Sidi Bouzid,233325117,orchard,,34.9903665,9.4959152,2026-02-15T13:38:33.440347
Sidi Bouzid,233325118,meadow,,34.9920154,9.4953376,2026-02-15T13:38:33.440347
Sidi Bouzid,233325120,residential,,34.9903746,9.4972778,2026-02-15T13:38:33.440347
Sidi Bouzid,233325121,farmland,,34.9872448,9.4935659,2026-02-15T13:38:33.440347
Sidi Bouzid,233325123,farmland,,34.9882925,9.4933138,2026-02-15T13:38:33.440347
Sidi Bouzid,233325124,meadow,,34.9859328,9.4983084,2026-02-15T13:38:33.440347
Sidi Bouzid,233325125,farmland,,34.9854189,9.49301,2026-02-15T13:38:33.440347
Sidi Bouzid,233325126,orchard,,34.9901492,9.4988412,2026-02-15T13:38:33.440347
Sidi Bouzid,233325128,orchard,,34.9864895,9.4935552,2026-02-15T13:38:33.440347
Sidi Bouzid,233325129,orchard,,34.9901762,9.4942295,2026-02-15T13:38:33.440347
Sidi Bouzid,233325130,farmland,,34.9884981,9.4943871,2026-02-15T13:38:33.440347
Sidi Bouzid,233325131,farmyard,,34.987608,9.4986078,2026-02-15T13:38:33.440347
Sidi Bouzid,233325132,meadow,,34.9877825,9.4947247,2026-02-15T13:38:33.440347
Sidi Bouzid,233325133,farmland,,34.9920041,9.4972755,2026-02-15T13:38:33.440347
Sidi Bouzid,233325134,meadow,,34.990809,9.4940647,2026-02-15T13:38:33.440347
Sidi Bouzid,233325135,farmland,,34.9886735,9.4951167,2026-02-15T13:38:33.440347
Sidi Bouzid,233325505,meadow,,34.9878446,9.4999576,2026-02-15T13:38:33.440347
Sidi Bouzid,233325506,farmland,,34.988818,9.5002308,2026-02-15T13:38:33.440347
Sidi Bouzid,233325507,orchard,,34.9878294,9.500943,2026-02-15T13:38:33.440347
Sidi Bouzid,233325508,residential,,34.9889973,9.5014487,2026-02-15T13:38:33.440347
Sidi Bouzid,233325560,farmland,,34.9837322,9.4989719,2026-02-15T13:38:33.440347
Sidi Bouzid,233325561,meadow,,34.9868426,9.5011194,2026-02-15T13:38:33.440347
Sidi Bouzid,233325562,orchard,,34.9781987,9.5056735,2026-02-15T13:38:33.440347
Sidi Bouzid,233325563,orchard,,34.985938,9.5009176,2026-02-15T13:38:33.440347
Sidi Bouzid,233325564,orchard,,34.9845901,9.4991952,2026-02-15T13:38:33.440347
Sidi Bouzid,233325565,meadow,,34.9842839,9.4999345,2026-02-15T13:38:33.440347
Sidi Bouzid,233325568,farmland,,34.9780067,9.5045096,2026-02-15T13:38:33.440347
Sidi Bouzid,233358443,farmyard,,34.9957684,9.5314957,2026-02-15T13:38:33.440347
Sidi Bouzid,233358444,meadow,,34.9921903,9.5282747,2026-02-15T13:38:33.440347
Sidi Bouzid,233358445,farmyard,,34.9939124,9.528066,2026-02-15T13:38:33.440347
Sidi Bouzid,233358446,orchard,,34.9954145,9.5264642,2026-02-15T13:38:33.440347
Sidi Bouzid,233358447,meadow,,34.9962247,9.5290821,2026-02-15T13:38:33.440347
Sidi Bouzid,233358448,meadow,,34.9948288,9.5291574,2026-02-15T13:38:33.440347
Sidi Bouzid,233358449,farmland,,34.9900267,9.5270719,2026-02-15T13:38:33.440347
Sidi Bouzid,233358451,farmyard,,34.9934619,9.5267678,2026-02-15T13:38:33.440347
Sidi Bouzid,233358453,farmyard,,34.9923154,9.5258786,2026-02-15T13:38:33.440347
Sidi Bouzid,233359191,meadow,,34.9865095,9.5285377,2026-02-15T13:38:33.440347
Sidi Bouzid,233359192,meadow,,34.9890884,9.5269164,2026-02-15T13:38:33.440347
Sidi Bouzid,233359193,farmland,,34.9888418,9.5281933,2026-02-15T13:38:33.440347
Sidi Bouzid,233359195,meadow,,34.9873544,9.5269521,2026-02-15T13:38:33.440347
Sidi Bouzid,233359196,farmland,,34.987702,9.5262297,2026-02-15T13:38:33.440347
Sidi Bouzid,233359305,farmyard,,34.9983705,9.5310513,2026-02-15T13:38:33.440347
Sidi Bouzid,233411239,farmyard,,34.979561,9.5161501,2026-02-15T13:38:33.440347
Sidi Bouzid,233411241,farmland,,34.9781074,9.515557,2026-02-15T13:38:33.440347
Sidi Bouzid,233498382,orchard,,34.9772571,9.5101755,2026-02-15T13:38:33.440347
Sidi Bouzid,233498383,meadow,,34.9723826,9.5012822,2026-02-15T13:38:33.440347
Sidi Bouzid,233498384,farmland,,34.9773036,9.5084583,2026-02-15T13:38:33.440347
Sidi Bouzid,233498385,farmland,,34.9752907,9.5042424,2026-02-15T13:38:33.440347
Sidi Bouzid,233498387,farmland,,34.9731283,9.5105552,2026-02-15T13:38:33.440347
Sidi Bouzid,233498388,farmland,,34.9733301,9.5066682,2026-02-15T13:38:33.440347
Sidi Bouzid,233498389,orchard,,34.9783613,9.5086454,2026-02-15T13:38:33.440347
Sidi Bouzid,233498390,orchard,,34.9723227,9.504338,2026-02-15T13:38:33.440347
Sidi Bouzid,233498391,farmland,,34.9806964,9.508446,2026-02-15T13:38:33.440347
Sidi Bouzid,233498392,farmland,,34.9764957,9.5077928,2026-02-15T13:38:33.440347
Sidi Bouzid,233498393,farmland,,34.9720634,9.5073924,2026-02-15T13:38:33.440347
Sidi Bouzid,233498394,orchard,,34.9789859,9.5116013,2026-02-15T13:38:33.440347
Sidi Bouzid,233498397,farmland,,34.9805957,9.5109318,2026-02-15T13:38:33.440347
Sidi Bouzid,233498399,farmland,,34.9802206,9.5096755,2026-02-15T13:38:33.440347
Sidi Bouzid,233498401,meadow,,34.9793883,9.5075591,2026-02-15T13:38:33.440347
Sidi Bouzid,233498402,meadow,,34.9774478,9.5073405,2026-02-15T13:38:33.440347
Sidi Bouzid,233498403,orchard,,34.981056,9.51053,2026-02-15T13:38:33.440347
Sidi Bouzid,233498404,orchard,,34.9768684,9.5082142,2026-02-15T13:38:33.440347
Sidi Bouzid,233498406,farmland,,34.9716935,9.5099512,2026-02-15T13:38:33.440347
Sidi Bouzid,233499682,orchard,,34.9775672,9.5029055,2026-02-15T13:38:33.440347
Sidi Bouzid,233499685,farmyard,,34.9776916,9.5026098,2026-02-15T13:38:33.440347
Sidi Bouzid,233499686,orchard,,34.9807254,9.4972838,2026-02-15T13:38:33.440347
Sidi Bouzid,233499688,farmland,,34.9781445,9.5032879,2026-02-15T13:38:33.440347
Sidi Bouzid,233499689,orchard,,34.9787818,9.4927494,2026-02-15T13:38:33.440347
Sidi Bouzid,233499690,orchard,,34.9775136,9.4992981,2026-02-15T13:38:33.440347
Sidi Bouzid,233499692,orchard,,34.9794199,9.5032032,2026-02-15T13:38:33.440347
Sidi Bouzid,233499693,cemetery,,34.9756302,9.4985028,2026-02-15T13:38:33.440347
Sidi Bouzid,233499694,orchard,,34.9777431,9.4974164,2026-02-15T13:38:33.440347
Sidi Bouzid,233499695,farmland,,34.9788021,9.5026313,2026-02-15T13:38:33.440347
Sidi Bouzid,233499697,farmyard,,34.9748376,9.5017092,2026-02-15T13:38:33.440347
Sidi Bouzid,233499698,orchard,,34.9788279,9.5012091,2026-02-15T13:38:33.440347
Sidi Bouzid,233499699,reservoir,,34.982231,9.4982304,2026-02-15T13:38:33.440347
Sidi Bouzid,233499700,orchard,,34.9785826,9.5031388,2026-02-15T13:38:33.440347
Sidi Bouzid,233499701,farmland,,34.9769694,9.4997594,2026-02-15T13:38:33.440347
Sidi Bouzid,233500528,farmyard,,34.9835677,9.5039489,2026-02-15T13:38:33.440347
Sidi Bouzid,233500530,farmyard,,34.9858774,9.5046435,2026-02-15T13:38:33.440347
Sidi Bouzid,233500532,meadow,,34.9789861,9.4997722,2026-02-15T13:38:33.440347
Sidi Bouzid,233501072,orchard,,34.9793689,9.5187539,2026-02-15T13:38:33.440347
Sidi Bouzid,233501074,farmland,,34.9802831,9.5230887,2026-02-15T13:38:33.440347
Sidi Bouzid,233564868,orchard,,34.9905953,9.5208361,2026-02-15T13:38:33.440347
Sidi Bouzid,233564869,orchard,,34.9897206,9.5205234,2026-02-15T13:38:33.440347
Sidi Bouzid,233564870,orchard,,34.9843636,9.512045,2026-02-15T13:38:33.440347
Sidi Bouzid,233564871,meadow,,34.9906058,9.52452,2026-02-15T13:38:33.440347
Sidi Bouzid,233564872,meadow,,34.9849108,9.5125909,2026-02-15T13:38:33.440347
Sidi Bouzid,233564873,orchard,,34.9853611,9.5121791,2026-02-15T13:38:33.440347
Sidi Bouzid,233564874,meadow,,34.9856325,9.5112042,2026-02-15T13:38:33.440347
Sidi Bouzid,233564875,meadow,,34.9873173,9.5120769,2026-02-15T13:38:33.440347
Sidi Bouzid,233564876,orchard,,34.9876839,9.5130937,2026-02-15T13:38:33.440347
Sidi Bouzid,233564877,meadow,,34.9902164,9.5109634,2026-02-15T13:38:33.440347
Sidi Bouzid,233564878,orchard,,34.9894536,9.5185134,2026-02-15T13:38:33.440347
Sidi Bouzid,233564879,orchard,,34.9736763,9.5013217,2026-02-15T13:38:33.440347
Sidi Bouzid,233565177,meadow,,34.9788785,9.4942771,2026-02-15T13:38:33.440347
Sidi Bouzid,233566536,meadow,,34.9751832,9.4802436,2026-02-15T13:38:33.440347
Sidi Bouzid,233568189,farmland,,34.9819967,9.4902106,2026-02-15T13:38:33.440347
Sidi Bouzid,233568190,orchard,,34.9813596,9.4887794,2026-02-15T13:38:33.440347
Sidi Bouzid,233568191,meadow,,34.9823715,9.4890353,2026-02-15T13:38:33.440347
Sidi Bouzid,233568192,meadow,,34.9821717,9.4904958,2026-02-15T13:38:33.440347
Sidi Bouzid,233591374,meadow,,34.9885758,9.5138196,2026-02-15T13:38:33.440347
Sidi Bouzid,233613152,farmland,,34.9895742,9.5164976,2026-02-15T13:38:33.440347
Sidi Bouzid,233613153,meadow,,34.9869457,9.5141291,2026-02-15T13:38:33.440347
Sidi Bouzid,233613154,orchard,,34.9867506,9.5145782,2026-02-15T13:38:33.440347
Sidi Bouzid,233613341,meadow,,34.9901636,9.5126218,2026-02-15T13:38:33.440347
Sidi Bouzid,233613342,meadow,,34.9903333,9.5151458,2026-02-15T13:38:33.440347
Sidi Bouzid,233613343,orchard,,34.9902066,9.5142514,2026-02-15T13:38:33.440347
Sidi Bouzid,233613344,meadow,,34.9903065,9.5144408,2026-02-15T13:38:33.440347
Sidi Bouzid,233613345,orchard,,34.9903473,9.5145608,2026-02-15T13:38:33.440347
Sidi Bouzid,233706451,meadow,,34.9898057,9.5204081,2026-02-15T13:38:33.440347
Sidi Bouzid,233706452,farmland,,34.9891946,9.5213838,2026-02-15T13:38:33.440347
Sidi Bouzid,233730346,meadow,,34.9934811,9.5168473,2026-02-15T13:38:33.440347
Sidi Bouzid,233730347,meadow,,34.9904443,9.5191808,2026-02-15T13:38:33.440347
Sidi Bouzid,233730348,meadow,,34.9880564,9.5181078,2026-02-15T13:38:33.440347
Sidi Bouzid,233730349,meadow,,34.9950858,9.5185151,2026-02-15T13:38:33.440347
Sidi Bouzid,233730601,meadow,,34.9985791,9.5255593,2026-02-15T13:38:33.440347
Sidi Bouzid,234185255,orchard,,34.9746453,9.4960067,2026-02-15T13:38:33.440347
Sidi Bouzid,234185256,residential,,34.9757101,9.4988777,2026-02-15T13:38:33.440347
Sidi Bouzid,234185257,farmland,,34.9757373,9.4996106,2026-02-15T13:38:33.440347
Sidi Bouzid,234185258,farmyard,,34.9725084,9.4963728,2026-02-15T13:38:33.440347
Sidi Bouzid,234185259,meadow,,34.9754852,9.4951754,2026-02-15T13:38:33.440347
Sidi Bouzid,234185669,orchard,,34.9749664,9.4971695,2026-02-15T13:38:33.440347
Sidi Bouzid,234185670,meadow,,34.9744664,9.4984524,2026-02-15T13:38:33.440347
Sidi Bouzid,234185672,meadow,,34.9746055,9.4957493,2026-02-15T13:38:33.440347
Sidi Bouzid,234185674,meadow,,34.9731026,9.4962502,2026-02-15T13:38:33.440347
Sidi Bouzid,234267496,orchard,,34.9700482,9.5001725,2026-02-15T13:38:33.440347
Sidi Bouzid,234267497,farmland,,34.9737264,9.4978951,2026-02-15T13:38:33.440347
Sidi Bouzid,234267509,farmland,,34.9737914,9.4992551,2026-02-15T13:38:33.440347
Sidi Bouzid,234267839,residential,,34.9676505,9.4912324,2026-02-15T13:38:33.440347
Sidi Bouzid,234267840,orchard,,34.9660844,9.5052788,2026-02-15T13:38:33.440347
Sidi Bouzid,234267841,farmyard,,34.9691209,9.4893011,2026-02-15T13:38:33.440347
Sidi Bouzid,234268268,farmyard,,34.9630103,9.4971279,2026-02-15T13:38:33.440347
Sidi Bouzid,234768797,meadow,,34.9688374,9.4793557,2026-02-15T13:38:33.440347
Sidi Bouzid,234768798,farmland,,34.9682012,9.4760325,2026-02-15T13:38:33.440347
Sidi Bouzid,234768799,farmland,,34.9741071,9.4881462,2026-02-15T13:38:33.440347
Sidi Bouzid,234768800,meadow,,34.9750777,9.4909731,2026-02-15T13:38:33.440347
Sidi Bouzid,234768801,orchard,,34.9697002,9.4783727,2026-02-15T13:38:33.440347
Sidi Bouzid,234768802,orchard,,34.9731728,9.4807061,2026-02-15T13:38:33.440347
Sidi Bouzid,234768805,orchard,,34.974085,9.4893268,2026-02-15T13:38:33.440347
Sidi Bouzid,234768806,orchard,,34.9736847,9.4802281,2026-02-15T13:38:33.440347
Sidi Bouzid,234768807,meadow,,34.973638,9.4894899,2026-02-15T13:38:33.440347
Sidi Bouzid,234768809,farmyard,,34.9667777,9.4770202,2026-02-15T13:38:33.440347
Sidi Bouzid,234768810,orchard,,34.9719842,9.4842319,2026-02-15T13:38:33.440347
Sidi Bouzid,234768812,farmland,,34.9713553,9.4768169,2026-02-15T13:38:33.440347
Sidi Bouzid,234768813,meadow,,34.9713998,9.4797234,2026-02-15T13:38:33.440347
Sidi Bouzid,234768814,meadow,,34.974622,9.4875533,2026-02-15T13:38:33.440347
Sidi Bouzid,234768815,farmland,,34.9690783,9.4762251,2026-02-15T13:38:33.440347
Sidi Bouzid,234768818,orchard,,34.9728519,9.4841978,2026-02-15T13:38:33.440347
Sidi Bouzid,234768820,farmland,,34.9713469,9.4819763,2026-02-15T13:38:33.440347
Sidi Bouzid,234768821,meadow,,34.9713206,9.4851063,2026-02-15T13:38:33.440347
Sidi Bouzid,234768824,meadow,,34.9756132,9.490694,2026-02-15T13:38:33.440347
Sidi Bouzid,234768826,orchard,,34.9742253,9.4865628,2026-02-15T13:38:33.440347
Sidi Bouzid,234768827,meadow,,34.9752776,9.4901242,2026-02-15T13:38:33.440347
Sidi Bouzid,234768829,orchard,,34.9704654,9.4777841,2026-02-15T13:38:33.440347
Sidi Bouzid,234992339,farmland,,35.0241905,9.5342557,2026-02-15T13:38:33.440347
Sidi Bouzid,234992340,farmland,,35.0171023,9.5322881,2026-02-15T13:38:33.440347
Sidi Bouzid,234992342,orchard,,35.0266911,9.5375487,2026-02-15T13:38:33.440347
Sidi Bouzid,234992343,residential,,35.0170193,9.5348828,2026-02-15T13:38:33.440347
Sidi Bouzid,234992347,orchard,,35.0193544,9.5320841,2026-02-15T13:38:33.440347
Sidi Bouzid,234992348,residential,,35.0181676,9.5337269,2026-02-15T13:38:33.440347
Sidi Bouzid,234992349,farmyard,,35.0253529,9.5350382,2026-02-15T13:38:33.440347
Sidi Bouzid,234992878,farmland,,35.0294944,9.5353898,2026-02-15T13:38:33.440347
Sidi Bouzid,235121145,meadow,,35.0662605,9.5261199,2026-02-15T13:38:33.440347
Sidi Bouzid,235121146,meadow,,35.0719854,9.5284565,2026-02-15T13:38:33.440347
Sidi Bouzid,235121147,meadow,,35.0721564,9.5302402,2026-02-15T13:38:33.440347
Sidi Bouzid,235121148,orchard,,35.0694856,9.5246635,2026-02-15T13:38:33.440347
Sidi Bouzid,235121150,farmland,,35.0708043,9.5259007,2026-02-15T13:38:33.440347
Sidi Bouzid,235121151,residential,,35.0885944,9.5246441,2026-02-15T13:38:33.440347
Sidi Bouzid,235121154,residential,,35.0873839,9.529847,2026-02-15T13:38:33.440347
Sidi Bouzid,235121157,meadow,,35.0687101,9.5233732,2026-02-15T13:38:33.440347
Sidi Bouzid,235121159,orchard,,35.0689442,9.5237106,2026-02-15T13:38:33.440347
Sidi Bouzid,235121162,residential,,35.0724383,9.5294115,2026-02-15T13:38:33.440347
Sidi Bouzid,235121163,residential,,35.0777205,9.5291704,2026-02-15T13:38:33.440347
Sidi Bouzid,235121164,orchard,,35.0735968,9.5296383,2026-02-15T13:38:33.440347
Sidi Bouzid,235121165,orchard,,35.0764973,9.5335551,2026-02-15T13:38:33.440347
Sidi Bouzid,235121167,farmland,,35.0665789,9.5273829,2026-02-15T13:38:33.440347
Sidi Bouzid,235121168,meadow,,35.0718345,9.5272562,2026-02-15T13:38:33.440347
Sidi Bouzid,235121313,farmyard,,35.0777599,9.5322875,2026-02-15T13:38:33.440347
Sidi Bouzid,235121314,farmyard,,35.0769775,9.5336859,2026-02-15T13:38:33.440347
Sidi Bouzid,235121315,farmland,,35.0772439,9.5330632,2026-02-15T13:38:33.440347
Sidi Bouzid,235121795,orchard,,35.0787257,9.5430526,2026-02-15T13:38:33.440347
Sidi Bouzid,235121796,farmyard,,35.0774609,9.5361175,2026-02-15T13:38:33.440347
Sidi Bouzid,235121797,meadow,,35.0710546,9.5324799,2026-02-15T13:38:33.440347
Sidi Bouzid,235121798,orchard,,35.0696449,9.5340301,2026-02-15T13:38:33.440347
Sidi Bouzid,235121800,farmyard,,35.074644,9.5354677,2026-02-15T13:38:33.440347
Sidi Bouzid,235121801,farmyard,,35.0747615,9.5391439,2026-02-15T13:38:33.440347
Sidi Bouzid,235121802,orchard,,35.0715162,9.5348972,2026-02-15T13:38:33.440347
Sidi Bouzid,235121803,farmland,,35.0701291,9.5352367,2026-02-15T13:38:33.440347
Sidi Bouzid,235451600,farmyard,,34.9926845,9.5374674,2026-02-15T13:38:33.440347
Sidi Bouzid,235451601,meadow,,34.9941047,9.5388875,2026-02-15T13:38:33.440347
Sidi Bouzid,235451603,residential,,34.9943259,9.5341642,2026-02-15T13:38:33.440347
Sidi Bouzid,235451605,orchard,,34.9966834,9.537772,2026-02-15T13:38:33.440347
Sidi Bouzid,235451609,farmyard,,34.9931965,9.5360298,2026-02-15T13:38:33.440347
Sidi Bouzid,235451611,meadow,,34.9972916,9.5412503,2026-02-15T13:38:33.440347
Sidi Bouzid,235451612,residential,,34.9973722,9.5405317,2026-02-15T13:38:33.440347
Sidi Bouzid,235451613,residential,,34.9992142,9.5366561,2026-02-15T13:38:33.440347
Sidi Bouzid,235451614,residential,,34.9972111,9.5389143,2026-02-15T13:38:33.440347
Sidi Bouzid,235453502,orchard,,34.9949821,9.5387459,2026-02-15T13:38:33.440347
Sidi Bouzid,235453503,farmland,,34.994671,9.5398184,2026-02-15T13:38:33.440347
Sidi Bouzid,235453505,meadow,,35.0072924,9.5410519,2026-02-15T13:38:33.440347
Sidi Bouzid,235453507,meadow,,34.994075,9.540338,2026-02-15T13:38:33.440347
Sidi Bouzid,235453509,farmland,,34.9955151,9.5385365,2026-02-15T13:38:33.440347
Sidi Bouzid,235453510,orchard,,34.9923227,9.5377776,2026-02-15T13:38:33.440347
Sidi Bouzid,235453512,orchard,,34.993013,9.5397617,2026-02-15T13:38:33.440347
Sidi Bouzid,235453513,orchard,,34.9933798,9.5381711,2026-02-15T13:38:33.440347
Sidi Bouzid,235453514,farmland,,34.9960026,9.5374277,2026-02-15T13:38:33.440347
Sidi Bouzid,235453515,farmyard,,34.9921064,9.5397906,2026-02-15T13:38:33.440347
Sidi Bouzid,235453516,orchard,,34.9967795,9.5407007,2026-02-15T13:38:33.440347
Sidi Bouzid,235453517,farmland,,34.9956413,9.5419143,2026-02-15T13:38:33.440347
Sidi Bouzid,235453518,orchard,,34.9993812,9.5428382,2026-02-15T13:38:33.440347
Sidi Bouzid,235453519,farmland,,34.9933769,9.5377634,2026-02-15T13:38:33.440347
Sidi Bouzid,235453860,farmland,,34.9919806,9.5406345,2026-02-15T13:38:33.440347
Sidi Bouzid,235453861,orchard,,34.9911321,9.54104,2026-02-15T13:38:33.440347
Sidi Bouzid,235453862,meadow,,34.9909931,9.5420894,2026-02-15T13:38:33.440347
Sidi Bouzid,235453863,meadow,,34.9924115,9.5406071,2026-02-15T13:38:33.440347
Sidi Bouzid,235453864,orchard,,34.9901495,9.5418373,2026-02-15T13:38:33.440347
Sidi Bouzid,235454599,farmyard,,35.0201966,9.5396141,2026-02-15T13:38:33.440347
Sidi Bouzid,235454601,residential,,35.0202207,9.5404215,2026-02-15T13:38:33.440347
Sidi Bouzid,235454603,residential,,35.0227997,9.5433155,2026-02-15T13:38:33.440347
Sidi Bouzid,235454604,residential,,35.0212216,9.5408667,2026-02-15T13:38:33.440347
Sidi Bouzid,235454606,farmyard,,35.0222209,9.5379005,2026-02-15T13:38:33.440347
Sidi Bouzid,235454607,residential,,35.0232804,9.5388714,2026-02-15T13:38:33.440347
Sidi Bouzid,235454609,residential,,35.0247386,9.5395093,2026-02-15T13:38:33.440347
Sidi Bouzid,235616986,farmland,,35.0420638,9.5389259,2026-02-15T13:38:33.440347
Sidi Bouzid,235616987,farmyard,,35.0412651,9.539663,2026-02-15T13:38:33.440347
Sidi Bouzid,235616988,farmyard,,35.0415531,9.5420026,2026-02-15T13:38:33.440347
Sidi Bouzid,235616991,meadow,,35.0406989,9.5396011,2026-02-15T13:38:33.440347
Sidi Bouzid,235616993,orchard,,35.0416277,9.5415913,2026-02-15T13:38:33.440347
Sidi Bouzid,235616996,orchard,,35.0396461,9.5343845,2026-02-15T13:38:33.440347
Sidi Bouzid,235616998,farmyard,,35.0412453,9.5368167,2026-02-15T13:38:33.440347
Sidi Bouzid,235616999,residential,,35.0422317,9.541465,2026-02-15T13:38:33.440347
Sidi Bouzid,235617000,farmland,,35.0414284,9.5327803,2026-02-15T13:38:33.440347
Sidi Bouzid,235617001,residential,,35.0425366,9.5378061,2026-02-15T13:38:33.440347
Sidi Bouzid,235617002,farmyard,,35.0384211,9.5363041,2026-02-15T13:38:33.440347
Sidi Bouzid,235617004,orchard,,35.0414082,9.5379035,2026-02-15T13:38:33.440347
Sidi Bouzid,235617005,farmland,,35.0410854,9.5366773,2026-02-15T13:38:33.440347
Sidi Bouzid,235617007,meadow,,35.0376247,9.5410522,2026-02-15T13:38:33.440347
Sidi Bouzid,235617008,farmland,,35.0404416,9.5389088,2026-02-15T13:38:33.440347
Sidi Bouzid,235617009,farmland,,35.0411421,9.5373398,2026-02-15T13:38:33.440347
Sidi Bouzid,235617011,residential,,35.0405229,9.537579,2026-02-15T13:38:33.440347
Sidi Bouzid,235617012,farmland,,35.0383475,9.5363661,2026-02-15T13:38:33.440347
Sidi Bouzid,235617014,farmland,,35.0401796,9.5314123,2026-02-15T13:38:33.440347
Sidi Bouzid,235617015,orchard,,35.0381242,9.5372232,2026-02-15T13:38:33.440347
Sidi Bouzid,235617016,farmyard,,35.0418384,9.5336624,2026-02-15T13:38:33.440347
Sidi Bouzid,235617018,farmyard,,35.0412542,9.5333459,2026-02-15T13:38:33.440347
Sidi Bouzid,235617019,residential,,35.0388385,9.5313129,2026-02-15T13:38:33.440347
Sidi Bouzid,235617021,farmland,,35.0383133,9.5386082,2026-02-15T13:38:33.440347
Sidi Bouzid,235617023,farmland,,35.038233,9.5310714,2026-02-15T13:38:33.440347
Sidi Bouzid,235617024,residential,,35.0359781,9.538056,2026-02-15T13:38:33.440347
Sidi Bouzid,235617027,farmyard,,35.0380687,9.5376214,2026-02-15T13:38:33.440347
Sidi Bouzid,235619958,orchard,,35.041443,9.542153,2026-02-15T13:38:33.440347
Sidi Bouzid,235726010,farmyard,,35.0280597,9.5434428,2026-02-15T13:38:33.440347
Sidi Bouzid,235726012,orchard,,35.0319075,9.5427685,2026-02-15T13:38:33.440347
Sidi Bouzid,235726013,residential,,35.0295023,9.543266,2026-02-15T13:38:33.440347
Sidi Bouzid,235726015,farmyard,,35.0286413,9.5415427,2026-02-15T13:38:33.440347
Sidi Bouzid,235726016,farmyard,,35.029492,9.543659,2026-02-15T13:38:33.440347
Sidi Bouzid,235726017,orchard,,35.0363827,9.5412451,2026-02-15T13:38:33.440347
Sidi Bouzid,235726019,farmland,,35.0368924,9.544683,2026-02-15T13:38:33.440347
Sidi Bouzid,235726020,farmyard,,35.0339425,9.5405798,2026-02-15T13:38:33.440347
Sidi Bouzid,235726022,farmland,,35.0287213,9.5404323,2026-02-15T13:38:33.440347
Sidi Bouzid,235726023,orchard,,35.0358734,9.5459871,2026-02-15T13:38:33.440347
Sidi Bouzid,235726026,farmyard,,35.0421301,9.5441472,2026-02-15T13:38:33.440347
Sidi Bouzid,235726027,farmyard,,35.0361411,9.547371,2026-02-15T13:38:33.440347
Sidi Bouzid,235726028,meadow,,35.0374499,9.5476661,2026-02-15T13:38:33.440347
Sidi Bouzid,235726029,farmland,,35.0353249,9.5393964,2026-02-15T13:38:33.440347
Sidi Bouzid,235726031,farmland,,35.0388314,9.5428116,2026-02-15T13:38:33.440347
Sidi Bouzid,235726032,farmyard,,35.0323244,9.541481,2026-02-15T13:38:33.440347
Sidi Bouzid,235726033,orchard,,35.0380562,9.5461802,2026-02-15T13:38:33.440347
Sidi Bouzid,235726034,farmyard,,35.0305236,9.5403545,2026-02-15T13:38:33.440347
Sidi Bouzid,235726036,orchard,,35.0335236,9.5437502,2026-02-15T13:38:33.440347
Sidi Bouzid,235726037,farmland,,35.0338505,9.5469983,2026-02-15T13:38:33.440347
Sidi Bouzid,235726038,orchard,,35.0288742,9.5421448,2026-02-15T13:38:33.440347
Sidi Bouzid,235726040,farmyard,,35.0327411,9.5436858,2026-02-15T13:38:33.440347
Sidi Bouzid,235726041,farmland,,35.0333739,9.5402377,2026-02-15T13:38:33.440347
Sidi Bouzid,235726042,farmland,,35.0396858,9.5456707,2026-02-15T13:38:33.440347
Sidi Bouzid,235726043,residential,,35.0279246,9.5417051,2026-02-15T13:38:33.440347
Sidi Bouzid,235782984,farmland,,35.0420492,9.5438441,2026-02-15T13:38:33.440347
Sidi Bouzid,235782985,orchard,,35.0423877,9.5442452,2026-02-15T13:38:33.440347
Sidi Bouzid,235782986,farmland,,35.0429847,9.5428879,2026-02-15T13:38:33.440347
Sidi Bouzid,235782987,farmyard,,35.0431371,9.543667,2026-02-15T13:38:33.440347
Sidi Bouzid,235782988,residential,,35.0416254,9.5435994,2026-02-15T13:38:33.440347
Sidi Bouzid,235782989,residential,,35.0437974,9.5433368,2026-02-15T13:38:33.440347
Sidi Bouzid,235789889,residential,,35.0560931,9.5841293,2026-02-15T13:38:33.440347
Sidi Bouzid,235789898,residential,,35.0467341,9.5648191,2026-02-15T13:38:33.440347
Sidi Bouzid,235789902,residential,,35.0526634,9.583507,2026-02-15T13:38:33.440347
Sidi Bouzid,235793181,orchard,,35.0584293,9.5671192,2026-02-15T13:38:33.440347
Sidi Bouzid,236003212,residential,,35.0475543,9.5468348,2026-02-15T13:38:33.440347
Sidi Bouzid,236003213,residential,,35.0460176,9.5492708,2026-02-15T13:38:33.440347
Sidi Bouzid,236003214,farmyard,,35.0515848,9.5581188,2026-02-15T13:38:33.440347
Sidi Bouzid,236003215,residential,,35.0467946,9.5466665,2026-02-15T13:38:33.440347
Sidi Bouzid,236003217,orchard,,35.0562871,9.5530796,2026-02-15T13:38:33.440347
Sidi Bouzid,236003218,residential,,35.0480199,9.5534726,2026-02-15T13:38:33.440347
Sidi Bouzid,236003220,meadow,,35.0520072,9.5609762,2026-02-15T13:38:33.440347
Sidi Bouzid,236003221,orchard,,35.0535676,9.5517892,2026-02-15T13:38:33.440347
Sidi Bouzid,236003223,meadow,,35.0517852,9.5526542,2026-02-15T13:38:33.440347
Sidi Bouzid,236003224,meadow,,35.0516851,9.5569011,2026-02-15T13:38:33.440347
Sidi Bouzid,236003225,farmyard,,35.0488241,9.5499266,2026-02-15T13:38:33.440347
Sidi Bouzid,236003226,orchard,,35.0526039,9.5568206,2026-02-15T13:38:33.440347
Sidi Bouzid,236003227,orchard,,35.0466568,9.5459872,2026-02-15T13:38:33.440347
Sidi Bouzid,236003228,residential,,35.0474511,9.5493346,2026-02-15T13:38:33.440347
Sidi Bouzid,236003230,residential,,35.046762,9.549179,2026-02-15T13:38:33.440347
Sidi Bouzid,236003233,residential,,35.0495108,9.5543593,2026-02-15T13:38:33.440347
Sidi Bouzid,236003237,farmyard,,35.053676,9.556598,2026-02-15T13:38:33.440347
Sidi Bouzid,236003239,farmyard,,35.0530063,9.5573168,2026-02-15T13:38:33.440347
Sidi Bouzid,236003241,farmland,,35.0534962,9.5554829,2026-02-15T13:38:33.440347
Sidi Bouzid,236003550,residential,,35.0460044,9.5466445,2026-02-15T13:38:33.440347
Sidi Bouzid,236003566,residential,,35.0486988,9.5538245,2026-02-15T13:38:33.440347
Sidi Bouzid,236003567,farmyard,,35.0492342,9.5522205,2026-02-15T13:38:33.440347
Sidi Bouzid,236004562,residential,,35.0453299,9.552401,2026-02-15T13:38:33.440347
Sidi Bouzid,236004564,farmyard,,35.0491117,9.5571639,2026-02-15T13:38:33.440347
Sidi Bouzid,236004565,meadow,,35.0416714,9.5642262,2026-02-15T13:38:33.440347
Sidi Bouzid,236004572,meadow,,35.0456365,9.5628707,2026-02-15T13:38:33.440347
Sidi Bouzid,236004576,meadow,,35.0457421,9.5572256,2026-02-15T13:38:33.440347
Sidi Bouzid,236007894,farmland,,35.042696,9.5466688,2026-02-15T13:38:33.440347
Sidi Bouzid,236007895,farmland,,35.043291,9.5532198,2026-02-15T13:38:33.440347
Sidi Bouzid,236007896,residential,,35.0379803,9.5568073,2026-02-15T13:38:33.440347
Sidi Bouzid,236007897,orchard,,35.042903,9.5485009,2026-02-15T13:38:33.440347
Sidi Bouzid,236007898,farmyard,,35.0434732,9.5527954,2026-02-15T13:38:33.440347
Sidi Bouzid,236007899,farmland,,35.0418209,9.551355,2026-02-15T13:38:33.440347
Sidi Bouzid,236007901,meadow,,35.0444338,9.552312,2026-02-15T13:38:33.440347
Sidi Bouzid,236007903,residential,,35.0418747,9.5464869,2026-02-15T13:38:33.440347
Sidi Bouzid,236007905,residential,,35.0433722,9.5468538,2026-02-15T13:38:33.440347
Sidi Bouzid,236007906,residential,,35.043054,9.5502147,2026-02-15T13:38:33.440347
Sidi Bouzid,236007908,farmland,,35.0447105,9.5542117,2026-02-15T13:38:33.440347
Sidi Bouzid,236007909,residential,,35.0388933,9.5577594,2026-02-15T13:38:33.440347
Sidi Bouzid,236007910,residential,,35.041724,9.5519473,2026-02-15T13:38:33.440347
Sidi Bouzid,236007911,residential,,35.0447519,9.5467144,2026-02-15T13:38:33.440347
Sidi Bouzid,236007912,farmland,,35.0439806,9.5469831,2026-02-15T13:38:33.440347
Sidi Bouzid,236007914,orchard,,35.0406273,9.5497892,2026-02-15T13:38:33.440347
Sidi Bouzid,236007915,orchard,,35.0426945,9.5516232,2026-02-15T13:38:33.440347
Sidi Bouzid,236008182,orchard,,35.049447,9.5586559,2026-02-15T13:38:33.440347
Sidi Bouzid,236008186,farmland,,35.0488188,9.5570835,2026-02-15T13:38:33.440347
Sidi Bouzid,236008189,farmyard,,35.0469611,9.5523953,2026-02-15T13:38:33.440347
Sidi Bouzid,236008190,farmyard,,35.0457834,9.5550074,2026-02-15T13:38:33.440347
Sidi Bouzid,236008191,orchard,,35.0458779,9.5541666,2026-02-15T13:38:33.440347
Sidi Bouzid,236009015,farmland,,35.0447523,9.5637732,2026-02-15T13:38:33.440347
Sidi Bouzid,236009016,orchard,,35.0458904,9.5640638,2026-02-15T13:38:33.440347
Sidi Bouzid,236009017,meadow,,35.0473463,9.5627079,2026-02-15T13:38:33.440347
Sidi Bouzid,236009018,orchard,,35.0462166,9.5609742,2026-02-15T13:38:33.440347
Sidi Bouzid,236009019,farmland,,35.0459726,9.5645586,2026-02-15T13:38:33.440347
Sidi Bouzid,236009020,orchard,,35.0466057,9.5627668,2026-02-15T13:38:33.440347
Sidi Bouzid,236009021,farmland,,35.0469092,9.5618955,2026-02-15T13:38:33.440347
Sidi Bouzid,236009329,orchard,,35.0439837,9.5602724,2026-02-15T13:38:33.440347
Sidi Bouzid,236009330,farmyard,,35.0501609,9.5612808,2026-02-15T13:38:33.440347
Sidi Bouzid,236009332,farmyard,,35.0481125,9.5600647,2026-02-15T13:38:33.440347
Sidi Bouzid,236009333,farmland,,35.0488579,9.562375,2026-02-15T13:38:33.440347
Sidi Bouzid,236009334,farmland,,35.0454954,9.5600936,2026-02-15T13:38:33.440347
Sidi Bouzid,236009335,orchard,,35.0485714,9.5613303,2026-02-15T13:38:33.440347
Sidi Bouzid,236009461,farmyard,,35.0393076,9.5508803,2026-02-15T13:38:33.440347
Sidi Bouzid,236009462,meadow,,35.0387717,9.5509683,2026-02-15T13:38:33.440347
Sidi Bouzid,236009616,orchard,,35.0556351,9.541529,2026-02-15T13:38:33.440347
Sidi Bouzid,236009638,residential,,35.0574904,9.5416832,2026-02-15T13:38:33.440347
Sidi Bouzid,236009639,meadow,,35.0573757,9.5421111,2026-02-15T13:38:33.440347
Sidi Bouzid,236039765,farmland,,35.0558229,9.5476886,2026-02-15T13:38:33.440347
Sidi Bouzid,236039767,farmyard,,35.0561576,9.5499232,2026-02-15T13:38:33.440347
Sidi Bouzid,236039769,farmyard,,35.0551858,9.5483219,2026-02-15T13:38:33.440347
Sidi Bouzid,236039770,orchard,,35.0559989,9.5496993,2026-02-15T13:38:33.440347
Sidi Bouzid,236039771,meadow,,35.0565698,9.550482,2026-02-15T13:38:33.440347
Sidi Bouzid,236039772,meadow,,35.0557609,9.5460484,2026-02-15T13:38:33.440347
Sidi Bouzid,236107323,orchard,,35.0617981,9.5572919,2026-02-15T13:38:33.440347
Sidi Bouzid,236107324,farmyard,,35.061064,9.5579469,2026-02-15T13:38:33.440347
Sidi Bouzid,236107325,farmland,,35.0525874,9.5444354,2026-02-15T13:38:33.440347
Sidi Bouzid,236107326,orchard,,35.060991,9.5584137,2026-02-15T13:38:33.440347
Sidi Bouzid,236107327,orchard,,35.0582953,9.5570023,2026-02-15T13:38:33.440347
Sidi Bouzid,236107329,farmland,,35.0625634,9.5613795,2026-02-15T13:38:33.440347
Sidi Bouzid,236107330,farmyard,,35.0585702,9.5618825,2026-02-15T13:38:33.440347
Sidi Bouzid,236107332,farmyard,,35.0618407,9.5587248,2026-02-15T13:38:33.440347
Sidi Bouzid,236107334,farmland,,35.0600647,9.5559474,2026-02-15T13:38:33.440347
Sidi Bouzid,236107338,orchard,,35.0643243,9.5603422,2026-02-15T13:38:33.440347
Sidi Bouzid,236107340,farmyard,,35.0588547,9.5561531,2026-02-15T13:38:33.440347
Sidi Bouzid,236107342,farmland,,35.0594353,9.5622527,2026-02-15T13:38:33.440347
Sidi Bouzid,236107344,residential,,35.0543331,9.5444577,2026-02-15T13:38:33.440347
Sidi Bouzid,236107348,meadow,,35.0599092,9.559052,2026-02-15T13:38:33.440347
Sidi Bouzid,236107349,farmland,,35.0522613,9.5486261,2026-02-15T13:38:33.440347
Sidi Bouzid,236107355,farmyard,,35.0581468,9.5535869,2026-02-15T13:38:33.440347
Sidi Bouzid,236107357,farmland,,35.0580336,9.5507245,2026-02-15T13:38:33.440347
Sidi Bouzid,236107358,farmland,,35.0547032,9.544141,2026-02-15T13:38:33.440347
Sidi Bouzid,236107366,meadow,,35.057868,9.5531956,2026-02-15T13:38:33.440347
Sidi Bouzid,236108809,meadow,,35.0532632,9.5585398,2026-02-15T13:38:33.440347
Sidi Bouzid,236108812,orchard,,35.0547498,9.5632243,2026-02-15T13:38:33.440347
Sidi Bouzid,236108813,orchard,,35.0636868,9.5659687,2026-02-15T13:38:33.440347
Sidi Bouzid,236108815,residential,,35.0615843,9.5646759,2026-02-15T13:38:33.440347
Sidi Bouzid,236108816,farmland,,35.0635161,9.5701558,2026-02-15T13:38:33.440347
Sidi Bouzid,236108817,orchard,,35.0535799,9.5577277,2026-02-15T13:38:33.440347
Sidi Bouzid,236108820,residential,,35.061514,9.5628826,2026-02-15T13:38:33.440347
Sidi Bouzid,236108821,residential,,35.0605249,9.5647146,2026-02-15T13:38:33.440347
Sidi Bouzid,236108822,orchard,,35.0535266,9.561493,2026-02-15T13:38:33.440347
Sidi Bouzid,236108824,meadow,,35.0508141,9.5574542,2026-02-15T13:38:33.440347
Sidi Bouzid,236207749,farmyard,,35.0461138,9.5476394,2026-02-15T13:38:33.440347
Sidi Bouzid,236207750,orchard,,35.048364,9.5551979,2026-02-15T13:38:33.440347
Sidi Bouzid,236207751,residential,,35.0453093,9.5451886,2026-02-15T13:38:33.440347
Sidi Bouzid,236207752,farmland,,35.047102,9.549179,2026-02-15T13:38:33.440347
Sidi Bouzid,236207753,farmland,,35.0449925,9.5462403,2026-02-15T13:38:33.440347
Sidi Bouzid,236207754,orchard,,35.047984,9.552292,2026-02-15T13:38:33.440347
Sidi Bouzid,236207755,farmland,,35.0467544,9.547265,2026-02-15T13:38:33.440347
Sidi Bouzid,236207756,orchard,,35.0466325,9.5477553,2026-02-15T13:38:33.440347
Sidi Bouzid,236207757,farmland,,35.045849,9.5529242,2026-02-15T13:38:33.440347
Sidi Bouzid,236641772,farmyard,,35.0564814,9.5589739,2026-02-15T13:38:33.440347
Sidi Bouzid,236641774,residential,,35.0593333,9.5666401,2026-02-15T13:38:33.440347
Sidi Bouzid,236641777,residential,,35.0565072,9.5538567,2026-02-15T13:38:33.440347
Sidi Bouzid,236641778,farmland,,35.0560144,9.5590847,2026-02-15T13:38:33.440347
Sidi Bouzid,236641779,farmland,,35.0586204,9.5660071,2026-02-15T13:38:33.440347
Sidi Bouzid,236641792,residential,,35.0549236,9.5543208,2026-02-15T13:38:33.440347
Sidi Bouzid,236641793,farmyard,,35.0523138,9.5779992,2026-02-15T13:38:33.440347
Sidi Bouzid,236641794,farmyard,,35.0552098,9.5629014,2026-02-15T13:38:33.440347
Sidi Bouzid,236641797,orchard,,35.055562,9.5582448,2026-02-15T13:38:33.440347
Sidi Bouzid,236641798,farmland,,35.0570359,9.5595488,2026-02-15T13:38:33.440347
Sidi Bouzid,236641799,farmyard,,35.0542482,9.5547579,2026-02-15T13:38:33.440347
Sidi Bouzid,236641804,farmyard,,35.0542262,9.5569037,2026-02-15T13:38:33.440347
Sidi Bouzid,236647501,farmland,,35.0496051,9.5535805,2026-02-15T13:38:33.440347
Sidi Bouzid,236647507,farmland,,35.049761,9.5545434,2026-02-15T13:38:33.440347
Sidi Bouzid,236647514,orchard,,35.0482149,9.5644607,2026-02-15T13:38:33.440347
Sidi Bouzid,236647515,residential,,35.0467341,9.5648191,2026-02-15T13:38:33.440347
Sidi Bouzid,236647525,orchard,,35.0488388,9.5533989,2026-02-15T13:38:33.440347
Sidi Bouzid,236647528,residential,,35.0495393,9.5540515,2026-02-15T13:38:33.440347
Sidi Bouzid,236647530,farmland,,35.0497889,9.5552871,2026-02-15T13:38:33.440347
Sidi Bouzid,236647532,industrial,,35.0495086,9.5548572,2026-02-15T13:38:33.440347
Sidi Bouzid,236647535,farmyard,,35.048775,9.5643862,2026-02-15T13:38:33.440347
Sidi Bouzid,236647537,farmland,,35.048817,9.5542174,2026-02-15T13:38:33.440347
Sidi Bouzid,236675462,farmland,,35.0504536,9.5880032,2026-02-15T13:38:33.440347
Sidi Bouzid,236675463,farmyard,,35.0472272,9.5895611,2026-02-15T13:38:33.440347
Sidi Bouzid,236675464,farmyard,,35.0459982,9.5906297,2026-02-15T13:38:33.440347
Sidi Bouzid,236675465,orchard,,35.0480164,9.5869978,2026-02-15T13:38:33.440347
Sidi Bouzid,236709021,orchard,,35.0576348,9.5841238,2026-02-15T13:38:33.440347
Sidi Bouzid,236709022,orchard,,35.053033,9.5852627,2026-02-15T13:38:33.440347
Sidi Bouzid,236709023,orchard,,35.0566139,9.5883609,2026-02-15T13:38:33.440347
Sidi Bouzid,236709024,farmland,,35.0571706,9.5827598,2026-02-15T13:38:33.440347
Sidi Bouzid,236709025,farmland,,35.0587574,9.5847536,2026-02-15T13:38:33.440347
Sidi Bouzid,236709026,farmland,,35.0556268,9.5875978,2026-02-15T13:38:33.440347
Sidi Bouzid,236709027,farmland,,35.0593315,9.5876185,2026-02-15T13:38:33.440347
Sidi Bouzid,236710799,farmland,,35.0575687,9.5761561,2026-02-15T13:38:33.440347
Sidi Bouzid,236710800,residential,,35.0579489,9.5768663,2026-02-15T13:38:33.440347
Sidi Bouzid,236710801,farmland,,35.0566735,9.5770018,2026-02-15T13:38:33.440347
Sidi Bouzid,236710803,farmland,,35.0593214,9.5761506,2026-02-15T13:38:33.440347
Sidi Bouzid,236710804,meadow,,35.0553188,9.5793908,2026-02-15T13:38:33.440347
Sidi Bouzid,236710808,meadow,,35.0571303,9.5787182,2026-02-15T13:38:33.440347
Sidi Bouzid,236710809,orchard,,35.0583973,9.5785845,2026-02-15T13:38:33.440347
Sidi Bouzid,236710810,orchard,,35.0534914,9.5832403,2026-02-15T13:38:33.440347
Sidi Bouzid,236790758,farmland,,35.0541976,9.5753843,2026-02-15T13:38:33.440347
Sidi Bouzid,236790760,farmland,,35.0526573,9.5813799,2026-02-15T13:38:33.440347
Sidi Bouzid,236790761,farmyard,,35.0541306,9.5789327,2026-02-15T13:38:33.440347
Sidi Bouzid,236790762,orchard,,35.0589903,9.5692043,2026-02-15T13:38:33.440347
Sidi Bouzid,236790763,farmland,,35.0599737,9.5686131,2026-02-15T13:38:33.440347
Sidi Bouzid,236790764,orchard,,35.0577119,9.5704765,2026-02-15T13:38:33.440347
Sidi Bouzid,236790765,farmland,,35.0586073,9.5678659,2026-02-15T13:38:33.440347
Sidi Bouzid,236790766,orchard,,35.0615823,9.5692093,2026-02-15T13:38:33.440347
Sidi Bouzid,236790767,meadow,,35.0577118,9.5714302,2026-02-15T13:38:33.440347
Sidi Bouzid,236790768,orchard,,35.0617735,9.5724732,2026-02-15T13:38:33.440347
Sidi Bouzid,236790769,farmland,,35.0541217,9.5833471,2026-02-15T13:38:33.440347
Sidi Bouzid,236790770,meadow,,35.0602906,9.5730667,2026-02-15T13:38:33.440347
Sidi Bouzid,236790772,orchard,,35.05437,9.5791876,2026-02-15T13:38:33.440347
Sidi Bouzid,236790773,farmland,,35.0531895,9.5784651,2026-02-15T13:38:33.440347
Sidi Bouzid,236790774,orchard,,35.0602672,9.5710282,2026-02-15T13:38:33.440347
Sidi Bouzid,236790775,farmyard,,35.0630133,9.5758213,2026-02-15T13:38:33.440347
Sidi Bouzid,236790776,farmland,,35.049366,9.5824592,2026-02-15T13:38:33.440347
Sidi Bouzid,236790777,orchard,,35.0613807,9.5770404,2026-02-15T13:38:33.440347
Sidi Bouzid,236790778,orchard,,35.0520312,9.5813204,2026-02-15T13:38:33.440347
Sidi Bouzid,236790779,farmyard,,35.0604362,9.5696869,2026-02-15T13:38:33.440347
Sidi Bouzid,236790780,orchard,,35.0525946,9.5775003,2026-02-15T13:38:33.440347
Sidi Bouzid,236790781,farmland,,35.0592873,9.5721413,2026-02-15T13:38:33.440347
Sidi Bouzid,236790783,farmyard,,35.0616391,9.5735374,2026-02-15T13:38:33.440347
Sidi Bouzid,236790785,farmyard,,35.059534,9.5725671,2026-02-15T13:38:33.440347
Sidi Bouzid,236790787,orchard,,35.0521838,9.5787878,2026-02-15T13:38:33.440347
Sidi Bouzid,236790789,farmland,,35.0627983,9.5772384,2026-02-15T13:38:33.440347
Sidi Bouzid,236790791,farmland,,35.059659,9.5735335,2026-02-15T13:38:33.440347
Sidi Bouzid,236790792,farmyard,,35.0567347,9.5668618,2026-02-15T13:38:33.440347
Sidi Bouzid,236790793,farmland,,35.0589661,9.5708546,2026-02-15T13:38:33.440347
Sidi Bouzid,236794043,farmland,,35.059762,9.5670636,2026-02-15T13:38:33.440347
Sidi Bouzid,236796462,farmyard,,35.0165137,9.5478338,2026-02-15T13:38:33.440347
Sidi Bouzid,236796463,orchard,,35.02151,9.5386436,2026-02-15T13:38:33.440347
Sidi Bouzid,236796467,orchard,,35.0226209,9.5421704,2026-02-15T13:38:33.440347
Sidi Bouzid,236796468,farmland,,35.0240575,9.5409099,2026-02-15T13:38:33.440347
Sidi Bouzid,236796469,residential,,35.0210369,9.5485007,2026-02-15T13:38:33.440347
Sidi Bouzid,236796473,residential,,35.0220052,9.5507264,2026-02-15T13:38:33.440347
Sidi Bouzid,236796477,orchard,,35.0175361,9.5414635,2026-02-15T13:38:33.440347
Sidi Bouzid,236796480,residential,,35.0271525,9.5584517,2026-02-15T13:38:33.440347
Sidi Bouzid,236796482,meadow,,35.0180145,9.543721,2026-02-15T13:38:33.440347
Sidi Bouzid,236796484,residential,,35.020387,9.5470442,2026-02-15T13:38:33.440347
Sidi Bouzid,236796485,meadow,,35.0232587,9.5398318,2026-02-15T13:38:33.440347
Sidi Bouzid,236796486,residential,,35.0192557,9.5465131,2026-02-15T13:38:33.440347
Sidi Bouzid,236796487,orchard,,35.0205012,9.5419283,2026-02-15T13:38:33.440347
Sidi Bouzid,236796489,meadow,,35.0270331,9.5571703,2026-02-15T13:38:33.440347
Sidi Bouzid,236796490,cemetery,,35.0166601,9.5585962,2026-02-15T13:38:33.440347
Sidi Bouzid,236796493,residential,,35.0200705,9.5437772,2026-02-15T13:38:33.440347
Sidi Bouzid,236796496,meadow,,35.0181546,9.5444895,2026-02-15T13:38:33.440347
Sidi Bouzid,236796497,farmyard,,35.0185133,9.548039,2026-02-15T13:38:33.440347
Sidi Bouzid,236796499,residential,,35.0193216,9.5472454,2026-02-15T13:38:33.440347
Sidi Bouzid,237049882,residential,,35.0281493,9.4068892,2026-02-15T13:38:33.440347
Sidi Bouzid,237049883,residential,,35.0284459,9.3918084,2026-02-15T13:38:33.440347
Sidi Bouzid,237049885,farmyard,,35.0257752,9.3896563,2026-02-15T13:38:33.440347
Sidi Bouzid,237049889,orchard,,35.0249933,9.3906549,2026-02-15T13:38:33.440347
Sidi Bouzid,237049896,residential,,35.032922,9.3905491,2026-02-15T13:38:33.440347
Sidi Bouzid,237049897,residential,,35.0289959,9.3961254,2026-02-15T13:38:33.440347
Sidi Bouzid,237049903,industrial,,35.0290915,9.3941004,2026-02-15T13:38:33.440347
Sidi Bouzid,237206842,farmland,,35.0371774,9.4042381,2026-02-15T13:38:33.440347
Sidi Bouzid,237206846,residential,,35.0372847,9.4017591,2026-02-15T13:38:33.440347
Sidi Bouzid,237206851,orchard,,35.0366739,9.4042808,2026-02-15T13:38:33.440347
Sidi Bouzid,237206865,farmyard,,35.0367752,9.4024681,2026-02-15T13:38:33.440347
Sidi Bouzid,237207188,residential,,35.0398833,9.4054734,2026-02-15T13:38:33.440347
Sidi Bouzid,237207193,farmyard,,35.0336278,9.4062302,2026-02-15T13:38:33.440347
Sidi Bouzid,237207196,meadow,,35.0399142,9.4061664,2026-02-15T13:38:33.440347
Sidi Bouzid,237356365,farmyard,,35.0343144,9.4064183,2026-02-15T13:38:33.440347
Sidi Bouzid,237356366,farmyard,,35.0370894,9.397818,2026-02-15T13:38:33.440347
Sidi Bouzid,237356367,orchard,,35.038476,9.3941806,2026-02-15T13:38:33.441347
Sidi Bouzid,237356368,farmyard,,35.0338334,9.4028472,2026-02-15T13:38:33.441347
Sidi Bouzid,237356369,orchard,,35.0334821,9.4056793,2026-02-15T13:38:33.441347
Sidi Bouzid,237356370,orchard,,35.0367144,9.3975472,2026-02-15T13:38:33.441347
Sidi Bouzid,237356371,orchard,,35.0358627,9.4014793,2026-02-15T13:38:33.441347
Sidi Bouzid,237356372,farmland,,35.0353544,9.4025667,2026-02-15T13:38:33.441347
Sidi Bouzid,237356373,farmland,,35.03664,9.3964005,2026-02-15T13:38:33.441347
Sidi Bouzid,237356374,meadow,,35.0394687,9.3937327,2026-02-15T13:38:33.441347
Sidi Bouzid,237506516,farmyard,,35.025468,9.3989159,2026-02-15T13:38:33.441347
Sidi Bouzid,237506518,farmyard,,35.0259622,9.401137,2026-02-15T13:38:33.441347
Sidi Bouzid,237506519,farmyard,,35.0267501,9.4018334,2026-02-15T13:38:33.441347
Sidi Bouzid,237506780,orchard,,35.0271208,9.4016831,2026-02-15T13:38:33.441347
Sidi Bouzid,237506781,orchard,,35.025332,9.3990828,2026-02-15T13:38:33.441347
Sidi Bouzid,237506782,farmland,,35.0267947,9.3994358,2026-02-15T13:38:33.441347
Sidi Bouzid,237506784,orchard,,35.0259308,9.3996138,2026-02-15T13:38:33.441347
Sidi Bouzid,237506972,orchard,,35.0269011,9.404366,2026-02-15T13:38:33.441347
Sidi Bouzid,237506973,meadow,,35.0281112,9.4053558,2026-02-15T13:38:33.441347
Sidi Bouzid,237506974,farmland,,35.0269602,9.4043045,2026-02-15T13:38:33.441347
Sidi Bouzid,237506975,farmland,,35.0272716,9.401278,2026-02-15T13:38:33.441347
Sidi Bouzid,237506976,farmyard,,35.0287092,9.403759,2026-02-15T13:38:33.441347
Sidi Bouzid,237506977,farmyard,,35.0283281,9.4030121,2026-02-15T13:38:33.441347
Sidi Bouzid,237662932,farmyard,,35.0319556,9.395876,2026-02-15T13:38:33.441347
Sidi Bouzid,237663435,meadow,,35.0375241,9.3907597,2026-02-15T13:38:33.441347
Sidi Bouzid,237663437,meadow,,35.0362436,9.3882205,2026-02-15T13:38:33.441347
Sidi Bouzid,237663438,farmyard,,35.0342091,9.3955849,2026-02-15T13:38:33.441347
Sidi Bouzid,237663444,meadow,,35.0379359,9.393324,2026-02-15T13:38:33.441347
Sidi Bouzid,237663446,orchard,,35.0354016,9.3899994,2026-02-15T13:38:33.441347
Sidi Bouzid,237663447,meadow,,35.037886,9.3907544,2026-02-15T13:38:33.441347
Sidi Bouzid,237663449,meadow,,35.0380839,9.3923558,2026-02-15T13:38:33.441347
Sidi Bouzid,237803825,farmland,,35.029864,9.4014102,2026-02-15T13:38:33.441347
Sidi Bouzid,237803826,meadow,,35.0307317,9.4013775,2026-02-15T13:38:33.441347
Sidi Bouzid,237803827,orchard,,35.0301525,9.3995917,2026-02-15T13:38:33.441347
Sidi Bouzid,237803828,orchard,,35.03011,9.4039535,2026-02-15T13:38:33.441347
Sidi Bouzid,237803829,farmland,,35.0290908,9.3983853,2026-02-15T13:38:33.441347
Sidi Bouzid,237804664,farmland,,35.0297307,9.4053518,2026-02-15T13:38:33.441347
Sidi Bouzid,237804667,meadow,,35.0301162,9.3967226,2026-02-15T13:38:33.441347
Sidi Bouzid,237804668,farmyard,,35.0298772,9.4041589,2026-02-15T13:38:33.441347
Sidi Bouzid,237804670,farmyard,,35.028738,9.4071226,2026-02-15T13:38:33.441347
Sidi Bouzid,237879833,meadow,,35.0321542,9.4031676,2026-02-15T13:38:33.441347
Sidi Bouzid,237879834,orchard,,35.0323662,9.4024903,2026-02-15T13:38:33.441347
Sidi Bouzid,237879835,farmland,,35.0321914,9.4044228,2026-02-15T13:38:33.441347
Sidi Bouzid,237879836,orchard,,35.0311462,9.4043528,2026-02-15T13:38:33.441347
Sidi Bouzid,237879837,orchard,,35.0322366,9.3971273,2026-02-15T13:38:33.441347
Sidi Bouzid,237879838,orchard,,35.031994,9.4049123,2026-02-15T13:38:33.441347
Sidi Bouzid,237879903,farmyard,,35.0327615,9.4022969,2026-02-15T13:38:33.441347
Sidi Bouzid,237879904,farmland,,35.0319525,9.4020184,2026-02-15T13:38:33.441347
Sidi Bouzid,237879905,farmland,,35.0325494,9.4024846,2026-02-15T13:38:33.441347
Sidi Bouzid,238138596,orchard,,34.9697024,9.4844599,2026-02-15T13:38:33.441347
Sidi Bouzid,238138597,meadow,,34.9697955,9.4863965,2026-02-15T13:38:33.441347
Sidi Bouzid,238138598,meadow,,34.9714387,9.4879735,2026-02-15T13:38:33.441347
Sidi Bouzid,238138599,farmland,,34.9689657,9.4852726,2026-02-15T13:38:33.441347
Sidi Bouzid,238138600,orchard,,34.9696531,9.4871824,2026-02-15T13:38:33.441347
Sidi Bouzid,238138601,orchard,,34.9701353,9.4915437,2026-02-15T13:38:33.441347
Sidi Bouzid,238138602,farmland,,34.9724959,9.4885509,2026-02-15T13:38:33.441347
Sidi Bouzid,238138603,orchard,,34.9672062,9.4896626,2026-02-15T13:38:33.441347
Sidi Bouzid,238138604,meadow,,34.9716484,9.4910627,2026-02-15T13:38:33.441347
Sidi Bouzid,238138605,farmland,,34.9701923,9.4866228,2026-02-15T13:38:33.441347
Sidi Bouzid,238138606,meadow,,34.9720211,9.4918869,2026-02-15T13:38:33.441347
Sidi Bouzid,238138607,farmyard,,34.9727011,9.4891698,2026-02-15T13:38:33.441347
Sidi Bouzid,238138608,meadow,,34.9681483,9.4872869,2026-02-15T13:38:33.441347
Sidi Bouzid,239003994,farmland,,35.074771,9.539379,2026-02-15T13:38:33.441347
Sidi Bouzid,239005473,orchard,,35.0979095,9.4735083,2026-02-15T13:38:33.441347
Sidi Bouzid,239005476,orchard,,35.0967456,9.4710943,2026-02-15T13:38:33.441347
Sidi Bouzid,239008446,farmland,,34.9693264,9.4863616,2026-02-15T13:38:33.441347
Sidi Bouzid,239649660,farmland,,35.0337014,9.3992061,2026-02-15T13:38:33.441347
Sidi Bouzid,239649661,farmland,,35.0297982,9.3978876,2026-02-15T13:38:33.441347
Sidi Bouzid,239649662,farmland,,35.0305533,9.3915787,2026-02-15T13:38:33.441347
Sidi Bouzid,239649663,orchard,,35.0290003,9.3976383,2026-02-15T13:38:33.441347
Sidi Bouzid,239649664,farmland,,35.0320359,9.3983732,2026-02-15T13:38:33.441347
Sidi Bouzid,240702491,orchard,,35.0356294,9.4050906,2026-02-15T13:38:33.441347
Sidi Bouzid,240702492,orchard,,35.0350348,9.4058282,2026-02-15T13:38:33.441347
Sidi Bouzid,240703471,meadow,,34.9853849,9.495492,2026-02-15T13:38:33.441347
Sidi Bouzid,240714769,orchard,,35.0974834,9.5515725,2026-02-15T13:38:33.441347
Sidi Bouzid,240714770,farmland,,35.084927,9.5353504,2026-02-15T13:38:33.441347
Sidi Bouzid,240714771,farmyard,,35.0915825,9.5444528,2026-02-15T13:38:33.441347
Sidi Bouzid,240714772,orchard,,35.0885339,9.5419796,2026-02-15T13:38:33.441347
Sidi Bouzid,240714773,orchard,,35.0848182,9.5388522,2026-02-15T13:38:33.441347
Sidi Bouzid,240714774,farmland,,35.0923375,9.5427212,2026-02-15T13:38:33.441347
Sidi Bouzid,240714775,orchard,,35.0909744,9.5479837,2026-02-15T13:38:33.441347
Sidi Bouzid,240722961,farmyard,,35.0823228,9.537774,2026-02-15T13:38:33.441347
Sidi Bouzid,240722962,meadow,,35.0816752,9.5435958,2026-02-15T13:38:33.441347
Sidi Bouzid,240722963,orchard,,35.0845131,9.5416672,2026-02-15T13:38:33.441347
Sidi Bouzid,240722964,farmyard,,35.0803539,9.5435569,2026-02-15T13:38:33.441347
Sidi Bouzid,240722965,farmland,,35.083295,9.5388696,2026-02-15T13:38:33.441347
Sidi Bouzid,240722967,orchard,,35.0907587,9.5305464,2026-02-15T13:38:33.441347
Sidi Bouzid,240722968,meadow,,35.0803473,9.5422573,2026-02-15T13:38:33.441347
Sidi Bouzid,240722969,meadow,,35.0907447,9.5323266,2026-02-15T13:38:33.441347
Sidi Bouzid,240722971,orchard,,35.0826322,9.5425727,2026-02-15T13:38:33.441347
Sidi Bouzid,240722972,meadow,,35.0895765,9.5310042,2026-02-15T13:38:33.441347
Sidi Bouzid,240722973,farmland,,35.084281,9.5409962,2026-02-15T13:38:33.441347
Sidi Bouzid,240722976,orchard,,35.0869622,9.5272738,2026-02-15T13:38:33.441347
Sidi Bouzid,240722977,residential,,35.097194,9.5288605,2026-02-15T13:38:33.441347
Sidi Bouzid,240722978,farmyard,,35.0846558,9.541196,2026-02-15T13:38:33.441347
Sidi Bouzid,240722979,farmyard,,35.0809884,9.5407943,2026-02-15T13:38:33.441347
Sidi Bouzid,240722982,farmland,,35.0792388,9.5354944,2026-02-15T13:38:33.441347
Sidi Bouzid,240722983,farmyard,,35.083949,9.5419864,2026-02-15T13:38:33.441347
Sidi Bouzid,240722984,meadow,,35.0818487,9.544961,2026-02-15T13:38:33.441347
Sidi Bouzid,240722985,orchard,,35.0943403,9.5323598,2026-02-15T13:38:33.441347
Sidi Bouzid,240722987,farmland,,35.0857253,9.5298323,2026-02-15T13:38:33.441347
Sidi Bouzid,240722988,farmyard,,35.0795022,9.5359858,2026-02-15T13:38:33.441347
Sidi Bouzid,240724464,farmland,,35.0907701,9.558321,2026-02-15T13:38:33.441347
Sidi Bouzid,240724465,meadow,,35.0858444,9.5518769,2026-02-15T13:38:33.441347
Sidi Bouzid,240724467,meadow,,35.0913762,9.5547283,2026-02-15T13:38:33.441347
Sidi Bouzid,240724468,orchard,,35.0768527,9.5638936,2026-02-15T13:38:33.441347
Sidi Bouzid,240724469,orchard,,35.0838495,9.572133,2026-02-15T13:38:33.441347
Sidi Bouzid,240724470,farmland,,35.0811942,9.5733119,2026-02-15T13:38:33.441347
Sidi Bouzid,240724471,orchard,,35.0805028,9.5597734,2026-02-15T13:38:33.441347
Sidi Bouzid,240724472,orchard,,35.0858212,9.5555891,2026-02-15T13:38:33.441347
Sidi Bouzid,240724473,farmyard,,35.0858125,9.5446457,2026-02-15T13:38:33.441347
Sidi Bouzid,240724474,farmland,,35.0844429,9.5476015,2026-02-15T13:38:33.441347
Sidi Bouzid,240724475,farmyard,,35.0876473,9.5691128,2026-02-15T13:38:33.441347
Sidi Bouzid,240724477,residential,,35.0915299,9.5564343,2026-02-15T13:38:33.441347
Sidi Bouzid,240724478,farmyard,,35.0846752,9.5461745,2026-02-15T13:38:33.441347
Sidi Bouzid,240726443,farmyard,,35.0797063,9.5518515,2026-02-15T13:38:33.441347
Sidi Bouzid,240726444,orchard,,35.0753325,9.54756,2026-02-15T13:38:33.441347
Sidi Bouzid,240726445,farmyard,,35.0799856,9.5524,2026-02-15T13:38:33.441347
Sidi Bouzid,240726446,farmyard,,35.0769559,9.5485724,2026-02-15T13:38:33.441347
Sidi Bouzid,240726448,farmyard,,35.0762148,9.5501013,2026-02-15T13:38:33.441347
Sidi Bouzid,240726449,farmyard,,35.0790807,9.5531537,2026-02-15T13:38:33.441347
Sidi Bouzid,240726450,orchard,,35.0777483,9.5511969,2026-02-15T13:38:33.441347
Sidi Bouzid,240726451,farmyard,,35.0747568,9.5488688,2026-02-15T13:38:33.441347
Sidi Bouzid,240726453,farmland,,35.0764347,9.5550594,2026-02-15T13:38:33.441347
Sidi Bouzid,240726454,farmland,,35.0761238,9.5502274,2026-02-15T13:38:33.441347
Sidi Bouzid,240726455,farmyard,,35.0783526,9.5525556,2026-02-15T13:38:33.441347
Sidi Bouzid,240726456,meadow,,35.0924778,9.5566944,2026-02-15T13:38:33.441347
Sidi Bouzid,240829658,meadow,,35.0706926,9.5517169,2026-02-15T13:38:33.441347
Sidi Bouzid,240829659,residential,,35.0721993,9.556024,2026-02-15T13:38:33.441347
Sidi Bouzid,240829661,farmland,,35.074427,9.5515548,2026-02-15T13:38:33.441347
Sidi Bouzid,240829662,residential,,35.072025,9.5549506,2026-02-15T13:38:33.441347
Sidi Bouzid,240829663,residential,,35.0732322,9.5550448,2026-02-15T13:38:33.441347
Sidi Bouzid,240829664,residential,,35.0710115,9.5514269,2026-02-15T13:38:33.441347
Sidi Bouzid,240829665,orchard,,35.0726472,9.5569843,2026-02-15T13:38:33.441347
Sidi Bouzid,240829667,residential,,35.0693382,9.5512925,2026-02-15T13:38:33.441347
Sidi Bouzid,240829669,farmland,,35.0719915,9.5508355,2026-02-15T13:38:33.441347
Sidi Bouzid,240829670,orchard,,35.0695617,9.5532497,2026-02-15T13:38:33.441347
Sidi Bouzid,240829671,farmland,,35.0734282,9.5596972,2026-02-15T13:38:33.441347
Sidi Bouzid,240829672,residential,,35.0750668,9.5539074,2026-02-15T13:38:33.441347
Sidi Bouzid,240829903,meadow,,35.0678637,9.5652776,2026-02-15T13:38:33.441347
Sidi Bouzid,240829904,farmland,,35.0678508,9.5647276,2026-02-15T13:38:33.441347
Sidi Bouzid,240832723,farmyard,,35.0750878,9.5465586,2026-02-15T13:38:33.441347
Sidi Bouzid,240832725,farmyard,,35.0763332,9.5445174,2026-02-15T13:38:33.441347
Sidi Bouzid,240832727,farmyard,,35.0757859,9.5464216,2026-02-15T13:38:33.441347
Sidi Bouzid,240832729,farmland,,35.0734085,9.5456373,2026-02-15T13:38:33.441347
Sidi Bouzid,240941825,orchard,,35.0224075,9.5474703,2026-02-15T13:38:33.441347
Sidi Bouzid,240941826,farmland,,35.0278895,9.5292512,2026-02-15T13:38:33.441347
Sidi Bouzid,240941827,orchard,,35.0286521,9.5385199,2026-02-15T13:38:33.441347
Sidi Bouzid,240941828,farmland,,35.0231245,9.5469971,2026-02-15T13:38:33.441347
Sidi Bouzid,240941829,farmland,,35.0260615,9.5454295,2026-02-15T13:38:33.441347
Sidi Bouzid,240941830,farmland,,35.0281115,9.537432,2026-02-15T13:38:33.441347
Sidi Bouzid,240941831,meadow,,35.0247556,9.5456494,2026-02-15T13:38:33.441347
Sidi Bouzid,240941832,residential,,35.0278176,9.5307148,2026-02-15T13:38:33.441347
Sidi Bouzid,240941833,orchard,,35.0249304,9.5487332,2026-02-15T13:38:33.441347
Sidi Bouzid,240941834,meadow,,35.0236833,9.5483363,2026-02-15T13:38:33.441347
Sidi Bouzid,240941835,residential,,35.0272109,9.5298146,2026-02-15T13:38:33.441347
Sidi Bouzid,240941836,meadow,,35.0289624,9.5371065,2026-02-15T13:38:33.441347
Sidi Bouzid,256109510,meadow,,34.9641699,9.4822971,2026-02-15T13:38:33.441347
Sidi Bouzid,256109755,orchard,,34.9733026,9.4951566,2026-02-15T13:38:33.441347
Sidi Bouzid,256109756,orchard,,34.9717727,9.4940998,2026-02-15T13:38:33.441347
Sidi Bouzid,256110026,meadow,,34.9714793,9.494789,2026-02-15T13:38:33.441347
Sidi Bouzid,256110028,farmland,,34.9677772,9.4900417,2026-02-15T13:38:33.441347
Sidi Bouzid,256110030,orchard,,34.9652119,9.4884316,2026-02-15T13:38:33.441347
Sidi Bouzid,256110033,farmyard,,34.9592505,9.4824779,2026-02-15T13:38:33.441347
Sidi Bouzid,256110035,farmyard,,34.9593605,9.4855276,2026-02-15T13:38:33.441347
Sidi Bouzid,256110037,orchard,,34.9634688,9.4855697,2026-02-15T13:38:33.441347
Sidi Bouzid,256110042,orchard,,34.9606705,9.4830546,2026-02-15T13:38:33.441347
Sidi Bouzid,256110043,orchard,,34.9656273,9.4865123,2026-02-15T13:38:33.441347
Sidi Bouzid,256110285,orchard,,34.9617188,9.4840764,2026-02-15T13:38:33.441347
Sidi Bouzid,256110286,orchard,,34.9588457,9.4823813,2026-02-15T13:38:33.441347
Sidi Bouzid,256110287,orchard,,34.9607933,9.4888642,2026-02-15T13:38:33.441347
Sidi Bouzid,256110289,orchard,,34.9611541,9.4846317,2026-02-15T13:38:33.441347
Sidi Bouzid,273950221,orchard,,34.9665028,9.4744696,2026-02-15T13:38:33.441347
Sidi Bouzid,283812271,residential,,35.0254289,9.5140856,2026-02-15T13:38:33.441347
Sidi Bouzid,283812274,orchard,,35.0081681,9.5222914,2026-02-15T13:38:33.441347
Sidi Bouzid,283812277,industrial,,35.0281692,9.5125878,2026-02-15T13:38:33.441347
Sidi Bouzid,514201599,farmyard,,35.0329487,9.5838476,2026-02-15T13:38:33.441347
Sidi Bouzid,514201602,farmyard,,35.0341577,9.5864729,2026-02-15T13:38:33.441347
Sidi Bouzid,514201603,farmyard,,35.0327683,9.588075,2026-02-15T13:38:33.441347
Sidi Bouzid,514202110,orchard,,35.0340689,9.5846648,2026-02-15T13:38:33.441347
Sidi Bouzid,514202112,orchard,,35.0352852,9.5843964,2026-02-15T13:38:33.441347
Sidi Bouzid,744640885,residential,Mohamed Naceur,35.0534428,9.4030645,2026-02-15T13:38:33.441347
Sidi Bouzid,744642242,residential,Abdelbaki HAMDOUNI,35.0398712,9.4772579,2026-02-15T13:38:33.441347
Sidi Bouzid,775726873,religious,مسجد أسد بن الفرات,35.0351677,9.4752938,2026-02-15T13:38:33.441347
Sidi Bouzid,2585691,orchard,,34.9934405,9.4153292,2026-02-15T13:38:33.441347
Sidi Bouzid,2590259,farmland,,35.0579521,9.4528557,2026-02-15T13:38:33.441347
Sidi Bouzid,2659400,farmland,,35.07923,9.4206926,2026-02-15T13:38:33.441347
Sidi Bouzid,2659401,farmland,,35.0818228,9.4245929,2026-02-15T13:38:33.441347
Sidi Bouzid,2659402,farmland,,35.0590664,9.44792,2026-02-15T13:38:33.441347
Sidi Bouzid,2659403,farmland,,35.0637021,9.4471664,2026-02-15T13:38:33.441347
Sidi Bouzid,2659415,meadow,,34.946722,9.4499521,2026-02-15T13:38:33.441347
Sidi Bouzid,2693753,orchard,,35.0498956,9.543733,2026-02-15T13:38:33.441347
Sidi Bouzid,2693803,farmland,,35.0638203,9.5436589,2026-02-15T13:38:33.441347
Sidi Bouzid,2693804,farmland,,35.0683587,9.5531912,2026-02-15T13:38:33.441347
Sidi Bouzid,2711892,orchard,,35.0467697,9.5411852,2026-02-15T13:38:33.441347
Sidi Bouzid,2742944,meadow,,35.1328142,9.4676348,2026-02-15T13:38:33.441347
Sidi Bouzid,3555618,meadow,,34.9700628,9.4957467,2026-02-15T13:38:33.441347
Sidi Bouzid,7205005,farmland,,35.0468141,9.4748889,2026-02-15T13:38:33.441347
Zaghouan,115634010,residential,,36.3960293,10.1554148,2026-02-15T13:38:36.928246
Zaghouan,115634039,cemetery,,36.3461157,10.209251,2026-02-15T13:38:36.928246
Zaghouan,115634355,brownfield,,36.3593317,10.2038886,2026-02-15T13:38:36.928246
Zaghouan,115634733,brownfield,,36.3576592,10.2092281,2026-02-15T13:38:36.928246
Zaghouan,115635067,brownfield,,36.3610355,10.2063394,2026-02-15T13:38:36.928246
Zaghouan,115635128,village_green,,36.3504985,10.2068702,2026-02-15T13:38:36.928246
Zaghouan,115635215,cemetery,مقبرة زغوان,36.3958725,10.1497693,2026-02-15T13:38:36.928246
Zaghouan,115635224,industrial,,36.4118489,10.1443677,2026-02-15T13:38:36.928246
Zaghouan,115635817,industrial,Zone industrielle Hammem Zriba,36.3577646,10.2061802,2026-02-15T13:38:36.928246
Zaghouan,115679179,quarry,,36.3421606,10.2053486,2026-02-15T13:38:36.928246
Zaghouan,115679206,quarry,ElBarita,36.342432,10.2099378,2026-02-15T13:38:36.928246
Zaghouan,125074582,farmland,,36.3658534,10.1374513,2026-02-15T13:38:36.928246
Zaghouan,125074583,farmland,,36.3680629,10.1396746,2026-02-15T13:38:36.928246
Zaghouan,125074584,farmland,,36.3693795,10.1411665,2026-02-15T13:38:36.928246
Zaghouan,125074585,farmland,,36.36558,10.1364456,2026-02-15T13:38:36.928246
Zaghouan,125074587,residential,,36.3662706,10.1368631,2026-02-15T13:38:36.928246
Zaghouan,125074588,farmland,,36.3694631,10.1375705,2026-02-15T13:38:36.928246
Zaghouan,125074589,residential,زغوان,36.4003887,10.1391541,2026-02-15T13:38:36.928246
Zaghouan,125074590,farmland,,36.3651028,10.1373391,2026-02-15T13:38:36.928246
Zaghouan,125074591,farmland,,36.3650027,10.1334824,2026-02-15T13:38:36.928246
Zaghouan,125074592,farmland,,36.3675455,10.1362488,2026-02-15T13:38:36.928246
Zaghouan,125074593,farmland,,36.3641895,10.1350165,2026-02-15T13:38:36.928246
Zaghouan,125074594,farmyard,,36.3654876,10.1348074,2026-02-15T13:38:36.928246
Zaghouan,125074596,farmland,,36.371777,10.1418625,2026-02-15T13:38:36.928246
Zaghouan,125074597,farmland,,36.3664984,10.1345258,2026-02-15T13:38:36.928246
Zaghouan,125109684,farmyard,,36.3352186,10.121399,2026-02-15T13:38:36.928246
Zaghouan,125109685,farmyard,,36.3376058,10.1231871,2026-02-15T13:38:36.928246
Zaghouan,125109686,farmland,,36.3341554,10.0972915,2026-02-15T13:38:36.928246
Zaghouan,125109687,farmyard,,36.3405603,10.1197001,2026-02-15T13:38:36.928246
Zaghouan,125109688,farmyard,,36.3444056,10.1219867,2026-02-15T13:38:36.928246
Zaghouan,125109689,farmland,,36.359676,10.1305432,2026-02-15T13:38:36.928246
Zaghouan,125109690,farmland,,36.3398411,10.1213593,2026-02-15T13:38:36.928246
Zaghouan,125109692,farmland,,36.3632511,10.1336153,2026-02-15T13:38:36.928246
Zaghouan,125109693,farmland,,36.3630256,10.1312872,2026-02-15T13:38:36.928246
Zaghouan,125109694,farmland,,36.3616355,10.1340186,2026-02-15T13:38:36.928246
Zaghouan,125109695,residential,,36.3340869,10.0888579,2026-02-15T13:38:36.928246
Zaghouan,125109702,farmyard,,36.3442749,10.1240456,2026-02-15T13:38:36.928246
Zaghouan,125109703,farmland,,36.3331832,10.102715,2026-02-15T13:38:36.928246
Zaghouan,125109704,farmland,,36.3337338,10.1086017,2026-02-15T13:38:36.928246
Zaghouan,125240846,farmland,,36.334877,10.0867201,2026-02-15T13:38:36.928246
Zaghouan,125387425,farmland,,36.3430033,10.0668266,2026-02-15T13:38:36.928246
Zaghouan,125387426,cemetery,,36.3353395,10.0861496,2026-02-15T13:38:36.928246
Zaghouan,125387427,farmland,,36.3439157,10.0868533,2026-02-15T13:38:36.928246
Zaghouan,125387431,farmland,,36.3402259,10.0819384,2026-02-15T13:38:36.928246
Zaghouan,125387433,farmland,,36.3391542,10.0828028,2026-02-15T13:38:36.928246
Zaghouan,125387434,farmland,,36.3443536,10.0646718,2026-02-15T13:38:36.928246
Zaghouan,125387435,farmland,,36.3421135,10.079523,2026-02-15T13:38:36.928246
Zaghouan,125387437,farmland,,36.3367868,10.0732843,2026-02-15T13:38:36.928246
Zaghouan,125387441,farmland,,36.3356537,10.0786289,2026-02-15T13:38:36.928246
Zaghouan,125387442,farmland,,36.334922,10.0740276,2026-02-15T13:38:36.928246
Zaghouan,125387444,farmland,,36.3339194,10.0792026,2026-02-15T13:38:36.928246
Zaghouan,125387445,farmland,,36.3440458,10.0592022,2026-02-15T13:38:36.928246
Zaghouan,125387446,farmland,,36.3431367,10.0815844,2026-02-15T13:38:36.928246
Zaghouan,125387448,farmland,,36.3391114,10.0857857,2026-02-15T13:38:36.928246
Zaghouan,125387451,farmland,,36.3381756,10.072223,2026-02-15T13:38:36.928246
Zaghouan,125387453,farmland,,36.3429128,10.0853001,2026-02-15T13:38:36.928246
Zaghouan,125387456,farmland,,36.3402601,10.0871802,2026-02-15T13:38:36.928246
Zaghouan,125432791,military,,36.3728866,10.1318557,2026-02-15T13:38:36.928246
Zaghouan,125480848,brownfield,,36.3922884,10.1346087,2026-02-15T13:38:36.928246
Zaghouan,125480849,greenfield,,36.3912038,10.1332239,2026-02-15T13:38:36.928246
Zaghouan,125480851,brownfield,,36.3952087,10.1315146,2026-02-15T13:38:36.928246
Zaghouan,125480860,farmland,,36.389472,10.1292034,2026-02-15T13:38:36.928246
Zaghouan,125480862,greenfield,,36.3897756,10.1310561,2026-02-15T13:38:36.928246
Zaghouan,125480864,farmland,,36.3937235,10.1388536,2026-02-15T13:38:36.928246
Zaghouan,125480866,greenfield,,36.3916205,10.1338645,2026-02-15T13:38:36.928246
Zaghouan,125480867,greenfield,,36.3913005,10.1317424,2026-02-15T13:38:36.928246
Zaghouan,125480879,greenfield,,36.3903125,10.1321888,2026-02-15T13:38:36.928246
Zaghouan,125480895,brownfield,,36.3925599,10.1304407,2026-02-15T13:38:36.928246
Zaghouan,130597721,landfill,,36.46001,10.1407435,2026-02-15T13:38:36.928246
Zaghouan,168318216,farmyard,,36.3585165,10.0467246,2026-02-15T13:38:36.928246
Zaghouan,168318692,farmyard,,36.3768619,10.0646993,2026-02-15T13:38:36.928246
Zaghouan,168513894,residential,,36.3942987,10.04423,2026-02-15T13:38:36.928246
Zaghouan,168513895,residential,,36.420482,10.0894759,2026-02-15T13:38:36.928246
Zaghouan,168513981,residential,,36.3937084,10.0569793,2026-02-15T13:38:36.928246
Zaghouan,168513982,brownfield,,36.3972908,10.041165,2026-02-15T13:38:36.928246
Zaghouan,168619051,farmland,,36.4338562,10.0974612,2026-02-15T13:38:36.928246
Zaghouan,168619053,residential,,36.4201909,10.1242601,2026-02-15T13:38:36.928246
Zaghouan,169100486,farmland,,36.3832083,10.1054473,2026-02-15T13:38:36.928246
Zaghouan,169100487,farmland,,36.4035051,10.102059,2026-02-15T13:38:36.928246
Zaghouan,169100488,industrial,,36.4097831,10.092767,2026-02-15T13:38:36.928246
Zaghouan,169100489,farmyard,,36.3896656,10.1021686,2026-02-15T13:38:36.928246
Zaghouan,169100491,farmland,,36.400093,10.0980093,2026-02-15T13:38:36.928246
Zaghouan,169100492,reservoir,,36.4057287,10.0995672,2026-02-15T13:38:36.928246
Zaghouan,169100493,farmland,,36.3912907,10.1049803,2026-02-15T13:38:36.928246
Zaghouan,169100494,farmland,,36.3882518,10.1025956,2026-02-15T13:38:36.928246
Zaghouan,169100495,farmland,,36.3832778,10.0977861,2026-02-15T13:38:36.928246
Zaghouan,169100496,farmland,,36.3838675,10.1015477,2026-02-15T13:38:36.928246
Zaghouan,169100501,farmland,,36.3896027,10.0987839,2026-02-15T13:38:36.928246
Zaghouan,169100507,farmland,,36.3847344,10.1073329,2026-02-15T13:38:36.928246
Zaghouan,169100512,farmland,,36.3864145,10.1095237,2026-02-15T13:38:36.928246
Zaghouan,293025519,commercial,بيع الأثاث المستعمل ومعدات المطاعم,36.3498646,10.2061522,2026-02-15T13:38:36.928246
Zaghouan,293031479,commercial,عجّال,36.3574074,10.2123573,2026-02-15T13:38:36.928246
Zaghouan,310155092,residential,,36.4031094,10.2570868,2026-02-15T13:38:36.928246
Zaghouan,406437393,industrial,Zone industrielle Zriba 4,36.3607375,10.1994964,2026-02-15T13:38:36.928246
Zaghouan,454070250,farmland,,36.4355559,10.1021808,2026-02-15T13:38:36.928246
Zaghouan,454070251,farmland,,36.4347221,10.102761,2026-02-15T13:38:36.928246
Zaghouan,454070253,farmland,,36.4362321,10.1034119,2026-02-15T13:38:36.928246
Zaghouan,454070257,farmyard,,36.4351178,10.1035457,2026-02-15T13:38:36.928246
Zaghouan,454070259,farmland,,36.4348623,10.1048983,2026-02-15T13:38:36.928246
Zaghouan,604038612,residential,,36.3373681,10.144845,2026-02-15T13:38:36.928246
Zaghouan,604038617,cemetery,Cimetière Ain El,36.3332776,10.1536774,2026-02-15T13:38:36.928246
Zaghouan,604761675,farmland,Dar Zaghouan,36.4153294,10.1238488,2026-02-15T13:38:36.928246
Zaghouan,604761676,reservoir,,36.4082251,10.1099593,2026-02-15T13:38:36.928246
Zaghouan,608416192,farmland,,36.416775,10.1556743,2026-02-15T13:38:36.928246
Zaghouan,883254557,cemetery,,36.3997275,10.0575341,2026-02-15T13:38:36.928246
Zaghouan,912504709,residential,,36.404679,10.152807,2026-02-15T13:38:36.928246
Zaghouan,912504710,residential,,36.4015823,10.1597724,2026-02-15T13:38:36.928246
Zaghouan,912504713,residential,,36.4044212,10.1550779,2026-02-15T13:38:36.928246
Zaghouan,912504718,residential,,36.3905143,10.1482,2026-02-15T13:38:36.928246
Zaghouan,912504719,residential,,36.3930216,10.1405921,2026-02-15T13:38:36.928246
Zaghouan,1098687526,residential,,36.4156271,10.1363049,2026-02-15T13:38:36.928246
Zaghouan,1098687527,orchard,,36.4183553,10.1225577,2026-02-15T13:38:36.928246
Zaghouan,1213201960,farmyard,Cité Sanabel حي السنابل,36.4160868,10.1810814,2026-02-15T13:38:36.928246
Zaghouan,1222349013,residential,,36.4150159,10.1160469,2026-02-15T13:38:36.928246
Zaghouan,1327913870,residential,,36.4258805,10.1195054,2026-02-15T13:38:36.928246
Zaghouan,1327914461,orchard,,36.4027979,10.1373697,2026-02-15T13:38:36.928246
Zaghouan,1389351940,orchard,,36.4194354,10.0872077,2026-02-15T13:38:36.928246
Zaghouan,1389355119,residential,,36.3517733,10.2082165,2026-02-15T13:38:36.928246
Zaghouan,1703192,farmland,,36.3516874,10.1255099,2026-02-15T13:38:36.928246
Kebili,177479842,residential,المساعيد,33.6165307,8.9636746,2026-02-15T13:38:56.153148
Kebili,177480979,residential,,33.6650649,9.0144401,2026-02-15T13:38:56.153148
Kebili,177480989,residential,,33.6435071,8.9982503,2026-02-15T13:38:56.153148
Kebili,177480990,orchard,,33.6445983,8.9875557,2026-02-15T13:38:56.153148
Kebili,177480992,orchard,,33.6126993,8.9457666,2026-02-15T13:38:56.153148
Kebili,177480994,orchard,,33.6171445,8.9561455,2026-02-15T13:38:56.153148
Kebili,177481005,orchard,,33.6584989,9.0049533,2026-02-15T13:38:56.153148
Kebili,177563040,orchard,,33.7164144,8.9030037,2026-02-15T13:38:56.153148
Kebili,177563043,residential,,33.7133698,8.9027275,2026-02-15T13:38:56.153148
Kebili,177564388,residential,,33.7386918,8.8929934,2026-02-15T13:38:56.153148
Kebili,177644384,residential,,33.7168082,8.9191011,2026-02-15T13:38:56.153148
Kebili,177645182,residential,,33.7244424,8.9368933,2026-02-15T13:38:56.153148
Kebili,177645590,residential,,33.7323,8.9455579,2026-02-15T13:38:56.153148
Kebili,177645593,residential,,33.7285695,8.9177546,2026-02-15T13:38:56.153148
Kebili,177645598,residential,,33.7340196,8.9180514,2026-02-15T13:38:56.153148
Kebili,177646386,orchard,,33.7048178,8.9081417,2026-02-15T13:38:56.153148
Kebili,177646388,orchard,,33.7026354,8.908737,2026-02-15T13:38:56.153148
Kebili,177646391,orchard,,33.7299986,8.8943765,2026-02-15T13:38:56.153148
Kebili,177646394,orchard,,33.7111584,8.9133757,2026-02-15T13:38:56.153148
Kebili,177646397,orchard,,33.7069461,8.9219657,2026-02-15T13:38:56.153148
Kebili,177646765,residential,,33.7151914,8.9704445,2026-02-15T13:38:56.153148
Kebili,177705719,orchard,,33.7261186,8.9421665,2026-02-15T13:38:56.153148
Kebili,177705720,orchard,,33.7228644,8.9239582,2026-02-15T13:38:56.153148
Kebili,177705721,orchard,,33.7070163,8.8946341,2026-02-15T13:38:56.153148
Kebili,177705722,orchard,,33.7285027,8.9458589,2026-02-15T13:38:56.153148
Kebili,177705723,orchard,,33.7297457,8.9155521,2026-02-15T13:38:56.153148
Kebili,177705724,orchard,,33.7089413,8.8976382,2026-02-15T13:38:56.153148
Kebili,177705725,orchard,,33.7309741,8.9332133,2026-02-15T13:38:56.153148
Kebili,177706279,orchard,,33.6904808,8.9663126,2026-02-15T13:38:56.153148
Kebili,177706918,orchard,,33.6478371,8.937705,2026-02-15T13:38:56.153148
Kebili,177706919,orchard,,33.6405652,8.9266242,2026-02-15T13:38:56.153148
Kebili,177706921,orchard,,33.6627585,8.9543133,2026-02-15T13:38:56.153148
Kebili,177706926,farmland,,33.707688,8.9416661,2026-02-15T13:38:56.153148
Kebili,177711723,orchard,,33.6751216,8.8972933,2026-02-15T13:38:56.153148
Kebili,177711739,orchard,,33.6838566,8.8905683,2026-02-15T13:38:56.153148
Kebili,177711743,orchard,,33.6644066,8.884737,2026-02-15T13:38:56.153148
Kebili,246427791,cemetery,,33.7133751,8.966545,2026-02-15T13:38:56.153148
Kebili,246451444,cemetery,,33.6950467,8.9828782,2026-02-15T13:38:56.153148
Kebili,246451446,industrial,,33.6961246,8.9626781,2026-02-15T13:38:56.153148
Kebili,246451447,orchard,,33.7041225,8.9584798,2026-02-15T13:38:56.153148
Kebili,246451448,residential,,33.6946478,8.9849382,2026-02-15T13:38:56.153148
Kebili,284287891,quarry,,33.7369281,8.988826,2026-02-15T13:38:56.153148
Kebili,284287894,quarry,,33.7575527,9.0517949,2026-02-15T13:38:56.153148
Kebili,284329254,cemetery,,33.6449515,8.9936075,2026-02-15T13:38:56.153148
Kebili,284791924,residential,,33.6913887,8.9763422,2026-02-15T13:38:56.153148
Kebili,284791926,residential,,33.6933117,8.9760619,2026-02-15T13:38:56.153148
Kebili,284791927,residential,,33.6772796,8.8833285,2026-02-15T13:38:56.153148
Kebili,284791928,cemetery,,33.692548,8.958075,2026-02-15T13:38:56.153148
Kebili,405686452,forest,,33.6992594,8.985338,2026-02-15T13:38:56.153148
Kebili,405686453,greenhouse_horticulture,,33.7041197,8.9844648,2026-02-15T13:38:56.153148
Kebili,405686454,greenhouse_horticulture,,33.7032628,8.9828102,2026-02-15T13:38:56.153148
Kebili,556356810,orchard,,33.7602403,8.8804354,2026-02-15T13:38:56.153148
Kebili,967227752,residential,,33.7203605,8.949687,2026-02-15T13:38:56.153148
Kebili,967227763,orchard,,33.7256578,8.9542713,2026-02-15T13:38:56.153148
Kebili,967227785,industrial,,33.7382254,8.9812299,2026-02-15T13:38:56.153148
Kebili,1085822715,cemetery,مقبرة المساعيد,33.6166876,8.9621327,2026-02-15T13:38:56.153148
Kebili,1178305271,industrial,Ameur Plastics,33.6942394,8.9884121,2026-02-15T13:38:56.153148
Kebili,1302754539,orchard,,33.7313946,8.8691333,2026-02-15T13:38:56.153148
Kebili,1302754540,residential,,33.731505,8.9043339,2026-02-15T13:38:56.153148
Kebili,1302754543,orchard,,33.7057778,8.9474937,2026-02-15T13:38:56.153148
Kebili,1302754548,orchard,,33.6760145,8.8753321,2026-02-15T13:38:56.153148
Kebili,1347702418,orchard,,33.6917538,8.9461793,2026-02-15T13:38:56.153148
Kebili,1347702419,orchard,,33.6794308,9.0052227,2026-02-15T13:38:56.153148
Manouba,26278247,cemetery,مقبرة الجلاز,36.7849032,10.1855257,2026-02-15T13:39:00.997098
Manouba,32900382,cemetery,مقبرة سيدي عسيلة,36.8157382,10.1424951,2026-02-15T13:39:00.997098
Manouba,34613562,forest,,36.8318442,10.1423294,2026-02-15T13:39:00.997098
Manouba,43323042,cemetery,Sidi jbeli,36.8605269,10.1849903,2026-02-15T13:39:00.997098
Manouba,48058579,village_green,,36.8299941,10.1576135,2026-02-15T13:39:00.997098
Manouba,48058580,grass,,36.8294721,10.1564796,2026-02-15T13:39:00.997098
Manouba,48253660,brownfield,,36.8680236,10.181551,2026-02-15T13:39:00.997098
Manouba,48416786,commercial,مؤسسة الإذاعة والتلفزة التونسية,36.8284757,10.1582923,2026-02-15T13:39:00.997098
Manouba,83717095,village_green,المسلك الصحي,36.8488972,10.1617924,2026-02-15T13:39:00.997098
Manouba,89811817,cemetery,المقبرة اليهودية,36.8235664,10.1895658,2026-02-15T13:39:00.997098
Manouba,93164715,railway,,36.7999772,10.19862,2026-02-15T13:39:00.997098
Manouba,93263158,grass,,36.8009946,10.1926985,2026-02-15T13:39:00.997098
Manouba,93263540,industrial,,36.8017028,10.1897317,2026-02-15T13:39:00.997098
Manouba,93264258,railway,تونس حلق الوادي المرسى,36.8017021,10.1912908,2026-02-15T13:39:00.997098
Manouba,93264275,industrial,,36.799662,10.1919456,2026-02-15T13:39:00.997098
Manouba,94346248,brownfield,,36.8023277,10.200539,2026-02-15T13:39:00.997098
Manouba,94346305,brownfield,,36.8087314,10.194833,2026-02-15T13:39:00.997098
Manouba,94346660,brownfield,,36.8255447,10.2035049,2026-02-15T13:39:00.997098
Manouba,94346674,commercial,عمارة الوطن,36.80317,10.1872231,2026-02-15T13:39:00.997098
Manouba,95130045,commercial,الأرشيف الوطني التونسي,36.7997795,10.1645253,2026-02-15T13:39:00.997098
Manouba,95144017,cemetery,مقبرة حي الشباب,36.8376402,10.0914026,2026-02-15T13:39:00.997098
Manouba,95204101,cemetery,مقبرة باردو,36.8098082,10.1251765,2026-02-15T13:39:00.997098
Manouba,95204356,industrial,أسمنت,36.7776333,10.2022065,2026-02-15T13:39:00.997098
Manouba,99018929,construction,مستودع شركة نقل تونس باب سعدون,36.8104366,10.1609821,2026-02-15T13:39:00.997098
Manouba,100081020,grass,,36.7985669,10.1790792,2026-02-15T13:39:00.997098
Manouba,100081060,village_green,,36.7998082,10.1854538,2026-02-15T13:39:00.997098
Manouba,100081127,village_green,,36.7983724,10.1789597,2026-02-15T13:39:00.997098
Manouba,100081145,commercial,,36.7994169,10.1858268,2026-02-15T13:39:00.997098
Manouba,100081161,village_green,,36.7990653,10.1873186,2026-02-15T13:39:00.997098
Manouba,100081169,brownfield,,36.7990147,10.1766506,2026-02-15T13:39:00.997098
Manouba,100202811,residential,,36.8015473,10.1876691,2026-02-15T13:39:00.997098
Manouba,100202907,grass,,36.8036339,10.1855848,2026-02-15T13:39:00.997098
Manouba,100202937,commercial,,36.8012045,10.1849568,2026-02-15T13:39:00.997098
Manouba,100202943,commercial,,36.8059862,10.1838437,2026-02-15T13:39:00.997098
Manouba,100203019,brownfield,,36.8019528,10.184455,2026-02-15T13:39:00.997098
Manouba,100203049,brownfield,,36.8023131,10.184049,2026-02-15T13:39:00.997098
Manouba,100203090,brownfield,,36.8023088,10.1834039,2026-02-15T13:39:00.997098
Manouba,100218820,industrial,,36.8102921,10.1841605,2026-02-15T13:39:00.997098
Manouba,100218826,industrial,,36.806872,10.1846881,2026-02-15T13:39:00.997098
Manouba,100219306,industrial,,36.8105931,10.1841111,2026-02-15T13:39:00.997098
Manouba,100219307,commercial,,36.8120992,10.1839306,2026-02-15T13:39:00.997098
Manouba,100254300,grass,المسلك الصحي,36.8217673,10.1357518,2026-02-15T13:39:00.997098
Manouba,100421087,grass,,36.7991173,10.1629878,2026-02-15T13:39:00.997098
Manouba,101241116,orchard,,36.8964412,10.1277192,2026-02-15T13:39:00.997098
Manouba,101529568,residential,,36.8932776,10.1328893,2026-02-15T13:39:00.997098
Manouba,101529638,residential,,36.8916725,10.1321761,2026-02-15T13:39:00.997098
Manouba,101819584,orchard,,36.8960724,10.1180232,2026-02-15T13:39:00.997098
Manouba,101819608,cemetery,,36.8950538,10.1167561,2026-02-15T13:39:00.997098
Manouba,101819612,orchard,,36.8945909,10.1178408,2026-02-15T13:39:00.997098
Manouba,101948095,cemetery,مقبرة سيدي يحي,36.8164118,10.1573354,2026-02-15T13:39:00.997098
Manouba,102150916,industrial,SONEDE,36.8380082,10.1503279,2026-02-15T13:39:00.997098
Manouba,102355433,farmland,السانية,36.7934822,10.1372282,2026-02-15T13:39:00.997098
Manouba,102634546,residential,,36.8321978,10.1953086,2026-02-15T13:39:00.997098
Manouba,102634694,depot,مستودع الحافلات الشرقية,36.840372,10.2036614,2026-02-15T13:39:00.997098
Manouba,102779319,commercial,,36.836652,10.1583612,2026-02-15T13:39:00.997098
Manouba,102779322,commercial,,36.8368144,10.159617,2026-02-15T13:39:00.997098
Manouba,103363775,greenfield,,36.8504411,10.1442018,2026-02-15T13:39:00.997098
Manouba,103363781,brownfield,,36.8512293,10.1458594,2026-02-15T13:39:00.997098
Manouba,103363802,greenfield,,36.8494462,10.1442467,2026-02-15T13:39:00.997098
Manouba,103399514,industrial,الوكالة الوطنية للتبغ والوقيد,36.7799865,10.1803158,2026-02-15T13:39:00.997098
Manouba,103399528,industrial,,36.7793194,10.1779393,2026-02-15T13:39:00.997098
Manouba,103399731,industrial,,36.7830487,10.1795616,2026-02-15T13:39:00.997098
Manouba,103727822,industrial,,36.8205164,10.1180074,2026-02-15T13:39:00.997098
Manouba,103825204,greenfield,,36.827057,10.1198554,2026-02-15T13:39:00.997098
Manouba,103825264,residential,,36.8226681,10.120055,2026-02-15T13:39:00.997098
Manouba,103825275,village_green,,36.8089155,10.126881,2026-02-15T13:39:00.997098
Manouba,103825503,village_green,,36.8284558,10.1150683,2026-02-15T13:39:00.997098
Manouba,103825575,residential,,36.8100079,10.1268345,2026-02-15T13:39:00.997098
Manouba,103825622,industrial,,36.8295983,10.1174558,2026-02-15T13:39:00.997098
Manouba,103825643,village_green,,36.8100404,10.1324898,2026-02-15T13:39:00.997098
Manouba,103825668,greenfield,,36.8264892,10.1184322,2026-02-15T13:39:00.997098
Manouba,103825723,greenfield,,36.8272572,10.1186733,2026-02-15T13:39:00.997098
Manouba,103825731,greenfield,,36.8277964,10.1190021,2026-02-15T13:39:00.997098
Manouba,103825764,village_green,Palais Ksar Saïd,36.8112178,10.1306378,2026-02-15T13:39:00.997098
Manouba,103825771,residential,باردو,36.8143334,10.1404042,2026-02-15T13:39:00.997098
Manouba,103825976,greenfield,,36.8177017,10.122827,2026-02-15T13:39:00.997098
Manouba,103826030,greenfield,,36.8124252,10.1294753,2026-02-15T13:39:00.997098
Manouba,103826034,industrial,,36.812055,10.1308334,2026-02-15T13:39:00.997098
Manouba,103826037,brownfield,,36.8289734,10.1172366,2026-02-15T13:39:00.997098
Manouba,103856634,village_green,,36.8267444,10.1213454,2026-02-15T13:39:00.997098
Manouba,103856656,village_green,,36.8252332,10.1281569,2026-02-15T13:39:00.997098
Manouba,103856701,brownfield,,36.8200882,10.1282927,2026-02-15T13:39:00.997098
Manouba,103856726,greenfield,,36.8208504,10.1331092,2026-02-15T13:39:00.997098
Manouba,103856745,brownfield,,36.8211581,10.1239699,2026-02-15T13:39:00.997098
Manouba,103856778,brownfield,,36.8186023,10.1274027,2026-02-15T13:39:00.997098
Manouba,103856788,village_green,,36.8239653,10.1330599,2026-02-15T13:39:00.997098
Manouba,103856829,retail,,36.8244304,10.1341548,2026-02-15T13:39:00.997098
Manouba,103856858,brownfield,,36.8248127,10.1260488,2026-02-15T13:39:00.997098
Manouba,103856919,brownfield,,36.8259108,10.1222215,2026-02-15T13:39:00.997098
Manouba,103856946,village_green,,36.8242755,10.1347994,2026-02-15T13:39:00.997098
Manouba,103856964,brownfield,,36.8258607,10.1212648,2026-02-15T13:39:00.997098
Manouba,103856986,greenfield,,36.8239268,10.1321761,2026-02-15T13:39:00.997098
Manouba,103856998,brownfield,,36.8229432,10.1357576,2026-02-15T13:39:00.997098
Manouba,103857024,brownfield,,36.8260886,10.1228137,2026-02-15T13:39:00.997098
Manouba,103912782,village_green,,36.8270556,10.1232626,2026-02-15T13:39:00.997098
Manouba,103912797,village_green,,36.8252827,10.1290743,2026-02-15T13:39:00.997098
Manouba,103912801,village_green,,36.826614,10.1246599,2026-02-15T13:39:00.997098
Manouba,103912816,village_green,,36.8262269,10.1259483,2026-02-15T13:39:00.997098
Manouba,103912822,brownfield,,36.8303516,10.1207993,2026-02-15T13:39:00.997098
Manouba,103912829,residential,,36.8247627,10.1281314,2026-02-15T13:39:00.997098
Manouba,103912835,village_green,,36.8259331,10.1271126,2026-02-15T13:39:00.997098
Manouba,103919907,industrial,,36.8293709,10.1202511,2026-02-15T13:39:00.997098
Manouba,103919908,brownfield,,36.8283097,10.1204432,2026-02-15T13:39:00.997098
Manouba,103919910,industrial,,36.8311349,10.1196449,2026-02-15T13:39:00.997098
Manouba,103919911,village_green,,36.8204236,10.1274074,2026-02-15T13:39:00.997098
Manouba,103919919,residential,,36.8321444,10.1191197,2026-02-15T13:39:00.997098
Manouba,103925697,greenfield,,36.8294565,10.1363446,2026-02-15T13:39:00.997098
Manouba,103925701,village_green,,36.8306332,10.1360677,2026-02-15T13:39:00.997098
Manouba,103925708,village_green,,36.8277424,10.1346736,2026-02-15T13:39:00.997098
Manouba,103925717,village_green,,36.8284546,10.1354518,2026-02-15T13:39:00.997098
Manouba,103925719,greenfield,,36.8301141,10.1366968,2026-02-15T13:39:00.997098
Manouba,103925727,greenfield,,36.8302354,10.137596,2026-02-15T13:39:00.997098
Manouba,104146045,greenfield,,36.8070318,10.1462959,2026-02-15T13:39:00.997098
Manouba,104146060,village_green,,36.8101277,10.1533926,2026-02-15T13:39:00.997098
Manouba,104146062,greenfield,,36.8071545,10.1502219,2026-02-15T13:39:00.997098
Manouba,104343287,greenfield,,36.8284584,10.1667882,2026-02-15T13:39:00.997098
Manouba,104343297,greenfield,,36.8293024,10.1609132,2026-02-15T13:39:00.997098
Manouba,104343324,greenfield,,36.8297776,10.16122,2026-02-15T13:39:00.997098
Manouba,104343333,greenfield,,36.8286319,10.1664091,2026-02-15T13:39:00.997098
Manouba,104343341,greenfield,,36.8306671,10.1580286,2026-02-15T13:39:00.997098
Manouba,104343347,greenfield,,36.8285692,10.167207,2026-02-15T13:39:00.997098
Manouba,104343349,greenfield,,36.8256069,10.1742904,2026-02-15T13:39:00.997098
Manouba,104343358,village_green,,36.8273074,10.1722232,2026-02-15T13:39:00.997098
Manouba,104343359,greenfield,,36.8305401,10.1604341,2026-02-15T13:39:00.997098
Manouba,104343372,greenfield,,36.8281011,10.1668829,2026-02-15T13:39:00.997098
Manouba,104343377,greenfield,,36.8250929,10.174908,2026-02-15T13:39:00.997098
Manouba,104343378,greenfield,,36.8295899,10.1613233,2026-02-15T13:39:00.997098
Manouba,104343384,greenfield,,36.8306026,10.1578153,2026-02-15T13:39:00.997098
Manouba,104536542,commercial,وزارة الشؤون الخارجية,36.8301953,10.1570892,2026-02-15T13:39:00.997098
Manouba,104536560,greenfield,,36.8296868,10.1798554,2026-02-15T13:39:00.997098
Manouba,104536566,village_green,,36.828568,10.1680717,2026-02-15T13:39:00.997098
Manouba,104536584,greenfield,,36.8386571,10.1667356,2026-02-15T13:39:00.997098
Manouba,104536589,greenfield,,36.829707,10.1796761,2026-02-15T13:39:00.997098
Manouba,104536652,grass,,36.8301269,10.1579907,2026-02-15T13:39:00.997098
Manouba,104536685,greenfield,,36.8396651,10.1690218,2026-02-15T13:39:00.997098
Manouba,104536692,greenfield,,36.829861,10.1796148,2026-02-15T13:39:00.997098
Manouba,104536697,greenfield,,36.8382587,10.1644388,2026-02-15T13:39:00.997098
Manouba,105557700,grass,,36.8498578,10.1904908,2026-02-15T13:39:00.997098
Manouba,105557701,village_green,,36.8388804,10.186369,2026-02-15T13:39:00.997098
Manouba,105557726,village_green,,36.835911,10.183946,2026-02-15T13:39:00.997098
Manouba,105557729,commercial,,36.8434068,10.1860139,2026-02-15T13:39:00.997098
Manouba,105557749,commercial,,36.8486397,10.195663,2026-02-15T13:39:00.997098
Manouba,105557787,village_green,,36.850481,10.1909836,2026-02-15T13:39:00.997098
Manouba,105557789,grass,,36.8398174,10.185204,2026-02-15T13:39:00.997098
Manouba,105557790,village_green,,36.85086,10.192772,2026-02-15T13:39:00.997098
Manouba,105557847,residential,,36.8470205,10.1855554,2026-02-15T13:39:00.997098
Manouba,105557849,grass,,36.8476659,10.1887814,2026-02-15T13:39:00.997098
Manouba,105557863,grass,,36.8495804,10.1936028,2026-02-15T13:39:00.997098
Manouba,105557892,brownfield,,36.848222,10.1924112,2026-02-15T13:39:00.997098
Manouba,105557908,commercial,,36.8482574,10.1900971,2026-02-15T13:39:00.997098
Manouba,105557912,retail,,36.8452759,10.1837621,2026-02-15T13:39:00.997098
Manouba,105557917,village_green,,36.8413428,10.1845213,2026-02-15T13:39:00.997098
Manouba,105588051,grass,,36.8403133,10.1949411,2026-02-15T13:39:00.997098
Manouba,105588088,grass,,36.8419192,10.1961137,2026-02-15T13:39:00.997098
Manouba,105588090,village_green,,36.8413994,10.1897562,2026-02-15T13:39:00.997098
Manouba,105588091,greenfield,,36.8402762,10.1965421,2026-02-15T13:39:00.997098
Manouba,105588093,grass,,36.840224,10.1930895,2026-02-15T13:39:00.997098
Manouba,105588106,greenfield,,36.842616,10.1917631,2026-02-15T13:39:00.997098
Manouba,105588122,commercial,,36.8408125,10.1950496,2026-02-15T13:39:00.997098
Manouba,105588137,farmland,,36.8410244,10.1903051,2026-02-15T13:39:00.997098
Manouba,105588189,grass,,36.8399874,10.1941819,2026-02-15T13:39:00.997098
Manouba,105588210,brownfield,,36.8421969,10.1937184,2026-02-15T13:39:00.997098
Manouba,105658675,commercial,الحي الإداري,36.8328989,10.1871614,2026-02-15T13:39:00.997098
Manouba,105658783,brownfield,,36.8331832,10.184872,2026-02-15T13:39:00.997098
Manouba,105658804,farmyard,,36.8390992,10.1891935,2026-02-15T13:39:00.997098
Manouba,105658860,grass,,36.8388856,10.1885074,2026-02-15T13:39:00.997098
Manouba,105658905,residential,,36.8327338,10.1893547,2026-02-15T13:39:00.997098
Manouba,105658928,grass,,36.8345084,10.1843604,2026-02-15T13:39:00.997098
Manouba,105658987,village_green,,36.8328824,10.1833841,2026-02-15T13:39:00.997098
Manouba,105658990,brownfield,,36.8340678,10.1826666,2026-02-15T13:39:00.997098
Manouba,105755285,grass,,36.8295261,10.1594709,2026-02-15T13:39:00.997098
Manouba,105755313,grass,,36.8292876,10.1593531,2026-02-15T13:39:00.997098
Manouba,105755323,grass,,36.8210518,10.1782384,2026-02-15T13:39:00.997098
Manouba,105755329,grass,,36.8293238,10.1584917,2026-02-15T13:39:00.997098
Manouba,105755424,residential,,36.8289963,10.1728084,2026-02-15T13:39:00.997098
Manouba,105755473,grass,,36.8289562,10.1589746,2026-02-15T13:39:00.997098
Manouba,105755483,grass,,36.827911,10.1589203,2026-02-15T13:39:00.997098
Manouba,105755486,greenfield,,36.8292571,10.1682637,2026-02-15T13:39:00.997098
Manouba,105755487,grass,,36.8277698,10.1595548,2026-02-15T13:39:00.997098
Manouba,105755491,grass,,36.8286547,10.1577295,2026-02-15T13:39:00.997098
Manouba,107298902,greenfield,,36.8472915,10.1679136,2026-02-15T13:39:00.997098
Manouba,107298904,greenfield,,36.8436817,10.1651743,2026-02-15T13:39:00.997098
Manouba,107298909,greenfield,,36.843495,10.1658536,2026-02-15T13:39:00.997098
Manouba,107298922,greenfield,,36.8435252,10.1655128,2026-02-15T13:39:00.997098
Manouba,107298935,greenfield,,36.8470973,10.1662675,2026-02-15T13:39:00.997098
Manouba,107426635,greenfield,,36.8530128,10.1527078,2026-02-15T13:39:00.997098
Manouba,107426637,greenfield,,36.8563237,10.1531095,2026-02-15T13:39:00.997098
Manouba,107426639,greenfield,,36.8565405,10.1535396,2026-02-15T13:39:00.997098
Manouba,107462230,greenfield,حديقة كولزي صولة,36.8384667,10.1570241,2026-02-15T13:39:00.997098
Manouba,107570073,village_green,,36.8359183,10.1498014,2026-02-15T13:39:00.997098
Manouba,107570082,village_green,,36.8364047,10.1497522,2026-02-15T13:39:00.997098
Manouba,107570098,village_green,,36.8367955,10.1497745,2026-02-15T13:39:00.997098
Manouba,107702633,village_green,,36.8334871,10.1359807,2026-02-15T13:39:00.997098
Manouba,107702634,brownfield,,36.8333941,10.1408455,2026-02-15T13:39:00.997098
Manouba,107769345,greenfield,,36.7780921,10.1911438,2026-02-15T13:39:00.997098
Manouba,107769358,quarry,,36.7734266,10.1946021,2026-02-15T13:39:00.997098
Manouba,107769376,greenfield,,36.7801074,10.1950074,2026-02-15T13:39:00.997098
Manouba,107769378,brownfield,,36.7686983,10.1956228,2026-02-15T13:39:00.997098
Manouba,107769397,residential,,36.7819009,10.1816857,2026-02-15T13:39:00.997098
Manouba,107769403,village_green,,36.7693826,10.1964764,2026-02-15T13:39:00.997098
Manouba,107769415,industrial,,36.7732738,10.1967434,2026-02-15T13:39:00.997098
Manouba,107769428,industrial,,36.7791594,10.1958291,2026-02-15T13:39:00.997098
Manouba,107769436,commercial,,36.7804692,10.1949919,2026-02-15T13:39:00.997098
Manouba,107769454,residential,,36.7766698,10.1887315,2026-02-15T13:39:00.997098
Manouba,107769463,brownfield,,36.7708839,10.1918874,2026-02-15T13:39:00.997098
Manouba,107769521,residential,,36.7807084,10.1825539,2026-02-15T13:39:00.997098
Manouba,107769532,greenfield,,36.7756472,10.193563,2026-02-15T13:39:00.997098
Manouba,107769539,brownfield,,36.7788527,10.1945109,2026-02-15T13:39:00.997098
Manouba,107769548,village_green,,36.7807545,10.182391,2026-02-15T13:39:00.997098
Manouba,107769561,grass,,36.7805802,10.1863945,2026-02-15T13:39:00.997098
Manouba,107769564,village_green,,36.7819557,10.185363,2026-02-15T13:39:00.997098
Manouba,107769587,residential,,36.7679678,10.1952901,2026-02-15T13:39:00.997098
Manouba,107769597,industrial,,36.7690615,10.1941643,2026-02-15T13:39:00.997098
Manouba,107769609,industrial,,36.7804876,10.1818984,2026-02-15T13:39:00.997098
Manouba,107769615,residential,,36.777959,10.1950467,2026-02-15T13:39:00.997098
Manouba,107769632,village_green,,36.7774953,10.1969756,2026-02-15T13:39:00.997098
Manouba,107769645,brownfield,,36.777455,10.1957567,2026-02-15T13:39:00.997098
Manouba,107808673,industrial,,36.7995225,10.1976503,2026-02-15T13:39:00.997098
Manouba,107858423,grass,,36.780722,10.198095,2026-02-15T13:39:00.997098
Manouba,107858747,grass,,36.7860653,10.1946089,2026-02-15T13:39:00.997098
Manouba,107911489,grass,,36.7854732,10.1943613,2026-02-15T13:39:00.997098
Manouba,107911499,brownfield,,36.7929685,10.1968164,2026-02-15T13:39:00.997098
Manouba,107980283,brownfield,,36.8325901,10.1394697,2026-02-15T13:39:00.997098
Manouba,107980284,village_green,,36.8335055,10.1373922,2026-02-15T13:39:00.997098
Manouba,107980286,village_green,,36.8300537,10.139193,2026-02-15T13:39:00.997098
Manouba,107980287,village_green,,36.8313695,10.1380824,2026-02-15T13:39:00.997098
Manouba,107980293,brownfield,,36.8309296,10.1374254,2026-02-15T13:39:00.997098
Manouba,107980303,village_green,,36.8318375,10.1376714,2026-02-15T13:39:00.997098
Manouba,107980304,brownfield,,36.8308389,10.140896,2026-02-15T13:39:00.997098
Manouba,107980306,brownfield,,36.8297842,10.1403297,2026-02-15T13:39:00.997098
Manouba,107980308,village_green,,36.8321189,10.1374245,2026-02-15T13:39:00.997098
Manouba,107980318,village_green,,36.8315948,10.1378757,2026-02-15T13:39:00.997098
Manouba,107980319,brownfield,,36.8349364,10.1405162,2026-02-15T13:39:00.997098
Manouba,107980321,brownfield,,36.8299792,10.1396553,2026-02-15T13:39:00.997098
Manouba,107980326,brownfield,,36.8357743,10.1408261,2026-02-15T13:39:00.997098
Manouba,107980334,village_green,,36.8329014,10.1388164,2026-02-15T13:39:00.997098
Manouba,108032424,village_green,,36.8345275,10.1353441,2026-02-15T13:39:00.997098
Manouba,108032436,village_green,,36.8348307,10.1350518,2026-02-15T13:39:00.997098
Manouba,108032438,village_green,,36.8342072,10.1356181,2026-02-15T13:39:00.997098
Manouba,108032439,greenfield,,36.8287073,10.137141,2026-02-15T13:39:00.997098
Manouba,108032440,village_green,,36.8347287,10.135471,2026-02-15T13:39:00.997098
Manouba,108032443,village_green,,36.8352134,10.1347631,2026-02-15T13:39:00.997098
Manouba,108115988,village_green,,36.8265325,10.1433962,2026-02-15T13:39:00.997098
Manouba,108116013,greenfield,,36.8247826,10.1390071,2026-02-15T13:39:00.997098
Manouba,108116016,village_green,,36.8267446,10.1420778,2026-02-15T13:39:00.997098
Manouba,108215052,greenfield,,36.835904,10.1585577,2026-02-15T13:39:00.997098
Manouba,108215069,village_green,,36.8347976,10.1556346,2026-02-15T13:39:00.997098
Manouba,108215075,village_green,,36.8336803,10.1558243,2026-02-15T13:39:00.997098
Manouba,108215089,greenfield,,36.8367838,10.1549179,2026-02-15T13:39:00.997098
Manouba,108215091,greenfield,,36.8351621,10.1570639,2026-02-15T13:39:00.997098
Manouba,108215100,greenfield,,36.8359963,10.1558818,2026-02-15T13:39:00.997098
Manouba,108215101,village_green,,36.8331908,10.1562673,2026-02-15T13:39:00.997098
Manouba,108215106,village_green,,36.8360284,10.159615,2026-02-15T13:39:00.997098
Manouba,108215121,greenfield,,36.8371786,10.1566452,2026-02-15T13:39:00.997098
Manouba,108217711,village_green,,36.8391503,10.1581,2026-02-15T13:39:00.997098
Manouba,108217714,greenfield,,36.8390382,10.1531097,2026-02-15T13:39:00.997098
Manouba,108217717,greenfield,,36.8383275,10.1535797,2026-02-15T13:39:00.997098
Manouba,108217720,greenfield,,36.8396837,10.1600549,2026-02-15T13:39:00.997098
Manouba,108689033,greenfield,,36.8271712,10.1891716,2026-02-15T13:39:00.997098
Manouba,108689078,village_green,,36.8265937,10.1918333,2026-02-15T13:39:00.997098
Manouba,108689102,brownfield,,36.8258412,10.1943153,2026-02-15T13:39:00.997098
Manouba,108689109,greenfield,,36.8237245,10.187768,2026-02-15T13:39:00.997098
Manouba,108689121,commercial,,36.8214633,10.1875796,2026-02-15T13:39:00.997098
Manouba,108689123,brownfield,,36.8291429,10.1890978,2026-02-15T13:39:00.997098
Manouba,108689125,greenfield,,36.8254767,10.1936871,2026-02-15T13:39:00.997098
Manouba,108689160,brownfield,,36.8171692,10.1900202,2026-02-15T13:39:00.997098
Manouba,108689192,retail,,36.8248003,10.194717,2026-02-15T13:39:00.997098
Manouba,108689195,commercial,,36.8259467,10.1938054,2026-02-15T13:39:00.997098
Manouba,108689197,brownfield,,36.8281584,10.1884479,2026-02-15T13:39:00.997098
Manouba,108689209,brownfield,,36.8265852,10.1937317,2026-02-15T13:39:00.997098
Manouba,108689236,retail,,36.8273416,10.1921214,2026-02-15T13:39:00.997098
Manouba,108689243,residential,,36.8286106,10.1901673,2026-02-15T13:39:00.997098
Manouba,108689245,industrial,,36.8263385,10.1897156,2026-02-15T13:39:00.997098
Manouba,108689267,retail,,36.8207392,10.1890245,2026-02-15T13:39:00.997098
Manouba,108689270,commercial,,36.8196895,10.1898507,2026-02-15T13:39:00.997098
Manouba,109074390,village_green,,36.8352233,10.1497352,2026-02-15T13:39:00.997098
Manouba,109431595,village_green,,36.8019966,10.1781163,2026-02-15T13:39:00.998092
Manouba,109431629,village_green,,36.8013746,10.1785667,2026-02-15T13:39:00.998092
Manouba,109431630,village_green,,36.7993145,10.1764008,2026-02-15T13:39:00.998092
Manouba,109431635,village_green,,36.7993645,10.1771583,2026-02-15T13:39:00.998092
Manouba,109431689,village_green,,36.8006949,10.178596,2026-02-15T13:39:00.998092
Manouba,109431714,village_green,,36.7994453,10.1780271,2026-02-15T13:39:00.998092
Manouba,109431722,village_green,ساحة العملة,36.8017921,10.1776429,2026-02-15T13:39:00.998092
Manouba,109431732,retail,,36.7979736,10.1772285,2026-02-15T13:39:00.998092
Manouba,109431759,village_green,,36.8020808,10.1787871,2026-02-15T13:39:00.998092
Manouba,109431781,village_green,,36.800593,10.1782592,2026-02-15T13:39:00.998092
Manouba,109431791,village_green,,36.8020646,10.1783711,2026-02-15T13:39:00.998092
Manouba,109465179,village_green,,36.7960148,10.1769865,2026-02-15T13:39:00.998092
Manouba,109465190,village_green,,36.7968536,10.17893,2026-02-15T13:39:00.998092
Manouba,109465207,village_green,,36.7948631,10.1760242,2026-02-15T13:39:00.998092
Manouba,109465221,village_green,,36.7967701,10.1795333,2026-02-15T13:39:00.998092
Manouba,109574160,village_green,,36.839569,10.1760969,2026-02-15T13:39:00.998092
Manouba,109574164,village_green,,36.8376816,10.173309,2026-02-15T13:39:00.998092
Manouba,109574184,greenfield,,36.8371643,10.1767309,2026-02-15T13:39:00.998092
Manouba,109574193,greenfield,,36.8439577,10.17815,2026-02-15T13:39:00.998092
Manouba,109574198,village_green,,36.8365022,10.1743419,2026-02-15T13:39:00.998092
Manouba,109574200,village_green,,36.8400224,10.1691622,2026-02-15T13:39:00.998092
Manouba,109574206,residential,,36.8402236,10.1770284,2026-02-15T13:39:00.998092
Manouba,109574209,village_green,,36.8354405,10.1759702,2026-02-15T13:39:00.998092
Manouba,109586036,village_green,,36.7943423,10.1694589,2026-02-15T13:39:00.998092
Manouba,109586074,residential,,36.7926501,10.1785629,2026-02-15T13:39:00.998092
Manouba,109586085,village_green,,36.7938409,10.1782019,2026-02-15T13:39:00.998092
Manouba,109586134,village_green,,36.7917017,10.1774352,2026-02-15T13:39:00.998092
Manouba,109586151,railway,,36.7905783,10.1786103,2026-02-15T13:39:00.998092
Manouba,109586177,village_green,,36.7906892,10.1798998,2026-02-15T13:39:00.998092
Manouba,109817880,village_green,,36.785743,10.1728018,2026-02-15T13:39:00.998092
Manouba,109818068,village_green,,36.7883552,10.1783504,2026-02-15T13:39:00.998092
Manouba,109870050,brownfield,,36.8666306,10.1805464,2026-02-15T13:39:00.998092
Manouba,109870143,residential,,36.8650875,10.1826079,2026-02-15T13:39:00.998092
Manouba,109942130,residential,,36.7905922,10.1716831,2026-02-15T13:39:00.998092
Manouba,110150540,grass,,36.8080135,10.1596803,2026-02-15T13:39:00.998092
Manouba,110150552,brownfield,,36.8040048,10.1636555,2026-02-15T13:39:00.998092
Manouba,110150720,brownfield,,36.8124228,10.1740173,2026-02-15T13:39:00.998092
Manouba,110150797,greenfield,,36.8105293,10.1754181,2026-02-15T13:39:00.998092
Manouba,110347301,brownfield,,36.813969,10.1834733,2026-02-15T13:39:00.998092
Manouba,110347311,commercial,,36.8146186,10.1833678,2026-02-15T13:39:00.998092
Manouba,110347326,industrial,,36.8079962,10.1837465,2026-02-15T13:39:00.998092
Manouba,110347423,village_green,,36.8221061,10.1792986,2026-02-15T13:39:00.998092
Manouba,110404099,military,,36.8154805,10.1563846,2026-02-15T13:39:00.998092
Manouba,110471835,brownfield,,36.8210288,10.1936715,2026-02-15T13:39:00.998092
Manouba,110471838,brownfield,,36.8219024,10.1930556,2026-02-15T13:39:00.998092
Manouba,110471853,brownfield,,36.8207434,10.1905634,2026-02-15T13:39:00.998092
Manouba,110471876,brownfield,,36.8216462,10.1918275,2026-02-15T13:39:00.998092
Manouba,110471898,cemetery,مقبرة بورجل,36.8241509,10.1909993,2026-02-15T13:39:00.998092
Manouba,110471904,cemetery,المقبرة المسيحية,36.8244197,10.1916278,2026-02-15T13:39:00.998092
Manouba,110472016,brownfield,,36.8120049,10.1928375,2026-02-15T13:39:00.998092
Manouba,110472017,brownfield,,36.8245283,10.2072557,2026-02-15T13:39:00.998092
Manouba,110473177,grass,,36.8140582,10.1902624,2026-02-15T13:39:00.998092
Manouba,110473181,village_green,,36.8157689,10.1896018,2026-02-15T13:39:00.998092
Manouba,110473183,village_green,,36.8147311,10.1884714,2026-02-15T13:39:00.998092
Manouba,110538679,industrial,الشركة التونسية للكهرباء والغاز,36.8136475,10.1643648,2026-02-15T13:39:00.998092
Manouba,110538707,industrial,,36.8149165,10.1704912,2026-02-15T13:39:00.998092
Manouba,110538907,village_green,,36.8157825,10.1716221,2026-02-15T13:39:00.998092
Manouba,110581683,brownfield,,36.8236497,10.1547504,2026-02-15T13:39:00.998092
Manouba,110581759,brownfield,,36.8252939,10.1535059,2026-02-15T13:39:00.998092
Manouba,110581782,brownfield,,36.8207032,10.15226,2026-02-15T13:39:00.998092
Manouba,110606073,military,مستشفى عسكري سابق,36.8185925,10.1634886,2026-02-15T13:39:00.998092
Manouba,110606142,village_green,,36.8177568,10.1656399,2026-02-15T13:39:00.998092
Manouba,110606164,brownfield,,36.8209059,10.1609203,2026-02-15T13:39:00.998092
Manouba,110606196,brownfield,,36.821548,10.1578523,2026-02-15T13:39:00.998092
Manouba,110606230,brownfield,,36.8197653,10.1601157,2026-02-15T13:39:00.998092
Manouba,110606371,village_green,,36.8244292,10.1578425,2026-02-15T13:39:00.998092
Manouba,110720892,village_green,Place Mendès France,36.8315293,10.1720414,2026-02-15T13:39:00.998092
Manouba,110955186,greenfield,,36.8386854,10.1725951,2026-02-15T13:39:00.998092
Manouba,110955231,village_green,,36.8430733,10.1760256,2026-02-15T13:39:00.998092
Manouba,110960804,commercial,,36.8422453,10.199706,2026-02-15T13:39:00.998092
Manouba,110960815,residential,,36.8469885,10.1985936,2026-02-15T13:39:00.998092
Manouba,111040340,village_green,,36.8347583,10.1972577,2026-02-15T13:39:00.998092
Manouba,111040364,village_green,,36.8310992,10.1918117,2026-02-15T13:39:00.998092
Manouba,111040376,village_green,,36.8359322,10.1923383,2026-02-15T13:39:00.998092
Manouba,111040389,village_green,,36.8319058,10.1946384,2026-02-15T13:39:00.998092
Manouba,111045290,village_green,,36.8261211,10.2003401,2026-02-15T13:39:00.998092
Manouba,111045297,brownfield,,36.8367904,10.2018735,2026-02-15T13:39:00.998092
Manouba,111048723,village_green,,36.8327568,10.1968152,2026-02-15T13:39:00.998092
Manouba,111048724,industrial,,36.828769,10.1935999,2026-02-15T13:39:00.998092
Manouba,111048751,village_green,,36.8284349,10.1953817,2026-02-15T13:39:00.998092
Manouba,111048759,brownfield,,36.8280417,10.1933886,2026-02-15T13:39:00.998092
Manouba,111048762,brownfield,,36.8268802,10.1953922,2026-02-15T13:39:00.998092
Manouba,111048771,village_green,,36.8324441,10.198535,2026-02-15T13:39:00.998092
Manouba,111048776,brownfield,,36.8265718,10.1946333,2026-02-15T13:39:00.998092
Manouba,111048777,village_green,,36.82831,10.1967747,2026-02-15T13:39:00.998092
Manouba,111048793,village_green,,36.8321455,10.197412,2026-02-15T13:39:00.998092
Manouba,111469980,reservoir,,36.8694208,10.0988532,2026-02-15T13:39:00.998092
Manouba,111470028,residential,,36.8891663,10.0795479,2026-02-15T13:39:00.998092
Manouba,111470033,residential,,36.8863107,10.074774,2026-02-15T13:39:00.998092
Manouba,111470083,military,,36.8690594,10.0744786,2026-02-15T13:39:00.998092
Manouba,111470103,residential,,36.8817598,10.071183,2026-02-15T13:39:00.998092
Manouba,111470110,residential,,36.8832856,10.0689839,2026-02-15T13:39:00.998092
Manouba,111470157,residential,,36.8877338,10.0825539,2026-02-15T13:39:00.998092
Manouba,111470173,cemetery,,36.8870818,10.0740209,2026-02-15T13:39:00.998092
Manouba,111522459,orchard,,36.8887099,10.0643894,2026-02-15T13:39:00.998092
Manouba,111522476,orchard,,36.8819691,10.0715044,2026-02-15T13:39:00.998092
Manouba,111522483,orchard,,36.8814693,10.060124,2026-02-15T13:39:00.998092
Manouba,111522492,orchard,,36.8822944,10.0567674,2026-02-15T13:39:00.998092
Manouba,111522551,orchard,,36.8924993,10.0651618,2026-02-15T13:39:00.998092
Manouba,111522561,farmland,,36.8871876,10.0507888,2026-02-15T13:39:00.998092
Manouba,111522565,reservoir,,36.8871434,10.0650097,2026-02-15T13:39:00.998092
Manouba,111522602,orchard,,36.8798817,10.0586447,2026-02-15T13:39:00.998092
Manouba,111522612,orchard,,36.892437,10.0540242,2026-02-15T13:39:00.998092
Manouba,111522631,orchard,,36.8820612,10.0661658,2026-02-15T13:39:00.998092
Manouba,111522656,farmyard,,36.8805848,10.0654449,2026-02-15T13:39:00.998092
Manouba,111526140,orchard,,36.8947626,10.0857378,2026-02-15T13:39:00.998092
Manouba,111526166,orchard,,36.8912821,10.0818806,2026-02-15T13:39:00.998092
Manouba,111526171,residential,,36.8932497,10.0870919,2026-02-15T13:39:00.998092
Manouba,111526205,orchard,,36.8904828,10.0780281,2026-02-15T13:39:00.998092
Manouba,111526209,orchard,,36.8925096,10.0867987,2026-02-15T13:39:00.998092
Manouba,117426344,village_green,,36.8404377,10.1528699,2026-02-15T13:39:00.998092
Manouba,117426358,village_green,,36.8450101,10.1624903,2026-02-15T13:39:00.998092
Manouba,117426380,village_green,,36.8343489,10.1534196,2026-02-15T13:39:00.998092
Manouba,117426382,greenfield,,36.8413799,10.1566529,2026-02-15T13:39:00.998092
Manouba,117426385,village_green,,36.8396332,10.1666139,2026-02-15T13:39:00.998092
Manouba,117426414,brownfield,,36.8432044,10.1640853,2026-02-15T13:39:00.998092
Manouba,117426431,village_green,,36.8348426,10.153128,2026-02-15T13:39:00.998092
Manouba,117426437,village_green,,36.8386512,10.155546,2026-02-15T13:39:00.998092
Manouba,117426441,village_green,,36.8407533,10.1541585,2026-02-15T13:39:00.998092
Manouba,117429507,brownfield,,36.8358661,10.1508329,2026-02-15T13:39:00.998092
Manouba,117429549,brownfield,,36.8365894,10.1491999,2026-02-15T13:39:00.998092
Manouba,117429554,brownfield,,36.8358098,10.1491819,2026-02-15T13:39:00.998092
Manouba,117439131,brownfield,,36.8385661,10.1360784,2026-02-15T13:39:00.998092
Manouba,117439134,brownfield,,36.8364961,10.1385289,2026-02-15T13:39:00.998092
Manouba,117439140,brownfield,,36.8405009,10.1428357,2026-02-15T13:39:00.998092
Manouba,117439150,brownfield,,36.8376371,10.1373302,2026-02-15T13:39:00.998092
Manouba,117439151,brownfield,,36.8372131,10.1367451,2026-02-15T13:39:00.998092
Manouba,117439153,brownfield,,36.8367004,10.1381097,2026-02-15T13:39:00.998092
Manouba,117439155,greenfield,,36.8374186,10.1405331,2026-02-15T13:39:00.998092
Manouba,117439160,greenfield,,36.8371859,10.1399062,2026-02-15T13:39:00.998092
Manouba,117439166,brownfield,,36.8356765,10.1386176,2026-02-15T13:39:00.998092
Manouba,117439168,greenfield,,36.8391079,10.1395814,2026-02-15T13:39:00.998092
Manouba,117439169,brownfield,,36.8383189,10.1375376,2026-02-15T13:39:00.998092
Manouba,117439172,brownfield,,36.8411311,10.1420711,2026-02-15T13:39:00.998092
Manouba,117439177,brownfield,,36.8364417,10.1363945,2026-02-15T13:39:00.998092
Manouba,117439178,greenfield,,36.8380539,10.1398392,2026-02-15T13:39:00.998092
Manouba,117439187,brownfield,,36.8379554,10.1348113,2026-02-15T13:39:00.998092
Manouba,117439194,brownfield,,36.8407462,10.1433603,2026-02-15T13:39:00.998092
Manouba,117439199,brownfield,,36.8396246,10.1436683,2026-02-15T13:39:00.998092
Manouba,117439204,village_green,,36.8398003,10.1337599,2026-02-15T13:39:00.998092
Manouba,117439205,brownfield,,36.8371891,10.1355705,2026-02-15T13:39:00.998092
Manouba,117439208,brownfield,,36.8382896,10.1382238,2026-02-15T13:39:00.998092
Manouba,117439211,brownfield,,36.8410241,10.1356418,2026-02-15T13:39:00.998092
Manouba,117439214,brownfield,,36.8372845,10.1386964,2026-02-15T13:39:00.998092
Manouba,117439220,brownfield,,36.8362091,10.1355002,2026-02-15T13:39:00.998092
Manouba,117439221,industrial,,36.8407842,10.1458605,2026-02-15T13:39:00.998092
Manouba,117439223,brownfield,,36.8379821,10.1387458,2026-02-15T13:39:00.998092
Manouba,117439228,brownfield,,36.8397245,10.1424009,2026-02-15T13:39:00.998092
Manouba,117439229,residential,,36.8449641,10.1381834,2026-02-15T13:39:00.998092
Manouba,117439231,brownfield,,36.8387686,10.1425971,2026-02-15T13:39:00.998092
Manouba,117439233,brownfield,,36.8379588,10.1373896,2026-02-15T13:39:00.998092
Manouba,117550992,greenfield,,36.8513461,10.1315312,2026-02-15T13:39:00.998092
Manouba,117551011,brownfield,,36.8435757,10.1326235,2026-02-15T13:39:00.998092
Manouba,117551028,brownfield,,36.8534048,10.130405,2026-02-15T13:39:00.998092
Manouba,117551029,greenfield,,36.8520129,10.1328633,2026-02-15T13:39:00.998092
Manouba,117551046,greenfield,,36.8509128,10.1298062,2026-02-15T13:39:00.998092
Manouba,117551049,greenfield,,36.8513395,10.1329335,2026-02-15T13:39:00.998092
Manouba,117551050,greenfield,,36.851713,10.1295297,2026-02-15T13:39:00.998092
Manouba,117551065,greenfield,,36.8526975,10.1364268,2026-02-15T13:39:00.998092
Manouba,117551068,brownfield,,36.8506967,10.131029,2026-02-15T13:39:00.998092
Manouba,117551074,greenfield,,36.8506413,10.1294348,2026-02-15T13:39:00.998092
Manouba,117551082,brownfield,,36.8521119,10.1346549,2026-02-15T13:39:00.998092
Manouba,117551084,greenfield,,36.8510688,10.1302719,2026-02-15T13:39:00.998092
Manouba,117551085,greenfield,,36.8427159,10.1410726,2026-02-15T13:39:00.998092
Manouba,117551086,greenfield,,36.8508236,10.1317076,2026-02-15T13:39:00.998092
Manouba,117551088,greenfield,,36.850999,10.1334404,2026-02-15T13:39:00.998092
Manouba,117551090,brownfield,,36.8513568,10.1323883,2026-02-15T13:39:00.998092
Manouba,117551092,brownfield,,36.8515581,10.134199,2026-02-15T13:39:00.998092
Manouba,117551095,greenfield,,36.8527159,10.1327147,2026-02-15T13:39:00.998092
Manouba,117551100,greenfield,,36.8528469,10.1360048,2026-02-15T13:39:00.998092
Manouba,117551102,greenfield,,36.8512985,10.1296762,2026-02-15T13:39:00.998092
Manouba,117551103,residential,,36.8469525,10.133131,2026-02-15T13:39:00.998092
Manouba,117551126,brownfield,,36.8519077,10.1318362,2026-02-15T13:39:00.998092
Manouba,117551129,greenfield,,36.851662,10.1328012,2026-02-15T13:39:00.998092
Manouba,117551143,brownfield,,36.8473131,10.1319763,2026-02-15T13:39:00.998092
Manouba,117551146,brownfield,,36.8505232,10.1299311,2026-02-15T13:39:00.998092
Manouba,117551149,greenfield,,36.8515386,10.1303976,2026-02-15T13:39:00.998092
Manouba,128172365,greenfield,,36.8185904,10.106925,2026-02-15T13:39:00.998092
Manouba,128172370,greenfield,,36.8183543,10.1063159,2026-02-15T13:39:00.998092
Manouba,128172372,greenfield,,36.8188275,10.1072751,2026-02-15T13:39:00.998092
Manouba,128172387,greenfield,,36.8179687,10.1059906,2026-02-15T13:39:00.998092
Manouba,129474918,orchard,,36.7415319,10.0475199,2026-02-15T13:39:00.998092
Manouba,129474919,orchard,,36.7481465,10.0456716,2026-02-15T13:39:00.998092
Manouba,129474922,orchard,,36.7513359,10.045162,2026-02-15T13:39:00.998092
Manouba,129474923,orchard,,36.7622058,10.0460953,2026-02-15T13:39:00.998092
Manouba,129474924,orchard,,36.7372718,10.0325693,2026-02-15T13:39:00.998092
Manouba,129474926,orchard,,36.7498968,10.0368042,2026-02-15T13:39:00.998092
Manouba,129474927,orchard,,36.7574398,10.0356002,2026-02-15T13:39:00.998092
Manouba,129474930,orchard,,36.7490414,10.0446523,2026-02-15T13:39:00.998092
Manouba,129474931,orchard,,36.7379768,10.0340821,2026-02-15T13:39:00.998092
Manouba,129474932,orchard,,36.7498968,10.0583263,2026-02-15T13:39:00.998092
Manouba,129474933,orchard,,36.7535889,10.0370379,2026-02-15T13:39:00.998092
Manouba,129474934,orchard,,36.7385486,10.0366491,2026-02-15T13:39:00.998092
Manouba,129474935,orchard,,36.75949,10.0322176,2026-02-15T13:39:00.998092
Manouba,129474936,orchard,,36.7637016,10.0389581,2026-02-15T13:39:00.998092
Manouba,129474937,orchard,,36.7598122,10.040967,2026-02-15T13:39:00.998092
Manouba,129474938,orchard,,36.7383379,10.0316114,2026-02-15T13:39:00.998092
Manouba,129474939,orchard,,36.7410848,10.041938,2026-02-15T13:39:00.998092
Manouba,129474941,orchard,,36.763495,10.0350171,2026-02-15T13:39:00.998092
Manouba,129474943,orchard,,36.7403411,10.0426193,2026-02-15T13:39:00.998092
Manouba,129474946,orchard,,36.74025,10.0355275,2026-02-15T13:39:00.998092
Manouba,129474947,orchard,,36.7492649,10.0429948,2026-02-15T13:39:00.998092
Manouba,129474948,orchard,,36.7473126,10.0569798,2026-02-15T13:39:00.998092
Manouba,129474950,orchard,,36.7478035,10.0520445,2026-02-15T13:39:00.998092
Manouba,129474951,orchard,,36.7392191,10.0337762,2026-02-15T13:39:00.998092
Manouba,129474952,orchard,,36.7648782,10.040393,2026-02-15T13:39:00.998092
Manouba,129474953,orchard,,36.7474253,10.0537129,2026-02-15T13:39:00.998092
Manouba,129474954,orchard,,36.754715,10.0395508,2026-02-15T13:39:00.998092
Manouba,129497869,orchard,,36.71944,10.089961,2026-02-15T13:39:00.998092
Manouba,129497870,orchard,,36.7172276,10.1091128,2026-02-15T13:39:00.998092
Manouba,129497873,orchard,,36.7228949,10.1069547,2026-02-15T13:39:00.998092
Manouba,129497875,orchard,,36.7176121,10.1026491,2026-02-15T13:39:00.998092
Manouba,129497878,orchard,,36.7199989,10.0920171,2026-02-15T13:39:00.998092
Manouba,129497880,orchard,,36.7175415,10.0926164,2026-02-15T13:39:00.998092
Manouba,129497881,orchard,,36.7254059,10.0671959,2026-02-15T13:39:00.998092
Manouba,129497884,orchard,,36.7211234,10.0897893,2026-02-15T13:39:00.998092
Manouba,129497886,orchard,,36.7195646,10.1156667,2026-02-15T13:39:00.998092
Manouba,129497889,orchard,,36.7205687,10.0922478,2026-02-15T13:39:00.998092
Manouba,129497906,orchard,,36.7196076,10.0916454,2026-02-15T13:39:00.998092
Manouba,129497907,orchard,,36.7234216,10.114247,2026-02-15T13:39:00.998092
Manouba,129497910,orchard,,36.7227508,10.0581553,2026-02-15T13:39:00.998092
Manouba,129497915,orchard,,36.7186853,10.0962159,2026-02-15T13:39:00.998092
Manouba,129497917,orchard,,36.7207664,10.0868351,2026-02-15T13:39:00.998092
Manouba,129497920,orchard,,36.7188487,10.11255,2026-02-15T13:39:00.998092
Manouba,129497923,orchard,,36.7275189,10.0518285,2026-02-15T13:39:00.998092
Manouba,129497927,orchard,,36.7258875,10.0718094,2026-02-15T13:39:00.998092
Manouba,129497933,orchard,,36.7299462,10.0380189,2026-02-15T13:39:00.998092
Manouba,129498306,orchard,,36.7369539,10.0281714,2026-02-15T13:39:00.998092
Manouba,129498308,orchard,,36.763015,10.022865,2026-02-15T13:39:00.998092
Manouba,129498309,orchard,,36.7719268,10.0496474,2026-02-15T13:39:00.998092
Manouba,129498310,orchard,,36.755446,10.0274709,2026-02-15T13:39:00.998092
Manouba,129498314,orchard,,36.7472149,10.018133,2026-02-15T13:39:00.998092
Manouba,129498318,orchard,,36.739875,10.025618,2026-02-15T13:39:00.998092
Manouba,129498319,orchard,,36.7516829,10.0165023,2026-02-15T13:39:00.998092
Manouba,129498320,orchard,,36.7751237,10.0561705,2026-02-15T13:39:00.998092
Manouba,129498324,orchard,,36.7678486,10.0601096,2026-02-15T13:39:00.998092
Manouba,129498328,orchard,,36.7742966,10.0562955,2026-02-15T13:39:00.998092
Manouba,129498331,orchard,,36.7550631,10.0260492,2026-02-15T13:39:00.998092
Manouba,129498334,orchard,,36.7760259,10.0481147,2026-02-15T13:39:00.998092
Manouba,129498869,orchard,,36.7712436,10.0805947,2026-02-15T13:39:00.998092
Manouba,129498871,orchard,,36.7681023,10.0850955,2026-02-15T13:39:00.998092
Manouba,129498877,orchard,,36.7710652,10.0758418,2026-02-15T13:39:00.998092
Manouba,129498878,orchard,,36.7757683,10.0771802,2026-02-15T13:39:00.998092
Manouba,129498880,orchard,,36.7703412,10.0861323,2026-02-15T13:39:00.998092
Manouba,129498882,orchard,,36.7862302,10.0527372,2026-02-15T13:39:00.998092
Manouba,129498883,orchard,,36.7743804,10.066497,2026-02-15T13:39:00.998092
Manouba,129498884,orchard,,36.7665468,10.0912269,2026-02-15T13:39:00.998092
Manouba,129498886,orchard,,36.7668862,10.0934103,2026-02-15T13:39:00.998092
Manouba,129498887,orchard,,36.7651114,10.0948029,2026-02-15T13:39:00.998092
Manouba,129498889,orchard,,36.7763376,10.0627237,2026-02-15T13:39:00.998092
Manouba,129498891,orchard,,36.763517,10.0986189,2026-02-15T13:39:00.998092
Manouba,129498893,orchard,,36.762924,10.0945636,2026-02-15T13:39:00.998092
Manouba,129498894,orchard,,36.7638393,10.0887448,2026-02-15T13:39:00.998092
Manouba,129498899,orchard,,36.7783493,10.0620188,2026-02-15T13:39:00.998092
Manouba,129498900,orchard,,36.7808131,10.0566549,2026-02-15T13:39:00.998092
Manouba,129499011,orchard,,36.7395676,10.0995002,2026-02-15T13:39:00.998092
Manouba,129499012,orchard,,36.7404961,10.1003424,2026-02-15T13:39:00.998092
Manouba,129499013,orchard,,36.739154,10.0967566,2026-02-15T13:39:00.998092
Manouba,129499014,orchard,,36.733003,10.0955024,2026-02-15T13:39:00.998092
Manouba,138715869,brownfield,,36.8159128,10.1847793,2026-02-15T13:39:00.998092
Manouba,138715870,brownfield,,36.816582,10.197484,2026-02-15T13:39:00.998092
Manouba,138715871,brownfield,,36.8110622,10.1841438,2026-02-15T13:39:00.998092
Manouba,142738249,orchard,,36.7678534,9.9974672,2026-02-15T13:39:00.998092
Manouba,142738253,orchard,,36.7636937,10.0064707,2026-02-15T13:39:00.998092
Manouba,142738256,orchard,,36.7635214,10.0033756,2026-02-15T13:39:00.998092
Manouba,142738257,orchard,,36.7627331,10.0074506,2026-02-15T13:39:00.998092
Manouba,142738260,orchard,,36.7624586,10.0058247,2026-02-15T13:39:00.998092
Manouba,142738261,residential,,36.7668627,10.0139129,2026-02-15T13:39:00.998092
Manouba,142738533,residential,,36.743673,10.0298621,2026-02-15T13:39:00.998092
Manouba,142738534,greenhouse_horticulture,,36.7675223,10.0102074,2026-02-15T13:39:00.998092
Manouba,142738535,residential,,36.7377867,10.0387439,2026-02-15T13:39:00.998092
Manouba,142738536,orchard,,36.7434087,10.0369801,2026-02-15T13:39:00.998092
Manouba,142738537,residential,,36.7358016,10.0352672,2026-02-15T13:39:00.998092
Manouba,142738538,orchard,,36.7351211,10.0589781,2026-02-15T13:39:00.998092
Manouba,142985514,residential,المرناقية,36.7567714,10.0130934,2026-02-15T13:39:00.998092
Manouba,144616244,orchard,,36.7804047,9.9866957,2026-02-15T13:39:00.998092
Manouba,144616258,orchard,,36.7842588,9.9973384,2026-02-15T13:39:00.998092
Manouba,144616259,orchard,,36.7424347,10.0232107,2026-02-15T13:39:00.998092
Manouba,144616264,orchard,,36.7451816,10.0301466,2026-02-15T13:39:00.998092
Manouba,144616273,orchard,,36.7462747,10.0260217,2026-02-15T13:39:00.998092
Manouba,144616275,orchard,,36.7454358,10.0258501,2026-02-15T13:39:00.998092
Manouba,144616278,orchard,,36.7663892,10.0121186,2026-02-15T13:39:00.998092
Manouba,144616280,orchard,,36.766049,10.0133482,2026-02-15T13:39:00.998092
Manouba,144616282,orchard,,36.7647871,10.0109048,2026-02-15T13:39:00.998092
Manouba,144616291,orchard,,36.7923182,9.9988675,2026-02-15T13:39:00.998092
Manouba,144616294,farmland,,36.7708651,10.0030089,2026-02-15T13:39:00.998092
Manouba,144616300,orchard,,36.7437041,10.0327969,2026-02-15T13:39:00.998092
Manouba,144711544,orchard,,36.7440778,10.1243167,2026-02-15T13:39:00.998092
Manouba,144711545,orchard,,36.744476,10.1331652,2026-02-15T13:39:00.998092
Manouba,144711546,orchard,,36.7380674,10.1280746,2026-02-15T13:39:00.998092
Manouba,144711547,orchard,,36.7360652,10.1301237,2026-02-15T13:39:00.998092
Manouba,144711548,orchard,,36.7339511,10.1320281,2026-02-15T13:39:00.998092
Manouba,144711549,orchard,,36.7384887,10.1313254,2026-02-15T13:39:00.998092
Manouba,144711550,orchard,,36.7350929,10.1237583,2026-02-15T13:39:00.998092
Manouba,144711551,farmland,,36.7282276,10.1368775,2026-02-15T13:39:00.998092
Manouba,144711552,orchard,,36.7352741,10.1348733,2026-02-15T13:39:00.998092
Manouba,144711553,orchard,,36.7459092,10.1316,2026-02-15T13:39:00.998092
Manouba,144711554,orchard,,36.7400285,10.1248558,2026-02-15T13:39:00.998092
Manouba,144712448,forest,,36.7881815,10.1316155,2026-02-15T13:39:00.998092
Manouba,144712449,forest,,36.7890617,10.1336085,2026-02-15T13:39:00.998092
Manouba,144712451,forest,,36.7918454,10.1424596,2026-02-15T13:39:00.998092
Manouba,144715807,industrial,,36.781744,10.1177464,2026-02-15T13:39:00.998092
Manouba,144715819,industrial,,36.7775517,10.1150368,2026-02-15T13:39:00.998092
Manouba,144717441,industrial,,36.7583364,10.1166086,2026-02-15T13:39:00.998092
Manouba,144717445,orchard,,36.7525089,10.1231827,2026-02-15T13:39:00.998092
Manouba,144717448,orchard,,36.7419408,10.1196931,2026-02-15T13:39:00.998092
Manouba,144717475,orchard,,36.7513135,10.128979,2026-02-15T13:39:00.998092
Manouba,144717479,orchard,,36.7450755,10.1241712,2026-02-15T13:39:00.998092
Manouba,144717480,orchard,,36.7649312,10.1149096,2026-02-15T13:39:00.998092
Manouba,144717481,orchard,,36.7506623,10.1247357,2026-02-15T13:39:00.998092
Manouba,144717483,industrial,,36.7619013,10.1173435,2026-02-15T13:39:00.998092
Manouba,144717489,orchard,,36.7452299,10.132363,2026-02-15T13:39:00.998092
Manouba,144717492,orchard,,36.746609,10.1240437,2026-02-15T13:39:00.998092
Manouba,144718364,farmland,,36.7314368,10.1572138,2026-02-15T13:39:00.998092
Manouba,144718367,farmland,,36.7298392,10.1520483,2026-02-15T13:39:00.998092
Manouba,144718373,farmland,,36.7305701,10.1496011,2026-02-15T13:39:00.998092
Manouba,144809336,orchard,,36.7546809,10.0941041,2026-02-15T13:39:00.998092
Manouba,144809337,orchard,,36.7606548,10.0815513,2026-02-15T13:39:00.998092
Manouba,144809343,residential,,36.7514131,10.0996324,2026-02-15T13:39:00.998092
Manouba,144809344,residential,,36.7642453,10.0713706,2026-02-15T13:39:00.998092
Manouba,144809353,orchard,,36.7636422,10.0832703,2026-02-15T13:39:00.998092
Manouba,144809355,orchard,,36.7591522,10.0879886,2026-02-15T13:39:00.998092
Manouba,144809356,residential,,36.764275,10.0819858,2026-02-15T13:39:00.998092
Manouba,144809357,orchard,,36.7420571,10.0914242,2026-02-15T13:39:00.998092
Manouba,144809361,orchard,,36.7476796,10.0734749,2026-02-15T13:39:00.998092
Manouba,144809365,residential,,36.7665444,10.0778424,2026-02-15T13:39:00.998092
Manouba,144809368,orchard,,36.7421775,10.0883022,2026-02-15T13:39:00.998092
Manouba,144809369,orchard,,36.7521239,10.0664583,2026-02-15T13:39:00.998092
Manouba,144809375,residential,,36.7537697,10.0944957,2026-02-15T13:39:00.998092
Manouba,144809381,orchard,,36.756946,10.0910302,2026-02-15T13:39:00.998092
Manouba,144809385,orchard,,36.7557466,10.0723216,2026-02-15T13:39:00.998092
Manouba,144809395,residential,,36.7519087,10.0973793,2026-02-15T13:39:00.998092
Manouba,144809397,orchard,,36.7444042,10.091907,2026-02-15T13:39:00.998092
Manouba,144811333,orchard,,36.7482652,10.1018073,2026-02-15T13:39:00.998092
Manouba,144811336,orchard,,36.7461804,10.0980981,2026-02-15T13:39:00.998092
Manouba,144811342,residential,,36.7485359,10.1043554,2026-02-15T13:39:00.998092
Manouba,144811347,orchard,,36.7445299,10.1024135,2026-02-15T13:39:00.998092
Manouba,144813043,orchard,,36.7596104,10.0653114,2026-02-15T13:39:00.998092
Manouba,144813623,residential,,36.76738,10.0893491,2026-02-15T13:39:00.998092
Manouba,144813628,orchard,,36.7613036,10.0655314,2026-02-15T13:39:00.998092
Manouba,144813629,orchard,,36.762335,10.0713252,2026-02-15T13:39:00.998092
Manouba,144813630,orchard,,36.757576,10.0638628,2026-02-15T13:39:00.998092
Manouba,144834891,reservoir,,36.7393314,10.0745299,2026-02-15T13:39:00.998092
Manouba,144834897,reservoir,,36.737668,10.0751574,2026-02-15T13:39:00.998092
Manouba,144834898,reservoir,,36.7370829,10.0769522,2026-02-15T13:39:00.998092
Manouba,144834902,reservoir,,36.7397183,10.0737791,2026-02-15T13:39:00.998092
Manouba,144834915,reservoir,,36.739215,10.0730247,2026-02-15T13:39:00.998092
Manouba,144834917,reservoir,,36.738216,10.0738676,2026-02-15T13:39:00.998092
Manouba,144834925,forest,,36.7462502,10.0701336,2026-02-15T13:39:00.998092
Manouba,144834944,forest,,36.745184,10.0773432,2026-02-15T13:39:00.998092
Manouba,144834966,reservoir,,36.7389638,10.0741275,2026-02-15T13:39:00.998092
Manouba,144834967,reservoir,,36.738521,10.072725,2026-02-15T13:39:00.998092
Manouba,144835570,landfill,,36.7406873,10.0718665,2026-02-15T13:39:00.998092
Manouba,144836510,residential,,36.7483387,10.0524901,2026-02-15T13:39:00.998092
Manouba,144836515,reservoir,,36.7459915,10.0635915,2026-02-15T13:39:00.998092
Manouba,144836519,residential,,36.7486806,10.0582434,2026-02-15T13:39:00.998092
Manouba,144836523,orchard,,36.747548,10.0634925,2026-02-15T13:39:00.998092
Manouba,144836528,orchard,,36.746362,10.0621332,2026-02-15T13:39:00.998092
Manouba,144836529,orchard,,36.7483884,10.0617276,2026-02-15T13:39:00.998092
Manouba,144836552,residential,,36.7487084,10.0546868,2026-02-15T13:39:00.998092
Manouba,144836553,residential,,36.7495055,10.0485335,2026-02-15T13:39:00.998092
Manouba,144836555,residential,,36.7520689,10.0265212,2026-02-15T13:39:00.998092
Manouba,144838791,orchard,,36.7515106,10.0200971,2026-02-15T13:39:00.998092
Manouba,144838799,residential,,36.7395463,10.0357261,2026-02-15T13:39:00.998092
Manouba,144876906,industrial,,36.7381793,10.1153323,2026-02-15T13:39:00.998092
Manouba,144876909,industrial,,36.7342276,10.1103737,2026-02-15T13:39:00.998092
Manouba,144876911,orchard,,36.7379201,10.1181881,2026-02-15T13:39:00.998092
Manouba,144876923,residential,,36.7364194,10.1157902,2026-02-15T13:39:00.998092
Manouba,144876927,industrial,,36.7384157,10.1194629,2026-02-15T13:39:00.998092
Manouba,144876928,orchard,,36.7392782,10.1205232,2026-02-15T13:39:00.998092
Manouba,144876930,residential,,36.7398758,10.1205565,2026-02-15T13:39:00.998092
Manouba,144876934,residential,,36.7329952,10.1213171,2026-02-15T13:39:00.998092
Manouba,144876939,residential,,36.7386522,10.1186333,2026-02-15T13:39:00.998092
Manouba,145259592,orchard,,36.7302285,10.0929164,2026-02-15T13:39:00.998092
Manouba,145259595,orchard,,36.7333298,10.086879,2026-02-15T13:39:00.998092
Manouba,145259596,orchard,,36.7306212,10.0802993,2026-02-15T13:39:00.998092
Manouba,145259598,orchard,,36.7207794,10.0955074,2026-02-15T13:39:00.998092
Manouba,145259599,orchard,,36.727431,10.0914066,2026-02-15T13:39:00.998092
Manouba,145259600,orchard,,36.7320701,10.0803904,2026-02-15T13:39:00.998092
Manouba,145259601,orchard,,36.7300236,10.0858997,2026-02-15T13:39:00.998092
Manouba,145259602,orchard,,36.7304047,10.0895368,2026-02-15T13:39:00.998092
Manouba,145259604,residential,,36.7198018,10.0980233,2026-02-15T13:39:00.998092
Manouba,145259606,orchard,,36.7356209,10.0888126,2026-02-15T13:39:00.998092
Manouba,145259613,orchard,,36.72268,10.0899367,2026-02-15T13:39:00.998092
Manouba,145259615,orchard,,36.7265626,10.0924711,2026-02-15T13:39:00.998092
Manouba,145259619,orchard,,36.7217297,10.0928618,2026-02-15T13:39:00.998092
Manouba,145259620,orchard,,36.7266141,10.0948959,2026-02-15T13:39:00.998092
Manouba,145259621,orchard,,36.7245245,10.0894402,2026-02-15T13:39:00.998092
Manouba,145260142,orchard,,36.7329042,10.105437,2026-02-15T13:39:00.998092
Manouba,145260144,orchard,,36.7333598,10.1081567,2026-02-15T13:39:00.998092
Manouba,145260145,orchard,,36.728837,10.0992893,2026-02-15T13:39:00.998092
Manouba,145260147,residential,,36.7208661,10.1026798,2026-02-15T13:39:00.998092
Manouba,145260149,orchard,,36.7314767,10.100566,2026-02-15T13:39:00.998092
Manouba,145260153,orchard,,36.7303762,10.1061319,2026-02-15T13:39:00.998092
Manouba,145347359,orchard,,36.7446184,10.0414704,2026-02-15T13:39:00.998092
Manouba,146825806,farmyard,,36.8693629,10.1396386,2026-02-15T13:39:00.998092
Manouba,146825807,farmland,,36.8675253,10.1414014,2026-02-15T13:39:00.998092
Manouba,146825808,reservoir,,36.8625196,10.1428214,2026-02-15T13:39:00.998092
Manouba,146825810,farmyard,,36.8644288,10.1396599,2026-02-15T13:39:00.998092
Manouba,146827053,residential,حدائق المنزه,36.8599264,10.1318942,2026-02-15T13:39:00.998092
Manouba,146827057,residential,,36.8706844,10.1406056,2026-02-15T13:39:00.998092
Manouba,147551200,greenfield,,36.8335593,10.1881885,2026-02-15T13:39:00.998092
Manouba,147551213,brownfield,,36.8340124,10.189182,2026-02-15T13:39:00.998092
Manouba,147553535,construction,,36.8687837,10.1726112,2026-02-15T13:39:00.998092
Manouba,148621106,commercial,,36.8268787,10.1792977,2026-02-15T13:39:00.998092
Manouba,148625145,greenfield,,36.8501046,10.1961511,2026-02-15T13:39:00.998092
Manouba,150200497,village_green,,36.7733105,10.0722938,2026-02-15T13:39:00.998092
Manouba,152926558,grass,المدرسة الإعدادية,36.8625396,10.1637325,2026-02-15T13:39:00.998092
Manouba,152926563,residential,النصر 1,36.8631686,10.1703026,2026-02-15T13:39:00.998092
Manouba,152926573,residential,النصر 2,36.8654856,10.1644368,2026-02-15T13:39:00.998092
Manouba,152926799,brownfield,,36.8678117,10.163849,2026-02-15T13:39:00.998092
Manouba,152926801,village_green,,36.8617385,10.1574727,2026-02-15T13:39:00.998092
Manouba,152926805,brownfield,,36.8619811,10.156856,2026-02-15T13:39:00.998092
Manouba,152926807,village_green,,36.8664956,10.158561,2026-02-15T13:39:00.998092
Manouba,152926809,grass,,36.8644379,10.1686969,2026-02-15T13:39:00.998092
Manouba,152926817,brownfield,,36.8666983,10.1715115,2026-02-15T13:39:00.998092
Manouba,152926820,brownfield,,36.8677757,10.1654257,2026-02-15T13:39:00.998092
Manouba,152926821,brownfield,,36.8671093,10.1644756,2026-02-15T13:39:00.998092
Manouba,152926822,brownfield,,36.8662591,10.1613964,2026-02-15T13:39:00.998092
Manouba,152926824,brownfield,,36.8656528,10.1614497,2026-02-15T13:39:00.998092
Manouba,152926825,grass,,36.8685821,10.1648444,2026-02-15T13:39:00.998092
Manouba,152926830,brownfield,,36.8679551,10.1633983,2026-02-15T13:39:00.998092
Manouba,152926834,village_green,,36.8652788,10.161626,2026-02-15T13:39:00.998092
Manouba,152926838,brownfield,,36.8667578,10.1721323,2026-02-15T13:39:00.998092
Manouba,154804851,industrial,,36.7740569,10.2007213,2026-02-15T13:39:00.998092
Manouba,154804852,grass,,36.8036298,10.1890443,2026-02-15T13:39:00.998092
Manouba,154804854,residential,,36.7651308,10.2039543,2026-02-15T13:39:00.998092
Manouba,156267489,residential,,36.7233278,10.1309393,2026-02-15T13:39:00.998092
Manouba,156267504,orchard,,36.7252599,10.130134,2026-02-15T13:39:00.998092
Manouba,156267513,orchard,,36.7268463,10.1275061,2026-02-15T13:39:00.998092
Manouba,156267520,industrial,,36.7292175,10.1232301,2026-02-15T13:39:00.998092
Manouba,156267523,residential,,36.72671,10.1242386,2026-02-15T13:39:00.998092
Manouba,156267529,industrial,,36.7279341,10.1287694,2026-02-15T13:39:00.998092
Manouba,156268099,residential,,36.7310864,10.1240088,2026-02-15T13:39:00.998092
Manouba,156268111,orchard,,36.7308454,10.1243478,2026-02-15T13:39:00.998092
Manouba,156268124,orchard,,36.7311787,10.1235914,2026-02-15T13:39:00.998092
Manouba,156268127,residential,,36.7321045,10.1272427,2026-02-15T13:39:00.998092
Manouba,156268315,orchard,,36.7287854,10.1238526,2026-02-15T13:39:00.998092
Manouba,156268316,orchard,,36.7226846,10.1220242,2026-02-15T13:39:00.998092
Manouba,156268317,orchard,,36.7299204,10.1275007,2026-02-15T13:39:00.998092
Manouba,156268318,orchard,,36.7231347,10.1247007,2026-02-15T13:39:00.998092
Manouba,156268319,orchard,,36.7232247,10.1183916,2026-02-15T13:39:00.998092
Manouba,156292608,forest,غابة السيجومي,36.7564032,10.1762264,2026-02-15T13:39:00.998092
Manouba,156292609,industrial,,36.763839,10.1829718,2026-02-15T13:39:00.998092
Manouba,156292947,industrial,,36.7729989,10.1790155,2026-02-15T13:39:00.998092
Manouba,156293171,residential,,36.771239,10.1777846,2026-02-15T13:39:00.998092
Manouba,156546427,orchard,,36.7396875,10.1278336,2026-02-15T13:39:00.998092
Manouba,156546433,orchard,,36.7374708,10.1261062,2026-02-15T13:39:00.998092
Manouba,156705788,farmland,,36.7292021,10.1480503,2026-02-15T13:39:00.998092
Manouba,156705791,farmland,,36.7306295,10.1462172,2026-02-15T13:39:00.998092
Manouba,156705797,farmland,,36.7259804,10.147234,2026-02-15T13:39:00.998092
Manouba,156705799,farmland,,36.7269837,10.1429825,2026-02-15T13:39:00.998092
Manouba,156705800,farmland,,36.7282479,10.1404239,2026-02-15T13:39:00.998092
Manouba,156705802,farmland,,36.7313045,10.1412823,2026-02-15T13:39:00.998092
Manouba,156708231,farmland,,36.7228001,10.1383693,2026-02-15T13:39:00.998092
Manouba,156708238,farmland,,36.7236429,10.1337292,2026-02-15T13:39:00.998092
Manouba,156708243,orchard,,36.7276414,10.1316998,2026-02-15T13:39:00.998092
Manouba,156714562,residential,,36.7460054,10.117347,2026-02-15T13:39:00.998092
Manouba,156723991,orchard,,36.7510793,10.1185594,2026-02-15T13:39:00.998092
Manouba,156723994,orchard,,36.7529273,10.1136985,2026-02-15T13:39:00.998092
Manouba,158066930,farmland,,36.7316789,10.1378966,2026-02-15T13:39:00.998092
Manouba,158066936,farmland,,36.7321002,10.1505948,2026-02-15T13:39:00.998092
Manouba,158066937,farmland,,36.7316196,10.1348556,2026-02-15T13:39:00.998092
Manouba,158066942,industrial,,36.7367188,10.1247088,2026-02-15T13:39:00.998092
Manouba,158066943,orchard,,36.7325723,10.1326066,2026-02-15T13:39:00.998092
Manouba,158066944,orchard,,36.732659,10.1300544,2026-02-15T13:39:00.998092
Manouba,158066946,farmland,,36.7302472,10.1530952,2026-02-15T13:39:00.998092
Manouba,158069331,orchard,,36.7336695,10.1189986,2026-02-15T13:39:00.998092
Manouba,158069338,residential,,36.7602785,10.1104633,2026-02-15T13:39:00.998092
Manouba,158069343,orchard,,36.7357111,10.1133651,2026-02-15T13:39:00.998092
Manouba,158069353,industrial,,36.7583768,10.1059548,2026-02-15T13:39:00.998092
Manouba,158069358,orchard,,36.7314874,10.1148404,2026-02-15T13:39:00.998092
Manouba,158069362,orchard,,36.7286626,10.1201029,2026-02-15T13:39:00.998092
Manouba,158069366,orchard,,36.7319497,10.1181234,2026-02-15T13:39:00.998092
Manouba,158069381,orchard,,36.7338047,10.1122663,2026-02-15T13:39:00.998092
Manouba,158069382,orchard,,36.7372587,10.1200116,2026-02-15T13:39:00.998092
Manouba,158069385,orchard,,36.7351043,10.1141661,2026-02-15T13:39:00.998092
Manouba,158069399,orchard,,36.7299549,10.1188315,2026-02-15T13:39:00.998092
Manouba,158069403,orchard,,36.7256869,10.1183388,2026-02-15T13:39:00.998092
Manouba,158069406,orchard,,36.7622749,10.1103647,2026-02-15T13:39:00.998092
Manouba,158069408,orchard,,36.7295139,10.1146097,2026-02-15T13:39:00.998092
Manouba,158069413,orchard,,36.7342711,10.116777,2026-02-15T13:39:00.998092
Manouba,158069416,orchard,,36.7321089,10.11128,2026-02-15T13:39:00.998092
Manouba,158070587,orchard,,36.7500195,10.1181463,2026-02-15T13:39:00.998092
Manouba,158070590,residential,,36.7547969,10.1191434,2026-02-15T13:39:00.998092
Manouba,158070592,orchard,,36.7552502,10.1135586,2026-02-15T13:39:00.998092
Manouba,158070595,orchard,,36.751702,10.1139408,2026-02-15T13:39:00.998092
Manouba,158070599,residential,,36.7526096,10.1084838,2026-02-15T13:39:00.998092
Manouba,158070601,industrial,,36.7560604,10.1139394,2026-02-15T13:39:00.998092
Manouba,158070603,industrial,,36.75871,10.1148943,2026-02-15T13:39:00.998092
Manouba,158070604,orchard,,36.7544679,10.1143867,2026-02-15T13:39:00.998092
Manouba,158070606,industrial,,36.7556378,10.1145133,2026-02-15T13:39:00.998092
Manouba,158070607,industrial,,36.7545882,10.113285,2026-02-15T13:39:00.998092
Manouba,158070608,orchard,,36.7555788,10.1120095,2026-02-15T13:39:00.998092
Manouba,158169517,residential,,36.7567352,10.1135265,2026-02-15T13:39:00.998092
Manouba,158169518,residential,,36.7689863,10.1131739,2026-02-15T13:39:00.998092
Manouba,158169520,residential,,36.7589573,10.1107667,2026-02-15T13:39:00.998092
Manouba,158169522,residential,,36.7637148,10.1126787,2026-02-15T13:39:00.998092
Manouba,158169523,residential,,36.7654936,10.1127212,2026-02-15T13:39:00.998092
Manouba,158169524,orchard,,36.7547238,10.1159723,2026-02-15T13:39:00.998092
Manouba,158169525,orchard,,36.7535506,10.1128805,2026-02-15T13:39:00.998092
Manouba,158171173,orchard,,36.7417388,10.1054045,2026-02-15T13:39:00.998092
Manouba,158171175,orchard,,36.7595076,10.1042598,2026-02-15T13:39:00.998092
Manouba,158171176,orchard,,36.743282,10.104176,2026-02-15T13:39:00.998092
Manouba,158171177,residential,,36.7586154,10.100083,2026-02-15T13:39:00.998092
Manouba,158171179,orchard,,36.7397184,10.1077466,2026-02-15T13:39:00.998092
Manouba,158171180,orchard,,36.7480596,10.1063005,2026-02-15T13:39:00.998092
Manouba,158171182,residential,,36.7617588,10.1087768,2026-02-15T13:39:00.998092
Manouba,158171184,residential,,36.7560655,10.0901433,2026-02-15T13:39:00.998092
Manouba,158171185,orchard,,36.7413949,10.1067596,2026-02-15T13:39:00.998092
Manouba,158171188,orchard,,36.7402059,10.1045623,2026-02-15T13:39:00.998092
Manouba,158171190,orchard,,36.7431143,10.1024702,2026-02-15T13:39:00.998092
Manouba,158171191,orchard,,36.73839,10.1063594,2026-02-15T13:39:00.998092
Manouba,158171192,orchard,,36.7617295,10.1007267,2026-02-15T13:39:00.998092
Manouba,158171193,orchard,,36.7598574,10.1011935,2026-02-15T13:39:00.998092
Manouba,158171196,residential,,36.7556138,10.1004692,2026-02-15T13:39:00.998092
Manouba,158196642,residential,,36.7662811,10.1164454,2026-02-15T13:39:00.998092
Manouba,158196646,residential,,36.7631691,10.1158858,2026-02-15T13:39:00.998092
Manouba,158197572,residential,,36.7661971,10.1100035,2026-02-15T13:39:00.998092
Manouba,158197574,cemetery,مقبرة سيدي حسين,36.7674267,10.1108114,2026-02-15T13:39:00.998092
Manouba,158197575,residential,,36.7712245,10.1115921,2026-02-15T13:39:00.998092
Manouba,158197576,residential,,36.7733758,10.1174418,2026-02-15T13:39:00.998092
Manouba,158197578,orchard,,36.7672591,10.1100783,2026-02-15T13:39:00.998092
Manouba,158197580,residential,,36.7672258,10.1037811,2026-02-15T13:39:00.998092
Manouba,158197583,residential,,36.7611366,10.1057323,2026-02-15T13:39:00.998092
Manouba,158463189,basin,,36.8154325,10.1087958,2026-02-15T13:39:00.998092
Manouba,158463190,village_green,,36.8107865,10.1209441,2026-02-15T13:39:00.998092
Manouba,158463191,military,,36.8293467,10.0612104,2026-02-15T13:39:00.998092
Manouba,158463192,residential,,36.8287622,10.0500049,2026-02-15T13:39:00.998092
Manouba,158463193,residential,,36.8292248,10.055359,2026-02-15T13:39:00.998092
Manouba,158463194,military,,36.8302832,10.0564725,2026-02-15T13:39:00.998092
Manouba,158478853,industrial,,36.8353761,10.0352739,2026-02-15T13:39:00.998092
Manouba,158484546,residential,,36.8342647,9.9908589,2026-02-15T13:39:00.998092
Manouba,158484550,industrial,,36.8318594,10.0319519,2026-02-15T13:39:00.998092
Manouba,158484553,industrial,,36.832486,9.9883058,2026-02-15T13:39:00.998092
Manouba,159975923,residential,,36.7885159,10.1233517,2026-02-15T13:39:00.998092
Manouba,159976936,residential,,36.7943282,10.121686,2026-02-15T13:39:00.998092
Manouba,160062359,residential,,36.777798,10.1169759,2026-02-15T13:39:00.998092
Manouba,160062360,residential,,36.7787689,10.1143873,2026-02-15T13:39:00.998092
Manouba,160062362,residential,,36.781532,10.1149631,2026-02-15T13:39:00.998092
Manouba,160287681,orchard,,36.7690744,10.0954161,2026-02-15T13:39:00.998092
Manouba,160287682,residential,,36.7716053,10.095801,2026-02-15T13:39:00.998092
Manouba,160287683,residential,,36.7733152,10.105223,2026-02-15T13:39:00.998092
Manouba,160287684,residential,,36.7673675,10.0947995,2026-02-15T13:39:00.998092
Manouba,160287685,residential,,36.7728127,10.1000911,2026-02-15T13:39:00.998092
Manouba,160288460,residential,حي المنوبية,36.7826163,10.1025218,2026-02-15T13:39:00.998092
Manouba,160288463,residential,,36.7890752,10.10195,2026-02-15T13:39:00.998092
Manouba,160288465,residential,حي السلامة,36.7864371,10.1137013,2026-02-15T13:39:00.998092
Manouba,160288638,industrial,,36.7790647,10.0904905,2026-02-15T13:39:00.998092
Manouba,160288639,orchard,,36.7812166,10.0952656,2026-02-15T13:39:00.998092
Manouba,160338210,orchard,,36.7796508,10.103409,2026-02-15T13:39:00.998092
Manouba,160338211,industrial,,36.7781576,10.1006195,2026-02-15T13:39:00.998092
Manouba,160338212,orchard,,36.7758673,10.0985382,2026-02-15T13:39:00.998092
Manouba,160338213,residential,,36.7754742,10.0927792,2026-02-15T13:39:00.998092
Manouba,160338962,industrial,,36.7752487,10.0822353,2026-02-15T13:39:00.998092
Manouba,160338963,orchard,,36.7731343,10.0859589,2026-02-15T13:39:00.998092
Manouba,160338964,residential,,36.7775802,10.0862668,2026-02-15T13:39:00.998092
Manouba,160338965,orchard,,36.7729069,10.0833466,2026-02-15T13:39:00.998092
Manouba,160338966,residential,,36.7721267,10.0860199,2026-02-15T13:39:00.998092
Manouba,160338967,orchard,,36.7829909,10.0863185,2026-02-15T13:39:00.998092
Manouba,160338969,residential,,36.7718953,10.0834879,2026-02-15T13:39:00.998092
Manouba,160338970,orchard,,36.7801105,10.0828693,2026-02-15T13:39:00.998092
Manouba,160338971,orchard,,36.7743271,10.0851545,2026-02-15T13:39:00.998092
Manouba,160338973,orchard,,36.7790641,10.0836792,2026-02-15T13:39:00.998092
Manouba,160338975,orchard,,36.7741646,10.0891846,2026-02-15T13:39:00.998092
Manouba,160338981,residential,,36.773332,10.0864068,2026-02-15T13:39:00.998092
Manouba,160338982,orchard,,36.7749385,10.0884369,2026-02-15T13:39:00.998092
Manouba,160340200,industrial,,36.7944299,10.1015301,2026-02-15T13:39:00.998092
Manouba,160340203,residential,,36.7946364,10.0998089,2026-02-15T13:39:00.998092
Manouba,160340205,residential,,36.7910443,10.0965026,2026-02-15T13:39:00.998092
Manouba,160340207,residential,,36.7890527,10.0892153,2026-02-15T13:39:00.998092
Manouba,160340215,residential,,36.7952801,10.1038135,2026-02-15T13:39:00.998092
Manouba,160340217,residential,,36.7979064,10.0930452,2026-02-15T13:39:00.998092
Manouba,160447413,industrial,,36.7998754,10.1159889,2026-02-15T13:39:00.998092
Manouba,160447414,cemetery,مقبرة دندان,36.8014405,10.1130037,2026-02-15T13:39:00.998092
Manouba,160447415,residential,,36.7992135,10.1072249,2026-02-15T13:39:00.998092
Manouba,160447416,residential,,36.8023071,10.1137329,2026-02-15T13:39:00.998092
Manouba,160447418,residential,,36.8009614,10.1161984,2026-02-15T13:39:00.998092
Manouba,161208810,cemetery,مقبرة سيدي عمر,36.8061327,10.0851838,2026-02-15T13:39:00.998092
Manouba,161240201,residential,,36.7998448,10.1112295,2026-02-15T13:39:00.998092
Manouba,161240202,residential,,36.8005978,10.1204126,2026-02-15T13:39:00.998092
Manouba,161240204,residential,,36.8005645,10.1066655,2026-02-15T13:39:00.998092
Manouba,161240206,residential,,36.7920304,10.1177218,2026-02-15T13:39:00.998092
Manouba,161240208,residential,,36.7995518,10.1161921,2026-02-15T13:39:00.998092
Manouba,161240211,brownfield,,36.7954001,10.1120387,2026-02-15T13:39:00.998092
Manouba,161240216,residential,,36.7941836,10.1115311,2026-02-15T13:39:00.998092
Manouba,161243224,residential,,36.8166789,10.0835024,2026-02-15T13:39:00.998092
Manouba,161243227,orchard,,36.8178867,10.0861657,2026-02-15T13:39:00.998092
Manouba,161243228,industrial,,36.8146572,10.0978771,2026-02-15T13:39:00.998092
Manouba,161243229,residential,Cité des Oranges,36.8132596,10.0786168,2026-02-15T13:39:00.998092
Manouba,161243230,residential,,36.8093263,10.0996398,2026-02-15T13:39:00.998092
Manouba,161342357,orchard,,36.8433858,10.0883611,2026-02-15T13:39:00.998092
Manouba,161342359,orchard,,36.8445932,10.093666,2026-02-15T13:39:00.998092
Manouba,161342382,orchard,,36.8470196,10.0798332,2026-02-15T13:39:00.998092
Manouba,161353118,industrial,,36.8222295,10.0708541,2026-02-15T13:39:00.998092
Manouba,161358248,residential,,36.8192242,10.0853183,2026-02-15T13:39:00.998092
Manouba,161358250,orchard,,36.8202134,10.0802638,2026-02-15T13:39:00.998092
Manouba,161358252,industrial,,36.8206996,10.0783777,2026-02-15T13:39:00.998092
Manouba,161358254,industrial,,36.8231074,10.1035754,2026-02-15T13:39:00.998092
Manouba,161358262,industrial,,36.819859,10.0822678,2026-02-15T13:39:00.998092
Manouba,161358265,industrial,المنطقة الصناعية قصر السعيد,36.8203574,10.0994796,2026-02-15T13:39:00.998092
Manouba,161359571,orchard,,36.8197293,10.1145299,2026-02-15T13:39:00.998092
Manouba,161361626,orchard,,36.8033585,10.085522,2026-02-15T13:39:00.998092
Manouba,161361630,industrial,,36.7984393,10.0820242,2026-02-15T13:39:00.998092
Manouba,161361646,residential,,36.8058064,10.0897138,2026-02-15T13:39:00.998092
Manouba,161361647,residential,,36.7989569,10.0775986,2026-02-15T13:39:00.998092
Manouba,161361649,orchard,,36.798182,10.0816039,2026-02-15T13:39:00.998092
Manouba,161361653,orchard,,36.8040101,10.0829657,2026-02-15T13:39:00.998092
Manouba,161363691,orchard,,36.7830812,10.0788779,2026-02-15T13:39:00.998092
Manouba,161363701,industrial,,36.8007979,10.0821369,2026-02-15T13:39:00.998092
Manouba,161363710,industrial,,36.801425,10.0836228,2026-02-15T13:39:00.998092
Manouba,161363712,residential,,36.7906739,10.0813947,2026-02-15T13:39:00.998092
Manouba,161475681,orchard,,36.8087326,10.0701094,2026-02-15T13:39:00.998092
Manouba,161476377,orchard,,36.8072063,10.0769383,2026-02-15T13:39:00.998092
Manouba,161476378,orchard,,36.8054621,10.080047,2026-02-15T13:39:00.998092
Manouba,161476380,orchard,,36.808103,10.0753208,2026-02-15T13:39:00.998092
Manouba,161476381,orchard,,36.8032222,10.0490407,2026-02-15T13:39:00.998092
Manouba,161476594,orchard,,36.7886386,10.0403776,2026-02-15T13:39:00.998092
Manouba,161476595,orchard,,36.7925584,10.0459137,2026-02-15T13:39:00.998092
Manouba,161478816,residential,,36.7750725,10.0652922,2026-02-15T13:39:00.998092
Manouba,161478818,residential,,36.7728318,10.0618938,2026-02-15T13:39:00.998092
Manouba,161478820,industrial,,36.774142,10.0686318,2026-02-15T13:39:00.998092
Manouba,161478826,residential,,36.7769505,10.0549827,2026-02-15T13:39:00.998092
Manouba,161478829,industrial,,36.7747379,10.0629264,2026-02-15T13:39:00.998092
Manouba,161478831,residential,,36.7759424,10.059707,2026-02-15T13:39:00.998092
Manouba,161478841,industrial,,36.774181,10.0652144,2026-02-15T13:39:00.998092
Manouba,161478847,residential,,36.7564989,10.0969717,2026-02-15T13:39:00.998092
Manouba,161515100,industrial,,36.808532,10.0895947,2026-02-15T13:39:00.998092
Manouba,164202048,residential,,36.8001145,10.0944028,2026-02-15T13:39:00.998092
Manouba,169498195,residential,صنهاجة,36.8206597,10.0228686,2026-02-15T13:39:00.998092
Manouba,170571435,farmland,,36.8962537,10.1190217,2026-02-15T13:39:00.998092
Manouba,170585004,farmland,,36.8948835,10.1314092,2026-02-15T13:39:00.998092
Manouba,170585007,quarry,,36.8930754,10.136212,2026-02-15T13:39:00.998092
Manouba,171715816,greenfield,,36.8023877,10.0957511,2026-02-15T13:39:00.998092
Manouba,171715818,military,,36.8118121,10.0970657,2026-02-15T13:39:00.998092
Manouba,171715825,brownfield,,36.8037172,10.0998502,2026-02-15T13:39:00.998092
Manouba,171715827,brownfield,,36.8039354,10.0963828,2026-02-15T13:39:00.998092
Manouba,171715828,industrial,,36.8161377,10.0972733,2026-02-15T13:39:00.999091
Manouba,171722541,village_green,,36.8082153,10.1104872,2026-02-15T13:39:00.999091
Manouba,171722542,cemetery,,36.814054,10.1081436,2026-02-15T13:39:00.999091
Manouba,171722544,brownfield,,36.8097105,10.1156959,2026-02-15T13:39:00.999091
Manouba,171728399,brownfield,,36.8039477,10.1184508,2026-02-15T13:39:00.999091
Manouba,171900695,residential,,36.7978233,10.1915478,2026-02-15T13:39:00.999091
Manouba,171900696,industrial,,36.7993144,10.1897855,2026-02-15T13:39:00.999091
Manouba,171920791,residential,Résidence Mimoza,36.8517074,10.1937911,2026-02-15T13:39:00.999091
Manouba,171920792,residential,"إقامة ابن رشد ""العصر جديد""",36.8518127,10.194787,2026-02-15T13:39:00.999091
Manouba,171923289,retail,مركز أريانة,36.8578761,10.1898422,2026-02-15T13:39:00.999091
Manouba,171935446,residential,Résidence El Moez,36.8530963,10.1930192,2026-02-15T13:39:00.999091
Manouba,171935448,residential,Résidence Ibn Rachik,36.8518569,10.1929025,2026-02-15T13:39:00.999091
Manouba,171935449,residential,Résidence Riadh,36.8517847,10.1932963,2026-02-15T13:39:00.999091
Manouba,171958493,residential,برج الهنا,36.8574732,10.1832676,2026-02-15T13:39:00.999091
Manouba,172005260,residential,رياض الاندلس,36.8814865,10.1691937,2026-02-15T13:39:00.999091
Manouba,172210162,residential,,36.850076,10.1852296,2026-02-15T13:39:00.999091
Manouba,172346635,brownfield,,36.8568945,10.1732046,2026-02-15T13:39:00.999091
Manouba,172346638,village_green,,36.8586002,10.1776654,2026-02-15T13:39:00.999091
Manouba,172346639,brownfield,,36.8591998,10.1758034,2026-02-15T13:39:00.999091
Manouba,172346640,greenfield,,36.860762,10.1744043,2026-02-15T13:39:00.999091
Manouba,172346644,residential,المنزه 5,36.8482298,10.1741788,2026-02-15T13:39:00.999091
Manouba,172346645,residential,المنزه 8,36.8577515,10.1730763,2026-02-15T13:39:00.999091
Manouba,172589907,orchard,,36.8784133,10.1613552,2026-02-15T13:39:00.999091
Manouba,172589910,quarry,,36.8846656,10.1504372,2026-02-15T13:39:00.999091
Manouba,172589912,farmland,,36.8796933,10.1625368,2026-02-15T13:39:00.999091
Manouba,172589935,quarry,,36.8738809,10.1585596,2026-02-15T13:39:00.999091
Manouba,172595726,commercial,اتصالات تونس,36.8522185,10.1948442,2026-02-15T13:39:00.999091
Manouba,172595761,brownfield,,36.8593766,10.1873806,2026-02-15T13:39:00.999091
Manouba,172619811,brownfield,,36.850217,10.19243,2026-02-15T13:39:00.999091
Manouba,172621577,brownfield,,36.8231752,10.1946728,2026-02-15T13:39:00.999091
Manouba,173381055,residential,ابن سينا,36.7512464,10.1826107,2026-02-15T13:39:00.999091
Manouba,173381397,brownfield,,36.7532702,10.1861537,2026-02-15T13:39:00.999091
Manouba,173381409,brownfield,,36.7525363,10.1791613,2026-02-15T13:39:00.999091
Manouba,173381416,brownfield,,36.7531444,10.1802935,2026-02-15T13:39:00.999091
Manouba,173381418,brownfield,,36.7533939,10.1838605,2026-02-15T13:39:00.999091
Manouba,173381419,village_green,,36.7523277,10.1802321,2026-02-15T13:39:00.999091
Manouba,173428802,brownfield,,36.7405652,10.1822365,2026-02-15T13:39:00.999091
Manouba,174324216,industrial,,36.8984974,10.1115644,2026-02-15T13:39:00.999091
Manouba,174324217,industrial,,36.8967126,10.1148714,2026-02-15T13:39:00.999091
Manouba,177082741,farmland,,36.8074213,10.0696912,2026-02-15T13:39:00.999091
Manouba,178965126,brownfield,,36.8675501,10.1509535,2026-02-15T13:39:00.999091
Manouba,179063399,farmyard,,36.8652818,10.1466637,2026-02-15T13:39:00.999091
Manouba,179063400,farmyard,,36.8678316,10.1473831,2026-02-15T13:39:00.999091
Manouba,179063401,orchard,,36.8690797,10.1486919,2026-02-15T13:39:00.999091
Manouba,179063402,farmland,,36.8724523,10.1474917,2026-02-15T13:39:00.999091
Manouba,179063403,farmland,,36.8735523,10.1463515,2026-02-15T13:39:00.999091
Manouba,179063404,brownfield,,36.8651725,10.1576499,2026-02-15T13:39:00.999091
Manouba,179063405,farmland,,36.8749353,10.1481014,2026-02-15T13:39:00.999091
Manouba,179063406,farmyard,,36.8734308,10.1466626,2026-02-15T13:39:00.999091
Manouba,179063407,greenfield,,36.8671161,10.1558321,2026-02-15T13:39:00.999091
Manouba,179066323,village_green,,36.831404,10.1855082,2026-02-15T13:39:00.999091
Manouba,179066326,industrial,,36.8299639,10.1857055,2026-02-15T13:39:00.999091
Manouba,179255798,grass,,36.8214918,10.1458621,2026-02-15T13:39:00.999091
Manouba,179255816,greenfield,,36.8246157,10.1441226,2026-02-15T13:39:00.999091
Manouba,179255820,village_green,,36.8286176,10.1522162,2026-02-15T13:39:00.999091
Manouba,179942975,grass,,36.8091343,10.1333073,2026-02-15T13:39:00.999091
Manouba,179942976,village_green,,36.8081468,10.135186,2026-02-15T13:39:00.999091
Manouba,179942977,grass,,36.8093599,10.1338145,2026-02-15T13:39:00.999091
Manouba,179942981,village_green,,36.8081809,10.1362334,2026-02-15T13:39:00.999091
Manouba,179942982,village_green,,36.8114269,10.1348034,2026-02-15T13:39:00.999091
Manouba,179942983,village_green,,36.8092321,10.1357347,2026-02-15T13:39:00.999091
Manouba,179942984,grass,,36.8095224,10.135149,2026-02-15T13:39:00.999091
Manouba,179942985,residential,,36.8100538,10.1348034,2026-02-15T13:39:00.999091
Manouba,179942986,village_green,,36.8088149,10.1342597,2026-02-15T13:39:00.999091
Manouba,179942987,grass,,36.8115077,10.1337518,2026-02-15T13:39:00.999091
Manouba,179947568,retail,,36.8096837,10.13779,2026-02-15T13:39:00.999091
Manouba,179953386,grass,متحف الذاكرة الوطنية بالسيجومي,36.7722208,10.1718354,2026-02-15T13:39:00.999091
Manouba,179953463,brownfield,,36.7745988,10.1736271,2026-02-15T13:39:00.999091
Manouba,180069404,residential,,36.7531951,10.1916345,2026-02-15T13:39:00.999091
Manouba,180180119,residential,,36.8054547,10.1196238,2026-02-15T13:39:00.999091
Manouba,180180120,village_green,,36.8094398,10.1218388,2026-02-15T13:39:00.999091
Manouba,180208878,greenfield,,36.8064672,10.1460131,2026-02-15T13:39:00.999091
Manouba,180208879,grass,,36.8038004,10.1478933,2026-02-15T13:39:00.999091
Manouba,180208880,grass,,36.8036378,10.1485024,2026-02-15T13:39:00.999091
Manouba,180208881,grass,,36.8047201,10.1495424,2026-02-15T13:39:00.999091
Manouba,180208882,grass,,36.8045724,10.1462728,2026-02-15T13:39:00.999091
Manouba,180208883,grass,,36.8050573,10.1489964,2026-02-15T13:39:00.999091
Manouba,180208884,brownfield,,36.8062994,10.1419846,2026-02-15T13:39:00.999091
Manouba,180208885,grass,,36.8042397,10.1467805,2026-02-15T13:39:00.999091
Manouba,180208886,residential,بوشوشة,36.805241,10.1444234,2026-02-15T13:39:00.999091
Manouba,180239565,village_green,,36.8020853,10.1561607,2026-02-15T13:39:00.999091
Manouba,180239567,greenfield,,36.8012781,10.1537599,2026-02-15T13:39:00.999091
Manouba,180242273,grass,,36.8027256,10.1570423,2026-02-15T13:39:00.999091
Manouba,180242276,village_green,معهد البحوث البيطرية بتونس,36.8018738,10.1586807,2026-02-15T13:39:00.999091
Manouba,180268016,greenfield,,36.8053619,10.1554511,2026-02-15T13:39:00.999091
Manouba,180268018,village_green,,36.8065129,10.1499595,2026-02-15T13:39:00.999091
Manouba,180268024,greenfield,,36.8084777,10.1558681,2026-02-15T13:39:00.999091
Manouba,180268026,greenfield,,36.8052698,10.159909,2026-02-15T13:39:00.999091
Manouba,180268028,greenfield,,36.804933,10.1556385,2026-02-15T13:39:00.999091
Manouba,180268031,industrial,,36.8087624,10.1544487,2026-02-15T13:39:00.999091
Manouba,180268046,residential,برج زوارة,36.8044044,10.1560723,2026-02-15T13:39:00.999091
Manouba,180690937,village_green,,36.8492788,10.1532544,2026-02-15T13:39:00.999091
Manouba,180690939,construction,,36.849433,10.1400159,2026-02-15T13:39:00.999091
Manouba,180690940,residential,,36.8468522,10.1554253,2026-02-15T13:39:00.999091
Manouba,180690943,greenfield,,36.8460845,10.1469008,2026-02-15T13:39:00.999091
Manouba,180690944,grass,,36.848595,10.1570723,2026-02-15T13:39:00.999091
Manouba,180690945,village_green,,36.8525985,10.1483201,2026-02-15T13:39:00.999091
Manouba,180690946,village_green,,36.8475895,10.1588668,2026-02-15T13:39:00.999091
Manouba,180690951,residential,المنزه 9,36.8500671,10.1472994,2026-02-15T13:39:00.999091
Manouba,180690956,residential,المنزه 9 أ,36.8449387,10.1487264,2026-02-15T13:39:00.999091
Manouba,182100741,brownfield,,36.8204555,10.1925686,2026-02-15T13:39:00.999091
Manouba,190248852,railway,محطة شحن تونس,36.7863309,10.1901167,2026-02-15T13:39:00.999091
Manouba,190297403,railway,,36.7873206,10.1663728,2026-02-15T13:39:00.999091
Manouba,190310040,railway,,36.8003201,10.1413822,2026-02-15T13:39:00.999091
Manouba,190316045,railway,,36.8164711,10.0896026,2026-02-15T13:39:00.999091
Manouba,190359660,industrial,,36.8255755,10.0340337,2026-02-15T13:39:00.999091
Manouba,193468005,greenfield,,36.8069607,10.1849117,2026-02-15T13:39:00.999091
Manouba,193468006,brownfield,,36.8058108,10.1848432,2026-02-15T13:39:00.999091
Manouba,193468007,village_green,,36.8063056,10.1845634,2026-02-15T13:39:00.999091
Manouba,205740491,industrial,المنطقة الصناعية الشرقية 1,36.8387208,10.2079922,2026-02-15T13:39:00.999091
Manouba,205747420,industrial,,36.8066995,10.1818229,2026-02-15T13:39:00.999091
Manouba,207888935,village_green,,36.8290176,10.1791128,2026-02-15T13:39:00.999091
Manouba,207888936,village_green,,36.8292658,10.1783624,2026-02-15T13:39:00.999091
Manouba,224175326,construction,,36.7590704,10.0185787,2026-02-15T13:39:00.999091
Manouba,224175330,greenfield,,36.7566345,10.0170617,2026-02-15T13:39:00.999091
Manouba,224175466,cemetery,مقبرة المرناقية,36.7547458,10.0177856,2026-02-15T13:39:00.999091
Manouba,228506182,construction,,36.8065939,10.090504,2026-02-15T13:39:00.999091
Manouba,237115723,residential,إقامة البانوراميك,36.8533119,10.1325721,2026-02-15T13:39:00.999091
Manouba,247329227,commercial,,36.8014779,10.1871873,2026-02-15T13:39:00.999091
Manouba,252420902,commercial,,36.8179613,10.1782074,2026-02-15T13:39:00.999091
Manouba,253063089,village_green,,36.7887758,10.1811479,2026-02-15T13:39:00.999091
Manouba,253183995,retail,Marché De Zahrouni,36.789975,10.1068456,2026-02-15T13:39:00.999091
Manouba,253267939,village_green,,36.7890574,10.1823233,2026-02-15T13:39:00.999091
Manouba,253267940,village_green,,36.7891632,10.1811547,2026-02-15T13:39:00.999091
Manouba,255962319,orchard,,36.8091587,10.0842759,2026-02-15T13:39:00.999091
Manouba,255962322,village_green,,36.8109979,10.0859505,2026-02-15T13:39:00.999091
Manouba,256013287,village_green,,36.7931398,10.1103697,2026-02-15T13:39:00.999091
Manouba,256013288,farmland,,36.7958433,10.1138965,2026-02-15T13:39:00.999091
Manouba,256013289,brownfield,,36.7951891,10.1111543,2026-02-15T13:39:00.999091
Manouba,256013290,village_green,,36.7924863,10.1093655,2026-02-15T13:39:00.999091
Manouba,256013291,village_green,,36.7927815,10.1104744,2026-02-15T13:39:00.999091
Manouba,256013292,village_green,,36.7928779,10.1083161,2026-02-15T13:39:00.999091
Manouba,256013293,village_green,,36.793083,10.1113114,2026-02-15T13:39:00.999091
Manouba,259249435,industrial,ONAS STEP El Attar,36.7266673,10.0814496,2026-02-15T13:39:00.999091
Manouba,262201519,industrial,RNTA Usine B,36.7767868,10.1809931,2026-02-15T13:39:00.999091
Manouba,276758208,commercial,,36.8290888,10.2032905,2026-02-15T13:39:00.999091
Manouba,277177051,village_green,,36.8342661,10.1631556,2026-02-15T13:39:00.999091
Manouba,278432324,industrial,,36.7724772,10.0403608,2026-02-15T13:39:00.999091
Manouba,278432328,industrial,,36.7670088,10.0287872,2026-02-15T13:39:00.999091
Manouba,278432329,industrial,,36.7693767,10.0432612,2026-02-15T13:39:00.999091
Manouba,278432330,industrial,,36.7598168,10.0025249,2026-02-15T13:39:00.999091
Manouba,278432331,residential,,36.7636019,10.0301024,2026-02-15T13:39:00.999091
Manouba,278432333,industrial,,36.766916,10.0358185,2026-02-15T13:39:00.999091
Manouba,278432335,industrial,,36.7703529,10.0399639,2026-02-15T13:39:00.999091
Manouba,284838520,commercial,بيو سورس,36.8216689,10.190923,2026-02-15T13:39:00.999091
Manouba,334437847,brownfield,,36.8375779,10.1267136,2026-02-15T13:39:00.999091
Manouba,334437848,brownfield,,36.836965,10.1263435,2026-02-15T13:39:00.999091
Manouba,335034436,residential,Résidence Folla,36.8540441,10.1332374,2026-02-15T13:39:00.999091
Manouba,372736974,residential,حي اللطيف 2,36.8555883,10.1665321,2026-02-15T13:39:00.999091
Manouba,372846719,residential,Foyer Universitaire Chaouki - Menzah 7,36.8549596,10.1646563,2026-02-15T13:39:00.999091
Manouba,372846720,construction,,36.8510073,10.138891,2026-02-15T13:39:00.999091
Manouba,372846721,brownfield,,36.852375,10.1396781,2026-02-15T13:39:00.999091
Manouba,372849367,orchard,,36.8445545,10.0863815,2026-02-15T13:39:00.999091
Manouba,379620913,military,Caserne El Attarine,36.7977403,10.1717812,2026-02-15T13:39:00.999091
Manouba,383497640,residential,,36.8512569,10.1208002,2026-02-15T13:39:00.999091
Manouba,383614147,commercial,,36.8340664,10.1078988,2026-02-15T13:39:00.999091
Manouba,384390358,allotments,,36.8350186,10.1128545,2026-02-15T13:39:00.999091
Manouba,385294517,allotments,,36.8298766,10.1116947,2026-02-15T13:39:00.999091
Manouba,385683599,allotments,,36.8356119,10.1117365,2026-02-15T13:39:00.999091
Manouba,385683601,allotments,,36.8358209,10.1119012,2026-02-15T13:39:00.999091
Manouba,385723418,allotments,,36.8325966,10.1133756,2026-02-15T13:39:00.999091
Manouba,389104908,allotments,,36.8289709,10.1117791,2026-02-15T13:39:00.999091
Manouba,389110298,military,مقر الجيش الوطني,36.8241388,10.1126339,2026-02-15T13:39:00.999091
Manouba,396682617,railway,14 يناير 2011,36.8228101,10.1399761,2026-02-15T13:39:00.999091
Manouba,432954713,landfill,,36.8373597,10.1945828,2026-02-15T13:39:00.999091
Manouba,436625625,village_green,,36.837994,10.1949587,2026-02-15T13:39:00.999091
Manouba,436625626,village_green,,36.8379954,10.1952629,2026-02-15T13:39:00.999091
Manouba,436625627,village_green,,36.8377589,10.1949601,2026-02-15T13:39:00.999091
Manouba,436625628,village_green,,36.8377659,10.1952617,2026-02-15T13:39:00.999091
Manouba,436625629,landfill,,36.8378842,10.1951056,2026-02-15T13:39:00.999091
Manouba,438288645,commercial,Africa Mall,36.8575954,10.1843723,2026-02-15T13:39:00.999091
Manouba,438427920,grass,Fondation Rosa Luxemburg Afrique du Nord,36.8262288,10.1742845,2026-02-15T13:39:00.999091
Manouba,438427923,grass,,36.8260871,10.174491,2026-02-15T13:39:00.999091
Manouba,440610467,commercial,MG Maxi Ezzouhour,36.7939362,10.128249,2026-02-15T13:39:00.999091
Manouba,443379118,conservation,,36.8165113,10.0606953,2026-02-15T13:39:00.999091
Manouba,443379121,conservation,,36.8162837,10.0609487,2026-02-15T13:39:00.999091
Manouba,454515335,meadow,,36.7926833,10.0908471,2026-02-15T13:39:00.999091
Manouba,455682206,railway,,36.815894,10.055446,2026-02-15T13:39:00.999091
Manouba,456466522,residential,القباعة,36.8243158,10.0605445,2026-02-15T13:39:00.999091
Manouba,487126873,forest,,36.8260663,10.163265,2026-02-15T13:39:00.999091
Manouba,487133711,forest,,36.826569,10.1646576,2026-02-15T13:39:00.999091
Manouba,489043717,residential,,36.80518,10.1022904,2026-02-15T13:39:00.999091
Manouba,489046824,residential,,36.8024536,10.1025783,2026-02-15T13:39:00.999091
Manouba,491828716,grass,,36.8549268,10.1860925,2026-02-15T13:39:00.999091
Manouba,491828717,grass,,36.8549752,10.1855589,2026-02-15T13:39:00.999091
Manouba,491894787,greenfield,,36.8023527,10.1019641,2026-02-15T13:39:00.999091
Manouba,492312067,residential,El Khalil,36.8028582,10.0977719,2026-02-15T13:39:00.999091
Manouba,492333616,residential,,36.8143105,10.034984,2026-02-15T13:39:00.999091
Manouba,499273221,retail,Centre commercial SITMA,36.8376502,10.179808,2026-02-15T13:39:00.999091
Manouba,499554192,residential,مركز التدريب القطاعي ملابس تونس,36.8199831,10.1405105,2026-02-15T13:39:00.999091
Manouba,521287724,orchard,,36.7423953,10.1304448,2026-02-15T13:39:00.999091
Manouba,521287726,orchard,,36.7449578,10.1293643,2026-02-15T13:39:00.999091
Manouba,558996422,grass,,36.8554458,10.1861019,2026-02-15T13:39:00.999091
Manouba,558996423,basin,,36.855443,10.1860009,2026-02-15T13:39:00.999091
Manouba,559052121,grass,,36.8491925,10.191605,2026-02-15T13:39:00.999091
Manouba,559052122,grass,,36.8490483,10.191187,2026-02-15T13:39:00.999091
Manouba,609721190,grass,,36.7558645,10.1083445,2026-02-15T13:39:00.999091
Manouba,609721191,grass,,36.7560993,10.1081961,2026-02-15T13:39:00.999091
Manouba,609721192,grass,,36.7559738,10.1080326,2026-02-15T13:39:00.999091
Manouba,609721193,grass,,36.7556325,10.1085018,2026-02-15T13:39:00.999091
Manouba,609721194,grass,,36.7557441,10.1086345,2026-02-15T13:39:00.999091
Manouba,609721583,grass,,36.7621292,10.1114176,2026-02-15T13:39:00.999091
Manouba,609721590,grass,,36.7593793,10.1107901,2026-02-15T13:39:00.999091
Manouba,609722183,residential,,36.8309401,10.0060581,2026-02-15T13:39:00.999091
Manouba,609722184,residential,بجاوة,36.8388621,10.0119499,2026-02-15T13:39:00.999091
Manouba,609722185,residential,,36.8450509,10.0114213,2026-02-15T13:39:00.999091
Manouba,609722186,residential,,36.8333346,10.0200273,2026-02-15T13:39:00.999091
Manouba,609722187,residential,,36.8425263,10.0377187,2026-02-15T13:39:00.999091
Manouba,609722289,residential,,36.8549052,10.0061578,2026-02-15T13:39:00.999091
Manouba,609722290,residential,,36.8622515,10.0073722,2026-02-15T13:39:00.999091
Manouba,609893509,residential,,36.759866,10.0273651,2026-02-15T13:39:00.999091
Manouba,609893510,industrial,,36.7911276,10.0758656,2026-02-15T13:39:00.999091
Manouba,609893511,residential,,36.8197227,10.0618014,2026-02-15T13:39:00.999091
Manouba,609895063,residential,,36.8864415,10.1049995,2026-02-15T13:39:00.999091
Manouba,609895091,residential,,36.893785,10.1101866,2026-02-15T13:39:00.999091
Manouba,609895092,residential,,36.897045,10.113479,2026-02-15T13:39:00.999091
Manouba,623553956,brownfield,,36.8325694,10.0833323,2026-02-15T13:39:00.999091
Manouba,623553957,brownfield,,36.8332374,10.0833518,2026-02-15T13:39:00.999091
Manouba,623553958,brownfield,,36.8336964,10.084155,2026-02-15T13:39:00.999091
Manouba,623553959,brownfield,,36.8330219,10.0837977,2026-02-15T13:39:00.999091
Manouba,623553960,brownfield,,36.832768,10.0840565,2026-02-15T13:39:00.999091
Manouba,623553961,brownfield,,36.8332381,10.0845534,2026-02-15T13:39:00.999091
Manouba,623553962,brownfield,,36.8336697,10.0851917,2026-02-15T13:39:00.999091
Manouba,623553963,brownfield,,36.8339187,10.0849316,2026-02-15T13:39:00.999091
Manouba,623553964,brownfield,,36.8341784,10.0846526,2026-02-15T13:39:00.999091
Manouba,623553965,brownfield,,36.8346657,10.085059,2026-02-15T13:39:00.999091
Manouba,623553966,brownfield,,36.8349158,10.0853567,2026-02-15T13:39:00.999091
Manouba,623553967,brownfield,,36.834509,10.0856236,2026-02-15T13:39:00.999091
Manouba,623553968,brownfield,,36.8343061,10.0859347,2026-02-15T13:39:00.999091
Manouba,623553976,residential,TERRain vierge,36.8309584,10.0838689,2026-02-15T13:39:00.999091
Manouba,623554020,recreation_ground,,36.833339,10.0856799,2026-02-15T13:39:00.999091
Manouba,623554097,farmyard,ferme,36.8320584,10.0822708,2026-02-15T13:39:00.999091
Manouba,623593265,orchard,,36.8308701,10.083269,2026-02-15T13:39:00.999091
Manouba,623593465,orchard,,36.8302454,10.0822169,2026-02-15T13:39:00.999091
Manouba,623836954,brownfield,,36.8317888,10.0827858,2026-02-15T13:39:00.999091
Manouba,623836955,brownfield,,36.8321411,10.0838157,2026-02-15T13:39:00.999091
Manouba,623836956,farmyard,ferme,36.8316863,10.0820582,2026-02-15T13:39:00.999091
Manouba,623836961,residential,TERRain vierge,36.8308477,10.0847687,2026-02-15T13:39:00.999091
Manouba,623836962,residential,TERRain vierge,36.8308513,10.0840536,2026-02-15T13:39:00.999091
Manouba,623836963,residential,TERRain vierge,36.8311312,10.0842181,2026-02-15T13:39:00.999091
Manouba,623836964,residential,TERRain vierge,36.8310967,10.0845383,2026-02-15T13:39:00.999091
Manouba,623836965,residential,TERRain vierge,36.8314064,10.084675,2026-02-15T13:39:00.999091
Manouba,623837025,residential,,36.8314466,10.0840357,2026-02-15T13:39:00.999091
Manouba,623878970,grass,,36.8310703,10.0804181,2026-02-15T13:39:00.999091
Manouba,623878971,grass,,36.8318792,10.0796342,2026-02-15T13:39:00.999091
Manouba,623879112,brownfield,vide,36.8311157,10.081497,2026-02-15T13:39:00.999091
Manouba,623889712,recreation_ground,terrain de sport public,36.8229113,10.0919228,2026-02-15T13:39:00.999091
Manouba,623889717,brownfield,al kharoubet,36.8254717,10.0890125,2026-02-15T13:39:00.999091
Manouba,629578252,orchard,,36.831775,10.0777213,2026-02-15T13:39:00.999091
Manouba,629578255,grass,,36.8312061,10.0743205,2026-02-15T13:39:00.999091
Manouba,629578261,farmland,,36.8313639,10.075863,2026-02-15T13:39:00.999091
Manouba,629578262,orchard,,36.8345181,10.0831961,2026-02-15T13:39:00.999091
Manouba,629618312,farmland,Galaxy Gym Football Field,36.8228012,10.1867468,2026-02-15T13:39:00.999091
Manouba,637009943,orchard,,36.8331677,10.0817083,2026-02-15T13:39:00.999091
Manouba,638806384,grass,,36.8318551,10.085613,2026-02-15T13:39:00.999091
Manouba,639424643,greenfield,maison détruite,36.8302102,10.0891618,2026-02-15T13:39:00.999091
Manouba,644354500,grass,,36.761516,10.1910048,2026-02-15T13:39:00.999091
Manouba,644572546,grass,,36.8267533,10.0866488,2026-02-15T13:39:00.999091
Manouba,645323203,quarry,,36.7630217,10.1875487,2026-02-15T13:39:00.999091
Manouba,646808966,greenfield,,36.7510575,10.1835063,2026-02-15T13:39:00.999091
Manouba,646809221,greenfield,,36.7511914,10.1829846,2026-02-15T13:39:00.999091
Manouba,646871980,grass,,36.7558837,10.1863911,2026-02-15T13:39:00.999091
Manouba,646879168,residential,,36.7627146,10.1905452,2026-02-15T13:39:00.999091
Manouba,646905711,greenfield,,36.7515831,10.1781353,2026-02-15T13:39:00.999091
Manouba,646909636,industrial,,36.7630539,10.1952178,2026-02-15T13:39:00.999091
Manouba,646910536,greenfield,,36.7511494,10.1792417,2026-02-15T13:39:00.999091
Manouba,646911539,greenfield,,36.7515235,10.1792565,2026-02-15T13:39:00.999091
Manouba,647230952,greenfield,,36.7532189,10.1782354,2026-02-15T13:39:00.999091
Manouba,647253962,greenfield,,36.7543041,10.1773084,2026-02-15T13:39:00.999091
Manouba,647450759,greenfield,,36.7527332,10.1775753,2026-02-15T13:39:00.999091
Manouba,647461703,greenfield,,36.75286,10.1816905,2026-02-15T13:39:00.999091
Manouba,647464237,greenfield,,36.7527493,10.1763455,2026-02-15T13:39:00.999091
Manouba,647737497,grass,,36.7512302,10.1839774,2026-02-15T13:39:00.999091
Manouba,647811532,greenfield,,36.7610295,10.185107,2026-02-15T13:39:00.999091
Manouba,647816724,grass,,36.7489284,10.1810793,2026-02-15T13:39:00.999091
Manouba,647825948,greenfield,,36.7498832,10.1789565,2026-02-15T13:39:00.999091
Manouba,647828453,grass,,36.7508475,10.1793782,2026-02-15T13:39:00.999091
Manouba,647830412,grass,,36.7550391,10.1799161,2026-02-15T13:39:00.999091
Manouba,648168971,greenfield,,36.7534888,10.1812257,2026-02-15T13:39:00.999091
Manouba,648230088,greenfield,,36.7520118,10.1773255,2026-02-15T13:39:00.999091
Manouba,657588893,allotments,,36.7615179,10.1910448,2026-02-15T13:39:00.999091
Manouba,663536729,orchard,,36.8260203,10.1015472,2026-02-15T13:39:00.999091
Manouba,663536730,village_green,,36.8250975,10.1027505,2026-02-15T13:39:00.999091
Manouba,663536731,village_green,,36.8248147,10.1023142,2026-02-15T13:39:00.999091
Manouba,663536732,village_green,,36.8245743,10.1024076,2026-02-15T13:39:00.999091
Manouba,663536765,residential,,36.8271447,10.0990621,2026-02-15T13:39:00.999091
Manouba,663536787,reservoir,,36.8278465,10.1019368,2026-02-15T13:39:00.999091
Manouba,663536788,reservoir,,36.827401,10.1017689,2026-02-15T13:39:00.999091
Manouba,663536789,reservoir,,36.8278333,10.1014144,2026-02-15T13:39:00.999091
Manouba,663536790,reservoir,,36.8277776,10.1011882,2026-02-15T13:39:00.999091
Manouba,663536791,reservoir,,36.8276015,10.101238,2026-02-15T13:39:00.999091
Manouba,663536792,reservoir,,36.8280525,10.101503,2026-02-15T13:39:00.999091
Manouba,663536793,reservoir,,36.8280277,10.1009887,2026-02-15T13:39:00.999091
Manouba,663536794,reservoir,,36.8277957,10.1015056,2026-02-15T13:39:00.999091
Manouba,663536803,village_green,residene nour,36.8253939,10.097784,2026-02-15T13:39:00.999091
Manouba,663557897,village_green,,36.831116,10.0924243,2026-02-15T13:39:00.999091
Manouba,664034153,industrial,La Caisse nationale d'assurance-maladie (CNAM),36.8183717,10.0971389,2026-02-15T13:39:00.999091
Manouba,664474265,construction,,36.8200868,10.0855726,2026-02-15T13:39:00.999091
Manouba,664474268,construction,,36.8201168,10.085041,2026-02-15T13:39:00.999091
Manouba,664474269,construction,,36.8202607,10.0851239,2026-02-15T13:39:00.999091
Manouba,664474280,construction,,36.8206203,10.0839002,2026-02-15T13:39:00.999091
Manouba,664474282,construction,,36.8209663,10.0829078,2026-02-15T13:39:00.999091
Manouba,664474351,grass,,36.8249124,10.0808398,2026-02-15T13:39:00.999091
Manouba,664474352,construction,,36.8242873,10.083778,2026-02-15T13:39:00.999091
Manouba,664474353,construction,,36.8255274,10.0848551,2026-02-15T13:39:00.999091
Manouba,664474363,village_green,jardin,36.8258891,10.079704,2026-02-15T13:39:00.999091
Manouba,664474366,construction,,36.8254341,10.0800727,2026-02-15T13:39:00.999091
Manouba,664549482,construction,,36.8246773,10.0712348,2026-02-15T13:39:00.999091
Manouba,664640882,construction,,36.8258642,10.0739659,2026-02-15T13:39:00.999091
Manouba,665109225,grass,,36.8215422,10.0812427,2026-02-15T13:39:00.999091
Manouba,665454067,grass,,36.8231188,10.0745184,2026-02-15T13:39:00.999091
Manouba,665456124,village_green,,36.8246612,10.0903081,2026-02-15T13:39:00.999091
Manouba,665456134,village_green,,36.8248598,10.0913765,2026-02-15T13:39:00.999091
Manouba,665456162,village_green,jardin cité saada,36.8253386,10.0932796,2026-02-15T13:39:00.999091
Manouba,665458520,construction,cafe lakrad,36.8250691,10.0771779,2026-02-15T13:39:00.999091
Manouba,665648862,grass,,36.8294664,10.0683474,2026-02-15T13:39:00.999091
Manouba,665648863,construction,,36.8279077,10.0690441,2026-02-15T13:39:00.999091
Manouba,665648864,grass,,36.8255511,10.0690319,2026-02-15T13:39:00.999091
Manouba,665648873,construction,,36.8273358,10.0664463,2026-02-15T13:39:00.999091
Manouba,665648901,residential,,36.8324821,10.0665209,2026-02-15T13:39:00.999091
Manouba,665648971,residential,,36.8312459,10.0683715,2026-02-15T13:39:00.999091
Manouba,665648972,residential,,36.8310187,10.0680593,2026-02-15T13:39:00.999091
Manouba,665648993,residential,,36.8326442,10.0691227,2026-02-15T13:39:00.999091
Manouba,665648999,residential,,36.83286,10.0694718,2026-02-15T13:39:00.999091
Manouba,665649053,industrial,usine,36.8305482,10.0716636,2026-02-15T13:39:00.999091
Manouba,665674893,village_green,espace vert,36.8219645,10.090532,2026-02-15T13:39:00.999091
Manouba,665674894,village_green,espace vert,36.8227972,10.0890729,2026-02-15T13:39:00.999091
Manouba,665676100,village_green,espace vert,36.8208007,10.0902624,2026-02-15T13:39:00.999091
Manouba,667591166,village_green,,36.8223601,10.0894885,2026-02-15T13:39:00.999091
Manouba,672664374,village_green,maison des jeunes de Douar Hicher,36.8256134,10.0951315,2026-02-15T13:39:00.999091
Manouba,672667718,village_green,,36.8210351,10.0888513,2026-02-15T13:39:00.999091
Manouba,673433318,construction,,36.8241033,10.0851491,2026-02-15T13:39:00.999091
Manouba,673433319,construction,,36.8236824,10.0849986,2026-02-15T13:39:00.999091
Manouba,673435664,construction,,36.8258297,10.0994677,2026-02-15T13:39:00.999091
Manouba,679120190,commercial,CASUAL SHOP,36.8219034,10.1855955,2026-02-15T13:39:00.999091
Manouba,684982681,religious,,36.7911815,10.0939974,2026-02-15T13:39:00.999091
Manouba,684982697,forest,,36.7881309,10.0955605,2026-02-15T13:39:00.999091
Manouba,684982698,farmland,,36.7870186,10.0959116,2026-02-15T13:39:00.999091
Manouba,684982699,farmland,,36.7868511,10.097605,2026-02-15T13:39:00.999091
Manouba,684982700,forest,غابة حضرية العقبة,36.7852678,10.0958777,2026-02-15T13:39:00.999091
Manouba,696660091,greenfield,,36.8256724,10.1839395,2026-02-15T13:39:00.999091
Manouba,733217499,commercial,Com.Ex,36.8529091,10.1522143,2026-02-15T13:39:00.999091
Manouba,771392715,grass,,36.7643731,10.1936755,2026-02-15T13:39:00.999091
Manouba,782841325,retail,,36.7969229,10.1329002,2026-02-15T13:39:00.999091
Manouba,792822164,industrial,,36.7523112,10.1000876,2026-02-15T13:39:00.999091
Manouba,792837357,recreation_ground,,36.7899271,10.1189552,2026-02-15T13:39:00.999091
Manouba,792952620,recreation_ground,,36.85439,10.1646914,2026-02-15T13:39:00.999091
Manouba,793159655,brownfield,,36.780981,10.1133138,2026-02-15T13:39:00.999091
Manouba,802414641,brownfield,,36.7651616,10.1074413,2026-02-15T13:39:00.999091
Manouba,802414642,brownfield,,36.76552,10.1078137,2026-02-15T13:39:00.999091
Manouba,802414643,brownfield,,36.7660008,10.1080313,2026-02-15T13:39:00.999091
Manouba,802746339,brownfield,,36.776213,10.1025549,2026-02-15T13:39:00.999091
Manouba,802746349,landfill,,36.7747085,10.1041587,2026-02-15T13:39:00.999091
Manouba,802746350,brownfield,,36.7754271,10.1061594,2026-02-15T13:39:00.999091
Manouba,806143732,greenfield,,36.8482962,10.1430125,2026-02-15T13:39:00.999091
Manouba,812598080,commercial,CME,36.78855,10.1191261,2026-02-15T13:39:00.999091
Manouba,847107501,residential,,36.8399766,10.1814212,2026-02-15T13:39:00.999091
Manouba,847451161,greenfield,,36.8357235,10.1945214,2026-02-15T13:39:00.999091
Manouba,848076335,brownfield,,36.836172,10.1951929,2026-02-15T13:39:00.999091
Manouba,861326316,residential,حي النسيم,36.8198246,9.9822507,2026-02-15T13:39:00.999091
Manouba,865157394,retail,,36.7680644,10.1123032,2026-02-15T13:39:00.999091
Manouba,903665543,railway,,36.8007414,10.192651,2026-02-15T13:39:00.999091
Manouba,924818069,residential,إقامة مريم,36.8522314,10.1312527,2026-02-15T13:39:00.999091
Manouba,924818070,residential,إقامة ريم,36.8526336,10.1318225,2026-02-15T13:39:00.999091
Manouba,976760324,railway,,36.7795698,10.0990009,2026-02-15T13:39:00.999091
Manouba,980164287,residential,إقامة فل ياسمين,36.8209191,10.1494385,2026-02-15T13:39:00.999091
Manouba,980164288,residential,Nour Hilton,36.8189623,10.1470969,2026-02-15T13:39:00.999091
Manouba,988728926,residential,,36.8584268,10.0895421,2026-02-15T13:39:00.999091
Manouba,988728927,residential,,36.8586516,10.0954435,2026-02-15T13:39:00.999091
Manouba,1001201632,meadow,,36.8115999,10.0658652,2026-02-15T13:39:00.999091
Manouba,1001201638,meadow,,36.8114757,10.0659187,2026-02-15T13:39:00.999091
Manouba,1070258140,cemetery,مقبرة سيدي حسين العطار,36.7341339,10.0779525,2026-02-15T13:39:00.999091
Manouba,1086068592,forest,,36.7910239,10.1385652,2026-02-15T13:39:00.999091
Manouba,1123877044,residential,café,36.8454798,10.1842334,2026-02-15T13:39:00.999091
Manouba,1123877045,residential,,36.846869,10.1840015,2026-02-15T13:39:00.999091
Manouba,1159145015,quarry,société el hane,36.7762073,10.1147993,2026-02-15T13:39:00.999091
Manouba,1159156343,orchard,,36.7802603,10.1138317,2026-02-15T13:39:00.999091
Manouba,1159156511,brownfield,,36.7490619,10.1106337,2026-02-15T13:39:00.999091
Manouba,1159156513,brownfield,,36.749237,10.1111534,2026-02-15T13:39:00.999091
Manouba,1159156514,brownfield,,36.7489827,10.1108946,2026-02-15T13:39:00.999091
Manouba,1159156520,brownfield,,36.7486889,10.110641,2026-02-15T13:39:00.999091
Manouba,1159156527,brownfield,,36.7483397,10.1115738,2026-02-15T13:39:00.999091
Manouba,1159156528,brownfield,,36.7474586,10.112982,2026-02-15T13:39:00.999091
Manouba,1159156529,brownfield,,36.7478584,10.1133549,2026-02-15T13:39:00.999091
Manouba,1159156530,brownfield,,36.7466268,10.1143231,2026-02-15T13:39:00.999091
Manouba,1159157333,orchard,,36.7551355,10.1185278,2026-02-15T13:39:00.999091
Manouba,1159158505,greenfield,,36.7590098,10.1189159,2026-02-15T13:39:00.999091
Manouba,1159172641,cemetery,,36.7667886,10.1120659,2026-02-15T13:39:00.999091
Manouba,1159176843,orchard,espace bettoumi,36.7528243,10.1217625,2026-02-15T13:39:00.999091
Manouba,1159187191,grass,,36.7562062,10.1213635,2026-02-15T13:39:00.999091
Manouba,1163671321,garages,Terrain A Usage Multiple,36.8413797,10.1964245,2026-02-15T13:39:00.999091
Manouba,1169603927,greenfield,,36.7550437,10.1028838,2026-02-15T13:39:00.999091
Manouba,1169603928,greenfield,,36.7554047,10.1034561,2026-02-15T13:39:00.999091
Manouba,1169640203,brownfield,,36.7579378,10.1096908,2026-02-15T13:39:00.999091
Manouba,1169640204,brownfield,,36.7582699,10.1090496,2026-02-15T13:39:00.999091
Manouba,1169640205,brownfield,,36.7585093,10.1088001,2026-02-15T13:39:00.999091
Manouba,1169640206,brownfield,,36.7586961,10.1085077,2026-02-15T13:39:00.999091
Manouba,1169640207,brownfield,,36.7576037,10.1082555,2026-02-15T13:39:00.999091
Manouba,1169640208,brownfield,,36.7578476,10.1079859,2026-02-15T13:39:00.999091
Manouba,1169640209,brownfield,,36.7580743,10.1077365,2026-02-15T13:39:00.999091
Manouba,1169646505,grass,,36.7551233,10.1072243,2026-02-15T13:39:00.999091
Manouba,1169647731,industrial,cherni,36.7514759,10.1058694,2026-02-15T13:39:00.999091
Manouba,1169724438,residential,,36.7538067,10.1053473,2026-02-15T13:39:00.999091
Manouba,1169725994,orchard,,36.7536502,10.1048959,2026-02-15T13:39:00.999091
Manouba,1169729596,orchard,,36.7532412,10.1049935,2026-02-15T13:39:00.999091
Manouba,1169729597,orchard,,36.7547504,10.1044978,2026-02-15T13:39:00.999091
Manouba,1169729598,greenfield,,36.7551991,10.1026757,2026-02-15T13:39:00.999091
Manouba,1169729601,greenfield,,36.7547279,10.1031746,2026-02-15T13:39:00.999091
Manouba,1169729603,greenfield,,36.7542521,10.1028835,2026-02-15T13:39:00.999091
Manouba,1169729604,greenfield,,36.7537475,10.102258,2026-02-15T13:39:00.999091
Manouba,1169730748,greenfield,,36.7539188,10.1028252,2026-02-15T13:39:00.999091
Manouba,1169730752,greenfield,,36.7535996,10.1030437,2026-02-15T13:39:00.999091
Manouba,1169730758,greenfield,,36.7545943,10.1034722,2026-02-15T13:39:00.999091
Manouba,1169748265,greenfield,,36.7533283,10.1028814,2026-02-15T13:39:00.999091
Manouba,1169748275,greenfield,,36.7528028,10.1039261,2026-02-15T13:39:00.999091
Manouba,1169748997,greenfield,,36.7533409,10.1036431,2026-02-15T13:39:00.999091
Manouba,1169749005,greenfield,,36.7528836,10.1043292,2026-02-15T13:39:00.999091
Manouba,1169749348,greenfield,,36.753606,10.1044818,2026-02-15T13:39:00.999091
Manouba,1169749612,greenfield,,36.7537021,10.1038161,2026-02-15T13:39:00.999091
Manouba,1169749613,greenfield,,36.7539327,10.1041212,2026-02-15T13:39:00.999091
Manouba,1169751378,greenfield,,36.7543474,10.1033517,2026-02-15T13:39:00.999091
Manouba,1169751727,greenfield,,36.7538191,10.10348,2026-02-15T13:39:00.999091
Manouba,1169751733,greenfield,,36.7542085,10.1036854,2026-02-15T13:39:00.999091
Manouba,1169751736,greenfield,,36.7543979,10.103832,2026-02-15T13:39:00.999091
Manouba,1186516318,brownfield,,36.7572699,10.1099787,2026-02-15T13:39:00.999091
Manouba,1186546876,brownfield,,36.7578216,10.1107469,2026-02-15T13:39:00.999091
Manouba,1186546890,brownfield,,36.7580571,10.1114151,2026-02-15T13:39:00.999091
Manouba,1188258902,brownfield,,36.75587,10.1099763,2026-02-15T13:39:00.999091
Manouba,1188258905,brownfield,,36.7558107,10.1097297,2026-02-15T13:39:00.999091
Manouba,1188258906,brownfield,,36.7558004,10.1096319,2026-02-15T13:39:00.999091
Manouba,1188258911,brownfield,,36.7561016,10.1096153,2026-02-15T13:39:00.999091
Manouba,1188258916,brownfield,,36.7561721,10.1102926,2026-02-15T13:39:00.999091
Manouba,1188258917,brownfield,,36.7560828,10.1101887,2026-02-15T13:39:00.999091
Manouba,1188258920,brownfield,,36.7562327,10.1102093,2026-02-15T13:39:00.999091
Manouba,1188266987,residential,B HAMZA,36.7597181,10.1130629,2026-02-15T13:39:00.999091
Manouba,1188345174,brownfield,,36.7563301,10.1106106,2026-02-15T13:39:00.999091
Manouba,1188345186,brownfield,,36.7564866,10.110743,2026-02-15T13:39:00.999091
Manouba,1188345192,brownfield,,36.756773,10.1107204,2026-02-15T13:39:00.999091
Manouba,1188411881,grass,,36.7619563,10.1121171,2026-02-15T13:39:00.999091
Manouba,1188411895,grass,,36.7628584,10.1129059,2026-02-15T13:39:00.999091
Manouba,1188419544,grass,,36.761803,10.1101284,2026-02-15T13:39:00.999091
Manouba,1188430088,brownfield,,36.7568658,10.1103875,2026-02-15T13:39:00.999091
Manouba,1188430090,brownfield,,36.7569077,10.1106288,2026-02-15T13:39:00.999091
Manouba,1188430095,brownfield,,36.7567665,10.1110664,2026-02-15T13:39:00.999091
Manouba,1188430098,brownfield,,36.756848,10.1111859,2026-02-15T13:39:00.999091
Manouba,1188430100,brownfield,,36.7570065,10.1110016,2026-02-15T13:39:00.999091
Manouba,1188434063,brownfield,,36.7570712,10.1111072,2026-02-15T13:39:00.999091
Manouba,1188442108,brownfield,,36.7576131,10.1119426,2026-02-15T13:39:00.999091
Manouba,1188442110,brownfield,,36.7579337,10.1121508,2026-02-15T13:39:00.999091
Manouba,1188461739,greenfield,,36.7527688,10.1069129,2026-02-15T13:39:00.999091
Manouba,1188461749,greenfield,,36.7527232,10.1072725,2026-02-15T13:39:00.999091
Manouba,1188461753,greenfield,,36.7529885,10.1075289,2026-02-15T13:39:00.999091
Manouba,1188496379,greenfield,,36.7633703,10.1156147,2026-02-15T13:39:00.999091
Manouba,1188496387,greenfield,,36.7638558,10.115328,2026-02-15T13:39:00.999091
Manouba,1188496414,greenfield,,36.7636776,10.116369,2026-02-15T13:39:00.999091
Manouba,1188496422,greenfield,,36.7639451,10.1162219,2026-02-15T13:39:00.999091
Manouba,1188497826,greenfield,,36.7632574,10.1166135,2026-02-15T13:39:00.999091
Manouba,1188519729,brownfield,,36.766455,10.11426,2026-02-15T13:39:00.999091
Manouba,1188534832,greenfield,,36.7630685,10.1177982,2026-02-15T13:39:00.999091
Manouba,1188534845,greenfield,,36.7628356,10.1172736,2026-02-15T13:39:00.999091
Manouba,1188534876,greenfield,,36.7625648,10.1164634,2026-02-15T13:39:00.999091
Manouba,1188534880,greenfield,,36.7624528,10.1156733,2026-02-15T13:39:00.999091
Manouba,1188534881,greenfield,,36.7622517,10.1153853,2026-02-15T13:39:00.999091
Manouba,1188534891,greenfield,,36.7627362,10.115463,2026-02-15T13:39:00.999091
Manouba,1188534893,greenfield,,36.7627205,10.1153343,2026-02-15T13:39:00.999091
Manouba,1188534896,greenfield,,36.7627565,10.1158682,2026-02-15T13:39:00.999091
Manouba,1190215262,orchard,,36.7592697,10.1079426,2026-02-15T13:39:00.999091
Manouba,1190887796,grass,,36.7592742,10.1079347,2026-02-15T13:39:00.999091
Manouba,1191170661,brownfield,,36.7630286,10.1145373,2026-02-15T13:39:00.999091
Manouba,1191170699,brownfield,,36.7653187,10.1123981,2026-02-15T13:39:00.999091
Manouba,1191237242,brownfield,,36.7665606,10.1131981,2026-02-15T13:39:00.999091
Manouba,1191237249,brownfield,,36.7665011,10.1130071,2026-02-15T13:39:00.999091
Manouba,1191237260,brownfield,,36.7663552,10.1138065,2026-02-15T13:39:00.999091
Manouba,1191246124,brownfield,,36.7663341,10.113579,2026-02-15T13:39:00.999091
Manouba,1191251783,brownfield,,36.7661084,10.1135,2026-02-15T13:39:00.999091
Manouba,1191254502,brownfield,,36.7656051,10.1128114,2026-02-15T13:39:00.999091
Manouba,1191372892,brownfield,,36.7646554,10.114044,2026-02-15T13:39:00.999091
Manouba,1191372893,brownfield,,36.7652399,10.1134045,2026-02-15T13:39:00.999091
Manouba,1191372901,brownfield,,36.7645798,10.1129979,2026-02-15T13:39:00.999091
Manouba,1191425974,brownfield,,36.765132,10.1135568,2026-02-15T13:39:00.999091
Manouba,1191425977,brownfield,,36.7649093,10.1134017,2026-02-15T13:39:00.999091
Manouba,1191425987,brownfield,,36.7645649,10.1131993,2026-02-15T13:39:00.999091
Manouba,1191426022,brownfield,,36.764337,10.1131941,2026-02-15T13:39:00.999091
Manouba,1191437229,brownfield,,36.7635958,10.114161,2026-02-15T13:39:00.999091
Manouba,1191437239,brownfield,,36.7632455,10.1139138,2026-02-15T13:39:00.999091
Manouba,1193546819,greenfield,,36.7696969,10.1176784,2026-02-15T13:39:00.999091
Manouba,1193546820,greenfield,,36.7695523,10.1175658,2026-02-15T13:39:00.999091
Manouba,1193547867,industrial,,36.7782162,10.1140791,2026-02-15T13:39:00.999091
Manouba,1193596335,greenfield,,36.7705799,10.1176415,2026-02-15T13:39:00.999091
Manouba,1193614808,greenfield,,36.7689303,10.1179736,2026-02-15T13:39:00.999091
Manouba,1193614830,greenfield,,36.7682125,10.1171263,2026-02-15T13:39:00.999091
Manouba,1193943948,grass,,36.781344,10.1117593,2026-02-15T13:39:00.999091
Manouba,1194072908,industrial,,36.7784613,10.1139377,2026-02-15T13:39:00.999091
Manouba,1194231217,quarry,,36.7825518,10.1134496,2026-02-15T13:39:00.999091
Manouba,1198055639,grass,,36.7783277,10.1128858,2026-02-15T13:39:00.999091
Manouba,1200002813,greenfield,,36.768969,10.1141761,2026-02-15T13:39:00.999091
Manouba,1200584863,industrial,,36.7773037,10.1133206,2026-02-15T13:39:00.999091
Manouba,1200604523,brownfield,,36.7736561,10.1184863,2026-02-15T13:39:00.999091
Manouba,1200604543,brownfield,,36.773743,10.1185535,2026-02-15T13:39:00.999091
Manouba,1200604544,brownfield,,36.774399,10.1191524,2026-02-15T13:39:00.999091
Manouba,1200604545,brownfield,,36.7745267,10.1191233,2026-02-15T13:39:00.999091
Manouba,1200604546,brownfield,,36.7744442,10.1190084,2026-02-15T13:39:00.999091
Manouba,1200604575,brownfield,,36.7732441,10.1188451,2026-02-15T13:39:00.999091
Manouba,1200604586,brownfield,,36.7731535,10.1187776,2026-02-15T13:39:00.999091
Manouba,1200604587,brownfield,,36.7739124,10.1187841,2026-02-15T13:39:00.999091
Manouba,1200604588,brownfield,,36.7737988,10.1189013,2026-02-15T13:39:00.999091
Manouba,1200604589,brownfield,,36.7735928,10.1189137,2026-02-15T13:39:00.999091
Manouba,1200604590,brownfield,,36.7736492,10.118758,2026-02-15T13:39:00.999091
Manouba,1200604591,brownfield,,36.773443,10.1188574,2026-02-15T13:39:00.999091
Manouba,1200604592,brownfield,,36.7735076,10.1186961,2026-02-15T13:39:00.999091
Manouba,1200604593,brownfield,,36.7740327,10.118837,2026-02-15T13:39:00.999091
Manouba,1200604594,brownfield,,36.7730612,10.1189099,2026-02-15T13:39:00.999091
Manouba,1200604595,brownfield,,36.7731486,10.1189776,2026-02-15T13:39:00.999091
Manouba,1200604596,brownfield,,36.773108,10.119075,2026-02-15T13:39:00.999091
Manouba,1200604597,brownfield,,36.7730174,10.1190074,2026-02-15T13:39:00.999091
Manouba,1200604598,brownfield,,36.7729732,10.1183654,2026-02-15T13:39:00.999091
Manouba,1200604599,brownfield,,36.7730874,10.1184549,2026-02-15T13:39:00.999091
Manouba,1200604601,brownfield,,36.7729709,10.1185891,2026-02-15T13:39:00.999091
Manouba,1200604603,brownfield,,36.7728524,10.1187835,2026-02-15T13:39:00.999091
Manouba,1200604606,brownfield,,36.7725983,10.1182519,2026-02-15T13:39:00.999091
Manouba,1200604607,brownfield,,36.772517,10.1184111,2026-02-15T13:39:00.999091
Manouba,1200604608,brownfield,,36.7727211,10.1183296,2026-02-15T13:39:00.999091
Manouba,1200604610,brownfield,,36.772569,10.1185824,2026-02-15T13:39:00.999091
Manouba,1200604611,brownfield,,36.7724454,10.1185295,2026-02-15T13:39:00.999091
Manouba,1200749388,brownfield,,36.7785088,10.1073833,2026-02-15T13:39:00.999091
Manouba,1200749403,brownfield,,36.7783279,10.107524,2026-02-15T13:39:00.999091
Manouba,1200758466,grass,,36.7781598,10.1065943,2026-02-15T13:39:00.999091
Manouba,1200863594,brownfield,,36.7773155,10.1090932,2026-02-15T13:39:00.999091
Manouba,1200863598,brownfield,,36.7772251,10.1088137,2026-02-15T13:39:00.999091
Manouba,1200863633,brownfield,,36.7772367,10.1084223,2026-02-15T13:39:00.999091
Manouba,1200863634,brownfield,,36.7772008,10.1083464,2026-02-15T13:39:00.999091
Manouba,1200905792,brownfield,,36.7721855,10.1181544,2026-02-15T13:39:00.999091
Manouba,1200905796,brownfield,,36.7723348,10.1182236,2026-02-15T13:39:00.999091
Manouba,1201111413,residential,,36.7667059,10.1052533,2026-02-15T13:39:00.999091
Manouba,1201552714,brownfield,,36.7276537,10.1330148,2026-02-15T13:39:00.999091
Manouba,1201552715,farmland,,36.723427,10.1476174,2026-02-15T13:39:00.999091
Manouba,1201686060,greenfield,,36.7659776,10.1057274,2026-02-15T13:39:00.999091
Manouba,1201864599,brownfield,,36.7766235,10.1090075,2026-02-15T13:39:00.999091
Manouba,1201902009,brownfield,,36.7764856,10.1096478,2026-02-15T13:39:00.999091
Manouba,1201902013,brownfield,,36.7768666,10.109409,2026-02-15T13:39:00.999091
Manouba,1201920075,grass,,36.7707123,10.1023227,2026-02-15T13:39:00.999091
Manouba,1201920076,grass,,36.7714343,10.1009702,2026-02-15T13:39:00.999091
Manouba,1202023818,brownfield,,36.7788915,10.1078635,2026-02-15T13:39:00.999091
Manouba,1202035989,industrial,,36.7716496,10.1084868,2026-02-15T13:39:00.999091
Manouba,1202038229,brownfield,,36.7782366,10.1079157,2026-02-15T13:39:00.999091
Manouba,1202264242,industrial,بيع مواد البناء,36.781089,10.1107821,2026-02-15T13:39:00.999091
Manouba,1202287044,grass,,36.781398,10.1101115,2026-02-15T13:39:00.999091
Manouba,1202343208,farmland,,36.764442,10.1094061,2026-02-15T13:39:00.999091
Manouba,1202343209,brownfield,,36.7646432,10.1082546,2026-02-15T13:39:00.999091
Manouba,1202343210,farmland,,36.7639235,10.1084479,2026-02-15T13:39:00.999091
Manouba,1202343211,farmland,,36.7634921,10.1076094,2026-02-15T13:39:00.999091
Manouba,1202343212,farmland,,36.7629267,10.1085619,2026-02-15T13:39:00.999091
Manouba,1202351240,brownfield,,36.7645776,10.1069955,2026-02-15T13:39:00.999091
Manouba,1202351242,brownfield,,36.7646738,10.1073812,2026-02-15T13:39:00.999091
Manouba,1202351245,brownfield,,36.7649362,10.1070469,2026-02-15T13:39:00.999091
Manouba,1202494625,farmland,,36.7631309,10.1068385,2026-02-15T13:39:00.999091
Manouba,1202494630,brownfield,,36.7625344,10.1075955,2026-02-15T13:39:00.999091
Manouba,1202494632,brownfield,,36.7621501,10.1080637,2026-02-15T13:39:00.999091
Manouba,1202813844,brownfield,,36.7667531,10.1034182,2026-02-15T13:39:00.999091
Manouba,1202813858,brownfield,,36.7677506,10.1032672,2026-02-15T13:39:00.999091
Manouba,1202909331,greenfield,,36.7664278,10.0991945,2026-02-15T13:39:00.999091
Manouba,1202909332,greenfield,,36.7660837,10.0995827,2026-02-15T13:39:00.999091
Manouba,1202909333,greenfield,,36.766498,10.0999714,2026-02-15T13:39:00.999091
Manouba,1202909334,greenfield,,36.7667393,10.1000262,2026-02-15T13:39:00.999091
Manouba,1202909335,greenfield,,36.767048,10.0998765,2026-02-15T13:39:00.999091
Manouba,1202909336,greenfield,,36.7661488,10.0986942,2026-02-15T13:39:00.999091
Manouba,1202909337,greenfield,,36.7657764,10.0989727,2026-02-15T13:39:00.999091
Manouba,1202909338,greenfield,,36.765995,10.0992773,2026-02-15T13:39:00.999091
Manouba,1202909339,greenfield,,36.7657834,10.099499,2026-02-15T13:39:00.999091
Manouba,1202909340,greenfield,,36.7655162,10.0992627,2026-02-15T13:39:00.999091
Manouba,1204044317,residential,,36.7715329,10.1102487,2026-02-15T13:39:00.999091
Manouba,1204643611,greenfield,,36.7810254,10.1090488,2026-02-15T13:39:00.999091
Manouba,1204643612,greenfield,,36.7800978,10.1080743,2026-02-15T13:39:00.999091
Manouba,1204648834,greenfield,,36.7807202,10.1075332,2026-02-15T13:39:00.999091
Manouba,1205039230,brownfield,,36.7660245,10.1028735,2026-02-15T13:39:00.999091
Manouba,1205039231,brownfield,,36.7660718,10.1035096,2026-02-15T13:39:00.999091
Manouba,1205039232,brownfield,,36.7657886,10.1029934,2026-02-15T13:39:00.999091
Manouba,1205039237,brownfield,,36.764774,10.1035679,2026-02-15T13:39:00.999091
Manouba,1205039239,brownfield,,36.7650066,10.1037395,2026-02-15T13:39:00.999091
Manouba,1205039244,brownfield,,36.7655147,10.104204,2026-02-15T13:39:00.999091
Manouba,1205039262,brownfield,,36.7645414,10.1046556,2026-02-15T13:39:00.999091
Manouba,1205039280,brownfield,,36.7646174,10.105314,2026-02-15T13:39:00.999091
Manouba,1205039287,brownfield,,36.7644394,10.1048185,2026-02-15T13:39:00.999091
Manouba,1205039307,brownfield,,36.7662945,10.1019543,2026-02-15T13:39:00.999091
Manouba,1205039309,brownfield,,36.7667193,10.1013735,2026-02-15T13:39:00.999091
Manouba,1205039315,brownfield,,36.766269,10.1027384,2026-02-15T13:39:00.999091
Manouba,1205039320,brownfield,,36.7665608,10.1011756,2026-02-15T13:39:00.999091
Manouba,1205039323,brownfield,,36.7659967,10.1015676,2026-02-15T13:39:00.999091
Manouba,1205039325,brownfield,,36.7657665,10.1005698,2026-02-15T13:39:00.999091
Manouba,1205039326,brownfield,,36.7649841,10.1021252,2026-02-15T13:39:00.999091
Manouba,1205039327,brownfield,,36.7649003,10.1015808,2026-02-15T13:39:00.999091
Manouba,1205039328,brownfield,,36.7632532,10.1046673,2026-02-15T13:39:00.999091
Manouba,1205039339,brownfield,,36.7640465,10.1036821,2026-02-15T13:39:00.999091
Manouba,1205039341,brownfield,,36.7643386,10.1036912,2026-02-15T13:39:00.999091
Manouba,1205039344,brownfield,,36.7644261,10.103282,2026-02-15T13:39:00.999091
Manouba,1205039345,brownfield,,36.7646217,10.1030271,2026-02-15T13:39:00.999091
Manouba,1205196930,brownfield,,36.7654156,10.1024776,2026-02-15T13:39:01.000091
Manouba,1206887902,brownfield,,36.7655427,10.1096138,2026-02-15T13:39:01.000091
Manouba,1211553901,farmland,,36.7435503,10.1351332,2026-02-15T13:39:01.000091
Manouba,1211557501,farmland,,36.7339887,10.1491122,2026-02-15T13:39:01.000091
Manouba,1211557502,farmland,,36.7315913,10.1604275,2026-02-15T13:39:01.000091
Manouba,1211559418,farmland,,36.7318487,10.1544035,2026-02-15T13:39:01.000091
Manouba,1216767326,industrial,الشركة الفنية للمعادن,36.7490533,10.0071786,2026-02-15T13:39:01.000091
Manouba,1223243256,residential,,36.8180455,10.0771462,2026-02-15T13:39:01.000091
Manouba,1223243270,cemetery,,36.8099914,10.124007,2026-02-15T13:39:01.000091
Manouba,1223782047,grass,,36.7962236,10.1804491,2026-02-15T13:39:01.000091
Manouba,1223782048,grass,,36.796832,10.1808067,2026-02-15T13:39:01.000091
Manouba,1223782049,grass,,36.7965371,10.1808529,2026-02-15T13:39:01.000091
Manouba,1223782051,grass,,36.7968433,10.1803921,2026-02-15T13:39:01.000091
Manouba,1223782052,grass,,36.7966535,10.1800036,2026-02-15T13:39:01.000091
Manouba,1223782053,grass,,36.796358,10.1800497,2026-02-15T13:39:01.000091
Manouba,1224732502,farmland,,36.8365624,9.9936573,2026-02-15T13:39:01.000091
Manouba,1224732503,farmland,,36.8374199,9.9987972,2026-02-15T13:39:01.000091
Manouba,1224732504,orchard,,36.8379094,9.9947973,2026-02-15T13:39:01.000091
Manouba,1224732505,orchard,,36.8391276,10.0050459,2026-02-15T13:39:01.000091
Manouba,1224732507,orchard,,36.8354795,10.0077805,2026-02-15T13:39:01.000091
Manouba,1224732508,construction,,36.8361889,10.0123114,2026-02-15T13:39:01.000091
Manouba,1224732509,retail,,36.8362565,10.0118597,2026-02-15T13:39:01.000091
Manouba,1224732510,construction,,36.8364358,10.0088549,2026-02-15T13:39:01.000091
Manouba,1224732511,residential,,36.8365309,10.008438,2026-02-15T13:39:01.000091
Manouba,1224732514,commercial,,36.8364502,10.009548,2026-02-15T13:39:01.000091
Manouba,1224761612,farmland,,36.833417,9.9899762,2026-02-15T13:39:01.000091
Manouba,1224761614,orchard,,36.831021,9.9874366,2026-02-15T13:39:01.000091
Manouba,1224761624,education,,36.8355645,9.9902201,2026-02-15T13:39:01.000091
Manouba,1225871301,commercial,,36.8091171,10.1536736,2026-02-15T13:39:01.000091
Manouba,1225871337,residential,,36.8091637,10.1595585,2026-02-15T13:39:01.000091
Manouba,1225871338,residential,,36.8092509,10.1591358,2026-02-15T13:39:01.000091
Manouba,1225871339,brownfield,,36.8095122,10.1587636,2026-02-15T13:39:01.000091
Manouba,1225871352,grass,,36.8088872,10.1595194,2026-02-15T13:39:01.000091
Manouba,1225871355,grass,,36.8078977,10.1592237,2026-02-15T13:39:01.000091
Manouba,1226151003,farmland,,36.830671,9.9890563,2026-02-15T13:39:01.000091
Manouba,1226151004,farmland,,36.8314249,9.9906502,2026-02-15T13:39:01.000091
Manouba,1226151005,farmland,,36.831978,9.9924476,2026-02-15T13:39:01.000091
Manouba,1226151006,farmland,,36.8334714,9.9946987,2026-02-15T13:39:01.000091
Manouba,1267675560,residential,,36.7818711,10.0796064,2026-02-15T13:39:01.000091
Manouba,1275370738,residential,,36.833205,10.0121849,2026-02-15T13:39:01.000091
Manouba,1294992140,grass,,36.854591,10.1120465,2026-02-15T13:39:01.000091
Manouba,1304418075,industrial,,36.821825,10.0754779,2026-02-15T13:39:01.000091
Manouba,1304418076,industrial,TELCAM,36.8210655,10.0753081,2026-02-15T13:39:01.000091
Manouba,1304418077,industrial,,36.821691,10.0756986,2026-02-15T13:39:01.000091
Manouba,1304418081,industrial,,36.8205582,10.0754377,2026-02-15T13:39:01.000091
Manouba,1304418082,industrial,,36.8214032,10.0758865,2026-02-15T13:39:01.000091
Manouba,1304418083,industrial,,36.821237,10.0761658,2026-02-15T13:39:01.000091
Manouba,1304422948,industrial,,36.8217324,10.073159,2026-02-15T13:39:01.000091
Manouba,1304422949,industrial,,36.8205247,10.0769955,2026-02-15T13:39:01.000091
Manouba,1329423196,military,Cité militaire wissem l’akeichi ksar Saïd 2,36.821061,10.1140128,2026-02-15T13:39:01.000091
Manouba,1329423216,grass,,36.8241927,10.1117466,2026-02-15T13:39:01.000091
Manouba,1329423217,grass,,36.8244627,10.1122603,2026-02-15T13:39:01.000091
Manouba,1329423218,grass,,36.8240992,10.1111648,2026-02-15T13:39:01.000091
Manouba,1334218913,grass,,36.7548292,10.184505,2026-02-15T13:39:01.000091
Manouba,1334218914,grass,,36.7548569,10.1853907,2026-02-15T13:39:01.000091
Manouba,1334246037,residential,,36.7343434,10.1016497,2026-02-15T13:39:01.000091
Manouba,1334246044,residential,,36.737308,10.0971099,2026-02-15T13:39:01.000091
Manouba,1349626162,grass,,36.8087384,10.0740292,2026-02-15T13:39:01.000091
Manouba,1349626163,grass,,36.8088933,10.0746515,2026-02-15T13:39:01.000091
Manouba,1349626164,grass,,36.8089576,10.0738177,2026-02-15T13:39:01.000091
Manouba,1349626165,grass,,36.8088147,10.0732992,2026-02-15T13:39:01.000091
Manouba,1349626170,residential,,36.80642,10.0783233,2026-02-15T13:39:01.000091
Manouba,1363528887,residential,Cité Essalem,36.8465219,10.1861943,2026-02-15T13:39:01.000091
Manouba,1388508552,grass,,36.8037708,10.1974885,2026-02-15T13:39:01.000091
Manouba,1388508553,grass,,36.8041578,10.1970235,2026-02-15T13:39:01.000091
Manouba,1388508554,grass,,36.801494,10.1951468,2026-02-15T13:39:01.000091
Manouba,1391797823,brownfield,سجن 9 أبريل السابق,36.8052115,10.1605289,2026-02-15T13:39:01.000091
Manouba,1447810789,residential,,36.8503245,10.1962322,2026-02-15T13:39:01.000091
Manouba,1502880,basin,Cité des sciences de Tunis,36.847885,10.1886506,2026-02-15T13:39:01.000091
Manouba,1622298,residential,كولزي صولة,36.8372192,10.152081,2026-02-15T13:39:01.000091
Manouba,2163384,residential,حي السيجومي,36.7768917,10.1092178,2026-02-15T13:39:01.000091
Manouba,2298910,village_green,,36.8609596,10.1734465,2026-02-15T13:39:01.000091
Manouba,5546675,brownfield,,36.8453936,10.1373534,2026-02-15T13:39:01.000091
Manouba,5546676,brownfield,,36.8505911,10.1370373,2026-02-15T13:39:01.000091
Manouba,8280399,orchard,,36.7778193,10.0689556,2026-02-15T13:39:01.000091
Manouba,9033482,grass,,36.7541501,10.1782549,2026-02-15T13:39:01.000091
Manouba,13007736,residential,,36.8648273,10.1895182,2026-02-15T13:39:01.000091
Manouba,15672785,industrial,usine le ech,36.7715576,10.1148141,2026-02-15T13:39:01.000091
Manouba,16700933,grass,,36.7965514,10.1804355,2026-02-15T13:39:01.000091
