city,osm_id,type,amenity_type,name,lat,lon,address,phone,website,opening_hours,wheelchair,scraped_at
Tunis,283583078,node,pharmacy,الصيدلية المركزية,36.8334563,10.1809179,,,,,,2026-02-15T13:30:52.498381
Tunis,330182866,node,restaurant,Le Capitole,36.7994588,10.1818931,,,,,,2026-02-15T13:30:52.498381
Tunis,330183222,node,fast_food,Le Carré,36.7983111,10.1817644,,,,,,2026-02-15T13:30:52.498381
Tunis,330183245,node,fast_food,Mic Mac Fast Food,36.7983867,10.1826055,,,,,,2026-02-15T13:30:52.498381
Tunis,390874564,node,cafe,Lella Aroussia,36.8429118,10.165476,,,,,,2026-02-15T13:30:52.498381
Tunis,393131265,node,fuel,طوطال,36.8379468,10.1632792,,,,,,2026-02-15T13:30:52.498381
Tunis,393271098,node,cafe,La Rosa,36.835122,10.1463996,,,,,,2026-02-15T13:30:52.498381
Tunis,393271099,node,university,المدرسة الوطنية للمهندسين بتونس,36.831129,10.1466462,,,,,,2026-02-15T13:30:52.498381
Tunis,393271100,node,university,معهد العلوم في تونس,36.8338481,10.1465992,,,,,,2026-02-15T13:30:52.498381
Tunis,393271101,node,restaurant,أليسا,36.8350414,10.1486521,,,,,,2026-02-15T13:30:52.498381
Tunis,393388456,node,cafe,Centre Ines,36.8380783,10.1596021,,,,,,2026-02-15T13:30:52.498381
Tunis,393408311,node,cafe,Brooklin,36.8394182,10.1579859,Avenue Abdelaziz el Saud,+216 20 727 474,,,,2026-02-15T13:30:52.498381
Tunis,393408315,node,cafe,Nomade,36.8395839,10.1578534,,,,,,2026-02-15T13:30:52.498381
Tunis,483108304,node,university,المعهد التحضيري للدراسات الهندسية بالمنار,36.82933,10.1436315,,,,,,2026-02-15T13:30:52.498381
Tunis,483110786,node,clinic,دلتا مديكال,36.8354994,10.1519488,,,,,,2026-02-15T13:30:52.498381
Tunis,559413719,node,restaurant,Parad'Ice Plaza,36.8314844,10.222763,,,,,,2026-02-15T13:30:52.498381
Tunis,616104027,node,cafe,بيلا فيستا,36.7743647,10.1874335,,,,,,2026-02-15T13:30:52.498381
Tunis,616133840,node,music_school,المعهد الوطني للموسيقى بتونس,36.8014251,10.1808175,,,,,,2026-02-15T13:30:52.498381
Tunis,616133875,node,arts_centre,دار الثقافة ابن رشيق,36.8012686,10.1809769,شارع باريس,,,,,2026-02-15T13:30:52.498381
Tunis,616133878,node,cafe,Café de Tunis,36.7994108,10.1816029,,,,,,2026-02-15T13:30:52.498381
Tunis,616133881,node,cinema,الكوليزي,36.8001367,10.1818873,,,,,no,2026-02-15T13:30:52.498381
Tunis,616136218,node,fire_station,الحماية المدنية,36.8082531,10.1793932,,,,,,2026-02-15T13:30:52.498381
Tunis,616142053,node,cinema,البرناص,36.799922,10.1799776,,,,,,2026-02-15T13:30:52.498381
Tunis,616142056,node,parking_entrance,,36.7988722,10.1807147,,,,,,2026-02-15T13:30:52.498381
Tunis,617996926,node,cafe,Café El Houma,36.8436012,10.1661464,,,,,,2026-02-15T13:30:52.498381
Tunis,621885570,node,post_office,Tunis Bab Mnara (1008),36.794479,10.1695965,,,,,,2026-02-15T13:30:52.498381
Tunis,631669459,node,bank,بنك تونس العربي الدولي,36.8353106,10.1499836,,,,,,2026-02-15T13:30:52.498381
Tunis,635336390,node,cinema,سني جميل,36.8465916,10.1669552,cité jamil,+216 71 755 909,,Mo-Sa 10:00-22:00,,2026-02-15T13:30:52.498381
Tunis,635336475,node,place_of_worship,Mosquée Campus El Manar,36.8294048,10.1476312,,,,,,2026-02-15T13:30:52.498381
Tunis,715619811,node,place_of_worship,جامع نهج مرسيليا,36.8052826,10.181076,,,,,,2026-02-15T13:30:52.498381
Tunis,1036947827,node,parking,,36.8456827,10.1648358,,,,,,2026-02-15T13:30:52.498381
Tunis,1036982155,node,public_building,Foyer,36.8385452,10.1441776,,,,,,2026-02-15T13:30:52.498381
Tunis,1036987442,node,school,École,36.8022118,10.1773048,,,,,,2026-02-15T13:30:52.498381
Tunis,1037011464,node,hospital,المركز المندمج للشباب والطفولة بالخضراء,36.8300388,10.1921935,,,,,,2026-02-15T13:30:52.498381
Tunis,1037080408,node,post_office,البريد التونسي,36.8033948,10.1725707,,,,,,2026-02-15T13:30:52.498381
Tunis,1037098515,node,restaurant,دار الجلد Dar El Jeld,36.798555,10.1691613,Rue Dar El Jeld,+216 71 560 916,https://www.dareljeld.com/en/gastronomy/,,,2026-02-15T13:30:52.498381
Tunis,1037101007,node,place_of_worship,مسجد الطرّاز,36.7989013,10.1698422,,,,,,2026-02-15T13:30:52.498381
Tunis,1037115566,node,townhall,بلدية العمران,36.8162489,10.159597,,,,,,2026-02-15T13:30:52.498381
Tunis,1037116388,node,college,الجامعة المركزية الخاصة,36.8173536,10.1833031,,,,,,2026-02-15T13:30:52.498381
Tunis,1037120924,node,place_of_worship,Larbi Kabadi,36.8083281,10.168021,,,,,,2026-02-15T13:30:52.498381
Tunis,1037160798,node,bank,بنك الإسكان,36.8051387,10.1849065,,,,,,2026-02-15T13:30:52.498381
Tunis,1037185858,node,townhall,بلدية المنزه,36.8456048,10.1651564,,,,,,2026-02-15T13:30:52.498381
Tunis,1080366847,node,place_of_worship,مسجد,36.8170152,10.1809118,,,,,,2026-02-15T13:30:52.498381
Tunis,1080749590,node,bus_station,محطة تونس البحرية,36.800319,10.190424,,,,,,2026-02-15T13:30:52.498381
Tunis,1103254611,node,place_of_worship,مسجد,36.7971424,10.1296386,,,,,,2026-02-15T13:30:52.498381
Tunis,1103532141,node,parking,سنترال بارك,36.8015954,10.1829784,,,,,,2026-02-15T13:30:52.498381
Tunis,1103582388,node,theatre,قصر خزندار,36.8087157,10.1676883,,,,,,2026-02-15T13:30:52.498381
Tunis,1103582461,node,fountain,,36.8081439,10.167459,,,,,,2026-02-15T13:30:52.498381
Tunis,1104431219,node,fountain,,36.8075981,10.1370017,,,,,,2026-02-15T13:30:52.498381
Tunis,1119784026,node,school,,36.7935006,10.1432061,,,,,,2026-02-15T13:30:52.498381
Tunis,1121427150,node,public_building,SO.N.E.D.E,36.8023926,10.1373221,,,,,,2026-02-15T13:30:52.498381
Tunis,1121428420,node,townhall,دار البلدية,36.7976924,10.1337518,,,,,,2026-02-15T13:30:52.498381
Tunis,1123385839,node,police,,36.7985587,10.150957,,,,,,2026-02-15T13:30:52.498381
Tunis,1123401308,node,telephone,,36.796104,10.1489365,,,,,,2026-02-15T13:30:52.498381
Tunis,1123721080,node,place_of_worship,,36.79721,10.1521182,,,,,,2026-02-15T13:30:52.498381
Tunis,1123727028,node,school,,36.7924634,10.1585685,,,,,,2026-02-15T13:30:52.498381
Tunis,1140780773,node,school,مدرسة ابن شرف الثانوية,36.7988441,10.1610486,,,,,,2026-02-15T13:30:52.498381
Tunis,1140780778,node,college,المعهد العالي للعلوم الانسانية بتونس,36.7995381,10.1612519,,,,,,2026-02-15T13:30:52.498381
Tunis,1143482424,node,courthouse,محكمة النقض,36.8005405,10.1643128,Boulevard du 9 Avril 1938,,,,,2026-02-15T13:30:52.498381
Tunis,1144116853,node,school,École Primaire Rue Florian,36.8061558,10.1562636,,,,,,2026-02-15T13:30:52.498381
Tunis,1156202929,node,place_of_worship,Mosquée Essalah جامع الصلاح,36.8084816,10.1462655,,,,,,2026-02-15T13:30:52.498381
Tunis,1158225731,node,restaurant,Steak Haus,36.8024064,10.1823039,Rue Garibaldi,,,,,2026-02-15T13:30:52.498381
Tunis,1158342264,node,car_rental,Prestige,36.8067127,10.1845921,,,,,,2026-02-15T13:30:52.498381
Tunis,1159346485,node,school,مدرسة,36.8235036,10.138599,,,,,,2026-02-15T13:30:52.498381
Tunis,1159346487,node,townhall,وفد,36.8241573,10.1388488,,,,,,2026-02-15T13:30:52.498381
Tunis,1159346491,node,police,مركز الشرطة,36.8243066,10.1387712,,,,,,2026-02-15T13:30:52.498381
Tunis,1167767796,node,place_of_worship,,36.8294867,10.1377098,,,,,,2026-02-15T13:30:52.498381
Tunis,1183577592,node,police,,36.8224527,10.1851262,,,,,,2026-02-15T13:30:52.498381
Tunis,1184337762,node,school,,36.8232711,10.1811288,,,,,,2026-02-15T13:30:52.498381
Tunis,1190764301,node,bureau_de_change,بنك الأمان,36.8451936,10.1528001,,,,,,2026-02-15T13:30:52.498381
Tunis,1191101585,node,restaurant,Mabillon,36.8440923,10.156152,,,,,,2026-02-15T13:30:52.498381
Tunis,1195815835,node,fuel,شل,36.7777433,10.209071,,,,,,2026-02-15T13:30:52.498381
Tunis,1198582462,node,place_of_worship,مسجد الحرمين,36.8082738,10.1281691,,,,,,2026-02-15T13:30:52.498381
Tunis,1227987240,node,bank,STB El Manar,36.8380635,10.1567961,,,,,,2026-02-15T13:30:52.498381
Tunis,1227987245,node,public_building,Centre Molka,36.8365841,10.15678,,,,,,2026-02-15T13:30:52.498381
Tunis,1227987251,node,public_building,Integsy Tunisie,36.8381716,10.1562216,,,,,,2026-02-15T13:30:52.498381
Tunis,1227987258,node,school,École Primaire d'El Manar 3,36.8358407,10.1569255,,,,,,2026-02-15T13:30:52.498381
Tunis,1227987266,node,dentist,Dr. Abbound & Dr. Elmetoui,36.8375365,10.1580892,,,,,,2026-02-15T13:30:52.498381
Tunis,1228866835,node,place_of_worship,,36.8468927,10.1648453,,,,,,2026-02-15T13:30:52.498381
Tunis,1233511765,node,fast_food,باغيت وباغيت,36.8461396,10.1666657,,,,,,2026-02-15T13:30:52.498381
Tunis,1234603474,node,pharmacy,صيدلية الليل,36.8424613,10.1659011,,,,,,2026-02-15T13:30:52.498381
Tunis,1237113181,node,school,,36.8307625,10.1404651,,,,,,2026-02-15T13:30:52.498381
Tunis,1237113195,node,school,,36.8303674,10.1405498,,,,,,2026-02-15T13:30:52.498381
Tunis,1239680879,node,marketplace,,36.8304633,10.1343391,,,,,,2026-02-15T13:30:52.498381
Tunis,1239854800,node,dentist,Dr. Ben Slema,36.8288377,10.1340946,,,,,,2026-02-15T13:30:52.498381
Tunis,1240953942,node,post_office,Rapide Post,36.8361584,10.1494119,,,,,,2026-02-15T13:30:52.498381
Tunis,1241932315,node,fast_food,تركي,36.8382758,10.1566448,,,,,,2026-02-15T13:30:52.498381
Tunis,1241932338,node,cafe,Olivier Bleu,36.8356257,10.1588786,,,,,,2026-02-15T13:30:52.498381
Tunis,1241932373,node,restaurant,The House,36.835735,10.158994,,,,,,2026-02-15T13:30:52.498381
Tunis,1241932429,node,cafe,Folla,36.8347687,10.1571934,,,,,,2026-02-15T13:30:52.498381
Tunis,1241932500,node,pharmacy,,36.8380065,10.1567819,,,,,,2026-02-15T13:30:52.498381
Tunis,1241932561,node,cafe,,36.8347629,10.1573458,,,,,,2026-02-15T13:30:52.498381
Tunis,1241932587,node,pharmacy,,36.8348776,10.1577247,,,,,,2026-02-15T13:30:52.498381
Tunis,1241949920,node,bank,بنك تونس العربي الدولي,36.8391573,10.1576601,,,,,,2026-02-15T13:30:52.498381
Tunis,1241949926,node,cafe,,36.8365342,10.1589735,,,,,,2026-02-15T13:30:52.498381
Tunis,1241949949,node,cafe,Palmeraie,36.8457647,10.1610196,,,,,,2026-02-15T13:30:52.498381
Tunis,1241949956,node,fast_food,Brooklin,36.8391329,10.1581239,,,,,,2026-02-15T13:30:52.498381
Tunis,1241949990,node,fast_food,Pyramide,36.8388728,10.1579995,,,,,,2026-02-15T13:30:52.498381
Tunis,1241950007,node,cafe,الأقواس,36.8361092,10.1597137,,,,,,2026-02-15T13:30:52.498381
Tunis,1241950021,node,restaurant,هوليوود,36.8363224,10.1593084,,,,,,2026-02-15T13:30:52.498381
Tunis,1246265960,node,place_of_worship,جامع الفلاح,36.8271103,10.1834841,,,,,,2026-02-15T13:30:52.498381
Tunis,1246788410,node,pharmacy,,36.8354149,10.15197,,,,,,2026-02-15T13:30:52.498381
Tunis,1246788411,node,fast_food,,36.8350466,10.1488271,,,,,,2026-02-15T13:30:52.498381
Tunis,1246788413,node,fast_food,,36.8351195,10.1499943,,,,,,2026-02-15T13:30:52.498381
Tunis,1246788414,node,bank,,36.8350982,10.1466599,,,,,,2026-02-15T13:30:52.498381
Tunis,1246788415,node,pharmacy,,36.8370946,10.1449325,,,,,,2026-02-15T13:30:52.498381
Tunis,1246788419,node,car_rental,,36.8350509,10.1476523,,,,,,2026-02-15T13:30:52.498381
Tunis,1246788421,node,pharmacy,,36.8350381,10.1481673,,,,,,2026-02-15T13:30:52.498381
Tunis,1246788422,node,cafe,,36.8351882,10.1499863,,,,,,2026-02-15T13:30:52.498381
Tunis,1246788423,node,cafe,,36.8354116,10.148237,,,,,,2026-02-15T13:30:52.498381
Tunis,1246788426,node,college,,36.8357894,10.1470676,,,,,,2026-02-15T13:30:52.498381
Tunis,1247399635,node,pharmacy,,36.8427534,10.1605178,,,,,,2026-02-15T13:30:52.498381
Tunis,1247399639,node,fast_food,Abou Firas,36.8471343,10.1672582,,,,,,2026-02-15T13:30:52.498381
Tunis,1247399640,node,pharmacy,,36.8396323,10.1560627,,,,,,2026-02-15T13:30:52.498381
Tunis,1247399642,node,post_box,,36.8473404,10.1674514,,,,,,2026-02-15T13:30:52.498381
Tunis,1247399645,node,pharmacy,,36.8405532,10.1606788,,,,,,2026-02-15T13:30:52.498381
Tunis,1247399646,node,fast_food,,36.8466535,10.1661183,,,,,,2026-02-15T13:30:52.498381
Tunis,1247399647,node,pharmacy,,36.8426008,10.1644035,,,,,,2026-02-15T13:30:52.498381
Tunis,1247399649,node,cafe,Lailli El Manar,36.8419119,10.1574306,,,,,,2026-02-15T13:30:52.498381
Tunis,1247399651,node,fountain,,36.8457413,10.165842,,,,,,2026-02-15T13:30:52.498381
Tunis,1247399652,node,cafe,Lilla Arbia,36.8415101,10.1561476,,,,,,2026-02-15T13:30:52.498381
Tunis,1247399653,node,atm,,36.8430238,10.1652224,,,,,,2026-02-15T13:30:52.498381
Tunis,1247399658,node,cafe,Le Montmartre,36.8450974,10.1655684,,,,,,2026-02-15T13:30:52.498381
Tunis,1247399661,node,bank,,36.8415857,10.1631008,,,,,,2026-02-15T13:30:52.498381
Tunis,1247399663,node,restaurant,شيليز,36.8370026,10.1616095,,,,,,2026-02-15T13:30:52.498381
Tunis,1247399664,node,bank,التجاري بنك,36.842422,10.164238,,,,,,2026-02-15T13:30:52.498381
Tunis,1249785574,node,car_rental,,36.8382289,10.1562775,,,,,,2026-02-15T13:30:52.498381
Tunis,1249785593,node,doctors,,36.8427663,10.1613526,,,,,,2026-02-15T13:30:52.498381
Tunis,1249785609,node,bank,,36.8388644,10.1570799,,,,,,2026-02-15T13:30:52.498381
Tunis,1252660123,node,bus_station,,36.7921295,10.1821633,,,,,,2026-02-15T13:30:52.498381
Tunis,1253145785,node,place_of_worship,,36.8001675,10.1757844,,,,,,2026-02-15T13:30:52.498381
Tunis,1257405609,node,place_of_worship,Mosquée Sidi El Bechir,36.7918867,10.1766488,,,,,,2026-02-15T13:30:52.498381
Tunis,1258833275,node,place_of_worship,,36.8062464,10.1632414,,,,,,2026-02-15T13:30:52.498381
Tunis,1258833325,node,police,,36.8051655,10.169515,,,,,,2026-02-15T13:30:52.498381
Tunis,1261495382,node,pharmacy,صيدلية المعالج,36.8222055,10.1795921,,,,,,2026-02-15T13:30:52.498381
Tunis,1262139476,node,theatre,التياترو,36.813931,10.1737053,Avenue Ouled Haffouz,+216 71 894 313,http://www.elteatro.net/,,,2026-02-15T13:30:52.498381
Tunis,1296095858,node,pharmacy,,36.8081425,10.1374943,,,,,,2026-02-15T13:30:52.498381
Tunis,1296095862,node,pharmacy,صيدلية زوايدي حسين,36.8093066,10.137049,,,,,,2026-02-15T13:30:52.498381
Tunis,1296095863,node,pharmacy,,36.8130815,10.1451547,,,,,,2026-02-15T13:30:52.498381
Tunis,1296095864,node,pharmacy,صيدلية ليلى ميلي غديرة,36.8129529,10.1311267,شارع المنجي سليم,+216 71 663330,,,,2026-02-15T13:30:52.498381
Tunis,1296095865,node,pharmacy,صيدلية لطيفة الباسطي حرم يوسفي,36.8127938,10.1365236,شارع فطومة بورقيبة,,,,,2026-02-15T13:30:52.498381
Tunis,1296095874,node,pharmacy,,36.8098572,10.13893,,,,,,2026-02-15T13:30:52.498381
Tunis,1296104148,node,pharmacy,Pharmacie Lamia Largueche,36.8069549,10.1344806,,,,,,2026-02-15T13:30:52.498381
Tunis,1296104150,node,pharmacy,Pharmacie Majed Turki,36.807945,10.139313,,,,,,2026-02-15T13:30:52.498381
Tunis,1296104154,node,place_of_worship,,36.8110073,10.1396885,,,,,,2026-02-15T13:30:52.498381
Tunis,1296230430,node,pharmacy,,36.8448935,10.1833941,,,,,,2026-02-15T13:30:52.498381
Tunis,1296231029,node,pharmacy,Pharmacie Centre Kobbi,36.8496358,10.1825921,,,,,,2026-02-15T13:30:52.498381
Tunis,1328643124,node,kindergarten,Jardin d'enfants Mistigri,36.8343593,10.1729481,نهج المصحة,,,,,2026-02-15T13:30:52.498381
Tunis,1453706523,node,cafe,Coeur Sucrée,36.837013,10.1499666,,,,,,2026-02-15T13:30:52.498381
Tunis,1453706544,node,public_building,اللجنة الوطنية التونسية للتربية و العلم و الثقافة,36.8372726,10.1482725,,,,,,2026-02-15T13:30:52.498381
Tunis,1453950319,node,cafe,,36.8192393,10.1573084,,,,,,2026-02-15T13:30:52.498381
Tunis,1453950320,node,marketplace,,36.8208248,10.157784,,,,,,2026-02-15T13:30:52.498381
Tunis,1453950322,node,cafe,Kawekeb,36.8182258,10.1663796,,,,,,2026-02-15T13:30:52.498381
Tunis,1453950324,node,cafe,,36.8240661,10.150914,,,,,,2026-02-15T13:30:52.498381
Tunis,1455877943,node,bank,بنك الأمان,36.8500078,10.1760034,Avenue de la Liberté,+216 71 238 941,,,,2026-02-15T13:30:52.498381
Tunis,1455877951,node,bank,التجاري بنك,36.8464541,10.1675883,,,,,,2026-02-15T13:30:52.498381
Tunis,1455877960,node,bank,التجاري بنك,36.848967,10.1734574,,,,,,2026-02-15T13:30:52.498381
Tunis,1455877963,node,library,Bibliotheque municipale Menzah 5,36.8479716,10.175446,,,,,,2026-02-15T13:30:52.498381
Tunis,1455877976,node,cafe,Café Amal,36.847385,10.175549,,,,,,2026-02-15T13:30:52.498381
Tunis,1455877977,node,cafe,Café Chams,36.8476613,10.1753369,,,,,,2026-02-15T13:30:52.498381
Tunis,1455877978,node,community_centre,Centre Culturel et Sportifs des Jeunes Menzah 6,36.8466869,10.1684425,,,,,,2026-02-15T13:30:52.498381
Tunis,1455877979,node,school,Collège Pilote Menzah 5,36.8440348,10.1687515,شارع أفريقيا,,,,,2026-02-15T13:30:52.498381
Tunis,1455877981,node,school,École Primaire d'El Menzah 5,36.8469405,10.178777,,,,,,2026-02-15T13:30:52.498381
Tunis,1455877986,node,restaurant,Fakhr Eddine,36.8486067,10.1708355,,+216 71 752 458,,,,2026-02-15T13:30:52.498381
Tunis,1455877990,node,cafe,Olivero,36.8454651,10.1672247,,,,,,2026-02-15T13:30:52.498381
Tunis,1455877993,node,food_court,Pizza Big Smile,36.8480843,10.1802158,,,,,,2026-02-15T13:30:52.498381
Tunis,1455878004,node,cafe,Trait d'union,36.8478601,10.165595,,,,,,2026-02-15T13:30:52.498381
Tunis,1455878006,node,cafe,Trocadero,36.8442428,10.1710215,,,,,,2026-02-15T13:30:52.498381
Tunis,1455878040,node,pharmacy,,36.8460663,10.1673944,,,,,,2026-02-15T13:30:52.498381
Tunis,1455878050,node,police,,36.8474626,10.1670915,,,,,,2026-02-15T13:30:52.498381
Tunis,1456161585,node,fast_food,,36.8446782,10.1541036,,,,,,2026-02-15T13:30:52.498381
Tunis,1456161591,node,pharmacy,,36.8442747,10.1537978,,,,,,2026-02-15T13:30:52.498381
Tunis,1456161592,node,police,,36.8380281,10.1574886,,,,,,2026-02-15T13:30:52.498381
Tunis,1456161600,node,cafe,,36.8448456,10.1540285,,,,,,2026-02-15T13:30:52.498381
Tunis,1456161602,node,fast_food,باغيت وباغيت,36.8450817,10.1530522,,,,,,2026-02-15T13:30:52.498381
Tunis,1456194330,node,place_of_worship,جامع الرياض,36.8163172,10.1295026,,,,,,2026-02-15T13:30:52.498381
Tunis,1459109251,node,fast_food,,36.838532,10.144356,,,,,,2026-02-15T13:30:52.498381
Tunis,1459122096,node,police,,36.8364939,10.1425641,,,,,,2026-02-15T13:30:52.498381
Tunis,1469143531,node,cafe,,36.838528,10.144388,,,,,,2026-02-15T13:30:52.498381
Tunis,1469144973,node,cafe,,36.838046,10.156522,,,,,,2026-02-15T13:30:52.498381
Tunis,1469145420,node,internet_cafe,,36.838008,10.156307,,,,,,2026-02-15T13:30:52.498381
Tunis,1469155576,node,atm,التجاري بنك,36.842428,10.164268,,,,,,2026-02-15T13:30:52.498381
Tunis,1474503589,node,townhall,منحة العمل,36.79968,10.190699,,,,,,2026-02-15T13:30:52.498381
Tunis,1478346170,node,townhall,CPR Tunis,36.795876,10.183478,,,,,,2026-02-15T13:30:52.498381
Tunis,1481560780,node,bank,مصرف الزيتونة,36.79576,10.18291,,,,,,2026-02-15T13:30:52.498381
Tunis,1483271014,node,bank,BIAT,36.8092889,10.183605,,,,,,2026-02-15T13:30:52.498381
Tunis,1491339525,node,pharmacy,Pharmacie Fennira Taoufik,36.836394,10.1661917,,+216 71 891 604,,,,2026-02-15T13:30:52.498381
Tunis,1491348674,node,cafe,فان فود,36.8408272,10.1537405,,,,,,2026-02-15T13:30:52.498381
Tunis,1528087213,node,post_office,مكتب البريد شارل ديغول,36.7966448,10.1781019,,,,,,2026-02-15T13:30:52.498381
Tunis,1528087549,node,post_office,Tunis Thameur,36.8013505,10.1788126,,,,,,2026-02-15T13:30:52.498381
Tunis,1528090448,node,post_office,Tunis Bab Khadhra,36.8127793,10.1766773,,,,,,2026-02-15T13:30:52.498381
Tunis,1563438166,node,bank,بنك الإسكان,36.8096644,10.1835529,,,,,,2026-02-15T13:30:52.498381
Tunis,1602024386,node,cafe,Café des Banques,36.8064262,10.1841628,,,,,,2026-02-15T13:30:52.498381
Tunis,1602024886,node,cafe,El Kenz,36.8084957,10.183859,,,,,,2026-02-15T13:30:52.498381
Tunis,1602025079,node,pharmacy,,36.8072561,10.1840109,,,,,,2026-02-15T13:30:52.498381
Tunis,1602040219,node,cafe,Café Elissa,36.8063494,10.1833261,,,,,,2026-02-15T13:30:52.498381
Tunis,1672777241,node,parking,,36.8095988,10.183562,,,,,,2026-02-15T13:30:52.498381
Tunis,1684609580,node,pharmacy,Bahri Khaled,36.8181389,10.1679264,,,,,,2026-02-15T13:30:52.498381
Tunis,1684612337,node,pharmacy,,36.8131763,10.1771048,,,,,,2026-02-15T13:30:52.498381
Tunis,1684620354,node,place_of_worship,,36.8124406,10.1672318,,,,,,2026-02-15T13:30:52.498381
Tunis,1684669035,node,pharmacy,صيدلية الليل,36.8116847,10.165531,,,,,,2026-02-15T13:30:52.498381
Tunis,1813725520,node,post_office,La Poste - El Menzah 6,36.8476071,10.1658416,,,,,,2026-02-15T13:30:52.498381
Tunis,1833739651,node,cafe,Café Garna,36.8502602,10.1924272,,,,,,2026-02-15T13:30:52.498381
Tunis,1864949042,node,cafe,كابوتشينو,36.818168,10.1833967,,,,,,2026-02-15T13:30:52.498381
Tunis,1867434188,node,cafe,قهوة حسام,36.830245,10.1391992,Rue 6626,,,,,2026-02-15T13:30:52.498381
Tunis,1867434191,node,fast_food,,36.8292944,10.1361297,,,,,,2026-02-15T13:30:52.498381
Tunis,1867434215,node,cafe,,36.8288645,10.1350016,,,,,,2026-02-15T13:30:52.498381
Tunis,1867457139,node,cafe,قهوة الحاج مولدي السحار الله يرحمو,36.8295544,10.1381132,Rue Ibn El Khatib,,,,,2026-02-15T13:30:52.498381
Tunis,1867457146,node,pharmacy,صيدلية الليل,36.8247427,10.1395628,شارع ابن الخطيب,,,,,2026-02-15T13:30:52.498381
Tunis,1867457168,node,fast_food,,36.8248955,10.1395295,,,,,,2026-02-15T13:30:52.498381
Tunis,1995709374,node,cafe,كافا جافا,36.8493936,10.174611,,,,,,2026-02-15T13:30:52.498381
Tunis,2039897837,node,post_office,Bureau de Poste B.A.D. (1017),36.8067892,10.1840381,شارع غانا,,,,,2026-02-15T13:30:52.498381
Tunis,2039897965,node,cafe,Café 100%,36.8083962,10.183875,,,,,,2026-02-15T13:30:52.498381
Tunis,2098902718,node,cafe,Café Mondial,36.7986544,10.1825011,Rue Ibn Khaldoun,,,,,2026-02-15T13:30:52.498381
Tunis,2157231102,node,cafe,Café Phénicia,36.8062251,10.1813119,,,,,,2026-02-15T13:30:52.498381
Tunis,2157231103,node,cafe,Café Al Khairat,36.8087987,10.1833328,,,,,,2026-02-15T13:30:52.498381
Tunis,2157231104,node,cafe,Café Milanello,36.807309,10.1815278,شارع جان جوريس,,,,,2026-02-15T13:30:52.498381
Tunis,2157231105,node,cafe,Cult,36.8086116,10.1833699,,,,,,2026-02-15T13:30:52.498381
Tunis,2164454052,node,doctors,Dr. Guermassi Khaled,36.805736,10.176673,,,,,,2026-02-15T13:30:52.498381
Tunis,2171881299,node,cafe,,36.817568,10.175823,,,,,,2026-02-15T13:30:52.498381
Tunis,2174217770,node,car_wash,,36.845444,10.155056,,,,,,2026-02-15T13:30:52.498381
Tunis,2306410635,node,restaurant,نادي الضباط,36.8211086,10.1756737,,,,24/7,,2026-02-15T13:30:52.498381
Tunis,2306456791,node,restaurant,El Matador,36.8445194,10.1737282,,,,,,2026-02-15T13:30:52.498381
Tunis,2359199579,node,school,مدرسة مالك الصغير,36.8353354,10.1463293,,,,,,2026-02-15T13:30:52.498381
Tunis,2404000329,node,recycling,,36.8331216,10.1968213,شارع لوي براي,+216 71 770 024,,,,2026-02-15T13:30:52.498381
Tunis,2513642232,node,bank,التجاري بنك,36.8161883,10.1790938,شارع الحرية,+216 71 834 402,,,,2026-02-15T13:30:52.498381
Tunis,2513643791,node,bank,البنك العربي لتونس,36.8160287,10.1791117,شارع الحرية,+216 71 288 022,,,,2026-02-15T13:30:52.498381
Tunis,2514587987,node,marketplace,Marché Lafayette,36.8122077,10.1810823,,,,,,2026-02-15T13:30:52.498381
Tunis,2514587989,node,parking,Parking Lafayette,36.8123194,10.1814869,,,,,,2026-02-15T13:30:52.498381
Tunis,2537049183,node,bus_station,10 ديسمبر 1984,36.8444552,10.1845505,,,,,,2026-02-15T13:30:52.498381
Tunis,2636635986,node,doctors,Jugurtha Medical,36.8313818,10.1686768,شارع يوغرطة,+216 71 843 571,http://www.jugurtha-medical.com/,,,2026-02-15T13:30:52.498381
Tunis,2636636049,node,cafe,,36.8312073,10.1689249,,,,,,2026-02-15T13:30:52.498381
Tunis,2636636052,node,pharmacy,,36.8312535,10.1688021,,,,,,2026-02-15T13:30:52.498381
Tunis,2687085457,node,place_of_worship,mosquée Al Salam,36.807719,10.1404021,,,,,,2026-02-15T13:30:52.498381
Tunis,2706703550,node,restaurant,Restaurant universitaire Bouchoucha,36.805796,10.1509065,,,,,,2026-02-15T13:30:52.498381
Tunis,2706703551,node,place_of_worship,مسجد برج زوارة,36.8070742,10.1549908,,,,,,2026-02-15T13:30:52.498381
Tunis,2706721657,node,place_of_worship,مسجد العمران,36.8184236,10.167245,,,,,,2026-02-15T13:30:52.498381
Tunis,2792073601,node,cafe,Dar El Galia,36.844524,10.206115,,,,,,2026-02-15T13:30:52.498381
Tunis,2817062703,node,college,IMSET Jamel Abdennaser,36.7953895,10.1790157,نهج جمال عبد الناصر,+216 71 796 679,https://www.imset.ens.tn/fr/103/imset-jamel-abdennaser,,,2026-02-15T13:30:52.498381
Tunis,2817718376,node,restaurant,فيلا 78,36.819256,10.1818602,ممر محمد الخامس,+216 71 840 589,http://www.villa78tunis.com/,Mo-Sa 17:00-23:00,,2026-02-15T13:30:52.498381
Tunis,2836997557,node,bank,البانك التونسي الليبي,36.8196029,10.185897,شارع خير الدين باشا,,,08:00-17:00,,2026-02-15T13:30:52.498381
Tunis,2857685301,node,parking,,36.81346,10.178701,,,,,,2026-02-15T13:30:52.498381
Tunis,2932569623,node,restaurant,تانغو,36.8173575,10.1778256,,,,,,2026-02-15T13:30:52.498381
Tunis,2932569658,node,restaurant,2 م,36.8185543,10.1784935,,,,,,2026-02-15T13:30:52.498381
Tunis,2997217233,node,bank,مصرف الزيتونة,36.825168,10.182423,,,,,,2026-02-15T13:30:52.498381
Tunis,2999359134,node,bank,البنك التونسي الكويتي,36.825392,10.182673,,,,,,2026-02-15T13:30:52.498381
Tunis,2999363335,node,cafe,كافتيريا عزيز,36.825562,10.182693,,,,,,2026-02-15T13:30:52.498381
Tunis,3024646668,node,hospital,مستشفى الرابطة,36.8021425,10.1568023,,,,,,2026-02-15T13:30:52.498381
Tunis,3059288533,node,restaurant,Ommok Sannefa,36.8052819,10.1835457,,,,,,2026-02-15T13:30:52.498381
Tunis,3070853283,node,school,lycée el ouardia,36.7761407,10.182677,,,,,,2026-02-15T13:30:52.498381
Tunis,3070856806,node,place_of_worship,Mosquée Adel,36.7760719,10.1825694,,,,,,2026-02-15T13:30:52.498381
Tunis,3109218040,node,bank,الاتحاد الدولي للبنوك,36.8121238,10.1797576,,,,,,2026-02-15T13:30:52.498381
Tunis,3441760550,node,toilets,,36.8206442,10.1777151,,,,,no,2026-02-15T13:30:52.498381
Tunis,3611675863,node,bus_station,محطة بوشوشة,36.8090263,10.1484831,,,,,,2026-02-15T13:30:52.498381
Tunis,3611676948,node,bus_station,محطة بوشوشة,36.8095589,10.1503445,,,,,,2026-02-15T13:30:52.498381
Tunis,3611682913,node,bus_station,محطة حافلات,36.8097285,10.1531206,,,,,,2026-02-15T13:30:52.498381
Tunis,3611684915,node,bus_station,محطة حافلات,36.8096249,10.1617058,Avenue Habib Bougatfa,+216 71 562 532,https://sntri.com.tn/,Mo-Su 04:00-22:00,,2026-02-15T13:30:52.498381
Tunis,3635628807,node,place_of_worship,جامع بلال,36.7698886,10.186353,,,,,,2026-02-15T13:30:52.498381
Tunis,3660718726,node,restaurant,Le Grand Café du Theatre,36.7992942,10.1811562,,+216 71 334 186,,Mo-Su 07:00-23:00,,2026-02-15T13:30:52.498381
Tunis,3712348833,node,cafe,Smart Café,36.8421576,10.1734534,,+216 98 371 420,,07:00-23:00,,2026-02-15T13:30:52.498381
Tunis,3712368518,node,bus_station,طج 21,36.8422343,10.1730639,,,,,,2026-02-15T13:30:52.498381
Tunis,3715292802,node,restaurant,Le zink,36.8370433,10.1772184,نهج صالح بن محمود,+216 22 420 010,,Mo-Sa 12:00 - 23:00,,2026-02-15T13:30:52.498381
Tunis,3764072120,node,fountain,,36.8049384,10.1777045,,,,,,2026-02-15T13:30:52.498381
Tunis,3770326097,node,restaurant,,36.8022181,10.1718002,,,,,,2026-02-15T13:30:52.498381
Tunis,3806604573,node,police,,36.7989602,10.167766,,,,,,2026-02-15T13:30:52.498381
Tunis,3806611300,node,police,,36.7979359,10.173423,,,,,,2026-02-15T13:30:52.498381
Tunis,3816766257,node,restaurant,Chez Slah Restaurant,36.8020735,10.1841751,نهج بيار دي كوبرتان,+216 71 258 588,,,,2026-02-15T13:30:52.498381
Tunis,3841233161,node,pharmacy,صيدلية شكري شببة,36.8196445,10.1905602,نهج 8300,,,,,2026-02-15T13:30:52.498381
Tunis,3871434973,node,cafe,jasmin,36.8139805,10.1465708,,,,,,2026-02-15T13:30:52.498381
Tunis,3871434978,node,cafe,,36.814182,10.1462647,,,,,,2026-02-15T13:30:52.498381
Tunis,3871434980,node,cafe,,36.8131539,10.1452849,,,,,,2026-02-15T13:30:52.498381
Tunis,3871434981,node,restaurant,كتكوت,36.8129666,10.1450014,,,,,,2026-02-15T13:30:52.498381
Tunis,3871434982,node,cafe,,36.812952,10.1449404,,,,,,2026-02-15T13:30:52.498381
Tunis,3871434988,node,cafe,Maido,36.8127501,10.1489899,,,,,,2026-02-15T13:30:52.498381
Tunis,3871434989,node,cafe,Tej,36.8124954,10.1494633,,,,,,2026-02-15T13:30:52.498381
Tunis,3871434990,node,cafe,africa,36.8107673,10.1408787,,,,,,2026-02-15T13:30:52.498381
Tunis,3871434991,node,restaurant,piramide,36.8111221,10.1418974,,,,,,2026-02-15T13:30:52.498381
Tunis,3871434992,node,place_of_worship,,36.8168172,10.1429342,,,,,,2026-02-15T13:30:52.498381
Tunis,4085016860,node,restaurant,Dar Belhadj,36.7981548,10.1716554,,,,,,2026-02-15T13:30:52.498381
Tunis,4103923293,node,police,,36.7767167,10.189255,Avenue de Bellevue,,,,,2026-02-15T13:30:52.498381
Tunis,4103923294,node,bank,BIAT bellevue,36.7747488,10.187496,Avenue de Bellevue,,,,,2026-02-15T13:30:52.498381
Tunis,4103923590,node,police,ادارة الحدود والاجانب,36.7953749,10.1839261,نهج 18 جانفي 1952,,,,,2026-02-15T13:30:52.498381
Tunis,4103923592,node,fast_food,مطعم Nice View,36.7770547,10.1896419,Avenue de Bellevue,,,Mo-Sa 08:30-19:30,,2026-02-15T13:30:52.498381
Tunis,4108257994,node,cafe,,36.7758907,10.1885299,Avenue de Bellevue,,,,,2026-02-15T13:30:52.498381
Tunis,4222791289,node,cafe,مقهى ليلى بيه,36.777227,10.1895918,Avenue de Bellevue,,,,,2026-02-15T13:30:52.498381
Tunis,4234550089,node,bus_station,Station de taxis Tataouine,36.7970168,10.1884999,,,,,,2026-02-15T13:30:52.498381
Tunis,4240588089,node,pharmacy,,36.7758807,10.1883448,Avenue de Bellevue,,,"Mo-Sa 08:00-13:00, 15:00-20:00",,2026-02-15T13:30:52.498381
Tunis,4271137018,node,restaurant,,36.7794963,10.1919933,Avenue de Bellevue,,,,,2026-02-15T13:30:52.498381
Tunis,4299027209,node,cafe,Be ice,36.8434938,10.1656883,,,,,,2026-02-15T13:30:52.498381
Tunis,4318698793,node,restaurant,الشرق,36.8003895,10.1804506,,,,,,2026-02-15T13:30:52.498381
Tunis,4336693593,node,bank,البنك التونسي,36.8174434,10.1874555,,,,,,2026-02-15T13:30:52.498381
Tunis,4355935983,node,atm,,36.7747618,10.1875595,,,,,,2026-02-15T13:30:52.498381
Tunis,4355938741,node,waste_basket,,36.7756406,10.1881091,,,,,,2026-02-15T13:30:52.498381
Tunis,4359209495,node,cafe,سمرقند,36.820126,10.1846715,,,,Mo-Fr 07:00-17:00; Sa 07:00-13:00,,2026-02-15T13:30:52.498381
Tunis,4400848144,node,clinic,مصحة ابن زهر,36.8257629,10.1940074,X2,+216 71 901 500,,,,2026-02-15T13:30:52.498381
Tunis,4410652690,node,atm,,36.8008171,10.1741498,,,,,,2026-02-15T13:30:52.498381
Tunis,4411946791,node,bank,مصرف شمال افريقيا,36.8212684,10.1933558,,,,,,2026-02-15T13:30:52.498381
Tunis,4413297593,node,cafe,العنبة,36.7966854,10.171543,Rue Souk Errbâa,,,,,2026-02-15T13:30:52.498381
Tunis,4415768289,node,cafe,Alcazar Salón de Thè,36.8442602,10.1974929,الطريق الوطنية تونس - بنزرت,,,,,2026-02-15T13:30:52.498381
Tunis,4415798989,node,school,نات إنفو,36.8203492,10.1902397,نهج ٨٣٠٠,+216 71 904 838,http://www.3dnetinfo.tn,,,2026-02-15T13:30:52.498381
Tunis,4418775491,node,police,Secteur de Police de Bab Bhar,36.794084,10.1874247,شارع المنصف باي,,,,,2026-02-15T13:30:52.498381
Tunis,4432443586,node,place_of_worship,جامع الهنتاتي,36.7964062,10.1699584,,,,,,2026-02-15T13:30:52.498381
Tunis,4436993089,node,bank,المؤسسة المصرفية العربية,36.8206805,10.1812708,شارع محمد الخامس,,http://WWW.BANK-ABC.com,,,2026-02-15T13:30:52.498381
Tunis,4451372492,node,school,جامعة مونبليزير,36.8204345,10.1897707,نهج ٨٣٠٠,,https://www.umt.ens.tn,,,2026-02-15T13:30:52.498381
Tunis,4453398490,node,bus_station,محطة الحبيب بورقيبه,36.8012968,10.1861834,شارع محمد الخامس,,,,,2026-02-15T13:30:52.498381
Tunis,4453494989,node,bus_station,محطة المنار1,36.838976,10.1568639,,,,,,2026-02-15T13:30:52.498381
Tunis,4453517189,node,bus_station,محطة محمد الخامس,36.8194985,10.1818834,,,,,no,2026-02-15T13:30:52.498381
Tunis,4488493394,node,fast_food,باغيت وباغيت,36.8311862,10.223248,,,,,,2026-02-15T13:30:52.498381
Tunis,4491439089,node,community_centre,حي الحديقة 2,36.8230322,10.1335765,,,,,,2026-02-15T13:30:52.498381
Tunis,4492849391,node,veterinary,,36.8441986,10.1713968,شارع أحمد التليلي,+216 71 752 772,,,,2026-02-15T13:30:52.498381
Tunis,4510791896,node,car_wash,,36.7804772,10.1939469,,,,,,2026-02-15T13:30:52.498381
Tunis,4510791897,node,cafe,,36.7804879,10.1932608,,,,,,2026-02-15T13:30:52.498381
Tunis,4510827290,node,pharmacy,,36.7803137,10.1927481,,,,,,2026-02-15T13:30:52.498381
Tunis,4510827291,node,fuel,طوطال,36.7824041,10.1934083,طريق وطني ١,,,,,2026-02-15T13:30:52.498381
Tunis,4510832691,node,waste_basket,,36.7760866,10.1884849,,,,,,2026-02-15T13:30:52.498381
Tunis,4510850189,node,waste_basket,,36.7742117,10.1871671,,,,,,2026-02-15T13:30:52.498381
Tunis,4510850190,node,charging_station,,36.7807266,10.1937043,,,,,,2026-02-15T13:30:52.498381
Tunis,4511759589,node,dentist,دكتور محمد جراية طبيب أسنان,36.8348466,10.1502288,نهج الحبيب الشطي,+216 71 874 421,,,,2026-02-15T13:30:52.498381
Tunis,4512305591,node,cafe,What's up,36.8505549,10.1775899,,,,,,2026-02-15T13:30:52.498381
Tunis,4512305592,node,bank,التجاري بنك,36.8493173,10.1745313,,,,Mo-Fr 08:00-16:00,,2026-02-15T13:30:52.498381
Tunis,4512305593,node,cafe,ماي بليس,36.8494355,10.1746576,,,,,,2026-02-15T13:30:52.498381
Tunis,4512305792,node,cafe,Café 33,36.8441705,10.1693499,,,,,,2026-02-15T13:30:52.498381
Tunis,4512308190,node,pharmacy,,36.848675,10.1701225,,,,,,2026-02-15T13:30:52.498381
Tunis,4539123801,node,clinic,,36.8459624,10.1556583,Rue Habib KHANFIR El Menzah 9,,http://www.tunidial.com.tn,,,2026-02-15T13:30:52.498381
Tunis,4547858091,node,pharmacy,Pharmacie El Mahrajène,36.8297221,10.1793862,,,,,,2026-02-15T13:30:52.498381
Tunis,4552658989,node,cafe,مقهي الفنون,36.8469233,10.1668505,cité jamil,+216 71 755 909,,Mo-Sa,,2026-02-15T13:30:52.498381
Tunis,4552982193,node,courthouse,الديوان الوطني للزيت,36.8066797,10.1566121,,,,,,2026-02-15T13:30:52.498381
Tunis,4570268990,node,fast_food,شباتي,36.801195,10.170493,,,,,,2026-02-15T13:30:52.498381
Tunis,4579208604,node,school,المدرسة الليبية,36.8300626,10.1734103,نهج 1 جوان 1955,+216 71 844 642,,,,2026-02-15T13:30:52.498381
Tunis,4587009091,node,bar,مطعم إيطاليا الكبرى,36.815429,10.1787807,شارع الولايات المتحدة الأمريكية,,http://www.darismailhotels.com,,,2026-02-15T13:30:52.498381
Tunis,4587346092,node,pharmacy,,36.8248603,10.139364,شارع ابن الخطيب,,,,,2026-02-15T13:30:52.498381
Tunis,4603748890,node,restaurant,الماركيز,36.8197162,10.1839647,نهج ساحل العاج,,,Mo-Su 12:00-00:00,,2026-02-15T13:30:52.498381
Tunis,4609455882,node,studio,أستوديو جي برود,36.8201212,10.180023,,,,,,2026-02-15T13:30:52.498381
Tunis,4612057392,node,cafe,,36.8434611,10.173696,شارع إفريقيا,,,,,2026-02-15T13:30:52.498381
Tunis,4651098104,node,restaurant,مطعم وأكلة خفيفة ااقصر,36.8163171,10.1779029,شارع الحرية,+216 98 364 221,,Mo-Sa,,2026-02-15T13:30:52.498381
Tunis,4651719562,node,bank,الاتحاد البنكي للتجارة والصناعة,36.8212546,10.1787243,,,,,,2026-02-15T13:30:52.498381
Tunis,4670795435,node,music_school,Shabou Music Academy,36.8311823,10.1697288,نهج أحمد البوخاري,+216 29 263 013,,,,2026-02-15T13:30:52.498381
Tunis,4677731689,node,clinic,مجمع عيادات خاصة,36.8167594,10.1869328,شارع اليابان,,,,,2026-02-15T13:30:52.498381
Tunis,4685111792,node,restaurant,السلطان أحمد,36.835774,10.1591409,نهج عزوز الرباعي,+216 71 888 722,https://www.sultanahmet.tn/,,,2026-02-15T13:30:52.498381
Tunis,4686167290,node,bank,بنك اليوباف الدولي تونس,36.816632,10.1798469,,,,,,2026-02-15T13:30:52.498381
Tunis,4691387889,node,fire_station,,36.7805471,10.1933565,,,,,,2026-02-15T13:30:52.498381
Tunis,4691387989,node,cafe,,36.7805287,10.1932942,Avenue de Bellevue,,,,,2026-02-15T13:30:52.498381
Tunis,4699120999,node,bank,البنك العربي لتونس,36.8182625,10.1835443,,,,Mo-Fr 08:00-16:00,,2026-02-15T13:30:52.498381
Tunis,4702556690,node,bank,بنك الأمان,36.8333417,10.1799453,,,,,,2026-02-15T13:30:52.498381
Tunis,4708240989,node,bank,بنك تونس العربي الدولي,36.8362629,10.202155,,,,,,2026-02-15T13:30:52.498381
Tunis,4736572469,node,smoking_area,Tech-Smoke,36.848049,10.165428,"Ammar Ibn Yasser, Ariana, El Menzah6",+216 52 775 230,,,,2026-02-15T13:30:52.498381
Tunis,4791816048,node,restaurant,Le Baroque,36.8266751,10.1791359,,,,,,2026-02-15T13:30:52.498381
Tunis,4791816106,node,restaurant,El Ali Resto et Café Culturel,36.7981052,10.1728935,,+216 71 321 927,,Mo-Sa 08:00-16:30,,2026-02-15T13:30:52.498381
Tunis,4795760721,node,school,المدرسة الإعدادية فطومة بورقيبة باردو,36.8140413,10.1347265,نهج بور سعيد,,,,,2026-02-15T13:30:52.498381
Tunis,4843061322,node,cafe,دريم,36.8121153,10.1806455,,,,,,2026-02-15T13:30:52.498381
Tunis,4885232821,node,cafe,,36.8043335,10.1336637,,,,,,2026-02-15T13:30:52.498381
Tunis,4908181328,node,restaurant,M Lounge,36.8324968,10.1782697,,,,,,2026-02-15T13:30:52.498381
Tunis,4908181329,node,cafe,Negresco,36.8313574,10.1788482,,,,,,2026-02-15T13:30:52.498381
Tunis,4908181330,node,restaurant,بن يدر,36.8264227,10.1793004,,,,,,2026-02-15T13:30:52.498381
Tunis,4908181331,node,cafe,Lounge B,36.8266401,10.1794366,,,,,,2026-02-15T13:30:52.498381
Tunis,4908181332,node,fast_food,Joes Pizza,36.8423514,10.1822345,,,,,,2026-02-15T13:30:52.498381
Tunis,4908181333,node,cinema,ريو,36.7984321,10.1830957,,,,,,2026-02-15T13:30:52.498381
Tunis,4908181334,node,cinema,Le Mondial,36.7987529,10.1827077,,,,,,2026-02-15T13:30:52.498381
Tunis,4908181335,node,cinema,ABC,36.798943,10.1826864,,,,,,2026-02-15T13:30:52.498381
Tunis,4908181336,node,theatre,Le 4eme Art,36.8018895,10.1812344,Av. de Paris,,,Mo-Fr 08:00-02:00,,2026-02-15T13:30:52.498381
Tunis,4908212135,node,cafe,مقهى العزيز,36.7925131,10.1705723,,,,,,2026-02-15T13:30:52.498381
Tunis,4945580521,node,cafe,El Mrabat,36.7974103,10.1705388,Souk Ettrok,,,,,2026-02-15T13:30:52.498381
Tunis,4961802322,node,restaurant,Dar Slah,36.7986549,10.1712471,Rue de la Kasbah,+216 71 261 026,,,,2026-02-15T13:30:52.498381
Tunis,4962438745,node,music_venue,الرشيدية,36.7983964,10.1696771,,,,,,2026-02-15T13:30:52.498381
Tunis,4982937274,node,cafe,مقهى الريحانة,36.8360923,10.1933171,,,,,,2026-02-15T13:30:52.498381
Tunis,4987118668,node,fast_food,chapati beb lakwas,36.8068442,10.1633556,نهج باب سعدون,,,11:00-22:00,,2026-02-15T13:30:52.498381
Tunis,4988160497,node,bank,بنك الإسكان,36.8050372,10.1627094,شارع 9 أفريل 1938,,,,,2026-02-15T13:30:52.498381
Tunis,4988165080,node,bank,بنك تونس العربي الدولي,36.8032903,10.1637822,شارع 9 أفريل 1938,,,,,2026-02-15T13:30:52.498381
Tunis,4988341671,node,cafe,Café em,36.7985378,10.1687104,Rue Dabdaba,,,,,2026-02-15T13:30:52.498381
Tunis,4988463030,node,police,Police Administrative,36.8054507,10.1708847,Avenue Ali Belhouane شارع علي البلهوان,,,,,2026-02-15T13:30:52.498381
Tunis,5001929022,node,restaurant,دار جدود,36.7992101,10.1674446,,,,,,2026-02-15T13:30:52.499382
Tunis,5034023221,node,fuel,تكسكو,36.7940183,10.1864617,نهج خير الدين بربروس,+216 71 240 522,,,,2026-02-15T13:30:52.499382
Tunis,5059035421,node,clinic,,36.8269202,10.1796269,,,,,,2026-02-15T13:30:52.499382
Tunis,5084346021,node,police,شرطة,36.795235,10.188812,شارع المنصف باي,,,,,2026-02-15T13:30:52.499382
Tunis,5091683121,node,police,,36.8468294,10.1613741,نهج الحكام,,,,,2026-02-15T13:30:52.499382
Tunis,5110949622,node,cafe,Esspresso house,36.8475586,10.1981783,,,,,,2026-02-15T13:30:52.499382
Tunis,5110949623,node,restaurant,Joe's pizza,36.8473627,10.1983089,,,,,,2026-02-15T13:30:52.499382
Tunis,5110964522,node,restaurant,Food'z,36.8465057,10.1980246,,,,,,2026-02-15T13:30:52.499382
Tunis,5126838222,node,clinic,دكتور خروف,36.8464172,10.1972878,,,,,,2026-02-15T13:30:52.499382
Tunis,5139727492,node,restaurant,Restaurant Rodeo,36.8350713,10.1500133,,,,,,2026-02-15T13:30:52.499382
Tunis,5139727652,node,bank,بنك تونس العربي الدولي,36.8353071,10.1499704,,,,,,2026-02-15T13:30:52.499382
Tunis,5152958959,node,place_of_worship,جامع نهج الجزائر,36.7939063,10.1786068,,,,,,2026-02-15T13:30:52.499382
Tunis,5152967409,node,fast_food,كوكتال عم حسين,36.7982014,10.171637,,,,,,2026-02-15T13:30:52.499382
Tunis,5154117934,node,cafe,Little Sarrajine Cafe,36.7954337,10.1690891,شارع باب جديد,,,,,2026-02-15T13:30:52.499382
Tunis,5199797653,node,cafe,Cosmitto Express,36.8450401,10.1834318,,,,,,2026-02-15T13:30:52.499382
Tunis,5199797654,node,bank,UIB,36.8447998,10.1834856,,,,,,2026-02-15T13:30:52.499382
Tunis,5199797657,node,bar,Bar Lounge SAADI,36.845184,10.1834243,,,,,,2026-02-15T13:30:52.499382
Tunis,5199797658,node,cafe,Le Balcon,36.8452496,10.1833875,,,,,,2026-02-15T13:30:52.499382
Tunis,5199797659,node,bank,بنك تونس والإمارات,36.8448316,10.1828584,,,,,,2026-02-15T13:30:52.499382
Tunis,5199797660,node,cafe,Cup Town,36.8448641,10.1828788,,,,,,2026-02-15T13:30:52.499382
Tunis,5199797661,node,bank,بنك الإسكان,36.8451551,10.1829703,,,,,,2026-02-15T13:30:52.499382
Tunis,5212859027,node,cafe,,36.8450834,10.1666301,,,,,,2026-02-15T13:30:52.499382
Tunis,5212871621,node,cafe,,36.8098515,10.1392042,,,,,,2026-02-15T13:30:52.499382
Tunis,5214526123,node,marketplace,Souk,36.80111,10.1723763,,,,,,2026-02-15T13:30:52.499382
Tunis,5244585160,node,bank,البنك التونسي,36.8361822,10.1811119,,,,,,2026-02-15T13:30:52.499382
Tunis,5244585161,node,bank,التجاري وفا بنك,36.8369991,10.1813438,نهج عبدالرحمان عبد النبي,,,,,2026-02-15T13:30:52.499382
Tunis,5255440506,node,fast_food,ولد الحاج,36.8215038,10.1817999,,,,,,2026-02-15T13:30:52.499382
Tunis,5287343727,node,driving_school,Auto école tarek,36.850396,10.1772523,شارع الحرية,+216 21 000 005,,,,2026-02-15T13:30:52.499382
Tunis,5310732025,node,cafe,الزيتونة باردو,36.805979,10.1290888,شارع الإستقلال,,,,,2026-02-15T13:30:52.499382
Tunis,5327495715,node,restaurant,Limoune,36.8228688,10.1828581,نهج ابن شرف,,,,,2026-02-15T13:30:52.499382
Tunis,5339769722,node,restaurant,La Salle à Manger,36.8219359,10.1813303,نهج الإمام سحنون,+216 71 793 283,,"Mo-Sa 12:00-15:30, 18:30-24:00",,2026-02-15T13:30:52.499382
Tunis,5376810525,node,bank,المصرف التجاري التونسي,36.8107458,10.1798251,,,,,,2026-02-15T13:30:52.499382
Tunis,5392552447,node,cafe,Café Papillon,36.8499727,10.1922914,,,,,,2026-02-15T13:30:52.499382
Tunis,5392552448,node,cafe,Café Paddock,36.8500937,10.1926117,,,,,,2026-02-15T13:30:52.499382
Tunis,5396452534,node,clinic,بنك الدم المدني,36.8047352,10.1572528,باب سعدون,,,,,2026-02-15T13:30:52.499382
Tunis,5422622827,node,clinic,ابن سينا المنار 2,36.8423057,10.1577512,,,,,,2026-02-15T13:30:52.499382
Tunis,5422622828,node,cafe,ستوري كافي,36.8420341,10.158031,,,,,,2026-02-15T13:30:52.499382
Tunis,5422635922,node,cafe,ستوري كافي,36.8420245,10.158042,,,,,,2026-02-15T13:30:52.499382
Tunis,5422663621,node,cafe,مقهى بانوراما,36.7969077,10.1704208,,,,,,2026-02-15T13:30:52.499382
Tunis,5422663722,node,cafe,مقهي ليقا,36.7721554,10.1851463,,,,,,2026-02-15T13:30:52.499382
Tunis,5435215121,node,restaurant,Yalla food,36.8095792,10.1803827,نهج الرأس الأخضر,,,,,2026-02-15T13:30:52.499382
Tunis,5456990121,node,restaurant,Restaurant El Qods,36.846688,10.197503,,,,,,2026-02-15T13:30:52.499382
Tunis,5499943626,node,restaurant,Resto Sfaxienne,36.8003097,10.1830851,,,,Mo-Su 11:00-21:30,,2026-02-15T13:30:52.499382
Tunis,5584017626,node,police,مركز شرطة نهج شارل ديقول,36.7951766,10.1781916,,,,,,2026-02-15T13:30:52.499382
Tunis,5584017627,node,school,معهد نهج روسيا,36.7956777,10.1766817,نهج روسيا,,,,,2026-02-15T13:30:52.499382
Tunis,5668399979,node,place_of_worship,,36.8055147,10.1676082,,,,,,2026-02-15T13:30:52.499382
Tunis,5668536175,node,library,دار بن عاشور,36.8014359,10.1671096,,,,,,2026-02-15T13:30:52.499382
Tunis,5668696912,node,place_of_worship,,36.7944359,10.1744702,,,,,,2026-02-15T13:30:52.499382
Tunis,5668696914,node,place_of_worship,,36.7943158,10.1738023,,,,,,2026-02-15T13:30:52.499382
Tunis,5668697124,node,place_of_worship,,36.7943866,10.1737326,,,,,,2026-02-15T13:30:52.499382
Tunis,5668791867,node,place_of_worship,,36.7994445,10.1684676,,,,,,2026-02-15T13:30:52.499382
Tunis,5668791869,node,place_of_worship,,36.7995583,10.1691811,,,,,,2026-02-15T13:30:52.499382
Tunis,5668800807,node,place_of_worship,,36.7992705,10.1723539,,,,,,2026-02-15T13:30:52.499382
Tunis,5668859929,node,library,قصر صاحب الطابع,36.8077986,10.1673854,,,,,,2026-02-15T13:30:52.499382
Tunis,5668889377,node,cafe,Café Sidi Amara,36.8081265,10.1678379,,,,,,2026-02-15T13:30:52.499382
Tunis,5668981628,node,marketplace,Fripes el Hafsia,36.8030043,10.173196,,,,,,2026-02-15T13:30:52.499382
Tunis,5669187360,node,arts_centre,Medersa Slimania,36.7966512,10.1719885,,,,,,2026-02-15T13:30:52.499382
Tunis,5669272321,node,cafe,,36.7940468,10.17385,,,,,,2026-02-15T13:30:52.499382
Tunis,5669326819,node,place_of_worship,جامع حرمل,36.7928141,10.1758831,,,,,,2026-02-15T13:30:52.499382
Tunis,5669365103,node,marketplace,سوق الغرابلية,36.7981964,10.1717098,,,,,,2026-02-15T13:30:52.499382
Tunis,5669372832,node,marketplace,Souk Sidi Sridek,36.8011645,10.1706719,,,,,,2026-02-15T13:30:52.499382
Tunis,5669388953,node,marketplace,Souk Sidi Boumendil,36.7962495,10.1753077,,,,,,2026-02-15T13:30:52.499382
Tunis,5669466270,node,marketplace,سوق الحدادين,36.7926902,10.1715503,,,,,,2026-02-15T13:30:52.499382
Tunis,5669470129,node,place_of_worship,مسجد خلوية سيدي محرز,36.7926815,10.1716493,,,,,,2026-02-15T13:30:52.499382
Tunis,5669487637,node,marketplace,سوق الصاغة,36.7965435,10.1706625,,,,,,2026-02-15T13:30:52.499382
Tunis,5669501883,node,marketplace,سوق العزافين,36.7993871,10.1715087,,,,,,2026-02-15T13:30:52.499382
Tunis,5669523804,node,marketplace,سوق الكومسيون,36.7975635,10.1751736,,,,,,2026-02-15T13:30:52.499382
Tunis,5698544072,node,cafe,fifty,36.8505732,10.1776329,,,,,,2026-02-15T13:30:52.499382
Tunis,5698547221,node,cafe,The wall,36.8478738,10.179676,,,,,,2026-02-15T13:30:52.499382
Tunis,5739922321,node,nursing_home,Maison tunis,36.8277965,10.1953669,,,,,,2026-02-15T13:30:52.499382
Tunis,5806414411,node,fast_food,اسويتهوس,36.8003039,10.1838139,شارع الحبيب بورقيبة,,,,,2026-02-15T13:30:52.499382
Tunis,5815763254,node,doctors,الدكتور محمد مروان بحر,36.809276,10.1381799,,,,,,2026-02-15T13:30:52.499382
Tunis,5838932288,node,place_of_worship,جامع القدس,36.8198623,10.1792703,نهج القدس,,,,,2026-02-15T13:30:52.499382
Tunis,5859858787,node,restaurant,,36.8430987,10.158987,,,,,,2026-02-15T13:30:52.499382
Tunis,5859864585,node,ice_cream,Parad’Ice,36.8479832,10.1798703,Avenue d'Afrique,,https://www.paradice.tn/,,,2026-02-15T13:30:52.499382
Tunis,5890698290,node,restaurant,Munchies,36.8311387,10.1724838,نهج 1 حزيران,+216 56 166 666,https://www.munchiestunis.com/,"Tu-Su 12:00-15:30, 19:00-22:30",,2026-02-15T13:30:52.499382
Tunis,5907339385,node,cafe,,36.796531,10.1636266,نهج درغوث باشا,,,Mo-Sa 06:00-23:00; Su 07:00-23:00,,2026-02-15T13:30:52.499382
Tunis,5940819786,node,restaurant,بانوراما كيديدي,36.8002198,10.18254,نهج مرسيليا,,,,,2026-02-15T13:30:52.499382
Tunis,5983427975,node,cafe,مقهى المدينة,36.7996225,10.1757506,,,,,,2026-02-15T13:30:52.499382
Tunis,5983427976,node,cafe,Café Dinar,36.7994554,10.1755385,,,,,,2026-02-15T13:30:52.499382
Tunis,5986997042,node,cafe,Café La Fontaine,36.8005358,10.1855657,,,,,,2026-02-15T13:30:52.499382
Tunis,5987938473,node,place_of_worship,,36.7996305,10.170278,,,,,,2026-02-15T13:30:52.499382
Tunis,5995539966,node,cafe,,36.8089147,10.1345531,,,,,,2026-02-15T13:30:52.499382
Tunis,5995561124,node,atm,,36.7971882,10.1696507,,,,,,2026-02-15T13:30:52.499382
Tunis,5995561125,node,restaurant,El M‘rabet Restaurant,36.7974703,10.169843,,+216 93 420 895,,,,2026-02-15T13:30:52.499382
Tunis,5995561126,node,place_of_worship,,36.7971316,10.1693457,,,,,,2026-02-15T13:30:52.499382
Tunis,6065955142,node,cafe,La petite scène,36.8006174,10.1843243,نهج بيار دي كوبرتان,,,Mo-Su 07:00-20:00,,2026-02-15T13:30:52.499382
Tunis,6066549445,node,cafe,Parc des Princes,36.7617965,10.1868747,,,,,,2026-02-15T13:30:52.499382
Tunis,6070895186,node,cafe,Cafe El M’rabet,36.7972185,10.1701212,Souk el-Trouk,,,,,2026-02-15T13:30:52.499382
Tunis,6087846386,node,cafe,Ben's,36.8103671,10.1796633,,,,,,2026-02-15T13:30:52.499382
Tunis,6129915185,node,doctors,الحكيم,36.8257704,10.1944324,,,,,,2026-02-15T13:30:52.499382
Tunis,6176895487,node,restaurant,Fondouk El Attarine,36.7979557,10.1717262,,+216 71 322 244,http://www.fondoukelattarine.com,Mo-Fr 10:00-18:00,,2026-02-15T13:30:52.499382
Tunis,6208265554,node,restaurant,توسكا,36.8011837,10.1822837,نهج مارسيليا,,,,,2026-02-15T13:30:52.499382
Tunis,6234568206,node,restaurant,La Fábrica,36.8003541,10.1911121,,,,,,2026-02-15T13:30:52.499382
Tunis,6240478440,node,bank,البنك التونسي,36.8504135,10.1828238,,,,,,2026-02-15T13:30:52.499382
Tunis,6240478441,node,bank,Attijari,36.849684,10.1830256,,,,,,2026-02-15T13:30:52.499382
Tunis,6240478442,node,fast_food,chez Imed,36.8513603,10.1839091,,,,,,2026-02-15T13:30:52.499382
Tunis,6254411311,node,restaurant,Le Saint Malo,36.8009679,10.1906154,,,,,,2026-02-15T13:30:52.499382
Tunis,6254411312,node,car_rental,Peugeot Carthago Auto Rent,36.8009211,10.190079,,,,,,2026-02-15T13:30:52.499382
Tunis,6254411313,node,pharmacy,Pharmacie Ladhari Samira,36.8001831,10.1893843,,,,,,2026-02-15T13:30:52.499382
Tunis,6254411314,node,restaurant,Fast Food Chapati,36.8002272,10.1896972,,,,,,2026-02-15T13:30:52.499382
Tunis,6260699288,node,cafe,Cafe Le bon Coin,36.838811,10.2040189,,,,,,2026-02-15T13:30:52.499382
Tunis,6260699289,node,food_court,Le Self,36.8389205,10.2041262,,,,,,2026-02-15T13:30:52.499382
Tunis,6291662855,node,bank,الاتحاد الدولي للبنوك,36.8003896,10.1850307,,,,,,2026-02-15T13:30:52.499382
Tunis,6291662856,node,cafe,Salon de Thé Kortoba,36.7996621,10.1841961,,,,,,2026-02-15T13:30:52.499382
Tunis,6291662857,node,bank,الشركة التونسية للبنك,36.7995507,10.1828921,,,,,,2026-02-15T13:30:52.499382
Tunis,6291662858,node,bank,يو بي إس,36.7992827,10.1866695,,,,Mo-Fr 08:00-16:30+,,2026-02-15T13:30:52.499382
Tunis,6291662861,node,bank,بنك الإسكان,36.8001007,10.1815402,شارع الحبيب بورقيبة,,,,,2026-02-15T13:30:52.499382
Tunis,6291662862,node,bank,التجاري وفا بنك,36.8007655,10.1810577,,,,,,2026-02-15T13:30:52.499382
Tunis,6291662863,node,bank,مصرف الزيتونة,36.7998742,10.1783134,,,,,,2026-02-15T13:30:52.499382
Tunis,6291662866,node,bank,الاتحاد البنكي للتجارة والصناعة,36.7980555,10.1799869,,,,,,2026-02-15T13:30:52.499382
Tunis,6291662867,node,bank,بنك تونس العربي الدولي,36.7980172,10.1795914,,,,,,2026-02-15T13:30:52.499382
Tunis,6291662868,node,bank,التجاري وفا بنك,36.7977527,10.1796652,,,,,,2026-02-15T13:30:52.499382
Tunis,6291662869,node,bank,بنك تونس العربي الدولي,36.8018524,10.1812515,,,,,,2026-02-15T13:30:52.499382
Tunis,6291662870,node,bank,إتش إس بي سي,36.800231,10.1828863,,,,,,2026-02-15T13:30:52.499382
Tunis,6293154967,node,restaurant,وست سايد لونج,36.8309249,10.223426,نهج بحيرة دونق تينق,,,,,2026-02-15T13:30:52.499382
Tunis,6293154968,node,restaurant,Aux Champs Elysée,36.8314682,10.2224594,,,,,,2026-02-15T13:30:52.499382
Tunis,6293154969,node,cafe,Café Miami Beach,36.8307737,10.2219649,,,,,,2026-02-15T13:30:52.499382
Tunis,6293154970,node,restaurant,Restaurant California,36.831058,10.2219604,,,,,,2026-02-15T13:30:52.499382
Tunis,6293154971,node,restaurant,Layali,36.8313207,10.2221313,,,,,,2026-02-15T13:30:52.499382
Tunis,6293154972,node,cafe,Gelato Stellina,36.8309752,10.2244599,,,,,,2026-02-15T13:30:52.499382
Tunis,6293532720,node,bank,البنك التونسي,36.8000874,10.178306,,,,,,2026-02-15T13:30:52.499382
Tunis,6293532721,node,bank,بنك تونس العربي الدولي,36.7992519,10.1783784,,,,,,2026-02-15T13:30:52.499382
Tunis,6293532745,node,bank,بنك تونس العربي الدولي,36.8137315,10.1829844,,,,,,2026-02-15T13:30:52.499382
Tunis,6293532747,node,bank,الاتحاد الدولي للبنوك,36.8079033,10.137405,,,,,,2026-02-15T13:30:52.499382
Tunis,6293532748,node,bank,البنك التونسي,36.8077766,10.1376893,,,,,,2026-02-15T13:30:52.499382
Tunis,6293532750,node,bank,البنك الوطني الفلاحي,36.8097394,10.1383572,,,,,,2026-02-15T13:30:52.499382
Tunis,6293532751,node,restaurant,Bon Goût Le Bardo,36.8100035,10.1377564,,,,,,2026-02-15T13:30:52.499382
Tunis,6293532752,node,bank,بنك الأمان,36.808234,10.1377483,,,,,,2026-02-15T13:30:52.499382
Tunis,6293532753,node,bank,بنك تونس العربي الدولي,36.8083564,10.13792,,,,,,2026-02-15T13:30:52.499382
Tunis,6293532754,node,restaurant,Tivoli,36.8077852,10.1381373,,,,,,2026-02-15T13:30:52.499382
Tunis,6293532755,node,restaurant,Les Trois Fourchette,36.8088246,10.1383626,,,,,,2026-02-15T13:30:52.499382
Tunis,6293532756,node,cafe,Café Tunis,36.8092111,10.1379441,,,,,,2026-02-15T13:30:52.499382
Tunis,6293532757,node,cafe,Brothers Coffee Bardo,36.8092841,10.1377161,,,,,,2026-02-15T13:30:52.499382
Tunis,6293532758,node,restaurant,Maxi Food,36.8096556,10.1370912,,,,,,2026-02-15T13:30:52.499382
Tunis,6293532759,node,restaurant,Gourmandise Bardo Center,36.8099305,10.1371663,,,,,,2026-02-15T13:30:52.499382
Tunis,6293532760,node,cafe,Café Ghazala,36.8095764,10.132477,,,,,,2026-02-15T13:30:52.499382
Tunis,6293532761,node,restaurant,Salsa Pizza,36.8078306,10.1384729,,,,,,2026-02-15T13:30:52.499382
Tunis,6293532762,node,restaurant,Restaurant Bayari,36.8069593,10.1383514,,,,,,2026-02-15T13:30:52.499382
Tunis,6293532763,node,bank,البنك العربي لتونس,36.8074495,10.1390805,شارع 20 مارس,,,,,2026-02-15T13:30:52.499382
Tunis,6300053803,node,bank,بنك تونس العربي الدولي,36.8150258,10.1802378,,,,,,2026-02-15T13:30:52.499382
Tunis,6300053804,node,bank,TFBank,36.8160568,10.1851068,,,,,,2026-02-15T13:30:52.499382
Tunis,6300053805,node,cafe,Café Ennesrine,36.8164648,10.1872693,,,,,,2026-02-15T13:30:52.499382
Tunis,6300053816,node,cafe,La Cafette,36.8195749,10.191492,,,,,,2026-02-15T13:30:52.499382
Tunis,6300053817,node,bank,بنك تونس العربي الدولي,36.8201863,10.189974,,,,,,2026-02-15T13:30:52.499382
Tunis,6300053818,node,bank,التجاري وفا بنك,36.8222899,10.1942571,,,,,,2026-02-15T13:30:52.499382
Tunis,6300053819,node,bank,الاتحاد البنكي للتجارة والصناعة,36.8223051,10.1927676,,,,,,2026-02-15T13:30:52.499382
Tunis,6300053820,node,bank,BTE,36.8224836,10.1931376,,,,,,2026-02-15T13:30:52.499382
Tunis,6300053821,node,bank,البنك التونسي,36.8226734,10.1934981,,,,,,2026-02-15T13:30:52.499382
Tunis,6300053822,node,restaurant,"Auto-Restaurant, Prêt-à-Manger, Cafétéria & Traiteur",36.8225254,10.1942239,,,,,,2026-02-15T13:30:52.499382
Tunis,6300053823,node,cafe,Café-Restaurant Donatello,36.8219482,10.1955379,,,,,,2026-02-15T13:30:52.499382
Tunis,6300053824,node,bank,بنك الأمان,36.821436,10.1898441,,,,Mo-Fr 08:00-16:00,,2026-02-15T13:30:52.499382
Tunis,6300053825,node,bank,الاتحاد الدولي للبنوك,36.8216102,10.1893094,,,,,,2026-02-15T13:30:52.499382
Tunis,6300053826,node,bank,التجاري وفا بنك,36.8214165,10.1887828,,,,,,2026-02-15T13:30:52.499382
Tunis,6300053827,node,cafe,La Coupole,36.7991771,10.1869482,,,,,,2026-02-15T13:30:52.499382
Tunis,6300053829,node,cafe,Café Bonaparte,36.8020292,10.1835747,,,,,,2026-02-15T13:30:52.499382
Tunis,6300053830,node,restaurant,Serenissima,36.8021929,10.1830401,,,,,,2026-02-15T13:30:52.499382
Tunis,6300053831,node,restaurant,باغيت وباغيت,36.8020167,10.1830204,,,,,,2026-02-15T13:30:52.499382
Tunis,6300053832,node,restaurant,Carpi,36.8014159,10.1827995,,,,,,2026-02-15T13:30:52.499382
Tunis,6300053833,node,bank,البنك العربي لتونس,36.8004153,10.1818221,,,,,,2026-02-15T13:30:52.499382
Tunis,6300053836,node,bar,Le Vieux Port,36.8006937,10.1817314,,,,,,2026-02-15T13:30:52.499382
Tunis,6300053837,node,restaurant,باغيت وباغيت,36.8004395,10.1814996,,,,,,2026-02-15T13:30:52.499382
Tunis,6300053838,node,restaurant,Moon's Café Bistrot,36.8011014,10.1816105,,,,,,2026-02-15T13:30:52.499382
Tunis,6300053839,node,restaurant,لامما,36.8008834,10.182427,,,,,,2026-02-15T13:30:52.499382
Tunis,6300053840,node,restaurant,Restaurant Al Mazar,36.8006332,10.182432,,,,,,2026-02-15T13:30:52.499382
Tunis,6300053841,node,bar,Le Pub Gentleman,36.8004153,10.1840751,,,,,,2026-02-15T13:30:52.499382
Tunis,6300053842,node,cafe,Caffé El Maktoub,36.800392,10.1847476,,,,,,2026-02-15T13:30:52.499382
Tunis,6300053843,node,cafe,First Cup,36.8005916,10.184672,,,,,,2026-02-15T13:30:52.499382
Tunis,6300053844,node,cafe,,36.8003481,10.1853903,,,,,,2026-02-15T13:30:52.499382
Tunis,6300053845,node,bank,البنك التونسي,36.7995607,10.1783243,,,,,,2026-02-15T13:30:52.499382
Tunis,6300053846,node,bank,الشركة التونسية للبنك,36.7989976,10.1755646,,,,Mo-Fr 08:00-16:00,,2026-02-15T13:30:52.499382
Tunis,6300053847,node,bank,الاتحاد البنكي للتجارة والصناعة,36.7983881,10.1784979,,,,,,2026-02-15T13:30:52.499382
Tunis,6300053848,node,restaurant,بن يدر,36.7985877,10.1775587,,,,,,2026-02-15T13:30:52.499382
Tunis,6300053849,node,bank,الاتحاد الدولي للبنوك,36.7998708,10.1796196,,,,,,2026-02-15T13:30:52.499382
Tunis,6300053850,node,restaurant,Café L'Entracte,36.8002438,10.1794417,,,,,,2026-02-15T13:30:52.499382
Tunis,6300053851,node,restaurant,الشيف,36.8001045,10.1803051,,,,,,2026-02-15T13:30:52.499382
Tunis,6300053852,node,bar,Café Bar de la Lyre,36.8009023,10.1782534,,,,,,2026-02-15T13:30:52.499382
Tunis,6300053853,node,cafe,Café Becha,36.8009885,10.1791699,,,,,,2026-02-15T13:30:52.499382
Tunis,6300053854,node,bank,بنك آسيا المتحد,36.7984088,10.1804787,,,,,,2026-02-15T13:30:52.499382
Tunis,6300053855,node,bank,بنك فرنسا,36.7984338,10.1799059,,,,,,2026-02-15T13:30:52.499382
Tunis,6301142475,node,bank,التجاري وفا بنك,36.795375,10.1809805,,,,,,2026-02-15T13:30:52.499382
Tunis,6301142476,node,cafe,Café Tanit,36.7948196,10.1797715,,,,,,2026-02-15T13:30:52.499382
Tunis,6301142477,node,bank,البنك الوطني الجزائري,36.7961938,10.1824161,نهج أحمد التليلي,,,,,2026-02-15T13:30:52.499382
Tunis,6301142478,node,pharmacy,Pharmacie Ouahchi Mohamed,36.7961504,10.1817687,,,,,,2026-02-15T13:30:52.499382
Tunis,6301142479,node,cafe,La Casa Del Caffè,36.79616,10.1814033,,,,,,2026-02-15T13:30:52.499382
Tunis,6301142480,node,bank,الاتحاد الدولي للبنوك,36.7946509,10.1823537,,,,,,2026-02-15T13:30:52.499382
Tunis,6301142481,node,bank,بنك الأمان,36.7970263,10.1793806,,,,,,2026-02-15T13:30:52.499382
Tunis,6301142484,node,restaurant,Restaurant Le Prince,36.7973068,10.1801881,,,,,,2026-02-15T13:30:52.499382
Tunis,6301143985,node,restaurant,Jbali Fastfood,36.7973629,10.1805919,,,,,,2026-02-15T13:30:52.499382
Tunis,6301143986,node,bank,La Poste Tunisienne,36.7972561,10.1820701,,,,,,2026-02-15T13:30:52.499382
Tunis,6301143988,node,restaurant,Restaurant Macaly,36.7964384,10.1794741,,,,,,2026-02-15T13:30:52.499382
Tunis,6301143994,node,pharmacy,Pharmacie Drira Othman,36.7960185,10.1779445,,,,,,2026-02-15T13:30:52.499382
Tunis,6301144014,node,bank,الاتحاد الدولي للبنوك,36.7970875,10.17564,,,,,,2026-02-15T13:30:52.499382
Tunis,6301144015,node,restaurant,Restaurant Gusteau's,36.7869292,10.179158,,,,,,2026-02-15T13:30:52.499382
Tunis,6301144019,node,post_office,Tunis Bab El Fella,36.7908749,10.1784253,,,,,,2026-02-15T13:30:52.499382
Tunis,6301144020,node,cafe,Café Hadhra,36.7903268,10.1799283,,,,,,2026-02-15T13:30:52.499382
Tunis,6301144024,node,bank,البنك العربي لتونس,36.7922607,10.1770947,,,,,,2026-02-15T13:30:52.499382
Tunis,6301144025,node,bank,BFT,36.7925947,10.1760703,,,,,,2026-02-15T13:30:52.499382
Tunis,6301144026,node,bank,التجاري وفا بنك,36.7923782,10.1756565,,,,,,2026-02-15T13:30:52.499382
Tunis,6301144027,node,bank,بنك تونس العربي الدولي,36.7932654,10.1769645,,,,,,2026-02-15T13:30:52.499382
Tunis,6301144028,node,restaurant,Restaurant Hedhibi,36.7925332,10.1767944,,,,,,2026-02-15T13:30:52.499382
Tunis,6301144029,node,police,,36.791622,10.1769512,,,,,,2026-02-15T13:30:52.499382
Tunis,6301144031,node,bank,التجاري وفا بنك,36.7927103,10.1853071,,,,,,2026-02-15T13:30:52.499382
Tunis,6301144032,node,bank,بنك تونس العربي الدولي,36.7928794,10.1822326,,,,,,2026-02-15T13:30:52.499382
Tunis,6301144033,node,bank,البنك التونسي للتضامن,36.792387,10.182686,,,,,,2026-02-15T13:30:52.499382
Tunis,6302251629,node,cafe,Café Draga,36.7993454,10.1842429,,,,,,2026-02-15T13:30:52.499382
Tunis,6302251630,node,restaurant,Lella Salwa,36.7990805,10.1840647,,,,,,2026-02-15T13:30:52.499382
Tunis,6302251631,node,bar,Frida Bar,36.7990874,10.1838912,,,,,,2026-02-15T13:30:52.499382
Tunis,6302251632,node,cafe,Café Pyramide,36.7996552,10.1840151,,,,,,2026-02-15T13:30:52.499382
Tunis,6302251633,node,cafe,Café Jasmin,36.799499,10.1840027,,,,,,2026-02-15T13:30:52.499382
Tunis,6302251634,node,restaurant,Panorama Kedidi,36.7996576,10.183789,,,,,,2026-02-15T13:30:52.499382
Tunis,6302251636,node,restaurant,مطعم حانة الأخطبوط,36.7987427,10.183628,,,,,,2026-02-15T13:30:52.499382
Tunis,6302251637,node,bar,Café Bar Palace,36.799189,10.1826743,,,,,,2026-02-15T13:30:52.499382
Tunis,6302251638,node,bar,Rossini palace,36.7994742,10.1822842,,,,,,2026-02-15T13:30:52.499382
Tunis,6302251639,node,restaurant,مطعم بحرون,36.7993527,10.1822965,,,,,,2026-02-15T13:30:52.499382
Tunis,6302251642,node,bank,البنك التونسي الكويتي,36.7990923,10.1812561,,,,,,2026-02-15T13:30:52.499382
Tunis,6302251644,node,restaurant,Le Palais Royal,36.7987824,10.1816865,,,,,,2026-02-15T13:30:52.499382
Tunis,6302251645,node,dentist,Docteur Battikh Jameleddine,36.7988593,10.1812716,,,,,,2026-02-15T13:30:52.499382
Tunis,6302251647,node,bank,بنك تونس العربي الدولي,36.7991965,10.1803303,,,,,,2026-02-15T13:30:52.499382
Tunis,6302251648,node,bank,أدفانس تونس,36.7989386,10.1808752,,,,,,2026-02-15T13:30:52.499382
Tunis,6302251654,node,restaurant,El Patio,36.7981526,10.1811354,,,,,,2026-02-15T13:30:52.499382
Tunis,6302251655,node,bar,Bar L'Avenue,36.7989287,10.1823523,,,,,,2026-02-15T13:30:52.499382
Tunis,6302251656,node,cafe,مقهى دبي,36.798527,10.1822067,,,,,,2026-02-15T13:30:52.499382
Tunis,6302251658,node,bank,La Poste Tunisienne,36.7991741,10.1885453,,,,,,2026-02-15T13:30:52.499382
Tunis,6302251659,node,toilets,,36.8007362,10.1881737,,,,,,2026-02-15T13:30:52.499382
Tunis,6310753629,node,restaurant,Cafétéria Baba Allala,36.8017392,10.1882477,,,,,,2026-02-15T13:30:52.499382
Tunis,6310753632,node,bank,بنك الأمان,36.8053317,10.1803648,,,,Mo-Fr 08:00-16:00,,2026-02-15T13:30:52.499382
Tunis,6310753641,node,bank,الاتحاد البنكي للتجارة والصناعة,36.8058638,10.1795961,,,,,,2026-02-15T13:30:52.499382
Tunis,6310753642,node,pharmacy,Pharmacie du Parc,36.8058989,10.1773572,,,,,,2026-02-15T13:30:52.499382
Tunis,6310753643,node,bank,البنك الوطني الفلاحي,36.8057073,10.1778717,,,,,,2026-02-15T13:30:52.499382
Tunis,6310753644,node,bank,بنك تونس العربي الدولي,36.805689,10.1775536,,,,,,2026-02-15T13:30:52.499382
Tunis,6310753645,node,bank,مصرف الزيتونة,36.8070221,10.1800344,,,,,,2026-02-15T13:30:52.499382
Tunis,6314603476,node,restaurant,النقطة,36.8324131,10.2112356,,,,,,2026-02-15T13:30:52.499382
Tunis,6314603477,node,cafe,النقطة,36.8323852,10.211595,,,,,,2026-02-15T13:30:52.499382
Tunis,6314605524,node,cafe,Coffeeshop The One,36.8355823,10.2075403,,,,,,2026-02-15T13:30:52.499382
Tunis,6314605525,node,bank,الاتحاد الدولي للبنوك,36.8393784,10.2047655,,,,,,2026-02-15T13:30:52.499382
Tunis,6314605549,node,pharmacy,ميغا فارم,36.8473335,10.2040882,,,,,,2026-02-15T13:30:52.499382
Tunis,6314605575,node,bank,بنك تونس العربي الدولي,36.8504115,10.1918786,,,,,,2026-02-15T13:30:52.499382
Tunis,6314605576,node,bank,بنك الأمان,36.8503438,10.1921991,,,,,,2026-02-15T13:30:52.499382
Tunis,6342144662,node,restaurant,Cloche d'Or,36.8146877,10.1793325,شارع الحرّيّة,+216 92 701 501,,,,2026-02-15T13:30:52.499382
Tunis,6342144664,node,bank,الاتحاد البنكي للتجارة والصناعة,36.8134212,10.1795354,,,,,,2026-02-15T13:30:52.499382
Tunis,6342144665,node,bank,بنك قطر الوطني تونس,36.8134873,10.1804811,,,,,,2026-02-15T13:30:52.499382
Tunis,6342144666,node,cafe,Café Le Bon Coin,36.8126971,10.1792121,,,,,,2026-02-15T13:30:52.499382
Tunis,6342144667,node,cafe,Decarlo Croissant Tunis,36.8143145,10.1785511,,,,,,2026-02-15T13:30:52.499382
Tunis,6342144668,node,cafe,Café Opéra,36.8149785,10.1786679,,,,,,2026-02-15T13:30:52.499382
Tunis,6342144669,node,bank,بنك تونس العالمي,36.8151344,10.1784771,,,,,,2026-02-15T13:30:52.499382
Tunis,6342144671,node,bank,الشركة التونسية للبنك,36.816026,10.1777567,Avenue des Etats Unies,,https://www.stb.com.tn/fr/,,,2026-02-15T13:30:52.499382
Tunis,6342144672,node,bank,الاتحاد الدولي للبنوك,36.8057022,10.1743499,,,,,,2026-02-15T13:30:52.499382
Tunis,6342144673,node,cafe,Café Matouia zmen,36.8056767,10.1748394,,,,,,2026-02-15T13:30:52.499382
Tunis,6342144674,node,cafe,Café Beb Lkhatra,36.8063502,10.1735816,,,,,,2026-02-15T13:30:52.499382
Tunis,6342144675,node,cafe,مقهى سليم,36.8051592,10.1740061,,,,,,2026-02-15T13:30:52.499382
Tunis,6342144676,node,bank,البنك الوطني الجزائري,36.8056034,10.1697429,,,,,,2026-02-15T13:30:52.499382
Tunis,6342144677,node,bank,الشركة التونسية للبنك,36.8049875,10.1687216,,,,,,2026-02-15T13:30:52.499382
Tunis,6356955485,node,clinic,مصحة التوفيق,36.8316814,10.1557657,,+216 71 844 344,,,,2026-02-15T13:30:52.499382
Tunis,6363529929,node,cafe,Dash,36.8100405,10.1323266,,,,,,2026-02-15T13:30:52.499382
Tunis,6363529930,node,cafe,Café Mix,36.8104868,10.1328256,,,,,,2026-02-15T13:30:52.499382
Tunis,6387591803,node,bank,التجاري بنك,36.8290135,10.1913303,,,,,,2026-02-15T13:30:52.499382
Tunis,6400457285,node,car_rental,SIXT,36.8067195,10.184721,,,,,,2026-02-15T13:30:52.499382
Tunis,6409207251,node,cafe,,36.8128444,10.1793702,,,,,,2026-02-15T13:30:52.499382
Tunis,6409242926,node,cafe,Makni,36.8128435,10.179285,,,,,,2026-02-15T13:30:52.499382
Tunis,6411374987,node,place_of_worship,مسجد,36.8053174,10.1811387,نهج مرسيليا,,,,,2026-02-15T13:30:52.499382
Tunis,6498956385,node,bank,البنك العربي لتونس,36.8423282,10.2011055,,,,Mo-Fr 08:00-16:00,,2026-02-15T13:30:52.499382
Tunis,6498956386,node,bank,BTK,36.8404674,10.199043,,,,,,2026-02-15T13:30:52.499382
Tunis,6498956387,node,restaurant,جيجي ككز,36.8350727,10.1994788,,,,,,2026-02-15T13:30:52.499382
Tunis,6498956388,node,bank,بنك تونس العربي الدولي,36.8355508,10.2021236,,,,,,2026-02-15T13:30:52.499382
Tunis,6498956389,node,bank,بنك تونس العربي الدولي,36.8195266,10.1852283,,,,Mo-Fr 08:00-16:00,,2026-02-15T13:30:52.499382
Tunis,6498956390,node,bank,BTE,36.8187611,10.1793015,,,,,,2026-02-15T13:30:52.499382
Tunis,6498956391,node,bank,بنك الأمان,36.8195017,10.1781632,,,,,,2026-02-15T13:30:52.499382
Tunis,6498956392,node,bank,الاتحاد البنكي للتجارة والصناعة,36.8190722,10.1786618,,,,,,2026-02-15T13:30:52.499382
Tunis,6498956404,node,pharmacy,Pharmacie Bab al Assal,36.8127465,10.1699778,,,,,,2026-02-15T13:30:52.499382
Tunis,6498956427,node,cafe,Dar Zmen,36.8114064,10.1742634,,,,,,2026-02-15T13:30:52.499382
Tunis,6498956428,node,cafe,Taraji Coffee,36.809895,10.1724372,,,,,,2026-02-15T13:30:52.499382
Tunis,6498956429,node,bank,مصرف الزيتونة,36.8113538,10.1660355,,,,,,2026-02-15T13:30:52.499382
Tunis,6498956430,node,cafe,L'Unique,36.812093,10.1650588,,,,,,2026-02-15T13:30:52.499382
Tunis,6498956431,node,bank,بنك الأمان,36.8106911,10.1642908,,,,,,2026-02-15T13:30:52.499382
Tunis,6498956432,node,cafe,الهادي فاروق,36.8103372,10.1647503,,,,,,2026-02-15T13:30:52.499382
Tunis,6498956435,node,cafe,اسكوب,36.8111975,10.1632148,,,,,,2026-02-15T13:30:52.499382
Tunis,6498956441,node,restaurant,L'Ardoise,36.8161028,10.1682632,,,,,,2026-02-15T13:30:52.499382
Tunis,6498956442,node,restaurant,Down Town,36.8166991,10.1663113,,,,,,2026-02-15T13:30:52.499382
Tunis,6498956443,node,restaurant,رد هل,36.8174117,10.1656973,,,,,,2026-02-15T13:30:52.499382
Tunis,6498956444,node,bank,البنك العربي لتونس,36.8178678,10.1668143,,,,,,2026-02-15T13:30:52.499382
Tunis,6498956445,node,restaurant,La Perla,36.8184788,10.1677213,,,,,,2026-02-15T13:30:52.499382
Tunis,6504704303,node,bank,Wifak Bank,36.773755,10.2190441,,,,,,2026-02-15T13:30:52.499382
Tunis,6504793345,node,restaurant,باغيت وباغيت,36.8107474,10.1417806,,,,,,2026-02-15T13:30:52.499382
Tunis,6504793346,node,bank,BTK,36.8115169,10.1425387,,,,,,2026-02-15T13:30:52.499382
Tunis,6504793347,node,bank,مصرف الزيتونة,36.8117674,10.1431097,,,,,,2026-02-15T13:30:52.499382
Tunis,6504793348,node,cafe,Bardo Time,36.811059,10.1426119,,,,,,2026-02-15T13:30:52.499382
Tunis,6515253873,node,bank,بنك تونس العربي الدولي,36.7902367,10.1850374,,,,,,2026-02-15T13:30:52.499382
Tunis,6515253874,node,cafe,Le Bon Coin,36.7909671,10.1860191,,,,,,2026-02-15T13:30:52.499382
Tunis,6515253875,node,cafe,Café Allala,36.7924191,10.1862632,,,,,,2026-02-15T13:30:52.499382
Tunis,6515253876,node,cafe,Café Chahir,36.7957075,10.1848315,,,,,,2026-02-15T13:30:52.499382
Tunis,6515253877,node,restaurant,Kyrannis,36.7953524,10.1845521,,,,,,2026-02-15T13:30:52.499382
Tunis,6515253879,node,cafe,الجزيرة,36.7961112,10.1838019,,,,,,2026-02-15T13:30:52.499382
Tunis,6515253880,node,cafe,,36.7952041,10.1803305,,,,,,2026-02-15T13:30:52.499382
Tunis,6515253881,node,bar,Marius,36.7972306,10.1794679,,,,,,2026-02-15T13:30:52.499382
Tunis,6515613066,node,bank,بنك تونس العربي الدولي,36.8023984,10.1732298,,,,,,2026-02-15T13:30:52.499382
Tunis,6515613068,node,cafe,Café Aroussi,36.802388,10.174996,,,,,,2026-02-15T13:30:52.499382
Tunis,6515613069,node,pharmacy,Pharmacie Asaad,36.8037608,10.1728318,,,,,,2026-02-15T13:30:52.499382
Tunis,6515613076,node,cafe,السلطان,36.8046245,10.1707641,,,,,,2026-02-15T13:30:52.499382
Tunis,6515613077,node,bank,بنك تونس العربي الدولي,36.8050246,10.1690399,,,,,,2026-02-15T13:30:52.499382
Tunis,6515613078,node,bank,البنك العربي لتونس,36.8050154,10.1685138,,,,,,2026-02-15T13:30:52.499382
Tunis,6515613079,node,bank,التجاري بنك,36.805481,10.1685007,,,,,,2026-02-15T13:30:52.499382
Tunis,6515613080,node,restaurant,La Perle Bleu,36.8055598,10.1689335,,,,,,2026-02-15T13:30:52.499382
Tunis,6515613596,node,cafe,Café de l'Espérance Sportive de Tunis,36.8047898,10.1680176,,,,,,2026-02-15T13:30:52.499382
Tunis,6521987561,node,bank,بنك تونس العربي الدولي,36.8311016,10.1970087,,,,,,2026-02-15T13:30:52.499382
Tunis,6521987562,node,bank,البنك العربي لتونس,36.829724,10.1937162,,,,,,2026-02-15T13:30:52.499382
Tunis,6521987563,node,cafe,Café Khmais,36.830519,10.1945572,,,,,,2026-02-15T13:30:52.499382
Tunis,6521987564,node,restaurant,Le Bon Gout,36.8316875,10.1957301,,,,,,2026-02-15T13:30:52.499382
Tunis,6521987565,node,restaurant,El Mazraa,36.8312081,10.1952878,,,,,,2026-02-15T13:30:52.499382
Tunis,6521987566,node,bank,البنك الوطني الفلاحي,36.8295753,10.1859153,شارع آلان سافاري,,,,,2026-02-15T13:30:52.499382
Tunis,6535365914,node,bank,الاتحاد البنكي للتجارة والصناعة,36.8463997,10.1831155,,,,,,2026-02-15T13:30:52.499382
Tunis,6538149016,node,cafe,Café Erbat,36.7864699,10.1794112,,,,,,2026-02-15T13:30:52.499382
Tunis,6538149017,node,cafe,Cafétéria Sarra,36.7865938,10.1789355,,,,,,2026-02-15T13:30:52.499382
Tunis,6538149018,node,cafe,Cafétéria Escpresso,36.7868392,10.178775,,,,,,2026-02-15T13:30:52.499382
Tunis,6538149019,node,cafe,Wada,36.7881691,10.1785193,,,,,,2026-02-15T13:30:52.499382
Tunis,6538149025,node,restaurant,La Grotte,36.7874895,10.173883,,,,,,2026-02-15T13:30:52.499382
Tunis,6538149027,node,post_office,Tunis Chebbi,36.7890044,10.1721162,,,,,,2026-02-15T13:30:52.499382
Tunis,6538149028,node,restaurant,Munchies Montfleury,36.7878036,10.1759644,,,,,,2026-02-15T13:30:52.499382
Tunis,6538149029,node,cafe,Relax,36.7880973,10.1777719,,,,,,2026-02-15T13:30:52.499382
Tunis,6538149030,node,restaurant,Mechwi Beb El Falla,36.7885207,10.1777289,,,,,,2026-02-15T13:30:52.499382
Tunis,6538149031,node,cafe,Café Weld Hnifa,36.7919846,10.17609,,,,,,2026-02-15T13:30:52.499382
Tunis,6538149032,node,post_office,Tunis Ouardia,36.7766046,10.1872348,,,,,,2026-02-15T13:30:52.499382
Tunis,6538149033,node,bank,مصرف الزيتونة,36.7750717,10.1809392,,,,,,2026-02-15T13:30:52.499382
Tunis,6538149038,node,pharmacy,Bouzouita,36.7747978,10.1786428,,,,,,2026-02-15T13:30:52.499382
Tunis,6538149039,node,restaurant,Monaliza,36.7748402,10.1804763,,,,,,2026-02-15T13:30:52.499382
Tunis,6538149040,node,cafe,El Ons,36.7743706,10.1796914,,,,,,2026-02-15T13:30:52.499382
Tunis,6538149041,node,fast_food,Tora Tora,36.7742326,10.1789971,,,,,,2026-02-15T13:30:52.499382
Tunis,6538149042,node,cafe,Nesma,36.772874,10.1877482,,,,,,2026-02-15T13:30:52.499382
Tunis,6538149043,node,bank,الاتحاد الدولي للبنوك,36.7711097,10.1884435,,,,,,2026-02-15T13:30:52.499382
Tunis,6539627085,node,restaurant,,36.8003044,10.1829849,نهج القاهرة,,,,,2026-02-15T13:30:52.499382
Tunis,6549835162,node,bank,الاتحاد الدولي للبنوك,36.8438911,10.1977844,,,,,,2026-02-15T13:30:52.499382
Tunis,6549835163,node,bank,TSI,36.8436285,10.1980024,,,,,,2026-02-15T13:30:52.499382
Tunis,6549835164,node,bank,البنك التونسي,36.8445933,10.1974665,,,,Mo-Fr 08:00-16:00,,2026-02-15T13:30:52.499382
Tunis,6549835165,node,restaurant,Crystalium,36.8460383,10.1986496,,,,,,2026-02-15T13:30:52.499382
Tunis,6549835166,node,bank,بنك الأمان,36.8379129,10.1926942,,,,,,2026-02-15T13:30:52.499382
Tunis,6550115413,node,bank,البنك الوطني الفلاحي,36.8124198,10.1797122,,,,,,2026-02-15T13:30:52.499382
Tunis,6550115414,node,bank,الاتحاد البنكي للتجارة والصناعة,36.8125648,10.1803071,,,,,,2026-02-15T13:30:52.499382
Tunis,6550115415,node,cafe,Cafe Ciao,36.8122601,10.1819773,,,,,,2026-02-15T13:30:52.499382
Tunis,6550115416,node,cafe,Bros Coffee,36.8133458,10.1820808,,,,,,2026-02-15T13:30:52.499382
Tunis,6550115417,node,cafe,Au Bon Menu,36.8130884,10.1821029,,,,,,2026-02-15T13:30:52.499382
Tunis,6550115418,node,cafe,Café Matous,36.8129405,10.1814193,,,,,,2026-02-15T13:30:52.499382
Tunis,6550115419,node,cafe,Nouvelle Ère,36.8128518,10.1805658,,,,,,2026-02-15T13:30:52.499382
Tunis,6550115420,node,restaurant,لا روزاز بيتزاريا,36.812837,10.1796383,,,,,,2026-02-15T13:30:52.499382
Tunis,6550115421,node,cafe,Dream Café,36.8116478,10.1807331,,,,,,2026-02-15T13:30:52.499382
Tunis,6550115422,node,cafe,Mio Mondo,36.8108432,10.1810029,,,,,,2026-02-15T13:30:52.499382
Tunis,6550115424,node,cafe,Café Rachidia,36.8100148,10.1806038,,,,,,2026-02-15T13:30:52.499382
Tunis,6550115425,node,cafe,Talel,36.8124713,10.1814837,,,,,,2026-02-15T13:30:52.499382
Tunis,6550115426,node,cafe,Bochra,36.8125993,10.1796693,,,,,,2026-02-15T13:30:52.499382
Tunis,6550115427,node,cafe,Chez Dalloul,36.8120219,10.1793169,,,,,,2026-02-15T13:30:52.499382
Tunis,6550115428,node,restaurant,Ben's,36.8122362,10.1783575,,,,,,2026-02-15T13:30:52.499382
Tunis,6550115429,node,cafe,La Couronne,36.8122179,10.1778909,,,,,,2026-02-15T13:30:52.499382
Tunis,6550115430,node,restaurant,Juju's,36.812082,10.1775286,,,,,,2026-02-15T13:30:52.499382
Tunis,6550115431,node,cafe,Queen's Coffee,36.8144803,10.1780899,,,,,,2026-02-15T13:30:52.499382
Tunis,6550115432,node,restaurant,البوهيمي,36.8154626,10.1801751,,,,,,2026-02-15T13:30:52.499382
Tunis,6550115433,node,cafe,Café Terrasse,36.815554,10.1776233,,,,,,2026-02-15T13:30:52.499382
Tunis,6550115434,node,restaurant,Le Paradiso,36.8158566,10.1771976,,,,,,2026-02-15T13:30:52.499382
Tunis,6550115435,node,cafe,Sweet Cup,36.8159512,10.1769907,,,,,,2026-02-15T13:30:52.499382
Tunis,6550115436,node,bank,الاتحاد الدولي للبنوك,36.8162944,10.1763551,,,,,,2026-02-15T13:30:52.499382
Tunis,6550115437,node,bank,بنك الأمان,36.8161317,10.1767209,,,,,,2026-02-15T13:30:52.499382
Tunis,6550115438,node,fast_food,Spinoza Food & Drinks,36.8164305,10.1770202,,,,,,2026-02-15T13:30:52.499382
Tunis,6550115440,node,restaurant,قيصر,36.8156942,10.1833366,,,,,,2026-02-15T13:30:52.499382
Tunis,6550115441,node,fast_food,الباشا للوجبات السريعة,36.8158735,10.1831075,,,,,,2026-02-15T13:30:52.499382
Tunis,6550115442,node,cafe,لست كفي,36.815735,10.1825552,,,,,,2026-02-15T13:30:52.499382
Tunis,6550115443,node,bank,بنك تونس العربي الدولي,36.818437,10.1824651,,,,,,2026-02-15T13:30:52.499382
Tunis,6550115444,node,bank,BIAT,36.8192703,10.1826707,,,,,,2026-02-15T13:30:52.499382
Tunis,6550115445,node,bank,البنك الوطني الفلاحي,36.8193696,10.1848277,,,,Mo-Fr 08:00-16:00,,2026-02-15T13:30:52.499382
Tunis,6550115446,node,bar,Le Madison,36.8176055,10.1839729,,,,,,2026-02-15T13:30:52.499382
Tunis,6550115447,node,cafe,مقهى ليبر'تي الثقافي,36.8144991,10.1825164,,,,,,2026-02-15T13:30:52.499382
Tunis,6550115448,node,bank,بنك الأمان,36.8143122,10.1821014,,,,Mo-Fr 08:00-16:00,,2026-02-15T13:30:52.499382
Tunis,6550115449,node,bank,المندوبية العامة للتنمية الجهوية,36.8143629,10.1811879,,,,,,2026-02-15T13:30:52.499382
Tunis,6550115450,node,restaurant,الفنون,36.8142222,10.1815222,,,,,,2026-02-15T13:30:52.499382
Tunis,6550115451,node,restaurant,مطعم الكسكس,36.8138726,10.1819884,,,,,,2026-02-15T13:30:52.499382
Tunis,6550115452,node,cafe,Café Safa,36.8136365,10.1820552,,,,,,2026-02-15T13:30:52.499382
Tunis,6550115453,node,fast_food,Baguette & Baguette,36.8135794,10.1813171,,,,,,2026-02-15T13:30:52.499382
Tunis,6550115454,node,restaurant,ريتا رويال,36.8139136,10.1812179,,,,,,2026-02-15T13:30:52.499382
Tunis,6550115455,node,cafe,La Pépinière,36.815621,10.1760584,,,,,,2026-02-15T13:30:52.499382
Tunis,6550115456,node,cafe,Queen's Coffee,36.8153744,10.1764856,,,,,,2026-02-15T13:30:52.499382
Tunis,6550115457,node,bank,COMAR Assurances,36.8147187,10.1758558,,,,,,2026-02-15T13:30:52.499382
Tunis,6550115458,node,restaurant,Le Doyen,36.8151053,10.1774483,,,,,,2026-02-15T13:30:52.499382
Tunis,6550115463,node,cafe,Ornamenta,36.8144715,10.1763824,,,,,,2026-02-15T13:30:52.499382
Tunis,6550115466,node,bank,بنك الأمان,36.8139045,10.1759101,,,,Mo-Fr 08:00-16:00,,2026-02-15T13:30:52.499382
Tunis,6550115467,node,cafe,Le Cheval Blanc,36.8133427,10.1751286,,,,,,2026-02-15T13:30:52.499382
Tunis,6550115468,node,cafe,El Petra,36.8130269,10.1751642,,,,,,2026-02-15T13:30:52.499382
Tunis,6550115473,node,fast_food,Net's Burger,36.800908,10.1897674,,,,,,2026-02-15T13:30:52.499382
Tunis,6558506091,node,restaurant,بابارن,36.7989199,10.175928,,,,,,2026-02-15T13:30:52.499382
Tunis,6558506092,node,cafe,بابارن,36.7994011,10.1761178,,,,,,2026-02-15T13:30:52.499382
Tunis,6558506094,node,ice_cream,آيس اكريم تركي,36.7990246,10.1751489,,,,,,2026-02-15T13:30:52.499382
Tunis,6558506095,node,restaurant,Golf Resto,36.7986457,10.1754866,,,,,,2026-02-15T13:30:52.499382
Tunis,6558506096,node,fast_food,الجزيرة,36.7985667,10.1757839,,,,,,2026-02-15T13:30:52.499382
Tunis,6558506102,node,bank,مصرف الزيتونة,36.7978347,10.1754662,,,,,,2026-02-15T13:30:52.499382
Tunis,6558506103,node,bank,البنك العربي لتونس,36.7975399,10.1754557,,,,,,2026-02-15T13:30:52.499382
Tunis,6558506104,node,bank,البنك الوطني الفلاحي,36.7977057,10.1756921,,,,,,2026-02-15T13:30:52.499382
Tunis,6558506105,node,cafe,ماي كافي,36.7980077,10.1759997,,,,,,2026-02-15T13:30:52.499382
Tunis,6558506107,node,bank,بنك الأمان,36.7994533,10.1768595,,,,,,2026-02-15T13:30:52.499382
Tunis,6558506110,node,cafe,ساحة برشلونة,36.7974509,10.1811236,,,,,,2026-02-15T13:30:52.499382
Tunis,6558506111,node,cafe,Café do Brasil Tunisia,36.7967106,10.1836635,,,,,,2026-02-15T13:30:52.499382
Tunis,6561719399,node,fast_food,Haroun Food,36.8084634,10.1802187,,,,,,2026-02-15T13:30:52.499382
Tunis,6561719400,node,cafe,مقهى حجاج,36.8084319,10.1813085,,,,,,2026-02-15T13:30:52.499382
Tunis,6561719401,node,cafe,Kif Café,36.8057502,10.1817477,,,,,,2026-02-15T13:30:52.499382
Tunis,6561719404,node,bank,التجاري بنك,36.8050534,10.1808611,,,,,,2026-02-15T13:30:52.499382
Tunis,6561719405,node,cafe,Cascate,36.8035858,10.1800106,,,,,,2026-02-15T13:30:52.499382
Tunis,6561719406,node,bar,Le Bristol,36.8035516,10.179361,,,,,,2026-02-15T13:30:52.499382
Tunis,6561719407,node,cafe,Prestige,36.8031762,10.1802481,,,,,,2026-02-15T13:30:52.499382
Tunis,6561719408,node,restaurant,Le Duc,36.8043389,10.184233,,,,,,2026-02-15T13:30:52.499382
Tunis,6561719409,node,cafe,Echibilia,36.8053365,10.1839723,,,,,,2026-02-15T13:30:52.499382
Tunis,6561719410,node,fast_food,Chez Lina,36.8056485,10.1829077,,,,,,2026-02-15T13:30:52.499382
Tunis,6561719411,node,restaurant,L'Escale,36.8057217,10.1820601,,,,,,2026-02-15T13:30:52.499382
Tunis,6563318869,node,cafe,مقهى علاء الدين,36.7935203,10.1799881,,,,,,2026-02-15T13:30:52.499382
Tunis,6563318870,node,cafe,البرلمان,36.793547,10.177349,,,,,,2026-02-15T13:30:52.499382
Tunis,6563318871,node,restaurant,Le Diamand Vert,36.7895108,10.184496,,,,,,2026-02-15T13:30:52.499382
Tunis,6575428092,node,bank,البركة,36.8327912,10.179827,,,,,,2026-02-15T13:30:52.499382
Tunis,6575428093,node,bank,الاتحاد البنكي للتجارة والصناعة,36.8326184,10.1797727,,,,,,2026-02-15T13:30:52.499382
Tunis,6575428094,node,bank,مصرف الزيتونة,36.8324498,10.1797137,,,,,,2026-02-15T13:30:52.499382
Tunis,6575428109,node,cafe,After Work,36.8490762,10.1824664,,,,,,2026-02-15T13:30:52.499382
Tunis,6575428110,node,cafe,Pegasus: Coffee And Grill,36.8473943,10.1970787,,,,,,2026-02-15T13:30:52.499382
Tunis,6575428111,node,cafe,Golden Brown,36.8468207,10.1972007,,,,,,2026-02-15T13:30:52.499382
Tunis,6575428112,node,restaurant,Fayrouz Centre,36.8476575,10.1961106,,,,,,2026-02-15T13:30:52.499382
Tunis,6575428113,node,restaurant,Gourmandise,36.8480596,10.1964247,,,https://www.gourmandise.com.tn/,,,2026-02-15T13:30:52.499382
Tunis,6580422455,node,fast_food,Chicken House,36.8014102,10.1823249,,,,,,2026-02-15T13:30:52.499382
Tunis,6580422456,node,cafe,Le Baron,36.8026225,10.1828178,,,,,,2026-02-15T13:30:52.499382
Tunis,6580422457,node,bank,الشركة التونسية للبنك,36.8027381,10.1831358,,,,,,2026-02-15T13:30:52.499382
Tunis,6580422458,node,cafe,Tag Store,36.8031502,10.1833136,,,,,,2026-02-15T13:30:52.499382
Tunis,6580422459,node,bar,Le Bleuet,36.8025723,10.1818786,,,,,,2026-02-15T13:30:52.499382
Tunis,6580422460,node,bar,Le Roi,36.802785,10.1815773,,,,,,2026-02-15T13:30:52.499382
Tunis,6580422461,node,restaurant,Pizza Hot,36.8029237,10.1810789,,,,,,2026-02-15T13:30:52.499382
Tunis,6580422464,node,cafe,Mahboubine,36.8041623,10.1822521,,,,,,2026-02-15T13:30:52.499382
Tunis,6580422465,node,pharmacy,Pharmacie Centrale,36.8028513,10.1827555,,,,,,2026-02-15T13:30:52.499382
Tunis,6580422470,node,cafe,Mon Plaisir,36.8028524,10.1824796,,,,,,2026-02-15T13:30:52.499382
Tunis,6580422475,node,restaurant,Abou Firas,36.802408,10.1836973,,,,,,2026-02-15T13:30:52.499382
Tunis,6580422482,node,restaurant,,36.8036171,10.1812623,,,,,,2026-02-15T13:30:52.499382
Tunis,6580422483,node,pharmacy,Pharmacie Faiza,36.8039956,10.1805642,,,,,,2026-02-15T13:30:52.499382
Tunis,6580422484,node,cafe,Lili's,36.8037564,10.1841655,,,,,,2026-02-15T13:30:52.499382
Tunis,6589996725,node,bank,البنك العربي لتونس,36.7816982,10.1753286,,,,,,2026-02-15T13:30:52.499382
Tunis,6589996726,node,post_office,La Cité Hélal,36.7796025,10.1678418,,,,,,2026-02-15T13:30:52.499382
Tunis,6589996727,node,bank,التجاري بنك,36.7771632,10.1778254,,,,,,2026-02-15T13:30:52.499382
Tunis,6591533167,node,bank,بنك الأمان,36.802794,10.1647525,,,,,,2026-02-15T13:30:52.499382
Tunis,6591533168,node,bank,مصرف الزيتونة,36.8033554,10.1653561,,,,,,2026-02-15T13:30:52.499382
Tunis,6591533177,node,bank,التجاري بنك,36.8045697,10.1631264,,,,,,2026-02-15T13:30:52.499382
Tunis,6591533178,node,bank,بنك تونس العربي الدولي,36.8056648,10.1623674,,,,,,2026-02-15T13:30:52.499382
Tunis,6591533179,node,bank,البنك التونسي,36.8098022,10.1560548,,,,,,2026-02-15T13:30:52.499382
Tunis,6591533180,node,post_office,La Gare,36.8105267,10.1536708,,,,,,2026-02-15T13:30:52.499382
Tunis,6617478085,node,fuel,محطة صيانة السيارات و شحن المكيفات عند عصام,36.8296928,10.1388643,,+216 54 725 109,,Mo-Sa 09:00-18:00,,2026-02-15T13:30:52.499382
Tunis,6641458585,node,bank,البنك التونسي الليبي,36.8463587,10.1963529,نهج الهادي كراي,+216 71 901 350,,,,2026-02-15T13:30:52.499382
Tunis,6727879697,node,school,معهد محمد العربي الشماري,36.7752872,10.1830399,,,,,,2026-02-15T13:30:52.499382
Tunis,6795833085,node,cafe,Café Cosmitto,36.7965977,10.1812916,,,,,,2026-02-15T13:30:52.499382
Tunis,6797262586,node,restaurant,Restaurant El Abed,36.7965072,10.16993,,,,,,2026-02-15T13:30:52.499382
Tunis,6819154487,node,pub,جنتلمن,36.8227077,10.1933627,,,,Mo-Sa 15:00-01:00,,2026-02-15T13:30:52.499382
Tunis,6861084986,node,cafe,Terrace El Bey,36.797198,10.170029,,,,,,2026-02-15T13:30:52.499382
Tunis,6864813091,node,restaurant,Chez Nous,36.80042,10.1824241,,,,,,2026-02-15T13:30:52.499382
Tunis,6866329088,node,cafe,Cafe Sour,36.7980303,10.1729152,,,,,,2026-02-15T13:30:52.499382
Tunis,6882600786,node,clinic,مكان التحليل في باردو,36.8093874,10.1385289,,,,,,2026-02-15T13:30:52.499382
Tunis,6883090885,node,clinic,,36.8349442,10.1510929,,,,,,2026-02-15T13:30:52.499382
Tunis,6961511485,node,fast_food,MIAM'S,36.7991548,10.176883,شارع فرنسا,,,,,2026-02-15T13:30:52.499382
Tunis,6961511585,node,fast_food,Le Magicien,36.8141299,10.1791513,,,,,,2026-02-15T13:30:52.499382
Tunis,6988088286,node,restaurant,,36.8503376,10.1790382,شارع الحرية,,,,,2026-02-15T13:30:52.499382
Tunis,6988128885,node,ice_cream,,36.8503238,10.1790484,شارع الحرية,,,,,2026-02-15T13:30:52.499382
Tunis,7019058586,node,clinic,الكندي الطبي,36.8258675,10.1942483,,,,,,2026-02-15T13:30:52.499382
Tunis,7054231469,node,school,المدرسة الابتدائية نهج المر,36.7928098,10.1698692,,,,,,2026-02-15T13:30:52.499382
Tunis,7054231470,node,school,المدرسة الاعدادية ابن رشد,36.7929937,10.1700013,,,,,,2026-02-15T13:30:52.499382
Tunis,7061187120,node,bench,,36.8007007,10.1922177,,,,,,2026-02-15T13:30:52.499382
Tunis,7061187121,node,bench,,36.8006922,10.1921287,,,,,,2026-02-15T13:30:52.499382
Tunis,7061187122,node,bench,,36.8006841,10.192045,,,,,,2026-02-15T13:30:52.499382
Tunis,7061187123,node,bench,,36.8006758,10.1919583,,,,,,2026-02-15T13:30:52.499382
Tunis,7061187124,node,bench,,36.8006678,10.1918758,,,,,,2026-02-15T13:30:52.499382
Tunis,7061187125,node,bench,,36.8006599,10.1917935,,,,,,2026-02-15T13:30:52.499382
Tunis,7061187126,node,bench,,36.8006522,10.1917137,,,,,,2026-02-15T13:30:52.499382
Tunis,7061202784,node,taxi,Tunis Marine,36.8006098,10.1911715,,,,,,2026-02-15T13:30:52.499382
Tunis,7148197385,node,restaurant,La Matignon Express,36.8032231,10.179526,,,,,,2026-02-15T13:30:52.499382
Tunis,7153569385,node,doctors,عيادة منير التريكي,36.8353638,10.1527931,,,,,,2026-02-15T13:30:52.499382
Tunis,7184279889,node,restaurant,Le Carnot,36.8023379,10.1806379,,,,,,2026-02-15T13:30:52.499382
Tunis,7184279893,node,restaurant,Le Petit Tunis,36.8002762,10.1794552,,,,,,2026-02-15T13:30:52.499382
Tunis,7184789952,node,restaurant,El Walima,36.8125229,10.1776614,نهج لبنان,,,10:00-15:30,,2026-02-15T13:30:52.499382
Tunis,7184881150,node,restaurant,L'Ardoise,36.8265689,10.1790883,Rue Felicien Challaye,,,,,2026-02-15T13:30:52.499382
Tunis,7276239705,node,coworking_space,Level 1,36.8309947,10.2255464,Boulevard Sheikh Zayed,+216 70 037 520,http://www.level1hub.com/,,,2026-02-15T13:30:52.499382
Tunis,7312224293,node,pharmacy,Pharmacie Frini Chaker,36.8466651,10.1974368,,+216 71 822 471,,,,2026-02-15T13:30:52.499382
Tunis,7328844120,node,pharmacy,,36.7989853,10.1758104,,,,,,2026-02-15T13:30:52.499382
Tunis,7328844121,node,pharmacy,,36.7997017,10.1759644,,,,,,2026-02-15T13:30:52.499382
Tunis,7328851181,node,pharmacy,,36.8069591,10.1629944,,,,,,2026-02-15T13:30:52.499382
Tunis,7343391058,node,restaurant,Route 66 menzah 6,36.8494103,10.1653036,نهج عمار إبن ياسر,+216 96 966 666,http://www.facebook.com/R66menzah,Mo-Su 10:00-22:00,,2026-02-15T13:30:52.499382
Tunis,7347151318,node,cafe,kim's coffee house,36.8463339,10.1674926,,,,,,2026-02-15T13:30:52.499382
Tunis,7415066698,node,fast_food,Arabesque,36.8257397,10.1848665,,,,,,2026-02-15T13:30:52.499382
Tunis,7415066699,node,fast_food,Pate à Bouf,36.8264274,10.1841498,,,,,,2026-02-15T13:30:52.499382
Tunis,7443183269,node,marketplace,سوق سيدي عبد السلام,36.8100933,10.164203,,,,,,2026-02-15T13:30:52.499382
Tunis,7465236316,node,school,EIF,36.8382007,10.1808126,rue jeune foyer,,https://www.facebook.com/eiftunis/,,,2026-02-15T13:30:52.499382
Tunis,7465236317,node,restaurant,انون بيك,36.8380889,10.1811009,Rue du Jeune Foyer,,,,,2026-02-15T13:30:52.499382
Tunis,7465236318,node,restaurant,Swan on the cake,36.8407803,10.178189,نهج الحبيب عاشور,,,Mo-Su 09:00-21:00,,2026-02-15T13:30:52.499382
Tunis,7465236320,node,restaurant,panorama,36.837744,10.1792336,,,,,,2026-02-15T13:30:52.499382
Tunis,7466213900,node,school,Osswa,36.8062572,10.1364592,شارع الهادي شاكر,,https://fr-fr.facebook.com/pages/category/Private-School/Ecole-primaire-priv%C3%A9e-OSSWA-le-bardo-514638889014472/,,,2026-02-15T13:30:52.499382
Tunis,7468265379,node,fuel,شل,36.7953694,10.1355222,Ezzouhour 10 Mannoubi Jarjar Menzah Ix 1013,+216 71 249 149,,,,2026-02-15T13:30:52.499382
Tunis,7468265380,node,fuel,شل,36.7711389,10.2088778,Jbel Jelloud Av De La République,+216 71 249 149,,,,2026-02-15T13:30:52.499382
Tunis,7468265382,node,fuel,شل,36.767896,10.2091298,Sidi Fathallah Jbal Jeloud Tunis,+216 71 249 149,,,,2026-02-15T13:30:52.499382
Tunis,7470853143,node,cafe,Choupette,36.8215137,10.1798093,,,,,,2026-02-15T13:30:52.499382
Tunis,7470853144,node,bar,Schilling,36.821285,10.1799328,شارع محمد الخامس,,,,,2026-02-15T13:30:52.499382
Tunis,7470853146,node,studio,Nessma Tv,36.8204066,10.1818207,شارع محمد الخامس,,https://www.nessma.tv/ar,,,2026-02-15T13:30:52.499382
Tunis,7474213710,node,bar,Babylone,36.8382351,10.1762128,نهج المعز,,,,,2026-02-15T13:30:52.499382
Tunis,7474213712,node,school,École Primaire Hédi Khfécha,36.8371482,10.1783246,,,,,,2026-02-15T13:30:52.499382
Tunis,7474213718,node,pharmacy,Pharmacie Abdennadher,36.8358982,10.1791724,,,,,,2026-02-15T13:30:52.499382
Tunis,7612700406,node,food_court,Agil Aire de restauration et café,36.8343286,10.2222468,الطريق الوطنية تونس - المرسى,,,,,2026-02-15T13:30:52.499382
Tunis,7637704270,node,parking,,36.8425911,10.1634335,,,,,,2026-02-15T13:30:52.499382
Tunis,7702368759,node,arts_centre,بوبلي,36.7997601,10.1766738,,,,,,2026-02-15T13:30:52.499382
Tunis,7713153667,node,fast_food,Galai,36.8202087,10.1865421,,,,,,2026-02-15T13:30:52.499382
Tunis,7713167960,node,university,Université libre de Tunis,36.8204747,10.1871441,,,,,,2026-02-15T13:30:52.499382
Tunis,7713184196,node,parking,,36.8182918,10.1836501,,,,,,2026-02-15T13:30:52.499382
Tunis,7714797584,node,bank,Stusid Banque,36.8103262,10.1808844,نهج فلسطين,,,,,2026-02-15T13:30:52.499382
Tunis,7724522585,node,school,المدرسة العربية,36.8146935,10.1653211,,,,,,2026-02-15T13:30:52.499382
Tunis,7825055936,node,cafe,,36.824598,10.1846214,,,,,,2026-02-15T13:30:52.499382
Tunis,7825075654,node,bank,الاتحاد الدولي للبنوك,36.8273339,10.184301,,,,,,2026-02-15T13:30:52.499382
Tunis,7825078128,node,fast_food,ملاوي,36.8271901,10.18425,,,,,,2026-02-15T13:30:52.499382
Tunis,7825078129,node,fast_food,,36.8271781,10.1842821,,,,,,2026-02-15T13:30:52.499382
Tunis,7825078130,node,bank,بنك الأمان,36.8229217,10.1833247,نهج الطبيب الفونس لافران,,,,,2026-02-15T13:30:52.499382
Tunis,7825217128,node,music_school,Conservatoire El KIndy,36.8364633,10.1942787,نهج منزل مبروك,,,,,2026-02-15T13:30:52.499382
Tunis,7853535806,node,marketplace,نقطة بيع من المنتج للمستهلك,36.829745,10.1860961,شارع آلان سافاري,,,,,2026-02-15T13:30:52.499382
Tunis,7863753609,node,kindergarten,Jardin d'enfants Claude Bernard,36.8269324,10.186214,,,,,,2026-02-15T13:30:52.499382
Tunis,7876445885,node,bus_station,,36.8007654,10.1879648,,,,,,2026-02-15T13:30:52.499382
Tunis,7880219122,node,parking,,36.8102375,10.1634033,,,,,,2026-02-15T13:30:52.499382
Tunis,7896222650,node,veterinary,,36.8371348,10.1813978,نهج عبدالرحمان عبد النبي,,,,,2026-02-15T13:30:52.499382
Tunis,7902862638,node,police,,36.838339,10.1795813,,,,,,2026-02-15T13:30:52.499382
Tunis,7902886487,node,cafe,,36.842477,10.182283,,,,,,2026-02-15T13:30:52.499382
Tunis,7902886488,node,car_rental,,36.8427324,10.1822776,,,,,,2026-02-15T13:30:52.499382
Tunis,7902886489,node,cafe,قهوة مختار,36.8415368,10.1820523,,,,,,2026-02-15T13:30:52.499382
Tunis,7902886492,node,cafe,Pausa Café,36.8405901,10.1817707,,,,,,2026-02-15T13:30:52.499382
Tunis,7916694730,node,childcare,Jardin d'enfant Les Cigognes,36.8258077,10.1811841,شارع الحكيم كونساي,,,,,2026-02-15T13:30:52.499382
Tunis,7959701353,node,fast_food,,36.8275274,10.1850394,,,,,,2026-02-15T13:30:52.499382
Tunis,7959921022,node,bar,Maison Bleue,36.8196696,10.1784665,شارع الحرية,,,,,2026-02-15T13:30:52.499382
Tunis,8005933978,node,fast_food,Pomme de Pain,36.8145896,10.1790093,,,,,,2026-02-15T13:30:52.499382
Tunis,8186936109,node,pharmacy,Pharmacie,36.8060281,10.1809584,,,,,,2026-02-15T13:30:52.499382
Tunis,8186936110,node,cafe,Rayhana,36.8061173,10.181307,,,,,,2026-02-15T13:30:52.499382
Tunis,8186948188,node,language_school,Tunisie Langues,36.806211,10.1822451,,,,,,2026-02-15T13:30:52.499382
Tunis,8186952741,node,cafe,Lella Meriem,36.8062978,10.182895,,,,,,2026-02-15T13:30:52.499382
Tunis,8186953273,node,cafe,Rayon de Soleil,36.8057192,10.1781235,,,,,,2026-02-15T13:30:52.499382
Tunis,8187022077,node,bank,QNB Bank,36.8220445,10.192611,,,,,,2026-02-15T13:30:52.499382
Tunis,8187023225,node,fast_food,عند عبده,36.821328,10.1894028,,,,,,2026-02-15T13:30:52.499382
Tunis,8190319217,node,library,,36.8030426,10.1634435,,,,,,2026-02-15T13:30:52.499382
Tunis,8311154594,node,restaurant,Chez Habib,36.833797,10.1983917,,,,,,2026-02-15T13:30:52.499382
Tunis,8311163945,node,cafe,Café Derby,36.8338562,10.1985072,,,,,,2026-02-15T13:30:52.500381
Tunis,8417929217,node,fast_food,,36.8403623,10.1592166,نهج فرحات بن عافية,,,,,2026-02-15T13:30:52.500381
Tunis,8449453817,node,pharmacy,Pharmacie Radhi Darghouth,36.8113322,10.1768947,,,,,,2026-02-15T13:30:52.500381
Tunis,8454573018,node,hospital,Laboratoire d'analyses médicales Atf Kamoun,36.833963,10.1510901,,,,,,2026-02-15T13:30:52.500381
Tunis,8481861459,node,bank,Attijati Bank,36.8130661,10.1731549,,,,,,2026-02-15T13:30:52.500381
Tunis,8481867567,node,cafe,Mimosa,36.8127987,10.1747117,,,,,,2026-02-15T13:30:52.500381
Tunis,8485015621,node,pharmacy,Pharmacie Moalla,36.8128002,10.1746844,,,,,,2026-02-15T13:30:52.500381
Tunis,8540554703,node,cafe,La Calèche,36.8182826,10.1785995,Avenue de La Liberté,+216 71 890 328,http://lacaleche.tn/,,,2026-02-15T13:30:52.500381
Tunis,8578287574,node,restaurant,Pizza Pino,36.8374652,10.1773979,Rue El Moez,+216 71 754 450,,,,2026-02-15T13:30:52.500381
Tunis,8578321735,node,school,Lycée Dachraoui Menzah 9,36.8426671,10.1492661,نهج محمد الدشراوي,,,,,2026-02-15T13:30:52.500381
Tunis,8754291126,node,bank,,36.8112379,10.1770317,,,,,,2026-02-15T13:30:52.500381
Tunis,8776041030,node,cafe,Café,36.8138413,10.1760062,,,,,,2026-02-15T13:30:52.500381
Tunis,8960457415,node,fast_food,Coffee and Food,36.8382534,10.1700032,,,,,,2026-02-15T13:30:52.500381
Tunis,8960462818,node,cafe,Café Mozzo,36.8375284,10.1700548,,,,,,2026-02-15T13:30:52.500381
Tunis,8960462822,node,restaurant,Omni Jannet,36.8370207,10.1696478,,,,,,2026-02-15T13:30:52.500381
Tunis,8963758005,node,school,Centre Universitaire Haroun El Rachid,36.8362564,10.1683255,,,,,,2026-02-15T13:30:52.500381
Tunis,8963758006,node,cafe,Diamond Coffee,36.8364314,10.1682222,,,,,,2026-02-15T13:30:52.500381
Tunis,8963758007,node,cafe,Café Davinci,36.8363756,10.1680814,,,,,,2026-02-15T13:30:52.500381
Tunis,8963758008,node,bureau_de_change,,36.8363037,10.1678909,,,,,,2026-02-15T13:30:52.500381
Tunis,8963792517,node,cafe,Café Patisserie Faycal,36.8330395,10.1677313,Avenue Jugurtha,,,,,2026-02-15T13:30:52.500381
Tunis,8963792530,node,bank,BH,36.8365624,10.1661287,,,,,,2026-02-15T13:30:52.500381
Tunis,8963792536,node,veterinary,Clinique Vétérinaire El Amen,36.8372192,10.1680452,,+216 97 447 506,https://www.facebook.com/clinique.veterinaire.el.amen.mutuelle.ville/,,,2026-02-15T13:30:52.500381
Tunis,9017236608,node,fuel,عجيل,36.7999796,10.1883458,شارع الحبيب بورقيبة,,,,,2026-02-15T13:30:52.500381
Tunis,9067113907,node,fast_food,Tej El Madina,36.8062136,10.1820558,شارع غانا,,,,,2026-02-15T13:30:52.500381
Tunis,9067158206,node,cafe,L'Aigle d'Or,36.8056118,10.1817881,شارع جان جوريس,,,,,2026-02-15T13:30:52.500381
Tunis,9174550889,node,doctors,Chirurgie Bariatrique (Obésité) Tunisie - Cabinet Dr Mourad Adala,36.8257159,10.1940119,Centre IBN ZOHR - Voie X2 Cité El Khadra - Tunis,+216 71 169 176,https://www.docteur-adala.com/,Mo-Sa 08:00-18:00,yes,2026-02-15T13:30:52.500381
Tunis,9186480582,node,bank,STB bank,36.8187657,10.1842631,,,,,,2026-02-15T13:30:52.500381
Tunis,9192471163,node,college,Collège LaSalle,36.8187843,10.1844636,,,,,,2026-02-15T13:30:52.500381
Tunis,9192471164,node,bank,STB,36.8187816,10.1845207,,,,,,2026-02-15T13:30:52.500381
Tunis,9192479270,node,cafe,Le Coin Rouge,36.8159376,10.1797115,,,,,,2026-02-15T13:30:52.500381
Tunis,9192482351,node,restaurant,الصفراء,36.8170132,10.1812364,,,,,,2026-02-15T13:30:52.500381
Tunis,9192512895,node,fuel,شل,36.8149279,10.1788537,,,,,,2026-02-15T13:30:52.500381
Tunis,9192513518,node,fast_food,Le Rendez-Vous,36.8174999,10.1820599,,,,,,2026-02-15T13:30:52.500381
Tunis,9193182374,node,bank,Banque de Tunisie,36.8215879,10.1901474,,,,Mo-Fr 08:00-16:00,,2026-02-15T13:30:52.500381
Tunis,9193196301,node,restaurant,Le Marché,36.8177466,10.1837283,,,,,,2026-02-15T13:30:52.500381
Tunis,9193203621,node,cafe,Hollywood,36.8191425,10.1851216,,,,,,2026-02-15T13:30:52.500381
Tunis,9251424295,node,doctors,Dr Ben Abdelaziz Ines,36.8097819,10.1383863,شارع الحبيب بورقيبة,,,Mo-Sa 08:30-17:30,,2026-02-15T13:30:52.500381
Tunis,9304242666,node,place_of_worship,جامع الزيتونة المعمور,36.7973127,10.1713123,نهج جامع الزيتونة,,,,,2026-02-15T13:30:52.500381
Tunis,9318731577,node,university,Université Centrale,36.8190078,10.1842954,,,,,,2026-02-15T13:30:52.500381
Tunis,9366547766,node,fuel,أويليبيا,36.7752059,10.1789048,,,,,,2026-02-15T13:30:52.500381
Tunis,9381891900,node,fuel,طوطال,36.8072562,10.1376551,,,,,,2026-02-15T13:30:52.500381
Tunis,9381891901,node,fuel,أويليبيا,36.8093349,10.132237,,,,,,2026-02-15T13:30:52.500381
Tunis,9495722124,node,coworking_space,Cobeez,36.8126379,10.1708253,Rue de Kairouan,+216 71 792 389,https://www.facebook.com/cobeez.coworking.space/,,,2026-02-15T13:30:52.500381
Tunis,9632580853,node,cafe,,36.8281978,10.1972438,,,,,,2026-02-15T13:30:52.500381
Tunis,9632869453,node,fast_food,,36.8280616,10.1951781,,,,,,2026-02-15T13:30:52.500381
Tunis,9632871540,node,fast_food,,36.8293613,10.1937,,,,,,2026-02-15T13:30:52.500381
Tunis,9632871968,node,cafe,,36.8292769,10.1987405,,,,,,2026-02-15T13:30:52.500381
Tunis,9632879037,node,cafe,,36.8276105,10.1950889,,,,,,2026-02-15T13:30:52.500381
Tunis,9632888319,node,cafe,,36.8278814,10.1951003,,,,,,2026-02-15T13:30:52.500381
Tunis,9657948451,node,cafe,,36.8297906,10.1935164,,,,,,2026-02-15T13:30:52.500381
Tunis,9657955519,node,marketplace,Marché Khadra,36.8318917,10.1941508,,,,,,2026-02-15T13:30:52.500381
Tunis,9668069808,node,car_wash,,36.8277391,10.1968989,,,,,,2026-02-15T13:30:52.500381
Tunis,9668082818,node,waste_basket,,36.8299133,10.1964618,,,,,,2026-02-15T13:30:52.500381
Tunis,9668082819,node,clinic,,36.8298184,10.1965291,,,,,,2026-02-15T13:30:52.500381
Tunis,9668082826,node,bureau_de_change,khadra,36.8291935,10.1977747,,,,,,2026-02-15T13:30:52.500381
Tunis,9675406288,node,fuel,,36.8139113,10.1693179,,,,,,2026-02-15T13:30:52.500381
Tunis,9695576828,node,cafe,Jasmine Café Crèpes,36.8120076,10.1707743,,,,,,2026-02-15T13:30:52.500381
Tunis,9695576830,node,kindergarten,Crèche le Papillon,36.8122288,10.1705034,Boulevard Béchir Sfar,,,,,2026-02-15T13:30:52.500381
Tunis,9706153985,node,taxi,,36.805962,10.1808147,,,,,,2026-02-15T13:30:52.500381
Tunis,9706153986,node,taxi,Station de taxi,36.8058594,10.1807826,شارع غانا,,,,,2026-02-15T13:30:52.500381
Tunis,9725516014,node,restaurant,Restaurant CSM,36.8055534,10.1748114,,,,,,2026-02-15T13:30:52.500381
Tunis,9737662986,node,school,Dream School,36.8409726,10.152719,Avenue Tahar Sfar,,https://www.dreamschool.com.tn/,,,2026-02-15T13:30:52.500381
Tunis,9748874917,node,cafe,شيشة,36.8192227,10.1844066,شارع خير الدين باشا,,,,,2026-02-15T13:30:52.500381
Tunis,9748874918,node,cafe,MD Café,36.8108906,10.1787988,نهج كولونيا,,,,,2026-02-15T13:30:52.500381
Tunis,9789909064,node,fast_food,دجاج كنتاكي,36.8425217,10.1635959,Avenue du Roi Abdelaziz El Saoud,+216 29 778 300,https://kfc.com.tn/manar/,,,2026-02-15T13:30:52.500381
Tunis,9789909065,node,restaurant,gourmandise,36.8425865,10.1643901,,,,,,2026-02-15T13:30:52.500381
Tunis,9801547688,node,fuel,عجيل,36.772494,10.2028899,,,,,,2026-02-15T13:30:52.500381
Tunis,9801547689,node,fuel,أويليبيا,36.7738906,10.2024756,,,,,,2026-02-15T13:30:52.500381
Tunis,10169176100,node,clinic,Clinique d'hémodialyse ALYSSA,36.811113,10.1381687,Rue Al Aghaliba Boumhel El Bassatine,+216 71 453 745,https://www.alyssadialyse.com/,Mo-Su 06:00-17:00,,2026-02-15T13:30:52.500381
Tunis,10169219277,node,clinic,Centre de dialyse omar,36.8405293,10.1508299,,,,,,2026-02-15T13:30:52.500381
Tunis,10217001776,node,cafe,,36.7996719,10.1689775,,,,,,2026-02-15T13:30:52.500381
Tunis,10217001779,node,fast_food,Bent l'bey,36.7997914,10.1690469,,,,,,2026-02-15T13:30:52.500381
Tunis,10218217095,node,cafe,Salon de the,36.8015939,10.1796169,,,,,,2026-02-15T13:30:52.500381
Tunis,10218244140,node,cafe,,36.7985354,10.1700749,,,,,,2026-02-15T13:30:52.500381
Tunis,10219857436,node,place_of_worship,مسجد الحفصية,36.8012224,10.1696886,,,,,,2026-02-15T13:30:52.500381
Tunis,10219857437,node,place_of_worship,,36.8014612,10.1696617,,,,,,2026-02-15T13:30:52.500381
Tunis,10219857438,node,cafe,,36.8015241,10.1698094,,,,,,2026-02-15T13:30:52.500381
Tunis,10219857442,node,fast_food,Nour,36.8011093,10.1698181,,,,,,2026-02-15T13:30:52.500381
Tunis,10220216497,node,restaurant,The Ben Arous,36.7977686,10.1704752,,,,,,2026-02-15T13:30:52.500381
Tunis,10225887811,node,cafe,,36.7986488,10.1700128,,,,,,2026-02-15T13:30:52.500381
Tunis,10225887812,node,cafe,,36.7985746,10.169956,,,,,,2026-02-15T13:30:52.500381
Tunis,10225955588,node,cafe,Yanni,36.8018395,10.1814233,,,,,,2026-02-15T13:30:52.500381
Tunis,10226103117,node,cafe,,36.805336,10.1698752,,,,,,2026-02-15T13:30:52.500381
Tunis,10231177995,node,cafe,La Costa,36.8118951,10.1815162,,,,,,2026-02-15T13:30:52.500381
Tunis,10242739403,node,fountain,,36.8052497,10.1680019,,,,,,2026-02-15T13:30:52.500381
Tunis,10245101741,node,bus_station,Gare Routière Nord,36.810538,10.1535528,,,,,,2026-02-15T13:30:52.500381
Tunis,10246235609,node,bus_station,محطة اللواج باب عليوة,36.7889972,10.1818268,,,,,,2026-02-15T13:30:52.500381
Tunis,10288918809,node,cafe,,36.8055435,10.1749996,,,,,,2026-02-15T13:30:52.500381
Tunis,10295304334,node,bus_station,ساحة الجمهورية,36.8046531,10.1798012,,,,,,2026-02-15T13:30:52.500381
Tunis,10295304498,node,bus_station,مقبرة الجلاز,36.7873527,10.1806211,,,,,,2026-02-15T13:30:52.500381
Tunis,10295304500,node,bus_station,باب عليوة ط.و1,36.7887215,10.1829259,,,,,,2026-02-15T13:30:52.500381
Tunis,10295304585,node,bus_station,الشركة التونسية للكهرباء والغاز (ذهاب),36.8054996,10.1819978,شارع جان جوريس,,,,,2026-02-15T13:30:52.500381
Tunis,10295305033,node,bus_station,باب عليوة,36.7888208,10.1804051,,,,,,2026-02-15T13:30:52.500381
Tunis,10295305424,node,bus_station,المستشفى العسكري,36.7856137,10.1799054,,,,,,2026-02-15T13:30:52.500381
Tunis,10295305452,node,bus_station,بال في,36.7729558,10.1875014,,,,,,2026-02-15T13:30:52.500381
Tunis,10295305660,node,bus_station,محطة ساحة البرشلونة,36.7970658,10.1802264,Place de Barcelone,,,,,2026-02-15T13:30:52.500381
Tunis,10295305681,node,bus_station,شارع قرطاج,36.7919242,10.1822642,,,,,,2026-02-15T13:30:52.500381
Tunis,10295305721,node,bus_station,حديقة ثامر,36.8038101,10.1779113,,,,,,2026-02-15T13:30:52.500381
Tunis,10296885811,node,place_of_worship,مسجد ابن خلدون,36.7946482,10.1723803,,,,,,2026-02-15T13:30:52.500381
Tunis,10297344609,node,cafe,Café Belkadhi,36.7985592,10.1700761,,,,,,2026-02-15T13:30:52.500381
Tunis,10313455226,node,place_of_worship,مسجد الألطاف,36.7990759,10.1764752,شارع فرنسا,,,,,2026-02-15T13:30:52.500381
Tunis,10599156505,node,clinic,,36.8370639,10.1507865,,,,,,2026-02-15T13:30:52.500381
Tunis,10616449408,node,doctors,Le Palace,36.8464218,10.1983587,,,,,,2026-02-15T13:30:52.500381
Tunis,10616449409,node,hospital,Carthagene قرطاجنة,36.8454573,10.2001733,,,,,,2026-02-15T13:30:52.500381
Tunis,10616449410,node,pharmacy,Pharmacie campus,36.8352484,10.1502914,,,,,,2026-02-15T13:30:52.500381
Tunis,10616455406,node,clinic,مصحة الياسمين,36.8464824,10.199064,,,,,,2026-02-15T13:30:52.500381
Tunis,10654309898,node,bank,Immeuble le Montplaisir,36.822636,10.1934871,Avenue Kheireddine Pacha,,,,,2026-02-15T13:30:52.500381
Tunis,10735103705,node,clinic,Menif Montasir,36.8172038,10.1871752,مونبليزير,,,,,2026-02-15T13:30:52.500381
Tunis,10753267846,node,bench,,36.8347919,10.1749149,,,,,,2026-02-15T13:30:52.500381
Tunis,10753267847,node,bench,,36.834761,10.1750065,,,,,,2026-02-15T13:30:52.500381
Tunis,10753267848,node,bench,,36.8346504,10.1751174,,,,,,2026-02-15T13:30:52.500381
Tunis,10753267849,node,bench,,36.8346279,10.1752115,,,,,,2026-02-15T13:30:52.500381
Tunis,10753267850,node,bench,,36.8346742,10.1753827,,,,,,2026-02-15T13:30:52.500381
Tunis,10753267851,node,bench,,36.8345796,10.1755928,,,,,,2026-02-15T13:30:52.500381
Tunis,10753290214,node,bench,,36.8345015,10.1755622,,,,,,2026-02-15T13:30:52.500381
Tunis,10753290215,node,bench,,36.834719,10.1748552,,,,,,2026-02-15T13:30:52.500381
Tunis,10753290216,node,toilets,,36.8346703,10.1746241,,,,,,2026-02-15T13:30:52.500381
Tunis,10753290217,node,toilets,,36.8344961,10.175404,,,,,,2026-02-15T13:30:52.500381
Tunis,10754534639,node,restaurant,Restaurant Le 15ème,36.8253536,10.1813392,"Av. Alain Savary, Tunis",,,,,2026-02-15T13:30:52.500381
Tunis,10754534640,node,childcare,,36.8241417,10.1831135,,,,,,2026-02-15T13:30:52.500381
Tunis,10754534641,node,research_institute,Laboratoire de l'Economie Sociale et Solidaire,36.825858,10.180272,نهج تورين,,,,,2026-02-15T13:30:52.500381
Tunis,10754534644,node,prep_school,Institut de leadership et de gouvernance de tunis,36.824814,10.1843912,نهج سانت اوقيستان,,,,,2026-02-15T13:30:52.500381
Tunis,10754556606,node,fast_food,Miam's Burger,36.8344019,10.173742,,,,,,2026-02-15T13:30:52.500381
Tunis,10754556607,node,cafe,Chez Panou,36.8335206,10.1734433,,,,,,2026-02-15T13:30:52.500381
Tunis,10754556608,node,kindergarten,Le Si-Près,36.8354444,10.173327,,,,,,2026-02-15T13:30:52.500381
Tunis,10754556609,node,fast_food,Bronx Pizza,36.8324851,10.1770534,,,,,,2026-02-15T13:30:52.500381
Tunis,10758349469,node,cafe,Premuim Coffee,36.8379666,10.1930932,,,,07:00-00:00,,2026-02-15T13:30:52.500381
Tunis,10783964413,node,cafe,Café de la Bourse,36.8030238,10.1840086,,,,,,2026-02-15T13:30:52.500381
Tunis,10822372108,node,parking,,36.8433273,10.1972618,,,,,,2026-02-15T13:30:52.500381
Tunis,10822372109,node,university,Institut National Des Sciences Appliquée et Technologie (INSAT),36.84297,10.1975727,,,http://www.insat.rnu.tn/Fr/accueil_46_34,,,2026-02-15T13:30:52.500381
Tunis,10822372110,node,parking,,36.8425598,10.1977351,,,,,,2026-02-15T13:30:52.500381
Tunis,10822372116,node,cafe,Buvette,36.8425875,10.1962088,,,,,,2026-02-15T13:30:52.500381
Tunis,10822372117,node,restaurant,Restaurant Universitaire,36.8428288,10.196016,,,,,,2026-02-15T13:30:52.500381
Tunis,10822372118,node,parking,,36.8426913,10.1955346,,,,,,2026-02-15T13:30:52.500381
Tunis,10822372123,node,parking,,36.841769,10.1958986,,,,,,2026-02-15T13:30:52.500381
Tunis,10822372135,node,parking,,36.8447016,10.1965418,,,,,,2026-02-15T13:30:52.500381
Tunis,10822372136,node,parking,,36.8448883,10.1959967,,,,,,2026-02-15T13:30:52.500381
Tunis,10834498925,node,bank,البنك العربي لتونس,36.845105,10.1834497,,,,,,2026-02-15T13:30:52.500381
Tunis,10834498926,node,fast_food,تمخميخة,36.8449935,10.1834181,,,,,,2026-02-15T13:30:52.500381
Tunis,10834498927,node,fast_food,,36.8449011,10.1837094,,,,,,2026-02-15T13:30:52.500381
Tunis,10834498928,node,cafe,,36.8448406,10.1837023,,,,,,2026-02-15T13:30:52.500381
Tunis,10834498930,node,studio,Express Fm,36.845479,10.1835733,,,,,,2026-02-15T13:30:52.500381
Tunis,10867400659,node,research_institute,Hall Chimie,36.8418376,10.197662,,,,,,2026-02-15T13:30:52.500381
Tunis,10867400660,node,research_institute,Departement de Biologie et Chimie,36.842092,10.1975002,,,,,,2026-02-15T13:30:52.500381
Tunis,10867400665,node,research_institute,Laboratoires de Biologie,36.8421948,10.1978344,,,,,,2026-02-15T13:30:52.500381
Tunis,10867400670,node,community_centre,Departement Genie Informatique et Mathematiques,36.8423414,10.1973266,,,,,,2026-02-15T13:30:52.500381
Tunis,10867400671,node,community_centre,EEA,36.8432809,10.19675,,,,,,2026-02-15T13:30:52.500381
Tunis,10867400673,node,research_institute,Ateliers et Laboratoires de Mecanique,36.8445866,10.195948,,,,,,2026-02-15T13:30:52.500381
Tunis,10867400680,node,research_institute,Laboratoires de Biologie,36.8444249,10.1963979,,,,,,2026-02-15T13:30:52.500381
Tunis,10867400681,node,toilets,Toilettes,36.8445411,10.1963348,,,,,,2026-02-15T13:30:52.500381
Tunis,10867400682,node,clinic,Infirmerie,36.8446691,10.1962544,,,,,,2026-02-15T13:30:52.500381
Tunis,10867400692,node,research_institute,Atelier et Laboratoires de Thermique,36.8437801,10.1964358,,,,,,2026-02-15T13:30:52.500381
Tunis,10867400695,node,community_centre,Amphi EY,36.8438411,10.1967415,,,,,,2026-02-15T13:30:52.500381
Tunis,10867400696,node,research_institute,Laboratoires de Electrothechnique,36.8435409,10.1966094,,,,,,2026-02-15T13:30:52.500381
Tunis,10867400699,node,community_centre,Amphis A8-A1,36.8435418,10.196896,,,,,,2026-02-15T13:30:52.500381
Tunis,11150496505,node,fast_food,,36.7963099,10.1715572,,,,,,2026-02-15T13:30:52.500381
Tunis,11289054671,node,restaurant,,36.796918,10.1722374,,,,,,2026-02-15T13:30:52.500381
Tunis,11315565069,node,cafe,,36.7978636,10.1756469,,,,,,2026-02-15T13:30:52.500381
Tunis,11351066658,node,bench,,36.7962488,10.1802277,,,,,,2026-02-15T13:30:52.500381
Tunis,11351066659,node,bench,,36.796254,10.1802799,,,,,,2026-02-15T13:30:52.500381
Tunis,11351066660,node,bench,,36.7962513,10.1802526,,,,,,2026-02-15T13:30:52.500381
Tunis,11351066661,node,bench,,36.7962807,10.1805483,,,,,,2026-02-15T13:30:52.500381
Tunis,11351066662,node,bench,,36.7962899,10.1806409,,,,,,2026-02-15T13:30:52.500381
Tunis,11351066663,node,bench,,36.7962852,10.1805934,,,,,,2026-02-15T13:30:52.500381
Tunis,11368320397,node,school,,36.8090524,10.158037,,,,,,2026-02-15T13:30:52.500381
Tunis,11388194969,node,bus_station,محطة المدي,36.7995725,10.1902717,,,,,,2026-02-15T13:30:52.500381
Tunis,11504046285,node,bar,Chez Vous,36.800357,10.1824403,,,,Mo-Sa 12:00-02:30,yes,2026-02-15T13:30:52.500381
Tunis,11618382295,node,bank,بنك الأمان,36.8378573,10.1808808,,,,,,2026-02-15T13:30:52.500381
Tunis,11618655015,node,parking_space,,36.8373698,10.1800165,,,,,,2026-02-15T13:30:52.500381
Tunis,11618676200,node,cafe,اكفيه,36.8374253,10.1800586,,,,,,2026-02-15T13:30:52.500381
Tunis,11618676201,node,cafe,,36.8378392,10.1795275,,,,,,2026-02-15T13:30:52.500381
Tunis,11618676205,node,restaurant,عم الناصر,36.83723,10.1804976,,,,,,2026-02-15T13:30:52.500381
Tunis,11618676206,node,pharmacy,,36.8379203,10.1796503,,,,,,2026-02-15T13:30:52.500381
Tunis,11618676207,node,restaurant,,36.8377897,10.1795759,,,,,,2026-02-15T13:30:52.500381
Tunis,11618676208,node,fast_food,ملاوي,36.8375263,10.179959,,,,,,2026-02-15T13:30:52.500381
Tunis,11618676210,node,fast_food,,36.8379192,10.1795821,,,,,,2026-02-15T13:30:52.500381
Tunis,11618676211,node,cafe,مقهى دلندا,36.8376749,10.1798337,,,,,,2026-02-15T13:30:52.500381
Tunis,11618694655,node,cafe,,36.800317,10.1816126,,,,,,2026-02-15T13:30:52.500381
Tunis,11626742071,node,restaurant,Le Gourmet,36.8059697,10.1829224,,,,,,2026-02-15T13:30:52.500381
Tunis,11694509368,node,taxi,,36.8042929,10.183288,,,,,,2026-02-15T13:30:52.500381
Tunis,11694523926,node,cafe,Cafe Daly,36.8043862,10.1840298,,,,,,2026-02-15T13:30:52.500381
Tunis,11694532280,node,vending_machine,,36.8017633,10.1835728,,,,,,2026-02-15T13:30:52.500381
Tunis,11694581482,node,cafe,Pause Cafe,36.8043485,10.1842769,,,,,,2026-02-15T13:30:52.500381
Tunis,11698019233,node,cafe,Les Kouzin,36.8115744,10.183409,,,,,,2026-02-15T13:30:52.500381
Tunis,11727597891,node,cafe,Fourty four Café,36.8046493,10.1820332,,,,,,2026-02-15T13:30:52.500381
Tunis,11736885806,node,pharmacy,Pharmacie Masmoudi,36.8487987,10.1990582,,,,,,2026-02-15T13:30:52.500381
Tunis,11736885807,node,pharmacy,Pharmacie Pasteur,36.8488459,10.1990844,,,,,,2026-02-15T13:30:52.500381
Tunis,11760928847,node,pharmacy,PHARMACIE MENDES FRANCE,36.8311843,10.1726005,,,,,,2026-02-15T13:30:52.500381
Tunis,11761027585,node,restaurant,Chez Soi,36.81568,10.167492,نهج العربي الكبادي,+216 54 681 720,https://chezsoi74.tn/,Mo-Su 09:00-22:00,,2026-02-15T13:30:52.500381
Tunis,11761873266,node,library,CDI : centre de documentation et d'information,36.8343549,10.1749778,,,,Mo-Fr 08:00-17:00,,2026-02-15T13:30:52.500381
Tunis,11762038769,node,toilets,,36.8342282,10.174023,,,,,limited,2026-02-15T13:30:52.500381
Tunis,11783375654,node,cafe,Café Errabt,36.8083721,10.1673038,,,,,,2026-02-15T13:30:52.500381
Tunis,11783375655,node,bank,Amen Bank,36.8108273,10.1645491,,,,,,2026-02-15T13:30:52.500381
Tunis,11789747715,node,pharmacy,,36.8083323,10.1678943,,,,,,2026-02-15T13:30:52.500381
Tunis,11819336905,node,restaurant,maison mrad,36.8285899,10.1786044,نهج أبولو 11,29895435,,24/7,,2026-02-15T13:30:52.500381
Tunis,11819336906,node,restaurant,,36.8284721,10.1786768,,,,,,2026-02-15T13:30:52.500381
Tunis,11862552209,node,police,Poste de Police El Halfaouine,36.8080575,10.1676544,,,,,,2026-02-15T13:30:52.500381
Tunis,11862552210,node,pharmacy,,36.8083103,10.1678866,,,,,,2026-02-15T13:30:52.500381
Tunis,11862729296,node,restaurant,كو زت,36.8000959,10.1817756,,,,,,2026-02-15T13:30:52.500381
Tunis,11866498099,node,taxi,,36.7953771,10.1686547,,,,,,2026-02-15T13:30:52.500381
Tunis,11873718169,node,atm,,36.8382494,10.2156723,,,,,,2026-02-15T13:30:52.500381
Tunis,11976825702,node,library,Institut des Belles-Lettres Arabes,36.7924851,10.1657103,Rue Jemaa el Haoua,,,,,2026-02-15T13:30:52.500381
Tunis,12253387401,node,restaurant,La Bonne Bouffe,36.8013702,10.17016,,,,,,2026-02-15T13:30:52.500381
Tunis,12255826001,node,restaurant,Dar Lamber,36.7984323,10.1731242,,,,,,2026-02-15T13:30:52.500381
Tunis,12290450535,node,hospital,Cabinet dentaire Dr Lina Attia,36.7923403,10.176895,Rue Sidi El Bechir,+21623422232,,Mo-Fr 09:00-18:00,,2026-02-15T13:30:52.500381
Tunis,12344647701,node,restaurant,Com’Art,36.801266,10.1875209,,,,,,2026-02-15T13:30:52.500381
Tunis,12355175901,node,cafe,Chez Zak,36.8129791,10.14851,,,,,,2026-02-15T13:30:52.500381
Tunis,12431463801,node,restaurant,Ojja Chouchou,36.8062738,10.1785957,,,,,,2026-02-15T13:30:52.500381
Tunis,12438576877,node,cafe,Le petit en-cas,36.8419624,10.2008815,,,,,,2026-02-15T13:30:52.500381
Tunis,12480666635,node,bus_station,بال في (نهاية خط 28),36.7740793,10.1858864,,,,,,2026-02-15T13:30:52.500381
Tunis,12488329828,node,place_of_worship,Mosquée Youssef Dey,36.7970257,10.1695687,,,,,,2026-02-15T13:30:52.500381
Tunis,12488329829,node,place_of_worship,جامع القصر,36.7951529,10.1698473,,,,,,2026-02-15T13:30:52.500381
Tunis,12488329830,node,place_of_worship,جامع القصبة,36.7967938,10.1676454,,,,,,2026-02-15T13:30:52.500381
Tunis,12488329831,node,place_of_worship,Mosquée Hammouda Bacha,36.7982398,10.1705936,Mosquée Hammouda Bacha,,,,,2026-02-15T13:30:52.500381
Tunis,12587415235,node,dentist,Cabinet dentaire Dr Zied Idani,36.8382307,10.1812364,Rue du Jeune Foyer,,,Mo-Sa 08:00-18:00,,2026-02-15T13:30:52.500381
Tunis,12741536201,node,restaurant,Café M'Rabet,36.7973032,10.1703849,,,,,,2026-02-15T13:30:52.500381
Tunis,12841368420,node,cafe,Coffee shop mahfoud,36.7955408,10.1816149,,,,,,2026-02-15T13:30:52.500381
Tunis,13180329401,node,restaurant,Le Matignon,36.8253265,10.1788366,,,,,,2026-02-15T13:30:52.500381
Tunis,13231484744,node,cafe,Cafe Hannibal,36.8092504,10.1803886,,,,,,2026-02-15T13:30:52.500381
Tunis,13236570358,node,restaurant,Chick'In,36.8088713,10.1811442,,,,,,2026-02-15T13:30:52.500381
Tunis,13248010528,node,restaurant,La Colombe,36.8095541,10.1800248,,,,,,2026-02-15T13:30:52.500381
Tunis,13254989750,node,fast_food,محل وجبات سريعة,36.7827261,10.2288251,,,,,,2026-02-15T13:30:52.500381
Tunis,13277934101,node,restaurant,Queen Bridge Saloon du Thé,36.8140981,10.1791567,شارع الحرّيّة,,,,,2026-02-15T13:30:52.500381
Tunis,13370629001,node,university,Institut Supérieur des Langues de Tunis (ISLT),36.8340829,10.1947173,Avenue Ibn Maja,(+216) 71 773 813,http://www.islt.rnu.tn,,,2026-02-15T13:30:52.500381
Tunis,13395436802,node,cafe,Café Ballon d'Or,36.7994371,10.1827586,,,,,,2026-02-15T13:30:52.500381
Tunis,25995037,way,university,المعهد الوطني للعلوم الفلاحية بتونس,36.8302715,10.1831185,,,,,,2026-02-15T13:30:52.500381
Tunis,26278345,way,parking,,36.8043987,10.1871436,,,,,,2026-02-15T13:30:52.500381
Tunis,26292791,way,parking,,36.8397869,10.2153057,,,,,,2026-02-15T13:30:52.500381
Tunis,26300807,way,parking,,36.8348608,10.224827,,,,,,2026-02-15T13:30:52.500381
Tunis,26300865,way,parking,,36.831705,10.2198538,,,,,,2026-02-15T13:30:52.500381
Tunis,28127361,way,parking,,36.8399785,10.1828455,,,,,,2026-02-15T13:30:52.500381
Tunis,32956398,way,parking,,36.8010726,10.1833669,,,,,,2026-02-15T13:30:52.500381
Tunis,33074686,way,place_of_worship,جامع الملك عبد العزيز عبد الرحمان آل سعود,36.8387139,10.1575521,,,,,,2026-02-15T13:30:52.500381
Tunis,34303213,way,parking,,36.8378356,10.1599135,,,,,,2026-02-15T13:30:52.500381
Tunis,34304950,way,parking,,36.8391255,10.1581,,,,,,2026-02-15T13:30:52.500381
Tunis,34305030,way,parking,,36.8397143,10.1600543,,,,,,2026-02-15T13:30:52.500381
Tunis,34572575,way,parking,,36.8311886,10.1619672,,,,,,2026-02-15T13:30:52.500381
Tunis,34613585,way,university,,36.8319085,10.1452732,,,,,,2026-02-15T13:30:52.500381
Tunis,34613596,way,university,كلية العلوم الاقتصادية والتصرف بتونس,36.8321044,10.1520649,,,,,,2026-02-15T13:30:52.500381
Tunis,48053366,way,police,شرطة المرور,36.83066,10.1526078,,,,,,2026-02-15T13:30:52.500381
Tunis,48416786,way,studio,مؤسسة الإذاعة والتلفزة التونسية,36.8284757,10.1582923,Rue de la Ligue des Etats Arabe,,,,,2026-02-15T13:30:52.500381
Tunis,93263080,way,bus_station,,36.80026,10.1904877,,,,,,2026-02-15T13:30:52.500381
Tunis,93263808,way,bus_station,,36.8001564,10.190513,,,,,,2026-02-15T13:30:52.500381
Tunis,93264413,way,bus_station,,36.8001216,10.1905229,,,,,,2026-02-15T13:30:52.500381
Tunis,94163545,way,parking,,36.797579,10.1844832,,,,,,2026-02-15T13:30:52.500381
Tunis,94346260,way,parking,,36.800837,10.1880464,,,,,,2026-02-15T13:30:52.500381
Tunis,94346279,way,parking,,36.8084509,10.18698,,,,,,2026-02-15T13:30:52.500381
Tunis,94346316,way,parking,,36.8100287,10.1842189,,,,,,2026-02-15T13:30:52.500381
Tunis,94346396,way,parking,,36.8028364,10.1871013,,,,,,2026-02-15T13:30:52.500381
Tunis,94346410,way,parking,,36.8063152,10.1876351,,,,,,2026-02-15T13:30:52.500381
Tunis,94346414,way,parking,,36.8039053,10.1874919,,,,,,2026-02-15T13:30:52.500381
Tunis,94346486,way,parking,,36.8075735,10.1842409,,,,,,2026-02-15T13:30:52.500381
Tunis,94346487,way,arts_centre,مدينة الثقافة,36.8108475,10.1860872,,,,,,2026-02-15T13:30:52.500381
Tunis,94346495,way,parking,,36.8136209,10.1848666,,,,,,2026-02-15T13:30:52.500381
Tunis,94346588,way,parking,,36.7990275,10.190464,,,,,,2026-02-15T13:30:52.500381
Tunis,94346616,way,conference_centre,قصر المؤتمرات,36.8059218,10.1867723,,,,,,2026-02-15T13:30:52.500381
Tunis,94346670,way,parking,,36.8160997,10.1841807,,,,,,2026-02-15T13:30:52.500381
Tunis,94346677,way,parking,,36.8095319,10.183911,,,,,,2026-02-15T13:30:52.500381
Tunis,94512487,way,fuel,عجيل,36.786812,10.1924267,,,,,,2026-02-15T13:30:52.500381
Tunis,94512489,way,fuel,شل,36.8147099,10.1788079,,,,,,2026-02-15T13:30:52.500381
Tunis,94512517,way,fuel,أويليبيا,36.8353812,10.2008092,,,,,,2026-02-15T13:30:52.500381
Tunis,94512531,way,fuel,عجيل,36.8177316,10.1828822,شارع محمد الخامس,,,24/7,,2026-02-15T13:30:52.500381
Tunis,94512532,way,fuel,شل,36.7756381,10.2130777,,,,,,2026-02-15T13:30:52.500381
Tunis,94512542,way,fuel,عجيل,36.8344478,10.222225,,,,,,2026-02-15T13:30:52.500381
Tunis,94512636,way,fuel,أويليبيا,36.8269881,10.1928431,,,,,,2026-02-15T13:30:52.500381
Tunis,94512638,way,fuel,شل,36.838799,10.1718056,,,,,,2026-02-15T13:30:52.500381
Tunis,94548417,way,university,,36.8181748,10.1405007,,,,,,2026-02-15T13:30:52.500381
Tunis,94548468,way,university,المبيت الجامعي باردو 1,36.8139142,10.1455379,,,,,,2026-02-15T13:30:52.500381
Tunis,94699447,way,school,مدرسة ثانوية,36.8113021,10.1269059,,,,,,2026-02-15T13:30:52.500381
Tunis,95130017,way,hospital,مستشفى عزيزة عثمانة,36.7967248,10.1688067,,+216 71 151 300,,,,2026-02-15T13:30:52.500381
Tunis,95130020,way,library,مكتبة شارل ديقول,36.802276,10.1806335,,,,,,2026-02-15T13:30:52.500381
Tunis,95130022,way,place_of_worship,جامع القصبة,36.7967745,10.1675917,,,,,,2026-02-15T13:30:52.500381
Tunis,95130025,way,courthouse,المحكمة,36.80011,10.1660177,,,,,,2026-02-15T13:30:52.500381
Tunis,95130026,way,school,المعهد الصادقي,36.798529,10.166292,,,,,,2026-02-15T13:30:52.500381
Tunis,95130030,way,theatre,المسرح البلدي بتونس,36.7991288,10.1808105,,,,,no,2026-02-15T13:30:52.500381
Tunis,95130039,way,school,معهد بورقيبة,36.8021204,10.1796283,,,,,,2026-02-15T13:30:52.500381
Tunis,95130041,way,bank,البنك المركزي التونسي,36.80357,10.1852469,,,,,,2026-02-15T13:30:52.500381
Tunis,95130046,way,marketplace,Souq des Chechias,36.7977865,10.1700179,,,,,,2026-02-15T13:30:52.500381
Tunis,95130047,way,place_of_worship,جامع سيدي محرز,36.8042154,10.1684331,,,,,,2026-02-15T13:30:52.500381
Tunis,95130049,way,hospital,مستشفى شارل نيكول,36.8027158,10.1607361,,,,,,2026-02-15T13:30:52.500381
Tunis,95130051,way,school,معهد 9 أبريل 1938,36.8012346,10.1632136,,,,,,2026-02-15T13:30:52.500381
Tunis,95130052,way,place_of_worship,جامع يوسف داي,36.7970063,10.1695821,,,,,,2026-02-15T13:30:52.500381
Tunis,95130055,way,university,كلية العلوم الإنسانية والاجتماعية بتونس,36.7952066,10.1625962,,,http://www.fshst.rnu.tn,,,2026-02-15T13:30:52.500381
Tunis,95130057,way,marketplace,Marché El Kallaline,36.8041085,10.1728176,,,,,,2026-02-15T13:30:52.500381
Tunis,95130058,way,marketplace,السوق المركزي - Marché de Tunis,36.7974064,10.1773198,,,,,,2026-02-15T13:30:52.500381
Tunis,95130060,way,library,المكتبة الوطنية التونسية,36.7994098,10.1635978,,,,,,2026-02-15T13:30:52.500381
Tunis,95130064,way,townhall,قصر بلدية تونس,36.7971018,10.1651196,نهج 2 مارس 1934,,http://www.commune-tunis.gov.tn/,,,2026-02-15T13:30:52.500381
Tunis,95130082,way,bus_station,حبيب ثامر,36.8037477,10.178011,,,,,,2026-02-15T13:30:52.500381
Tunis,95131033,way,school,Collège Hakim Kassar,36.8023207,10.1705393,,,,,,2026-02-15T13:30:52.500381
Tunis,95131035,way,school,École Primaire Hakim Kassar,36.802848,10.1700787,,,,,,2026-02-15T13:30:52.500381
Tunis,95132593,way,place_of_worship,جامع صاحب الطابع,36.80763,10.1666036,,,,,,2026-02-15T13:30:52.500381
Tunis,95132614,way,bus_station,علي بلهوان,36.8066331,10.1742311,,,,,,2026-02-15T13:30:52.500381
Tunis,95132622,way,school,المعهد التقني باب الخضراء,36.8107564,10.1732862,,,,,,2026-02-15T13:30:52.500381
Tunis,95134307,way,place_of_worship,الكنيس الكبير بتونس,36.8103797,10.1801111,,,,,,2026-02-15T13:30:52.500381
Tunis,95139152,way,hospital,مستشفى الرابطة,36.8022858,10.1550655,,,,,,2026-02-15T13:30:52.500381
Tunis,95139156,way,prison,Prison de la Rabta,36.8026602,10.1571746,,,,,,2026-02-15T13:30:52.500381
Tunis,95139164,way,university,كلية الطب بتونس,36.8036522,10.1558377,,,,,,2026-02-15T13:30:52.500381
Tunis,95197160,way,marketplace,سوق الخضار,36.7930779,10.169084,,,,,,2026-02-15T13:30:52.500381
Tunis,95197163,way,marketplace,Marché Sidi Sridek,36.8011195,10.1710744,,,,,,2026-02-15T13:30:52.500381
Tunis,95197164,way,place_of_worship,مسجد حمودة باشا,36.7982441,10.1705721,,,,,,2026-02-15T13:30:52.500381
Tunis,95197168,way,place_of_worship,جامع الصباغين (الجامع الجديد),36.7947074,10.1737524,,,,,,2026-02-15T13:30:52.500381
Tunis,95197169,way,marketplace,سوق باب الجزيرة,36.7926525,10.1769412,,,,,,2026-02-15T13:30:52.500381
Tunis,95197170,way,place_of_worship,جامع القصر,36.795159,10.1698435,نهج القصر,,,,,2026-02-15T13:30:52.500381
Tunis,95199304,way,bus_station,المحطة الجنوبية للنقل البري باب عليوة,36.7877903,10.1797762,,,,,,2026-02-15T13:30:52.500381
Tunis,95199307,way,taxi,Station de Taxi Porte Aliyu,36.7892807,10.181958,,,,,,2026-02-15T13:30:52.500381
Tunis,95199308,way,hospital,المستشفى العسكري الأصلي للتعليم بتونس,36.7859024,10.1785617,,+216 71 391 133,http://www.hopmil.defense.tn/,24/7,,2026-02-15T13:30:52.500381
Tunis,95204084,way,school,معهد خزندار,36.8072011,10.1248834,شارع الإستقلال,,,,,2026-02-15T13:30:52.500381
Tunis,95204095,way,public_building,المعهد الوطني للتراث,36.811385,10.130038,,,,,,2026-02-15T13:30:52.500381
Tunis,96795607,way,school,Centre de Formation Professionnel,36.7983112,10.1466982,,,,,,2026-02-15T13:30:52.500381
Tunis,96942120,way,school,المدرسة الإعدادية بالسيجومي,36.7953956,10.1491105,نهج 4057,,,,,2026-02-15T13:30:52.500381
Tunis,99018909,way,parking,,36.8031305,10.1575051,,,,,,2026-02-15T13:30:52.500381
Tunis,99018973,way,college,مدرسة ابن سينا,36.8001992,10.1555359,,,,,,2026-02-15T13:30:52.500381
Tunis,99018994,way,parking,,36.8035084,10.155366,,,,,,2026-02-15T13:30:52.500381
Tunis,100080966,way,place_of_worship,الكنيسة الأرتودكسية اليونانية,36.8006732,10.1788598,,,,,,2026-02-15T13:30:52.500381
Tunis,100080971,way,parking,,36.79938,10.1880558,,,,,,2026-02-15T13:30:52.500381
Tunis,100080986,way,place_of_worship,كاتدرائية تونس,36.8001091,10.1789146,,,,,,2026-02-15T13:30:52.500381
Tunis,100081011,way,bank,ASB Bank,36.799359,10.1873354,,,,,,2026-02-15T13:30:52.500381
Tunis,100081033,way,parking,,36.7992772,10.1856991,,,,,,2026-02-15T13:30:52.500381
Tunis,100081034,way,parking,,36.7996013,10.1793037,,,,,,2026-02-15T13:30:52.500381
Tunis,100081035,way,post_office,Tunis République,36.7994389,10.1883927,,,,"Mo-Fr 08:00-12:30,02:00-16:30",,2026-02-15T13:30:52.500381
Tunis,100081037,way,parking,,36.7993226,10.1838221,,,,,,2026-02-15T13:30:52.500381
Tunis,100081063,way,parking,,36.7996881,10.1764709,,,,,,2026-02-15T13:30:52.500381
Tunis,100081078,way,cinema,Palace,36.7993552,10.1826445,,,,,,2026-02-15T13:30:52.500381
Tunis,100081085,way,bank,الاتحاد البنكي للتجارة والصناعة,36.7994752,10.1859807,,,,,,2026-02-15T13:30:52.500381
Tunis,100081098,way,parking,,36.7973135,10.1765943,,,,,,2026-02-15T13:30:52.500381
Tunis,100081104,way,parking,,36.800404,10.1808633,,,,,,2026-02-15T13:30:52.500381
Tunis,100081111,way,bank,إتش إس بي سي,36.7997296,10.1870793,,,,,,2026-02-15T13:30:52.500381
Tunis,100081131,way,parking,,36.7997321,10.1770963,,,,,,2026-02-15T13:30:52.500381
Tunis,100081158,way,fuel,عجيل,36.7999944,10.1883249,شارع الحبيب بورقيبة,,,,,2026-02-15T13:30:52.500381
Tunis,100081182,way,parking,,36.8007147,10.1836734,,,,,,2026-02-15T13:30:52.500381
Tunis,100202806,way,parking,,36.8028981,10.1837638,,,,,,2026-02-15T13:30:52.500381
Tunis,100202865,way,parking,,36.8035572,10.1842706,,,,,,2026-02-15T13:30:52.500381
Tunis,100202896,way,school,المدرسة الإبتدائية بنهج مرسيلية,36.8036151,10.1821888,,,,,,2026-02-15T13:30:52.500381
Tunis,100202973,way,bank,BTK Agence Centrale,36.801865,10.1854641,,,,,,2026-02-15T13:30:52.500381
Tunis,100202981,way,parking,,36.8036256,10.1837517,,,,,,2026-02-15T13:30:52.500381
Tunis,100202987,way,parking,,36.8034819,10.1847944,,,,,,2026-02-15T13:30:52.500381
Tunis,100203030,way,college,المدرسة الإعدادية نهج لينين,36.8032223,10.1822526,,,,,,2026-02-15T13:30:52.500381
Tunis,100203043,way,parking,,36.8024109,10.1851475,,,,,,2026-02-15T13:30:52.500381
Tunis,100203049,way,parking,,36.8023131,10.184049,,,,,,2026-02-15T13:30:52.500381
Tunis,100203059,way,parking,,36.8028665,10.184474,,,,,,2026-02-15T13:30:52.500381
Tunis,100218821,way,bank,الشركة التونسية للبنك,36.8078889,10.184526,,,,,,2026-02-15T13:30:52.500381
Tunis,100218822,way,parking,,36.8121431,10.1835138,,,,,,2026-02-15T13:30:52.500381
Tunis,100218823,way,car_rental,Azur Rent a Car,36.8087058,10.1837229,,,,,,2026-02-15T13:30:52.500381
Tunis,100218824,way,public_building,Pôle Judiciaire Financier,36.810265,10.1843387,Avenue Mohamed V,,,,,2026-02-15T13:30:52.500381
Tunis,100218828,way,parking,,36.8088268,10.184394,,,,,,2026-02-15T13:30:52.500381
Tunis,100218829,way,bank,البنك الوطني الفلاحي,36.8093902,10.1843141,نهج سوريا,+216 71 831 000,http://www.bna.tn/,,,2026-02-15T13:30:52.500381
Tunis,100218847,way,bank,بنك الأمان,36.8121706,10.1839151,,,,,,2026-02-15T13:30:52.500381
Tunis,100219308,way,parking,Parking Riadh,36.8102115,10.1834016,,,,,,2026-02-15T13:30:52.500381
Tunis,100421088,way,parking,,36.7990372,10.1626354,,,,,,2026-02-15T13:30:52.500381
Tunis,100788107,way,cafe,,36.8308866,10.2002259,,,,,,2026-02-15T13:30:52.500381
Tunis,101012192,way,parking,,36.8339527,10.222183,,,,,,2026-02-15T13:30:52.500381
Tunis,101012213,way,parking,,36.8336168,10.2209332,,,,,,2026-02-15T13:30:52.500381
Tunis,101114842,way,parking,,36.8312266,10.2174822,,,,,,2026-02-15T13:30:52.500381
Tunis,101114849,way,parking,,36.8302299,10.2166509,,,,,,2026-02-15T13:30:52.500381
Tunis,101114982,way,restaurant,بولينق البحيرة,36.8318082,10.2160584,,,,,,2026-02-15T13:30:52.500381
Tunis,101115021,way,parking,,36.8313889,10.2189571,,,,,,2026-02-15T13:30:52.500381
Tunis,101115106,way,parking,,36.8327132,10.2227549,,,,,,2026-02-15T13:30:52.500381
Tunis,101115122,way,parking,,36.8298863,10.2177625,,,,,,2026-02-15T13:30:52.500381
Tunis,101115159,way,restaurant,Club Grill Citroen,36.8313017,10.2181479,,,,08:00-24:00,,2026-02-15T13:30:52.500381
Tunis,101115162,way,parking,,36.8293604,10.2172537,,,,,,2026-02-15T13:30:52.500381
Tunis,101115212,way,restaurant,توب هابيناس,36.8309665,10.2175371,,,,,,2026-02-15T13:30:52.500381
Tunis,101115229,way,parking,,36.8343803,10.2232321,,,,,,2026-02-15T13:30:52.500381
Tunis,101549009,way,cafe,لا كروازات,36.8303441,10.2272881,,,,,,2026-02-15T13:30:52.500381
Tunis,102313249,way,parking,,36.8230075,10.1318551,,,,,,2026-02-15T13:30:52.500381
Tunis,102313300,way,parking,,36.8236954,10.1338062,,,,,,2026-02-15T13:30:52.500381
Tunis,102313303,way,parking,,36.8222672,10.1331771,,,,,,2026-02-15T13:30:52.500381
Tunis,102313309,way,parking,,36.8232762,10.1330878,,,,,,2026-02-15T13:30:52.500381
Tunis,102313387,way,parking,,36.8241476,10.1351777,,,,,,2026-02-15T13:30:52.500381
Tunis,102313397,way,parking,,36.8231012,10.1347248,,,,,,2026-02-15T13:30:52.500381
Tunis,102634580,way,hospital,المركز المندمج للشباب والطفولة بالخضراء,36.8299282,10.1922241,,,,,,2026-02-15T13:30:52.500381
Tunis,102634717,way,place_of_worship,,36.8408689,10.2054017,,,,,,2026-02-15T13:30:52.500381
Tunis,102736052,way,parking,,36.8421583,10.1845773,,,,,,2026-02-15T13:30:52.500381
Tunis,102736055,way,parking,,36.8350648,10.1827778,,,,,,2026-02-15T13:30:52.500381
Tunis,102779316,way,public_building,الشركة الوطنية لاستغلال وتوزيع المياه,36.8364125,10.1599936,Avenue Slimen Ben Slimen,,,,,2026-02-15T13:30:52.500381
Tunis,103332059,way,parking,,36.8310002,10.2265162,,,,,,2026-02-15T13:30:52.500381
Tunis,103332061,way,parking,,36.8309022,10.2272334,,,,,,2026-02-15T13:30:52.500381
Tunis,103332073,way,parking,,36.8305206,10.2269963,,,,,,2026-02-15T13:30:52.500381
Tunis,103332077,way,parking,,36.8308327,10.2270682,,,,,,2026-02-15T13:30:52.500381
Tunis,103399417,way,parking,,36.7978933,10.1650929,,,,,,2026-02-15T13:30:52.500381
Tunis,103399498,way,bus_station,المحطة الجنوبية للنقل البري,36.7880853,10.1796385,,,,,,2026-02-15T13:30:52.500381
Tunis,103399696,way,parking,,36.7855522,10.179507,,,,,,2026-02-15T13:30:52.500381
Tunis,103399740,way,parking,,36.7853765,10.1808175,,,,,,2026-02-15T13:30:52.500381
Tunis,103399744,way,parking,القصبة,36.7974357,10.1665645,,,,,,2026-02-15T13:30:52.500381
Tunis,103568052,way,parking,,36.7756474,10.2153873,,,,,,2026-02-15T13:30:52.500381
Tunis,103568060,way,fuel,شل,36.7775917,10.208999,,,,,,2026-02-15T13:30:52.500381
Tunis,103825449,way,parking,,36.8111357,10.1281989,,,,,,2026-02-15T13:30:52.500381
Tunis,103825999,way,parking,,36.8102795,10.1308086,,,,,,2026-02-15T13:30:52.500381
Tunis,103856915,way,fuel,,36.8193135,10.1302174,,,,,,2026-02-15T13:30:52.500381
Tunis,103856967,way,fuel,,36.8245721,10.1347562,,,,,,2026-02-15T13:30:52.500381
Tunis,103856995,way,fuel,,36.8231365,10.1361219,,,,,,2026-02-15T13:30:52.500381
Tunis,103914593,way,parking,,36.8267094,10.1332625,,,,,,2026-02-15T13:30:52.500381
Tunis,103914606,way,parking,,36.8256025,10.1336419,,,,,,2026-02-15T13:30:52.500381
Tunis,103914609,way,parking,,36.8253101,10.133908,,,,,,2026-02-15T13:30:52.500381
Tunis,103914616,way,parking,,36.825299,10.1327622,,,,,,2026-02-15T13:30:52.500381
Tunis,103914622,way,parking,,36.8262721,10.132663,,,,,,2026-02-15T13:30:52.500381
Tunis,103925696,way,parking,,36.8289709,10.1349282,,,,,,2026-02-15T13:30:52.500381
Tunis,103925713,way,parking,,36.8252782,10.1401405,,,,,,2026-02-15T13:30:52.500381
Tunis,103925742,way,parking,,36.8244783,10.1387902,,,,,,2026-02-15T13:30:52.500381
Tunis,104343315,way,parking,,36.8218667,10.1783253,,,,,,2026-02-15T13:30:52.500381
Tunis,104343361,way,parking,,36.8316152,10.1598798,,,,,,2026-02-15T13:30:52.500381
Tunis,104343374,way,parking,,36.8313,10.1616877,,,,,,2026-02-15T13:30:52.500381
Tunis,104343383,way,parking,,36.8274825,10.1714233,,,,,,2026-02-15T13:30:52.500381
Tunis,104343387,way,parking,,36.8165507,10.1744011,,,,,,2026-02-15T13:30:52.500381
Tunis,104520949,way,parking,,36.8314671,10.1613385,,,,,,2026-02-15T13:30:52.500381
Tunis,104520967,way,parking,,36.8316153,10.1613602,,,,,,2026-02-15T13:30:52.500381
Tunis,104536595,way,hospital,مصحة التوفيق,36.8319442,10.1557946,Boulevard Mohamed Bouazizi,+216 71 848 211,,,,2026-02-15T13:30:52.500381
Tunis,104536630,way,parking,,36.828625,10.1683222,,,,,,2026-02-15T13:30:52.500381
Tunis,105510063,way,college,معهد حنبعل,36.8513928,10.1877482,,,,,,2026-02-15T13:30:52.500381
Tunis,105510075,way,college,معهد خير الدين باشا,36.8516695,10.1855542,,,,,,2026-02-15T13:30:52.500381
Tunis,105557715,way,university,المعهد الوطني للبحوث الزراعية بتونس,36.8453858,10.1912842,,,,,,2026-02-15T13:30:52.500381
Tunis,105557718,way,parking,,36.8417968,10.1860831,,,,,,2026-02-15T13:30:52.500381
Tunis,105557734,way,parking,,36.8448993,10.1839495,,,,,,2026-02-15T13:30:52.500381
Tunis,105557739,way,parking,,36.8357188,10.1816759,,,,,,2026-02-15T13:30:52.500381
Tunis,105557746,way,parking,,36.8431962,10.1855626,,,,,,2026-02-15T13:30:52.500381
Tunis,105557755,way,parking,,36.8495785,10.1907123,,,,,,2026-02-15T13:30:52.500381
Tunis,105557810,way,parking,,36.8420227,10.1826414,,,,,,2026-02-15T13:30:52.500381
Tunis,105557814,way,bus_station,,36.844648,10.1846804,,,,,,2026-02-15T13:30:52.500381
Tunis,105557815,way,place_of_worship,جامع الصبح,36.8484864,10.1951931,,,,,,2026-02-15T13:30:52.500381
Tunis,105557830,way,parking,,36.8376079,10.1821207,,,,,,2026-02-15T13:30:52.500381
Tunis,105557874,way,parking,,36.8431583,10.1829941,,,,,,2026-02-15T13:30:52.500381
Tunis,105557894,way,parking,,36.8425122,10.1862129,,,,,,2026-02-15T13:30:52.500381
Tunis,105588050,way,parking,,36.8427028,10.1956143,,,,,,2026-02-15T13:30:52.500381
Tunis,105588055,way,university,المعهد الوطني للعلوم التطبيقية و التكنولوجيا,36.8429157,10.1961941,,,http://www.insat.rnu.tn/Fr/accueil_46_34,,,2026-02-15T13:30:52.500381
Tunis,105588056,way,parking,,36.8424335,10.1978359,,,,,,2026-02-15T13:30:52.500381
Tunis,105588094,way,parking,,36.8411104,10.1955991,,,,,,2026-02-15T13:30:52.500381
Tunis,105588116,way,parking,,36.8396799,10.1958527,,,,,,2026-02-15T13:30:52.500381
Tunis,105588117,way,fuel,عجيل,36.8398814,10.1949038,,,,,,2026-02-15T13:30:52.500381
Tunis,105588131,way,parking,,36.8403174,10.1958924,,,,,,2026-02-15T13:30:52.500381
Tunis,105588132,way,parking,,36.8437158,10.1970307,,,,,,2026-02-15T13:30:52.500381
Tunis,105588209,way,parking,,36.8446938,10.1965503,,,,,,2026-02-15T13:30:52.500381
Tunis,105588224,way,parking,,36.8400272,10.1928668,,,,,,2026-02-15T13:30:52.500381
Tunis,105588229,way,parking,,36.8416389,10.196172,,,,,,2026-02-15T13:30:52.500381
Tunis,105658683,way,school,,36.8305147,10.1885356,,,,,,2026-02-15T13:30:52.500381
Tunis,105658713,way,parking,,36.8339833,10.187267,,,,,,2026-02-15T13:30:52.500381
Tunis,105658795,way,college,Lycée Pierre de Coubertin,36.8385914,10.1914453,,,,,,2026-02-15T13:30:52.500381
Tunis,105658867,way,hospital,مركز الطب الرياضي,36.8407088,10.1914372,,,,,,2026-02-15T13:30:52.500381
Tunis,105658898,way,hospital,الصيدلية المركزية,36.83338,10.1812123,,,,,,2026-02-15T13:30:52.500381
Tunis,105659001,way,parking,,36.8374331,10.1857337,,,,,,2026-02-15T13:30:52.500381
Tunis,105755272,way,parking,,36.8308789,10.1571204,,,,,,2026-02-15T13:30:52.500381
Tunis,105755277,way,parking,,36.8286272,10.1572876,,,,,,2026-02-15T13:30:52.500381
Tunis,105755292,way,parking,,36.8312849,10.1557759,,,,,,2026-02-15T13:30:52.500381
Tunis,105755316,way,parking,,36.8291452,10.1600019,,,,,,2026-02-15T13:30:52.500381
Tunis,105755327,way,parking,,36.8313264,10.1565894,,,,,,2026-02-15T13:30:52.500381
Tunis,105755343,way,parking,,36.8294945,10.1564818,,,,,,2026-02-15T13:30:52.500381
Tunis,105755359,way,parking,,36.8298929,10.1571935,,,,,,2026-02-15T13:30:52.500381
Tunis,105755370,way,parking,,36.828106,10.1595132,,,,,,2026-02-15T13:30:52.500381
Tunis,105755431,way,parking,,36.8296403,10.1587534,,,,,,2026-02-15T13:30:52.500381
Tunis,105755449,way,parking,,36.8213758,10.17488,,,,,,2026-02-15T13:30:52.500381
Tunis,105755453,way,parking,,36.8291878,10.1572317,,,,,,2026-02-15T13:30:52.500381
Tunis,105755455,way,parking,,36.8291585,10.1577955,,,,,,2026-02-15T13:30:52.500381
Tunis,105755457,way,parking,,36.8294526,10.1580173,,,,,,2026-02-15T13:30:52.500381
Tunis,105755462,way,parking,,36.828645,10.1598672,,,,,,2026-02-15T13:30:52.500381
Tunis,105755500,way,parking,,36.8300574,10.1578165,,,,,,2026-02-15T13:30:52.500381
Tunis,105755503,way,parking,,36.832126,10.1560049,,,,,,2026-02-15T13:30:52.500381
Tunis,107298884,way,parking,,36.8474729,10.1672892,,,,,,2026-02-15T13:30:52.500381
Tunis,107298885,way,parking,,36.8465288,10.1657146,,,,,,2026-02-15T13:30:52.500381
Tunis,107298895,way,parking,,36.8468452,10.1671816,,,,,,2026-02-15T13:30:52.500381
Tunis,107298897,way,parking,,36.8466764,10.1672676,,,,,,2026-02-15T13:30:52.500381
Tunis,107298916,way,parking,,36.8477034,10.1675703,,,,,,2026-02-15T13:30:52.500381
Tunis,107298936,way,parking,,36.8278064,10.191739,,,,,,2026-02-15T13:30:52.500381
Tunis,107298937,way,parking,,36.8473138,10.1656551,,,,,,2026-02-15T13:30:52.500381
Tunis,107298939,way,parking,,36.8475866,10.1663935,,,,,,2026-02-15T13:30:52.500381
Tunis,107570066,way,parking,,36.8364045,10.1498521,,,,,,2026-02-15T13:30:52.500381
Tunis,107570068,way,parking,,36.8367869,10.1497552,,,,,,2026-02-15T13:30:52.500381
Tunis,107570072,way,parking,,36.8359185,10.1497484,,,,,,2026-02-15T13:30:52.500381
Tunis,107625972,way,parking,,36.8293002,10.1468463,,,,,,2026-02-15T13:30:52.500381
Tunis,107625976,way,restaurant,Restaurant Universitaire Campus El Manar,36.8314952,10.1454057,,,,,,2026-02-15T13:30:52.500381
Tunis,107625989,way,university,جامعة تونس المنار,36.8292499,10.1463336,,,http://www.utm.rnu.tn/,,,2026-02-15T13:30:52.500381
Tunis,107683962,way,parking,,36.8416522,10.1475792,,,,,,2026-02-15T13:30:52.500381
Tunis,107683973,way,parking,,36.833462,10.1504291,,,,,,2026-02-15T13:30:52.500381
Tunis,107683981,way,parking,,36.8353865,10.1517471,,,,,,2026-02-15T13:30:52.500381
Tunis,107683983,way,clinic,مصحة المنار,36.8352462,10.1508853,Rue Habib Echatti,+216 71 885 000,,,,2026-02-15T13:30:52.500381
Tunis,107684014,way,parking,,36.8349966,10.150888,,,,,,2026-02-15T13:30:52.500381
Tunis,107684031,way,parking,,36.8344095,10.147646,,,,,,2026-02-15T13:30:52.500381
Tunis,107769405,way,parking,,36.7719589,10.1885198,,,,,,2026-02-15T13:30:52.500381
Tunis,107769477,way,college,Collège Essawsen el Ahmer,36.7775523,10.1865659,,,,,,2026-02-15T13:30:52.500381
Tunis,107769490,way,school,,36.7794101,10.1908609,,,,,,2026-02-15T13:30:52.500381
Tunis,107769578,way,library,Bibliothèque Avenue de Bellevue,36.7760313,10.188067,,,,,,2026-02-15T13:30:52.500381
Tunis,107769606,way,marketplace,السوق البلدي,36.7724697,10.1882721,,,,,,2026-02-15T13:30:52.500381
Tunis,107801403,way,school,École Primaire el Kharouba,36.7770368,10.1913636,,,,,,2026-02-15T13:30:52.500381
Tunis,107801404,way,school,École Primaire Rue de la Somme,36.7789656,10.1885141,,,,,,2026-02-15T13:30:52.500381
Tunis,107858461,way,parking,,36.7857043,10.1948131,,,,,,2026-02-15T13:30:52.500381
Tunis,107858822,way,parking,,36.786793,10.1937759,,,,,,2026-02-15T13:30:52.500381
Tunis,107960300,way,post_office,,36.8300636,10.1340367,,,,,,2026-02-15T13:30:52.500381
Tunis,107960308,way,marketplace,,36.8308558,10.1346461,,,,,,2026-02-15T13:30:52.500381
Tunis,107960311,way,parking,,36.8292578,10.1343667,,,,,,2026-02-15T13:30:52.500381
Tunis,108032448,way,kindergarten,,36.8317654,10.1364406,,,,,,2026-02-15T13:30:52.500381
Tunis,108095084,way,public_building,,36.8241506,10.1390707,,,,,,2026-02-15T13:30:52.500381
Tunis,108095086,way,public_building,,36.8243135,10.1387554,,,,,,2026-02-15T13:30:52.500381
Tunis,108095087,way,public_building,,36.8244745,10.1392038,,,,,,2026-02-15T13:30:52.500381
Tunis,108119463,way,parking,,36.8303545,10.1470453,,,,,,2026-02-15T13:30:52.500381
Tunis,108119465,way,parking,,36.8309971,10.1479343,,,,,,2026-02-15T13:30:52.500381
Tunis,108215071,way,parking,,36.8347182,10.1571135,,,,,,2026-02-15T13:30:52.500381
Tunis,108215114,way,parking,,36.8353271,10.1586993,,,,,,2026-02-15T13:30:52.500381
Tunis,108689061,way,parking,,36.826562,10.1929696,,,,,,2026-02-15T13:30:52.500381
Tunis,108689117,way,parking,,36.8275593,10.1834591,,,,,,2026-02-15T13:30:52.500381
Tunis,108689135,way,parking,,36.826261,10.1937338,,,,,,2026-02-15T13:30:52.500381
Tunis,108689174,way,parking,,36.8279737,10.1839409,,,,,,2026-02-15T13:30:52.500381
Tunis,108689203,way,fuel,طوطال,36.8188565,10.1848233,شارع خير الدين باشا,,,24/7,,2026-02-15T13:30:52.500381
Tunis,108689211,way,parking,,36.8258725,10.1938472,,,,,,2026-02-15T13:30:52.500381
Tunis,108689235,way,parking,,36.8290271,10.1845074,,,,,,2026-02-15T13:30:52.500381
Tunis,108689237,way,parking,,36.8293183,10.1838914,,,,,,2026-02-15T13:30:52.500381
Tunis,108689268,way,parking,,36.8256132,10.1938643,,,,,,2026-02-15T13:30:52.500381
Tunis,109074382,way,parking,,36.8352788,10.1498467,,,,,,2026-02-15T13:30:52.500381
Tunis,109338310,way,parking,,36.7993101,10.1890876,,,,,,2026-02-15T13:30:52.500381
Tunis,109338311,way,parking,,36.801477,10.1886994,,,,,,2026-02-15T13:30:52.500381
Tunis,109338314,way,parking,,36.7971918,10.1896015,,,,,,2026-02-15T13:30:52.500381
Tunis,109374541,way,parking,,36.8482084,10.1608812,,,,,,2026-02-15T13:30:52.500381
Tunis,109431607,way,parking,,36.8043107,10.1769361,,,,,,2026-02-15T13:30:52.500381
Tunis,109431616,way,parking,,36.7958483,10.1801859,,,,,,2026-02-15T13:30:52.500381
Tunis,109431645,way,parking,,36.7959187,10.1808802,,,,,,2026-02-15T13:30:52.500381
Tunis,109431716,way,parking,,36.7946266,10.1814256,,,,,,2026-02-15T13:30:52.500381
Tunis,109431721,way,parking,,36.8056859,10.1795336,,,,,,2026-02-15T13:30:52.500381
Tunis,109574179,way,school,معهد الإمام مسلم,36.841037,10.1735146,,,,,,2026-02-15T13:30:52.500381
Tunis,109574210,way,parking,,36.8363979,10.1781174,,,,,,2026-02-15T13:30:52.500381
Tunis,109586045,way,parking,,36.7935701,10.1703243,,,,,,2026-02-15T13:30:52.500381
Tunis,109586071,way,parking,,36.7928384,10.1769625,,,,,,2026-02-15T13:30:52.500381
Tunis,109586076,way,parking,,36.795515,10.1689294,,,,,,2026-02-15T13:30:52.500381
Tunis,109586104,way,parking,,36.7905896,10.1796348,,,,,,2026-02-15T13:30:52.500381
Tunis,109586111,way,parking,,36.7954527,10.1757842,,,,,,2026-02-15T13:30:52.500381
Tunis,109586157,way,parking,,36.7916076,10.1778743,,,,,,2026-02-15T13:30:52.500381
Tunis,109586164,way,parking,,36.7922418,10.1719332,,,,,,2026-02-15T13:30:52.500381
Tunis,109817906,way,parking,,36.7870602,10.173304,,,,,,2026-02-15T13:30:52.500381
Tunis,109817928,way,parking,,36.7930389,10.1693567,,,,,,2026-02-15T13:30:52.500381
Tunis,109818077,way,parking,,36.7904975,10.1781536,,,,,,2026-02-15T13:30:52.500381
Tunis,109818199,way,parking,,36.7921301,10.1758301,,,,,,2026-02-15T13:30:52.500381
Tunis,109942050,way,university,IPEIT,36.7857546,10.1712961,Avenue du Sahel,,,,,2026-02-15T13:30:52.500381
Tunis,109942057,way,college,المعهد التحضيري للدراسات الهندسية بتونس,36.7858984,10.1722995,,,,,,2026-02-15T13:30:52.501381
Tunis,109942060,way,college,المركز القومي البيداغوجي,36.7867906,10.1730772,,,,,,2026-02-15T13:30:52.501381
Tunis,109942070,way,school,Lycée Montfleury,36.789459,10.1727041,,,,,,2026-02-15T13:30:52.501381
Tunis,109942074,way,school,Lycée Alaoui,36.7904633,10.1713458,,,,,,2026-02-15T13:30:52.501381
Tunis,109942081,way,marketplace,سوق باب الفلاح,36.7914354,10.1767874,,,,,,2026-02-15T13:30:52.501381
Tunis,109942093,way,place_of_worship,,36.7917208,10.1700316,,,,,,2026-02-15T13:30:52.501381
Tunis,109942095,way,school,Collège Pilote Ali Trad Montfleuri Tunis 1,36.7873241,10.1765102,,,,,,2026-02-15T13:30:52.501381
Tunis,109942109,way,school,المدرسة الابتدائية باب الجديد,36.7921225,10.1732314,,,,,,2026-02-15T13:30:52.501381
Tunis,109942169,way,place_of_worship,جامع الهواء,36.792749,10.1651559,,,,,,2026-02-15T13:30:52.501381
Tunis,109942173,way,school,المدرسة الإعدادية شارع باب الجديد,36.7917555,10.1742768,,,,,,2026-02-15T13:30:52.501381
Tunis,110150416,way,townhall,بلدية باب الاقواس,36.8064407,10.1640669,Rue des arcs,,,,,2026-02-15T13:30:52.501381
Tunis,110150506,way,parking,,36.813104,10.1710731,,,,,,2026-02-15T13:30:52.501381
Tunis,110150511,way,parking,,36.8132268,10.1698383,,,,,,2026-02-15T13:30:52.501381
Tunis,110150559,way,parking,,36.8063266,10.173667,,,,,,2026-02-15T13:30:52.501381
Tunis,110150583,way,library,,36.8075723,10.1638249,,,,,,2026-02-15T13:30:52.501381
Tunis,110150634,way,place_of_worship,,36.806053,10.1679993,,,,,,2026-02-15T13:30:52.501381
Tunis,110150658,way,place_of_worship,جامع الفتح,36.8079387,10.1806342,نهج فلسطين,,,,,2026-02-15T13:30:52.501381
Tunis,110150692,way,parking,,36.8066151,10.1637845,,,,,,2026-02-15T13:30:52.501381
Tunis,110150720,way,parking,,36.8124228,10.1740173,,,,,,2026-02-15T13:30:52.501381
Tunis,110150772,way,marketplace,سوق سيدي عبد السلام,36.8097126,10.1646615,,,,,,2026-02-15T13:30:52.501381
Tunis,110150779,way,parking,,36.8073794,10.1808548,,,,,,2026-02-15T13:30:52.501381
Tunis,110150888,way,marketplace,Marché Sidi El Bahri,36.8066375,10.1752323,,,,,,2026-02-15T13:30:52.501381
Tunis,110150894,way,parking,,36.8116244,10.1662767,,,,,,2026-02-15T13:30:52.501381
Tunis,110150900,way,police,,36.8072808,10.1738259,,,,,,2026-02-15T13:30:52.501381
Tunis,110150904,way,parking,,36.8048085,10.1722493,,,,,,2026-02-15T13:30:52.501381
Tunis,110150920,way,parking,,36.8115517,10.1734161,,,,,,2026-02-15T13:30:52.501381
Tunis,110150922,way,parking,,36.8095478,10.173186,,,,,,2026-02-15T13:30:52.501381
Tunis,110340659,way,parking,,36.801347,10.1699874,,,,,,2026-02-15T13:30:52.501381
Tunis,110340660,way,school,,36.8012895,10.1689415,,,,,,2026-02-15T13:30:52.501381
Tunis,110340664,way,school,Lycée El Bécha,36.8023644,10.1663949,Rue du Pacha,,,,,2026-02-15T13:30:52.501381
Tunis,110347291,way,fuel,شل,36.8208251,10.1787081,,,,,,2026-02-15T13:30:52.501381
Tunis,110347295,way,parking,,36.8205417,10.1787228,,,,,,2026-02-15T13:30:52.501381
Tunis,110347297,way,police,الجمارك التونسية,36.8157238,10.1805088,نهج صدربعل,,,,,2026-02-15T13:30:52.501381
Tunis,110347299,way,parking,,36.8095196,10.1789493,,,,,,2026-02-15T13:30:52.501381
Tunis,110347303,way,parking,,36.8144924,10.1796386,,,,,,2026-02-15T13:30:52.501381
Tunis,110347337,way,parking,,36.8153627,10.1832575,,,,,,2026-02-15T13:30:52.501381
Tunis,110347342,way,cafe,Espresso House,36.8138052,10.1832085,,,,,,2026-02-15T13:30:52.501381
Tunis,110347346,way,college,معهد عبدليلي مدرسة جان دارك,36.820052,10.1809258,,,,,,2026-02-15T13:30:52.501381
Tunis,110347373,way,parking,,36.8129793,10.1875701,,,,,,2026-02-15T13:30:52.501381
Tunis,110347381,way,parking,,36.8175782,10.182516,,,,,,2026-02-15T13:30:52.501381
Tunis,110347396,way,school,المدرسة الإبترائية,36.8110456,10.1819072,,,,,,2026-02-15T13:30:52.501381
Tunis,110347406,way,parking,,36.8153188,10.1852963,,,,,,2026-02-15T13:30:52.501381
Tunis,110347407,way,parking,,36.8145132,10.1835341,,,,,,2026-02-15T13:30:52.501381
Tunis,110347417,way,fuel,Equinor,36.8152046,10.1844104,,,,,,2026-02-15T13:30:52.501381
Tunis,110347435,way,parking,,36.8149357,10.1832949,,,,,,2026-02-15T13:30:52.501381
Tunis,110471875,way,school,المدرسة الابتدائية كلود برنار,36.8230334,10.1821317,,,,,,2026-02-15T13:30:52.501381
Tunis,110471881,way,hospital,معهد باستور,36.8234552,10.1792225,,+216 71783 022,http://www.pasteur.tn/,,,2026-02-15T13:30:52.501381
Tunis,110538682,way,parking,,36.8147457,10.1750527,,,,,,2026-02-15T13:30:52.501381
Tunis,110538786,way,parking,,36.8161397,10.1649041,,,,,,2026-02-15T13:30:52.501381
Tunis,110538805,way,school,Lycée Pilote des Arts El Omrane,36.8179563,10.169758,,,,,,2026-02-15T13:30:52.501381
Tunis,110538815,way,fuel,عجيل,36.8134802,10.1676179,,,,,,2026-02-15T13:30:52.501381
Tunis,110538849,way,fuel,شل,36.813756,10.1688173,,,,,,2026-02-15T13:30:52.501381
Tunis,110538903,way,parking,,36.8142549,10.1746409,,,,,,2026-02-15T13:30:52.501381
Tunis,110581643,way,parking,,36.8184785,10.1544644,,,,,,2026-02-15T13:30:52.501381
Tunis,110581689,way,place_of_worship,,36.8232921,10.1534678,,,,,,2026-02-15T13:30:52.501381
Tunis,110581713,way,school,مدرسة ثانوية,36.8188322,10.158989,,,,,,2026-02-15T13:30:52.501381
Tunis,110581715,way,public_building,الصندوق الوطني للضمان الاجتماعي,36.8175567,10.1599448,,,,,,2026-02-15T13:30:52.501381
Tunis,110606074,way,marketplace,,36.822021,10.1632412,,,,,,2026-02-15T13:30:52.501381
Tunis,110606079,way,bank,الاتحاد البنكي للتجارة والصناعة,36.8190528,10.163847,,,,,,2026-02-15T13:30:52.501381
Tunis,110606132,way,parking,,36.8182861,10.1637324,,,,,,2026-02-15T13:30:52.501381
Tunis,110606304,way,school,المدرسة الابتدائية الفرنسية,36.8191444,10.1650425,,,https://www.ert.tn/erd/,,,2026-02-15T13:30:52.501381
Tunis,110606347,way,school,مدرسة,36.8220175,10.1638745,,,,,,2026-02-15T13:30:52.501381
Tunis,110720745,way,parking,,36.8310799,10.1789119,,,,,,2026-02-15T13:30:52.501381
Tunis,110720778,way,college,المدرسة الوطنية للإدارة,36.8319731,10.1751779,,,http://www.ena.nat.tn/,,,2026-02-15T13:30:52.501381
Tunis,110720782,way,parking,,36.8306251,10.1791547,,,,,,2026-02-15T13:30:52.501381
Tunis,110720812,way,parking,,36.8294236,10.1789505,,,,,,2026-02-15T13:30:52.501381
Tunis,110720827,way,school,École Primaire Mendès France,36.8325496,10.1716622,,,,,,2026-02-15T13:30:52.501381
Tunis,110720831,way,parking,,36.8311392,10.1782388,,,,,,2026-02-15T13:30:52.501381
Tunis,110720866,way,parking,,36.8298537,10.1786617,,,,,,2026-02-15T13:30:52.501381
Tunis,110720874,way,clinic,مصحة سان أوقستان,36.8309047,10.1756626,Rue El Imam Abou Hanifa,+216 71 783 033,,,,2026-02-15T13:30:52.501381
Tunis,110720899,way,school,المدرسة الإعدادية بالموقع الجميل,36.8337752,10.164931,,,,,,2026-02-15T13:30:52.501381
Tunis,110720902,way,parking,,36.8328818,10.1786961,,,,,,2026-02-15T13:30:52.501381
Tunis,110720906,way,parking,,36.8297681,10.1776878,,,,,,2026-02-15T13:30:52.501381
Tunis,110720931,way,parking,,36.831076,10.1776285,,,,,,2026-02-15T13:30:52.501381
Tunis,110720934,way,parking,,36.83525,10.1742559,,,,,,2026-02-15T13:30:52.501381
Tunis,110720936,way,school,المعهد الثانوي بيير منديس فرانس,36.833694,10.1752939,نهج مينديس فرنسا,+216 71 781 719,http://www.lyceepmf-tunis.com/,,,2026-02-15T13:30:52.501381
Tunis,110721013,way,parking,,36.8302142,10.1793113,,,,,,2026-02-15T13:30:52.501381
Tunis,110955177,way,school,,36.8372329,10.1786485,,,,,,2026-02-15T13:30:52.501381
Tunis,110955179,way,parking,,36.8340779,10.1794706,,,,,,2026-02-15T13:30:52.501381
Tunis,110955220,way,fuel,طوطال,36.837766,10.1814342,,,,,,2026-02-15T13:30:52.501381
Tunis,110955229,way,post_office,Tunis El Menzah,36.8372616,10.1795749,,,,,,2026-02-15T13:30:52.501381
Tunis,110955245,way,parking,,36.833593,10.1802681,,,,,,2026-02-15T13:30:52.501381
Tunis,110960814,way,parking,,36.8472003,10.1964222,,,,,,2026-02-15T13:30:52.501381
Tunis,110960816,way,parking,,36.8451963,10.197649,,,,,,2026-02-15T13:30:52.501381
Tunis,111040131,way,school,,36.8330852,10.1909601,,,,,,2026-02-15T13:30:52.501381
Tunis,111040143,way,parking,,36.8376441,10.1921612,,,,,,2026-02-15T13:30:52.501381
Tunis,111040145,way,school,مدرسة بورقيبة,36.8337674,10.1952174,,,,,,2026-02-15T13:30:52.501381
Tunis,111040156,way,parking,,36.8351037,10.1966453,,,,,,2026-02-15T13:30:52.501381
Tunis,111040168,way,parking,,36.8371236,10.1930553,,,,,,2026-02-15T13:30:52.501381
Tunis,111040206,way,parking,,36.8357703,10.2000286,,,,,,2026-02-15T13:30:52.501381
Tunis,111040209,way,parking,,36.836737,10.1918542,,,,,,2026-02-15T13:30:52.501381
Tunis,111040233,way,parking,,36.8377827,10.1974106,,,,,,2026-02-15T13:30:52.501381
Tunis,111040248,way,parking,,36.8383107,10.1923269,,,,,,2026-02-15T13:30:52.501381
Tunis,111040260,way,parking,,36.8365765,10.191131,,,,,,2026-02-15T13:30:52.501381
Tunis,111040268,way,place_of_worship,,36.8373149,10.1943992,,,,,,2026-02-15T13:30:52.501381
Tunis,111040276,way,parking,,36.8378746,10.1943353,,,,,,2026-02-15T13:30:52.501381
Tunis,111040301,way,parking,,36.8358735,10.1908699,,,,,,2026-02-15T13:30:52.501381
Tunis,111040302,way,parking,,36.8379432,10.1921924,,,,,,2026-02-15T13:30:52.501381
Tunis,111040326,way,parking,,36.8377039,10.1955613,,,,,,2026-02-15T13:30:52.501381
Tunis,111040331,way,parking,,36.8357338,10.1918377,,,,,,2026-02-15T13:30:52.501381
Tunis,111040334,way,parking,,36.8376057,10.1926249,,,,,,2026-02-15T13:30:52.501381
Tunis,111040337,way,parking,,36.8376359,10.1917712,,,,,,2026-02-15T13:30:52.501381
Tunis,111040338,way,school,مدرسة المنجي سليم,36.8380542,10.1965449,,,,,,2026-02-15T13:30:52.501381
Tunis,111040340,way,parking,,36.8347583,10.1972577,,,,,,2026-02-15T13:30:52.501381
Tunis,111040341,way,parking,,36.8363026,10.1921282,,,,,,2026-02-15T13:30:52.501381
Tunis,111040346,way,parking,,36.8348809,10.1974806,,,,,,2026-02-15T13:30:52.501381
Tunis,111040347,way,parking,,36.8366734,10.1990632,,,,,,2026-02-15T13:30:52.501381
Tunis,111040350,way,parking,,36.839138,10.1948767,,,,,,2026-02-15T13:30:52.501381
Tunis,111040357,way,marketplace,Marché El Khadra,36.8325033,10.1929556,,,,,,2026-02-15T13:30:52.501381
Tunis,111040386,way,parking,,36.8373702,10.1932828,,,,,,2026-02-15T13:30:52.501381
Tunis,111040391,way,parking,,36.837353,10.1955277,,,,,,2026-02-15T13:30:52.501381
Tunis,111040393,way,parking,,36.8386665,10.1942111,,,,,,2026-02-15T13:30:52.501381
Tunis,111040404,way,parking,,36.8341445,10.1958394,,,,,,2026-02-15T13:30:52.501381
Tunis,111040405,way,parking,,36.8380275,10.1957745,,,,,,2026-02-15T13:30:52.501381
Tunis,111040406,way,parking,,36.8370738,10.1944451,,,,,,2026-02-15T13:30:52.501381
Tunis,111040410,way,parking,,36.8328154,10.1936337,,,,,,2026-02-15T13:30:52.501381
Tunis,111040415,way,parking,,36.8365636,10.1935186,,,,,,2026-02-15T13:30:52.501381
Tunis,111040434,way,parking,,36.8381386,10.1938629,,,,,,2026-02-15T13:30:52.501381
Tunis,111040437,way,parking,,36.8386005,10.1956727,,,,,,2026-02-15T13:30:52.501381
Tunis,111048721,way,parking,,36.826521,10.1972623,,,,,,2026-02-15T13:30:52.501381
Tunis,111048731,way,parking,,36.8348633,10.2000076,,,,,,2026-02-15T13:30:52.501381
Tunis,111048733,way,parking,,36.8268856,10.1943269,,,,,,2026-02-15T13:30:52.501381
Tunis,111048738,way,parking,,36.8270674,10.1949283,,,,,,2026-02-15T13:30:52.501381
Tunis,111048739,way,parking,,36.8274321,10.1944378,,,,,,2026-02-15T13:30:52.501381
Tunis,111048741,way,parking,,36.8344757,10.2000753,,,,,,2026-02-15T13:30:52.501381
Tunis,111048747,way,fuel,طوطال,36.8311582,10.2003908,,,,,,2026-02-15T13:30:52.501381
Tunis,111048753,way,parking,,36.8302099,10.2000215,,,,,,2026-02-15T13:30:52.501381
Tunis,111048755,way,parking,,36.8256365,10.19725,,,,,,2026-02-15T13:30:52.501381
Tunis,111048757,way,parking,,36.826276,10.196825,,,,,,2026-02-15T13:30:52.501381
Tunis,111048761,way,parking,,36.827511,10.1995892,,,,,,2026-02-15T13:30:52.501381
Tunis,111048765,way,parking,,36.8315218,10.1962505,,,,,,2026-02-15T13:30:52.501381
Tunis,111048768,way,school,مدرسة ثانوية,36.8270832,10.1987413,,,,,,2026-02-15T13:30:52.501381
Tunis,111048772,way,parking,,36.828254,10.1960182,,,,,,2026-02-15T13:30:52.501381
Tunis,111048778,way,parking,,36.8261604,10.195926,,,,,,2026-02-15T13:30:52.501381
Tunis,111048783,way,place_of_worship,جامع التوبة,36.8289032,10.1926778,,,,,,2026-02-15T13:30:52.501381
Tunis,111048784,way,parking,,36.8296572,10.1999653,,,,,,2026-02-15T13:30:52.501381
Tunis,111048786,way,car_wash,,36.8313056,10.2001924,,,,,,2026-02-15T13:30:52.501381
Tunis,111048788,way,parking,,36.8336803,10.200165,,,,,,2026-02-15T13:30:52.501381
Tunis,111048790,way,school,,36.8290077,10.1964675,,,,,,2026-02-15T13:30:52.501381
Tunis,117136188,way,parking,,36.8378475,10.2121349,,,,,,2026-02-15T13:30:52.501381
Tunis,117136258,way,parking,,36.8387461,10.2148147,,,,,,2026-02-15T13:30:52.501381
Tunis,117147206,way,parking,,36.836693,10.2137667,,,,,,2026-02-15T13:30:52.501381
Tunis,117147231,way,parking,,36.8431521,10.2132223,,,,,,2026-02-15T13:30:52.501381
Tunis,117147258,way,parking,,36.8428616,10.2132072,,,,,,2026-02-15T13:30:52.501381
Tunis,117147269,way,parking,,36.8431121,10.2133001,,,,,,2026-02-15T13:30:52.501381
Tunis,117147286,way,parking,,36.8431286,10.2130377,,,,,,2026-02-15T13:30:52.501381
Tunis,117147341,way,parking,,36.8431247,10.2134245,,,,,,2026-02-15T13:30:52.501381
Tunis,117147376,way,parking,,36.8429801,10.2143416,,,,,,2026-02-15T13:30:52.501381
Tunis,117426345,way,parking,,36.8396027,10.1582488,,,,,,2026-02-15T13:30:52.501381
Tunis,117426348,way,parking,,36.8388018,10.1547479,,,,,,2026-02-15T13:30:52.501381
Tunis,117426350,way,parking,,36.8386098,10.1555807,,,,,,2026-02-15T13:30:52.501381
Tunis,117426352,way,parking,,36.8396746,10.1600443,,,,,,2026-02-15T13:30:52.501381
Tunis,117426355,way,fuel,أويليبيا,36.8428858,10.1649591,,,,,,2026-02-15T13:30:52.501381
Tunis,117426357,way,parking,,36.840677,10.1570372,,,,,,2026-02-15T13:30:52.501381
Tunis,117426359,way,parking,,36.8367466,10.158372,,,,,,2026-02-15T13:30:52.501381
Tunis,117426361,way,parking,,36.8355903,10.1544621,,,,,,2026-02-15T13:30:52.501381
Tunis,117426370,way,parking,,36.834388,10.1488453,,,,,,2026-02-15T13:30:52.501381
Tunis,117426372,way,parking,,36.8372386,10.1574608,,,,,,2026-02-15T13:30:52.501381
Tunis,117426381,way,parking,,36.8353361,10.137766,,,,,,2026-02-15T13:30:52.501381
Tunis,117426383,way,parking,,36.8380774,10.1628637,,,,,,2026-02-15T13:30:52.501381
Tunis,117426404,way,parking,,36.8374916,10.1585408,,,,,,2026-02-15T13:30:52.501381
Tunis,117426438,way,parking,,36.8384265,10.1590356,,,,,,2026-02-15T13:30:52.501381
Tunis,117426440,way,parking,,36.8377332,10.161155,,,,,,2026-02-15T13:30:52.501381
Tunis,117426442,way,parking,,36.8365289,10.1600305,,,,,,2026-02-15T13:30:52.501381
Tunis,117426446,way,parking,,36.8407629,10.1541571,,,,,,2026-02-15T13:30:52.501381
Tunis,117426448,way,car_wash,,36.8426763,10.1647742,,,,,,2026-02-15T13:30:52.501381
Tunis,117426449,way,parking,,36.8349277,10.1564185,,,,,,2026-02-15T13:30:52.501381
Tunis,117426451,way,parking,,36.837165,10.161212,,,,,,2026-02-15T13:30:52.501381
Tunis,117426460,way,hospital,,36.8426438,10.1655623,,,,,,2026-02-15T13:30:52.501381
Tunis,117426461,way,parking,,36.8372265,10.1538501,,,,,,2026-02-15T13:30:52.501381
Tunis,117426466,way,parking,,36.8442551,10.1628782,,,,,,2026-02-15T13:30:52.501381
Tunis,117426467,way,parking,,36.8393473,10.1608294,,,,,,2026-02-15T13:30:52.501381
Tunis,117426468,way,parking,,36.8354098,10.1549046,,,,,,2026-02-15T13:30:52.501381
Tunis,117426469,way,parking,,36.8368749,10.155803,,,,,,2026-02-15T13:30:52.501381
Tunis,117426470,way,parking,,36.8351134,10.1532635,,,,,,2026-02-15T13:30:52.501381
Tunis,117426473,way,parking,,36.8441261,10.1624121,,,,,,2026-02-15T13:30:52.501381
Tunis,117426477,way,parking,,36.8360087,10.1546611,,,,,,2026-02-15T13:30:52.501381
Tunis,117426478,way,fuel,أوليبيا,36.8379179,10.1633274,,,,,,2026-02-15T13:30:52.501381
Tunis,117426479,way,parking,,36.8311535,10.1505389,,,,,,2026-02-15T13:30:52.501381
Tunis,117426480,way,parking,,36.8404258,10.1528648,,,,,,2026-02-15T13:30:52.501381
Tunis,117439139,way,place_of_worship,جامع إبراهيم الخليل المنار 1,36.8373296,10.1401741,,,,,,2026-02-15T13:30:52.501381
Tunis,137882323,way,college,المدرسة العليا للعلوم الاقتصادية والتجارية,36.7869884,10.1751436,,,,,,2026-02-15T13:30:52.501381
Tunis,138715878,way,parking,,36.8114153,10.1836064,,,,,,2026-02-15T13:30:52.501381
Tunis,142880976,way,bank,التجاري بنك,36.8296917,10.1706236,,,,,,2026-02-15T13:30:52.501381
Tunis,142880977,way,bank,البنك التونسي,36.8184781,10.1833361,,,,Mo-Fr 08:00-16:00,,2026-02-15T13:30:52.501381
Tunis,142881083,way,parking,,36.8094397,10.1832887,,,,,,2026-02-15T13:30:52.501381
Tunis,142881086,way,parking,,36.8097228,10.1832515,,,,,,2026-02-15T13:30:52.501381
Tunis,142881088,way,parking,,36.809565,10.1837011,,,,,,2026-02-15T13:30:52.501381
Tunis,142881089,way,parking,,36.8100002,10.183215,,,,,,2026-02-15T13:30:52.501381
Tunis,145242746,way,parking,,36.7980631,10.1851841,,,,,,2026-02-15T13:30:52.501381
Tunis,145244866,way,parking,,36.7983038,10.1855781,,,,,,2026-02-15T13:30:52.501381
Tunis,151947694,way,restaurant,نادي الضباط,36.8209852,10.1756596,,,,24/7,,2026-02-15T13:30:52.501381
Tunis,154804858,way,parking,,36.8029609,10.1891298,,,,,,2026-02-15T13:30:52.501381
Tunis,154804867,way,parking,,36.8106181,10.1841073,,,,,,2026-02-15T13:30:52.501381
Tunis,154804868,way,parking,,36.8130879,10.1851192,,,,,,2026-02-15T13:30:52.501381
Tunis,157133965,way,parking,,36.8018926,10.1553978,,,,,,2026-02-15T13:30:52.501381
Tunis,157133968,way,parking,,36.8020924,10.1548286,,,,,,2026-02-15T13:30:52.501381
Tunis,157133969,way,parking,,36.8024754,10.1543683,,,,,,2026-02-15T13:30:52.501381
Tunis,157133970,way,parking,,36.801555,10.1553997,,,,,,2026-02-15T13:30:52.501381
Tunis,159603209,way,parking,,36.8309568,10.1812601,,,,,,2026-02-15T13:30:52.501381
Tunis,163064470,way,hospital,Polyclinique el Farabi,36.8482963,10.1678033,Rue Zaghouani,+216 71 750 500;+216 71 233 916,,,,2026-02-15T13:30:52.501381
Tunis,163064480,way,parking,,36.8483,10.1679215,,,,,,2026-02-15T13:30:52.501381
Tunis,171900701,way,parking,,36.8026419,10.2212078,,,,,,2026-02-15T13:30:52.501381
Tunis,171900710,way,parking,,36.8025128,10.2208939,,,,,,2026-02-15T13:30:52.501381
Tunis,172208022,way,public_building,,36.8509533,10.1894461,,,,,,2026-02-15T13:30:52.501381
Tunis,172299508,way,fuel,,36.8118792,10.1507281,,,,,,2026-02-15T13:30:52.501381
Tunis,172302295,way,fuel,شل,36.7935459,10.1869329,,,,,,2026-02-15T13:30:52.501381
Tunis,172346538,way,school,École Primaire El Kehna,36.8510243,10.1812032,Avenue Abderrahman khabthani,,,,,2026-02-15T13:30:52.501381
Tunis,172468293,way,parking,,36.850277,10.1920165,,,,,,2026-02-15T13:30:52.501381
Tunis,178178766,way,fuel,شل,36.8132578,10.1483244,,,,,,2026-02-15T13:30:52.501381
Tunis,179091745,way,post_office,تجمع البلفيدير (ساحة باستور),36.8216099,10.1778724,,,,,,2026-02-15T13:30:52.501381
Tunis,179898311,way,parking,,36.8302069,10.161321,,,,,,2026-02-15T13:30:52.501381
Tunis,179942897,way,post_office,La Poste Le Bardo,36.8091127,10.1365535,,,,,,2026-02-15T13:30:52.501381
Tunis,179942994,way,parking,,36.810046,10.13584,,,,,,2026-02-15T13:30:52.501381
Tunis,179942997,way,parking,,36.8084098,10.1366116,,,,,,2026-02-15T13:30:52.501381
Tunis,179943024,way,parking,,36.8079926,10.1360345,,,,,,2026-02-15T13:30:52.501381
Tunis,179943033,way,parking,,36.8100508,10.1343426,,,,,,2026-02-15T13:30:52.501381
Tunis,179943034,way,parking,boutique zaina,36.8096837,10.1377921,,,,,,2026-02-15T13:30:52.501381
Tunis,179947569,way,parking,,36.8058567,10.1335775,,,,,,2026-02-15T13:30:52.501381
Tunis,179953465,way,parking,,36.7732468,10.1709611,,,,,,2026-02-15T13:30:52.501381
Tunis,179953470,way,parking,,36.7737177,10.173265,,,,,,2026-02-15T13:30:52.501381
Tunis,180180022,way,arts_centre,دار الشباب بخزندار,36.806201,10.1268005,شارع الإستقلال,,,,,2026-02-15T13:30:52.501381
Tunis,180205813,way,parking,,36.8097625,10.1488055,,,,,,2026-02-15T13:30:52.501381
Tunis,180208887,way,police,فرقة مجابهة الارهاب,36.803923,10.1480917,,,,,,2026-02-15T13:30:52.501381
Tunis,180208888,way,parking,,36.8040925,10.1456075,,,,,,2026-02-15T13:30:52.501381
Tunis,180208889,way,parking,,36.8059531,10.147726,,,,,,2026-02-15T13:30:52.501381
Tunis,180208890,way,parking,,36.8026202,10.1495698,,,,,,2026-02-15T13:30:52.501381
Tunis,180208891,way,parking,,36.8029126,10.1485994,,,,,,2026-02-15T13:30:52.501381
Tunis,180208892,way,parking,,36.8068372,10.148512,,,,,,2026-02-15T13:30:52.501381
Tunis,180208893,way,school,كلية يوغرطة,36.8061186,10.1428996,,,,,,2026-02-15T13:30:52.501381
Tunis,180208896,way,parking,,36.8055615,10.1498885,,,,,,2026-02-15T13:30:52.501381
Tunis,180208897,way,parking,,36.8039564,10.1489583,,,,,,2026-02-15T13:30:52.501381
Tunis,180208898,way,parking,,36.8058286,10.1495335,,,,,,2026-02-15T13:30:52.501381
Tunis,180208899,way,parking,,36.8040371,10.1473411,,,,,,2026-02-15T13:30:52.501381
Tunis,180208900,way,parking,,36.8065018,10.1479872,,,,,,2026-02-15T13:30:52.501381
Tunis,180208901,way,parking,,36.8033579,10.1506982,,,,,,2026-02-15T13:30:52.501381
Tunis,180208902,way,parking,,36.8048356,10.1471253,,,,,,2026-02-15T13:30:52.501381
Tunis,180208905,way,parking,,36.8029373,10.1499505,,,,,,2026-02-15T13:30:52.501381
Tunis,180208906,way,parking,,36.805704,10.1491926,,,,,,2026-02-15T13:30:52.501381
Tunis,180239392,way,hospital,Hôpital Ernest Conseil,36.8016946,10.1561283,,,,,,2026-02-15T13:30:52.501381
Tunis,180239420,way,hospital,مستشفى الرابطة,36.8018656,10.1547409,,,,,,2026-02-15T13:30:52.501381
Tunis,180239568,way,university,كلية الطب بتونس,36.8042954,10.1553575,,,,,,2026-02-15T13:30:52.501381
Tunis,180239569,way,hospital,مستشفى الرابطة,36.8021598,10.155596,,,,,,2026-02-15T13:30:52.501381
Tunis,180239570,way,parking,,36.8032045,10.152672,,,,,,2026-02-15T13:30:52.501381
Tunis,180239572,way,parking,,36.8024976,10.1563301,,,,,,2026-02-15T13:30:52.501381
Tunis,180239574,way,parking,,36.803287,10.1532172,,,,,,2026-02-15T13:30:52.501381
Tunis,180239577,way,parking,,36.8013,10.1547909,,,,,,2026-02-15T13:30:52.501381
Tunis,180239581,way,parking,,36.8022947,10.1537032,,,,,,2026-02-15T13:30:52.501381
Tunis,180239582,way,parking,,36.8035216,10.1627909,,,,,,2026-02-15T13:30:52.501381
Tunis,180239584,way,parking,,36.8007616,10.1575917,,,,,,2026-02-15T13:30:52.501381
Tunis,180242274,way,hospital,المعهد الوطني لأمراض الأعصاب,36.801038,10.1582164,,,,,,2026-02-15T13:30:52.501381
Tunis,180242276,way,veterinary,معهد البحوث البيطرية بتونس,36.8018738,10.1586807,,,,,,2026-02-15T13:30:52.501381
Tunis,180242277,way,parking,,36.8023246,10.1573296,,,,,,2026-02-15T13:30:52.501381
Tunis,180242282,way,parking,,36.8022188,10.1592939,,,,,,2026-02-15T13:30:52.501381
Tunis,180242285,way,parking,,36.8032203,10.1578694,,,,,,2026-02-15T13:30:52.501381
Tunis,180267933,way,school,المدرسة الإعدادية,36.8061593,10.1560988,,,,,,2026-02-15T13:30:52.501381
Tunis,180268041,way,college,المعهد الأعلى للتصرف بتونس,36.8048314,10.151283,,,,,,2026-02-15T13:30:52.501381
Tunis,180268042,way,hospital,المعهد الوطني لأمراض الأعصاب,36.8055521,10.1569961,,,,,,2026-02-15T13:30:52.501381
Tunis,180268044,way,college,المعهد الوطني للتغذية و التقنيات الغذائية,36.805876,10.1571878,,,,,,2026-02-15T13:30:52.501381
Tunis,180268049,way,hospital,مستشفى الأطفال,36.806653,10.1589847,,,,,,2026-02-15T13:30:52.501381
Tunis,180268051,way,hospital,معهد الهادي الرايس لأمراض العيون,36.8063091,10.1598061,شارع 9 أفريل 1938,+216 71 263 701,,,yes,2026-02-15T13:30:52.501381
Tunis,180268053,way,hospital,معهد صالح عزيز,36.8071912,10.1583476,,,https://www.institutsalahazaiez.com,,,2026-02-15T13:30:52.501381
Tunis,180268072,way,parking,,36.8069991,10.1506871,,,,,,2026-02-15T13:30:52.501381
Tunis,180268076,way,parking,,36.8019381,10.1526556,,,,,,2026-02-15T13:30:52.501381
Tunis,180268078,way,parking,,36.8078145,10.1501231,,,,,,2026-02-15T13:30:52.501381
Tunis,180268082,way,parking,,36.8066264,10.1508194,,,,,,2026-02-15T13:30:52.501381
Tunis,180268083,way,parking,,36.8074473,10.1505151,,,,,,2026-02-15T13:30:52.501381
Tunis,180268084,way,parking,,36.8084382,10.1508294,,,,,,2026-02-15T13:30:52.501381
Tunis,180268089,way,parking,,36.8080931,10.1495833,,,,,,2026-02-15T13:30:52.501381
Tunis,180690883,way,school,Lycée Menzah IX,36.8467289,10.1558669,,,,,,2026-02-15T13:30:52.501381
Tunis,180690958,way,parking,,36.8437575,10.1538093,,,,,,2026-02-15T13:30:52.501381
Tunis,180690976,way,parking,,36.8455761,10.1549784,,,,,,2026-02-15T13:30:52.501381
Tunis,180690977,way,parking,,36.8432002,10.1539922,,,,,,2026-02-15T13:30:52.501381
Tunis,180690981,way,parking,,36.8455116,10.1530295,,,,,,2026-02-15T13:30:52.501381
Tunis,182091888,way,arts_centre,معهد غوته,36.8179179,10.1805899,نهج السنغال,+216 71 848 266,,,,2026-02-15T13:30:52.501381
Tunis,182091922,way,arts_centre,المجلس الثقافي البريطاني,36.8211867,10.1807843,,,,,,2026-02-15T13:30:52.501381
Tunis,182091923,way,bank,BTE,36.8221389,10.1797412,,,,,,2026-02-15T13:30:52.501381
Tunis,182091942,way,place_of_worship,كنيسة القديس جان دارك,36.8190082,10.1807668,,,,,,2026-02-15T13:30:52.501381
Tunis,182091944,way,parking,,36.8188507,10.1809831,,,,,,2026-02-15T13:30:52.501381
Tunis,182091956,way,parking,,36.8187519,10.1804784,,,,,,2026-02-15T13:30:52.501381
Tunis,182100732,way,clinic,عيادة مونبليزير,36.8169575,10.1852933,Rue Elless,+216 71 905 001,https://www.cliniquemontplaisir.com/,,,2026-02-15T13:30:52.501381
Tunis,182100735,way,public_building,Ministère du Transport,36.8164927,10.1857785,,,,,,2026-02-15T13:30:52.501381
Tunis,182100739,way,bank,الشركة التونسية للبنك,36.8170288,10.1843879,,,,Mo-Fr 08:00-16:00,,2026-02-15T13:30:52.501381
Tunis,182100740,way,place_of_worship,,36.8188948,10.1911519,,,,,,2026-02-15T13:30:52.501381
Tunis,182100743,way,parking,,36.8177598,10.1870204,,,,,,2026-02-15T13:30:52.501381
Tunis,182100744,way,parking,,36.8172087,10.1846954,,,,,,2026-02-15T13:30:52.501381
Tunis,182100745,way,parking,,36.8182238,10.1865975,,,,,,2026-02-15T13:30:52.501381
Tunis,182100746,way,parking,,36.8214475,10.191291,,,,,,2026-02-15T13:30:52.501381
Tunis,182100747,way,parking,,36.8204395,10.1921881,,,,,,2026-02-15T13:30:52.501381
Tunis,182186311,way,bank,الشركة التونسية للبنك,36.8321215,10.2108637,,,,,,2026-02-15T13:30:52.501381
Tunis,182728339,way,police,منطقة الامن الوطني بالمنزه,36.8339768,10.1673423,,,,,,2026-02-15T13:30:52.501381
Tunis,182728340,way,townhall,بلدية تونس - دائرة المنزه,36.8341702,10.167323,,,,,,2026-02-15T13:30:52.501381
Tunis,182774305,way,fuel,أويليبيا,36.7764407,10.2129059,,,,,,2026-02-15T13:30:52.501381
Tunis,187642836,way,cafe,,36.832098,10.1471843,,,,,,2026-02-15T13:30:52.501381
Tunis,190310052,way,marketplace,,36.7987025,10.1503222,,,,,,2026-02-15T13:30:52.501381
Tunis,191944211,way,parking,بلماريوم,36.798682,10.1810555,,,,,,2026-02-15T13:30:52.501381
Tunis,193467988,way,bank,البنك الافريقي للتنمية,36.8075129,10.1837602,Avenue du Ghana,,,,,2026-02-15T13:30:52.501381
Tunis,193467989,way,bank,البنك الافريقي للتنمية,36.8068912,10.1838475,Avenue du Ghana,,,,,2026-02-15T13:30:52.501381
Tunis,193467995,way,restaurant,Le Comptoir De Tunis,36.8089417,10.1836963,,,,,,2026-02-15T13:30:52.501381
Tunis,193468009,way,parking,,36.8068616,10.1832367,,,,,,2026-02-15T13:30:52.501381
Tunis,193468010,way,parking,,36.8069677,10.1837632,,,,,,2026-02-15T13:30:52.501381
Tunis,199901903,way,bank,بنك تونس العربي الدولي,36.7963003,10.1831353,نهج أحمد التليلي,,,,,2026-02-15T13:30:52.501381
Tunis,201812946,way,university,جامعة تونس الافتراضية,36.8346908,10.1749686,نهج يحيى بن عمر,+216 71 289 981,https://www.uvt.rnu.tn/,,,2026-02-15T13:30:52.501381
Tunis,203029531,way,bus_station,Bab Saadoun,36.8106356,10.1535751,,,,,,2026-02-15T13:30:52.501381
Tunis,227578234,way,school,الكلية بيير منديس فرانس,36.8346908,10.1749686,,,https://www.ert.tn/pmf/,,,2026-02-15T13:30:52.501381
Tunis,241046850,way,place_of_worship,جامع الحمد,36.781086,10.1769034,نهج الحمد,,,,,2026-02-15T13:30:52.501381
Tunis,244110513,way,parking,,36.8156199,10.1794279,,,,,,2026-02-15T13:30:52.501381
Tunis,252496175,way,school,École Primaire Avenue Habib Bourguiba,36.8085902,10.1374957,شارع الحبيب بورقيبة,,,,,2026-02-15T13:30:52.501381
Tunis,252496176,way,school,École Primaire Rue Tazarka,36.8101422,10.1415363,Rue Tazarka,,,,,2026-02-15T13:30:52.501381
Tunis,252496304,way,parking,,36.8089431,10.1376804,,,,,,2026-02-15T13:30:52.501381
Tunis,253062059,way,parking,,36.7983457,10.1860086,,,,,,2026-02-15T13:30:52.501381
Tunis,253063084,way,fuel,طوطال,36.795316,10.186787,,,,,,2026-02-15T13:30:52.501381
Tunis,253063086,way,fuel,عجيل,36.7904004,10.1832145,,,,,,2026-02-15T13:30:52.501381
Tunis,253397882,way,parking,,36.7955775,10.1835228,,,,,,2026-02-15T13:30:52.501381
Tunis,265015054,way,university,الجامعة الإفتراضية,36.8340778,10.1764907,,,,,,2026-02-15T13:30:52.501381
Tunis,277292099,way,place_of_worship,,36.8499644,10.1771465,,,,,,2026-02-15T13:30:52.501381
Tunis,297725764,way,place_of_worship,جامع الحمد,36.8043852,10.1429141,,,,,,2026-02-15T13:30:52.501381
Tunis,307026646,way,hospital,مصحة المنار,36.8352984,10.151085,,,,,,2026-02-15T13:30:52.501381
Tunis,309399503,way,bank,UBCI,36.7941066,10.1825892,,,,,,2026-02-15T13:30:52.501381
Tunis,319547992,way,courthouse,محكمة الناحية الزهور,36.7971845,10.1442875,,,,,,2026-02-15T13:30:52.501381
Tunis,320309456,way,post_office,مكتب البريد المنار 2,36.8389057,10.1565903,,,,,,2026-02-15T13:30:52.501381
Tunis,320311916,way,university,المدرسة الوطنية للمهندسين بتونس,36.829951,10.1452904,نهج البشير سالم بلخيرية,+216 71 874 700,https://enit.rnu.tn/,,limited,2026-02-15T13:30:52.501381
Tunis,333679329,way,bank,البنك التونسي للتضامن,36.8168111,10.1832494,شارع محمد الخامس,,,,,2026-02-15T13:30:52.501381
Tunis,333679365,way,cafe,البارك,36.8159452,10.1823933,,,,,,2026-02-15T13:30:52.501381
Tunis,333679388,way,restaurant,The Corner,36.8110732,10.1835015,,,,,,2026-02-15T13:30:52.501381
Tunis,333679451,way,parking,,36.8097043,10.1826119,,,,,,2026-02-15T13:30:52.501381
Tunis,333679453,way,cafe,الصفراء,36.8152179,10.1816972,,,,,,2026-02-15T13:30:52.501381
Tunis,333679507,way,bank,بنك الإسكان,36.8168204,10.1812958,,,,,,2026-02-15T13:30:52.501381
Tunis,333679538,way,pharmacy,PHARMACIE TAHER CHAOUCH,36.8165748,10.1808556,Avenue Hédi Chaker,+21671289806,https://sites.google.com/view/pharmacietaherchaouch,Mo-Sa 08:00-20:00,yes,2026-02-15T13:30:52.501381
Tunis,367293233,way,parking,موقف سيارات,36.8411616,10.1737391,,,,,,2026-02-15T13:30:52.501381
Tunis,369241719,way,school,École et Collège Privée HORIZON,36.8372417,10.1414441,Rue Mohamed Abd El Wahab,,,,,2026-02-15T13:30:52.501381
Tunis,372846717,way,parking,,36.8168952,10.18616,,,,,,2026-02-15T13:30:52.501381
Tunis,372846718,way,parking,,36.81755,10.1865498,,,,,,2026-02-15T13:30:52.501381
Tunis,377638718,way,place_of_worship,,36.7926442,10.1733555,,,,,,2026-02-15T13:30:52.501381
Tunis,380571365,way,place_of_worship,,36.7946162,10.1723629,,,,,,2026-02-15T13:30:52.501381
Tunis,389589621,way,community_centre,FabLab Solidaire - Jeunes Science de TUNISIE,36.8309417,10.1891017,Rue Alain Savary,+216 71 772 816,htttp://fablabtunisia.org,,,2026-02-15T13:30:52.501381
Tunis,396611596,way,toilets,W.C,36.8346655,10.1461011,,,,,,2026-02-15T13:30:52.501381
Tunis,435139649,way,parking,,36.8310742,10.1992334,,,,,,2026-02-15T13:30:52.501381
Tunis,435139650,way,parking,,36.8305503,10.1989423,,,,,,2026-02-15T13:30:52.501381
Tunis,435139652,way,parking,,36.8305454,10.1986273,,,,,,2026-02-15T13:30:52.501381
Tunis,435139654,way,parking,,36.8290278,10.1998102,,,,,,2026-02-15T13:30:52.501381
Tunis,435139656,way,parking,,36.8311112,10.1989931,,,,,,2026-02-15T13:30:52.501381
Tunis,435139658,way,parking,,36.8321557,10.1992582,,,,,,2026-02-15T13:30:52.501381
Tunis,435139659,way,parking,,36.8326625,10.1990983,,,,,,2026-02-15T13:30:52.501381
Tunis,435139661,way,parking,,36.8332934,10.1993427,,,,,,2026-02-15T13:30:52.501381
Tunis,441785346,way,school,École Primaire Publique: Rue des pins,36.8078159,10.1471063,,,,,,2026-02-15T13:30:52.501381
Tunis,441788207,way,school,Lycée El Hadika,36.8215009,10.1314488,,,,,,2026-02-15T13:30:52.501381
Tunis,464610764,way,school,École Primaire Essaidia,36.802437,10.1263391,Rue des Palmiers,,,,,2026-02-15T13:30:52.501381
Tunis,487956929,way,cafe,Caffée,36.8384179,10.1934126,,,,,,2026-02-15T13:30:52.501381
Tunis,492143483,way,parking,,36.8412889,10.1866765,,,,,,2026-02-15T13:30:52.501381
Tunis,506414585,way,place_of_worship,سيدي الحاري,36.8044389,10.1731736,,,,,,2026-02-15T13:30:52.501381
Tunis,509488172,way,university,المعهد العالي للفنون الجميلة بتونس,36.8109135,10.1624763,شارع الجيش الوطني,,,,,2026-02-15T13:30:52.501381
Tunis,521318797,way,college,المدرسة الوطنية العليا للمهندسين بتونس,36.7846817,10.1788788,شارع طه حسين,+216 71 399 525,http://www.ensit.tn/,,,2026-02-15T13:30:52.501381
Tunis,521527329,way,college,مدرسة الصناعات الغذائية بتونس,36.831779,10.1872319,نهج آلان سافاري,+216 71 770 399,,,,2026-02-15T13:30:52.501381
Tunis,521531623,way,college,Centre Sectoriel de Formation en Télécommunications,36.8341694,10.1857302,,+216 97 277 668,,,,2026-02-15T13:30:52.501381
Tunis,521543349,way,bank,البنك الافريقي للتنمية,36.8095802,10.1834353,,,,,,2026-02-15T13:30:52.501381
Tunis,522407308,way,hospital,مصحة باستور,36.8492,10.1986852,الشرقية 1,,,,,2026-02-15T13:30:52.501381
Tunis,522409608,way,bank,BH,36.8470432,10.200081,,,,,,2026-02-15T13:30:52.501381
Tunis,522416369,way,clinic,مصحة الياسمين,36.846494,10.199082,,,,,,2026-02-15T13:30:52.501381
Tunis,522416373,way,clinic,مصحة قرطجنة,36.84543,10.1998619,,+216 31 336 336,https://carthagene.tn/,24/7,,2026-02-15T13:30:52.501381
Tunis,522418012,way,bank,BTL,36.8464333,10.1963118,,,,,,2026-02-15T13:30:52.501381
Tunis,522418015,way,bank,مصرف الزيتونة,36.846854,10.1960154,,,,,,2026-02-15T13:30:52.501381
Tunis,522604799,way,post_office,Tunis Mohamed V,36.8050462,10.1841909,,,,,,2026-02-15T13:30:52.501381
Tunis,525848682,way,bank,North Africa International Bank,36.8208988,10.1925287,,,,,,2026-02-15T13:30:52.501381
Tunis,525859842,way,bar,Le Duplex,36.8188336,10.1838125,,,,,,2026-02-15T13:30:52.501381
Tunis,526128448,way,cafe,Café MARINA,36.7981411,10.188885,,,,,,2026-02-15T13:30:52.501381
Tunis,526141498,way,school,Lycée Privé SMIDA,36.7952584,10.181772,,,,,,2026-02-15T13:30:52.501381
Tunis,526162373,way,post_office,Tunis Hached,36.7971455,10.1823036,,,,,,2026-02-15T13:30:52.501381
Tunis,530724102,way,place_of_worship,جامع نهج ديوان,36.7994465,10.170259,,,,,,2026-02-15T13:30:52.501381
Tunis,536735293,way,school,École Primaire Privée Charlemagne,36.8443488,10.1826586,,,,,,2026-02-15T13:30:52.501381
Tunis,536857954,way,pharmacy,,36.8431361,10.1823909,شارع 10 ديسمبر 1948,+216 71 232 255,,,,2026-02-15T13:30:52.501381
Tunis,538789384,way,place_of_worship,,36.8412229,10.1996606,,,,,,2026-02-15T13:30:52.501381
Tunis,547956090,way,fountain,,36.800243,10.1862004,,,,,,2026-02-15T13:30:52.501381
Tunis,547956092,way,parking,,36.8008419,10.1870909,,,,,,2026-02-15T13:30:52.501381
Tunis,547963174,way,university,عمادة المهندسين التونسيين,36.7999589,10.1873408,,,,,,2026-02-15T13:30:52.501381
Tunis,564140925,way,hospital,صيدلية الليل,36.824732,10.1395882,شارع ابن الخطيب,,,,,2026-02-15T13:30:52.501381
Tunis,564140926,way,hospital,صيدلية اليوم,36.8249191,10.1394206,شارع ابن الخطيب,,,,,2026-02-15T13:30:52.501381
Tunis,567533941,way,planetarium,Planétarium,36.8495763,10.1885073,,,,,,2026-02-15T13:30:52.501381
Tunis,590163378,way,kindergarten,Jardin D'enfants,36.8239334,10.1825146,نهج الطبيب الفونس لافران,,,,,2026-02-15T13:30:52.501381
Tunis,590163384,way,kindergarten,,36.8238247,10.1828256,,,,,,2026-02-15T13:30:52.501381
Tunis,607697597,way,bank,البنك العربي لتونس,36.8267364,10.1838393,,,,,,2026-02-15T13:30:52.501381
Tunis,607698163,way,pharmacy,Pharmasprint,36.827054,10.1848376,,,,,,2026-02-15T13:30:52.501381
Tunis,607722198,way,bank,Banque Nationale de Gênes,36.8415983,10.2114417,,,,,,2026-02-15T13:30:52.501381
Tunis,608913216,way,university,,36.8226062,10.1843275,,,,,,2026-02-15T13:30:52.501381
Tunis,646879174,way,school,,36.7626068,10.1918053,,,,,,2026-02-15T13:30:52.501381
Tunis,666529160,way,fuel,عجيل,36.8339292,10.214577,,,,,,2026-02-15T13:30:52.501381
Tunis,667760280,way,university,École Nationale de Finances,36.7988099,10.1897224,,,,,,2026-02-15T13:30:52.501381
Tunis,667760282,way,bank,البنك التونسي,36.7995283,10.1869399,,,,,,2026-02-15T13:30:52.501381
Tunis,667760283,way,bank,بنك الأمان,36.7998775,10.1867626,,,,,,2026-02-15T13:30:52.501381
Tunis,668338793,way,parking,,36.8328705,10.203221,,,,,,2026-02-15T13:30:52.501381
Tunis,672055741,way,bank,البنك العربي لتونس,36.8013172,10.1853377,,,,,,2026-02-15T13:30:52.501381
Tunis,672055743,way,place_of_worship,Église Chrétienne Orthodoxe Russe de la Résurrection الكنيسة المسيحية الروسية الأرثوذكسية للبعث,36.8022607,10.1856436,,,,,,2026-02-15T13:30:52.501381
Tunis,672055748,way,post_office,Tunis La Fayette,36.8127923,10.1822904,,,,,,2026-02-15T13:30:52.501381
Tunis,672757912,way,bank,BFT,36.8206166,10.1929808,,,,,,2026-02-15T13:30:52.501381
Tunis,672867828,way,place_of_worship,Église Réformée de Tunisie الكنيسة الإنجيلية بتونس,36.7956861,10.1783086,نهج شارل ديغول,,https://www.ertunis.com/,,,2026-02-15T13:30:52.501381
Tunis,672867829,way,theatre,Théâtre Al Hamra,36.7964011,10.1759818,,,,,,2026-02-15T13:30:52.501381
Tunis,672867831,way,hospital,مستشفى حبيب ثامر,36.7862613,10.1771182,Rue Ali Ben Ayed,+216 71 492 773,,,,2026-02-15T13:30:52.501381
Tunis,672867836,way,bus_station,Station Louage Moncef Bey,36.7916495,10.187152,Rue Abderrazek Cheraïbi,,,,,2026-02-15T13:30:52.501381
Tunis,673871489,way,place_of_worship,Mosquée Al-Falah,36.7955284,10.1854037,,,,,,2026-02-15T13:30:52.501381
Tunis,673871491,way,university,IPST,36.7996345,10.1897578,,,,,,2026-02-15T13:30:52.501381
Tunis,673871493,way,university,Université Arabe des Sciences,36.8080744,10.1816053,,,,,,2026-02-15T13:30:52.501381
Tunis,674269124,way,post_office,دي إتش إل,36.8369038,10.2119346,,,,,,2026-02-15T13:30:52.501381
Tunis,674269125,way,post_office,فدكس,36.8353436,10.2102522,,,,,,2026-02-15T13:30:52.501381
Tunis,679063831,way,restaurant,L'Astragale,36.824853,10.1790668,Avenue Charles Nicolle,+216 71 785 080,https://www.restaurant-lastragale.com/,"Mo-Fr 12:00-14:00,20:00-22:00; Sa 20:00-22:00; Aug off",,2026-02-15T13:30:52.501381
Tunis,692343740,way,arts_centre,دار الثقافة باب العسل,36.8126367,10.1689519,,,,,,2026-02-15T13:30:52.501381
Tunis,692343741,way,fuel,أويليبيا,36.8109564,10.1748115,,,,,,2026-02-15T13:30:52.501381
Tunis,692343743,way,police,الحرس الوطني,36.8116984,10.162887,,,,,,2026-02-15T13:30:52.501381
Tunis,692847593,way,fuel,طوطال,36.7800518,10.1957973,,,,,,2026-02-15T13:30:52.501381
Tunis,693399723,way,bank,Attijari Bank - Siège Social,36.8462962,10.1883739,,,,,,2026-02-15T13:30:52.501381
Tunis,693399724,way,bank,Stsusid Bank - Siègle Social,36.8467805,10.1903397,,,,,,2026-02-15T13:30:52.501381
Tunis,693399725,way,bank,الشركة التونسية للبنك,36.8469474,10.1915194,,,,,,2026-02-15T13:30:52.501381
Tunis,693399726,way,bank,QNB,36.8480395,10.1907386,,,,,,2026-02-15T13:30:52.501381
Tunis,693940882,way,fuel,ستار اويل,36.7911047,10.1824652,,,,,,2026-02-15T13:30:52.501381
Tunis,693978662,way,post_office,Tunis Bab Souika,36.8050297,10.1677335,,,,,,2026-02-15T13:30:52.501381
Tunis,696237436,way,fuel,أويليبيا,36.7859332,10.1698089,,,,,,2026-02-15T13:30:52.501381
Tunis,697448998,way,arts_centre,L'Artisto,36.8144589,10.1768624,,,,,,2026-02-15T13:30:52.501381
Tunis,697448999,way,fuel,طوطال,36.8142078,10.1754489,,,,24/7,,2026-02-15T13:30:52.501381
Tunis,697449000,way,fuel,ستار اويل,36.8127621,10.1738642,,,,24/7,,2026-02-15T13:30:52.501381
Tunis,700204976,way,bank,بنك تونس العربي الدولي,36.8317387,10.179594,,,,,,2026-02-15T13:30:52.501381
Tunis,700204977,way,post_office,Tunis Cité El Mahrajène,36.8312211,10.1791006,,,,,,2026-02-15T13:30:52.501381
Tunis,700726128,way,bank,Star Assurances,36.804108,10.1815266,,,,,,2026-02-15T13:30:52.501381
Tunis,701894174,way,fuel,طوطال,36.8028179,10.165296,شارع باب بنات,,,,,2026-02-15T13:30:52.501381
Tunis,701894175,way,post_office,المدينة,36.8031321,10.1649908,,,,,,2026-02-15T13:30:52.501381
Tunis,701894176,way,post_office,El Omrane,36.8168008,10.1588588,,,,,,2026-02-15T13:30:52.501381
Tunis,715351183,way,place_of_worship,Mosquee El Salema,36.7619815,10.1911535,,,,,,2026-02-15T13:30:52.501381
Tunis,715916825,way,school,,36.7753326,10.1828412,,,,,,2026-02-15T13:30:52.501381
Tunis,716680657,way,school,,36.7744266,10.1832538,,,,,,2026-02-15T13:30:52.501381
Tunis,716680658,way,school,,36.7748124,10.18432,,,,,,2026-02-15T13:30:52.501381
Tunis,747794358,way,restaurant,Mokito,36.8356913,10.1792326,,+216 29 300 029,,,,2026-02-15T13:30:52.501381
Tunis,756027825,way,police,,36.8006382,10.1913723,,,,,,2026-02-15T13:30:52.501381
Tunis,756031562,way,fast_food,,36.8003606,10.1908114,,,,,,2026-02-15T13:30:52.501381
Tunis,766764935,way,place_of_worship,,36.7989965,10.1262616,,,,,,2026-02-15T13:30:52.501381
Tunis,770678126,way,college,المدرسة الإبتدائية الكبارية 1,36.7636153,10.1935627,,,,,,2026-02-15T13:30:52.501381
Tunis,775730952,way,bank,بنك الأمان,36.8292051,10.202918,,,,,,2026-02-15T13:30:52.501381
Tunis,779255928,way,parking,,36.8315112,10.2256963,,,,,,2026-02-15T13:30:52.501381
Tunis,782841325,way,marketplace,,36.7969229,10.1329002,,,,,,2026-02-15T13:30:52.501381
Tunis,786018234,way,arts_centre,Maison de Culture du Bardo,36.806879,10.1391227,Rue du 13 Août,,,,,2026-02-15T13:30:52.501381
Tunis,786018236,way,cafe,Follow Me,36.8079155,10.1381475,,,,,,2026-02-15T13:30:52.501381
Tunis,789974881,way,clinic,Clinique Avicenne,36.8424018,10.1600256,Avenue Tahar Sfar,+216 71 888 000,https://www.cliniqueavicenne.com/,,,2026-02-15T13:30:52.501381
Tunis,790430456,way,clinic,مصحة الامان,36.8382409,10.1695986,Rue Aziza Othmana,+216 70 016 340,,,,2026-02-15T13:30:52.501381
Tunis,790430457,way,clinic,Cabinet Dr.Farah Abbes,36.8389283,10.1696783,نهج عزيزة عثمانة,,,,,2026-02-15T13:30:52.501381
Tunis,797729893,way,place_of_worship,جامع الرحمة,36.8343877,10.1993262,,,,,,2026-02-15T13:30:52.501381
Tunis,798045051,way,university,كلية العلوم القانونية والسياسية والاجتماعية بتونس,36.8454986,10.1866609,,,,,,2026-02-15T13:30:52.501381
Tunis,798126882,way,university,مدرسة الامام مالك للعلوم الشرعية,36.8357673,10.1395091,,,,,,2026-02-15T13:30:52.501381
Tunis,798307808,way,university,معهد الدراسات العليا في تونس,36.8234722,10.1778483,شارع يوغرطة,,,,,2026-02-15T13:30:52.501381
Tunis,802495224,way,arts_centre,مركز ثقافي,36.7959436,10.1480646,,,,,,2026-02-15T13:30:52.501381
Tunis,803662329,way,arts_centre,Centre culturel Hassan Zmerli,36.7924301,10.1741902,,,,,,2026-02-15T13:30:52.501381
Tunis,803663068,way,school,Lycée Louis Pasteur,36.8204128,10.1820834,شارع لويس براي,,https://www.lyceepasteurtunis.com/,,,2026-02-15T13:30:52.501381
Tunis,803668452,way,fountain,,36.8219231,10.1787707,,,,,,2026-02-15T13:30:52.501381
Tunis,803668453,way,fountain,,36.8219769,10.1788818,,,,,,2026-02-15T13:30:52.501381
Tunis,803668454,way,fountain,,36.8220437,10.1787458,,,,,,2026-02-15T13:30:52.501381
Tunis,803668455,way,fountain,,36.8219848,10.1787394,,,,,,2026-02-15T13:30:52.501381
Tunis,803668456,way,fountain,,36.8220431,10.1788455,,,,,,2026-02-15T13:30:52.501381
Tunis,803669135,way,arts_centre,Maison de l'image,36.8388525,10.1678382,نهج طارق ابن زياد,,https://maisonimage.tn/,,,2026-02-15T13:30:52.501381
Tunis,839015364,way,parking,,36.8088753,10.178707,,,,,,2026-02-15T13:30:52.501381
Tunis,839015365,way,parking,,36.8084689,10.1775048,,,,,,2026-02-15T13:30:52.501381
Tunis,839015366,way,parking,,36.8079326,10.1780383,,,,,,2026-02-15T13:30:52.501381
Tunis,839015367,way,parking,,36.8072063,10.1795096,,,,,,2026-02-15T13:30:52.501381
Tunis,839015368,way,parking,,36.8009045,10.1815282,,,,,,2026-02-15T13:30:52.501381
Tunis,839033444,way,place_of_worship,,36.7711766,10.1991785,,,,,,2026-02-15T13:30:52.501381
Tunis,841233144,way,parking,,36.8368066,10.1857725,,,,,,2026-02-15T13:30:52.501381
Tunis,844673516,way,marketplace,سوق باب العسال,36.8103581,10.1631988,,,,,,2026-02-15T13:30:52.501381
Tunis,976753932,way,school,معهد السيجومي,36.7929305,10.1402155,,,,,,2026-02-15T13:30:52.501381
Tunis,984490600,way,parking,,36.807037,10.1822388,,,,,,2026-02-15T13:30:52.501381
Tunis,1005449315,way,restaurant,Le P'tit Matin,36.8380442,10.1702944,,,,,,2026-02-15T13:30:52.501381
Tunis,1022518322,way,school,ESAD,36.8155873,10.1680659,,,https://www.esad-tunis.com/,,,2026-02-15T13:30:52.501381
Tunis,1042668125,way,parking,,36.820315,10.2018259,,,,,,2026-02-15T13:30:52.501381
Tunis,1042668126,way,parking,,36.8204159,10.2019522,,,,,,2026-02-15T13:30:52.501381
Tunis,1042668127,way,parking,,36.8205025,10.2020706,,,,,,2026-02-15T13:30:52.501381
Tunis,1042668128,way,parking,,36.820593,10.2021945,,,,,,2026-02-15T13:30:52.501381
Tunis,1042668129,way,parking,,36.8206785,10.2023228,,,,,,2026-02-15T13:30:52.501381
Tunis,1042668130,way,parking,,36.8206217,10.2023852,,,,,,2026-02-15T13:30:52.501381
Tunis,1042668131,way,parking,,36.8205284,10.2022585,,,,,,2026-02-15T13:30:52.501381
Tunis,1042668132,way,parking,,36.8204376,10.2021346,,,,,,2026-02-15T13:30:52.501381
Tunis,1042668133,way,parking,,36.8202513,10.2018791,,,,,,2026-02-15T13:30:52.501381
Tunis,1042668134,way,parking,,36.8203508,10.2020161,,,,,,2026-02-15T13:30:52.501381
Tunis,1042668135,way,parking,,36.820015,10.2018793,,,,,,2026-02-15T13:30:52.501381
Tunis,1042668136,way,parking,,36.8198893,10.2020194,,,,,,2026-02-15T13:30:52.501381
Tunis,1042668137,way,parking,,36.8197517,10.2021764,,,,,,2026-02-15T13:30:52.501381
Tunis,1042668138,way,parking,,36.8196043,10.2023469,,,,,,2026-02-15T13:30:52.501381
Tunis,1042668139,way,parking,,36.8194406,10.202391,,,,,,2026-02-15T13:30:52.501381
Tunis,1042668140,way,parking,,36.8195519,10.2022643,,,,,,2026-02-15T13:30:52.501381
Tunis,1042668141,way,parking,,36.8196936,10.2021025,,,,,,2026-02-15T13:30:52.501381
Tunis,1042668142,way,parking,,36.8199429,10.2018182,,,,,,2026-02-15T13:30:52.501381
Tunis,1042668143,way,parking,,36.8198316,10.2019443,,,,,,2026-02-15T13:30:52.501381
Tunis,1042668144,way,parking,,36.8201121,10.20367,,,,,,2026-02-15T13:30:52.501381
Tunis,1042668145,way,parking,,36.8202069,10.2038006,,,,,,2026-02-15T13:30:52.501381
Tunis,1042668146,way,parking,,36.8202929,10.2039189,,,,,,2026-02-15T13:30:52.501381
Tunis,1042668147,way,parking,,36.8203762,10.2040336,,,,,,2026-02-15T13:30:52.501381
Tunis,1042668148,way,parking,,36.8204724,10.204166,,,,,,2026-02-15T13:30:52.501381
Tunis,1042728026,way,police,الشرطة الفنية والعلمية,36.8488891,10.1868514,,,,,,2026-02-15T13:30:52.501381
Tunis,1052046158,way,parking,,36.8285332,10.1972772,,,,,,2026-02-15T13:30:52.501381
Tunis,1073546108,way,place_of_worship,جامع الغفران,36.7957368,10.1364227,,,,,,2026-02-15T13:30:52.501381
Tunis,1083918143,way,fountain,,36.7991838,10.1753911,,,,,,2026-02-15T13:30:52.502381
Tunis,1095447839,way,exhibition_centre,مركز المعارض بالشرقية,36.8369583,10.2028515,,,,,,2026-02-15T13:30:52.502381
Tunis,1095454795,way,clinic,المصحة العامة ولأمراض القلب والشرايين بتونس,36.8262082,10.1933679,نهج جامع الحلق,+216 71 908 000,https://www.cardio-cgct.com/,,,2026-02-15T13:30:52.502381
Tunis,1095454796,way,clinic,مصحة تونس للعيون,36.8259722,10.1935553,نهج جامع الحلق,+216 71 901 500,,24/7,,2026-02-15T13:30:52.502381
Tunis,1117411722,way,place_of_worship,,36.801237,10.169686,,,,,,2026-02-15T13:30:52.502381
Tunis,1118102436,way,parking,,36.8046109,10.1716469,,,,,,2026-02-15T13:30:52.502381
Tunis,1118103849,way,place_of_worship,الكنيسة الإنقليكانية سان جورج,36.8032548,10.1736145,,,,,,2026-02-15T13:30:52.502381
Tunis,1118120984,way,parking,,36.8052488,10.1685694,,,,,,2026-02-15T13:30:52.502381
Tunis,1118120985,way,parking,,36.8053073,10.1690756,,,,,,2026-02-15T13:30:52.502381
Tunis,1118343569,way,parking,,36.8233556,10.2022212,,,,,,2026-02-15T13:30:52.502381
Tunis,1118754422,way,parking,,36.8047488,10.1700531,,,,,,2026-02-15T13:30:52.502381
Tunis,1119901335,way,parking,,36.805395,10.1685896,,,,,,2026-02-15T13:30:52.502381
Tunis,1119901336,way,parking,,36.8054469,10.1690587,,,,,,2026-02-15T13:30:52.502381
Tunis,1157200587,way,parking,,36.7934975,10.128561,,,,,,2026-02-15T13:30:52.502381
Tunis,1157200588,way,police,ثكنة أمنية,36.7935375,10.1276679,,,,,,2026-02-15T13:30:52.502381
Tunis,1157200589,way,school,École Primaire Tayarane 2 المدرسة الابتدائية الطيران,36.7957978,10.1404852,نهج 13 أوت,,,,,2026-02-15T13:30:52.502381
Tunis,1157200591,way,events_venue,Salle de fêtes قاعة أفراح,36.7957842,10.1409993,,,,,,2026-02-15T13:30:52.502381
Tunis,1158930728,way,parking,,36.8042518,10.1828691,,,,,,2026-02-15T13:30:52.502381
Tunis,1158930745,way,parking,,36.8055616,10.1848765,,,,,,2026-02-15T13:30:52.502381
Tunis,1159155632,way,university,Institut Bourguiba des Langues Vivantes معهد بورڨيبة للغات الحية,36.8109878,10.1799884,شارع الحرية,,https://www.iblv.rnu.tn/,,no,2026-02-15T13:30:52.502381
Tunis,1163671309,way,parking,,36.8446664,10.1955759,,,,,,2026-02-15T13:30:52.502381
Tunis,1168534717,way,research_institute,Laboratoires de Biologie,36.8422184,10.1978128,,,,,,2026-02-15T13:30:52.502381
Tunis,1168534722,way,clinic,Infirmerie,36.8446595,10.196229,,,,,,2026-02-15T13:30:52.502381
Tunis,1168534723,way,toilets,Toilettes,36.8445232,10.1963071,,,,,,2026-02-15T13:30:52.502381
Tunis,1168534731,way,research_institute,Laboratoires de Electrothechnique,36.8434727,10.1965457,,,,,,2026-02-15T13:30:52.502381
Tunis,1197202905,way,fuel,TotalEnergies Ezzouhour - توتال للطاقات الزهور,36.7965888,10.1415521,نهج 13 أوت,,,,,2026-02-15T13:30:52.502381
Tunis,1197203345,way,place_of_worship,جامع السمران,36.7994469,10.1401657,,,,,,2026-02-15T13:30:52.502381
Tunis,1197205032,way,townhall,بلدية باردو: دائرة الحديقة,36.8017386,10.1377142,,,,,,2026-02-15T13:30:52.502381
Tunis,1197205195,way,place_of_worship,الجامع «الجديد»,36.8011559,10.1381135,,,,,,2026-02-15T13:30:52.502381
Tunis,1223437760,way,cafe,Cafée Station,36.8074155,10.1352787,,,,,,2026-02-15T13:30:52.502381
Tunis,1225871303,way,fuel,,36.809466,10.1530528,,,,,,2026-02-15T13:30:52.502381
Tunis,1225871312,way,restaurant,Cafétéria d'Italia,36.809335,10.1572634,,,,,,2026-02-15T13:30:52.502381
Tunis,1225871313,way,restaurant,,36.8090568,10.1581338,,,,,,2026-02-15T13:30:52.502381
Tunis,1225871314,way,fast_food,,36.8090647,10.1580851,,,,,,2026-02-15T13:30:52.502381
Tunis,1234291043,way,townhall,قصر بلدية باردو,36.8058635,10.1328864,,,,,,2026-02-15T13:30:52.502381
Tunis,1234291045,way,police,مركز الأمن الوطني بخزندار,36.8061941,10.1316304,,,,,,2026-02-15T13:30:52.502381
Tunis,1234639928,way,restaurant,restaurant dar ali,36.7980432,10.1716542,,,,,,2026-02-15T13:30:52.502381
Tunis,1249913713,way,school,المدرسة الابتدائية شارع بتريس,36.8002569,10.1816171,Avenue De Paris,,,,,2026-02-15T13:30:52.502381
Tunis,1252874966,way,school,المدرسة الإبتدائية حي هلال 1,36.7820922,10.1687531,,,,,,2026-02-15T13:30:52.502381
Tunis,1252874975,way,hospital,مركز رعاية الأم و الطفل بالملاسين,36.7900618,10.162069,,,,,,2026-02-15T13:30:52.502381
Tunis,1252907709,way,school,المدرسة الإبتدائية النجاح,36.7905313,10.1617351,,,,,,2026-02-15T13:30:52.502381
Tunis,1253931598,way,hospital,مركز الصحة الأساسية بحي هلال,36.781654,10.1685527,,,,,,2026-02-15T13:30:52.502381
Tunis,1254278576,way,courthouse,محكمة الاستئناف بتونس,36.7994732,10.1659765,,,,,,2026-02-15T13:30:52.502381
Tunis,1263061933,way,parking,,36.848371,10.1956862,,,,,,2026-02-15T13:30:52.502381
Tunis,1263061934,way,parking,,36.8476756,10.1969386,,,,,,2026-02-15T13:30:52.502381
Tunis,1263061935,way,parking,,36.846624,10.1967577,,,,,,2026-02-15T13:30:52.502381
Tunis,1263061936,way,parking,,36.8457406,10.1968065,,,,,,2026-02-15T13:30:52.502381
Tunis,1263061939,way,parking,,36.8473614,10.2014346,,,,,,2026-02-15T13:30:52.502381
Tunis,1263061945,way,parking,,36.8489489,10.198161,,,,,,2026-02-15T13:30:52.502381
Tunis,1263061948,way,parking,,36.8485497,10.1981053,,,,,,2026-02-15T13:30:52.502381
Tunis,1266100424,way,restaurant,Go! Sushi,36.8387618,10.1559517,Avenue Youssef Rouissi,+216 25 701 107,,,,2026-02-15T13:30:52.502381
Tunis,1268413820,way,parking,,36.8082327,10.1672468,,,,,,2026-02-15T13:30:52.502381
Tunis,1270383276,way,school,المدرسة الابتدائية السمران,36.7977267,10.138927,نهج 4107,,,,,2026-02-15T13:30:52.502381
Tunis,1364067790,way,parking,,36.7938758,10.154639,,,,,,2026-02-15T13:30:52.502381
Tunis,1442039561,way,parking,,36.8181834,10.1826831,,,,,,2026-02-15T13:30:52.502381
Tunis,1444600761,way,school,المدرسة الإعدادية الفاضل بن عاشور,36.7812963,10.2278021,,,,,,2026-02-15T13:30:52.502381
Tunis,1462512292,way,parking,,36.8429761,10.1889996,,,,,,2026-02-15T13:30:52.502381
Tunis,1431415,relation,bank,بنك تونس العربي الدولي,36.7986946,10.180124,,,,,,2026-02-15T13:30:52.502381
Tunis,1465962,relation,hospital,Hopital Militaire,36.7855881,10.1781067,,,,,,2026-02-15T13:30:52.502381
Tunis,1537692,relation,parking,,36.8351248,10.1570224,,,,,,2026-02-15T13:30:52.502381
Tunis,1537693,relation,parking,,36.8359548,10.1558355,,,,,,2026-02-15T13:30:52.502381
Tunis,1537694,relation,parking,,36.8358908,10.1585412,,,,,,2026-02-15T13:30:52.502381
Tunis,1547409,relation,parking,,36.83679,10.1549381,,,,,,2026-02-15T13:30:52.502381
Tunis,1547410,relation,parking,,36.838339,10.1535781,,,,,,2026-02-15T13:30:52.502381
Tunis,1547411,relation,parking,,36.839036,10.1530975,,,,,,2026-02-15T13:30:52.502381
Tunis,1547412,relation,parking,,36.8372217,10.1566523,,,,,,2026-02-15T13:30:52.502381
Tunis,1552764,relation,place_of_worship,جامع الزيتونة,36.7973139,10.1712516,نهج جامع الزيتونة,,,,,2026-02-15T13:30:52.502381
Tunis,1555966,relation,university,جامعة الزيتونة,36.7925659,10.164861,,,,,,2026-02-15T13:30:52.502381
Tunis,1557520,relation,school,École Sidi El Aloui,36.8079005,10.1650039,Rue Sidi El Alaoui,,,,,2026-02-15T13:30:52.502381
Tunis,1557521,relation,public_building,Centre National d'Art de la Calligraphie Arabe,36.8074183,10.1662806,,,,,,2026-02-15T13:30:52.502381
Tunis,1561295,relation,place_of_worship,مسجد العمران,36.8169671,10.160341,,,,,,2026-02-15T13:30:52.502381
Tunis,1561297,relation,marketplace,,36.8208319,10.1567202,,,,,,2026-02-15T13:30:52.502381
Tunis,1563455,relation,place_of_worship,جامع المعز,36.8367645,10.1786707,,,,,,2026-02-15T13:30:52.502381
Tunis,1622299,relation,parking,,36.83809,10.1564265,,,,,,2026-02-15T13:30:52.502381
Tunis,2054887,relation,school,Ecole Primaire 'Rue de Russie',36.7953981,10.1773491,,,,,,2026-02-15T13:30:52.502381
Tunis,2405254,relation,hospital,المركز الوطني للزرع النخاع العظمي,36.8051039,10.1566976,,,,,,2026-02-15T13:30:52.502381
Tunis,2427662,relation,university,Faculté des Science Economique et des Gestion de Tunis (FSEGT),36.8367985,10.2082028,,,,,,2026-02-15T13:30:52.502381
Tunis,2433233,relation,place_of_worship,,36.8343322,10.1677203,,,,,,2026-02-15T13:30:52.502381
Tunis,3881987,relation,arts_centre,Club Culturel Taher Haddad,36.8020825,10.1681687,Rue du Tribunal,,,,,2026-02-15T13:30:52.502381
Tunis,6570336,relation,parking_space,,36.8273419,10.1794057,,,,,,2026-02-15T13:30:52.502381
Tunis,13445718,relation,clinic,عيادة المنزه,36.827367,10.1792892,نهج أبولو 11,+216 71 891 522,,,,2026-02-15T13:30:52.502381
Tunis,16704069,relation,hospital,عمادة أطباء الأسنان بتونس,36.7970581,10.1814537,,0021671353638,https://www.cnomdt.tn/,,,2026-02-15T13:30:52.502381
Sfax,316086772,node,place_of_worship,,34.7322035,10.7605153,,,,,,2026-02-15T13:30:55.754560
Sfax,316107843,node,bank,الشركة التونسية للبنك صفاقس شاكر,34.7330892,10.7629827,شارع الهادي شاكر,,,,,2026-02-15T13:30:55.754560
Sfax,316118756,node,clinic,مصحة الزيتونة,34.7406286,10.761164,,,,24/7,,2026-02-15T13:30:55.754560
Sfax,316135262,node,clinic,مصحة ابن النفيس,34.7715355,10.7601643,,+216 74 215 000,,24/7,,2026-02-15T13:30:55.754560
Sfax,436206030,node,pharmacy,صيدلية الليل زهير العجيلي,34.7706035,10.7328268,Route de Gremda Km 4,+216 74 266 380,,Mo-Su 19:30-08:30,,2026-02-15T13:30:55.754560
Sfax,436206148,node,pharmacy,صيدلية سهلة بسباس حرم الشعبوني,34.7722604,10.73123,Route de Gremda Km 5,+216 74 267 616,,"Mo-Fr 08:30-13:00, 15:00-19:30; Sa 08:30-13:00",,2026-02-15T13:30:55.754560
Sfax,436206493,node,pharmacy,صيدلية سمير السلامي,34.7744753,10.7292164,,,,"Mo-Fr 08:30-13:00, 15:00-19:30; Sa 08:30-13:00",,2026-02-15T13:30:55.754560
Sfax,438738951,node,cafe,مقهى باب الديوان,34.7346463,10.762075,,,,,,2026-02-15T13:30:55.754560
Sfax,439787668,node,pharmacy,صيدلية نجوى داود حرم بن جماعة,34.7675549,10.7355729,Route de Gremda Km4 Sidi Abbes,+216 74 266 294,,"Mo-Fr 08:30-13:00, 15:00-19:30; Sa 08:30-13:00",,2026-02-15T13:30:55.754560
Sfax,439793192,node,post_office,مكتب بريد سيدي عباس (3062),34.7668698,10.7324978,,,,,,2026-02-15T13:30:55.754560
Sfax,439797001,node,pharmacy,صيدلية صفية عطية حرم الزريبي,34.7639956,10.7385862,"Route de Gremda Km 3,5",+216 74 265 265,,"Mo-Fr 08:30-13:00, 15:00-19:30; Sa 08:30-13:00",,2026-02-15T13:30:55.754560
Sfax,439797103,node,cafe,Café Al Yosr,34.7655072,10.7366238,,,,,,2026-02-15T13:30:55.754560
Sfax,439797526,node,cafe,Café Chams,34.7641573,10.7380622,,,,,,2026-02-15T13:30:55.754560
Sfax,439798833,node,pharmacy,صيدلية عبد السلام غربال,34.7476686,10.7387226,"Route El Ain Km 2,2 Merkez El Alia",+216 74 247 527,,"Mo-Fr 08:30-13:00, 15:00-19:30; Sa 08:30-13:00",,2026-02-15T13:30:55.754560
Sfax,439801004,node,pharmacy,صيدلية محمد عباس,34.7653453,10.7252509,Route Lafrane Km 4,+216 74 267 276,,"Mo-Fr 08:30-13:00, 15:00-19:30; Sa 08:30-13:00",,2026-02-15T13:30:55.754560
Sfax,439912004,node,cafe,مقهى إكس إكس إكس,34.7330713,10.7625562,,,,,no,2026-02-15T13:30:55.754560
Sfax,480182839,node,taxi,,34.7347428,10.7661197,,,,,,2026-02-15T13:30:55.754560
Sfax,480182850,node,post_office,مكتب بريد صفاقس (3000),34.7341979,10.7655918,شارع الحبيب بورقيبة,,,,,2026-02-15T13:30:55.754560
Sfax,494264591,node,pharmacy,صيدلية عبد الستار الشعري,34.741079,10.7578405,Avenue de Carthage Debut Route de Gremda Immeuble OLIVIA,+216 74 406 499,,"Mo-Fr 08:30-13:00, 15:00-19:30; Sa 08:30-13:00",,2026-02-15T13:30:55.754560
Sfax,497424302,node,ferry_terminal,صفاقس,34.7271652,10.7640436,,,,,,2026-02-15T13:30:55.754560
Sfax,553312124,node,restaurant,عروس البحر,34.7286397,10.7651188,,+216 74 224 691,,,,2026-02-15T13:30:55.754560
Sfax,568789660,node,clinic,مصحة شمس,34.7637649,10.7389382,,,,24/7,,2026-02-15T13:30:55.754560
Sfax,582143335,node,cafe,مقهى الزيتونة,34.763434,10.7822578,,,,,,2026-02-15T13:30:55.754560
Sfax,582146582,node,pharmacy,صيدلية منية الحديجي حرم المهيري,34.7729452,10.7897855,Route Saltania Km 5,+216 74 872 334,,"Mo-Fr 08:30-13:00, 15:00-19:30; Sa 08:30-13:00",,2026-02-15T13:30:55.754560
Sfax,582153977,node,cafe,مقهى العقربي,34.7670671,10.7854334,Route de Saltnia,,,,,2026-02-15T13:30:55.754560
Sfax,582918899,node,police,مركز شرطة سيدي منصور,34.7582835,10.7918137,,,,,,2026-02-15T13:30:55.754560
Sfax,582919137,node,restaurant,مطعم لبلان,34.7601191,10.7939085,,,,,,2026-02-15T13:30:55.754560
Sfax,583291539,node,bank,بنك تونس العربي الدولي صفاقس الشمالية,34.7493654,10.7725474,نهج ديكارت,+216 31 372 045,,,,2026-02-15T13:30:55.754560
Sfax,583292494,node,post_office,مكتب بريد البستان (3099),34.7534244,10.7698746,نهج السلام,,,,,2026-02-15T13:30:55.754560
Sfax,615849554,node,cafe,Café Dolce Amaro,34.728413,10.7378398,,,,,,2026-02-15T13:30:55.754560
Sfax,843377967,node,pharmacy,صيدلية سكرة تيجاني الجراية,34.7230549,10.7182939,Rte Soukra Km 4 Cité El Habib,+216 74 276 825,,"Mo-Fr 08:30-13:00, 15:00-19:30; Sa 08:30-13:00",,2026-02-15T13:30:55.754560
Sfax,968569477,node,clinic,مصحة الرياض,34.7562001,10.7694432,,,,24/7,,2026-02-15T13:30:55.754560
Sfax,983115208,node,cafe,مقهى القلعة,34.7454187,10.764806,نهج بحزي كويكة,,,,,2026-02-15T13:30:55.754560
Sfax,983115214,node,cafe,مقهى المنصور,34.7478241,10.7663936,شارع الحبيب بوقطفة,,,,,2026-02-15T13:30:55.754560
Sfax,983115233,node,cinema,Colisée,34.7305859,10.7658614,,,,,,2026-02-15T13:30:55.754560
Sfax,983115243,node,cinema,Atlas,34.7310709,10.7658507,,,,,,2026-02-15T13:30:55.754560
Sfax,983115253,node,police,Poste Police Routière,34.7341101,10.7575603,,,,,,2026-02-15T13:30:55.754560
Sfax,983115258,node,police,,34.7389763,10.7627638,,,,,,2026-02-15T13:30:55.754560
Sfax,983115320,node,pharmacy,صيدلية الليل طاهر بن عمار,34.7440442,10.7641861,Avenue de Baghdad,+216 74 299 644,,Mo-Su 19:30-08:30,,2026-02-15T13:30:55.754560
Sfax,983115324,node,pharmacy,صيدلية ليلى الزغل حرم بن شهيدة,34.7554063,10.7700491,Route Mahdia Km 2,+216 74 230 640,,"Mo-Fr 08:30-13:00, 15:00-19:30; Sa 08:30-13:00",,2026-02-15T13:30:55.754560
Sfax,983115328,node,pharmacy,صيدلية توفيق قاسم,34.7549771,10.7623015,Route Tunis Km 1.5,+216 74 230 499,,"Mo-Fr 08:30-13:00, 15:00-19:30; Sa 08:30-13:00",,2026-02-15T13:30:55.754560
Sfax,983117090,node,police,Poste de Police El Boustène,34.7578124,10.7712328,,,,,,2026-02-15T13:30:55.754560
Sfax,1301704058,node,townhall,إدارة الملكية العقارية,34.7487758,10.761559,,,,,,2026-02-15T13:30:55.754560
Sfax,1985563331,node,cafe,بريفيلاج,34.7700637,10.7432545,,,,,,2026-02-15T13:30:55.754560
Sfax,2295091357,node,police,,34.7341184,10.7636737,,,,,,2026-02-15T13:30:55.754560
Sfax,2534713693,node,cafe,,34.7404267,10.7593751,,,,,,2026-02-15T13:30:55.754560
Sfax,2593121780,node,cafe,مقهى ميراكل,34.7663719,10.7237128,,,,,,2026-02-15T13:30:55.754560
Sfax,2661119547,node,cafe,تراس,34.7366264,10.7499471,,,,,,2026-02-15T13:30:55.754560
Sfax,3910539298,node,pharmacy,صيدلية فتحي السلامي,34.7397514,10.7537446,Avenue 14 Janvier Imm. Hammami,+216 74 400 448,,"Mo-Fr 08:30-13:00, 15:00-19:30; Sa 08:30-13:00",,2026-02-15T13:30:55.754560
Sfax,3913116590,node,cafe,لا مسكوت,34.7682782,10.7425305,,,,,no,2026-02-15T13:30:55.754560
Sfax,4271698891,node,doctors,الدكتور محمد الزواري,34.7742095,10.7291216,Route Gremda km 4.5 Imm El Yosr Mezzanine,+216 36 337 313,,"Mo, We 08:30-16:30; Tu, Th 08:30-12:30, 15:00-18:30; Fr 08:30-12:30, 14:00-17:30; Sa 09:00-14:30",,2026-02-15T13:30:55.754560
Sfax,4389450390,node,cafe,White Square,34.7703142,10.7538588,Centure Bourguiba,,,,,2026-02-15T13:30:55.754560
Sfax,4390540191,node,cafe,Café Belle Vue,34.7371258,10.7503637,,,,,,2026-02-15T13:30:55.754560
Sfax,4390625089,node,cafe,Mama Rosa,34.7374398,10.750025,,,,,,2026-02-15T13:30:55.754560
Sfax,4399592590,node,toilets,,34.7207054,10.7232692,,,,,,2026-02-15T13:30:55.754560
Sfax,4512011090,node,clinic,مصحة الريحان,34.7356356,10.7496128,,,,24/7,,2026-02-15T13:30:55.754560
Sfax,4512011091,node,doctors,الدكتور هشام الفقي,34.7384577,10.7543801,,,,Mo-Fr 08:00-18:00; Sa 08:00-14:00,,2026-02-15T13:30:55.754560
Sfax,4574838596,node,cafe,قاعة شاي أبو نواس,34.7470411,10.7640844,Rue Ahmed Bayrem,+216 29 291 306,,Mo-Su 07:30-24:00,,2026-02-15T13:30:55.754560
Sfax,4574874791,node,pharmacy,صيدلية محمد عمار,34.7505216,10.7628697,Rue du Caire El Bassatine 2,+216 74 289 241,,"Mo-Fr 08:30-13:00, 15:00-19:30; Sa 08:30-13:00",,2026-02-15T13:30:55.754560
Sfax,4574874793,node,cafe,مقهى البريستيج,34.7464208,10.7631782,نهج بغداد,,,,,2026-02-15T13:30:55.754560
Sfax,4574921989,node,bank,بنك الإسكان صفاقس حي الحدائق,34.7478998,10.7636561,نهج القاهرة,,,,,2026-02-15T13:30:55.754560
Sfax,4575046691,node,restaurant,مطعم مشماشة,34.7424404,10.7556468,Boulevard Elhedi Essousi - Route de Grémda,+216 25 179 444,,,,2026-02-15T13:30:55.754560
Sfax,4575314696,node,restaurant,مطعم الماتادور,34.7478526,10.7614112,Avenue 5 Août,+216 26 700 614,,,,2026-02-15T13:30:55.754560
Sfax,4575469295,node,pharmacy,صيدلية نجيب بوعتور,34.7491404,10.7635065,Rue du Caire Cité Jardins,+216 74 224 321,,"Mo-Fr 08:30-13:00, 15:00-19:30; Sa 08:30-13:00",,2026-02-15T13:30:55.754560
Sfax,4575662189,node,restaurant,مطعم تون تون,34.7420949,10.7541043,شارع مجيدة بوليلة,,https://www.tonton.tn/,24/7,,2026-02-15T13:30:55.754560
Sfax,4575898197,node,cafe,قهوة شيشخان,34.7516639,10.7612362,Route Nationale 1,,,,,2026-02-15T13:30:55.754560
Sfax,4575927491,node,cafe,مقهى مولان روج,34.7461276,10.765992,Avenue Habib Bougafta,,,,,2026-02-15T13:30:55.754560
Sfax,4575938789,node,cafe,مقهى خالد,34.7498306,10.7608452,Route Nationale 1,+216 74 216 733,,,,2026-02-15T13:30:55.754560
Sfax,4622215641,node,restaurant,La Cabane,34.7481485,10.7610248,Avenue 5 Août,+216 74 229 580,,,,2026-02-15T13:30:55.754560
Sfax,4629641554,node,bank,بنك الزيتونة صفاقس بيك فيل,34.7358599,10.7537688,Immeuble Zitouna Avenue des Martyrs,+216 71 164 320,,,,2026-02-15T13:30:55.754560
Sfax,4629644294,node,bus_station,Station de Louage,34.7344509,10.7491299,,,,,,2026-02-15T13:30:55.754560
Sfax,4629644295,node,pharmacy,صيدلية محمد بن حبيب دريرة,34.7328748,10.7561224,Av. Farhat Hached,+216 74 222 817,,"Mo-Fr 08:30-13:00, 15:00-19:30; Sa 08:30-13:00",,2026-02-15T13:30:55.754560
Sfax,4629644300,node,taxi,,34.7335316,10.7602168,,,,,,2026-02-15T13:30:55.754560
Sfax,4629644305,node,bank,بنك البركة صفاقس باب بحر,34.7330729,10.7613666,,,,,,2026-02-15T13:30:55.754560
Sfax,4629644307,node,pharmacy,صيدلية منصف الحشيشة,34.7319154,10.7615173,Rue Haffouz,+216 74 220 549,,"Mo-Fr 08:30-13:00, 15:00-19:30; Sa 08:30-13:00",,2026-02-15T13:30:55.754560
Sfax,4629644308,node,bar,L'ahbab,34.7322025,10.7617577,,,,,,2026-02-15T13:30:55.754560
Sfax,4639983021,node,cafe,Popeye,34.7313321,10.7606155,,,,,,2026-02-15T13:30:55.754560
Sfax,4639983045,node,restaurant,Cercina,34.7289517,10.7601999,,,,,,2026-02-15T13:30:55.754560
Sfax,4639983046,node,restaurant,La Renaissance,34.7293573,10.7604279,,,,,,2026-02-15T13:30:55.754560
Sfax,4639983047,node,restaurant,In Time,34.7301376,10.7606103,,,,,,2026-02-15T13:30:55.754560
Sfax,4639983048,node,bank,بنك الزيتونة صفاقس باب بحر,34.7303697,10.760908,شارع الحبيب بورقيبة,+216 71 164 720,,,,2026-02-15T13:30:55.754560
Sfax,4639983052,node,fast_food,Firas,34.7311062,10.7614771,,,,,,2026-02-15T13:30:55.754560
Sfax,4639983055,node,cafe,Café Intilaka,34.7315757,10.7611284,,,,,,2026-02-15T13:30:55.754560
Sfax,4639983061,node,bank,البنك العربي لتونس صفاقس,34.731212,10.7623456,,,,,,2026-02-15T13:30:55.754560
Sfax,4639983063,node,cafe,Pataya,34.7310129,10.7630186,,,,,,2026-02-15T13:30:55.754560
Sfax,4639983064,node,cafe,Donia,34.7309142,10.7631361,,,,,,2026-02-15T13:30:55.754560
Sfax,4639983068,node,bank,الإتحاد الدولي للبنوك صفاقس تبرورة,34.7307685,10.7632709,,,,,,2026-02-15T13:30:55.754560
Sfax,4639983070,node,fast_food,Fricassée Siala,34.7307522,10.7630475,,,,,,2026-02-15T13:30:55.754560
Sfax,4639983073,node,fast_food,McDonner,34.729885,10.7638589,,,,,,2026-02-15T13:30:55.754560
Sfax,4639983074,node,cafe,Dadi,34.7296447,10.7641539,,,,,,2026-02-15T13:30:55.754560
Sfax,4639983076,node,bar,Le Lido,34.7295036,10.7648325,,,,,,2026-02-15T13:30:55.754560
Sfax,4639983077,node,cafe,Tutti Frutti,34.7298916,10.7648674,,,,,,2026-02-15T13:30:55.754560
Sfax,4639983080,node,school,Institut Bourguiba Des Langues,34.7310709,10.7641003,,,,,,2026-02-15T13:30:55.754560
Sfax,4639983087,node,cafe,الديوان,34.7340709,10.761233,,,,,,2026-02-15T13:30:55.754560
Sfax,4639983088,node,pharmacy,صيدلية عبد العزيز عبيد,34.7333612,10.7617506,شارع فرحات حشاد,+216 74 220 527,,"Mo-Fr 08:30-13:00, 15:00-19:30; Sa 08:30-13:00",,2026-02-15T13:30:55.754560
Sfax,4639995390,node,food_court,العارم,34.7340511,10.7623408,,,,,,2026-02-15T13:30:55.754560
Sfax,4639995391,node,place_of_worship,جامع السلامي,34.7339145,10.7623635,,,,,,2026-02-15T13:30:55.754560
Sfax,4639995392,node,restaurant,Le Corail,34.7333083,10.7622549,,,,,,2026-02-15T13:30:55.754560
Sfax,4639995394,node,bank,الاتحاد الدولي للبنوك صفاقس الهادي شاكر,34.7336389,10.7630998,,,,,,2026-02-15T13:30:55.754560
Sfax,4639995428,node,bank,البنك الوطني الفلاحي صفاقس باب بحر,34.7324329,10.7630298,,,,,,2026-02-15T13:30:55.754560
Sfax,4639995431,node,bank,بنك تونس العربي الدولي صفاقس سنتر,34.7320546,10.7646058,شارع الهادي شاكر,+216 31 372 031,,,,2026-02-15T13:30:55.754560
Sfax,4639995432,node,cafe,جاز,34.7324073,10.764178,,,,,,2026-02-15T13:30:55.754560
Sfax,4639995433,node,bar,مقهى تونس,34.7326938,10.7641539,,,,,,2026-02-15T13:30:55.754560
Sfax,4639995434,node,bank,الاتحاد البنكي للتجارة والصناعة صفاقس الشابي,34.7325594,10.7648204,,,,,,2026-02-15T13:30:55.754560
Sfax,4646766589,node,cafe,,34.7330341,10.7636955,,,,,,2026-02-15T13:30:55.754560
Sfax,4699620492,node,cafe,Red Moon,34.7359511,10.7518932,,,,,,2026-02-15T13:30:55.754560
Sfax,4762421048,node,doctors,الدكتور مصطفى شيحة,34.7376759,10.7549853,Avenue du 14 Janvier Imm. Aida,+216 74 402 188;+216 98 410 460,,Mo-Fr 08:00-18:00; Sa 08:00-14:00,,2026-02-15T13:30:55.754560
Sfax,4846652224,node,dentist,الدكتور يامن بوجلبان,34.7630484,10.7290299,Rte Lafrane Km 4 Imm. Mahsouna,+216 74 619 390;+216 53 619 390;+216 53 399 775,,Mo-Fr 08:00-18:00; Sa 08:00-14:00,,2026-02-15T13:30:55.754560
Sfax,5032063023,node,cafe,كريب,34.7409944,10.7528078,,,,,,2026-02-15T13:30:55.754560
Sfax,5057353921,node,restaurant,Plan B,34.7691162,10.741416,,+216 56 600 600,,Mo-Su 12:00-02:00,,2026-02-15T13:30:55.754560
Sfax,5063645721,node,cafe,Espace Er-Ribat,34.7400942,10.7595255,,,,,,2026-02-15T13:30:55.754560
Sfax,5063645823,node,taxi,محطة التاكسي الجماعي,34.7392341,10.7604407,,,,,,2026-02-15T13:30:55.754560
Sfax,5063646022,node,post_office,مكتب بريد صفاقس الجديدة (3027),34.7399735,10.7545044,,,,,,2026-02-15T13:30:55.754560
Sfax,5063646023,node,bank,بنك تونس العربي الدولي صفاقس الجديدة,34.7394888,10.7541028,شارع 14 يناير,+216 31 372 117,,,,2026-02-15T13:30:55.754560
Sfax,5107888722,node,cafe,بوليتيكا,34.7403325,10.7527531,,,,,,2026-02-15T13:30:55.754560
Sfax,5159455521,node,cafe,Ci Gusta,34.7363153,10.7518798,,,,,,2026-02-15T13:30:55.754560
Sfax,5159455522,node,cafe,Salon de Thé - Resto Granini,34.7263317,10.7254918,,,,,,2026-02-15T13:30:55.754560
Sfax,5201639822,node,cafe,,34.7344258,10.7582396,نهج برج القصر,+216 24 900 220,,,,2026-02-15T13:30:55.754560
Sfax,5246870229,node,cafe,قهوة legends,34.7732543,10.730468,طريق قرمدة,,,24/7,,2026-02-15T13:30:55.754560
Sfax,5252516522,node,clinic,بلسم الطبي,34.740396,10.744726,,,,,,2026-02-15T13:30:55.754560
Sfax,5317111421,node,internet_cafe,محسونة ارجيلة,34.7633183,10.7294878,,,,,,2026-02-15T13:30:55.754560
Sfax,5484082723,node,doctors,الدكتور منذر الفريخة,34.7379309,10.7542625,Rue Ahmed Aloulou Imm. Ibn Sina,+216 74 407 022;+216 74 615 839;+216 98 203 358,,Mo-Fr 08:00-18:00; Sa 08:00-14:00,,2026-02-15T13:30:55.754560
Sfax,5484385324,node,doctors,الدكتور محمد الشعبوني,34.7377648,10.7543651,Av. 14 Janvier Imm. Ibn Khaldoun,+216 74 407 066;+216 98 414 065,,Mo-Fr 08:00-18:00; Sa 08:00-14:00,,2026-02-15T13:30:55.754560
Sfax,5659333605,node,bus_station,محطة لواج جبنيانة الحنشة,34.741502,10.7620003,,,,,,2026-02-15T13:30:55.754560
Sfax,5790709564,node,bank,التجاري بنك صفاقس البستان,34.7597925,10.771784,Route Mahdia Km 2.5,+216 70 641 120,,,,2026-02-15T13:30:55.754560
Sfax,5926094685,node,clinic,مصحة ابن خلدون,34.7601251,10.74134,,,,24/7,,2026-02-15T13:30:55.754560
Sfax,6236804685,node,clinic,مصحة العالية,34.7472392,10.7386083,,,,24/7,,2026-02-15T13:30:55.754560
Sfax,6485127546,node,cafe,مقهى قولد كوفي,34.7569816,10.788378,,,,,,2026-02-15T13:30:55.754560
Sfax,6485127547,node,cafe,مقهى كوكسينال,34.7578169,10.7905006,,,,,,2026-02-15T13:30:55.754560
Sfax,6485127548,node,cafe,مقهى فيكتوريا,34.7593082,10.7930447,,,,,,2026-02-15T13:30:55.754560
Sfax,6485193298,node,cafe,مقهى لؤي,34.7610577,10.795349,,,,,,2026-02-15T13:30:55.754560
Sfax,6486772783,node,cafe,كافيتيريا بوز,34.7639833,10.7826322,,,,,,2026-02-15T13:30:55.754560
Sfax,6487504357,node,community_centre,صالة الشروق,34.7631834,10.7989642,,,,,,2026-02-15T13:30:55.754560
Sfax,6495103114,node,cafe,مقهى الكابيتول,34.7721428,10.7755232,,,,,,2026-02-15T13:30:55.754560
Sfax,6495103116,node,cafe,V12 مقهى بانيولا,34.7753971,10.7764168,,,,,,2026-02-15T13:30:55.754560
Sfax,6495103135,node,cafe,مقهى كارامالا,34.7758034,10.7769394,,,,,,2026-02-15T13:30:55.754560
Sfax,6495103136,node,cafe,مقهى حاتم,34.7785761,10.7774773,,,,,,2026-02-15T13:30:55.754560
Sfax,6495103138,node,restaurant,مطعم شرشور,34.7792562,10.7775739,,,,,,2026-02-15T13:30:55.754560
Sfax,6495103141,node,pharmacy,صيدلية علي بن عمر,34.7817451,10.7781623,Avenue Habib Bourguiba Sakiet Eddaier,+216 74 890 360,,"Mo-Fr 08:30-13:00, 15:00-19:30; Sa 08:30-13:00",,2026-02-15T13:30:55.754560
Sfax,6497155787,node,cafe,DUO Coffee,34.7564035,10.7628457,,,,,,2026-02-15T13:30:55.754560
Sfax,6497155788,node,bank,بنك الأمان صفاقس أريانة,34.7571199,10.7628446,,,,,,2026-02-15T13:30:55.754560
Sfax,6497155790,node,bank,بنك تونس العربي الدولي,34.7624532,10.762507,طريق تونس,+216 31 372 134,,,,2026-02-15T13:30:55.754560
Sfax,6497155795,node,post_office,مكتب بريد مركز بوعصيدة (3031),34.7719541,10.7604717,,,,,,2026-02-15T13:30:55.754560
Sfax,6499486437,node,cafe,مقهى بابا علي,34.7757186,10.7917046,,,,,,2026-02-15T13:30:55.754560
Sfax,6499486438,node,cafe,مقهى بركات,34.7751291,10.7917522,,,,,,2026-02-15T13:30:55.754560
Sfax,6499486441,node,cafe,مقهى الكلاسيكو,34.7730078,10.7902193,,,,,,2026-02-15T13:30:55.754560
Sfax,6499486442,node,cafe,مقهى يوسف,34.7717349,10.7892382,,,,,,2026-02-15T13:30:55.754560
Sfax,6499486444,node,cafe,مقهى العوي,34.7690562,10.7866063,,,,,,2026-02-15T13:30:55.754560
Sfax,6499486446,node,bank,الإتحاد البنكي للتجارة والصناعة صفاقس السلطنية,34.7676023,10.7855251,,,,,,2026-02-15T13:30:55.754560
Sfax,6499491181,node,bank,بنك تونس العربي الدولي صفاقس طريق السلطنية,34.7628597,10.7822477,طريق السلطنية,+216 31 372 305,,,,2026-02-15T13:30:55.754560
Sfax,6503281003,node,restaurant,مطعم الزيتونة,34.7415827,10.7612246,,,,,,2026-02-15T13:30:55.754560
Sfax,6503281004,node,fuel,ستار اويل,34.7445923,10.7603447,,,,,,2026-02-15T13:30:55.754560
Sfax,6503295416,node,restaurant,مطعم عبيد,34.7451674,10.7628511,,,,,,2026-02-15T13:30:55.754560
Sfax,6503295417,node,restaurant,كويك دين,34.7455949,10.7633448,,,,,,2026-02-15T13:30:55.754560
Sfax,6503295419,node,cafe,مقهى روبيستا,34.7469451,10.7619435,Avenue 5 Août,,,,,2026-02-15T13:30:55.754560
Sfax,6503648713,node,fuel,طوطال,34.7462921,10.7419781,,,,,,2026-02-15T13:30:55.754560
Sfax,6503870466,node,post_office,البريد السريع البستان,34.7491666,10.7717945,,,,,,2026-02-15T13:30:55.754560
Sfax,6503870468,node,cafe,مقهى جلال,34.7456246,10.7657318,,,,,,2026-02-15T13:30:55.754560
Sfax,6503886669,node,cafe,مقهى معز,34.7457775,10.7624784,,,,,,2026-02-15T13:30:55.754560
Sfax,6505453296,node,ice_cream,Ci Gusta,34.7701001,10.7425514,,,,,,2026-02-15T13:30:55.754560
Sfax,6505534520,node,fast_food,La Scaccia,34.770035,10.7423949,,,,,,2026-02-15T13:30:55.754560
Sfax,6505534521,node,community_centre,Salle de Fetes Carthage,34.7678177,10.7397562,,,,,,2026-02-15T13:30:55.754560
Sfax,6505625878,node,theatre,مركز الفنون الدرامية والركحية بصفاقس,34.7461703,10.7530858,,,,,,2026-02-15T13:30:55.754560
Sfax,6506186201,node,fuel,أويليبيا,34.7391786,10.7433182,,,,,,2026-02-15T13:30:55.754560
Sfax,6506218738,node,pharmacy,صيدلية هاجر خليف حرم المهيري,34.7418068,10.7366729,Rte Menzel Chaker Km 1.5,+216 74 240 370,,"Mo-Fr 08:30-13:00, 15:00-19:30; Sa 08:30-13:00",,2026-02-15T13:30:55.754560
Sfax,6507019839,node,cafe,مقهى الحبيب,34.7654167,10.7737909,,,,,,2026-02-15T13:30:55.754560
Sfax,6507019840,node,cafe,مقهى روزالينا,34.7823012,10.7778765,,,,,,2026-02-15T13:30:55.754560
Sfax,6508166869,node,pharmacy,صيدلية توفيق المعالج,34.7264207,10.7256475,Route Sokra Km 2.5,+216 74 674 307,,"Mo-Fr 08:30-13:00, 15:00-19:30; Sa 08:30-13:00",,2026-02-15T13:30:55.754560
Sfax,6509326033,node,cafe,مقهى كابيتو,34.7588364,10.7873562,,,,,,2026-02-15T13:30:55.754560
Sfax,6511229493,node,fuel,شل,34.7332124,10.7605384,,,,,,2026-02-15T13:30:55.754560
Sfax,6535419165,node,cafe,مقهى الحلمية,34.7310331,10.7504826,,,,,,2026-02-15T13:30:55.754560
Sfax,6535422893,node,cafe,مقهى القادسية,34.7296514,10.7537095,,,,,,2026-02-15T13:30:55.754560
Sfax,6535566870,node,community_centre,قاعة عطلة البلدية,34.734236,10.7644386,,,,,,2026-02-15T13:30:55.754560
Sfax,6535590459,node,marketplace,سوق الجملة للخضر والغلال,34.71708,10.7366244,,,,,,2026-02-15T13:30:55.754560
Sfax,6535960740,node,parking,,34.7386718,10.7573675,,,,,,2026-02-15T13:30:55.754560
Sfax,6535971000,node,studio,إذاعة صفاقس,34.7369682,10.7461728,,,,,,2026-02-15T13:30:55.754560
Sfax,6537428898,node,place_of_worship,جامع التقوى,34.7204644,10.7201556,,,,,,2026-02-15T13:30:55.754560
Sfax,6550856497,node,cafe,مقهى الريال,34.7611297,10.7806719,,,,,,2026-02-15T13:30:55.754560
Sfax,6550867164,node,cafe,مقهى مافي,34.7505922,10.7716673,,,,,,2026-02-15T13:30:55.754560
Sfax,6550867165,node,bank,الاتحاد الدولي للبنوك صفاقس البودريار,34.7509799,10.7727826,,,,,,2026-02-15T13:30:55.754560
Sfax,6553420882,node,bank,بنك تونس العربي الدولي صفاقس 18 جانفي 1952,34.7343974,10.7573933,شارع 18 يناير,+216 31 372 036,,,,2026-02-15T13:30:55.754560
Sfax,6553420883,node,bank,التجاري بنك صفاقس الجديدة,34.737221,10.7559414,Avenue 14 Janvier,,,,,2026-02-15T13:30:55.754560
Sfax,6553420884,node,bank,الاتحاد البنكي للتجارة والصناعة,34.7374004,10.7565627,,,,,,2026-02-15T13:30:55.754560
Sfax,6553443185,node,pharmacy,صيدلية نجم الدين الفريخة,34.7377359,10.7569318,Avenue des Martyrs Place Bab Jebli,+216 74 403 800,,"Mo-Fr 08:30-13:00, 15:00-19:30; Sa 08:30-13:00",,2026-02-15T13:30:55.754560
Sfax,6586696438,node,cafe,A bord,34.730739,10.7660945,شارع الهادي شاكر,,,,,2026-02-15T13:30:55.754560
Sfax,6586735877,node,place_of_worship,جامع الدريبة,34.7365978,10.7626917,نهج الدريبة,,,,,2026-02-15T13:30:55.754560
Sfax,6609985553,node,post_office,مكتب بريد السلطنية (3081),34.7694196,10.7873755,,,,,,2026-02-15T13:30:55.754560
Sfax,6612368652,node,post_office,مكتب بريد حي بورقيبة (3094),34.7586822,10.7918009,,,,,,2026-02-15T13:30:55.754560
Sfax,6631902167,node,restaurant,مطعم و بيتزاريا الملك,34.7714322,10.7890991,,,,,,2026-02-15T13:30:55.754560
Sfax,6641469685,node,bank,البنك التونسي الليبي صفاقس البستان,34.7471354,10.7662071,,,,,,2026-02-15T13:30:55.754560
Sfax,6641470485,node,bank,البنك التونسي الليبي صفاقس الجديدة,34.7418262,10.7564592,,,,,,2026-02-15T13:30:55.754560
Sfax,6653285026,node,cafe,مقهى الززوة,34.7482358,10.760671,Route de Tunis,,,,,2026-02-15T13:30:55.754560
Sfax,6653288475,node,post_office,مكتب بريد صفاقس حشاد (3069),34.7502319,10.7612353,,,,,,2026-02-15T13:30:55.754560
Sfax,6653288476,node,post_office,مكتب بريد صفاقس 15 نوفمبر (3089),34.7459764,10.7500476,,,,,,2026-02-15T13:30:55.754560
Sfax,6658646216,node,bank,بنك الزيتونة فرع صفاقس البودريار,34.7537136,10.7760221,"Rue Jamel Eddine El Afghani, Z.I. Poudriere 1",+216 71 128 620,,,,2026-02-15T13:30:55.754560
Sfax,6658646217,node,bank,مصرف الزيتونة صفاقس اريانة,34.7544973,10.7622314,Route de Tunis Km 2 Immeuble Ariana Palace,+216 71 164 330,,,,2026-02-15T13:30:55.754560
Sfax,6658743041,node,bank,بنك الزيتونة صفاقس سكرة,34.7224008,10.7172521,"Route de Soukra Km 3,5",+216 71 128 420,,,,2026-02-15T13:30:55.754560
Sfax,6658746924,node,bank,مصرف الزيتونة,34.7275078,10.7432403,Route Gabès Km 1.5,+216 71 128 780,,,,2026-02-15T13:30:55.754560
Sfax,6658820673,node,bank,بنك الزيتونة صفاقس بوليلة,34.7424754,10.7538838,Avenue Majida Boulila Imm. Lafrane Centre,+216 71 164 320,,,,2026-02-15T13:30:55.754560
Sfax,6658905783,node,bank,بنك الزيتونة صفاقس قرمدة,34.7601353,10.7417459,Route Gremda Km 2.5,+216 71 164 470,,,,2026-02-15T13:30:55.754560
Sfax,6658905784,node,bank,بنك الزيتونة صفاقس طريق الأفران,34.7588209,10.7330812,طريق الأفران,+216 71 128 510,,,,2026-02-15T13:30:55.754560
Sfax,6659094320,node,bank,بنك الزيتونة صفاقس طريق العين,34.7489682,10.7354046,Route El Ain Km 2.5 Imm. Al Kafila,+216 71 128 920,,,,2026-02-15T13:30:55.754560
Sfax,6659214373,node,bank,بنك الزيتونة صفاقس منزل شاكر,34.7526079,10.7138849,Route Manzel Chaker Km 4,+216 71 128 470,,,,2026-02-15T13:30:55.754560
Sfax,6668134384,node,bank,بنك تونس العربي الدولي صفاقس طريق المطار,34.7333316,10.7085185,طريق المطار,+216 31 372 317,,,,2026-02-15T13:30:55.754560
Sfax,6668237300,node,bank,بنك تونس العربي الدولي صفاقس طريق منزل شاكر,34.7538583,10.7109972,طريق منزل شاكر,+216 31 372 281,,,,2026-02-15T13:30:55.754560
Sfax,6668237307,node,bank,بنك تونس العربي الدولي صفاقس طريق الأفران,34.7589826,10.7329316,طريق الأفران,+216 31 372 287,,,,2026-02-15T13:30:55.754560
Sfax,6668237320,node,bank,بنك تونس العربي الدولي صفاقس طريق العين,34.7450893,10.7436403,طريق العين,+216 31 372 123,,,,2026-02-15T13:30:55.754560
Sfax,6668268648,node,bank,بنك تونس العربي الدولي صفاقس الحبيب ثامر,34.7321675,10.7662147,نهج سالم حرز الله,+216 31 372 034,,,,2026-02-15T13:30:55.754560
Sfax,6668268649,node,bank,بنك تونس العربي الدولي صفاقس حشاد,34.7335472,10.7531879,شارع فرحات حشاد,+216 31 372 043,,,,2026-02-15T13:30:55.754560
Sfax,6668268662,node,bank,بنك تونس العربي الدولي صفاقس قرمدة,34.7475414,10.7512542,طريق قرمدة,+216 31 372 044,,,,2026-02-15T13:30:55.754560
Sfax,6668268671,node,bank,بنك تونس العربي الدولي صفاقس حي الحبيب,34.7212252,10.7223843,طريق المحارزة,+216 31 372 035,,,,2026-02-15T13:30:55.754560
Sfax,6668588437,node,bank,بنك تونس العربي الدولي صفاقس 5 أوت,34.7446402,10.7627612,شارع 5 أوت,+216 31 372 014,,,,2026-02-15T13:30:55.754560
Sfax,6668588454,node,bank,بنك تونس العربي الدولي معرض صفاقس,34.7283743,10.7588402,شارع الحبيب بورقيبة,+216 31 372 038,,,,2026-02-15T13:30:55.754560
Sfax,6669731184,node,bank,التجاري بنك مركز أعمال صفاقس الشابي,34.7319442,10.7658126,Rue Abou El Kacem Chebbi,+216 70 640 010,,,,2026-02-15T13:30:55.754560
Sfax,6669748485,node,bank,التجاري بنك صفاقس الإنطلاقة,34.7315736,10.7619354,Rue Haffouz,+216 70 641 430,,,,2026-02-15T13:30:55.754560
Sfax,6669748486,node,bank,التجاري بنك صفاقس الأفران,34.7426012,10.7539767,Angle Av. Majida Boulila et Route Lafrance,+216 70 641 580,,,,2026-02-15T13:30:55.754560
Sfax,6669748511,node,bank,التجاري بنك صفاقس 5 أوت,34.7434409,10.7633867,Angle Av. 5 Août et Route de Mahdia,+216 70 640 390,,,,2026-02-15T13:30:55.754560
Sfax,6669748512,node,bank,التجاري بنك صفاقس الزفير,34.7368169,10.7494878,Avenue Majida Boulila Imm. Zephir,+216 70 641 100,,,,2026-02-15T13:30:55.754560
Sfax,6669748546,node,bank,التجاري بنك صفاقس الناصرية,34.7461538,10.7595643,Avenue Majida Boulila Imm. Les Etoiles,+216 70 641 370,,,,2026-02-15T13:30:55.754560
Sfax,6669818476,node,bank,التجاري بنك صفاقس حي الحبيب,34.7197854,10.7204862,Avenue de La Jordanie Cité El Habib,+216 70 641 360,,,,2026-02-15T13:30:55.754560
Sfax,6669818482,node,bank,التجاري بنك صفاقس العالية,34.7473946,10.7384162,Route El Ain Km 2.5,+216 70 642 050,,,,2026-02-15T13:30:55.754560
Sfax,6670020845,node,bank,التجاري بنك صفاقس مولنفيل,34.7528337,10.7617333,الطريق الوطنية تونس - رأس جدير,+216 70 641 490,,,,2026-02-15T13:30:55.754560
Sfax,6687476364,node,bank,البنك الوطني الفلاحي صفاقس الميناء,34.7145343,10.7632163,,,,,,2026-02-15T13:30:55.754560
Sfax,6687476365,node,bank,BNA,34.7528797,10.7614342,الطريق الوطنية تونس - رأس جدير,,,,,2026-02-15T13:30:55.754560
Sfax,6723499677,node,restaurant,دال فورنو,34.752629,10.7682865,,+216 29 312 091,,,,2026-02-15T13:30:55.754560
Sfax,6723512187,node,cafe,مقهى دوركاس,34.7501869,10.7675167,,+216 22 095 686,,,,2026-02-15T13:30:55.754560
Sfax,6723512189,node,cafe,مقهى كايمانو,34.7504326,10.7672646,,,,,,2026-02-15T13:30:55.754560
Sfax,6731400320,node,restaurant,مطعم حلق الوادي,34.7640687,10.7826914,,,,,,2026-02-15T13:30:55.754560
Sfax,6731400321,node,restaurant,مطعم شكري,34.7591333,10.7809745,,,,,,2026-02-15T13:30:55.754560
Sfax,6744430621,node,pharmacy,صيدلية السيالة,34.7624475,10.7286459,Route Lafrane Km 3 Immeuble Mahsouna,+216 74 618 325,,"Mo-Fr 08:30-13:00, 15:00-19:30; Sa 08:30-13:00",,2026-02-15T13:30:55.754560
Sfax,6744430623,node,cafe,O'Chichi,34.7633311,10.728616,,,,,,2026-02-15T13:30:55.754560
Sfax,6744490244,node,cafe,Trocadero,34.7633873,10.7291331,,,,,,2026-02-15T13:30:55.754560
Sfax,6744490245,node,ice_cream,جواجم عائشة,34.7684908,10.7217641,,,,,,2026-02-15T13:30:55.754560
Sfax,6744490247,node,ice_cream,Ci Gusta!,34.7691758,10.7209807,,,,,,2026-02-15T13:30:55.754560
Sfax,6744490249,node,restaurant,Pattaya,34.7702232,10.7192915,,,,,,2026-02-15T13:30:55.754560
Sfax,6827258814,node,pharmacy,صيدلية مالك الڤرڤوري,34.7498354,10.7611292,Route Tunis Km 1,+216 74 216 661,,"Mo-Fr 08:30-13:00, 15:00-19:30; Sa 08:30-13:00",,2026-02-15T13:30:55.754560
Sfax,6832990026,node,restaurant,برينقليس,34.7421898,10.7560111,,,,,,2026-02-15T13:30:55.754560
Sfax,6838911959,node,pharmacy,صيدلية منير السلامي,34.7350165,10.7313837,Route de l'Aéroport Km 2,+216 74 242 809,,"Mo-Fr 08:30-13:00, 15:00-19:30; Sa 08:30-13:00",,2026-02-15T13:30:55.754560
Sfax,6912090325,node,pharmacy,صيدلية الليل نجوى الزواري,34.7709393,10.7524673,,+216 74 231 611,,Mo-Su 19:30-08:30,,2026-02-15T13:30:55.754560
Sfax,6912090326,node,pharmacy,صيدلية الليل سلمى الفقي,34.7595716,10.7422666,,,,Mo-Su 19:30-08:30,,2026-02-15T13:30:55.754560
Sfax,6912690116,node,pharmacy,صيدلية الليل هادية الرياحي حرم الملولي,34.750996,10.7614048,,,,Mo-Su 19:30-08:30,,2026-02-15T13:30:55.754560
Sfax,6912690117,node,pharmacy,صيدلية الليل عبد الرزاق الحمامي,34.7423619,10.753726,Avenue Majida Boulila,+216 74 244 345,,Mo-Su 19:30-08:30,,2026-02-15T13:30:55.754560
Sfax,6912690118,node,pharmacy,صيدلية الليل عبد الرزاق الرقيق,34.7378625,10.7553742,,,,Mo-Su 19:30-08:30,,2026-02-15T13:30:55.754560
Sfax,6912690119,node,pharmacy,صيدلية الليل عادل عشيش,34.7181347,10.7214113,Cité El Habib,+216 74 275 684,,Mo-Su 19:30-08:30,,2026-02-15T13:30:55.754560
Sfax,6942532053,node,cafe,مقهى محسن,34.7310883,10.7518122,,,,,,2026-02-15T13:30:55.754560
Sfax,6951963512,node,pharmacy,صيدلية رضا الطرابلسي,34.7398853,10.7575992,Immeuble El Borj Ennasria,+216 74 400 602,,"Mo-Fr 08:30-13:00, 15:00-19:30; Sa 08:30-13:00",,2026-02-15T13:30:55.754560
Sfax,6951963513,node,pharmacy,صيدلية دلندة شيخ روحه حرم القطي,34.7432527,10.7547685,,+216 74 243 570,,"Mo-Fr 08:30-13:00, 15:00-19:30; Sa 08:30-13:00",,2026-02-15T13:30:55.754560
Sfax,6951963515,node,pharmacy,صيدلية كمال قيراط,34.7716945,10.7525323,,+216 74 259 973,,"Mo-Fr 08:30-13:00, 15:00-19:30; Sa 08:30-13:00",,2026-02-15T13:30:55.754560
Sfax,6951963516,node,pharmacy,صيدلية رفيق بوعتور,34.7459473,10.742013,Route El Ain Km 1.5,+216 74 464 155,,"Mo-Fr 08:30-13:00, 15:00-19:30; Sa 08:30-13:00",,2026-02-15T13:30:55.754560
Sfax,6952471074,node,pharmacy,صيدلية عفيفة التريكي حرم السويسي,34.7527981,10.7614308,الطريق الوطنية تونس - رأس جدير,+216 74 443 240,,"Mo-Fr 08:30-13:00, 15:00-19:30; Sa 08:30-13:00",,2026-02-15T13:30:55.754560
Sfax,6952471075,node,pharmacy,صيدلية راقية الموخر حرم العموص,34.7584573,10.791253,Route Sidi Mansour Km4,+216 74 870 111,,"Mo-Fr 08:30-13:00, 15:00-19:30; Sa 08:30-13:00",,2026-02-15T13:30:55.754560
Sfax,6952532831,node,pharmacy,صيدلية رضا العيادي,34.759996,10.7418656,Route Gremda Km 3,+216 74 261 838,,"Mo-Fr 08:30-13:00, 15:00-19:30; Sa 08:30-13:00",,2026-02-15T13:30:55.754560
Sfax,6953494909,node,pharmacy,صيدلية فوزي العموري,34.7624773,10.7163956,"Route El Ain Km 4,5",+216 74 263 678,,"Mo-Fr 08:30-13:00, 15:00-19:30; Sa 08:30-13:00",,2026-02-15T13:30:55.754560
Sfax,6953494911,node,pharmacy,صيدلية فاطمة بوريشة حرم الزحاف,34.7333478,10.7070875,Route Aeroport Km 4 Imm Abid,+216 74 279 550,,"Mo-Fr 08:30-13:00, 15:00-19:30; Sa 08:30-13:00",,2026-02-15T13:30:55.754560
Sfax,6953709935,node,pharmacy,صيدلية نبيهة القلصي حرم بن لسود,34.7377034,10.7539206,Immeuble Nozha Rue Ahmed Aloulou Sfax Al Jadida,+216 74 401 062,,"Mo-Fr 08:30-13:00, 15:00-19:30; Sa 08:30-13:00",,2026-02-15T13:30:55.754560
Sfax,6960056761,node,pharmacy,صيدلية فوزي الشعري,34.7393407,10.7503106,Rte Mensel Chaker Km 1,+216 74 452 507,,"Mo-Fr 08:30-13:00, 15:00-19:30; Sa 08:30-13:00",,2026-02-15T13:30:55.754560
Sfax,6960081468,node,pharmacy,صيدلية عائدة الحكموني حرم القلال,34.7822242,10.7602242,Route de Tunis Km 4.5,+216 74 253 002;+216 98 817 020,,"Mo-Fr 08:30-13:00, 15:00-19:30; Sa 08:30-13:00",,2026-02-15T13:30:55.754560
Sfax,6960144518,node,pharmacy,صيدلية النوري اللوز,34.7577921,10.7437848,Route Gremda Km 2.5,+216 74 614 014,,"Mo-Fr 08:30-13:00, 15:00-19:30; Sa 08:30-13:00",,2026-02-15T13:30:55.754560
Sfax,6960169022,node,pharmacy,صيدلية زهرة بودبوس حرم الجراية,34.7452019,10.7441282,طريق العين,+216 74 460 805,,"Mo-Fr 08:30-13:00, 15:00-19:30; Sa 08:30-13:00",,2026-02-15T13:30:55.754560
Sfax,6960222439,node,pharmacy,صيدلية نجيب الجراية,34.7380385,10.7552449,Avenue 14 Janvier El Arwika,+216 74 401 349,,"Mo-Fr 08:30-13:00, 15:00-19:30; Sa 08:30-13:00",,2026-02-15T13:30:55.754560
Sfax,6960228499,node,pharmacy,صيدلية منير بوعتور,34.7643222,10.7622194,"Route de Tunis Km 2,5 Dar Ettabib",+216 74 695 780,,"Mo-Fr 08:30-13:00, 15:00-19:30; Sa 08:30-13:00",,2026-02-15T13:30:55.754560
Sfax,6960731142,node,pharmacy,صيدلية ليلى المجدوب حرم الفندري,34.7545114,10.7086813,Route Menzel Chaker Km 4.5,+216 74 624 349,,"Mo-Fr 08:30-13:00, 15:00-19:30; Sa 08:30-13:00",,2026-02-15T13:30:55.754560
Sfax,6961371759,node,pharmacy,صيدلية رؤوف عبيد,34.7444087,10.7522161,"Route Lafrane km 0,5",+216 74 241 390,,"Mo-Fr 08:30-13:00, 15:00-19:30; Sa 08:30-13:00",,2026-02-15T13:30:55.754560
Sfax,6966151176,node,pharmacy,صيدلية خليفة البرادعي,34.7543449,10.7639437,شارع البستان,+216 74 234 223,,"Mo-Fr 08:30-13:00, 15:00-19:30; Sa 08:30-13:00",,2026-02-15T13:30:55.754560
Sfax,6966151177,node,pharmacy,صيدلية حمادي مزيد,34.7748798,10.7609374,Merkez Bouassida Route de Tunis,+216 74 230 415;+216 98 418 076,,"Mo-Fr 08:30-13:00, 15:00-19:30; Sa 08:30-13:00",,2026-02-15T13:30:55.754560
Sfax,6966399407,node,pharmacy,صيدلية سناء العيادي حرم حمزة,34.7852099,10.7600844,,+216 74 802 370,,"Mo-Fr 08:30-13:00, 15:00-19:30; Sa 08:30-13:00",,2026-02-15T13:30:55.754560
Sfax,6966809463,node,pharmacy,صيدلية أمال الزحاف حرم الفندري,34.7486354,10.7588976,"Route de Teniour Km 0,5",+216 74 445 005,,"Mo-Fr 08:30-13:00, 15:00-19:30; Sa 08:30-13:00",,2026-02-15T13:30:55.754560
Sfax,6966809464,node,pharmacy,صيدلية حسان المظفر,34.7773687,10.7493451,Route Teniour Km 5 Chihia,+216 74 281 440,,"Mo-Fr 08:30-13:00, 15:00-19:30; Sa 08:30-13:00",,2026-02-15T13:30:55.754560
Sfax,6971095986,node,pharmacy,,34.7555201,10.7452494,,,,"Mo-Fr 08:30-13:00, 15:00-19:30; Sa 08:30-13:00",,2026-02-15T13:30:55.754560
Sfax,6971379491,node,pharmacy,,34.7678681,10.7218808,,,,"Mo-Fr 08:30-13:00, 15:00-19:30; Sa 08:30-13:00",,2026-02-15T13:30:55.754560
Sfax,6973093271,node,pharmacy,صيدلية نجيبة عمار حرم اللوز,34.7580522,10.7332432,Route de Lafrane Km 3 Polyclinique Errachid,+216 74 613 333,,"Mo-Fr 08:30-13:00, 15:00-19:30; Sa 08:30-13:00",,2026-02-15T13:30:55.754560
Sfax,6973093272,node,pharmacy,صيدلية سالم السماوي,34.7473404,10.7474346,"Route de Lafrane Km 1,5",+216 74 241 760,,"Mo-Fr 08:30-13:00, 15:00-19:30; Sa 08:30-13:00",,2026-02-15T13:30:55.754560
Sfax,6973093273,node,pharmacy,صيدلية محمد علي التريكي,34.7417666,10.7535273,Avenue Majida Boulila Immeuble Abdelkefi,+216 74 402 118,,"Mo-Fr 08:30-13:00, 15:00-19:30; Sa 08:30-13:00",,2026-02-15T13:30:55.754560
Sfax,6973093274,node,pharmacy,صيدلية صادق العيادي,34.7396718,10.7560886,Immeuble La Perla Rue Sidi Belhsan Ellakhmi,+216 74 406 864,,"Mo-Fr 08:30-13:00, 15:00-19:30; Sa 08:30-13:00",,2026-02-15T13:30:55.754560
Sfax,6973121485,node,pharmacy,,34.736031,10.7540234,,,,"Mo-Fr 08:30-13:00, 15:00-19:30; Sa 08:30-13:00",,2026-02-15T13:30:55.754560
Sfax,6973121488,node,pharmacy,صيدلية المنجي قطاطة,34.7423798,10.7513699,"Route El Ain Km 0,7 Face Hopital",+216 74 243 159,,"Mo-Fr 08:30-13:00, 15:00-19:30; Sa 08:30-13:00",,2026-02-15T13:30:55.754560
Sfax,6973121489,node,pharmacy,صيدلية عبد الجليل الجربي,34.7427104,10.7494347,Rte El Ain Km 0.5,+216 74 464 195,,"Mo-Fr 08:30-13:00, 15:00-19:30; Sa 08:30-13:00",,2026-02-15T13:30:55.754560
Sfax,6973121490,node,pharmacy,صيدلية هناء عمار حرم بن عياد,34.7489254,10.7355654,Rte El Ain Km 2.5 Imm. La Caravane,+216 31 531 140;+216 23 048 751,,"Mo-Fr 08:30-13:00, 15:00-19:30; Sa 08:30-13:00",,2026-02-15T13:30:55.754560
Sfax,6973121493,node,pharmacy,,34.7507675,10.7176928,,,,"Mo-Fr 08:30-13:00, 15:00-19:30; Sa 08:30-13:00",,2026-02-15T13:30:55.754560
Sfax,6973345631,node,pharmacy,,34.7396562,10.7410163,,,,"Mo-Fr 08:30-13:00, 15:00-19:30; Sa 08:30-13:00",,2026-02-15T13:30:55.754560
Sfax,6973345632,node,pharmacy,صيدلية توفيق زكري,34.7377928,10.7461377,"Route Menzel Chaker Km 0,5",+216 74 243 702,,"Mo-Fr 08:30-13:00, 15:00-19:30; Sa 08:30-13:00",,2026-02-15T13:30:55.754560
Sfax,6973345633,node,pharmacy,صيدلية عادل العفاس,34.7357789,10.7489555,Centre Mirage 3 Angle Majida Boulila Route Menzel Chaker,+216 74 222 779,,"Mo-Fr 08:30-13:00, 15:00-19:30; Sa 08:30-13:00",,2026-02-15T13:30:55.754560
Sfax,6973345634,node,pharmacy,صيدلية دلندة الزواري حرم العكروت,34.73769,10.7496659,Avenue Majida Boulila,+216 74 240 032,,"Mo-Fr 08:30-13:00, 15:00-19:30; Sa 08:30-13:00",,2026-02-15T13:30:55.754560
Sfax,6975827317,node,pharmacy,صيدلية مفيدة جبل حرم شطارة,34.7299141,10.7336437,Route Sokra Km 1.5,+216 74 462 220,,"Mo-Fr 08:30-13:00, 15:00-19:30; Sa 08:30-13:00",,2026-02-15T13:30:55.754560
Sfax,6976151803,node,pharmacy,صيدلية نجيب الحديجي,34.7200273,10.7206634,Rte El Mharza Km 4 Cité El Habib,+216 74 274 019,,"Mo-Fr 08:30-13:00, 15:00-19:30; Sa 08:30-13:00",,2026-02-15T13:30:55.754560
Sfax,6976151804,node,pharmacy,صيدلية طه الملولي,34.7177503,10.7217037,Route Mharza Cité El Habib,+216 74 276 989,,"Mo-Fr 08:30-13:00, 15:00-19:30; Sa 08:30-13:00",,2026-02-15T13:30:55.754560
Sfax,6976151815,node,pharmacy,صيدلية سامي شيخ روحه,34.7299198,10.7410944,Route Mharza Km 1.5,+216 74 241 561;+216 98 413 173,,"Mo-Fr 08:30-13:00, 15:00-19:30; Sa 08:30-13:00",,2026-02-15T13:30:55.754560
Sfax,6987336219,node,cafe,مقهى الشاطئ,34.7632644,10.7991329,,,,,,2026-02-15T13:30:55.754560
Sfax,6987336220,node,cafe,مقهى بالما,34.7603322,10.7942808,,,,,,2026-02-15T13:30:55.754560
Sfax,6987336221,node,restaurant,ديابازون,34.7602759,10.7942233,,,,,,2026-02-15T13:30:55.754560
Sfax,6987336222,node,cafe,مقهى توب 3,34.759748,10.7937245,,,,,,2026-02-15T13:30:55.754560
Sfax,6987461703,node,cafe,مقهى دكانة,34.7573958,10.7893804,,,,,,2026-02-15T13:30:55.754560
Sfax,6987461704,node,restaurant,ذ هيلثي واي,34.7570484,10.7885575,,,,,,2026-02-15T13:30:55.754560
Sfax,6991702136,node,post_office,مكتب بريد سوق الفرياني (3048),34.7352078,10.761101,شارع حنون,,,Tu-Fr 08:00-15:00; Sa 08:00-12:30,,2026-02-15T13:30:55.754560
Sfax,6991702137,node,post_office,مكتب بريد حي الخيري (3079),34.7338163,10.7555789,,,,,,2026-02-15T13:30:55.754560
Sfax,6991702138,node,post_office,مكتب بريد باب الجبلي (3047),34.7385979,10.7591317,,,,,,2026-02-15T13:30:55.754560
Sfax,6991779456,node,post_office,البريد السريع باب الجبلي,34.7411249,10.7578699,,,,,,2026-02-15T13:30:55.754560
Sfax,6991779459,node,post_office,مكتب بريد القايد امحمد (3039),34.7528343,10.75455,,,,,,2026-02-15T13:30:55.754560
Sfax,6992128724,node,post_office,مكتب بريد شيخ روحه (3032),34.7537358,10.746709,,,,,,2026-02-15T13:30:55.754560
Sfax,6992128725,node,post_office,مكتب بريد مركز العالية (3051),34.7481432,10.7368105,,,,,,2026-02-15T13:30:55.754560
Sfax,6992128726,node,post_office,مكتب بريد مركز شاكر (3072),34.7399068,10.7369431,,,,,,2026-02-15T13:30:55.754560
Sfax,6992149259,node,post_office,مكتب بريد وادي الرمل (3023),34.7335809,10.7205509,,,,,,2026-02-15T13:30:55.754560
Sfax,6992149260,node,post_office,مكتب بريد وادي الشعبوني (3071),34.7402862,10.7080964,,,,,,2026-02-15T13:30:55.754560
Sfax,6992170139,node,post_office,مكتب بريد حي الحبيب (3052),34.7205167,10.7205208,,,,,,2026-02-15T13:30:55.754560
Sfax,6992170140,node,post_office,مركز التوزيع البريدي حي الحبيب (3052),34.7260437,10.7158446,,,,,,2026-02-15T13:30:55.754560
Sfax,7001458385,node,cafe,مقهى 2 مارس,34.7546282,10.7725329,,,,,,2026-02-15T13:30:55.754560
Sfax,7001458386,node,cafe,مقهى نسمة,34.757782,10.7893452,,,,,,2026-02-15T13:30:55.754560
Sfax,7001458387,node,cafe,مقهى كاكتيس,34.7462838,10.7674312,,,,,,2026-02-15T13:30:55.754560
Sfax,7001458388,node,restaurant,مطعم المنصور,34.746564,10.7660732,,,,,,2026-02-15T13:30:55.754560
Sfax,7001458389,node,cafe,مقهى الأندلس,34.7447277,10.768359,,,,,,2026-02-15T13:30:55.754560
Sfax,7001469657,node,cafe,مقهى فري جيمو,34.7453449,10.768791,,,,,,2026-02-15T13:30:55.754560
Sfax,7001680403,node,cafe,قاعة شاي فريدوم,34.7484502,10.7690637,,,,,,2026-02-15T13:30:55.754560
Sfax,7001680405,node,restaurant,يورسالف,34.7512063,10.7766004,,,,,,2026-02-15T13:30:55.754560
Sfax,7001680409,node,cafe,مقهى ليدوس,34.7464604,10.7681795,,,,,,2026-02-15T13:30:55.754560
Sfax,7001680410,node,cafe,سيتي كوفي شوب,34.7479841,10.7613427,,,,,,2026-02-15T13:30:55.754560
Sfax,7001680411,node,cafe,بيكاسو,34.7478625,10.7611736,,,,,,2026-02-15T13:30:55.754560
Sfax,7001680412,node,cafe,كافيتيريا تانيت,34.7453487,10.7624866,,,,,,2026-02-15T13:30:55.754560
Sfax,7001680413,node,restaurant,ميستر فود,34.7452861,10.7624889,,,,,,2026-02-15T13:30:55.754560
Sfax,7001680415,node,cafe,ستارت اب,34.7446917,10.7630237,,,,,,2026-02-15T13:30:55.754560
Sfax,7001680416,node,cafe,قاعة شاي الملك,34.744123,10.763339,,,,,,2026-02-15T13:30:55.754560
Sfax,7001680417,node,pharmacy,صيدلية نجيب بكور,34.743813,10.7632346,شارع 5 أوت,+216 74 220 088,,"Mo-Fr 08:30-13:00, 15:00-19:30; Sa 08:30-13:00",,2026-02-15T13:30:55.754560
Sfax,7005964578,node,bank,بنك الإسكان صفاقس الهادي شاكر,34.731273,10.7654986,,,,,,2026-02-15T13:30:55.754560
Sfax,7005964579,node,bank,الإتحاد البنكي للتجارة والصناعة صفاقس شاكر,34.7310627,10.765744,شارع الهادي شاكر,,,,,2026-02-15T13:30:55.754560
Sfax,7006068659,node,bank,البنك التونسي الكويتي صفاقس شاكر,34.7332488,10.7633429,,,,,,2026-02-15T13:30:55.754560
Sfax,7006068660,node,bank,بنك تونس العربي الدولي صفاقس مارلبورغ,34.7328424,10.7630872,شارع الطيب المهيري,,,,,2026-02-15T13:30:55.754560
Sfax,7006346735,node,bank,ستوسيد بنك صفاقس,34.7401799,10.7589284,,,,,,2026-02-15T13:30:55.754560
Sfax,7010681494,node,bank,بنك البركة صفاقس الجديدة,34.7366511,10.7551754,شارع الشهداء,,,,,2026-02-15T13:30:55.754560
Sfax,7010684953,node,bank,بنك البركة صفاقس طريق الأفران,34.757727,10.7339875,طريق الأفران كم 3,,,,,2026-02-15T13:30:55.754560
Sfax,7010687000,node,bank,بنك البركة صفاقس طريق المهدية,34.7522509,10.768492,شارع الحبيب بوقطفة,,,,,2026-02-15T13:30:55.754560
Sfax,7010699958,node,bank,بنك البركة صفاقس طريق منزل شاكر,34.750807,10.7168221,طريق منزل شاكر كم 3.5,+216 71 187 088,,,,2026-02-15T13:30:55.754560
Sfax,7010699959,node,bank,بنك البركة صفاقس طريق قرمدة,34.770194,10.7326934,طريق قرمدة كلم 4,+216 71 187 064,,,,2026-02-15T13:30:55.754560
Sfax,7010735332,node,bank,بنك الأمان صفاقس شاكر,34.7315017,10.7652188,,+216 74 220 138,,,,2026-02-15T13:30:55.754560
Sfax,7010735333,node,bank,بنك الأمان صفاقس قرمدة,34.7469571,10.7521837,,,,,,2026-02-15T13:30:55.754560
Sfax,7010998883,node,bank,بنك الأمان صفاقس البودريار,34.755431,10.7815598,,,,,,2026-02-15T13:30:55.754560
Sfax,7010998884,node,bank,بنك الأمان صفاقس طينة,34.7288531,10.7439863,,,,,,2026-02-15T13:30:55.754560
Sfax,7011018085,node,bank,بنك الأمان صفاقس الجديدة,34.7355391,10.7539432,,,,,,2026-02-15T13:30:55.754560
Sfax,7011018086,node,bank,بنك الأمان صفاقس الحزام,34.7462454,10.7260278,"Route Menzel Chaker Km3, Imm. Résidence les Coupoles",,,,,2026-02-15T13:30:55.754560
Sfax,7011018087,node,bank,بنك الأمان صفاقس الناصرية,34.7407015,10.7576551,,,,,,2026-02-15T13:30:55.754560
Sfax,7011018095,node,bank,بنك الأمان صفاقس المطار,34.7355101,10.7333863,Résidence Sana Route de l'Aéroport Km2,,,,,2026-02-15T13:30:55.754560
Sfax,7011040392,node,bank,بنك الأمان صفاقس الأفران,34.7632508,10.728083,,,,,,2026-02-15T13:30:55.754560
Sfax,7011320433,node,bank,بنك أ ب س صفاقس,34.7389997,10.75392,,,,,,2026-02-15T13:30:55.754560
Sfax,7011320435,node,bank,البنك العربي لتونس صفاقس 2,34.7309163,10.7519901,,,,,,2026-02-15T13:30:55.754560
Sfax,7011320437,node,bank,البنك العربي لتونس,34.7495235,10.7610497,,,,,,2026-02-15T13:30:55.754560
Sfax,7011320438,node,bank,البنك العربي لتونس صفاقس الجديدة,34.7408336,10.7581742,,,,,,2026-02-15T13:30:55.754560
Sfax,7011320439,node,bank,البنك العربي لتونس صفاقس طريق منزل شاكر,34.7529742,10.7122349,,,,,,2026-02-15T13:30:55.754560
Sfax,7011405150,node,bank,البنك العربي لتونس صفاقس سكرة,34.7222153,10.7186143,,,,,,2026-02-15T13:30:55.754560
Sfax,7011604246,node,bank,التجاري بنك صفاقس ثامر,34.7319251,10.7658605,,,,,,2026-02-15T13:30:55.754560
Sfax,7011604253,node,bank,بنك قطر الوطني صفاقس,34.7409248,10.7527842,,,,,,2026-02-15T13:30:55.754560
Sfax,7011632789,node,bank,بنك قطر الوطني صفاقس دار الطبيب,34.7645286,10.7622006,,,,,,2026-02-15T13:30:55.754560
Sfax,7011632790,node,bank,بنك قطر الوطني صفاقس الأفران,34.7676187,10.7221731,,,,,,2026-02-15T13:30:55.754560
Sfax,7011649906,node,bank,بنك قطر الوطني صفاقس البودريار,34.7500218,10.7709017,,,,,,2026-02-15T13:30:55.754560
Sfax,7011690040,node,bank,البنك التونسي مركز أعمال صفاقس,34.7394261,10.7546323,,,,,,2026-02-15T13:30:55.754560
Sfax,7013293528,node,bank,البنك التونسي صفاقس قرمدة,34.7639503,10.7381443,,,,,,2026-02-15T13:30:55.754560
Sfax,7013293529,node,bank,البنك التونسي صفاقس الناصرية,34.7436568,10.75446,,,,,,2026-02-15T13:30:55.754560
Sfax,7013309922,node,bank,البنك التونسي صفاقس أريانة,34.7514916,10.7611939,,,,,,2026-02-15T13:30:55.754560
Sfax,7013311344,node,bank,البنك التونسي صفاقس الهادي نويرة,34.7395769,10.7548986,,,,,,2026-02-15T13:30:55.754560
Sfax,7013311345,node,bank,البنك التونسي صفاقس باب الجبلي,34.7404743,10.7608686,,,,,,2026-02-15T13:30:55.754560
Sfax,7013686464,node,bank,البنك الوطني الفلاحي صفاقس الشمالية,34.7299181,10.7647862,نهج الطاهر صفر,,,,,2026-02-15T13:30:55.754560
Sfax,7013686465,node,bank,البنك الوطني الفلاحي صفاقس المدينة,34.7350876,10.7592044,نهج سيدي علي الكراي,,,,,2026-02-15T13:30:55.755562
Sfax,7013686466,node,bank,BNA,34.7374695,10.7552184,,,,,,2026-02-15T13:30:55.755562
Sfax,7013686467,node,bank,البنك الوطني الفلاحي صفاقس البودريار,34.7511905,10.773168,,,,,,2026-02-15T13:30:55.755562
Sfax,7013791430,node,bank,البنك التونسي الكويتي صفاقس 2,34.7423346,10.7543937,,,,,,2026-02-15T13:30:55.755562
Sfax,7013791437,node,bank,البنك التونسي الكويتي صفاقس 3,34.7527851,10.7741883,,,,,,2026-02-15T13:30:55.755562
Sfax,7013791444,node,bank,البنك التونسي الكويتي صفاقس العين,34.7575664,10.7210567,,,,,,2026-02-15T13:30:55.755562
Sfax,7014082829,node,bank,الشركة التونسية للبنك صفاقس الأفران,34.7624554,10.7287774,,,,,,2026-02-15T13:30:55.755562
Sfax,7014082830,node,bank,الشركة التونسية للبنك صفاقس الميناء,34.7292175,10.7549318,نهج الرائد البجاوي,,,,,2026-02-15T13:30:55.755562
Sfax,7014190133,node,bank,الشركة التونسية للبنك صفاقس حشاد,34.7334982,10.7535401,شارع فرحات حشاد,,,,,2026-02-15T13:30:55.755562
Sfax,7014243018,node,bank,الشركة التونسية للبنك صفاقس الزيتونة,34.7411707,10.7571391,شارع قرطاج عمارة المدينة سنتر,,,,,2026-02-15T13:30:55.755562
Sfax,7014372904,node,bank,الشركة التونسية للبنك صفاقس مولنفيل,34.7503021,10.7609289,طريق تونس,,,,,2026-02-15T13:30:55.755562
Sfax,7014631711,node,bank,الاتحاد البنكي للتجارة والصناعة صفاقس المدينة,34.7367667,10.760198,نهج سيدي بلحسن,,,,,2026-02-15T13:30:55.755562
Sfax,7014631712,node,bank,الإتحاد البنكي للتجارة والصناعة صفاقس بيكفيل,34.731554,10.7510869,شارع الجزائر,,,,,2026-02-15T13:30:55.755562
Sfax,7014631721,node,bank,الإتحاد البنكي للتجارة والصناعة صفاقس طريق منزل شاكر,34.7386647,10.7435211,طريق منزل شاكر,,,,,2026-02-15T13:30:55.755562
Sfax,7014797830,node,bank,الإتحاد البنكي للتجارة والصناعة صفاقس مولنفيل,34.7494571,10.7608181,طريق تونس,,,,,2026-02-15T13:30:55.755562
Sfax,7014797831,node,bank,الإتحاد البنكي للتجارة والصناعة صفاقس الحرية,34.7400711,10.7534294,شارع 14 جانفي,,,,,2026-02-15T13:30:55.755562
Sfax,7014797832,node,bank,الإتحاد البنكي للتجارة والصناعة صفاقس 2000,34.7404313,10.7580472,شارع قرطاج,,,,,2026-02-15T13:30:55.755562
Sfax,7014797840,node,bank,الإتحاد البنكي للتجارة والصناعة صفاقس طريق تنيور,34.7521106,10.7582641,طريق تنيور,,,,,2026-02-15T13:30:55.755562
Sfax,7014797841,node,bank,الإتحاد البنكي للتجارة والصناعة صفاقس الأفران,34.7579411,10.7338192,طريق الأفران,,,,,2026-02-15T13:30:55.755562
Sfax,7016296675,node,bank,الإتحاد الدولي للبنوك صفاقس طريق المطار,34.7332855,10.7095597,,,,,,2026-02-15T13:30:55.755562
Sfax,7016331287,node,bank,الإتحاد الدولي للبنوك صفاقس قرمدة,34.7663857,10.7360801,,,,,,2026-02-15T13:30:55.755562
Sfax,7016435179,node,bank,الإتحاد الدولي للبنوك صفاقس منزل شاكر,34.7470467,10.7244836,,,,,,2026-02-15T13:30:55.755562
Sfax,7016435180,node,bank,الإتحاد الدولي للبنوك صفاقس مولنفيل,34.7489977,10.7605967,,,,,,2026-02-15T13:30:55.755562
Sfax,7016435181,node,bank,الاتحاد الدولي للبنوك صفاقس راكس بلاص,34.7321942,10.7651072,,,,,,2026-02-15T13:30:55.755562
Sfax,7016435182,node,bank,الاتحاد الدولي للبنوك صفاقس طريق قابس,34.7214573,10.7343499,,,,,,2026-02-15T13:30:55.755562
Sfax,7016435183,node,bank,الإتحاد الدولي للبنوك صفاقس الجديدة,34.7382593,10.7552896,,,,,,2026-02-15T13:30:55.755562
Sfax,7019099186,node,community_centre,قاعة الهناء دريرة,34.7550001,10.7104692,,,,,,2026-02-15T13:30:55.755562
Sfax,7176173985,node,cafe,Apero,34.7716833,10.7318916,,,,,,2026-02-15T13:30:55.755562
Sfax,7176174785,node,cafe,El Majles,34.7664498,10.7365066,,,,,,2026-02-15T13:30:55.755562
Sfax,7221278286,node,college,ISB International School Of Business,34.7329026,10.7441409,,,,,,2026-02-15T13:30:55.755562
Sfax,7221307285,node,college,IIT Institut International de Technologie,34.728603,10.7380082,,,,,,2026-02-15T13:30:55.755562
Sfax,7262882583,node,bank,بنك الإسكان صفاقس الحدائق,34.7523627,10.7613266,الطريق الوطنية تونس - رأس جدير,,,,,2026-02-15T13:30:55.755562
Sfax,7263054928,node,bank,بنك الإسكان صفاقس طريق قابس,34.7211722,10.7329895,,,,,,2026-02-15T13:30:55.755562
Sfax,7263098631,node,bank,بنك الإسكان صفاقس سيدي منصور,34.7545441,10.7712245,,,,,,2026-02-15T13:30:55.755562
Sfax,7263856561,node,bank,بنك الإسكان صفاقس الجديدة,34.7369783,10.7556121,,,,,,2026-02-15T13:30:55.755562
Sfax,7312330861,node,pharmacy,صيدلية سهير العوي,34.736157,10.7519793,Imm. Ragheb Rue Ahmed Aloulou,+216 74 418 433,,"Mo-Fr 08:30-13:00, 15:00-19:30; Sa 08:30-13:00",,2026-02-15T13:30:55.755562
Sfax,7468311499,node,fuel,شل,34.7144824,10.7277748,Sfax Rte De Gabes Pk 3 Rte De Tunis Km 11 Sfax 3021,+216 71 249 149,,,,2026-02-15T13:30:55.755562
Sfax,7468311500,node,fuel,أويليبيا طريق منزل شاكر,34.7533435,10.7113298,,+216 71 249 149,,,,2026-02-15T13:30:55.755562
Sfax,7644133066,node,parking,,34.7404958,10.7538843,,,,,,2026-02-15T13:30:55.755562
Sfax,7653062603,node,townhall,Palais municipal de Sfax,34.7321631,10.7639005,,,,,,2026-02-15T13:30:55.755562
Sfax,7786788436,node,cafe,مقهى الأطلس,34.7810533,10.7471999,,,,,,2026-02-15T13:30:55.755562
Sfax,7786788437,node,cafe,My Cup,34.7806804,10.747607,,,,,,2026-02-15T13:30:55.755562
Sfax,7786788438,node,studio,ديوان اف ام,34.7796442,10.7475813,,,,,,2026-02-15T13:30:55.755562
Sfax,7786788440,node,cafe,Brother's Coffee,34.7779535,10.7488918,,,,,,2026-02-15T13:30:55.755562
Sfax,7786788441,node,cafe,Café L'estrada,34.7734013,10.7520187,,,,,,2026-02-15T13:30:55.755562
Sfax,7794126058,node,fuel,Total Aéroport GP14,34.7332503,10.7182563,,,,,,2026-02-15T13:30:55.755562
Sfax,7794126059,node,fuel,شل,34.7328618,10.7186968,,,,,,2026-02-15T13:30:55.755562
Sfax,7794126060,node,fuel,شل,34.7563481,10.7226347,,,,,,2026-02-15T13:30:55.755562
Sfax,7812263084,node,townhall,بلدية صفاقس الشمالية,34.7598055,10.7624647,,,,,,2026-02-15T13:30:55.755562
Sfax,7812865959,node,cafe,Salon de Thé Falena,34.7800502,10.7603766,,,,,,2026-02-15T13:30:55.755562
Sfax,7815334902,node,cafe,مقهى عروس البحر,34.7591218,10.7927612,,,,,,2026-02-15T13:30:55.755562
Sfax,7834686035,node,cafe,مقهى لاجوا,34.713829,10.7273335,,,,,,2026-02-15T13:30:55.755562
Sfax,7834686036,node,cafe,مقهى قالاريا,34.71563,10.728889,,,,,,2026-02-15T13:30:55.755562
Sfax,7834731763,node,cafe,,34.7193669,10.7312428,,,,,,2026-02-15T13:30:55.755562
Sfax,7834731764,node,courthouse,المحكمة الإبتدائية بصفاقس,34.7192489,10.7316184,,,,,,2026-02-15T13:30:55.755562
Sfax,7834797639,node,place_of_worship,جامع النور,34.7218862,10.7339212,,,,,,2026-02-15T13:30:55.755562
Sfax,7834797640,node,cafe,مقهى هشام,34.7237369,10.7366973,,,,,,2026-02-15T13:30:55.755562
Sfax,7834797643,node,cafe,Café Bonjour,34.7254109,10.7393016,,,,,,2026-02-15T13:30:55.755562
Sfax,7834797644,node,cafe,Café Rio,34.7288455,10.7449847,,,,,,2026-02-15T13:30:55.755562
Sfax,7834797645,node,cafe,مقهى المحطة,34.7337605,10.7519505,,,,,,2026-02-15T13:30:55.755562
Sfax,7834797646,node,cafe,مقهى بيك فيل سنتر,34.7342769,10.7522055,,,,,,2026-02-15T13:30:55.755562
Sfax,7835997358,node,cafe,Café Locomotive,34.7337416,10.7076569,,,,,,2026-02-15T13:30:55.755562
Sfax,7835997359,node,cafe,مقهى فضاء إقبال,34.7333829,10.7075377,,,,,,2026-02-15T13:30:55.755562
Sfax,7835997360,node,university,المدرسة العليا للتجارة بصفاقس,34.7339394,10.7090719,,,,,,2026-02-15T13:30:55.755562
Sfax,7835997361,node,university,كلية العلوم الاقتصادية والتصرف صفاقس,34.7339588,10.7100486,,,https://fsegs.rnu.tn/,,,2026-02-15T13:30:55.755562
Sfax,7835997362,node,university,المعهد العالي لإدارة الأعمال بصفاقس,34.7350863,10.7116238,,,,,,2026-02-15T13:30:55.755562
Sfax,7835997363,node,cafe,Café Real,34.7331084,10.7175742,,,,,,2026-02-15T13:30:55.755562
Sfax,7835997364,node,cafe,مقهى السندباد,34.7359105,10.738943,,,,,,2026-02-15T13:30:55.755562
Sfax,7835997365,node,cafe,مقهى الباشا بلوس,34.7356515,10.7457858,,,,,,2026-02-15T13:30:55.755562
Sfax,7836077071,node,cafe,Café Dreams,34.7355999,10.7482673,,,,,,2026-02-15T13:30:55.755562
Sfax,7836077072,node,cafe,My Way,34.7366617,10.7475736,,,,,,2026-02-15T13:30:55.755562
Sfax,7836077073,node,cafe,Café Jet Set,34.7372504,10.7468138,,,,,,2026-02-15T13:30:55.755562
Sfax,7836092592,node,cafe,Café Sallem,34.7383717,10.7444621,,,,,,2026-02-15T13:30:55.755562
Sfax,7836092599,node,cafe,Café Neros,34.7394644,10.7423942,,,,,,2026-02-15T13:30:55.755562
Sfax,7836092600,node,townhall,بلدية مركز شاكر,34.7413579,10.7393879,,,,,,2026-02-15T13:30:55.755562
Sfax,7836092601,node,cafe,Café Havana,34.7423115,10.7352498,,,,,,2026-02-15T13:30:55.755562
Sfax,7836092602,node,cafe,Café El Hamra,34.7429444,10.7326525,,,,,,2026-02-15T13:30:55.755562
Sfax,7837253010,node,cafe,كافيتيريا الموعد,34.7446789,10.7287482,,,,,,2026-02-15T13:30:55.755562
Sfax,7837253014,node,cafe,مقهى قراجة,34.7463759,10.7250664,,,,,,2026-02-15T13:30:55.755562
Sfax,7837253015,node,cafe,Café Storia,34.747651,10.723553,,,,,,2026-02-15T13:30:55.755562
Sfax,7837253016,node,cafe,مقهى ريان,34.7494836,10.7193993,,,,,,2026-02-15T13:30:55.755562
Sfax,7837253017,node,cafe,,34.7505504,10.7173353,,,,,,2026-02-15T13:30:55.755562
Sfax,7837253041,node,cafe,Café Twins,34.7528756,10.713249,,,,,,2026-02-15T13:30:55.755562
Sfax,7837253042,node,cafe,Café Carré d'Or,34.7539739,10.710701,,,,,,2026-02-15T13:30:55.755562
Sfax,7837253044,node,cafe,مقهى وجدي,34.7585113,10.7137639,,,,,,2026-02-15T13:30:55.755562
Sfax,7837253045,node,cafe,مقهى القصاص,34.7544635,10.7095482,,,,,,2026-02-15T13:30:55.755562
Sfax,7837764187,node,post_office,مكتب بريد مركز القصاص (3013),34.755298,10.7117279,,,,,,2026-02-15T13:30:55.755562
Sfax,7837764188,node,cafe,مقهى الأصيل,34.7609039,10.7175906,,,,,,2026-02-15T13:30:55.755562
Sfax,7837841423,node,cafe,Café Mia Amore,34.7640401,10.7150131,,,,,,2026-02-15T13:30:55.755562
Sfax,7837841425,node,cafe,Café The Crown,34.7623694,10.7165054,,,,,,2026-02-15T13:30:55.755562
Sfax,7837841426,node,cafe,Café Victoria,34.7617687,10.7172067,,,,,,2026-02-15T13:30:55.755562
Sfax,7837841427,node,cafe,Café Hammadi,34.7588676,10.7202148,,,,,,2026-02-15T13:30:55.755562
Sfax,7837841429,node,cafe,مقهى الزيتونة الزرقاء,34.7541843,10.7255043,,,,,,2026-02-15T13:30:55.755562
Sfax,7837841430,node,cafe,مقهى شيشخان بلوس,34.7518075,10.7294609,,,,,,2026-02-15T13:30:55.755562
Sfax,7837941025,node,restaurant,Kalimera,34.7504563,10.731755,,,,,,2026-02-15T13:30:55.755562
Sfax,7837941026,node,cafe,Avanti,34.7503979,10.7318531,,,,,,2026-02-15T13:30:55.755562
Sfax,7837941027,node,cafe,Capello D'Oro,34.7501238,10.732432,,,,,,2026-02-15T13:30:55.755562
Sfax,7837941031,node,cafe,Café El Alia,34.7485878,10.7358113,,,,,,2026-02-15T13:30:55.755562
Sfax,7837941034,node,cafe,Café Blue Ice,34.7450349,10.7429706,,,,,,2026-02-15T13:30:55.755562
Sfax,7837997163,node,cafe,Café Jemal,34.7441868,10.7454392,,,,,,2026-02-15T13:30:55.755562
Sfax,7837997164,node,cafe,Café Palermo,34.7425223,10.7490354,,,,,,2026-02-15T13:30:55.755562
Sfax,7840117178,node,cafe,مقهى سفيان,34.7446646,10.7518946,,,,,,2026-02-15T13:30:55.755562
Sfax,7840117179,node,cafe,مقهى أم كلثوم,34.7449847,10.7510974,,,,,,2026-02-15T13:30:55.755562
Sfax,7840117181,node,cafe,Café Hmani,34.7460205,10.7495841,,,,,,2026-02-15T13:30:55.755562
Sfax,7840117183,node,restaurant,Fricassé Siala,34.7479053,10.747006,,,,,,2026-02-15T13:30:55.755562
Sfax,7840139886,node,cafe,Café Lassaad,34.7480238,10.7467538,,,,,,2026-02-15T13:30:55.755562
Sfax,7840139890,node,cafe,Cafétéria Clinique Errachid,34.7583065,10.7330349,,,,,,2026-02-15T13:30:55.755562
Sfax,7840139892,node,bank,بنك الإسكان صفاقس الأفران,34.7643373,10.7258995,,,,,,2026-02-15T13:30:55.755562
Sfax,7841268337,node,cafe,L'Ardoise,34.7624704,10.7390861,,,,,,2026-02-15T13:30:55.755562
Sfax,7841268338,node,cafe,Cafétéria Les Cousins,34.7607808,10.7411795,,,,,,2026-02-15T13:30:55.755562
Sfax,7841268339,node,cafe,Café Jazz One,34.758235,10.7433697,,,,,,2026-02-15T13:30:55.755562
Sfax,7841268340,node,cafe,Café Abdelhedi,34.7578268,10.7434143,,,,,,2026-02-15T13:30:55.755562
Sfax,7841268350,node,cafe,Black And White,34.7530525,10.747114,,,,,,2026-02-15T13:30:55.755562
Sfax,7841268351,node,cafe,Café Casting,34.7445322,10.7542889,,,,,,2026-02-15T13:30:55.755562
Sfax,7841268352,node,cafe,Café El Andalib,34.7438997,10.7543828,,,,,,2026-02-15T13:30:55.755562
Sfax,7841268353,node,cafe,Café Nero,34.7423068,10.7558558,,,,,,2026-02-15T13:30:55.755562
Sfax,7841268354,node,cafe,Café Bon Kif,34.7418235,10.7560959,,,,,,2026-02-15T13:30:55.755562
Sfax,7841268355,node,cafe,Café My Time,34.7417731,10.7565172,,,,,,2026-02-15T13:30:55.755562
Sfax,7841268357,node,cafe,Holiday,34.7412722,10.756935,,,,,,2026-02-15T13:30:55.755562
Sfax,7843017587,node,cafe,Café Mosaïque,34.7584798,10.7509816,,,,,,2026-02-15T13:30:55.755562
Sfax,7843017589,node,cafe,Café Factory,34.7617703,10.7490948,,,,,,2026-02-15T13:30:55.755562
Sfax,7843017590,node,place_of_worship,جامع الرحمان,34.7622129,10.748115,,,,,,2026-02-15T13:30:55.755562
Sfax,7843017591,node,cafe,Café VIP,34.7635102,10.7464787,,,,,,2026-02-15T13:30:55.755562
Sfax,7843017592,node,cafe,Al Jumeirah,34.765294,10.7450063,,,,,,2026-02-15T13:30:55.755562
Sfax,7843017593,node,ice_cream,دوناتالو,34.7657608,10.7444888,,,,,,2026-02-15T13:30:55.755562
Sfax,7843017594,node,cafe,Café Misk Ellil,34.7507482,10.7587156,,,,,,2026-02-15T13:30:55.755562
Sfax,7843017595,node,cafe,Café Mosaique,34.7522507,10.7581903,,,,,,2026-02-15T13:30:55.755562
Sfax,7843017597,node,cafe,Café Les Oranges,34.7543621,10.757489,,,,,,2026-02-15T13:30:55.755562
Sfax,7843017598,node,ice_cream,فافا,34.754962,10.7569591,,,,,,2026-02-15T13:30:55.755562
Sfax,7843017600,node,cafe,Scood,34.7571365,10.7562475,,,,,,2026-02-15T13:30:55.755562
Sfax,7843017602,node,cafe,Craft,34.7576165,10.7560266,,,,,,2026-02-15T13:30:55.755562
Sfax,7843017603,node,cafe,Café El Machmoum,34.7583682,10.7561982,,,,,,2026-02-15T13:30:55.755562
Sfax,7843017604,node,place_of_worship,جامع الباشا,34.7588072,10.7561204,,,,,,2026-02-15T13:30:55.755562
Sfax,7843017606,node,cafe,Oxygène,34.7632002,10.7550926,,,,,,2026-02-15T13:30:55.755562
Sfax,7843017607,node,cafe,Café Select,34.7645365,10.7547119,,,,,,2026-02-15T13:30:55.755562
Sfax,7843017609,node,cafe,مقهى الملكة,34.7664729,10.7536838,,,,,,2026-02-15T13:30:55.755562
Sfax,7843154591,node,cafe,Café La Fiesta,34.7774129,10.7606759,,,,,,2026-02-15T13:30:55.755562
Sfax,7843199710,node,cafe,Café Yassine,34.772386,10.7595722,,,,,,2026-02-15T13:30:55.755562
Sfax,7843199711,node,cafe,Café Rozario,34.7648515,10.7621788,,,,,,2026-02-15T13:30:55.755562
Sfax,7843774702,node,cafe,Cafétéria Imed,34.7599964,10.7719219,,,,,,2026-02-15T13:30:55.755562
Sfax,7843774706,node,police,,34.7542661,10.7693585,,,,,,2026-02-15T13:30:55.755562
Sfax,7843774708,node,cafe,La Bocca,34.7521165,10.7680076,,,,,,2026-02-15T13:30:55.755562
Sfax,7843774710,node,cafe,Café Sabra,34.743597,10.763363,,,,,,2026-02-15T13:30:55.755562
Sfax,7843774711,node,cafe,Café Slaiem Bousarsar,34.7430083,10.7631417,,,,,,2026-02-15T13:30:55.755562
Sfax,7846178391,node,cafe,Café Moulin Ville,34.7504062,10.7612088,,,,,,2026-02-15T13:30:55.755562
Sfax,7846178392,node,cafe,Cafétéria 2F,34.7530821,10.7617816,,,,,,2026-02-15T13:30:55.755562
Sfax,7846917976,node,place_of_worship,Eglise Catholique de Sfax,34.7494253,10.7673214,,,,,,2026-02-15T13:30:55.755562
Sfax,7846917981,node,cafe,Cafétéria Hamza,34.7612848,10.7728583,,,,,,2026-02-15T13:30:55.755562
Sfax,7877342911,node,cafe,مقهى الكشو,34.7495204,10.7622361,,,,,,2026-02-15T13:30:55.755562
Sfax,7877342912,node,restaurant,فريكاساي الخرشاني,34.7490886,10.7609255,,,,,,2026-02-15T13:30:55.755562
Sfax,7879734186,node,place_of_worship,جامع المختار,34.7741178,10.7682823,,,,,,2026-02-15T13:30:55.755562
Sfax,7880617580,node,cafe,الرصيف,34.7291876,10.7541717,,,,,,2026-02-15T13:30:55.755562
Sfax,7880802439,node,police,الحرس الوطني,34.7258567,10.7583516,,,,,,2026-02-15T13:30:55.755562
Sfax,7944431239,node,doctors,الدكتورة إيناس القسنطيني عبيد,34.7402729,10.7549223,نهج الهادي نويرة,,,,,2026-02-15T13:30:55.755562
Sfax,8157433982,node,cafe,مقهى السي آس آس,34.755309,10.7765409,,,,,,2026-02-15T13:30:55.755562
Sfax,8157433983,node,cafe,Café Patch Work,34.7698125,10.7877218,,,,,,2026-02-15T13:30:55.755562
Sfax,8157740946,node,cafe,Café Azzouz,34.7417036,10.7483764,,,,,,2026-02-15T13:30:55.755562
Sfax,8157740949,node,cafe,Café Lotfi,34.7418855,10.7486314,,,,,,2026-02-15T13:30:55.755562
Sfax,8157740950,node,cafe,Café Frero,34.7417235,10.7514886,,,,,,2026-02-15T13:30:55.755562
Sfax,8157740951,node,cafe,Café El Borj,34.7416725,10.7533642,,,,,,2026-02-15T13:30:55.755562
Sfax,8157740952,node,cafe,Café Faiez,34.7422456,10.7535701,,,,,,2026-02-15T13:30:55.755562
Sfax,8157740953,node,cafe,Café Relax,34.7491599,10.7603717,,,,,,2026-02-15T13:30:55.755562
Sfax,8157740954,node,restaurant,Fricassé Siala,34.7496789,10.7610905,,,,,,2026-02-15T13:30:55.755562
Sfax,8178772787,node,cafe,مقهى الأهرام,34.7448106,10.7638269,,,,,,2026-02-15T13:30:55.755562
Sfax,8178772788,node,cafe,Havana 53,34.7471722,10.7646189,,,,,,2026-02-15T13:30:55.755562
Sfax,8178772789,node,cafe,Café Toumi,34.747682,10.7647734,,,,,,2026-02-15T13:30:55.755562
Sfax,8178772790,node,restaurant,مطعم الزيتونة,34.74464,10.7606447,,,,,,2026-02-15T13:30:55.755562
Sfax,8178772791,node,cafe,مقهى كارتاقو,34.7417325,10.7638686,,,,,,2026-02-15T13:30:55.755562
Sfax,8178772792,node,restaurant,مطعم عادل,34.7418978,10.7639001,,,,,,2026-02-15T13:30:55.755562
Sfax,8574552917,node,clinic,مصحة سيفاكس,34.7555319,10.7460006,,,,,,2026-02-15T13:30:55.755562
Sfax,8987516370,node,fuel,طوطال,34.7530435,10.7746347,نهج جمال الدين الأفغاني,,,,,2026-02-15T13:30:55.755562
Sfax,8987520921,node,fuel,عجيل غاز بودريار,34.7598622,10.7789377,,,,,,2026-02-15T13:30:55.755562
Sfax,8987520922,node,fuel,عجيل بودريار 2,34.7594839,10.7786423,,,,,,2026-02-15T13:30:55.755562
Sfax,8987540394,node,fuel, عجيل سيدي منصور,34.7565675,10.7877323,,,,,,2026-02-15T13:30:55.755562
Sfax,8987540395,node,fuel,عجيل,34.7534895,10.7620495,,,,,,2026-02-15T13:30:55.755562
Sfax,8987540396,node,fuel,شل,34.748482,10.7608149,Avenue 5 Août,,,,,2026-02-15T13:30:55.755562
Sfax,8987753241,node,fuel,Total Sakiet Ezzit,34.7793029,10.7603953,,,,,,2026-02-15T13:30:55.755562
Sfax,8987753242,node,fuel,ستار اويل,34.712987,10.7265413,,,,,,2026-02-15T13:30:55.755562
Sfax,9043396232,node,fuel,OLA Energy Bosten,34.754047,10.7621389,شارع البستان,,,,,2026-02-15T13:30:55.755562
Sfax,9043396233,node,fuel,طوطال,34.752057,10.7616193,,,,,,2026-02-15T13:30:55.755562
Sfax,9043396234,node,fuel,عجيل تنيور,34.7472515,10.7598713,,,,,,2026-02-15T13:30:55.755562
Sfax,9043396236,node,fuel,Agil Sfax Pic Ville,34.733869,10.7518173,,,,,,2026-02-15T13:30:55.755562
Sfax,9043396237,node,fuel,شل,34.7335318,10.7507394,,,,,,2026-02-15T13:30:55.755562
Sfax,9043396238,node,fuel,طوطال مخرج الجنوب,34.7295403,10.7453909,,,,,,2026-02-15T13:30:55.755562
Sfax,9056140192,node,place_of_worship,جامع القدس,34.7496663,10.771274,,,,,,2026-02-15T13:30:55.755562
Sfax,9058278915,node,place_of_worship,جامع سيدي عبد القادر,34.7465066,10.7602063,,,,,,2026-02-15T13:30:55.755562
Sfax,9058278916,node,school,المدرسة الابتدائية الهادي السعيدي,34.7458654,10.7600671,,,,,,2026-02-15T13:30:55.755562
Sfax,9058278917,node,school,مدرسة الباشا,34.7614421,10.7548525,طريق تنيور,,,,,2026-02-15T13:30:55.755562
Sfax,9058278918,node,fuel,شل تنيور,34.7643503,10.7547757,,,,,,2026-02-15T13:30:55.755562
Sfax,9058278919,node,place_of_worship,جامع القدس,34.7770209,10.7491608,,,,,,2026-02-15T13:30:55.755562
Sfax,9058278920,node,place_of_worship,مسجد الحمد,34.7820551,10.7471868,,,,,,2026-02-15T13:30:55.755562
Sfax,9259913517,node,clinic,الدكتورة نرجس القلال,34.7313866,10.762187,,,,,,2026-02-15T13:30:55.755562
Sfax,9272664473,node,place_of_worship,Mosquée Sidi Bousaada,34.7447019,10.7571832,,,,,,2026-02-15T13:30:55.755562
Sfax,9272664475,node,courthouse,Tribunal de première instance de Sfax 2,34.7370736,10.7524623,,,,,,2026-02-15T13:30:55.755562
Sfax,9287331417,node,school,المركز الدولي لللحام,34.7494114,10.7478349,,,,Mo-Fr 09:00-17:00,,2026-02-15T13:30:55.755562
Sfax,9312402249,node,place_of_worship,Sidi Amor Kammoun Mosque,34.7353264,10.7632533,,,,,,2026-02-15T13:30:55.755562
Sfax,9329093806,node,cafe,Salon de Thé Cheers,34.7248362,10.7222845,,+216 36 170 070,,Mo-Su 08:00-22:00,,2026-02-15T13:30:55.755562
Sfax,9418207137,node,fuel,أويليبيا,34.7681167,10.7223009,,,,,,2026-02-15T13:30:55.755562
Sfax,9420034350,node,fuel,طوطال السرو,34.7428075,10.73413,,,,,,2026-02-15T13:30:55.755562
Sfax,9546705222,node,place_of_worship,جامع كعنيش,34.769893,10.7746599,,,,,,2026-02-15T13:30:55.755562
Sfax,9772521625,node,school,École Primaire Cité El Amal,34.7683081,10.7704167,,,,,,2026-02-15T13:30:55.755562
Sfax,9772521627,node,place_of_worship,جامع الغفران,34.7632457,10.7742109,,,,,,2026-02-15T13:30:55.755562
Sfax,9829376804,node,fuel,شل,34.7617378,10.7733157,,,,,,2026-02-15T13:30:55.755562
Sfax,9829433025,node,fuel,طوطال الخيرية,34.7830509,10.7784361,,,,,,2026-02-15T13:30:55.755562
Sfax,9947776582,node,school,المدرسة الابتدائية الحي البلدي,34.7720778,10.7968651,,,,,,2026-02-15T13:30:55.755562
Sfax,9994294987,node,cafe,كابسيل,34.7769058,10.7773914,,,,,,2026-02-15T13:30:55.755562
Sfax,10027636510,node,fuel,شل,34.7539182,10.7097142,,,,,,2026-02-15T13:30:55.755562
Sfax,10116759514,node,school,المدرسة الإبتدائية طريق السلطنية كلم 4,34.7685331,10.7841426,,,,,,2026-02-15T13:30:55.755562
Sfax,10119083322,node,place_of_worship,مقام الولية الصالحة خيرية,34.7828227,10.7789911,,,,,,2026-02-15T13:30:55.755562
Sfax,10119083323,node,place_of_worship,جامع السعادة,34.7799667,10.7782226,,,,,,2026-02-15T13:30:55.755562
Sfax,10130322466,node,bank,مصرف الزيتونة صفاقس 5 أوت,34.7460104,10.7621389,,,,,,2026-02-15T13:30:55.755562
Sfax,10130322470,node,fuel,أويليبيا,34.7436622,10.7637591,,,,,,2026-02-15T13:30:55.755562
Sfax,10175133813,node,fuel,شال قرمدة,34.766903,10.7363348,,,,,,2026-02-15T13:30:55.755562
Sfax,10594058801,node,place_of_worship,جامع البستان,34.7556543,10.7693177,,,,,,2026-02-15T13:30:55.755562
Sfax,10598846178,node,place_of_worship,جامع تقتق,34.7598333,10.7630894,,,,,,2026-02-15T13:30:55.755562
Sfax,10598846179,node,place_of_worship,جامع مركز قدور,34.7655177,10.7618171,,,,,,2026-02-15T13:30:55.755562
Sfax,10598846181,node,place_of_worship,جامع مركز بوعصيدة,34.773202,10.7616395,,,,,,2026-02-15T13:30:55.755562
Sfax,10604156995,node,school,المدرسة الإعدادية البستان,34.7540014,10.770701,"طريق سيدي منصور,",,,,,2026-02-15T13:30:55.755562
Sfax,10604330725,node,fuel,عجيل,34.7138297,10.724787,,,,,,2026-02-15T13:30:55.755562
Sfax,10604330726,node,place_of_worship,جامع الهدى,34.7292679,10.7122021,,,,,,2026-02-15T13:30:55.755562
Sfax,10611689272,node,bank,مصرف الزيتونة صفاقس البستان,34.7523665,10.7685361,,,,,,2026-02-15T13:30:55.755562
Sfax,10614777010,node,place_of_worship,جامع الحياة,34.7589601,10.7742672,,,,,,2026-02-15T13:30:55.755562
Sfax,10614802603,node,restaurant,مطعم أبو أحمد للأكلات الخفيفة,34.7590076,10.7811003,,,,,,2026-02-15T13:30:55.755562
Sfax,10614832606,node,place_of_worship,جامع الحق,34.7572391,10.7853389,,,,,,2026-02-15T13:30:55.755562
Sfax,10614832607,node,townhall,بلدية سيدي منصور,34.7571299,10.7855659,,,,,,2026-02-15T13:30:55.755562
Sfax,10632764965,node,place_of_worship,جامع السيدة عائشة,34.7834319,10.7621061,,,,,,2026-02-15T13:30:55.755562
Sfax,10641930017,node,place_of_worship,جامع الحسنات سكرة,34.7293697,10.7309674,Route de Soukra,,,,,2026-02-15T13:30:55.755562
Sfax,10648033964,node,place_of_worship,جامع السلام,34.7215926,10.7135542,,,,,,2026-02-15T13:30:55.755562
Sfax,10678298716,node,restaurant,حاتم لعذار,34.7451733,10.7511366,,,,,,2026-02-15T13:30:55.755562
Sfax,10697141905,node,clinic,مصحة الكشف بالرنين المغناطيسي,34.7399763,10.7504323,طريق العين,+216 74 462 202,,,,2026-02-15T13:30:55.755562
Sfax,10697151105,node,clinic,مصحة الكشف بالرنين المغناطيسي,34.7414892,10.7516002,طريق العين,+216 74 462 222,,,,2026-02-15T13:30:55.755562
Sfax,10889869456,node,cafe,takasim,34.7369723,10.7511167,,,,,,2026-02-15T13:30:55.755562
Sfax,10889869457,node,cafe,friends,34.7393156,10.7509055,,,,,,2026-02-15T13:30:55.755562
Sfax,10889869458,node,cafe,mallorca,34.7380979,10.7499925,,,,,,2026-02-15T13:30:55.755562
Sfax,11043433114,node,language_school,المركز العالمي للغات وندرلاست,34.7691875,10.7612107,,,,,,2026-02-15T13:30:55.755562
Sfax,11315565169,node,restaurant,,34.7422711,10.7536324,,+216 20 252 999,,,,2026-02-15T13:30:55.755562
Sfax,11369679569,node,fast_food,Mechmecha,34.7313567,10.7623495,,,,,,2026-02-15T13:30:55.755562
Sfax,11476122426,node,arts_centre,El Collab,34.7333107,10.7608128,Boulevard Farhat Hached,,,,,2026-02-15T13:30:55.755562
Sfax,11830818186,node,school,College prive Alosra,34.7448487,10.7573914,شارع مجيدة بوليلة,,https://www.facebook.com/lyceealosra/,,,2026-02-15T13:30:55.755562
Sfax,11830818197,node,school,Lycée Privé Alosra,34.7476083,10.752383,نهج محمد خذر حسين,,https://www.facebook.com/lyceealosra/,,,2026-02-15T13:30:55.755562
Sfax,12046379679,node,cafe,Galaxy Coffee,34.7629909,10.7823559,,,,,,2026-02-15T13:30:55.755562
Sfax,12047195104,node,place_of_worship,جامع المنار 2,34.7651358,10.7833931,,,,,,2026-02-15T13:30:55.755562
Sfax,12170503004,node,restaurant,Cotelette Grill,34.7590049,10.7560253,,+216 24 204 220,,,,2026-02-15T13:30:55.755562
Sfax,12170503005,node,place_of_worship,جامع علي ابن أبي طالب,34.7704829,10.7408241,,,,,,2026-02-15T13:30:55.755562
Sfax,12234683556,node,place_of_worship,مسجد طريفة,34.7678454,10.7349551,,,,,,2026-02-15T13:30:55.755562
Sfax,12337824901,node,restaurant,Chaez Aloulou 3002,34.731191,10.7605085,,,,,,2026-02-15T13:30:55.755562
Sfax,12915659409,node,place_of_worship,جامع الحكيم,34.7681112,10.7479594,حزام بورقيبة,,,,,2026-02-15T13:30:55.755562
Sfax,12915659410,node,place_of_worship,جامع السلام,34.7697684,10.7196706,,,,,,2026-02-15T13:30:55.755562
Sfax,13014984130,node,doctors,Dr. Mourad Bouaziz,34.7384397,10.7544124,Av. Liberté Immeuble Rayen Etage 4 b 19,,,,,2026-02-15T13:30:55.755562
Sfax,13026469897,node,bank,مصرف الزيتونة,34.7669238,10.7540137,,,,,,2026-02-15T13:30:55.755562
Sfax,13131100401,node,clinic,مصحّة السلامة,34.7381371,10.757328,شارع الشهداء,,,,,2026-02-15T13:30:55.755562
Sfax,13372494637,node,fountain,,34.7326267,10.7635582,,,,,,2026-02-15T13:30:55.755562
Sfax,13417673685,node,waste_disposal,,34.7148114,10.7248576,,,,,,2026-02-15T13:30:55.755562
Sfax,13439285352,node,place_of_worship,جامع الهدى شارع البيئة,34.7160027,10.7272072,شارع البيئة,,,,,2026-02-15T13:30:55.755562
Sfax,13470696513,node,waste_dump_site,,34.7172009,10.7259944,,,,,,2026-02-15T13:30:55.755562
Sfax,13534703501,node,restaurant,Great local restaurant,34.7315058,10.7389023,,,,,,2026-02-15T13:30:55.755562
Sfax,28744635,way,marketplace,سوق السمك,34.738276,10.7592091,,,,,limited,2026-02-15T13:30:55.755562
Sfax,28744929,way,bus_station,محطّة اللّوّاجات,34.7283433,10.7535014,,,,,,2026-02-15T13:30:55.755562
Sfax,28744930,way,exhibition_centre,معرض صفاقس الدولي,34.7275737,10.7577087,,,,,,2026-02-15T13:30:55.755562
Sfax,28745407,way,school,معهد 9 أفريل 1938,34.7316558,10.7591096,,,,,,2026-02-15T13:30:55.755562
Sfax,28745550,way,school,معهد الهادي شاكر,34.732301,10.7482909,,,,,,2026-02-15T13:30:55.755562
Sfax,28746875,way,university,المعهد العالي لعلوم التمريض بصفاقس,34.7374724,10.7491437,,,,,,2026-02-15T13:30:55.755562
Sfax,28746932,way,fuel,أويليبيا,34.7278526,10.75166,,,,,,2026-02-15T13:30:55.755562
Sfax,28747061,way,college,المعهد الأعلى للرياضة والتربية البدنية بصفاقس,34.7308812,10.7129781,,,,,,2026-02-15T13:30:55.755562
Sfax,28747073,way,university,المعهد التحضيري للدراسات الهندسية بصفاقس,34.7368788,10.7484472,,,,,,2026-02-15T13:30:55.755562
Sfax,28747074,way,university,كلية الطب بصفاقس,34.7383018,10.7519085,,,,,,2026-02-15T13:30:55.755562
Sfax,28747652,way,school,معهد حي الحبيب,34.7304543,10.7163356,,,,,,2026-02-15T13:30:55.755562
Sfax,28747691,way,university,المدرسة الوطنية للمهندسين بصفاقس,34.7263561,10.7175165,,,,,,2026-02-15T13:30:55.755562
Sfax,28747716,way,university,كلية العلوم بصفاقس,34.7268495,10.7194178,,,,,,2026-02-15T13:30:55.755562
Sfax,28747793,way,school,معهد مصطفى الفراتي,34.7252873,10.7339021,,,,,,2026-02-15T13:30:55.755562
Sfax,28748184,way,school,المدرسة الإعدادية حي النور,34.7356361,10.7130381,,,,,,2026-02-15T13:30:55.755562
Sfax,28748353,way,arts_centre,الكنيسة المكتبة الرقمية,34.7320178,10.7607599,,,,,,2026-02-15T13:30:55.755562
Sfax,28751566,way,library,المكتبة,34.7347781,10.7437672,,,,,,2026-02-15T13:30:55.755562
Sfax,28752877,way,marketplace,سوق ليبيا,34.7181224,10.7342628,,,,,,2026-02-15T13:30:55.755562
Sfax,37337433,way,place_of_worship,جامع الهدى,34.7766562,10.7276321,,,,,,2026-02-15T13:30:55.755562
Sfax,37374258,way,community_centre,قاعة شهرزاد للمؤتمرات,34.7722677,10.7317467,,,,,,2026-02-15T13:30:55.755562
Sfax,37500719,way,place_of_worship,الجامع الكبير,34.7358781,10.760861,,,,,,2026-02-15T13:30:55.755562
Sfax,37551422,way,parking,موقف سيارات باب البحر,34.7350415,10.7634675,,,,,,2026-02-15T13:30:55.755562
Sfax,37551424,way,parking,ساحة انتظار سيارات - باب الجبلي,34.7368087,10.758032,,,,,,2026-02-15T13:30:55.755562
Sfax,37551426,way,theatre,المسرح البلدي بصفاقس,34.7339446,10.7631534,,,,,,2026-02-15T13:30:55.755562
Sfax,37551428,way,taxi,محطة السيارات الأجرة باب الجبلي,34.737603,10.7577809,,,,,,2026-02-15T13:30:55.755562
Sfax,39960482,way,place_of_worship,جامع مركز شاكر,34.7405631,10.7388107,,,,,,2026-02-15T13:30:55.755562
Sfax,39960486,way,fuel,أويليبيا,34.7391794,10.7433535,,,,,,2026-02-15T13:30:55.755562
Sfax,39960492,way,school,المعهد الثانوي 20 مارس 1956,34.7376077,10.7427254,,,,,,2026-02-15T13:30:55.755562
Sfax,39972264,way,courthouse,محكمة الاستئناف,34.7348078,10.7653667,,,,,,2026-02-15T13:30:55.755562
Sfax,39972265,way,parking,موقف سيارات المحطة,34.7343614,10.7667806,,,,,,2026-02-15T13:30:55.755562
Sfax,39972268,way,parking,,34.7348953,10.7647691,,,,,,2026-02-15T13:30:55.755562
Sfax,39972279,way,townhall,قصر البلدية,34.732059,10.7640251,,,,,,2026-02-15T13:30:55.755562
Sfax,39972281,way,place_of_worship,الكنيسة الأرثوذكسية اليونانية,34.7328507,10.7607466,,,,,,2026-02-15T13:30:55.755562
Sfax,39972282,way,place_of_worship,معبد بيت إيل‎,34.7321831,10.7580795,,,,,,2026-02-15T13:30:55.755562
Sfax,39972284,way,school,المدرسة الإعدادية النموذجية بصفاقس,34.7326429,10.7577039,,,,,,2026-02-15T13:30:55.755562
Sfax,40695727,way,university,المعهد العالي للبيوتكنولوجيا بصفاقس,34.7241005,10.7186183,,,,,,2026-02-15T13:30:55.755562
Sfax,40695730,way,school,المدرسة الإبتدائية حي الحبيب 1,34.7213775,10.7201583,,,,,,2026-02-15T13:30:55.755562
Sfax,40800790,way,place_of_worship,جامع مركز دمق,34.7504448,10.7168748,,,,,,2026-02-15T13:30:55.755562
Sfax,40879343,way,school,المدرسة الإعدادية الحبيب بورقيبة,34.7319899,10.7623938,,,,,,2026-02-15T13:30:55.755562
Sfax,40879344,way,college,المعهد الثانوي الحبيب المعزون,34.7316949,10.7636095,,,,,,2026-02-15T13:30:55.755562
Sfax,40879347,way,place_of_worship,إدمون عزريا,34.7309429,10.7638928,,,,,,2026-02-15T13:30:55.755562
Sfax,40879350,way,bus_station,Parc De La SORETRAS,34.7281252,10.7563939,,,,,,2026-02-15T13:30:55.755562
Sfax,44051865,way,hospital,مستشفى الحبيب بورقيبة بصفاقس,34.7404268,10.7483544,,,,24/7,,2026-02-15T13:30:55.755562
Sfax,44051866,way,hospital,مستشفى الهادي شاكر بصفاقس,34.7409343,10.7501559,Route El Ain,+216 74 242 181,,24/7,,2026-02-15T13:30:55.755562
Sfax,44051867,way,hospital,قسم أمراض النساء و التوليد,34.7399203,10.7507428,,,,24/7,,2026-02-15T13:30:55.755562
Sfax,44051875,way,college,معهد 15 أكتوبر 1955,34.7442214,10.7474043,,,,,,2026-02-15T13:30:55.755562
Sfax,48466728,way,school,معهد أبو الحسن اللخمي,34.7328079,10.7329655,,,,,,2026-02-15T13:30:55.755562
Sfax,248818099,way,bus_station,Station El Karia,34.7397125,10.7613878,,,,,,2026-02-15T13:30:55.755562
Sfax,253372939,way,courthouse,المحكمة العسكرية,34.7400117,10.7519907,,,,,,2026-02-15T13:30:55.755562
Sfax,265587792,way,ferry_terminal,محطة بحرية صفاقس-قرقنة سونوتراك,34.7272649,10.7635017,,,,,,2026-02-15T13:30:55.755562
Sfax,359589936,way,police,Police Accidents de Routes Sfax Sud,34.7273828,10.7276096,,,,,,2026-02-15T13:30:55.755562
Sfax,391804767,way,courthouse,المحكمة العقارية,34.712628,10.7257441,,,,,,2026-02-15T13:30:55.755562
Sfax,391808419,way,vehicle_inspection,مركز الفحص الفني صفاقس,34.725246,10.7604466,,,,,,2026-02-15T13:30:55.755562
Sfax,392053115,way,bar,الوصاية,34.7330239,10.7637088,,,,,,2026-02-15T13:30:55.755562
Sfax,392054517,way,community_centre,قاعة البلدية للأفراح,34.7342627,10.7644391,,,,,,2026-02-15T13:30:55.755562
Sfax,454396419,way,place_of_worship,جامع التونسي,34.7491869,10.7576301,,,,,,2026-02-15T13:30:55.755562
Sfax,454396422,way,clinic,مصحة البساتين,34.7497126,10.7632256,,,,24/7,,2026-02-15T13:30:55.755562
Sfax,454396424,way,clinic,المركز الطبي البساتين,34.7502097,10.7629729,,,,,,2026-02-15T13:30:55.755562
Sfax,454415666,way,place_of_worship,,34.7645933,10.7842748,,,,,,2026-02-15T13:30:55.755562
Sfax,455890547,way,library,المكتبة العمومية بصفاقس,34.7305658,10.762424,,,,,,2026-02-15T13:30:55.755562
Sfax,462817770,way,marketplace,سوق العمران,34.7377375,10.7596058,,,,,,2026-02-15T13:30:55.755562
Sfax,462817771,way,marketplace,سوق الحدادين,34.7372757,10.7601848,,,,,,2026-02-15T13:30:55.755562
Sfax,462817777,way,place_of_worship,جامع سيدي علي الكراي,34.735158,10.758915,,,,,,2026-02-15T13:30:55.755562
Sfax,468428784,way,arts_centre,صفاقس عاصمة الثقافة 2016,34.7289896,10.7590075,,,,,,2026-02-15T13:30:55.755562
Sfax,468428787,way,school,المدرسة الإبتدائية محمد بالي,34.732061,10.7565507,,,,,,2026-02-15T13:30:55.755562
Sfax,468428795,way,arts_centre,المركب الثقافي محمد الجموسي,34.7366121,10.7508351,,,,,,2026-02-15T13:30:55.755562
Sfax,468428798,way,fuel,شل,34.73323,10.7605752,,,,,,2026-02-15T13:30:55.755562
Sfax,469692520,way,parking,,34.7286065,10.7582826,,,,,,2026-02-15T13:30:55.755562
Sfax,469692522,way,parking,,34.7273909,10.7542429,,,,,,2026-02-15T13:30:55.755562
Sfax,521562418,way,school,معهد مجيدة بوليلة,34.7430462,10.7577001,,,,,,2026-02-15T13:30:55.755562
Sfax,521562419,way,school,معهد الهادي السوسي,34.7432319,10.7562722,,,,,,2026-02-15T13:30:55.755562
Sfax,521562420,way,community_centre,دار الشباب بصفاقس,34.7349831,10.7463788,,,,,,2026-02-15T13:30:55.755562
Sfax,521566194,way,bus_station,Station de Bus Grandes Lignes,34.723739,10.7553214,,,,,,2026-02-15T13:30:55.755562
Sfax,647628520,way,hospital,SAMU 04 Garage,34.7378335,10.7063735,,,,,,2026-02-15T13:30:55.755562
Sfax,698201816,way,place_of_worship,جامع المنذر,34.7728162,10.7366717,,,,,,2026-02-15T13:30:55.755562
Sfax,698355807,way,place_of_worship,جامع الرحمة سيدي عباس,34.7648375,10.7374277,,,,,,2026-02-15T13:30:55.755562
Sfax,698355808,way,place_of_worship,جامع بلال,34.7684,10.730862,,,,,,2026-02-15T13:30:55.755562
Sfax,698552670,way,place_of_worship,جامع الحسنى,34.7745024,10.747607,,,,,,2026-02-15T13:30:55.755562
Sfax,698698700,way,fuel,طوطال سوق الزيتون,34.7460037,10.7525911,,,,,,2026-02-15T13:30:55.755562
Sfax,698788355,way,fuel,عجيل,34.7255724,10.7565157,,,,,,2026-02-15T13:30:55.755562
Sfax,699922921,way,pharmacy,الصيدلية المركزية بصفاقس,34.7645871,10.7746091,,,,Mo-Fr 08:00-16:30; Sa 08:00-12:00,,2026-02-15T13:30:55.755562
Sfax,700341865,way,school,المعهد الثانوي 25 جويلية 1957,34.7751624,10.7621624,,,,,,2026-02-15T13:30:55.755562
Sfax,701332339,way,school,المدرسة الابتدائية محمد الجمل,34.7525498,10.7301661,حزام بورقيبة,,,,,2026-02-15T13:30:55.755562
Sfax,702054437,way,school,المدرسة الإبتدائية الكمال,34.7714183,10.7754401,,,,,,2026-02-15T13:30:55.755562
Sfax,702156415,way,place_of_worship,جامع العذار 1,34.753407,10.7560893,,,,,,2026-02-15T13:30:55.755562
Sfax,702156417,way,place_of_worship,جامع التقوى,34.7471945,10.7521915,,,,,,2026-02-15T13:30:55.755562
Sfax,702156418,way,school,المدرسة الإعدادية الطاهر الحداد,34.7469331,10.7531653,,,,,,2026-02-15T13:30:55.755562
Sfax,702156419,way,place_of_worship,جامع محمد الكراي,34.7373073,10.7544616,,,,,,2026-02-15T13:30:55.755562
Sfax,702156996,way,place_of_worship,جامع المنار,34.7319966,10.755372,,,,,,2026-02-15T13:30:55.755562
Sfax,702156997,way,place_of_worship,جامع العذار 2,34.7403785,10.7459923,,,,,,2026-02-15T13:30:55.755562
Sfax,702159880,way,place_of_worship,جامع الصالحين,34.7546945,10.7254847,,,,,,2026-02-15T13:30:55.755562
Sfax,702159882,way,place_of_worship,جامع القصاص,34.7540653,10.7095476,,,,,,2026-02-15T13:30:55.755562
Sfax,702188677,way,place_of_worship,جامع الرحيم,34.783898,10.7726727,,,,,,2026-02-15T13:30:55.755562
Sfax,702188678,way,place_of_worship,جامع الهداية,34.7788174,10.7689355,,,,,,2026-02-15T13:30:55.755562
Sfax,702188679,way,school,المدرسة الإعدادية أحمد ملاك,34.7692471,10.7738146,,,,,,2026-02-15T13:30:55.755562
Sfax,702217716,way,place_of_worship,جامع السيدة عائشة,34.7777283,10.7445993,,,,,,2026-02-15T13:30:55.755562
Sfax,702217719,way,place_of_worship,جامع الفاروق,34.7833792,10.744502,,,,,,2026-02-15T13:30:55.755562
Sfax,702230476,way,place_of_worship,جامع شيخ روحه,34.7548805,10.7463388,,,,,,2026-02-15T13:30:55.755562
Sfax,702230477,way,place_of_worship,جامع السلام بوشعالة,34.7593693,10.7424589,,,,,,2026-02-15T13:30:55.755562
Sfax,702235253,way,townhall,بلدية البستان,34.7483577,10.7643759,,,,,,2026-02-15T13:30:55.755562
Sfax,702235254,way,place_of_worship,جامع الخليل,34.7485552,10.7642404,,,,,,2026-02-15T13:30:55.755562
Sfax,702235255,way,school,المدرسة الإعدادية 15 أكتوبر 1963,34.7492108,10.7646734,,,,,,2026-02-15T13:30:55.755562
Sfax,702235256,way,clinic,مصحة منياي,34.7484707,10.7670057,,,,24/7,,2026-02-15T13:30:55.755562
Sfax,702246814,way,place_of_worship,جامع السلامي,34.7574246,10.7344381,,,,,,2026-02-15T13:30:55.755562
Sfax,702246815,way,place_of_worship,جامع الرحمة,34.7485803,10.7459383,,,,,,2026-02-15T13:30:55.755562
Sfax,702246816,way,school,المدرسة الإبتدائية شقرون,34.7487198,10.7447693,,,,,,2026-02-15T13:30:55.755562
Sfax,702246817,way,place_of_worship,جامع البدر,34.7481463,10.7403448,,,,,,2026-02-15T13:30:55.755562
Sfax,702246819,way,place_of_worship,مسجد المغفرة,34.7537265,10.7272165,,,,,,2026-02-15T13:30:55.755562
Sfax,702257064,way,school,المدرسة الإعدادية غرة ماي,34.750772,10.7183607,,,,,,2026-02-15T13:30:55.755562
Sfax,702274848,way,school,معهد الطيب المهيري,34.7532045,10.7191886,,,,,,2026-02-15T13:30:55.755562
Sfax,702274849,way,place_of_worship,جامع الحمد,34.7542463,10.7157273,,,,,,2026-02-15T13:30:55.755562
Sfax,702274855,way,place_of_worship,جامع الهدى,34.7372854,10.7113405,,,,,,2026-02-15T13:30:55.755562
Sfax,702274856,way,place_of_worship,جامع التوبة,34.7311375,10.7076886,,,,,,2026-02-15T13:30:55.755562
Sfax,702274858,way,place_of_worship,جامع الرحمة,34.7314614,10.7224179,,,,,,2026-02-15T13:30:55.755562
Sfax,702274860,way,place_of_worship,جامع التقوى,34.7205308,10.7201309,,,,,,2026-02-15T13:30:55.755562
Sfax,702274861,way,townhall,بلدية حي الحبيب,34.7207593,10.7207351,,,,,,2026-02-15T13:30:55.755562
Sfax,702275333,way,place_of_worship,جامع حي الحبيب 2,34.7151668,10.7227783,,,,,,2026-02-15T13:30:55.755562
Sfax,702441169,way,parking,,34.7359126,10.7558991,,,,,,2026-02-15T13:30:55.755562
Sfax,702443266,way,school,المدرسة الإبتدائية حي بورقيبة 1,34.7611191,10.7914551,,,,,,2026-02-15T13:30:55.755562
Sfax,702443267,way,place_of_worship,جامع مركز الحديجي,34.7618121,10.7915094,,,,,,2026-02-15T13:30:55.755562
Sfax,702443268,way,school,المدرسة الإبتدائية حي بورقيبة 2,34.7612884,10.7866721,,,,,,2026-02-15T13:30:55.755562
Sfax,702443269,way,school,المدرسة الإبتدائية الخليج,34.7712005,10.8004614,,,,,,2026-02-15T13:30:55.755562
Sfax,702445140,way,parking,,34.7313141,10.7423421,,,,,,2026-02-15T13:30:55.755562
Sfax,702552658,way,school,المدرسة الإعدادية علي البلهوان,34.7349037,10.7566265,,,,,,2026-02-15T13:30:55.755562
Sfax,702552659,way,school,المدرسة الإبتدائية جوهر,34.7489555,10.767231,,,,,,2026-02-15T13:30:55.755562
Sfax,702552660,way,school,المدرسة الإبتدائية شارع بوقطفة,34.7580414,10.7707348,,,,,,2026-02-15T13:30:55.755562
Sfax,702552661,way,school,معهد محمد علي,34.7592013,10.7709709,,,,,,2026-02-15T13:30:55.755562
Sfax,702552662,way,university,المعهد العالي للدراسات التكنولوجية بصفاقس,34.7573595,10.7723585,,,,,,2026-02-15T13:30:55.755562
Sfax,702560574,way,school,المدرسة الإبتدائية مركز بشة,34.7778644,10.7778761,,,,,,2026-02-15T13:30:55.755562
Sfax,702670815,way,school,المدرسة الإبتدائية مركز الشيشمة,34.7746838,10.7608068,,,,,,2026-02-15T13:30:55.755562
Sfax,702670816,way,school,المدرسة الإبتدائية خالد ابن الوليد,34.7752334,10.7631542,,,,,,2026-02-15T13:30:55.755562
Sfax,702670818,way,university,المعهد العالي للفنون والحرف بصفاقس,34.7474647,10.7620457,,,,,,2026-02-15T13:30:55.755562
Sfax,702670821,way,school,المدرسة الإبتدائية البساتين,34.7752446,10.7537841,,,,,,2026-02-15T13:30:55.755562
Sfax,702670830,way,school,المدرسة الإبتدائية بوزيان,34.7733769,10.7379649,,,,,,2026-02-15T13:30:55.755562
Sfax,702683044,way,school,معهد الحبيب ثامر,34.7698433,10.7344543,,,,,,2026-02-15T13:30:55.755562
Sfax,702683045,way,school,المدرسة الإعدادية الحبيب الشعبوني,34.7702748,10.7340992,,,,,,2026-02-15T13:30:55.755562
Sfax,702700833,way,school,المدرسة الابتدائية سيدي عباس,34.7622588,10.7390857,,,,,,2026-02-15T13:30:55.755562
Sfax,702700834,way,school,المدرسة الإبتدائية شيخ روحه,34.7541673,10.7471963,,,,,,2026-02-15T13:30:55.755562
Sfax,702700835,way,place_of_worship,جامع الصافي,34.7456973,10.7497484,,,,,,2026-02-15T13:30:55.755562
Sfax,702700836,way,school,المدرسة الإبتدائية ابن خلدون,34.7456977,10.7486659,,,,,,2026-02-15T13:30:55.755562
Sfax,702705800,way,school,المدرسة الإبتدائية التحرير,34.7467222,10.7398565,,,,,,2026-02-15T13:30:55.755562
Sfax,702705801,way,school,مدرسة سيدي الجيلاني,34.7594047,10.7196101,,,,,,2026-02-15T13:30:55.755562
Sfax,702920515,way,school,مدرسة مركز الجلولي,34.7681259,10.7211118,,,,,,2026-02-15T13:30:55.755562
Sfax,702937004,way,school,معهد محمود مقديش,34.7509502,10.7081407,,,,,,2026-02-15T13:30:55.755562
Sfax,703028419,way,school,المدرسة الإبتدائية مركز شاكر الإسعاد,34.7399263,10.7398253,,,,,,2026-02-15T13:30:55.755562
Sfax,703028420,way,school,المدرسة الإعدادية محمد محفوظ,34.7394507,10.7393958,,,,,,2026-02-15T13:30:55.755562
Sfax,703028422,way,school,المدرسة الإبتدائية خليل بن احمد,34.7290057,10.7414674,,,,,,2026-02-15T13:30:55.755562
Sfax,703028423,way,school,المدرسة الإعدادية النموذجية محسن المزغني,34.73633,10.7419828,,,,,,2026-02-15T13:30:55.755562
Sfax,703044108,way,school,المدرسة الإبتدائية المراكشي 1,34.7340919,10.725053,,,,,,2026-02-15T13:30:55.755562
Sfax,703044112,way,school,المدرسة الإعدادية الهادي العيادي,34.7289006,10.7166976,,,,,,2026-02-15T13:30:55.755562
Sfax,703044113,way,school,المدرسة الإبتدائية حي الحبيب 2,34.7161879,10.7222368,,,,,,2026-02-15T13:30:55.755562
Sfax,703044114,way,school,المدرسة الإعدادية حي الحبيب,34.7187644,10.7237669,,,,,,2026-02-15T13:30:55.755562
Sfax,703044115,way,place_of_worship,جامع الصديق,34.7345757,10.7284347,,,,,,2026-02-15T13:30:55.755562
Sfax,703055582,way,school,المدرسة الإبتدائية حي البحري 2,34.7275602,10.710205,,,,,,2026-02-15T13:30:55.755562
Sfax,703087307,way,school,المدرسة الإبتدائية حي النور,34.7366666,10.7074239,,,,,,2026-02-15T13:30:55.755562
Sfax,703087308,way,school,المدرسة الإبتدائية الهدى,34.7406843,10.7080268,,,,,,2026-02-15T13:30:55.755562
Sfax,703235174,way,community_centre,قاعة التوفيق للأفراح,34.7751073,10.791004,,,,,,2026-02-15T13:30:55.755562
Sfax,703920977,way,place_of_worship,جامع التوبة,34.7698429,10.7846567,,,,,,2026-02-15T13:30:55.755562
Sfax,704132928,way,school,المعهد النموذجي صفاقس,34.7333637,10.7496604,,,,,,2026-02-15T13:30:55.755562
Sfax,704132929,way,school,المدرسة الإعدادية 13 أوت 1956,34.7348537,10.754776,,,,,,2026-02-15T13:30:55.755562
Sfax,704292089,way,school,المدرسة الإبتدائية حي التعويضي,34.7575172,10.7750778,,,,,,2026-02-15T13:30:55.755562
Sfax,708136196,way,place_of_worship,جامع البركة,34.7613659,10.7652927,,,,,,2026-02-15T13:30:55.755562
Sfax,710083155,way,fire_station,الحماية المدنية,34.7283059,10.750794,,,,,,2026-02-15T13:30:55.755562
Sfax,724534627,way,community_centre,قاعة أفراح المؤتمرات,34.7573556,10.7435042,,,,,,2026-02-15T13:30:55.755562
Sfax,726145114,way,community_centre,قاعة أفراح التومي,34.7482788,10.7646494,,,,,,2026-02-15T13:30:55.755562
Sfax,726777217,way,community_centre,قاعة أفراح الفوروم,34.7636697,10.7764954,,,,,,2026-02-15T13:30:55.755562
Sfax,726794438,way,school,المدرسة الابتدائية بغداد 1,34.74597,10.7636968,,,,,,2026-02-15T13:30:55.755562
Sfax,726794439,way,school,المدرسة الابتدائية بغداد 2,34.746083,10.7640285,,,,,,2026-02-15T13:30:55.755562
Sfax,729355614,way,clinic,مصحة صفاقس المدينة,34.7374913,10.7528037,,,,24/7,,2026-02-15T13:30:55.755562
Sfax,729620756,way,school,المدرسة الاعدادية علي النوري,34.7242173,10.7347251,,,,,,2026-02-15T13:30:55.755562
Sfax,736841494,way,cafe,,34.7380871,10.7499374,,,,,,2026-02-15T13:30:55.755562
Sfax,736841544,way,cafe,Friends,34.7392708,10.7508444,,,,,,2026-02-15T13:30:55.755562
Sfax,737066531,way,parking,,34.7328375,10.7421459,,,,,,2026-02-15T13:30:55.755562
Sfax,737066532,way,parking,,34.7330769,10.7430955,,,,,,2026-02-15T13:30:55.755562
Sfax,744854521,way,clinic,مصحة الرشيد,34.7583031,10.732837,,,,24/7,,2026-02-15T13:30:55.755562
Sfax,744913741,way,school,المدرسة الإبتدائية السرور,34.7419854,10.7373754,,,,,,2026-02-15T13:30:55.755562
Sfax,746661925,way,community_centre,قاعة أفراح الكابيتول,34.7558595,10.7793792,,,,,,2026-02-15T13:30:55.755562
Sfax,782089341,way,school,المدرسة الإعدادية مصطفى السلامي,34.7693972,10.7235068,,,,,,2026-02-15T13:30:55.755562
Sfax,790430463,way,clinic,مصحة النور,34.7262556,10.74034,,,,24/7,,2026-02-15T13:30:55.755562
Sfax,837057652,way,school,المدرسة الإبتدائية شارع بنزرت,34.7576199,10.763367,,,,,,2026-02-15T13:30:55.755562
Sfax,839871435,way,place_of_worship,جامع الجموسي,34.7448645,10.7278833,,,,,,2026-02-15T13:30:55.755562
Sfax,839871437,way,school,المدرسة الابتدائية الفلاح,34.7522563,10.7149474,,,,,,2026-02-15T13:30:55.755562
Sfax,840522127,way,school,مدرسة الرحمة,34.7616782,10.7648506,,,,,,2026-02-15T13:30:55.755562
Sfax,1003486773,way,university,جامعة صفاقس,34.7361121,10.7427922,,,,,,2026-02-15T13:30:55.755562
Sfax,1003488709,way,parking,,34.7359013,10.7423188,,,,,,2026-02-15T13:30:55.755562
Sfax,1003488710,way,parking,,34.735894,10.7431896,,,,,,2026-02-15T13:30:55.755562
Sfax,1054025084,way,parking,,34.741447,10.7562467,,,,,,2026-02-15T13:30:55.755562
Sfax,1111116639,way,fountain,,34.7343238,10.7424868,,,,,,2026-02-15T13:30:55.755562
Sfax,1111646115,way,fountain,,34.739826,10.7600246,,,,,,2026-02-15T13:30:55.755562
Sfax,1118631000,way,parking,,34.7277643,10.7521815,,,,,,2026-02-15T13:30:55.755562
Sfax,1118631016,way,parking,,34.7274169,10.7530014,,,,,,2026-02-15T13:30:55.755562
Sfax,1118638172,way,parking,,34.7361151,10.7351523,,,,,,2026-02-15T13:30:55.755562
Sfax,1126946945,way,bus_station,Medina,34.737406,10.7578583,,,,,,2026-02-15T13:30:55.755562
Sfax,1232938179,way,place_of_worship,Mosquée Sidi Lakhmi,34.7390392,10.7577457,,,,,,2026-02-15T13:30:55.755562
Sfax,1274162624,way,school,,34.7448436,10.7574114,,,,,,2026-02-15T13:30:55.755562
Sfax,1274162625,way,school,Lycée Privé Alosra,34.7475047,10.7523351,نهج محمد خذر حسين,,https://www.facebook.com/lyceealosra/,,,2026-02-15T13:30:55.755562
Sfax,1346150696,way,school,College Prive La Coupole,34.7685457,10.7236775,,,,,,2026-02-15T13:30:55.755562
Sfax,19953862,relation,townhall,Sfax Townhall,34.7320138,10.7640688,,,,,,2026-02-15T13:30:55.755562
Sousse,290891538,node,bank,بنك قطر الوطني تونس,35.839077,10.5972388,,,,,,2026-02-15T13:30:58.713241
Sousse,313516744,node,parking_entrance,,35.8067598,10.6510024,,,,,,2026-02-15T13:30:58.713241
Sousse,722309541,node,restaurant,The Saloon,35.8428076,10.6254104,,,,,,2026-02-15T13:30:58.713241
Sousse,1112970546,node,restaurant,دو بوبل,35.8281594,10.6393468,نهج البحر,,,,,2026-02-15T13:30:58.713241
Sousse,1161343070,node,post_office,Rapid Poste,35.8367062,10.6310292,,,,,,2026-02-15T13:30:58.713241
Sousse,1202481008,node,police,,35.8465576,10.6175856,,,,,,2026-02-15T13:30:58.713241
Sousse,1202481139,node,pharmacy,,35.8446159,10.6189529,,,,Mo-Sa 08:00-19:00,,2026-02-15T13:30:58.713241
Sousse,1202487051,node,restaurant,,35.8529059,10.6165565,,,,,,2026-02-15T13:30:58.713241
Sousse,1202487429,node,food_court,,35.8534781,10.616191,,,,24/7,,2026-02-15T13:30:58.713241
Sousse,1202487558,node,cafe,,35.8529464,10.616217,,,,,,2026-02-15T13:30:58.713241
Sousse,1203697681,node,place_of_worship,كنيسة مار فيلكس,35.8330003,10.6346475,نهج منجي بالي,+216 73 224 596,,,,2026-02-15T13:30:58.713241
Sousse,1215645153,node,cafe,La Verenda,35.845712,10.6198939,,,,24/7,,2026-02-15T13:30:58.713241
Sousse,1216559460,node,nightclub,BORA BORA Disco,35.8518136,10.6179346,,,,,,2026-02-15T13:30:58.713241
Sousse,1228007226,node,pub,3 Dauphins,35.8485357,10.6177656,,,,24/7,,2026-02-15T13:30:58.713241
Sousse,1228025043,node,restaurant,Pizzeria,35.8487738,10.617727,,,,,,2026-02-15T13:30:58.713241
Sousse,1228027982,node,cafe,Mozart,35.8478733,10.6182342,,,,,,2026-02-15T13:30:58.713241
Sousse,1248272066,node,atm,,35.859174,10.6139935,,,,,,2026-02-15T13:30:58.713241
Sousse,1257265287,node,atm,,35.8513321,10.6164139,,,,,,2026-02-15T13:30:58.713241
Sousse,1263964533,node,fountain,,35.822123,10.6346683,,,,,,2026-02-15T13:30:58.713241
Sousse,1279486046,node,pharmacy,,35.8425841,10.6181041,,,,,,2026-02-15T13:30:58.713241
Sousse,1279486056,node,pharmacy,,35.8395175,10.6224314,,,,,,2026-02-15T13:30:58.713241
Sousse,1279486071,node,pharmacy,,35.8337977,10.629165,,,,,,2026-02-15T13:30:58.713241
Sousse,1279486085,node,pharmacy,Les Jasmins,35.8545487,10.6160134,,,,,,2026-02-15T13:30:58.713241
Sousse,1279486136,node,pharmacy,,35.8145486,10.6401825,,,,,,2026-02-15T13:30:58.713241
Sousse,1280510549,node,atm,التجاري بنك,35.8323751,10.6309082,,,,,,2026-02-15T13:30:58.713241
Sousse,1280510614,node,atm,الاتحاد البنكي للتجارة والصناعة,35.832574,10.6306528,,,,,,2026-02-15T13:30:58.713241
Sousse,1281882919,node,cafe,مقهى مراكش,35.8292283,10.6406656,,,,,,2026-02-15T13:30:58.713241
Sousse,1284276958,node,cafe,,35.8537794,10.6036899,,,,,,2026-02-15T13:30:58.713241
Sousse,1284277001,node,pharmacy,,35.8557402,10.6017405,,,,,,2026-02-15T13:30:58.713241
Sousse,1284277066,node,pharmacy,,35.853725,10.6037666,,,,,,2026-02-15T13:30:58.713241
Sousse,1284277251,node,atm,,35.8571116,10.6001682,,,,,,2026-02-15T13:30:58.713241
Sousse,1286411214,node,atm,,35.8503089,10.6077223,,,,,,2026-02-15T13:30:58.713241
Sousse,1286411263,node,atm,,35.8501617,10.6071449,,,,,,2026-02-15T13:30:58.713241
Sousse,1300031730,node,atm,,35.8036617,10.6129288,,,,,,2026-02-15T13:30:58.713241
Sousse,1360613563,node,atm,,35.8089773,10.6085826,,,,,,2026-02-15T13:30:58.713241
Sousse,1411693790,node,college,Lycée Abed Aziz El Behi,35.814354,10.6267332,,,,,,2026-02-15T13:30:58.713241
Sousse,1411693791,node,college,Collège Ezzahra,35.8143236,10.6277364,,,,,,2026-02-15T13:30:58.713241
Sousse,1411693792,node,library,Ala Eddine Library,35.8146977,10.628144,,,,,,2026-02-15T13:30:58.713241
Sousse,1416157610,node,atm,,35.8398207,10.5975607,,,,,,2026-02-15T13:30:58.713241
Sousse,1452932470,node,atm,,35.8456797,10.6196273,,,,,,2026-02-15T13:30:58.713241
Sousse,1474275374,node,school,CREFOC,35.8313611,10.6240888,,,,,,2026-02-15T13:30:58.713241
Sousse,1549390507,node,marketplace,Marché Souk Hammam Sousse,35.8467681,10.5914595,,,,We 07:00-18:00,,2026-02-15T13:30:58.713241
Sousse,1550466624,node,atm,,35.7960427,10.6638097,,,,,,2026-02-15T13:30:58.713241
Sousse,1550466654,node,atm,,35.79874,10.66087,,,,,,2026-02-15T13:30:58.713241
Sousse,1618238022,node,cafe,K-WEST,35.8449024,10.6043529,Hassen Ben Said,,,,,2026-02-15T13:30:58.713241
Sousse,1740474006,node,parking,,35.8007521,10.5976556,,,,,,2026-02-15T13:30:58.713241
Sousse,1740474407,node,cafe,Baghdad,35.8006956,10.595947,,,,,,2026-02-15T13:30:58.713241
Sousse,1740485276,node,cafe,Africana,35.8039521,10.6016333,,,,,,2026-02-15T13:30:58.713241
Sousse,1740485277,node,post_office,Sousse Riadh,35.8040805,10.6024567,,,,,yes,2026-02-15T13:30:58.713241
Sousse,1740485278,node,cafe,Trabelsi,35.8039325,10.5973364,,,,,,2026-02-15T13:30:58.713241
Sousse,1740485279,node,cafe,El Khima,35.8029971,10.6017084,,,,,,2026-02-15T13:30:58.713241
Sousse,1740485280,node,school,Najah,35.8024685,10.6005121,,,,,,2026-02-15T13:30:58.713241
Sousse,1740485281,node,cafe,Petit Mousse,35.8036758,10.604522,,,,,,2026-02-15T13:30:58.713241
Sousse,1740485282,node,police,مركز شرطة,35.8042762,10.6023548,,,,,limited,2026-02-15T13:30:58.713241
Sousse,1740485283,node,cafe,Jawhara,35.8041174,10.6041653,,,,,,2026-02-15T13:30:58.713241
Sousse,1740485284,node,cafe,Mondial,35.8030493,10.6020785,,,,,,2026-02-15T13:30:58.713241
Sousse,1740485285,node,cafe,Maracana,35.8033343,10.6027598,,,,,,2026-02-15T13:30:58.713241
Sousse,1740485286,node,atm,,35.8041196,10.6023709,,,,,yes,2026-02-15T13:30:58.713241
Sousse,1740495673,node,townhall,Sousse Riadh,35.8039238,10.6031541,,,,,yes,2026-02-15T13:30:58.713241
Sousse,1740495675,node,school,Lycée Erraidh,35.7967927,10.6022368,,,,,,2026-02-15T13:30:58.713241
Sousse,1740495676,node,school,Ibn Charaf,35.8036901,10.594697,,,,,,2026-02-15T13:30:58.713241
Sousse,2091045437,node,school,مدرسة أخوات سوسة,35.8299794,10.6349532,نهج الأخت جوزفين,,,,,2026-02-15T13:30:58.713241
Sousse,2094017159,node,pharmacy,Pharmacie Zaoui,35.8311156,10.6331577,,,,,,2026-02-15T13:30:58.713241
Sousse,2094031314,node,cafe,Café Trocadéro,35.831129,10.6341137,,,,,,2026-02-15T13:30:58.713241
Sousse,2094033089,node,cafe,مقهى الجمهورية,35.8311508,10.6329952,,,,,,2026-02-15T13:30:58.713241
Sousse,2094034117,node,cafe,Café Aouf,35.8316901,10.6343471,,,,,,2026-02-15T13:30:58.713241
Sousse,2094041051,node,police,مركز الشرطة,35.8305767,10.6409721,,,,,,2026-02-15T13:30:58.713241
Sousse,2094042219,node,bank,البنك الوطني الفلاحي,35.8305507,10.6353717,شارع الجمهورية,,,,,2026-02-15T13:30:58.713241
Sousse,2094043064,node,bank,Banc de Tunésie,35.8285481,10.642077,,,,,,2026-02-15T13:30:58.713241
Sousse,2094045786,node,toilets,,35.8292544,10.6399261,,,,,,2026-02-15T13:30:58.713241
Sousse,2094047694,node,bank,البنك التونسي,35.8268972,10.6407683,,,,,,2026-02-15T13:30:58.713241
Sousse,2094049368,node,marketplace,سوق,35.8238265,10.6394272,,,,,,2026-02-15T13:30:58.713241
Sousse,2094055706,node,school,المدرسة الإبتدائية,35.8358913,10.6332152,,,,,,2026-02-15T13:30:58.713241
Sousse,2094062546,node,cafe,Café Vétéran,35.8333976,10.6347699,,,,,,2026-02-15T13:30:58.713241
Sousse,2094063638,node,pharmacy,,35.8298635,10.6301467,,,,,,2026-02-15T13:30:58.713241
Sousse,2094064509,node,school,Collège Pilote de Sousse,35.8284638,10.6350572,,,,,,2026-02-15T13:30:58.713241
Sousse,2094071547,node,bus_station,Station de bus Grande lignes,35.8143667,10.6304722,,,,,,2026-02-15T13:30:58.713241
Sousse,2094071829,node,fuel, عجبل,35.8135428,10.6286645,,,,,,2026-02-15T13:30:58.713241
Sousse,2094072452,node,grave_yard,Cimetière Musulman,35.8156837,10.6380002,شارع إبن خلدون، سوسة,,,,,2026-02-15T13:30:58.713241
Sousse,2094072734,node,police,Poste de police,35.8169625,10.6384457,,,,,,2026-02-15T13:30:58.713241
Sousse,2095381481,node,pharmacy,صيدلية الليل,35.8315727,10.6323676,,,,,,2026-02-15T13:30:58.713241
Sousse,2095385079,node,police,مركز الشرطة الصيف,35.8338024,10.6391013,,,,,,2026-02-15T13:30:58.713241
Sousse,2095386298,node,casino,كازينو,35.8332363,10.6418585,,,,,,2026-02-15T13:30:58.713241
Sousse,2095388536,node,cinema,سينما بلاص,35.8305289,10.6406288,,,,,,2026-02-15T13:30:58.713241
Sousse,2095394166,node,fountain,حديقة الطيور,35.8330384,10.6390946,,,,,,2026-02-15T13:30:58.713241
Sousse,2095449120,node,townhall,الجمارك,35.828341,10.6436382,,,,,,2026-02-15T13:30:58.713241
Sousse,2095491824,node,bus_station,Société de Transport du Sahel,35.832834,10.631166,,,,,,2026-02-15T13:30:58.713241
Sousse,2095497143,node,bus_station,محطة الحافلة,35.828376,10.6389068,,,,,yes,2026-02-15T13:30:58.713241
Sousse,2096246994,node,marketplace,Souk AHAD,35.8120992,10.6307314,,,,,,2026-02-15T13:30:58.713241
Sousse,2096248909,node,university,Institut Supérieur des Études Technologique de Sousse (ISET),35.8014926,10.6143217,Cité Erriadh,+216 73 307 960,https://isetso.rnu.tn/,,,2026-02-15T13:30:58.713241
Sousse,2096251975,node,restaurant,Restaurant Universitaire Zaouiet Sousse,35.7988255,10.6193106,,,,,,2026-02-15T13:30:58.713241
Sousse,2096335727,node,taxi,محطة الأجرة,35.8294546,10.6402747,,,,,,2026-02-15T13:30:58.713241
Sousse,2096347529,node,fountain,maison des jeunes - youth center,35.8405619,10.6237523,,,,,,2026-02-15T13:30:58.713241
Sousse,2096818959,node,pharmacy,صيدلية زروق,35.8302583,10.6364078,,,,,,2026-02-15T13:30:58.713241
Sousse,2098181746,node,fuel,أويليبيا,35.8169126,10.6307609,,,,,,2026-02-15T13:30:58.713241
Sousse,2098183062,node,atm,,35.8141002,10.6295244,,,,,,2026-02-15T13:30:58.713241
Sousse,2098183285,node,bank,الاتحاد البنكي للتجارة والصناعة,35.8141002,10.6292991,,,,,,2026-02-15T13:30:58.713241
Sousse,2098187587,node,atm,,35.8104286,10.6297497,,,,,,2026-02-15T13:30:58.713241
Sousse,2098455400,node,bank,بنك الأمان,35.8317018,10.6320301,Avenue de la République,+216 73 211 050,,,,2026-02-15T13:30:58.713241
Sousse,2101879896,node,pharmacy,,35.8163318,10.6305705,,,,,,2026-02-15T13:30:58.713241
Sousse,2101880092,node,pharmacy,صيدلية الليل,35.8141307,10.6300716,,,,,,2026-02-15T13:30:58.713241
Sousse,2101891299,node,school,Lycée Pilote de Sousse,35.8414186,10.5883418,,,,,,2026-02-15T13:30:58.713241
Sousse,2101906227,node,school,Lycée Hammam Sousse 2,35.846615,10.5895059,,,,,,2026-02-15T13:30:58.713241
Sousse,2101924237,node,pharmacy,,35.8301157,10.6402962,,,,,,2026-02-15T13:30:58.713241
Sousse,2101924433,node,pharmacy,,35.8323251,10.640661,,,,,,2026-02-15T13:30:58.713241
Sousse,2101924521,node,pharmacy,,35.8322381,10.6400709,,,,,,2026-02-15T13:30:58.713241
Sousse,2101927694,node,pharmacy,صيدلية بوستا,35.8293499,10.6409739,,,,,,2026-02-15T13:30:58.713241
Sousse,2101929503,node,post_office,إتصالات تونس,35.829424,10.6432952,,,,,,2026-02-15T13:30:58.713241
Sousse,2101931963,node,place_of_worship,كنيس يهودي,35.8324775,10.6397224,,,,,,2026-02-15T13:30:58.713241
Sousse,2101932632,node,place_of_worship,مسجد بوجعفر,35.8339082,10.6388766,,,,,,2026-02-15T13:30:58.713241
Sousse,2101938563,node,cafe,,35.8334733,10.640382,,,,,,2026-02-15T13:30:58.713241
Sousse,2101940756,node,place_of_worship,,35.8371442,10.6330548,,,,,,2026-02-15T13:30:58.713241
Sousse,2101941561,node,cafe,,35.8371003,10.6326036,,,,,,2026-02-15T13:30:58.713241
Sousse,2101945783,node,courthouse,قصر العدل,35.8275605,10.6341724,,,,,,2026-02-15T13:30:58.713241
Sousse,2101950533,node,restaurant,Garbouj,35.8237569,10.6408755,,,,,,2026-02-15T13:30:58.713241
Sousse,2101955557,node,townhall,Mairie de Sousse,35.8257838,10.6413369,,,,,,2026-02-15T13:30:58.713241
Sousse,2102011625,node,school,École Primaire La République,35.7908759,10.6210057,,,,,,2026-02-15T13:30:58.713241
Sousse,2103216543,node,place_of_worship,مسجد,35.8281627,10.6281029,,,,,,2026-02-15T13:30:58.713241
Sousse,2103220052,node,public_building,Complexe sportif ESS,35.8283586,10.6248359,,,,,,2026-02-15T13:30:58.713241
Sousse,2103226111,node,school,Collège El Eroui,35.8307812,10.623291,,,,,,2026-02-15T13:30:58.713241
Sousse,2103228405,node,pharmacy,,35.8325352,10.6221559,,,,,,2026-02-15T13:30:58.713241
Sousse,2103228408,node,pharmacy,,35.8318144,10.6262232,,,,,,2026-02-15T13:30:58.713241
Sousse,2103229796,node,atm,,35.8310378,10.627266,,,,,,2026-02-15T13:30:58.713241
Sousse,2103229797,node,atm,,35.8305898,10.6279097,,,,,,2026-02-15T13:30:58.713241
Sousse,2103239651,node,school,École professionelle,35.8375004,10.6319867,,,,,,2026-02-15T13:30:58.713241
Sousse,2106059477,node,bank,الاتحاد البنكي للتجارة والصناعة,35.8157402,10.6307314,,,,,,2026-02-15T13:30:58.713241
Sousse,2107249726,node,parking,موقف سيارات,35.8317162,10.6413691,,,,,,2026-02-15T13:30:58.713241
Sousse,2107250236,node,library,المكتبة,35.8318771,10.6407146,,,,,,2026-02-15T13:30:58.713241
Sousse,2107250596,node,ferry_terminal,زورق المسافر,35.82728,10.6434505,,,,,,2026-02-15T13:30:58.713241
Sousse,2107251151,node,car_wash,عجيل,35.8315185,10.6331367,,,,,,2026-02-15T13:30:58.713241
Sousse,2107270126,node,car_wash,,35.8354216,10.6291811,,,,,,2026-02-15T13:30:58.713241
Sousse,2107290881,node,parking,Slim Center,35.8451211,10.6199403,,,,,,2026-02-15T13:30:58.713241
Sousse,2109021569,node,restaurant,BYPASS,35.8399357,10.6267349,,,,,,2026-02-15T13:30:58.713241
Sousse,2109023099,node,place_of_worship,مسجد التوبة,35.8319076,10.6336229,,,,,,2026-02-15T13:30:58.713241
Sousse,2109034339,node,hospital,Service d'Urgence Sahloul,35.8377222,10.5891304,,,,,,2026-02-15T13:30:58.713241
Sousse,2109037682,node,bus_station,Station de Bus et louage,35.8345301,10.5900531,,,,,,2026-02-15T13:30:58.713241
Sousse,2109039786,node,atm,,35.8337091,10.5903783,,,,,,2026-02-15T13:30:58.713241
Sousse,2110410912,node,police,الحرس الوطني,35.8367568,10.6257049,,,,,,2026-02-15T13:30:58.713241
Sousse,2124262659,node,pharmacy,,35.7903538,10.619906,,,,,,2026-02-15T13:30:58.713241
Sousse,2124312230,node,police,,35.8245964,10.6349371,,,,,,2026-02-15T13:30:58.713241
Sousse,2124330259,node,cafe,,35.8321424,10.6335799,,,,,,2026-02-15T13:30:58.713241
Sousse,2124752328,node,police,,35.8343687,10.5936713,,,,,,2026-02-15T13:30:58.713241
Sousse,2125381327,node,parking,,35.8291154,10.63439,,,,,,2026-02-15T13:30:58.713241
Sousse,2125401679,node,school,Centre de formation professionel,35.8532829,10.5956401,,,,,,2026-02-15T13:30:58.713241
Sousse,2125402877,node,school,Lycée Hammam Sousse,35.8537981,10.5965628,,,,,,2026-02-15T13:30:58.713241
Sousse,2125979336,node,townhall,معتمدية سوسة المدينة,35.8289371,10.6359188,,,,,,2026-02-15T13:30:58.713241
Sousse,2125981855,node,cafe,Café Bellar,35.8270059,10.6410955,,,,,,2026-02-15T13:30:58.713241
Sousse,2125984332,node,pharmacy,Douik,35.8261143,10.6409936,,,,,,2026-02-15T13:30:58.713241
Sousse,2125985912,node,bank,بنك الإسكان,35.8287579,10.6425044,,,,,,2026-02-15T13:30:58.713241
Sousse,2125989297,node,ferry_terminal,Sortie en mer,35.825675,10.6420933,,,,,,2026-02-15T13:30:58.713241
Sousse,2125997012,node,cafe,CAFE RAZGALLAH,35.8304854,10.6340466,,,,,,2026-02-15T13:30:58.713241
Sousse,2125998098,node,school,كلية الفرنسية,35.8299596,10.6344777,نهج الأخت جوزفين,,,,,2026-02-15T13:30:58.713241
Sousse,2125998130,node,townhall,رابطة حقوق الإنسان,35.8303332,10.6347118,نهج الأخت جوزفين,,,,,2026-02-15T13:30:58.713241
Sousse,2126001111,node,restaurant,Restaurant Chinois,35.8378646,10.6327726,,,,,,2026-02-15T13:30:58.713241
Sousse,2126298134,node,courthouse,Tribunal,35.8366665,10.6055602,,,,,,2026-02-15T13:30:58.713241
Sousse,2126298163,node,library,Librairie-Papeterie AMAZONA,35.8380266,10.6059103,,,,,,2026-02-15T13:30:58.713241
Sousse,2126479637,node,school,Centre de formation des Infirmiers,35.8277715,10.6246214,,,,,,2026-02-15T13:30:58.713241
Sousse,2126480619,node,cafe,,35.8323512,10.6226848,,,,,,2026-02-15T13:30:58.713241
Sousse,2126481550,node,parking,Parking Collége El Eroui,35.83139,10.6226419,,,,,,2026-02-15T13:30:58.713241
Sousse,2126483381,node,school,المدرسة الإبتدائية,35.8335081,10.6243585,,,,,,2026-02-15T13:30:58.713241
Sousse,2129672213,node,parking,,35.8295551,10.6266651,,,,,,2026-02-15T13:30:58.713241
Sousse,2130669657,node,post_office,PTT Tunisie Télécom,35.8239483,10.6206571,,,,,,2026-02-15T13:30:58.713241
Sousse,2130674042,node,police,,35.814246,10.6238247,,,,,,2026-02-15T13:30:58.713241
Sousse,2130916930,node,school,المدرسة الإبتدائية,35.8176503,10.638608,,,,,,2026-02-15T13:30:58.713241
Sousse,2130927650,node,school,Faculté des Sciences Économiques et Gestion (FSEG),35.7990998,10.6177631,,,,,,2026-02-15T13:30:58.713241
Sousse,2130928541,node,recycling,Imprimerie Saidane,35.7982992,10.6215397,,,,,,2026-02-15T13:30:58.713241
Sousse,2130981056,node,townhall,Recette des finances,35.8329296,10.635538,,,,,,2026-02-15T13:30:58.713241
Sousse,2132565439,node,cafe,,35.8319467,10.6310908,,,,,,2026-02-15T13:30:58.713241
Sousse,2132578623,node,townhall,SNIT,35.8278459,10.6355445,,,,,,2026-02-15T13:30:58.713241
Sousse,2132587458,node,townhall,الشركة الوطنية لاستغلال وتوزيع المياه,35.8307899,10.6391267,,,,,yes,2026-02-15T13:30:58.713241
Sousse,2132588570,node,townhall,Tribunal Pénale,35.8314782,10.6380121,,,,,yes,2026-02-15T13:30:58.713241
Sousse,2132671450,node,public_building,SONEDE,35.8171931,10.6265472,,,,,,2026-02-15T13:30:58.713241
Sousse,2140123113,node,police,,35.8135871,10.6302568,,,,,,2026-02-15T13:30:58.713241
Sousse,2140123154,node,cafe,,35.8134436,10.6298813,,,,,,2026-02-15T13:30:58.713241
Sousse,2140123453,node,cafe,,35.8149356,10.6300449,,,,,,2026-02-15T13:30:58.713241
Sousse,2140152465,node,atm,Attijari,35.8378255,10.5962824,,,,,,2026-02-15T13:30:58.713241
Sousse,2140152470,node,atm,Attijari,35.8419177,10.6013543,,,,,,2026-02-15T13:30:58.713241
Sousse,2140152474,node,atm,الاتحاد البنكي للتجارة والصناعة,35.8371436,10.5963589,,,,,,2026-02-15T13:30:58.713241
Sousse,2140154993,node,fast_food,MacDoReMi,35.8447423,10.603914,,,,,,2026-02-15T13:30:58.713241
Sousse,2140163563,node,cafe,,35.818768,10.6323731,,,,,,2026-02-15T13:30:58.713241
Sousse,2140164829,node,library,ECOLIBRE,35.8192617,10.6337973,,,,,,2026-02-15T13:30:58.713241
Sousse,2140167042,node,cafe,,35.8204622,10.6334889,,,,,,2026-02-15T13:30:58.713241
Sousse,2140169259,node,cafe,,35.8194422,10.634712,,,,,,2026-02-15T13:30:58.713241
Sousse,2140172031,node,pharmacy,,35.8203252,10.6369302,,,,,,2026-02-15T13:30:58.713241
Sousse,2148818955,node,atm,,35.8481467,10.6099769,,,,,,2026-02-15T13:30:58.713241
Sousse,2199791710,node,atm,,35.8580774,10.5993223,,,,,,2026-02-15T13:30:58.713241
Sousse,2505005690,node,restaurant,مارميت,35.8307078,10.6399708,,,,,,2026-02-15T13:30:58.713241
Sousse,2510597550,node,restaurant,كسكس المدينة,35.8264027,10.6392471,,,www.hotel-medina.com,,,2026-02-15T13:30:58.713241
Sousse,2587787101,node,restaurant,Mare-mar Ouahchi,35.8501214,10.6138478,Avenue des Palmiers,,,,,2026-02-15T13:30:58.713241
Sousse,2635777906,node,car_wash,Lavage de Voiture Khzema Est,35.8447555,10.614029,,,,,,2026-02-15T13:30:58.713241
Sousse,2637395135,node,fast_food,Titos,35.852645,10.608666,,,,,,2026-02-15T13:30:58.713241
Sousse,2637395136,node,fast_food,Cocot,35.8520577,10.6079548,,,,,,2026-02-15T13:30:58.713241
Sousse,2637395137,node,post_office,Bureau de Poste Khzema Est,35.8533869,10.6096939,,,,,,2026-02-15T13:30:58.713241
Sousse,2638860727,node,cafe,El Padrino,35.8550565,10.6022468,,,,,,2026-02-15T13:30:58.713241
Sousse,2638860737,node,cafe,Café El Ferdaws,35.8559717,10.6014852,,,,,,2026-02-15T13:30:58.713241
Sousse,2638873560,node,restaurant,Planet Food,35.8350767,10.5941502,Boulevard du Leader Yasser Arafat,+216 73 822 064,,,,2026-02-15T13:30:58.713241
Sousse,2638873561,node,cafe,Café Lumière,35.8351499,10.5949586,شارع الزعيم ياسر عرفات,+216 21 430 877,,,,2026-02-15T13:30:58.713241
Sousse,2638873602,node,parking,,35.8476932,10.6151676,,,,,,2026-02-15T13:30:58.713241
Sousse,2638873603,node,parking,,35.8476125,10.6145777,,,,,,2026-02-15T13:30:58.713241
Sousse,2638873604,node,cafe,Saint tropez,35.8467236,10.6171272,,,,,,2026-02-15T13:30:58.713241
Sousse,2641985472,node,parking,,35.8532321,10.6043797,,,,,,2026-02-15T13:30:58.713241
Sousse,2647605491,node,parking,,35.8526653,10.6062802,,,,,,2026-02-15T13:30:58.713241
Sousse,2647605492,node,parking,,35.8525759,10.6060867,,,,,,2026-02-15T13:30:58.713241
Sousse,2880087961,node,cafe,Caf2é Tulipe,35.838232,10.6237935,,,,,,2026-02-15T13:30:58.713241
Sousse,2880166026,node,school,,35.8313523,10.6311462,,,,,,2026-02-15T13:30:58.713241
Sousse,2880166028,node,pharmacy,,35.8316871,10.6301592,,,,,,2026-02-15T13:30:58.713241
Sousse,2880166029,node,car_wash,,35.8377845,10.6254681,,,,,,2026-02-15T13:30:58.713241
Sousse,2880166033,node,cafe,,35.8325874,10.6213615,,,,,,2026-02-15T13:30:58.713241
Sousse,2880179909,node,pharmacy,pharmacie de nuit,35.8332528,10.6270961,,,,,,2026-02-15T13:30:58.713241
Sousse,2880179911,node,cafe,Café 5ème Avenue,35.8345749,10.6278793,,,,,,2026-02-15T13:30:58.713241
Sousse,2880185298,node,place_of_worship,مسجد الغفران,35.8250094,10.6249822,,,,,,2026-02-15T13:30:58.713241
Sousse,2880194330,node,marketplace,,35.8332005,10.6365295,,,,,,2026-02-15T13:30:58.713241
Sousse,2880210296,node,cafe,Café du club nautique,35.8250892,10.6428272,,,,,,2026-02-15T13:30:58.713241
Sousse,2880239301,node,cafe,,35.8216095,10.6406681,,,,,,2026-02-15T13:30:58.713241
Sousse,2880239302,node,library,,35.8263723,10.6339839,,,,,,2026-02-15T13:30:58.713241
Sousse,2880239304,node,pharmacy,,35.8255313,10.6338558,,,,,,2026-02-15T13:30:58.713241
Sousse,3141940105,node,pharmacy,,35.8360405,10.635482,,,,,,2026-02-15T13:30:58.713241
Sousse,3153253045,node,pharmacy,,35.8363076,10.6304416,,,,,,2026-02-15T13:30:58.713241
Sousse,3153266457,node,cafe,,35.8373254,10.6326982,,,,,,2026-02-15T13:30:58.713241
Sousse,3153312171,node,school,,35.8361735,10.6220177,,,,,,2026-02-15T13:30:58.713241
Sousse,3165354567,node,parking,,35.8457553,10.6207242,,,,,,2026-02-15T13:30:58.713241
Sousse,3165360963,node,pharmacy,,35.8371663,10.6341924,,,,,,2026-02-15T13:30:58.713241
Sousse,3201462504,node,pharmacy,,35.8399403,10.625441,,,,,,2026-02-15T13:30:58.713241
Sousse,3250589593,node,cafe,Mado,35.8432108,10.6208659,Avenue Taha Houssein,+216 29 027 027,,,,2026-02-15T13:30:58.713241
Sousse,3257008422,node,parking_entrance,,35.8073786,10.6509213,,,,,,2026-02-15T13:30:58.713241
Sousse,3257008425,node,parking_entrance,,35.807018,10.6508691,,,,,,2026-02-15T13:30:58.713241
Sousse,3268621924,node,nightclub,Bananas,35.8436035,10.6236317,,,https://www.facebook.com/pages/bananaslivingvanilla-sousse-page-oficielle/162641787123526,,,2026-02-15T13:30:58.713241
Sousse,3268621925,node,restaurant,Chez Pierro,35.8451057,10.6248595,,,,,,2026-02-15T13:30:58.713241
Sousse,3268621926,node,restaurant,Hacienda,35.8438618,10.6243373,,+216 58 404 050;+216 58 404 060,https://www.facebook.com/pages/Hacienda/1447466675532880,,,2026-02-15T13:30:58.713241
Sousse,3268621927,node,nightclub,Living,35.843589,10.6235619,,,https://www.facebook.com/pages/bananaslivingvanilla-sousse-page-oficielle/162641787123526,,,2026-02-15T13:30:58.713241
Sousse,3268621928,node,nightclub,Saloon,35.8429271,10.6254808,,,,,,2026-02-15T13:30:58.713241
Sousse,3268621929,node,restaurant,Sendai,35.8426461,10.6269751,,,,,,2026-02-15T13:30:58.713241
Sousse,3268621930,node,restaurant,Tao Sushi bar,35.8450535,10.6247736,,+216 58 401 401,http://www.tao-sushibar.com/,"Tu-Su 12:00-15:00,18:00-23:00",,2026-02-15T13:30:58.713241
Sousse,3268621931,node,restaurant,Tepan Yaki,35.8426998,10.6269068,,,,,,2026-02-15T13:30:58.713241
Sousse,3268621932,node,nightclub,Vanilla,35.8435716,10.6234724,,,https://www.facebook.com/pages/bananaslivingvanilla-sousse-page-oficielle/162641787123526,,,2026-02-15T13:30:58.713241
Sousse,3268621933,node,restaurant,Vintage,35.8446384,10.6242147,,,,,,2026-02-15T13:30:58.713241
Sousse,3268965066,node,bar,Edge Bar,35.8543843,10.6160499,,,,,,2026-02-15T13:30:58.713241
Sousse,3268965068,node,restaurant,Venus,35.8542894,10.6160618,,,,,,2026-02-15T13:30:58.713241
Sousse,3268972561,node,cafe,Cioconat lounge,35.8443891,10.6217555,,,,,,2026-02-15T13:30:58.713241
Sousse,3268972562,node,restaurant,Le Guepard,35.8449166,10.6210638,,,,,,2026-02-15T13:30:58.713241
Sousse,3299064790,node,pharmacy,,35.8308887,10.6321763,,,,,,2026-02-15T13:30:58.713241
Sousse,3299072735,node,pharmacy,Pharmacie Dalel Ksia Knani,35.8393017,10.6054766,Rue Khalifa El Karoui,,,,,2026-02-15T13:30:58.713241
Sousse,3326271378,node,pharmacy,,35.8360243,10.6121376,,,,,,2026-02-15T13:30:58.713241
Sousse,3326277565,node,pharmacy,Pharmacie Driss,35.842617,10.599558,Avenue Khalifa El Karoui,,,,,2026-02-15T13:30:58.713241
Sousse,3337018298,node,bank,البنك العربي لتونس,35.8480444,10.6181783,,+216 73 244 251,,,no,2026-02-15T13:30:58.713241
Sousse,3360282698,node,pharmacy,,35.8515509,10.6141726,,,,,,2026-02-15T13:30:58.713241
Sousse,3388516819,node,pharmacy,صيدلية الليل,35.85659,10.601279,,,,20:00-08:00,,2026-02-15T13:30:58.713241
Sousse,3402710794,node,pharmacy,صيدلية الليل,35.7983299,10.6073441,,,,,,2026-02-15T13:30:58.713241
Sousse,3533635422,node,fire_station,الحماية المدنية,35.8110984,10.6435379,,,,,,2026-02-15T13:30:58.713241
Sousse,3737493672,node,bank,التجاري بنك,35.8266854,10.641004,شارع الحبيب ثامر,+216 73 226 049,https://www.attijaribank.com.tn/Fr/,,,2026-02-15T13:30:58.713241
Sousse,3750690658,node,restaurant,Restaurant Chawarma Yasmine El Chem,35.8380047,10.5955256,,,,,,2026-02-15T13:30:58.713241
Sousse,3750690659,node,fast_food,Mouch Normal,35.8377991,10.5953308,,,,,,2026-02-15T13:30:58.713241
Sousse,3756156059,node,clinic,Eye Laser,35.8394341,10.6222391,,,https://www.lasiktunisie.com/,,,2026-02-15T13:30:58.713241
Sousse,3914281452,node,place_of_worship,جامع التقوى,35.803657,10.6142854,,,,,,2026-02-15T13:30:58.713241
Sousse,3914449405,node,restaurant,كلوديو,35.842843,10.6025868,,,,,,2026-02-15T13:30:58.713241
Sousse,3915998119,node,restaurant,فارمرس,35.8427406,10.624814,,+216 73 201 788,http://www.farmers-steakhouse.com,11:30-24:00,,2026-02-15T13:30:58.713241
Sousse,4040221602,node,cafe,تيزيري 13,35.8242716,10.6377706,نهج السفرة,+216 23 767 686,https://www.facebook.com/Tiziri13,09:00-21:00,,2026-02-15T13:30:58.713241
Sousse,4109006589,node,cafe,La République,35.7901227,10.6198287,,,,Mo-Su 06:00-00:00,,2026-02-15T13:30:58.713241
Sousse,4109006789,node,cafe,Café du Peuple,35.7883063,10.6278553,,,,Mo-Su 06:00-00:00,,2026-02-15T13:30:58.713241
Sousse,4109006790,node,cafe,Café Salem,35.7939144,10.6212134,,,,Mo-Su 06:00-00:00,,2026-02-15T13:30:58.713241
Sousse,4109006989,node,cafe,Il Kawkeb,35.7848952,10.6269894,,,,Mo-Su 06:00-00:00,,2026-02-15T13:30:58.713241
Sousse,4109057390,node,place_of_worship,مسجد,35.7858324,10.6265486,,,,,,2026-02-15T13:30:58.713241
Sousse,4109061989,node,post_office,,35.7891349,10.6267494,,,,,,2026-02-15T13:30:58.713241
Sousse,4109621390,node,cafe,,35.7863446,10.6274173,,,,,,2026-02-15T13:30:58.713241
Sousse,4110504389,node,cafe,Café Hraiech,35.7879533,10.61916,,,,Mo-Su 06:00-00:00,,2026-02-15T13:30:58.713241
Sousse,4187330496,node,cafe,L'instant café,35.8516476,10.6069545,Avenue Hedi Karneoui,,,,,2026-02-15T13:30:58.713241
Sousse,4193000191,node,atm,,35.8365415,10.6273321,,,,,,2026-02-15T13:30:58.713241
Sousse,4291070763,node,fast_food,Pizza Taxi,35.8485324,10.6052474,,+216 20 110 022,,,,2026-02-15T13:30:58.713241
Sousse,4291075011,node,restaurant,Restaurant Bombay,35.8525963,10.6085864,,,,,,2026-02-15T13:30:58.713241
Sousse,4303066566,node,university,Faculté des Lettres et des Sciences Humaines de Sousse (FLS),35.8000483,10.6161089,,,,,,2026-02-15T13:30:58.713241
Sousse,4303066567,node,university,Institut Supérieur du Transport et de la Logistique de Sousse,35.7986169,10.6158902,,+216 73 304 656,,,,2026-02-15T13:30:58.713241
Sousse,4309598990,node,cafe,BurgersCops,35.8524672,10.6128288,,,,,,2026-02-15T13:30:58.713241
Sousse,4309631790,node,restaurant,BurgersCops,35.8533979,10.6123215,,+216 55 035 010,,,,2026-02-15T13:30:58.713241
Sousse,4309632289,node,restaurant,Pizza Hot Sousse,35.8543106,10.6113605,,+216 55 198 585,,Mo-Su 11:00-23:30,,2026-02-15T13:30:58.713241
Sousse,4311274890,node,cafe,Road 66,35.8523306,10.6131134,,+216 26 283 638,,Mo-Su 08:00-23:30,,2026-02-15T13:30:58.713241
Sousse,4315704189,node,cafe,باب المدينة,35.8277558,10.6404805,,,,,,2026-02-15T13:30:58.713241
Sousse,4324250601,node,bank,BTE,35.8405721,10.6224811,Georges gorse,+216 73 201 718,,,,2026-02-15T13:30:58.713241
Sousse,4325893289,node,cafe,Cafe Amen,35.8038322,10.6127205,,,,,,2026-02-15T13:30:58.713241
Sousse,4333567090,node,cafe,after eight,35.8308292,10.6278304,,,,,,2026-02-15T13:30:58.713241
Sousse,4335151992,node,cafe,NEW MONTANA,35.8302325,10.6292163,,,,,,2026-02-15T13:30:58.713241
Sousse,4335820114,node,car_rental,,35.8426842,10.6259545,,,,,,2026-02-15T13:30:58.713241
Sousse,4336642689,node,car_rental,Europcar,35.8425051,10.6272232,,,,,,2026-02-15T13:30:58.713241
Sousse,4338097801,node,car_rental,,35.8363751,10.6349085,,,,,,2026-02-15T13:30:58.713241
Sousse,4342176204,node,bank,التجاري بنك كورنيش,35.8321616,10.6406697,,,,,,2026-02-15T13:30:58.713241
Sousse,4346742490,node,fast_food,TamTam,35.8076541,10.6098176,,,,,,2026-02-15T13:30:58.713241
Sousse,4348349590,node,cafe,"oldest coffee in Sousse, Tunisia",35.8172671,10.6399131,,,,,,2026-02-15T13:30:58.713241
Sousse,4356206871,node,cafe,The Diesel,35.8594555,10.6036638,,,,,,2026-02-15T13:30:58.713241
Sousse,4356222746,node,cafe,La Bohème,35.851426,10.606468,,,,,,2026-02-15T13:30:58.713241
Sousse,4361813289,node,kindergarten,روضة أطفال خطوة خطوة,35.8306997,10.626081,Avenue Mohamed Karoui,+216 73 212 525,,Mo-Sa 07:00-18:00,,2026-02-15T13:30:58.713241
Sousse,4413352590,node,restaurant,Il forno,35.8383424,10.5939469,,,,,,2026-02-15T13:30:58.713241
Sousse,4465022893,node,restaurant,,35.837395,10.6249079,,,,,,2026-02-15T13:30:58.713241
Sousse,4480828390,node,cafe,بيت الفنون سوسة,35.8315142,10.6385769,نهج المنستير,,,Mo-Su 08:00-20:00,,2026-02-15T13:30:58.713241
Sousse,4490862999,node,bus_station,لواج,35.8102032,10.636425,,,,,,2026-02-15T13:30:58.713241
Sousse,4500491425,node,bus_station,station de louages,35.8096964,10.636392,,,,,,2026-02-15T13:30:58.713241
Sousse,4514947295,node,cafe,Gm beb bhar,35.8295971,10.6432154,Rue Avicenne ,,,Mo-Su 06:00-06:00,,2026-02-15T13:30:58.713241
Sousse,4543660394,node,clinic,Panorama Médical,35.8398417,10.6228564,,,,,,2026-02-15T13:30:58.713241
Sousse,4543673192,node,dentist,Myriam zakraoui,35.8325874,10.6253988,,,,,,2026-02-15T13:30:58.713241
Sousse,4543673193,node,dentist,Omar miladi pédodontie,35.8300624,10.6253668,,,,,,2026-02-15T13:30:58.713241
Sousse,4544628190,node,dentist,Malek msallem,35.8587296,10.6015339,,+216 55 740 077,,,,2026-02-15T13:30:58.713241
Sousse,4545408790,node,cafe,MADO,35.8449107,10.620535,,,,,,2026-02-15T13:30:58.713241
Sousse,4546306192,node,dentist,Samir Ben ahmed,35.8326476,10.6308565,,+216 20 687 643,,,,2026-02-15T13:30:58.713241
Sousse,4546317890,node,dentist,Wadie landolsi,35.8326085,10.6307559,,+216 73 221 768,,,,2026-02-15T13:30:58.713241
Sousse,4546318590,node,dentist,Medhi kaabachi+elhem knani,35.8333212,10.6299407,,+216 73 228 361,,,,2026-02-15T13:30:58.713241
Sousse,4546319592,node,dentist,Jaoua imen Ben naceur,35.832835,10.6237022,,+216 98 446 377,,,,2026-02-15T13:30:58.713241
Sousse,4548768690,node,cafe,Café swiss,35.8126564,10.642329,,,,,,2026-02-15T13:30:58.713241
Sousse,4553695192,node,bank,,35.8561154,10.615645,,,,,,2026-02-15T13:30:58.713241
Sousse,4553695193,node,bank,,35.831622,10.6321878,,,,,,2026-02-15T13:30:58.713241
Sousse,4561758194,node,bus_station,,35.8176171,10.6376712,,,,,,2026-02-15T13:30:58.713241
Sousse,4576713590,node,cafe,,35.8113619,10.6438959,,,,,,2026-02-15T13:30:58.713241
Sousse,4592812892,node,dentist,Dr Mlayah Ben Hamissa Sondes,35.8316,10.6297,,,,,,2026-02-15T13:30:58.713241
Sousse,4592822993,node,dentist,Dr Cheniti Ridha,35.8306,10.6286,,,,,,2026-02-15T13:30:58.713241
Sousse,4592875290,node,dentist,Dr belhaj sayed,35.8578,10.5997,,,,,,2026-02-15T13:30:58.713241
Sousse,4592875489,node,dentist,Dr Mahdi Mallouli,35.8314575,10.6291702,,,,,,2026-02-15T13:30:58.713241
Sousse,4592875490,node,dentist,Dr sana Guitouni,35.831,10.6276,,,,,,2026-02-15T13:30:58.713241
Sousse,4592875491,node,dentist,Dr Lakhal mohamed Raouf,35.8303,10.6294,,,,,,2026-02-15T13:30:58.713241
Sousse,4592875689,node,dentist,Dr zied Hichri,35.8310503,10.6285362,,,,,,2026-02-15T13:30:58.713241
Sousse,4595889489,node,school,المدرسة الإعدادية الخاصة الأمد,35.8450145,10.6059235,Avenue Imam Boukhary,+216 73 277 931,,Mo-Sa 08:00-06:00,,2026-02-15T13:30:58.713241
Sousse,4597893091,node,dentist,Dr Hounaida askri,35.8342,10.6285,,,,,,2026-02-15T13:30:58.713241
Sousse,4597893092,node,dentist,Dr Nasreddine ben Ahmed,35.8318,10.6265,,,,,,2026-02-15T13:30:58.713241
Sousse,4597893093,node,dentist,Dr Bchir Imen,35.8313,10.6317,,,,,,2026-02-15T13:30:58.713241
Sousse,4597893094,node,dentist,Mr Khaled Zaied,35.8281,10.6328,,,,,,2026-02-15T13:30:58.713241
Sousse,4597893095,node,dentist,Dr Myriam Zakraoui,35.8269,10.6332,,,,,,2026-02-15T13:30:58.713241
Sousse,4597893096,node,dentist,Dr Ben Abdeljalil Imen,35.8261,10.6335,,,,,,2026-02-15T13:30:58.713241
Sousse,4597916890,node,dentist,Dr Maher Ajmi,35.8277,10.6331,,,,,,2026-02-15T13:30:58.713241
Sousse,4597944891,node,dentist,Dr Elhem Kneni,35.8334,10.6298,,,,,,2026-02-15T13:30:58.713241
Sousse,4597944892,node,dentist,Dr Imen Jaoua Ben Naceur,35.8325,10.6268,,,,,,2026-02-15T13:30:58.713241
Sousse,4597955889,node,dentist,Dr Ajmi Taalouch,35.8326223,10.6313955,,,,,,2026-02-15T13:30:58.713241
Sousse,4597955890,node,dentist,Dr Donia Maalouf Bouraoui,35.833224,10.6306345,,,,,,2026-02-15T13:30:58.713241
Sousse,4597956189,node,doctors,Dr Kmar Brahem,35.8256,10.6339,,,,,,2026-02-15T13:30:58.713241
Sousse,4597956289,node,dentist,Dr Melek Taher,35.8315,10.6383,,,,,,2026-02-15T13:30:58.713241
Sousse,4599457989,node,dentist,Dr Safa benhassen,35.8420661,10.6184236,,+216 53 353 342,,,,2026-02-15T13:30:58.713241
Sousse,4601314089,node,dentist,Dr imen ellili,35.838558,10.593442,,,,,,2026-02-15T13:30:58.713241
Sousse,4601492495,node,cafe,Twinscafé,35.8470653,10.6190586,,,,,,2026-02-15T13:30:58.713241
Sousse,4602037691,node,dentist,Hafsia hadj mbarek,35.8317,10.6298,,,,,,2026-02-15T13:30:58.713241
Sousse,4603892919,node,dentist,Dr mariem Mougou,35.8395237,10.6227903,,,,,,2026-02-15T13:30:58.713241
Sousse,4603901292,node,dentist,Dr hamdi Ben ayed,35.855996,10.605756,,,,,,2026-02-15T13:30:58.713241
Sousse,4621453991,node,restaurant,,35.8528733,10.60673,,,,,,2026-02-15T13:30:58.713241
Sousse,4621453992,node,dentist,,35.8042238,10.6039508,,,,Mo-Fr 08:30-12:30; Sa 08:30-01:00,,2026-02-15T13:30:58.713241
Sousse,4621460990,node,cafe,,35.851619,10.6073492,Avenue Hedi Karneoui,,,,,2026-02-15T13:30:58.713241
Sousse,4637350987,node,waste_disposal,,35.8320322,10.6364505,Hassouna Ayachi,,,,,2026-02-15T13:30:58.713241
Sousse,4637352505,node,cafe,Café Victor Hugo,35.8327975,10.6354225,Victor Hugo,,,Mo-Su 07:00-20:00,,2026-02-15T13:30:58.713241
Sousse,4637352506,node,waste_disposal,,35.8320378,10.6364423,Hassouna Ayachi,,,,,2026-02-15T13:30:58.713241
Sousse,4706932889,node,dentist,Cabinet dentaire Rim Drira Boukadida,35.83286,10.6351831,Rue Victor Hugo,+216 73 213 876,,,,2026-02-15T13:30:58.713241
Sousse,4714489592,node,restaurant,,35.8532255,10.6098407,,,,,,2026-02-15T13:30:58.713241
Sousse,4714499890,node,bank,,35.8579172,10.5991568,,,,,,2026-02-15T13:30:58.713241
Sousse,4939604822,node,cafe,,35.8382352,10.6070754,,,,,,2026-02-15T13:30:58.713241
Sousse,4964342423,node,bank,مصرف الزيتونة,35.8414335,10.5980643,,,,,,2026-02-15T13:30:58.713241
Sousse,4982701423,node,telephone,,35.8426788,10.6246731,,,,,,2026-02-15T13:30:58.713241
Sousse,5001313422,node,place_of_worship,,35.8102771,10.6114415,,+216 00 000 000,,,,2026-02-15T13:30:58.713241
Sousse,5030869921,node,post_office,مركز بريد,35.8041604,10.6024245,,,,,,2026-02-15T13:30:58.713241
Sousse,5041388057,node,townhall,Gahbiche Youssef,35.8373374,10.6278,,,,,,2026-02-15T13:30:58.713241
Sousse,5059035422,node,restaurant,حوات,35.8429156,10.5977661,,,,,,2026-02-15T13:30:58.713241
Sousse,5091626034,node,dentist,طب الأسنان الدكتور بهريني طارق,35.8296787,10.636235,نهج الدكتور كلميط,,https://cabinetdentaire.wixsite.com/dr-bahrini-tarek,Mo-Sa 08:00-18:00,,2026-02-15T13:30:58.713241
Sousse,5095404522,node,cafe,,35.844463,10.6202435,,,,,,2026-02-15T13:30:58.713241
Sousse,5095424425,node,fast_food,,35.8341668,10.6283845,,,,,,2026-02-15T13:30:58.713241
Sousse,5095438421,node,restaurant,La Boule d'or,35.8419034,10.6231341,Rue abdelhamid el kadhi,,,,,2026-02-15T13:30:58.713241
Sousse,5126960803,node,post_office,Bureau de Poste de Sahloul,35.8399279,10.5979899,,,,,,2026-02-15T13:30:58.713241
Sousse,5127043064,node,doctors,Médecine du Travail,35.8408852,10.5957182,,,,,,2026-02-15T13:30:58.713241
Sousse,5132475221,node,dentist,طبيب أسنان الدكتور شكري بلخيرية,35.8368297,10.5958214,شارع الزعيم ياسر عرفات,+216 73 822 981,,24/7,,2026-02-15T13:30:58.713241
Sousse,5139726479,node,cafe,Café Essalem,35.8064879,10.6057709,,,,,,2026-02-15T13:30:58.713241
Sousse,5139726601,node,cafe,Café Le Forum,35.8029777,10.6136886,,,,,,2026-02-15T13:30:58.713241
Sousse,5139726979,node,cafe,مقهى القصبة,35.8247856,10.6371704,,,,,,2026-02-15T13:30:58.713241
Sousse,5139727636,node,social_facility,CNSS : Direction régionale de Sousse,35.8188548,10.6325564,,,,,,2026-02-15T13:30:58.713241
Sousse,5159455423,node,bus_station,Station de louages,35.8094606,10.6366443,,,,,,2026-02-15T13:30:58.713241
Sousse,5159455424,node,bus_station,,35.8101843,10.6367859,,,,,,2026-02-15T13:30:58.713241
Sousse,5239491096,node,waste_disposal,,35.8315483,10.6374222,,,,,,2026-02-15T13:30:58.713241
Sousse,5252125867,node,post_office,Centre d'Exploitation Financière,35.8368779,10.6310086,,,,,,2026-02-15T13:30:58.713241
Sousse,5310821945,node,toilets,,35.8274697,10.6408267,,,,,,2026-02-15T13:30:58.713241
Sousse,5310821946,node,toilets,,35.8275358,10.6386059,,,,,,2026-02-15T13:30:58.713241
Sousse,5412646623,node,kindergarten,دار بن علية,35.8125265,10.6414663,,,,,,2026-02-15T13:30:58.713241
Sousse,5427550722,node,restaurant,,35.8379438,10.5962757,,,,,,2026-02-15T13:30:58.713241
Sousse,5478116422,node,cafe,Café Farah,35.8121448,10.6367974,,,,,,2026-02-15T13:30:58.713241
Sousse,5478126021,node,cafe,Cafe Monta,35.8110468,10.6375232,,,,,,2026-02-15T13:30:58.713241
Sousse,5514110321,node,school,المركب الشبابي سوسة,35.8410136,10.623552,,,,,,2026-02-15T13:30:58.713241
Sousse,5515912122,node,college,كلية الفنون الجميلة سوسة,35.8314389,10.6387847,,,,,,2026-02-15T13:30:58.713241
Sousse,5516163723,node,clinic,د عيون مالك بن صالح,35.8324657,10.63082,,,,,,2026-02-15T13:30:58.713241
Sousse,5615340124,node,cafe,Café Journal,35.8558549,10.6071952,,,,,,2026-02-15T13:30:58.713241
Sousse,5671019392,node,place_of_worship,Mosquée Badreddine,35.8239851,10.6382152,,,,,,2026-02-15T13:30:58.713241
Sousse,5671019394,node,place_of_worship,Mosquée Bou Ftata,35.8227951,10.6380666,,,,,,2026-02-15T13:30:58.713241
Sousse,5811750154,node,fuel,عجيل,35.813832,10.6286922,,,,,,2026-02-15T13:30:58.713241
Sousse,5847162786,node,veterinary,,35.8355907,10.6000088,شارع المنجي قريرة,+216 55 026 000,,,,2026-02-15T13:30:58.713241
Sousse,5847201485,node,doctors,,35.8294849,10.6408194,Rue Ali Belhaouane,+216 98 400 092,,,,2026-02-15T13:30:58.713241
Sousse,5847201685,node,bar,,35.8362934,10.6367263,شارع هدي شاكر,,,Mo-Su 09:00-00:00,,2026-02-15T13:30:58.713241
Sousse,5847201785,node,bar,,35.8308832,10.6423925,شارع الحبيب بورقيبة,,,,,2026-02-15T13:30:58.713241
Sousse,5899646959,node,pharmacy,,35.8328937,10.6353343,,,,,,2026-02-15T13:30:58.713241
Sousse,5964818685,node,dentist,,35.8485927,10.6177368,2011 شارع 14 جانفي,+216 73 304 418,https://www.google.tn/url?sa=t&source=web&rct=j&url=https://m.facebook.com/cabinetdrbenammar/%3Flocale2%3Dfr_FR&ved=2ahUKEwjYsb6KjNzdAhWhyIUKHZI_CyIQjjgwJnoECAIQAQ&usg=AOvVaw0YDnaXJAWX02ImH7G4ILQC,Mo-Fr 08:30-18:00; Sa 08:31-13:00,,2026-02-15T13:30:58.713241
Sousse,6029568877,node,fountain,,35.8272287,10.6396523,,,,,,2026-02-15T13:30:58.713241
Sousse,6121870986,node,cafe,,35.8515481,10.5978877,,,,,,2026-02-15T13:30:58.713241
Sousse,6171644928,node,casino,كازينو أوروبا,35.8405637,10.6300892,,,,,,2026-02-15T13:30:58.713241
Sousse,6171645371,node,parking_entrance,,35.8413514,10.6284557,,,,,,2026-02-15T13:30:58.713241
Sousse,6171645465,node,parking_entrance,,35.8363286,10.6356742,,,,,,2026-02-15T13:30:58.713241
Sousse,6171645477,node,casino,Casino Veneziano,35.836147,10.6369127,,,,,,2026-02-15T13:30:58.713241
Sousse,6172100285,node,cafe,,35.8546408,10.6111312,,,,,,2026-02-15T13:30:58.713241
Sousse,6173558086,node,cafe,,35.8362465,10.6032872,,,,,,2026-02-15T13:30:58.713241
Sousse,6184408794,node,cafe,مقهى البندقية,35.8303668,10.6361606,,,,,,2026-02-15T13:30:58.713241
Sousse,6258966185,node,cafe,Planète Chocolat,35.857899,10.6088138,Rue Mouna,+216 53 068 063,,Mo-Su 09:00-19:00,,2026-02-15T13:30:58.713241
Sousse,6271964685,node,cafe,,35.834996,10.5843781,café cité Elmanezh 2,,,,,2026-02-15T13:30:58.713241
Sousse,6284472330,node,restaurant,Restaurant universitaire ISET,35.8013221,10.613335,,,,,,2026-02-15T13:30:58.713241
Sousse,6359816189,node,cafe,,35.8408399,10.5987215,,,,,,2026-02-15T13:30:58.713241
Sousse,6359816487,node,cafe,مقهى النجم,35.8055941,10.6059257,abdelaziz rejiba,,,,,2026-02-15T13:30:58.713241
Sousse,6359816488,node,bank,,35.8365217,10.5956621,Boulevard du leader Yasser Arafat,,,,,2026-02-15T13:30:58.713241
Sousse,6359816489,node,restaurant,Bistro73,35.8364117,10.5959867,Boulevard du leader Yasser Arafat,+21650406487,,Mo-Su 07:00-23:00,,2026-02-15T13:30:58.713241
Sousse,6359841685,node,bank,,35.8375213,10.5964058,Boulevard du leader Yasser Arafat,,,,,2026-02-15T13:30:58.713241
Sousse,6364726388,node,cafe,Café du centre,35.8250683,10.6413266,,,,,,2026-02-15T13:30:58.713241
Sousse,6364726389,node,bank,UIB,35.8259069,10.6407708,,,,,,2026-02-15T13:30:58.713241
Sousse,6364726390,node,bank,البنك العربي لتونس,35.8261829,10.6414822,,,,,,2026-02-15T13:30:58.713241
Sousse,6364726410,node,bank,بنك تونس العربي الدولي,35.8289915,10.6410552,,,,,,2026-02-15T13:30:58.713241
Sousse,6364726411,node,restaurant,Le poisson d'or,35.8288871,10.6420259,,,,,,2026-02-15T13:30:58.713241
Sousse,6364726420,node,bank,الاتحاد البنكي للتجارة والصناعة,35.8292842,10.6370197,,,,,,2026-02-15T13:30:58.713241
Sousse,6402360895,node,cafe,Pause Gourmande,35.8345189,10.5906397,Avenue Sleim Ammar,+216 56 055 454,,Mo-Su 08:00-00:00,,2026-02-15T13:30:58.713241
Sousse,6476405585,node,cafe,مقهى توتو,35.8062274,10.605255,Abdelaziz rejiba,,,,,2026-02-15T13:30:58.713241
Sousse,6476405586,node,cafe,Café Du Coin,35.8074604,10.6070698,,,,,,2026-02-15T13:30:58.713241
Sousse,6476405587,node,school,,35.8339115,10.5943474,,,,,,2026-02-15T13:30:58.713241
Sousse,6476405985,node,cafe,مقهى الياسمين,35.8084069,10.6087118,,,,,,2026-02-15T13:30:58.713241
Sousse,6476405986,node,cafe,مقهى النجم,35.8054492,10.6060499,,,,,,2026-02-15T13:30:58.713241
Sousse,6578636185,node,police,منزل,35.8306793,10.6392909,,,,,,2026-02-15T13:30:58.713241
Sousse,6595450385,node,restaurant,Restaurant Le Mosaique,35.8402552,10.6272604,,,,,,2026-02-15T13:30:58.713241
Sousse,6595456685,node,restaurant,Restaurant Mosaique,35.8420237,10.6273129,,,,,,2026-02-15T13:30:58.713241
Sousse,6616448885,node,cafe,,35.824054,10.6398272,,,,,,2026-02-15T13:30:58.713241
Sousse,6835563586,node,restaurant,,35.831682,10.6402907,,,,,,2026-02-15T13:30:58.713241
Sousse,6838696285,node,restaurant,مطعم السعادة,35.8288163,10.6412152,ساحة فرحات حشاد,,,24/7,,2026-02-15T13:30:58.713241
Sousse,7099580085,node,bar,Vape - Store,35.8009806,10.5973106,Rue Baghdad,,,,,2026-02-15T13:30:58.713241
Sousse,7099580185,node,pub,أوبن بار,35.8343075,10.6379842,شارع فكتور هوغو,,,,,2026-02-15T13:30:58.713241
Sousse,7116566885,node,restaurant,El sofra,35.8242497,10.6382429,,,,,,2026-02-15T13:30:58.713241
Sousse,7120125385,node,restaurant,,35.8309316,10.6399283,,,,,,2026-02-15T13:30:58.713241
Sousse,7209189788,node,fast_food,تونس للأكل الخفيف,35.8380615,10.6276397,,,,,,2026-02-15T13:30:58.713241
Sousse,7252194122,node,cafe,Café le president,35.8347734,10.6328421,Rue Mongi Bali,,,,,2026-02-15T13:30:58.713241
Sousse,7468311492,node,fuel,شل,35.8057757,10.6184509,Gp12 Sousse 4000,+216 71 249 149,,,,2026-02-15T13:30:58.713241
Sousse,7800229285,node,cafe,,35.8317851,10.6294453,,,,,,2026-02-15T13:30:58.713241
Sousse,8992699614,node,fuel,شل,35.7914452,10.6677633,,,,,,2026-02-15T13:30:58.713241
Sousse,9003651948,node,fuel,شل,35.798495,10.6068944,,,,,,2026-02-15T13:30:58.713241
Sousse,9040823953,node,fuel,أويليبيا,35.8388484,10.6232392,,,,,,2026-02-15T13:30:58.713241
Sousse,9040823959,node,fuel,شل,35.8375965,10.6253065,,,,,,2026-02-15T13:30:58.713241
Sousse,9040823966,node,fuel,طوطال,35.8365888,10.6264361,,,,,,2026-02-15T13:30:58.713241
Sousse,9040823969,node,fuel,ستار اويل,35.833237,10.6303019,,,,,,2026-02-15T13:30:58.713241
Sousse,9040823970,node,fuel,أوليبيا,35.8320678,10.6316832,,,,24/7,,2026-02-15T13:30:58.713241
Sousse,9040825132,node,fuel,طوطال,35.8405003,10.6221989,,,,24/7,,2026-02-15T13:30:58.713241
Sousse,9041254122,node,fuel,شل,35.8191159,10.6323537,,,,,,2026-02-15T13:30:58.713241
Sousse,9041773271,node,fuel,أويليبيا,35.7965857,10.620669,,,,,,2026-02-15T13:30:58.713241
Sousse,9056163932,node,fuel,أويليبيا,35.8006379,10.6575782,,,,,,2026-02-15T13:30:58.713241
Sousse,9060849226,node,cafe,,35.7937393,10.661872,,,,,,2026-02-15T13:30:58.713241
Sousse,9498559389,node,place_of_worship,,35.830367,10.5859113,,,,,,2026-02-15T13:30:58.713241
Sousse,9547537257,node,fuel,أويليبيا,35.8357533,10.5869082,,,,,,2026-02-15T13:30:58.713241
Sousse,9749071665,node,school,Lycée Français International de Sousse Mhamed Driss,35.8130696,10.5977345,,,,,,2026-02-15T13:30:58.713241
Sousse,9749071676,node,school,Pristini Knowledge Group,35.8140671,10.5996059,,,https://group.pristini-international.tn/,,,2026-02-15T13:30:58.713241
Sousse,9749115481,node,place_of_worship,Lycée Français International de Sousse Mohamed Driss,35.8130207,10.5977541,,,,,,2026-02-15T13:30:58.713241
Sousse,9749115491,node,place_of_worship,,35.8141018,10.5995705,,,,,,2026-02-15T13:30:58.713241
Sousse,9749167505,node,place_of_worship,Ecole Supérieure Privée d'Ingénierie et de Technologie Appliquée ESPITA,35.8157794,10.5974379,,,,,,2026-02-15T13:30:58.713241
Sousse,9749233628,node,restaurant,Parad'Ice,35.8444224,10.6220459,,,,,,2026-02-15T13:30:58.713241
Sousse,9749267348,node,restaurant,KFC Sousse Vicomte,35.8475346,10.6185512,,,https://kfc.com.tn/,,,2026-02-15T13:30:58.713241
Sousse,9754859417,node,restaurant,مشاوي الغزالي,35.8127525,10.605972,,,,,,2026-02-15T13:30:58.713241
Sousse,9774387593,node,restaurant,WONDERFOOD,35.8140167,10.6233646,نهج عبد الحميد السقا,+216 99 728 592,https://wonderfood.tn/,Mo-Su 10:00-22:00,,2026-02-15T13:30:58.713241
Sousse,9812251408,node,fuel,شل,35.8199087,10.5952446,,,,,,2026-02-15T13:30:58.713241
Sousse,10103686817,node,restaurant,AL Malouf,35.8289377,10.6409959,,,,,,2026-02-15T13:30:58.713241
Sousse,10243995609,node,atm,dar Tunis karim,35.8143829,10.6113858,,,,,,2026-02-15T13:30:58.713241
Sousse,10291735609,node,place_of_worship,,35.8271772,10.6379789,,,,,,2026-02-15T13:30:58.713241
Sousse,10291765111,node,cafe,,35.8303585,10.6430576,,,,,,2026-02-15T13:30:58.713241
Sousse,10596797809,node,cafe,Cafe Mosaïque,35.79172,10.6279732,,,,Mo-Su 05:00-21:00,,2026-02-15T13:30:58.713241
Sousse,10597099306,node,cafe,Cafe zaouiet Sousse,35.7940149,10.6251694,,,,,,2026-02-15T13:30:58.713241
Sousse,10759343505,node,hospital,,35.8061298,10.600555,,,,,,2026-02-15T13:30:58.713241
Sousse,11010335958,node,post_box,,35.8606454,10.6134522,,,,,,2026-02-15T13:30:58.713241
Sousse,11388111069,node,bus_station,محطة المدي,35.8337693,10.5890007,,,,,,2026-02-15T13:30:58.713241
Sousse,11388194869,node,restaurant,مشاوي الحطاب,35.8338001,10.5889837,,,,,,2026-02-15T13:30:58.713241
Sousse,11388194870,node,bus_station,محطة المدي,35.8337655,10.5890143,,,,,,2026-02-15T13:30:58.713241
Sousse,11388194871,node,restaurant,مشاوي الحطاب,35.8338321,10.5889622,,,,,,2026-02-15T13:30:58.713241
Sousse,11627648269,node,restaurant,,35.8281422,10.6394403,,,,,,2026-02-15T13:30:58.713241
Sousse,11627651170,node,restaurant,Eddar Darek,35.8531805,10.6124644,شارع البرتقال,,,,,2026-02-15T13:30:58.713241
Sousse,11627654169,node,cafe,,35.840003,10.6269761,,,,,,2026-02-15T13:30:58.713241
Sousse,11627657569,node,restaurant,,35.8376695,10.6336317,,,,,,2026-02-15T13:30:58.713241
Sousse,11627659069,node,restaurant,,35.8264681,10.641408,,,,,,2026-02-15T13:30:58.713241
Sousse,11756738941,node,school,École française,35.8124829,10.6111781,,,,,,2026-02-15T13:30:58.713241
Sousse,11756738947,node,place_of_worship,Mosque Bilel Ben Rabeh,35.8121662,10.6135771,,,,,,2026-02-15T13:30:58.713241
Sousse,11756738948,node,clinic,Clinic Al Wifac,35.8129577,10.6127925,,,,,,2026-02-15T13:30:58.713241
Sousse,11772479052,node,fast_food,Meet & Eat,35.8384227,10.6237927,,,,,,2026-02-15T13:30:58.713241
Sousse,11954429487,node,bar,,35.8493487,10.6216256,,,,,,2026-02-15T13:30:58.713241
Sousse,11954429489,node,bar,,35.8494158,10.6230124,,,,,,2026-02-15T13:30:58.713241
Sousse,12236136084,node,taxi,Taxi,35.8089866,10.6362046,,,,,,2026-02-15T13:30:58.713241
Sousse,12260981901,node,fast_food,"Sandwich, Mlawi, Chapati etc",35.8240256,10.6397549,,,,,,2026-02-15T13:30:58.713241
Sousse,12339704001,node,restaurant,Restaurant Café Seles,35.8251599,10.6350506,,,,,,2026-02-15T13:30:58.713241
Sousse,12343256701,node,bar,Cafe de Paris,35.8317645,10.6407243,,,,,,2026-02-15T13:30:58.713241
Sousse,12419962903,node,restaurant,,35.827318,10.6379882,,,,,,2026-02-15T13:30:58.713241
Sousse,12419982501,node,atm,,35.8264878,10.6387587,,,,,,2026-02-15T13:30:58.713241
Sousse,12419982503,node,atm,,35.826124,10.6394416,,,,,,2026-02-15T13:30:58.713241
Sousse,12518264980,node,restaurant,Chez bibichou,35.8251521,10.6424243,,,,,,2026-02-15T13:30:58.713241
Sousse,12598950401,node,restaurant,L'escargot,35.8394337,10.6309496,شارع الطيب المهيري,216 73 224 779,https://www.restolescargot.com/,,,2026-02-15T13:30:58.713241
Sousse,12657413701,node,restaurant,corn dog,35.8412104,10.58928,,,,,,2026-02-15T13:30:58.713241
Sousse,12981896401,node,restaurant,Miams',35.8422283,10.6015704,,,,,,2026-02-15T13:30:58.713241
Sousse,12987340395,node,atm,,35.8275793,10.6404321,,,,,,2026-02-15T13:30:58.713241
Sousse,12987443409,node,atm,Banque de Tunisie,35.8269436,10.6408693,,,,,,2026-02-15T13:30:58.713241
Sousse,12995764081,node,atm,Banque Nationale Agricole,35.8303943,10.6405527,,,,,,2026-02-15T13:30:58.713241
Sousse,12995831444,node,atm,Banque Zitouna,35.8312884,10.6402506,,,,,,2026-02-15T13:30:58.713241
Sousse,12995866305,node,atm,Banque Tuniso-Koweitienne,35.8331563,10.6400841,,,,,,2026-02-15T13:30:58.713241
Sousse,13043147701,node,cafe,مقهى مشموم,35.8400476,10.6044365,Rue Khalifa El Karoui,,,Mo-Su 08:00-02:00,,2026-02-15T13:30:58.713241
Sousse,13043147901,node,public_bath,حمام مشماش,35.8439548,10.6067028,,,,Mo-Su 06:30-23:00,,2026-02-15T13:30:58.713241
Sousse,13043148101,node,fast_food,Pizzéria Jackson Pizza,35.8460236,10.6073487,نهج الإمام البخاري,,,Mo-Su 09:30-01:00,,2026-02-15T13:30:58.713241
Sousse,13043148201,node,cafe,CactusCoffeeShop,35.8455835,10.6067473,نهج الإمام البخاري,,,Mo-Su 08:00-00:00,,2026-02-15T13:30:58.713241
Sousse,13045312598,node,cafe,Cafe Virage,35.8531294,10.6050721,الطريق الوطنية تونس - رأس جدير,,,Mo-Su 09:00-21:00,,2026-02-15T13:30:58.713241
Sousse,13045373904,node,hospital,cantre de dyalise,35.8538177,10.6052634,شارع زهير بن أبي سلمى,,,,,2026-02-15T13:30:58.713241
Sousse,13076823323,node,cafe,Shaghaf – شَغَف,35.8269184,10.6316279,شارع طاهر صفر,,,,,2026-02-15T13:30:58.713241
Sousse,13098765901,node,restaurant,La Bouffe,35.8461551,10.6020954,شارع اﻹمام مسلم إبن الحجاج,,,Mo-Su 12:00-00:00,,2026-02-15T13:30:58.713241
Sousse,13098766001,node,restaurant,L'imprévu,35.8399574,10.6033631,Rue El moustakbel,,,Mo-Su 10:00-01:00,,2026-02-15T13:30:58.713241
Sousse,13098766003,node,pharmacy,,35.841795,10.6008951,,,,,,2026-02-15T13:30:58.713241
Sousse,13098766004,node,pharmacy,,35.8454632,10.6064916,,,,,,2026-02-15T13:30:58.713241
Sousse,13098766101,node,cafe,Latino,35.8369531,10.602752,,,,Mo-Su 08:00-00:00,,2026-02-15T13:30:58.713241
Sousse,13098766102,node,pharmacy,Pharmacie de nuit,35.8407861,10.5989254,,,,,,2026-02-15T13:30:58.713241
Sousse,13098766103,node,post_office,Bureau de poste khezama ouest,35.842005,10.6058083,,,,,,2026-02-15T13:30:58.713241
Sousse,13098766104,node,bank,Banque Zitouna Sahloul,35.8412963,10.5979566,شارع الزعيم ياسر عرفات,,,,,2026-02-15T13:30:58.713241
Sousse,13098766403,node,pharmacy,,35.8331621,10.6198789,20 مارس 1956,,,,,2026-02-15T13:30:58.713241
Sousse,13098766501,node,fast_food,Kaftouj,35.8433387,10.6027295,نهج الإمام البخاري,,https://www.youtube.com/watch?v=hF5M3Y1Cr0M,Mo-Su 09:00-00:00,,2026-02-15T13:30:58.713241
Sousse,13098766701,node,bank,Banque Zitouna,35.8473235,10.6105,الطريق الوطنية تونس - رأس جدير,,https://www.banquezitouna.com/fr,,,2026-02-15T13:30:58.713241
Sousse,13098766702,node,townhall,الدائرة البلدية سوسة جوهرة,35.8400087,10.5976335,شارع الزعيم ياسر عرفات,,,,,2026-02-15T13:30:58.713241
Sousse,13098766801,node,pharmacy,Pharmacie de nuit,35.8472389,10.6106755,الطريق الوطنية تونس - رأس جدير,,,,,2026-02-15T13:30:58.713241
Sousse,13098766901,node,cafe,Cafe Charfeddine,35.8435863,10.6035128,نهج الإمام البخاري,,,,,2026-02-15T13:30:58.713241
Sousse,13098767101,node,school,Taki Academy Sahloul,35.8360231,10.6028547,شارع المنجي قريرة,73832000,,,,2026-02-15T13:30:58.713241
Sousse,13098767401,node,restaurant,Bruschetta Restaurant,35.8415364,10.5984069,شارع الزعيم ياسر عرفات,,,,,2026-02-15T13:30:58.713241
Sousse,13286917501,node,restaurant,Restaurant l'Escargot,35.8394297,10.63061,,,https://www.restolescargot.com/contact,,,2026-02-15T13:30:58.713241
Sousse,13286923401,node,restaurant,Restaurant l'Escargot,35.8393134,10.6308831,,,https://www.restolescargot.com,,,2026-02-15T13:30:58.713241
Sousse,27922175,way,parking,,35.8242021,10.6105043,,,,,,2026-02-15T13:30:58.713241
Sousse,27922183,way,parking,,35.8243427,10.6146753,,,,,,2026-02-15T13:30:58.713241
Sousse,27944380,way,school,Lycée de garçons de Sousse,35.8286608,10.6373656,,,,,,2026-02-15T13:30:58.713241
Sousse,27944494,way,parking,,35.7926026,10.6718836,,,,,,2026-02-15T13:30:58.713241
Sousse,27944514,way,exhibition_centre,Foire International de Sousse,35.7934916,10.6708721,,,,,,2026-02-15T13:30:58.713241
Sousse,27944546,way,parking,,35.7980899,10.6291061,,,,,,2026-02-15T13:30:58.713241
Sousse,27944744,way,parking,,35.8357015,10.5889518,,,,,,2026-02-15T13:30:58.713241
Sousse,27944768,way,hospital,المستشفى الجامعي بسهلول,35.837203,10.5903678,Route de la Ceinture,+216 73 241 411,,,yes,2026-02-15T13:30:58.713241
Sousse,28241431,way,place_of_worship,Sahloul,35.8359913,10.5960865,Boulevard du leader Yasser Arafat,,,,,2026-02-15T13:30:58.713241
Sousse,96061987,way,parking,,35.828214,10.637561,,,,,,2026-02-15T13:30:58.713241
Sousse,96062007,way,fuel,عجيل,35.8229084,10.6405402,,,,,,2026-02-15T13:30:58.713241
Sousse,96062012,way,parking,,35.8250988,10.6418132,,,,,,2026-02-15T13:30:58.713241
Sousse,96062058,way,parking,,35.8262507,10.6402779,,,,,,2026-02-15T13:30:58.713241
Sousse,96062062,way,parking,,35.8248948,10.6401484,,,,,,2026-02-15T13:30:58.713241
Sousse,101808981,way,university,Université de Sousse,35.8376208,10.6071445,,,,,,2026-02-15T13:30:58.713241
Sousse,104215056,way,school,École Primaire Khezama Est,35.8468256,10.6155277,,,,,,2026-02-15T13:30:58.713241
Sousse,104215058,way,clinic,Hôpital Khezama Est-Clinique CNSS,35.847246,10.6150386,,,,,,2026-02-15T13:30:58.713241
Sousse,104215062,way,place_of_worship,Mosquée El Ghazeli,35.8464711,10.6160257,,,,,,2026-02-15T13:30:58.713241
Sousse,104215063,way,marketplace,Marché Local Khezama,35.8457122,10.6162494,,,,Mo-Su 08:00-17:00,,2026-02-15T13:30:58.713241
Sousse,104215067,way,public_bath,Hamam Traditionnel,35.8459604,10.6151745,,,,,,2026-02-15T13:30:58.713241
Sousse,104215071,way,police,Poste de police khezama,35.8465542,10.6175777,,,,,,2026-02-15T13:30:58.713241
Sousse,104217117,way,food_court,Galleria,35.8529081,10.6164497,,,,24/7,,2026-02-15T13:30:58.713241
Sousse,104217125,way,food_court,Casa Del Gelato,35.8533968,10.6163176,,,,,,2026-02-15T13:30:58.713241
Sousse,104314925,way,parking,,35.8352193,10.6300175,,,,,,2026-02-15T13:30:58.713241
Sousse,104314934,way,parking,,35.8307717,10.638386,,,,,,2026-02-15T13:30:58.713241
Sousse,104314960,way,parking,,35.8349574,10.6309806,,,,,,2026-02-15T13:30:58.713241
Sousse,104314973,way,parking,,35.8331898,10.6363461,,,,,,2026-02-15T13:30:58.713241
Sousse,104314983,way,parking,,35.8323146,10.6364636,,,,,,2026-02-15T13:30:58.713241
Sousse,105646537,way,cafe,Garanemsa,35.8493894,10.6174634,Boulevard du 14 Janvier 2011,+216 29 507 564,,,,2026-02-15T13:30:58.713241
Sousse,106784571,way,parking,,35.8449672,10.6223986,,,,,,2026-02-15T13:30:58.713241
Sousse,106784603,way,parking,,35.8452794,10.6222255,,,,,,2026-02-15T13:30:58.713241
Sousse,106784614,way,parking,,35.847116,10.6208679,,,,,,2026-02-15T13:30:58.713241
Sousse,106784627,way,parking,,35.8505467,10.6196882,,,,,,2026-02-15T13:30:58.713241
Sousse,106784786,way,parking,,35.8496649,10.6185289,,,,,,2026-02-15T13:30:58.714260
Sousse,106784809,way,parking,,35.8482488,10.6222867,,,,,,2026-02-15T13:30:58.714260
Sousse,106784820,way,parking,,35.8511686,10.6196569,,,,,,2026-02-15T13:30:58.714260
Sousse,106798075,way,police,,35.8105166,10.6306921,,,,,,2026-02-15T13:30:58.714260
Sousse,106798090,way,marketplace,Souk Lahad,35.8122248,10.6307677,,,,,,2026-02-15T13:30:58.714260
Sousse,106798107,way,fuel,عجيل,35.8315066,10.6332222,,,,,,2026-02-15T13:30:58.714260
Sousse,106916816,way,fuel,ستار اويل,35.8313128,10.6336739,,,,,,2026-02-15T13:30:58.714260
Sousse,108265686,way,cafe,Ela Center,35.8600507,10.6134541,,,,,,2026-02-15T13:30:58.714260
Sousse,108889242,way,bank,بنك الأمان,35.8592058,10.6141899,,,,,,2026-02-15T13:30:58.714260
Sousse,109273642,way,parking,,35.8358016,10.5863132,,,,,,2026-02-15T13:30:58.714260
Sousse,109273645,way,parking,,35.8344559,10.590037,,,,,,2026-02-15T13:30:58.714260
Sousse,109887459,way,veterinary,Clinique Vétérinaire Mzabi,35.8311596,10.6321633,,+216 73 227 634,,,,2026-02-15T13:30:58.714260
Sousse,109887460,way,college,كلية شارل نيكول,35.8300684,10.6345099,نهج الأخت جوزفين,,,,,2026-02-15T13:30:58.714260
Sousse,109935290,way,bank,Banque de l'Habitat,35.8512742,10.6165054,,,,,,2026-02-15T13:30:58.714260
Sousse,110447004,way,post_office,مكتب بريد سوسة,35.8292103,10.6386268,,,,,,2026-02-15T13:30:58.714260
Sousse,110447022,way,school,Lycée tahar sfar (de jeunes filles),35.830065,10.631368,,,,,,2026-02-15T13:30:58.714260
Sousse,110564950,way,parking,,35.8168382,10.6388817,,,,,,2026-02-15T13:30:58.714260
Sousse,110751247,way,parking,,35.8395611,10.6224316,,,,,,2026-02-15T13:30:58.714260
Sousse,110751279,way,parking,Parking Sidi Dhaher,35.8209489,10.6355331,,,,,,2026-02-15T13:30:58.714260
Sousse,111316858,way,parking,,35.8549947,10.6168222,,,,,,2026-02-15T13:30:58.714260
Sousse,112503063,way,fuel,,35.84375,10.5948914,,,,,,2026-02-15T13:30:58.714260
Sousse,112503069,way,parking,,35.8547151,10.6148839,,,,,,2026-02-15T13:30:58.714260
Sousse,113183569,way,parking,,35.8588513,10.5994762,,,,,,2026-02-15T13:30:58.714260
Sousse,113183600,way,parking,,35.8547796,10.6024528,,,,,,2026-02-15T13:30:58.714260
Sousse,113460106,way,parking,,35.8504633,10.6152661,,,,,,2026-02-15T13:30:58.714260
Sousse,113460116,way,bank,الاتحاد البنكي للتجارة والصناعة,35.85015,10.607009,,,,,,2026-02-15T13:30:58.714260
Sousse,113460123,way,bank,banque de Tunisie,35.8503361,10.6077664,,,,,,2026-02-15T13:30:58.714260
Sousse,114727684,way,place_of_worship,,35.8066669,10.6512861,,,,,,2026-02-15T13:30:58.714260
Sousse,114866525,way,bank,بنك الأمان,35.8036051,10.6128367,,,,,,2026-02-15T13:30:58.714260
Sousse,115884338,way,parking,,35.820151,10.591981,,,,,,2026-02-15T13:30:58.714260
Sousse,116387945,way,parking,,35.81956,10.627353,,,,,,2026-02-15T13:30:58.714260
Sousse,117284894,way,place_of_worship,Mosquée Hamza,35.853922,10.6003886,,,,,,2026-02-15T13:30:58.714260
Sousse,119835827,way,cafe,Victoria,35.8504293,10.6063639,,,,"PH,Mo-Su 08:00-24:00",,2026-02-15T13:30:58.714260
Sousse,121559435,way,bank,Attiyari,35.8089801,10.6084944,,,,,,2026-02-15T13:30:58.714260
Sousse,124426952,way,parking,,35.8211472,10.5921681,,,,,,2026-02-15T13:30:58.714260
Sousse,124426983,way,parking,,35.8197362,10.5935872,,,,,,2026-02-15T13:30:58.714260
Sousse,124426996,way,parking,,35.819925,10.5928214,,,,,,2026-02-15T13:30:58.714260
Sousse,124879317,way,college,,35.8315573,10.630858,,,,,,2026-02-15T13:30:58.714260
Sousse,124879323,way,bus_station,,35.832886,10.6311628,,,,,,2026-02-15T13:30:58.714260
Sousse,124879336,way,post_office,,35.8368062,10.6307987,,,,,,2026-02-15T13:30:58.714260
Sousse,124880733,way,pharmacy,,35.8171897,10.6178497,,,,,,2026-02-15T13:30:58.714260
Sousse,124988728,way,bus_station,,35.8053688,10.6115892,,,,,,2026-02-15T13:30:58.714260
Sousse,125514316,way,clinic,Clinique El Yosr,35.8330814,10.6283798,Rue Haroun Errachid,+216 73 200 700,https://www.clinique-elyosr.com/clinique.html,,,2026-02-15T13:30:58.714260
Sousse,126251284,way,bus_station,,35.8069664,10.6477937,,,,,,2026-02-15T13:30:58.714260
Sousse,126992312,way,fast_food,La Cabane,35.8481814,10.6114451,,,,24/7 12:00-05:00,,2026-02-15T13:30:58.714260
Sousse,128081185,way,cafe,Yachting,35.8404306,10.5973257,,,,,,2026-02-15T13:30:58.714260
Sousse,128081186,way,courthouse,Tribunal de 1ère Instance Sousse 2,35.8402785,10.5971095,,,,,,2026-02-15T13:30:58.714260
Sousse,131317312,way,fast_food,Beckers Pizza,35.8509096,10.6155468,,,,,,2026-02-15T13:30:58.714260
Sousse,132046059,way,bank,,35.8456743,10.6197133,,,,,,2026-02-15T13:30:58.714260
Sousse,135690583,way,cafe,Toscana,35.8341939,10.5929343,Boulevard du Leader Yasser Arafat,+216 98 563 435,,,,2026-02-15T13:30:58.714260
Sousse,141106273,way,place_of_worship,,35.7895495,10.6268559,,,,,,2026-02-15T13:30:58.714260
Sousse,141257765,way,restaurant,Les trois Coupoles,35.838087,10.6236211,,,,,,2026-02-15T13:30:58.714260
Sousse,141257783,way,restaurant,Unastoria,35.8424439,10.6263019,,,,,,2026-02-15T13:30:58.714260
Sousse,141257787,way,place_of_worship,,35.8426591,10.6180774,,,,,,2026-02-15T13:30:58.714260
Sousse,141645836,way,bank,BIAT,35.7987961,10.6609513,,,,,,2026-02-15T13:30:58.714260
Sousse,141645838,way,bank,بنك الأمان,35.7960779,10.6638599,,,,,,2026-02-15T13:30:58.714260
Sousse,162896305,way,bank,الاتحاد الدولي للبنوك,35.8480125,10.6094536,,,,,,2026-02-15T13:30:58.714260
Sousse,166173535,way,arts_centre,بيت الثقافة,35.8287001,10.6342255,,,,,,2026-02-15T13:30:58.714260
Sousse,166173537,way,parking,,35.8291161,10.6343033,,,,,,2026-02-15T13:30:58.714260
Sousse,172154045,way,community_centre,L'Opéra,35.8351429,10.6275868,Avenue Léopold Senghor,,,,,2026-02-15T13:30:58.714260
Sousse,198483648,way,vehicle_inspection,,35.7866395,10.6615373,,,,,,2026-02-15T13:30:58.714260
Sousse,203008351,way,hospital,Maternité Farhat Hached,35.8295917,10.626108,,,,,,2026-02-15T13:30:58.714260
Sousse,203055339,way,hospital,Hôpital Farhat hached;Service des Urgences Farhat hached,35.8300096,10.6288344,Avenue Ibn Jazzar,+216 73 222 293,,,,2026-02-15T13:30:58.714260
Sousse,203778503,way,fast_food,Barbaros,35.8443897,10.6044355,Hassen Ben Said,,,,,2026-02-15T13:30:58.714260
Sousse,204003071,way,bank,التجاري بنك,35.8377662,10.5961402,Boulevard du leader Yasser Arafat,+216 73 820 888,,,,2026-02-15T13:30:58.714260
Sousse,204003073,way,bank,,35.8370151,10.5964468,,,,,,2026-02-15T13:30:58.714260
Sousse,205079772,way,place_of_worship,Mosquée Fatima Ez-Zahra,35.8424714,10.5879611,,,,,,2026-02-15T13:30:58.714260
Sousse,208113557,way,bank,Attijari,35.8515419,10.6154451,,,,,,2026-02-15T13:30:58.714260
Sousse,208113564,way,fast_food,Farmer's burger,35.8515878,10.6155183,,,,,yes,2026-02-15T13:30:58.714260
Sousse,209807189,way,bank,التجاري بنك,35.8582034,10.5993439,,,,,,2026-02-15T13:30:58.714260
Sousse,209807190,way,bank,الاتحاد البنكي للتجارة والصناعة,35.8571093,10.6000486,,,,,,2026-02-15T13:30:58.714260
Sousse,219153418,way,restaurant,Le Regal,35.8411178,10.6280023,,,,,,2026-02-15T13:30:58.714260
Sousse,223655246,way,place_of_worship,Mosquée Essabr,35.8431088,10.5982105,,,,,,2026-02-15T13:30:58.714260
Sousse,243566023,way,college,Académie Militaire,35.8234686,10.6323067,شارع الرائد البجاوي,,,,,2026-02-15T13:30:58.714260
Sousse,252745965,way,clinic,مصحة الزياتين,35.8549098,10.6144388,Boulevard du 14 Janvier,+216 73 242 711,https://www.cliniquelesoliviers.net/,,,2026-02-15T13:30:58.714260
Sousse,252746147,way,parking_space,,35.845119,10.6199408,,,,,,2026-02-15T13:30:58.714260
Sousse,255679384,way,fuel,طوطال,35.7959178,10.6370072,,,,,,2026-02-15T13:30:58.714260
Sousse,257749273,way,cafe,Café Rezgui,35.8475751,10.6100746,,,,,,2026-02-15T13:30:58.714260
Sousse,257749274,way,cafe,Café Chelli,35.8481577,10.6101563,,,,,,2026-02-15T13:30:58.714260
Sousse,258178443,way,community_centre,Maison de Jeunes de Sousse,35.8407026,10.6237218,,,,,,2026-02-15T13:30:58.714260
Sousse,258178445,way,townhall,بلدية سوسة,35.8478871,10.6109786,,,,,,2026-02-15T13:30:58.714260
Sousse,258199904,way,university,Institut Supérieur de L'informatique et des Techniques de Communications,35.8578138,10.5990521,,,,,,2026-02-15T13:30:58.714260
Sousse,258199906,way,college,Collège Sahloul,35.8489639,10.5945388,,,,,,2026-02-15T13:30:58.714260
Sousse,258200597,way,college,Lycée Hammam Sousse 2,35.8465356,10.5891949,,,,,,2026-02-15T13:30:58.714260
Sousse,258578656,way,cafe,Café Majestic,35.8482305,10.6100699,,,,,,2026-02-15T13:30:58.714260
Sousse,258578658,way,pharmacy,Pharmacie Ibn Jazia,35.8484038,10.6107054,,,,,,2026-02-15T13:30:58.714260
Sousse,258578663,way,fast_food,شمولة,35.8485364,10.6109287,,,,,,2026-02-15T13:30:58.714260
Sousse,258578665,way,cafe,Café ennakhil,35.848883,10.6114337,,,,,,2026-02-15T13:30:58.714260
Sousse,258578666,way,cafe,Point Chaud,35.8482389,10.6104688,,,,,,2026-02-15T13:30:58.714260
Sousse,258578667,way,cafe,Café Brodway,35.8514999,10.6153821,,,,,,2026-02-15T13:30:58.714260
Sousse,258578669,way,fast_food,,35.8489461,10.6115498,,,,,,2026-02-15T13:30:58.714260
Sousse,258580281,way,fast_food,,35.8489897,10.612177,,,,,,2026-02-15T13:30:58.714260
Sousse,258679425,way,cafe,Jet Set,35.8416363,10.6010596,Avenue Khalifa El Karoui,+21652260434,,,,2026-02-15T13:30:58.714260
Sousse,258679426,way,cafe,Central Perk,35.8422829,10.6015769,,,,,,2026-02-15T13:30:58.714260
Sousse,259263495,way,police,Dr rim saadaoui,35.8487559,10.6095286,,,,,,2026-02-15T13:30:58.714260
Sousse,267583088,way,parking,,35.8583036,10.6002198,,,,,,2026-02-15T13:30:58.714260
Sousse,310305881,way,childcare,"Jardin d'enfants ""Le Poète""",35.8178083,10.6360552,,,,,,2026-02-15T13:30:58.714260
Sousse,320354265,way,theatre,Casino Caraibe,35.8440162,10.6239707,,,,,,2026-02-15T13:30:58.714260
Sousse,320354274,way,parking,,35.8445283,10.6235154,,,,,,2026-02-15T13:30:58.714260
Sousse,320354278,way,parking,,35.8438688,10.623055,,,,,,2026-02-15T13:30:58.714260
Sousse,320354281,way,parking,,35.8440103,10.6245946,,,,,,2026-02-15T13:30:58.714260
Sousse,320354282,way,parking,,35.8460362,10.625756,,,,,,2026-02-15T13:30:58.714260
Sousse,320385919,way,parking,,35.8440699,10.6224281,,,,,,2026-02-15T13:30:58.714260
Sousse,371774826,way,school,ابن رشد,35.8042906,10.5894582,,,,,,2026-02-15T13:30:58.714260
Sousse,375863433,way,bar,,35.8629819,10.6162324,,,,,,2026-02-15T13:30:58.714260
Sousse,375864262,way,parking,,35.8603774,10.6133403,,,,,,2026-02-15T13:30:58.714260
Sousse,431059012,way,university,Cité Universitaire Zaouiet Sousse,35.8001717,10.6165374,,,,,,2026-02-15T13:30:58.714260
Sousse,442174850,way,university,المعهد العالي للموسيقى بسوسة,35.8201015,10.6352101,Rue Abou Kacem Echabi,,,,,2026-02-15T13:30:58.714260
Sousse,442175339,way,college,Institut Supérieur des Beaux Arts de Sousse (Annexe),35.8219896,10.6403614,Avenue Mohamed Ali,,,,,2026-02-15T13:30:58.714260
Sousse,442176330,way,college,المعهد العالي للفنون الجميلة بسوسة,35.8312387,10.6390833,ساحة تيس,,,,,2026-02-15T13:30:58.714260
Sousse,454648323,way,place_of_worship,Mosquée Omar Ibn Khattab,35.8355255,10.6341579,,,,,,2026-02-15T13:30:58.714260
Sousse,454649915,way,place_of_worship,Mosquée Ghazali,35.8205901,10.6269732,,,,,,2026-02-15T13:30:58.714260
Sousse,540208309,way,theatre,مركز الثقافي بسوسة,35.8301717,10.6409156,,,,,,2026-02-15T13:30:58.714260
Sousse,551361666,way,place_of_worship,Farhat Hached al-Jawhara,35.8321801,10.621936,,,,,,2026-02-15T13:30:58.714260
Sousse,594798142,way,school,المدرسة الإعدادية,35.8214511,10.6387419,,,,,,2026-02-15T13:30:58.714260
Sousse,594798149,way,school,مدرسة ثانوية,35.8214983,10.637949,,,,,,2026-02-15T13:30:58.714260
Sousse,594814868,way,school,École Primaire Porte Nord,35.8286966,10.6389905,,,,,,2026-02-15T13:30:58.714260
Sousse,606669666,way,restaurant,Malibu,35.8428717,10.6178787,,,,,,2026-02-15T13:30:58.714260
Sousse,659182397,way,parking,,35.8410408,10.6286374,,,,,,2026-02-15T13:30:58.714260
Sousse,669302675,way,university,Faculté de médecine de Sousse,35.8284689,10.6258559,,,,,,2026-02-15T13:30:58.714260
Sousse,679740580,way,bank,Banque Centrale de Tunisie,35.8272335,10.6412541,,,,,,2026-02-15T13:30:58.714260
Sousse,679740583,way,police,Police aux frontières de Sousse,35.8280326,10.6431436,,,,,,2026-02-15T13:30:58.714260
Sousse,789974880,way,clinic,مصحّة السّلام,35.8393118,10.6209719,Place du Maghreb Arabe,+216 73 210 375,https://clinique-essalem.com/,,,2026-02-15T13:30:58.714260
Sousse,789974885,way,clinic,CLINIQUE D'IMAGERIE MEDICALE NOUIRA,35.8317162,10.6326227,نهج الفارابي,+216 73 225 427;+216 73 227 122,https://www.clinique-nouira.com/,,,2026-02-15T13:30:58.714260
Sousse,790400985,way,hospital,المركز الطبي ابن خلدون,35.8455269,10.5914183,Avenue de la liberté,+216 73 363 513;+216 73 363 500,https://www.cmik.tn/,,,2026-02-15T13:30:58.714260
Sousse,790400987,way,clinic,مصحة الكرنيش,35.8370405,10.6314168,Boulevard Mongi Bali,+216 73 222 666,http://www.clinique-lacorniche.com/,,,2026-02-15T13:30:58.714260
Sousse,790430466,way,hospital,جراحة التجميل د.كمال العربى,35.8304262,10.6401654,شارع الحبيب بورقيبة,+216 73 220 107,,,,2026-02-15T13:30:58.714260
Sousse,798045802,way,university,Institut Supérieur de Gestion (ISG),35.8132273,10.6263274,,,,,,2026-02-15T13:30:58.714260
Sousse,798085227,way,university,Faculté de Droit et des Sciences Politiques,35.8062686,10.6128552,,,,,,2026-02-15T13:30:58.714260
Sousse,798126486,way,university,Université Libre polytec,35.8352777,10.6125193,,,,,,2026-02-15T13:30:58.714260
Sousse,798142267,way,university,المدرسة الدولية المتعددة الاختصاصات,35.829664,10.5898062,,,,,,2026-02-15T13:30:58.714260
Sousse,798282600,way,university,Institut supérieur des sciences appliquées et de technologie,35.8119248,10.6385864,,+216 73 382 656,https://issatso.rnu.tn/,,,2026-02-15T13:30:58.714260
Sousse,802495225,way,arts_centre,المركز الثقافي الفرنسي,35.8278725,10.6332631,,,,,,2026-02-15T13:30:58.714260
Sousse,1002994952,way,parking,,35.8373299,10.6068257,,,,,,2026-02-15T13:30:58.714260
Sousse,1061068360,way,school,Lycée Français International de Sousse Mhamed Driss,35.812972,10.5978182,,,,,,2026-02-15T13:30:58.714260
Sousse,1061068364,way,school,Pristini Knowledge Group,35.8140886,10.5996039,,,https://group.pristini-international.tn/,,,2026-02-15T13:30:58.714260
Sousse,1061076452,way,place_of_worship,Primaire,35.8133666,10.5974467,,,,,,2026-02-15T13:30:58.714260
Sousse,1061076453,way,place_of_worship,Administration,35.8131129,10.5976814,,,,,,2026-02-15T13:30:58.714260
Sousse,1061076454,way,place_of_worship,College / Lycée,35.8127638,10.5980006,,,,,,2026-02-15T13:30:58.714260
Sousse,1061076455,way,place_of_worship,Primary School,35.8144453,10.5993059,,,,,,2026-02-15T13:30:58.714260
Sousse,1061076456,way,place_of_worship,Administration / College / Lycée,35.8141267,10.5995638,,,,,,2026-02-15T13:30:58.714260
Sousse,1061076457,way,place_of_worship,University,35.8137875,10.5998806,,,,,,2026-02-15T13:30:58.714260
Sousse,1061090551,way,restaurant,Parad'Ice,35.8444274,10.6220463,,,,,,2026-02-15T13:30:58.714260
Sousse,1146832029,way,parking,,35.8282221,10.6248518,,,,,,2026-02-15T13:30:58.714260
Sousse,1146832030,way,parking,,35.8299821,10.624913,,,,,,2026-02-15T13:30:58.714260
Sousse,1151647952,way,parking,,35.8078653,10.6500317,,,,,,2026-02-15T13:30:58.714260
Sousse,1192051155,way,college,Lycee Hammam Sousse,35.8543478,10.5969893,,,,,,2026-02-15T13:30:58.714260
Sousse,1265658641,way,school,École Française,35.8125861,10.6114445,,,,,,2026-02-15T13:30:58.714260
Sousse,1316976403,way,parking,,35.8227538,10.6350331,,,,,,2026-02-15T13:30:58.714260
Sousse,1316976409,way,theatre,,35.8216538,10.6363196,,,,,,2026-02-15T13:30:58.714260
Sousse,1316976431,way,parking,,35.8234953,10.6402549,,,,,,2026-02-15T13:30:58.714260
Sousse,1316976432,way,parking,,35.8226792,10.6396726,,,,,,2026-02-15T13:30:58.714260
Sousse,1316999880,way,college,,35.8281617,10.6350456,,,,,,2026-02-15T13:30:58.714260
Sousse,1317005399,way,parking,,35.8226309,10.6143272,,,,,,2026-02-15T13:30:58.714260
Sousse,1317005400,way,parking,,35.8219115,10.6132984,,,,,,2026-02-15T13:30:58.714260
Sousse,1317005406,way,parking,,35.8219906,10.6122642,,,,,,2026-02-15T13:30:58.714260
Sousse,1317023315,way,theatre,Performing arts theatre,35.821494,10.6050934,,,,,,2026-02-15T13:30:58.714260
Sousse,1317026301,way,college,Polytechnique Sousse,35.8264799,10.5889833,,,,,,2026-02-15T13:30:58.714260
Sousse,1317026302,way,parking,,35.8262351,10.5890259,,,,,,2026-02-15T13:30:58.714260
Sousse,1317166668,way,place_of_worship,,35.8248851,10.6386689,,,,,,2026-02-15T13:30:58.714260
Sousse,1317211782,way,taxi,,35.8272542,10.6408303,,,,,,2026-02-15T13:30:58.714260
Sousse,1317211783,way,parking,,35.8268433,10.6405372,,,,,,2026-02-15T13:30:58.714260
Sousse,1317469436,way,college,Lycée Technique de Sousse,35.8263666,10.6257011,,,,,,2026-02-15T13:30:58.714260
Sousse,1317469437,way,hospital,Hospital F. Hached,35.8293228,10.6275001,,,,,,2026-02-15T13:30:58.714260
Sousse,1317705854,way,place_of_worship,,35.8282245,10.6279736,,,,,,2026-02-15T13:30:58.714260
Sousse,1317708389,way,college,Collège Ksantina (Constantine),35.8344996,10.6336591,,,,,,2026-02-15T13:30:58.714260
Sousse,1317708410,way,school,,35.8360684,10.6332254,,,,,,2026-02-15T13:30:58.714260
Sousse,1317974289,way,parking,,35.8130315,10.6308348,,,,,,2026-02-15T13:30:58.714260
Sousse,1317978383,way,parking,,35.8148891,10.5938361,,,,,,2026-02-15T13:30:58.714260
Sousse,1317978384,way,parking,,35.8151353,10.5944494,,,,,,2026-02-15T13:30:58.714260
Sousse,1317978386,way,parking,,35.8150799,10.5969922,,,,,,2026-02-15T13:30:58.714260
Sousse,1318470733,way,fountain,,35.8257839,10.6410893,,,,,,2026-02-15T13:30:58.714260
Sousse,1318533499,way,shelter,,35.8227259,10.6416245,,,,,,2026-02-15T13:30:58.714260
Sousse,1318797535,way,research_institute,Centre de Recherches et Estudes,35.8196602,10.6329462,,,,,,2026-02-15T13:30:58.714260
Sousse,1318797584,way,parking,,35.8204471,10.6331908,,,,,,2026-02-15T13:30:58.714260
Sousse,1319010994,way,parking,,35.834932,10.631709,,,,,,2026-02-15T13:30:58.714260
Sousse,1319113013,way,college,,35.8137288,10.6273058,,,,,,2026-02-15T13:30:58.714260
Sousse,1319117872,way,hospital,مصحة قوات الأمن الداخلي,35.8225175,10.6334513,,,,,,2026-02-15T13:30:58.714260
Sousse,1319119457,way,parking,,35.8253113,10.634033,,,,,,2026-02-15T13:30:58.714260
Sousse,1319120845,way,library,المكتبة العمومية بسوسة,35.8265117,10.633805,,,,,,2026-02-15T13:30:58.714260
Sousse,1319720062,way,university,École Nationale d'Ingenieurs de Sousse,35.8208567,10.5928581,,,http://www.eniso.rnu.tn/,,,2026-02-15T13:30:58.714260
Sousse,1319721901,way,parking,,35.8269447,10.6321791,,,,,,2026-02-15T13:30:58.714260
Sousse,1319986070,way,school,المدرسة الإبتدائية الغزالي,35.8211253,10.6283116,,,,,,2026-02-15T13:30:58.714260
Sousse,1320186422,way,fire_station,Pompiers de Sousse,35.8111226,10.6431084,,,,,,2026-02-15T13:30:58.714260
Sousse,1320186431,way,school,Ecole Primaire Ibn Khaldoun,35.8134395,10.6419631,,,,,,2026-02-15T13:30:58.714260
Sousse,1320188228,way,shelter,,35.8163364,10.6432547,,,,,,2026-02-15T13:30:58.714260
Sousse,1320513396,way,school,,35.8063136,10.6014134,,,,,,2026-02-15T13:30:58.714260
Sousse,1320513397,way,school,,35.8037897,10.5947445,,,,,,2026-02-15T13:30:58.714260
Sousse,1320513399,way,place_of_worship,,35.8015616,10.5950122,,,,,,2026-02-15T13:30:58.714260
Sousse,1320513402,way,place_of_worship,,35.7994212,10.6027592,,,,,,2026-02-15T13:30:58.714260
Sousse,1320513410,way,college,,35.7969791,10.6019081,,,,,,2026-02-15T13:30:58.714260
Sousse,1320513411,way,college,,35.8072099,10.60874,,,,,,2026-02-15T13:30:58.714260
Sousse,1320513414,way,school,,35.7971105,10.5966944,,,,,,2026-02-15T13:30:58.714260
Sousse,1320669857,way,bus_station,,35.8141081,10.6302005,,,,,,2026-02-15T13:30:58.714260
Sousse,1320669871,way,bus_station,Gare Routiere de Sousse,35.8144402,10.6307098,,,,,,2026-02-15T13:30:58.714260
Sousse,1320669888,way,parking,,35.8138048,10.631449,,,,,,2026-02-15T13:30:58.714260
Sousse,1320669894,way,place_of_worship,جامع الرحمة,35.8141716,10.6326837,,,,,,2026-02-15T13:30:58.714260
Sousse,1320669913,way,parking,,35.8127125,10.6292635,,,,,,2026-02-15T13:30:58.714260
Sousse,1320669914,way,police,Académie Police,35.8121751,10.628704,,,,,,2026-02-15T13:30:58.714260
Sousse,1321556559,way,parking,,35.8253472,10.6301622,,,,,,2026-02-15T13:30:58.714260
Sousse,1321556563,way,parking,,35.8271183,10.6307518,,,,,,2026-02-15T13:30:58.714260
Sousse,1321866219,way,university,Cité Universitaire Ibn Sina,35.8251982,10.6276465,,,,,,2026-02-15T13:30:58.714260
Sousse,1321880106,way,school,,35.8297749,10.6352058,,,,,,2026-02-15T13:30:58.714260
Sousse,1321930086,way,parking,,35.8181298,10.6265467,,,,,,2026-02-15T13:30:58.714260
Sousse,1321941159,way,cafe,Café le Pyramides,35.8235347,10.6298381,,,,,,2026-02-15T13:30:58.714260
Sousse,1322002037,way,parking,,35.8290896,10.6417744,,,,,,2026-02-15T13:30:58.714260
Sousse,1322002066,way,parking,,35.8291228,10.6426321,,,,,,2026-02-15T13:30:58.714260
Sousse,1322102923,way,college,,35.8303794,10.5983681,,,,,,2026-02-15T13:30:58.714260
Sousse,1322313906,way,place_of_worship,,35.8150574,10.6363112,,,,,,2026-02-15T13:30:58.714260
Sousse,1322313969,way,school,المدرسة الابتدائية أسد بن الفرات,35.8142788,10.6357419,,,,,,2026-02-15T13:30:58.714260
Sousse,1322320294,way,police,,35.8170104,10.6383845,,,,,,2026-02-15T13:30:58.714260
Sousse,1322320303,way,school,,35.8175914,10.6384797,,,,,,2026-02-15T13:30:58.714260
Sousse,1322380667,way,school,,35.8307895,10.6232847,,,,,,2026-02-15T13:30:58.714260
Sousse,1322701680,way,marketplace,سوق القصر,35.8254219,10.6395537,,,,,,2026-02-15T13:30:58.714260
Sousse,1322727888,way,parking,,35.8303065,10.6249536,,,,,,2026-02-15T13:30:58.714260
Sousse,1323010171,way,place_of_worship,Mosquée Jrad,35.8260608,10.6355591,,,,,,2026-02-15T13:30:58.714260
Sousse,1323283298,way,place_of_worship,,35.8319408,10.633743,,,,,,2026-02-15T13:30:58.714260
Sousse,1323288339,way,shelter,,35.8000866,10.6501642,,,,,,2026-02-15T13:30:58.714260
Sousse,1323402194,way,fountain,,35.8396509,10.6311864,,,,,,2026-02-15T13:30:58.714260
Sousse,1323474348,way,school,,35.8113657,10.6333657,,,,,,2026-02-15T13:30:58.714260
Sousse,1323474353,way,place_of_worship,Khalid Ibn Al-Waleed Mosque,35.8080919,10.6277782,,,,,,2026-02-15T13:30:58.714260
Sousse,1323474356,way,school,,35.8081376,10.6261626,,,,,,2026-02-15T13:30:58.714260
Sousse,1323524987,way,school,,35.8362377,10.6221203,,,,,,2026-02-15T13:30:58.714260
Sousse,1323526800,way,place_of_worship,Mosque Omar Ben Abdelaziz,35.8114926,10.6207935,,,,,,2026-02-15T13:30:58.714260
Sousse,1323530433,way,place_of_worship,,35.8338678,10.6389172,,,,,,2026-02-15T13:30:58.714260
Sousse,1323684218,way,townhall,Municipalité Sousse Medina,35.8243574,10.6363303,,,,,,2026-02-15T13:30:58.714260
Sousse,1323692770,way,place_of_worship,,35.8227964,10.6380631,,,,,,2026-02-15T13:30:58.714260
Sousse,1323704798,way,parking,,35.8319436,10.6001768,,,,,,2026-02-15T13:30:58.714260
Sousse,1323736276,way,school,,35.8392362,10.6075916,,,,,,2026-02-15T13:30:58.714260
Sousse,1323736900,way,school,,35.8402387,10.6102112,,,,,,2026-02-15T13:30:58.714260
Sousse,1324732367,way,school,مدرسة الاخلاق بحمام سوسة,35.8541031,10.5975238,,,,,,2026-02-15T13:30:58.714260
Sousse,1324737219,way,place_of_worship,جامع الهداية,35.7927206,10.63605,,,,,,2026-02-15T13:30:58.714260
Sousse,1326132194,way,community_centre,C.I.J.E.,35.8148252,10.6355326,,,,,,2026-02-15T13:30:58.714260
Sousse,1329035957,way,community_centre,Csfe Sousse,35.8017375,10.6257352,,,,,,2026-02-15T13:30:58.714260
Sousse,1329353498,way,college,Lycée Pilote de Sousse,35.8414244,10.5883366,,,,,,2026-02-15T13:30:58.714260
Sousse,1329478110,way,parking,,35.8170236,10.6387675,,,,,,2026-02-15T13:30:58.714260
Sousse,1329479838,way,school,École professionelle,35.8375001,10.6316808,,,,,,2026-02-15T13:30:58.714260
Sousse,1329661306,way,university,Restaurant universitaire,35.8186908,10.5921107,,,,,,2026-02-15T13:30:58.714260
Sousse,1329661311,way,parking,,35.8166608,10.5916712,,,,,,2026-02-15T13:30:58.714260
Sousse,1329663011,way,research_institute,Center for Research in Microelectronics and Nanotechnology,35.8179385,10.5962007,,,,,,2026-02-15T13:30:58.714260
Sousse,1329675428,way,place_of_worship,,35.8304408,10.5858885,,,,,,2026-02-15T13:30:58.714260
Sousse,1383255845,way,university,المبيت الجامعي رياض الورد,35.8137533,10.6077635,,,,,,2026-02-15T13:30:58.714260
Sousse,1393551204,way,college,Middle School Préparatoire,35.801713,10.6353402,,,,,,2026-02-15T13:30:58.714260
Sousse,1393551206,way,library,Bibliothèque Tafela,35.8010781,10.6355914,,,,,,2026-02-15T13:30:58.714260
Sousse,1393551209,way,community_centre,دار الشباب سيدي عبد الحميد,35.8006476,10.6355099,,,,,,2026-02-15T13:30:58.714260
Sousse,1393552741,way,place_of_worship,Mosque Al-Hidaya,35.8052319,10.6486615,,,,,,2026-02-15T13:30:58.714260
Sousse,1393555333,way,school,المدرسة الابتدائية خيرالدين باشا,35.8032861,10.6392586,,,,,,2026-02-15T13:30:58.714260
Sousse,1393555344,way,school,,35.805427,10.6426866,,,,,,2026-02-15T13:30:58.714260
Sousse,1419609962,way,cafe,cafe virage,35.8531161,10.6051084,الطريق الوطنية تونس - رأس جدير,,,,,2026-02-15T13:30:58.714260
Sousse,1419609964,way,cafe,cafe osmoze,35.8545161,10.6070361,Avenue Hadi Ghdes,,,,,2026-02-15T13:30:58.714260
Sousse,1430991201,way,school,Ecole primaire Bohsina,35.8205867,10.6233008,,,,,,2026-02-15T13:30:58.714260
Sousse,1473420635,way,college,,35.8412308,10.5874629,,,,,,2026-02-15T13:30:58.714260
Sousse,1385664,relation,place_of_worship,الجامع الكبير بسوسة,35.8268719,10.6397319,,,,,,2026-02-15T13:30:58.714260
Sousse,3389900,relation,parking,,35.8457954,10.6114679,,,,,,2026-02-15T13:30:58.714260
Sousse,18137203,relation,courthouse,,35.831654,10.6378393,,,,,,2026-02-15T13:30:58.714260
Sousse,18140344,relation,community_centre,,35.8148533,10.6361129,,,,,,2026-02-15T13:30:58.714260
Sousse,18140345,relation,library,Almadanya,35.8141819,10.6341664,,,,,,2026-02-15T13:30:58.714260
Sousse,18148731,relation,library,,35.8265865,10.6337536,,,,,,2026-02-15T13:30:58.714260
Kairouan,322933377,node,place_of_worship,Sidi amor Abada,35.6771977,10.0949875,,,,,,2026-02-15T13:31:01.938865
Kairouan,1097372361,node,parking,,35.6745965,10.1016466,,,,,,2026-02-15T13:31:01.938865
Kairouan,1381093437,node,cafe,Café Shell,35.6959739,10.1047079,,,,,,2026-02-15T13:31:01.938865
Kairouan,1789848982,node,post_office,,35.6724916,10.1017411,,,,,,2026-02-15T13:31:01.938865
Kairouan,1789848984,node,pharmacy,Pharmacie Dhib,35.6748598,10.1010938,,,,,,2026-02-15T13:31:01.938865
Kairouan,1789848985,node,police,,35.6726966,10.1009898,,,,,,2026-02-15T13:31:01.938865
Kairouan,1789877208,node,cafe,Café Belhadj,35.6725788,10.1021541,,,,,,2026-02-15T13:31:01.938865
Kairouan,1789877209,node,bank,الاتحاد الدولي للبنوك,35.6730758,10.1021163,,,,,,2026-02-15T13:31:01.938865
Kairouan,1789877211,node,atm,,35.6722911,10.1015158,,,,,,2026-02-15T13:31:01.938865
Kairouan,1789877212,node,bank,Attijari,35.6739471,10.1012905,,,,,,2026-02-15T13:31:01.938865
Kairouan,1789877217,node,atm,,35.6739561,10.101269,,,,,,2026-02-15T13:31:01.938865
Kairouan,1789877219,node,bank,الشركة التونسية للبنك,35.6729625,10.1017515,,,,,,2026-02-15T13:31:01.938865
Kairouan,1789877220,node,atm,,35.6729712,10.1017944,,,,,,2026-02-15T13:31:01.938865
Kairouan,1789877221,node,bank,الاتحاد الدولي للبنوك,35.6730932,10.1021163,,,,,,2026-02-15T13:31:01.938865
Kairouan,1789877223,node,cafe,Café Neptune,35.6719768,10.1028461,,,,,,2026-02-15T13:31:01.938865
Kairouan,1789983114,node,atm,,35.6804608,10.0985535,,,,,,2026-02-15T13:31:01.938865
Kairouan,1789986798,node,fuel,Kiosque,35.6825017,10.0961174,,,,,,2026-02-15T13:31:01.938865
Kairouan,1790048826,node,pharmacy,,35.6785784,10.0991919,,,,,,2026-02-15T13:31:01.938865
Kairouan,1793677079,node,cafe,Café Misk Ellil,35.6758799,10.1033165,,,,,,2026-02-15T13:31:01.938865
Kairouan,1793680508,node,cafe,Café El Bakkouche,35.6735747,10.1028713,,,,,,2026-02-15T13:31:01.938865
Kairouan,1793682400,node,townhall,بلدية القيروان,35.6730387,10.1025494,,,,,,2026-02-15T13:31:01.938865
Kairouan,2105795919,node,place_of_worship,Mosquée de Sabra,35.6573589,10.0901342,,,,,,2026-02-15T13:31:01.938865
Kairouan,2131365258,node,fuel,Staroil Kairouan,35.7117964,10.1075158,,,,,,2026-02-15T13:31:01.938865
Kairouan,2165970340,node,fuel,Agil Kairouan GPL,35.7114403,10.1075038,,,,,,2026-02-15T13:31:01.938865
Kairouan,2279362698,node,post_office,القيروان - المدينة العتيقة (3172),35.6778373,10.1022971,,,,,,2026-02-15T13:31:01.938865
Kairouan,2818619904,node,cafe,,35.6774385,10.0965696,,,,,,2026-02-15T13:31:01.938865
Kairouan,2818619907,node,restaurant,,35.6777013,10.0994742,,,,,,2026-02-15T13:31:01.938865
Kairouan,2881605320,node,cafe,,35.6811999,10.1037794,,,,,,2026-02-15T13:31:01.938865
Kairouan,2887112101,node,cafe,lotfi,35.6780877,10.0940071,,,,,,2026-02-15T13:31:01.938865
Kairouan,4657902189,node,cafe,La Terrasse,35.6889414,10.0967857,,,,,,2026-02-15T13:31:01.938865
Kairouan,4919845822,node,atm,,35.6769891,10.0939042,,,,,,2026-02-15T13:31:01.938865
Kairouan,4979375861,node,community_centre,الغرفة الحزب السلالة الحاكمة,35.6777889,10.1063135,,,,,,2026-02-15T13:31:01.938865
Kairouan,5670881750,node,place_of_worship,مسجد الثلاثة أبواب,35.6773314,10.1027543,,,,,,2026-02-15T13:31:01.938865
Kairouan,5670890233,node,place_of_worship,مسجد الباي,35.6762504,10.100425,,,,,,2026-02-15T13:31:01.938865
Kairouan,5670901132,node,place_of_worship,مسجد الملك,35.6764901,10.0997774,,,,,,2026-02-15T13:31:01.938865
Kairouan,6360855546,node,bank,التجاري وفا بنك,35.6586626,10.0889225,,,,,,2026-02-15T13:31:01.938865
Kairouan,6360855547,node,cafe,Café Philadelphia,35.6591239,10.0885473,,,,,,2026-02-15T13:31:01.938865
Kairouan,6360856224,node,cafe,Number one,35.6533535,10.0864861,,,,,,2026-02-15T13:31:01.938865
Kairouan,6360856225,node,pharmacy,Pharmacie Akrout,35.6535706,10.0865912,,,,,,2026-02-15T13:31:01.938865
Kairouan,6360856226,node,fast_food,Fast Food Black&white,35.6544123,10.0869602,,,,,,2026-02-15T13:31:01.938865
Kairouan,6360856339,node,cafe,مقهى المنار,35.6657992,10.0955873,,,,,,2026-02-15T13:31:01.938865
Kairouan,6360856474,node,cafe,Habib Honda,35.6743357,10.0940497,,,,,,2026-02-15T13:31:01.938865
Kairouan,6360856475,node,cafe,Café Beji,35.6754058,10.0939888,,,,,,2026-02-15T13:31:01.938865
Kairouan,6361210071,node,restaurant,الديوان,35.6845939,10.0938566,,,,,,2026-02-15T13:31:01.938865
Kairouan,6361210072,node,pharmacy,Pharmacie Hind Ghith,35.68391,10.092674,,,,,,2026-02-15T13:31:01.938865
Kairouan,6361214896,node,cafe,Café Kids Land,35.6823329,10.0913803,,,,,,2026-02-15T13:31:01.938865
Kairouan,6361214897,node,cafe,Café Downtown,35.6828127,10.0907285,,,,,,2026-02-15T13:31:01.938865
Kairouan,7430618323,node,fuel,Total Les Aghlabides,35.676579,10.1371663,,,,,,2026-02-15T13:31:01.938865
Kairouan,7919870924,node,post_office,Bureau de Poste Cité El Hajjem (3129),35.682394,10.082168,,,,,,2026-02-15T13:31:01.938865
Kairouan,8226996156,node,cafe,Tea Time,35.7104159,10.1058238,,,,,,2026-02-15T13:31:01.938865
Kairouan,8226996185,node,marketplace,سوق الجملة للخضر و الغلال بالقيروان,35.6937579,10.0801734,,,,,,2026-02-15T13:31:01.938865
Kairouan,9382955127,node,fuel, شل عقبة,35.6758221,10.1281829,شارع أسد بن الفرات,,,sunrise-sunset,,2026-02-15T13:31:01.938865
Kairouan,9679695979,node,fuel,أويليبيا,35.6723995,10.097365,,,,,,2026-02-15T13:31:01.938865
Kairouan,9727721705,node,place_of_worship,Mosquée El Bemri,35.663721,10.0932289,شارع بيت الحكمة,,,,,2026-02-15T13:31:01.938865
Kairouan,10284780710,node,restaurant,,35.676533,10.0999347,,,,,,2026-02-15T13:31:01.938865
Kairouan,10284787509,node,restaurant,,35.6757226,10.1006857,,,,,,2026-02-15T13:31:01.938865
Kairouan,10284793710,node,restaurant,,35.6809695,10.1000926,,,,,,2026-02-15T13:31:01.938865
Kairouan,11116536905,node,restaurant,Piccolo Mondo,35.6890558,10.0949516,,,,,,2026-02-15T13:31:01.938865
Kairouan,11291256868,node,toilets,,35.6758931,10.1004806,,,,,,2026-02-15T13:31:01.938865
Kairouan,11645039259,node,cafe,Café Fatnassi-AFH,35.6909705,10.0887339,,,,,,2026-02-15T13:31:01.938865
Kairouan,11830493269,node,bar,Restaurant El Brija,35.6825021,10.1038359,,,,,,2026-02-15T13:31:01.938865
Kairouan,11830495170,node,bar,Go Cafe,35.6775875,10.1024618,,,,,,2026-02-15T13:31:01.938865
Kairouan,12239514401,node,restaurant,Piccolo Mondo,35.684327,10.0972188,,,,,,2026-02-15T13:31:01.938865
Kairouan,12240934201,node,toilets,,35.6808844,10.1042241,,,,,,2026-02-15T13:31:01.938865
Kairouan,12241120001,node,toilets,,35.6768714,10.0996297,,,,,,2026-02-15T13:31:01.938865
Kairouan,12389226686,node,post_box,,35.6864375,10.09698,,,,,,2026-02-15T13:31:01.938865
Kairouan,12389226687,node,toilets,,35.6865693,10.0971517,,,,,,2026-02-15T13:31:01.938865
Kairouan,12389226731,node,fast_food,,35.6807954,10.0863511,,,,,,2026-02-15T13:31:01.938865
Kairouan,12389226738,node,bus_station,,35.6802371,10.0866589,,,,,,2026-02-15T13:31:01.938865
Kairouan,12658246737,node,place_of_worship,جامع الولب,35.6760424,10.1007908,,,,,,2026-02-15T13:31:01.938865
Kairouan,12658246739,node,cafe,Seven Keys,35.6916821,10.1023117,,,,,,2026-02-15T13:31:01.938865
Kairouan,12676166701,node,bus_station,Louages (Rakkeda),35.6639386,10.097579,,,,,,2026-02-15T13:31:01.938865
Kairouan,94481595,way,parking,,35.680389,10.0989994,,,,,,2026-02-15T13:31:01.938865
Kairouan,120085272,way,parking,,35.6819269,10.1018022,,,,,,2026-02-15T13:31:01.938865
Kairouan,123983965,way,fuel,شل,35.6957383,10.1046439,,,,,,2026-02-15T13:31:01.938865
Kairouan,123983967,way,fuel,طوطال,35.689721,10.101941,,,,,,2026-02-15T13:31:01.938865
Kairouan,123983985,way,parking,مجلس السياحة,35.6863527,10.0970771,,,,,,2026-02-15T13:31:01.938865
Kairouan,123983987,way,parking,,35.6855783,10.0945993,,,,,,2026-02-15T13:31:01.938865
Kairouan,123983994,way,parking,,35.6899217,10.1008808,,,,,,2026-02-15T13:31:01.938865
Kairouan,124083153,way,bus_station,محطة القيروان الحافلات,35.6814501,10.0865575,,,,,,2026-02-15T13:31:01.938865
Kairouan,124083170,way,fuel,أوليبيا,35.6808841,10.0986356,,,,,,2026-02-15T13:31:01.938865
Kairouan,124083174,way,parking,,35.6808733,10.0892276,,,,,,2026-02-15T13:31:01.938865
Kairouan,124083175,way,parking,,35.6824913,10.0907554,,,,,,2026-02-15T13:31:01.938865
Kairouan,124279618,way,parking,,35.656659,10.0850359,,,,,,2026-02-15T13:31:01.938865
Kairouan,124279634,way,fuel,عجيل,35.6741416,10.0945625,,,,,,2026-02-15T13:31:01.938865
Kairouan,124279640,way,fuel,شل,35.6749474,10.0938989,,,,,,2026-02-15T13:31:01.938865
Kairouan,167597873,way,courthouse,Palais de Justice Tribunal,35.6718789,10.103671,,,,,,2026-02-15T13:31:01.938865
Kairouan,167649499,way,school,École El Mansoura,35.6622614,10.0893796,,,,,,2026-02-15T13:31:01.938865
Kairouan,218708915,way,parking,,35.681022,10.104646,,,,,,2026-02-15T13:31:01.938865
Kairouan,286646902,way,parking,,35.6857885,10.0975624,,,,,,2026-02-15T13:31:01.938865
Kairouan,594778091,way,place_of_worship,جامع الزيتونة,35.6760794,10.0968228,,,,,,2026-02-15T13:31:01.938865
Kairouan,594778096,way,hospital,مستشفى ابن الجزار,35.6839893,10.0952712,,,,,,2026-02-15T13:31:01.938865
Kairouan,594778381,way,school,Lycée secondaire Ibn Rachik,35.6746152,10.1030617,,,,,,2026-02-15T13:31:01.938865
Kairouan,594778382,way,school,École Primaire El Aswar,35.675721,10.104573,,,,,,2026-02-15T13:31:01.938865
Kairouan,594778383,way,college,Institut Supérieur d'Informatique et de Gestion,35.676917,10.106058,,,,,,2026-02-15T13:31:01.938865
Kairouan,594778385,way,school,Collège 2 Mars,35.6745947,10.1052062,,,,,,2026-02-15T13:31:01.938865
Kairouan,594782442,way,school,مدرسة ثانوية,35.6644417,10.0756547,,,,,,2026-02-15T13:31:01.938865
Kairouan,594785494,way,school,,35.6789237,10.0908349,,,,,,2026-02-15T13:31:01.938865
Kairouan,679286520,way,fuel,طوطال,35.6590792,10.0889646,,,,,,2026-02-15T13:31:01.938865
Kairouan,679286523,way,marketplace,Marché de la Mansoura,35.659532,10.0892302,,,,,,2026-02-15T13:31:01.938865
Kairouan,679286524,way,police,الحرس الوطني,35.6594302,10.0895752,,,,,,2026-02-15T13:31:01.938865
Kairouan,679286525,way,school,Lycée Okba Ibn Nafi,35.6534428,10.0844435,,,,,,2026-02-15T13:31:01.938865
Kairouan,679286526,way,school,Lycée Ibn Jazzar Kairouan,35.6549835,10.0831668,,,,,,2026-02-15T13:31:01.938865
Kairouan,679286527,way,school,Collège Okba Ibn Nafaa,35.6535163,10.0832361,,,,,,2026-02-15T13:31:01.938865
Kairouan,679286528,way,post_office,Kairouan,35.6514739,10.085805,,,,,,2026-02-15T13:31:01.938865
Kairouan,679286529,way,arts_centre,Centre des Etudes Islamiques de Kairouan,35.6507472,10.0841601,,,,,,2026-02-15T13:31:01.938865
Kairouan,679286531,way,place_of_worship,Mosquée Sobhan Allah,35.654571,10.0859908,,,,,,2026-02-15T13:31:01.938865
Kairouan,679286532,way,post_office,Kairouan El Mansoura,35.6609168,10.0899368,,,,,,2026-02-15T13:31:01.938865
Kairouan,679286533,way,university,المعهد العالي للعلوم التطبيقية والتكنولوجيا بالقيروان,35.6642287,10.0937868,,,,,,2026-02-15T13:31:01.938865
Kairouan,679286534,way,place_of_worship,Mosquée Bémri,35.6637897,10.0931731,,,,,,2026-02-15T13:31:01.938865
Kairouan,679286535,way,library,Bibliothèqe Municipale,35.6660521,10.0971816,,,,,,2026-02-15T13:31:01.938865
Kairouan,679286537,way,bank,Banque Centrale de Tunisie,35.6704296,10.1004966,,,,,,2026-02-15T13:31:01.938865
Kairouan,679286538,way,post_office,Kairouan,35.6714322,10.1010482,,,,,,2026-02-15T13:31:01.938865
Kairouan,679286539,way,bank,La Poste Tunisienne,35.6712078,10.1013168,,,,,,2026-02-15T13:31:01.938865
Kairouan,679286540,way,bank,COMAR,35.6710024,10.1001732,,,,,,2026-02-15T13:31:01.938865
Kairouan,679286541,way,bank,بنك تونس العربي الدولي,35.6711552,10.0999138,,,,,,2026-02-15T13:31:01.938865
Kairouan,679286542,way,bank,مصرف الزيتونة,35.670976,10.1015629,,,,,,2026-02-15T13:31:01.938865
Kairouan,679286543,way,bank,البنك العربي لتونس,35.6713794,10.1026075,,,,,,2026-02-15T13:31:01.938865
Kairouan,679286544,way,bank,Wifak Bank,35.6710464,10.1024909,,,,,,2026-02-15T13:31:01.938865
Kairouan,679286545,way,bank,بنك الأمان,35.6714341,10.103107,,,,,,2026-02-15T13:31:01.938865
Kairouan,679286546,way,bank,BTS,35.6717888,10.1032713,,,,,,2026-02-15T13:31:01.938865
Kairouan,679286547,way,bank,Al Baraka,35.672441,10.1035686,,,,,,2026-02-15T13:31:01.938865
Kairouan,679286549,way,fuel,طوطال,35.6726529,10.0964758,,,,,,2026-02-15T13:31:01.938865
Kairouan,679322176,way,prison,السجن المدني,35.6825827,10.0897348,,,,,,2026-02-15T13:31:01.938865
Kairouan,679322178,way,fuel,أويليبيا,35.6789282,10.0878121,,,,,,2026-02-15T13:31:01.938865
Kairouan,679322180,way,marketplace,سوق ليبيا,35.6796922,10.08919,,,,,,2026-02-15T13:31:01.938865
Kairouan,774858384,way,fuel,أويليبيا,35.6723831,10.0973657,,,,,,2026-02-15T13:31:01.938865
Kairouan,790430451,way,hospital,مستشفى الأغالبة,35.6655809,10.1076724,,,,,,2026-02-15T13:31:01.938865
Kairouan,798128224,way,university,جامعة القيروان للخدمات الجامعية,35.675407,10.1091313,Avenue Mohamed Ibn Sahnoun,,,,,2026-02-15T13:31:01.938865
Kairouan,884655387,way,school,Lycée Pilote de Kairouan,35.6942842,10.0876472,,,,,,2026-02-15T13:31:01.938865
Kairouan,884655388,way,school,École Primaire Dar El Amen,35.6937771,10.082139,,,,,,2026-02-15T13:31:01.938865
Kairouan,884655389,way,school,Lycée Dar El Amen,35.6906023,10.0823764,,,,,,2026-02-15T13:31:01.938865
Kairouan,884655390,way,school,Collège Dar El Amen,35.6911455,10.0836197,,,,,,2026-02-15T13:31:01.938865
Kairouan,1118903102,way,university,Université de Kairouan,35.6906956,10.0758814,,,,,,2026-02-15T13:31:01.938865
Kairouan,1118903103,way,hospital,Polyclinique Okba,35.6902363,10.0778831,,,,,,2026-02-15T13:31:01.938865
Kairouan,1315827207,way,school,Sectoriel De Formation En Energétique De Kairouan,35.6642594,10.0959423,,,,,,2026-02-15T13:31:01.938865
Kairouan,1327327773,way,fuel,,35.6461737,10.0825971,,,,,,2026-02-15T13:31:01.938865
Kairouan,1327332630,way,place_of_worship,,35.6750183,10.0826023,,,,,,2026-02-15T13:31:01.938865
Kairouan,1369784,relation,place_of_worship,جامع القيروان الكبير,35.6816021,10.1039549,,,,,,2026-02-15T13:31:01.938865
Kairouan,1694176,relation,place_of_worship,مقام أبي زمعة البلوي,35.6821322,10.0903288,,,,,,2026-02-15T13:31:01.938865
Kairouan,19238028,relation,place_of_worship,,35.6548784,10.098349,,,,,,2026-02-15T13:31:01.938865
Gafsa,1628610828,node,restaurant,,34.4348095,8.8206038,,,,,,2026-02-15T13:31:29.363381
Gafsa,2163071584,node,fuel,عجيل,34.4227125,8.7627364,,,,,,2026-02-15T13:31:29.363381
Gafsa,2163074216,node,fuel,Total,34.4225224,8.7668562,,,,,,2026-02-15T13:31:29.363381
Gafsa,2163322285,node,fuel,طوطال,34.4145446,8.8065871,,,,,,2026-02-15T13:31:29.363381
Gafsa,2175038582,node,post_office,CTT (2100),34.4312539,8.7590886,Rue El Khaizorani,,,,,2026-02-15T13:31:29.363381
Gafsa,3175077492,node,pharmacy,,34.4290097,8.7554762,,,,,,2026-02-15T13:31:29.363381
Gafsa,3175087753,node,post_office,PTT,34.4192977,8.7844595,,,,,,2026-02-15T13:31:29.363381
Gafsa,3175097562,node,fuel,أويليبيا,34.4166545,8.7915543,,,,,,2026-02-15T13:31:29.363381
Gafsa,3175104949,node,bank,مصرف الزيتونة,34.4167008,8.7908322,,,,,,2026-02-15T13:31:29.363381
Gafsa,3175134968,node,cafe,,34.4183833,8.7897377,,,,,,2026-02-15T13:31:29.363381
Gafsa,3175146036,node,library,Bibilothèque régionale,34.4224349,8.7829966,Rue de caire,,,,,2026-02-15T13:31:29.363381
Gafsa,3175309223,node,place_of_worship,Mosquée ben Yakoub,34.4188504,8.7887805,,,,,,2026-02-15T13:31:29.363381
Gafsa,3175328338,node,fuel,أويليبيا,34.4227769,8.8118481,,,,,,2026-02-15T13:31:29.363381
Gafsa,3175500242,node,bank,الاتحاد الدولي للبنوك,34.4188843,8.7895908,,,,,,2026-02-15T13:31:29.363381
Gafsa,3177064100,node,place_of_worship,Mosquée s.Ahmed Zarrouk,34.4350222,8.7491786,,,,,,2026-02-15T13:31:29.363381
Gafsa,3177074829,node,school,École Primaire s.Ahmed Zarrouk,34.4345414,8.7487581,,,,,,2026-02-15T13:31:29.363381
Gafsa,3178734177,node,bank,بنك الإسكان,34.4182055,8.7899691,,,,,,2026-02-15T13:31:29.363381
Gafsa,3178734178,node,bank,البنك الوطني الفلاحي,34.4179953,8.7901219,,,,,,2026-02-15T13:31:29.363381
Gafsa,3178739627,node,fuel,شل,34.4128382,8.7944211,,,,,,2026-02-15T13:31:29.363381
Gafsa,3183415975,node,bank,البنك العربي لتونس,34.4166164,8.7911213,,,,,,2026-02-15T13:31:29.363381
Gafsa,3183417396,node,fuel,شل,34.4264001,8.8140315,,,,,,2026-02-15T13:31:29.363381
Gafsa,3183427667,node,bank,البنك العربي لتونس,34.4128517,8.7947353,,,,,,2026-02-15T13:31:29.363381
Gafsa,3183446485,node,bank,Attijari,34.416489,8.7912803,,,,,,2026-02-15T13:31:29.363381
Gafsa,3183452880,node,bank,بنك الأمان,34.4199618,8.7881906,,,,,,2026-02-15T13:31:29.363381
Gafsa,3183458486,node,pharmacy,Ibn Sina,34.4197904,8.7884946,,,,,,2026-02-15T13:31:29.363381
Gafsa,3183464344,node,bank,البنك المركزي التونسي,34.419286,8.7835719,,,,,,2026-02-15T13:31:29.363381
Gafsa,3183464439,node,clinic,Clinique militaire,34.4202042,8.7875447,,,,,,2026-02-15T13:31:29.363381
Gafsa,3183497767,node,courthouse,Cour de district,34.4207669,8.7731366,,,,,,2026-02-15T13:31:29.363381
Gafsa,3183497768,node,courthouse,Cour de l'immobilier,34.4208106,8.7728322,,,,,,2026-02-15T13:31:29.363381
Gafsa,3184960569,node,courthouse,Palais de justice,34.4173,8.7855659,,,,,,2026-02-15T13:31:29.363381
Gafsa,3185001714,node,studio,Radio rég. Gafsa,34.4190893,8.7851013,,,,,,2026-02-15T13:31:29.363381
Gafsa,3185149275,node,post_office,PTT,34.4220561,8.7877031,,,,,,2026-02-15T13:31:29.363381
Gafsa,3188672940,node,cafe,,34.4141148,8.7937029,,,,,,2026-02-15T13:31:29.363381
Gafsa,3188702078,node,cafe,,34.4146124,8.7933099,,,,,,2026-02-15T13:31:29.363381
Gafsa,3188715926,node,cafe,Café Zhiou,34.4167419,8.7891158,,,,,,2026-02-15T13:31:29.363381
Gafsa,3188728349,node,restaurant,Restaurant du sud,34.4169076,8.788807,,,,,,2026-02-15T13:31:29.363381
Gafsa,3188731317,node,cafe,cafe Karoui,34.4176373,8.7893793,,,,,,2026-02-15T13:31:29.363381
Gafsa,3188748011,node,theatre,Elborj,34.4168512,8.7850222,,,,,,2026-02-15T13:31:29.363381
Gafsa,3188764953,node,cafe,,34.4183392,8.7856889,,,,,,2026-02-15T13:31:29.363381
Gafsa,3191823235,node,bank,الاتحاد البنكي للتجارة والصناعة,34.413953,8.7938243,,,,,,2026-02-15T13:31:29.363381
Gafsa,3191837647,node,police,El mantka,34.4195661,8.7892056,,,,,,2026-02-15T13:31:29.363381
Gafsa,3191914837,node,pharmacy,pharmacie Kerrou,34.4149525,8.793129,,,,,,2026-02-15T13:31:29.363381
Gafsa,3191918941,node,townhall,Mairie de Gafsa,34.419195,8.7911125,,,,,,2026-02-15T13:31:29.363381
Gafsa,3195884891,node,pharmacy,,34.4272329,8.7779663,,,,,,2026-02-15T13:31:29.363381
Gafsa,3202126340,node,cafe,Café bayech,34.4094391,8.7969399,,,,,,2026-02-15T13:31:29.363381
Gafsa,3202219307,node,cafe,,34.416422,8.7860068,,,,,,2026-02-15T13:31:29.363381
Gafsa,3203172750,node,place_of_worship,Mosquée Elbaraka,34.426584,8.7806893,,,,,,2026-02-15T13:31:29.363381
Gafsa,3203190879,node,cafe,café Elkaouafel,34.4163119,8.7902826,,,,,,2026-02-15T13:31:29.363381
Gafsa,3204942728,node,college,Ins.sup. des Sciences app.et technologie,34.425413,8.7597781,,,,,,2026-02-15T13:31:29.363381
Gafsa,3204980577,node,clinic,Centre d'hémodialyse,34.4260868,8.7544491,,,,,,2026-02-15T13:31:29.363381
Gafsa,3205147040,node,courthouse,Cour d'appel,34.4206367,8.7842675,,,,,,2026-02-15T13:31:29.363381
Gafsa,3206451895,node,cafe,,34.4211769,8.7707369,,,,,,2026-02-15T13:31:29.363381
Gafsa,3206471454,node,clinic,Clinique Imen,34.4208858,8.7933136,,,,,,2026-02-15T13:31:29.363381
Gafsa,3206473701,node,pharmacy,,34.4215064,8.7937216,,,,,,2026-02-15T13:31:29.363381
Gafsa,3206476487,node,police,,34.4221093,8.7941665,,,,,,2026-02-15T13:31:29.363381
Gafsa,3206529544,node,doctors,Laboratoire d'analyse sanitaire,34.4202681,8.7919466,,,,,,2026-02-15T13:31:29.363381
Gafsa,3206534895,node,bank,البنك التونسي,34.4193357,8.7897499,,,,,,2026-02-15T13:31:29.363381
Gafsa,3206548511,node,pharmacy,Pharmacie Elfarabi,34.4267334,8.7888868,,,,,,2026-02-15T13:31:29.363381
Gafsa,3206612928,node,shower,Bain (hammam),34.4218013,8.7683754,,,,,,2026-02-15T13:31:29.363381
Gafsa,3206615638,node,pharmacy,pharmacie de nuit,34.4199176,8.7879465,,,,,,2026-02-15T13:31:29.363381
Gafsa,3206616225,node,cafe,café coin bleu,34.4200274,8.7883329,,,,,,2026-02-15T13:31:29.363381
Gafsa,3206623131,node,restaurant,,34.4177558,8.789477,,,,,,2026-02-15T13:31:29.363381
Gafsa,3206623373,node,restaurant,Restaurant Elanneb,34.4172843,8.7894381,,,,,,2026-02-15T13:31:29.363381
Gafsa,3206638538,node,bank,الشركة التونسية للبنك,34.4172195,8.7911668,,,,,,2026-02-15T13:31:29.363381
Gafsa,3206642496,node,bank,بنك تونس العربي الدولي,34.4136147,8.7941202,,,,,,2026-02-15T13:31:29.363381
Gafsa,3206655551,node,pharmacy,,34.4198444,8.7916648,,,,,,2026-02-15T13:31:29.363381
Gafsa,3225338283,node,pharmacy,Pharmacie Mbarek,34.4169406,8.7912565,,,,,,2026-02-15T13:31:29.363381
Gafsa,3252661859,node,pharmacy,Pharmacie Mrad,34.4182404,8.7898646,,,,,,2026-02-15T13:31:29.363381
Gafsa,3265661087,node,pharmacy,pharmacie Gharbia,34.419934,8.794475,,,,,,2026-02-15T13:31:29.363381
Gafsa,3265663987,node,clinic,gynécologue,34.4199583,8.7946172,,,,,,2026-02-15T13:31:29.363381
Gafsa,3265665327,node,clinic,,34.42014,8.7946081,,,,,,2026-02-15T13:31:29.363381
Gafsa,3265679036,node,pharmacy,صيدلية الليل,34.406454,8.8003065,,,,,,2026-02-15T13:31:29.363381
Gafsa,3290560276,node,cafe,,34.4154491,8.7917102,,,,,,2026-02-15T13:31:29.363381
Gafsa,3290568253,node,cafe,,34.4174932,8.7859525,,,,,,2026-02-15T13:31:29.363381
Gafsa,3314623171,node,police,Poste police cité Ennour,34.4298485,8.782329,,,,,,2026-02-15T13:31:29.363381
Gafsa,3798477062,node,veterinary,Vétérinaire privé,34.4181397,8.7923004,,,,,,2026-02-15T13:31:29.363381
Gafsa,4534874891,node,cafe,Cafe El Becha,34.4194427,8.791236,,,,,,2026-02-15T13:31:29.363381
Gafsa,4534895891,node,doctors,,34.4193142,8.7910213,,,,,,2026-02-15T13:31:29.363381
Gafsa,4540263593,node,school,,34.4222142,8.7917386,,,,,,2026-02-15T13:31:29.363381
Gafsa,4972401427,node,school,مدرسى تعليم السياقة صابر حناشي,34.4172306,8.7924252,abou elkacem echabbi,+216 28 817 059,http://www.facebook.com/saber.hannachi,,,2026-02-15T13:31:29.363381
Gafsa,4972592523,node,car_rental,مدرسة تعليم السياقة صابر حناشي,34.4172041,8.7924073,Abou alkacem achabbi,+216 28 817 059,http://www.facebook.com/saber.hannachi,,,2026-02-15T13:31:29.363381
Gafsa,5082008716,node,fuel,Total El Ksar,34.3882482,8.8147069,,,,,,2026-02-15T13:31:29.363381
Gafsa,5209205221,node,nursing_home,,34.4274432,8.775221,,,,,,2026-02-15T13:31:29.363381
Gafsa,5784275653,node,doctors,الدكتور سويلم استشاري جراحة,34.420216,8.7944603,Rue Ibn Sina,+216 76 224 412,,Mo-Sa 00:00-24:00,,2026-02-15T13:31:29.363381
Gafsa,5810315353,node,doctors,الدكتور عماد براهمي - امراض الجهاز الهضمي,34.4206992,8.7931441,Avenue arrousafi,+216 76 229 400,https://www.med.tn,,,2026-02-15T13:31:29.363381
Gafsa,5851734461,node,place_of_worship,مسجد,34.398331,8.8036426,,,,,,2026-02-15T13:31:29.363381
Gafsa,7204640485,node,cafe,مقهى بيفات,34.3903931,8.8098382,,,,,,2026-02-15T13:31:29.363381
Gafsa,7204640585,node,cafe,مقهى بيفات,34.3925653,8.8099959,,,,,,2026-02-15T13:31:29.363381
Gafsa,7372876040,node,place_of_worship,الجامع الكبير لالة,34.3931167,8.8207544,,,,,,2026-02-15T13:31:29.363381
Gafsa,7372876042,node,vehicle_inspection,مركز الفحص الفني للعربات,34.3907295,8.8132537,,,,,,2026-02-15T13:31:29.363381
Gafsa,7372876055,node,post_office,مكتب بريد القصر (2111),34.3974342,8.8027059,,,,,,2026-02-15T13:31:29.363381
Gafsa,7372876056,node,post_office,مكتب بريد الرقوبة (2169),34.4065849,8.800758,,,,,,2026-02-15T13:31:29.363381
Gafsa,7468311507,node,fuel,شل,34.41355,8.7935861,Gafsa Iii Rte Gp11,+216 71 249 149,,,,2026-02-15T13:31:29.363381
Gafsa,9293803417,node,bus_station,,34.4113958,8.7946186,,,,,no,2026-02-15T13:31:29.363381
Gafsa,9340059423,node,fast_food,Taxi Pizza Gafsa,34.4224793,8.7808811,نهج القاهرة,+216 26 212 213,,,,2026-02-15T13:31:29.363381
Gafsa,9383948057,node,fuel,عجيل,34.4149613,8.792346,,,,,,2026-02-15T13:31:29.363381
Gafsa,10008706779,node,school,École Primaire Cité Hached Lalla,34.3935241,8.814597,,,,,,2026-02-15T13:31:29.363381
Gafsa,11378311169,node,fast_food,,34.4175862,8.7894436,,,,,,2026-02-15T13:31:29.363381
Gafsa,12310158399,node,fountain,,34.4179755,8.7840344,,,,,,2026-02-15T13:31:29.363381
Gafsa,12415344856,node,restaurant,76 Café Resto,34.4167311,8.7909443,,,,,,2026-02-15T13:31:29.363381
Gafsa,94832600,way,parking,,34.427565,8.8190816,,,,,,2026-02-15T13:31:29.363381
Gafsa,94832620,way,parking,,34.4280483,8.81978,,,,,,2026-02-15T13:31:29.363381
Gafsa,94832689,way,parking,,34.4341498,8.8202893,,,,,,2026-02-15T13:31:29.363381
Gafsa,181660241,way,grave_yard,Cimitière cité ennour,34.4395465,8.7781843,,,,,,2026-02-15T13:31:29.363381
Gafsa,206263655,way,place_of_worship,,34.4285669,8.7791008,,,,,,2026-02-15T13:31:29.363381
Gafsa,206312341,way,cafe,Cafeteria,34.4219727,8.782918,,,,,,2026-02-15T13:31:29.363381
Gafsa,206312479,way,police,Garde nationale,34.4203735,8.7879122,,,,,,2026-02-15T13:31:29.363381
Gafsa,206345411,way,place_of_worship,,34.3995745,8.7991342,,,,,,2026-02-15T13:31:29.363381
Gafsa,206349403,way,parking,,34.4118541,8.8062175,,,,,,2026-02-15T13:31:29.363381
Gafsa,206350524,way,parking,,34.4061646,8.8002001,,,,,,2026-02-15T13:31:29.363381
Gafsa,206352111,way,place_of_worship,,34.4035846,8.7970949,,,,,,2026-02-15T13:31:29.363381
Gafsa,206352115,way,place_of_worship,,34.403753,8.7973665,,,,,,2026-02-15T13:31:29.363381
Gafsa,206352120,way,place_of_worship,,34.4038127,8.7967058,,,,,,2026-02-15T13:31:29.363381
Gafsa,312645666,way,grave_yard,,34.4212752,8.7901227,,,,,,2026-02-15T13:31:29.363381
Gafsa,313277595,way,marketplace,سوق المواشي بقفصة,34.4325164,8.8198736,,,,,,2026-02-15T13:31:29.363381
Gafsa,314456086,way,parking,Parking CRDA,34.4187323,8.7852139,شارع الحبيب بورقيبة,,,,,2026-02-15T13:31:29.363381
Gafsa,314456388,way,parking,Parking Gouvernorat,34.4186193,8.7848564,,,,,,2026-02-15T13:31:29.363381
Gafsa,314457342,way,hospital,المستشفى الجهوي حسين بوزيان بقفصة,34.4197597,8.795981,Rue Ibn Sina,+216 76 226 278,,,,2026-02-15T13:31:29.363381
Gafsa,314458033,way,parking,,34.4177303,8.7903025,,,,,,2026-02-15T13:31:29.363381
Gafsa,314458074,way,parking,,34.4173912,8.7904222,,,,,,2026-02-15T13:31:29.363381
Gafsa,314458314,way,parking,,34.4148735,8.7920626,,,,,,2026-02-15T13:31:29.363381
Gafsa,314461163,way,parking,,34.4143817,8.7931697,,,,,,2026-02-15T13:31:29.363381
Gafsa,314462368,way,school,Lycée Ibn Sina,34.4207667,8.7821635,,,,,,2026-02-15T13:31:29.363381
Gafsa,314463970,way,hospital,Hôpital Sidi Bou Yahia,34.4190312,8.7817228,,,,,,2026-02-15T13:31:29.363381
Gafsa,314470847,way,school,مدرسة حي النور,34.4292017,8.7829108,,,,,,2026-02-15T13:31:29.363381
Gafsa,314478146,way,school,معهد الحسين بوزيان,34.4235227,8.7851214,,,,,,2026-02-15T13:31:29.363381
Gafsa,314478345,way,school,Lycée Ibn Rached,34.4235473,8.7864993,,,,,,2026-02-15T13:31:29.363381
Gafsa,314609263,way,school,École Primaire rue Miloud,34.4199509,8.7906082,,,,,,2026-02-15T13:31:29.363381
Gafsa,314618487,way,school,École Primaire Gafsa ville,34.419316,8.7855677,,,,,,2026-02-15T13:31:29.363381
Gafsa,314618870,way,parking,,34.4196478,8.7887048,,,,,,2026-02-15T13:31:29.363381
Gafsa,314620218,way,parking,,34.4169989,8.7903229,,,,,,2026-02-15T13:31:29.363381
Gafsa,314620362,way,fuel,Total Gaz,34.4127017,8.792228,,,,,,2026-02-15T13:31:29.363381
Gafsa,314620903,way,restaurant,Restaurant bayech,34.4132024,8.793971,,,,,,2026-02-15T13:31:29.363381
Gafsa,314623089,way,school,Collège Ibn Sina,34.4209327,8.7804059,,,,,,2026-02-15T13:31:29.363381
Gafsa,314623191,way,school,Lycée Ahmed Snoussi,34.4209604,8.7815988,,,,,,2026-02-15T13:31:29.363381
Gafsa,318872366,way,parking,,34.4173886,8.7906492,,,,,,2026-02-15T13:31:29.363381
Gafsa,319454398,way,bus_station,Station Bus Ek kaouefel,34.4164933,8.7898783,,,,,,2026-02-15T13:31:29.363381
Gafsa,319457889,way,taxi,Station taxi,34.4157003,8.7921067,,,,,,2026-02-15T13:31:29.363381
Gafsa,320069159,way,parking,Parking privé,34.4150571,8.7915312,,,,,,2026-02-15T13:31:29.363381
Gafsa,320070168,way,parking,,34.4165256,8.7860453,,,,,,2026-02-15T13:31:29.363381
Gafsa,320382698,way,parking,,34.4288046,8.7542128,,,,,,2026-02-15T13:31:29.363381
Gafsa,321337544,way,place_of_worship,Mosquée ennour,34.429308,8.7518295,,,,,,2026-02-15T13:31:29.363381
Gafsa,321340308,way,school,Lycée Sidi Ahmed Zarroug,34.4303436,8.7454791,,,,,,2026-02-15T13:31:29.363381
Gafsa,325792064,way,social_facility,Centre de soins des personnes âgées,34.4244725,8.7598032,,,,,,2026-02-15T13:31:29.363381
Gafsa,549931104,way,grave_yard,,34.3950607,8.8191611,,,,,,2026-02-15T13:31:29.363381
Gafsa,619203076,way,school,معهد 14 جانفي,34.3927688,8.8083711,,,,,,2026-02-15T13:31:29.363381
Gafsa,788611601,way,school,المدرسة الابتدائية لالة,34.3926238,8.8219801,,,,,,2026-02-15T13:31:29.363381
Gafsa,788611602,way,school,المعهد الثانوي أحمد التليلي,34.3976361,8.8115119,,,,,,2026-02-15T13:31:29.363381
Gafsa,829704399,way,college,مركز التكوين المهني الفلاحي بقفصة,34.3949614,8.8093795,,+216 76 214125,,,,2026-02-15T13:31:29.363381
Gafsa,1154088946,way,hospital,Clinique El Amen,34.4100648,8.7357524,,,,,,2026-02-15T13:31:29.363381
Gafsa,1330277086,way,place_of_worship,Mosquée ben Yakoub,34.4188697,8.7887005,,,,,,2026-02-15T13:31:29.363381
Gafsa,1330460022,way,theatre,,34.4169153,8.785019,,,,,,2026-02-15T13:31:29.363381
Gafsa,1330460032,way,parking,,34.4185827,8.783736,,,,,,2026-02-15T13:31:29.363381
Gafsa,1364057697,way,parking,,34.4247452,8.8160368,,,,,,2026-02-15T13:31:29.363381
Gafsa,1364057698,way,parking,,34.4250702,8.8153144,,,,,,2026-02-15T13:31:29.363381
Gafsa,18246791,relation,courthouse,,34.4173726,8.785204,,,,,,2026-02-15T13:31:29.363381
Gafsa,18266069,relation,place_of_worship,Ajjamaa Elkebir,34.4149183,8.7855622,,,,,,2026-02-15T13:31:29.363381
Gafsa,18774049,relation,parking,,34.4248154,8.8148365,,,,,,2026-02-15T13:31:29.363381
Nabeul,1856436751,node,cafe,مقهى النسيم,36.4468109,10.7182411,,,,,,2026-02-15T13:31:53.988800
Nabeul,1859374830,node,car_wash,,36.4576104,10.7305549,,,,,,2026-02-15T13:31:53.988800
Nabeul,1859375311,node,car_wash,,36.4589048,10.7274113,,,,,,2026-02-15T13:31:53.988800
Nabeul,1859377615,node,car_wash,,36.4563808,10.7460796,,,,,,2026-02-15T13:31:53.988800
Nabeul,1859380662,node,veterinary,,36.4602407,10.7323472,,,,,,2026-02-15T13:31:53.988800
Nabeul,1859380990,node,bank,BTE,36.4585081,10.7291541,,,,,,2026-02-15T13:31:53.988800
Nabeul,1859381396,node,bank,بنك الإسكان,36.4543658,10.7336743,,,,,,2026-02-15T13:31:53.988800
Nabeul,1859381438,node,bank,البنك التونسي,36.4536233,10.7338204,Avenue Habib Thamer,,,,,2026-02-15T13:31:53.988800
Nabeul,1859381608,node,bank,التجاري وفا بنك,36.4533575,10.7332324,Avenue Habib Thamer,,,,,2026-02-15T13:31:53.988800
Nabeul,1859382512,node,bank,الاتحاد البنكي للتجارة والصناعة,36.4529133,10.73234,,,,,,2026-02-15T13:31:53.988800
Nabeul,1859383088,node,bank,BTL,36.4518767,10.7298972,,,,,,2026-02-15T13:31:53.988800
Nabeul,1859384690,node,bank,بنك الأمان,36.4521741,10.7305185,Avenue Habib Thameur,+216 72 286 000,,Mo-Fr 08:00-16:00,,2026-02-15T13:31:53.988800
Nabeul,1859387450,node,kindergarten,,36.4550216,10.7243831,,,,,,2026-02-15T13:31:53.988800
Nabeul,1859393871,node,fast_food,Amigos,36.4522925,10.7315319,,,,,,2026-02-15T13:31:53.988800
Nabeul,1859394270,node,fast_food,Ham Hama,36.4531757,10.7346884,,,,,,2026-02-15T13:31:53.988800
Nabeul,1859401740,node,police,Police municipale,36.4437521,10.7307029,,,,,,2026-02-15T13:31:53.988800
Nabeul,1859404265,node,bar,Hôtel Caribbean World Nabeul,36.4424648,10.7458516,,,,,,2026-02-15T13:31:53.988800
Nabeul,1859404847,node,pub,,36.4423137,10.744725,,,,,,2026-02-15T13:31:53.988800
Nabeul,1859406777,node,place_of_worship,,36.4612842,10.7211538,,,,,,2026-02-15T13:31:53.988800
Nabeul,1859689461,node,police,Poste de police,36.4587306,10.7473267,,,,,,2026-02-15T13:31:53.988800
Nabeul,1863105675,node,parking,Parking de la plage,36.4545943,10.7854408,,,,,,2026-02-15T13:31:53.988800
Nabeul,1863150829,node,library,,36.4702121,10.780651,,,,,,2026-02-15T13:31:53.988800
Nabeul,1863150856,node,police,Police,36.4692976,10.780651,,,,,,2026-02-15T13:31:53.988800
Nabeul,1863150862,node,post_office,Béni Khiar,36.4697225,10.781056,,,,,,2026-02-15T13:31:53.988800
Nabeul,1863741204,node,place_of_worship,Mosquée Al-Karma,36.455691,10.7383473,,,,,,2026-02-15T13:31:53.988800
Nabeul,1863743345,node,pharmacy,,36.4530486,10.7326543,,,,,,2026-02-15T13:31:53.988800
Nabeul,1863743377,node,pharmacy,Pharmacie Ladhib,36.4516674,10.7292653,,,,,,2026-02-15T13:31:53.988800
Nabeul,1864878461,node,bank,البنك الوطني الفلاحي,36.4687614,10.780339,,,,,,2026-02-15T13:31:53.988800
Nabeul,1864878574,node,bank,بنك الأمان,36.4676851,10.7784749,Avenue Habib Bourguiba,+216 72 229 015,,,,2026-02-15T13:31:53.988800
Nabeul,1864878586,node,bank,البنك العربي لتونس,36.4700963,10.7819941,,,,,,2026-02-15T13:31:53.988800
Nabeul,1865688509,node,taxi,Marché,36.4562587,10.7398827,,,,,,2026-02-15T13:31:53.988800
Nabeul,1868442704,node,place_of_worship,,36.4680997,10.7816316,,,,,,2026-02-15T13:31:53.988800
Nabeul,1868442705,node,place_of_worship,Mosquée Fadhel Ben Achour,36.4631471,10.7744969,,,,,,2026-02-15T13:31:53.988800
Nabeul,1868442713,node,place_of_worship,,36.4670946,10.780827,,,,,,2026-02-15T13:31:53.988800
Nabeul,1868442714,node,place_of_worship,,36.4693119,10.7850005,,,,,,2026-02-15T13:31:53.988800
Nabeul,1868442721,node,place_of_worship,,36.4559257,10.7879885,,,,,,2026-02-15T13:31:53.988800
Nabeul,1868442724,node,pharmacy,Pharmacie Menchya,36.4724149,10.7845204,,,,,,2026-02-15T13:31:53.988800
Nabeul,1868442728,node,pharmacy,Pharmacie de nuit Béni Khiar,36.4663562,10.7769874,,,,,,2026-02-15T13:31:53.988800
Nabeul,1868442731,node,pharmacy,Pharmacie Phytotherapie,36.468268,10.7792954,,,,,,2026-02-15T13:31:53.988800
Nabeul,1868442734,node,pharmacy,Pharmacie Principale,36.4702494,10.7821294,,,,,,2026-02-15T13:31:53.988800
Nabeul,1868454294,node,cafe,Café de la plage,36.4541801,10.7857795,,,,,yes,2026-02-15T13:31:53.988800
Nabeul,1882676157,node,cafe,Café des Arcades,36.4556338,10.7889679,,,,,,2026-02-15T13:31:53.988800
Nabeul,1889929325,node,place_of_worship,جامع القدس,36.4526875,10.756559,,,,,,2026-02-15T13:31:53.988800
Nabeul,2193023152,node,restaurant,Le Bon Kif,36.4525369,10.7335531,,,,,,2026-02-15T13:31:53.988800
Nabeul,2520404552,node,fuel,شل,36.4421993,10.7093336,,,,,,2026-02-15T13:31:53.988800
Nabeul,3034008295,node,cafe,Café Ahmed Bouzid,36.4722281,10.7841158,,,,,,2026-02-15T13:31:53.988800
Nabeul,3034008296,node,cafe,Café Fennia,36.4669518,10.7858348,,,,,,2026-02-15T13:31:53.988800
Nabeul,3034008297,node,cafe,مقهى جون,36.4601895,10.7857466,,,,,,2026-02-15T13:31:53.988800
Nabeul,3772153104,node,cafe,Café Royal,36.4590011,10.7537389,,,,,,2026-02-15T13:31:53.988800
Nabeul,3772153586,node,cafe,Café Dream,36.4605647,10.7586601,,,,,,2026-02-15T13:31:53.988800
Nabeul,3967148493,node,doctors,الدكتور فريد بوسلامة اختصاص امراض الشرايين,36.4551801,10.7332446,,+216 72 271 746,,,,2026-02-15T13:31:53.988800
Nabeul,3967149575,node,post_office,Nabeul Centre,36.4555209,10.733022,,,,,,2026-02-15T13:31:53.988800
Nabeul,4344134723,node,pharmacy,Pharmacie Mouna Miled Boughzela,36.4528344,10.734853,,,,,,2026-02-15T13:31:53.988800
Nabeul,4344157690,node,doctors,Gastli Pédiatre,36.4533535,10.7342731,,,,,,2026-02-15T13:31:53.988800
Nabeul,4407076995,node,place_of_worship,جامع الأنصار,36.4600227,10.7477053,,,,,,2026-02-15T13:31:53.988800
Nabeul,4498535296,node,doctors,,36.4530272,10.7352446,شارع الحبيب بورقيبة,+216 72 232 831,,Mo-Sa 09:00-19:00,,2026-02-15T13:31:53.988800
Nabeul,4559010283,node,school,المدرسة الإبتدائية,36.4468177,10.7291663,,,,,,2026-02-15T13:31:53.988800
Nabeul,4641695095,node,bank,بنك تونس العربي الدولي,36.4584888,10.7523396,,,,,,2026-02-15T13:31:53.988800
Nabeul,4641695099,node,bank,الاتحاد البنكي للتجارة والصناعة,36.4555101,10.7454713,,,,,,2026-02-15T13:31:53.988800
Nabeul,4742178239,node,kindergarten,روضة عروس البحر,36.4563326,10.7529411,,,,,,2026-02-15T13:31:53.988800
Nabeul,4770198576,node,fuel,أويليبيا,36.4562235,10.7458768,,,,,,2026-02-15T13:31:53.988800
Nabeul,4787485822,node,cafe,مقهى M&C,36.4415108,10.7172212,,,https://www.tripadvisor.fr/Restaurant_Review-g317086-d12252356-Reviews-M_C_Cafe-Nabeul_Nabeul_Governorate.html,,,2026-02-15T13:31:53.988800
Nabeul,4815402723,node,fuel,شل,36.4629892,10.7215244,,,,,,2026-02-15T13:31:53.988800
Nabeul,4969283925,node,cafe,Cafe-Espace Familial,36.4537261,10.7775967,,,,,,2026-02-15T13:31:53.988800
Nabeul,4992564242,node,cafe,مقهى بانوراما,36.4557006,10.7523784,,,,,,2026-02-15T13:31:53.988800
Nabeul,5129480922,node,fast_food,,36.458692,10.753483,,,,,,2026-02-15T13:31:53.988800
Nabeul,5257503623,node,bank,الاتحاد البنكي للتجارة والصناعة,36.4589459,10.7279734,,,,,,2026-02-15T13:31:53.988800
Nabeul,5257504621,node,pharmacy,صيدلية جياوي حرم قارة,36.4589017,10.7280679,,,,,,2026-02-15T13:31:53.988800
Nabeul,5303298880,node,cafe,Cafeteria Ideal,36.4553766,10.7541475,,,,,,2026-02-15T13:31:53.988800
Nabeul,5304015683,node,cafe,,36.455465,10.7516376,,,,,,2026-02-15T13:31:53.988800
Nabeul,5304020257,node,fast_food,,36.45456,10.7486733,,,,,,2026-02-15T13:31:53.988800
Nabeul,5656072221,node,doctors,عمارة البرتقالة,36.4540277,10.7305145,,,,,,2026-02-15T13:31:53.988800
Nabeul,5658334425,node,clinic,عيادة علاج طبيعي,36.4546392,10.7319324,,,,,,2026-02-15T13:31:53.988800
Nabeul,5663615524,node,bar,Mayasi,36.4583832,10.7210027,,,,,,2026-02-15T13:31:53.988800
Nabeul,5714188886,node,fast_food,Zizou beach,36.4354306,10.7097544,,,,,,2026-02-15T13:31:53.988800
Nabeul,5756647989,node,bank,التجاري بنك,36.4667017,10.7776269,شارع الحبيب بورقيبة,,,Mo-Fr 08:00-16:00,,2026-02-15T13:31:53.988800
Nabeul,5756647990,node,restaurant,La Pampa,36.4537605,10.7871807,Avenue de la liberté,,,,,2026-02-15T13:31:53.988800
Nabeul,5759189521,node,cafe,Time Out,36.4511626,10.7375936,,,,,,2026-02-15T13:31:53.988800
Nabeul,6088858364,node,bank,الاتحاد الدولي للبنوك,36.4497094,10.7232422,,,,,,2026-02-15T13:31:53.988800
Nabeul,6088858365,node,restaurant,Pizzeria Ben Jabeur,36.44958,10.7235295,,,,,,2026-02-15T13:31:53.988800
Nabeul,6088858367,node,restaurant,Box Food,36.4493637,10.7250107,,,,,,2026-02-15T13:31:53.988800
Nabeul,6088858372,node,telephone,,36.4498971,10.7236737,,,,,,2026-02-15T13:31:53.988800
Nabeul,6088858374,node,restaurant,L'ardoisa,36.4498256,10.7234973,,,,,,2026-02-15T13:31:53.988800
Nabeul,6088858380,node,restaurant,Sam's Burger,36.4462117,10.724439,,,,,,2026-02-15T13:31:53.988800
Nabeul,6088858381,node,bar,Seven Swag,36.446399,10.7246908,,,,,,2026-02-15T13:31:53.988800
Nabeul,6088858382,node,restaurant,Sultana,36.444544,10.724177,,,,,,2026-02-15T13:31:53.988800
Nabeul,6088858383,node,ice_cream,Bobio,36.4432023,10.7212992,,,,,,2026-02-15T13:31:53.988800
Nabeul,6088858384,node,restaurant,Grill,36.441587,10.7174583,,,,,,2026-02-15T13:31:53.988800
Nabeul,6088859386,node,bar,Bubbles Hooka & Club,36.4473822,10.7205298,,,,,,2026-02-15T13:31:53.988800
Nabeul,6088859387,node,cafe,Ex-tasse café,36.4484605,10.7224143,,,,,,2026-02-15T13:31:53.988800
Nabeul,6088859388,node,restaurant,Gustami,36.4457839,10.7249449,,,,,,2026-02-15T13:31:53.988800
Nabeul,6088859389,node,restaurant,Ninety's food,36.4460274,10.7249999,,,,,,2026-02-15T13:31:53.988800
Nabeul,6088859390,node,cafe,RP Café,36.4444217,10.7235201,,,,,,2026-02-15T13:31:53.988800
Nabeul,6088859391,node,cafe,Sidi Sliman,36.440327,10.729663,,,,,,2026-02-15T13:31:53.988800
Nabeul,6088859392,node,cafe,FOR YOU,36.4414849,10.7293052,,,,,,2026-02-15T13:31:53.988800
Nabeul,6088859395,node,cafe,Tortuga bistro,36.4438503,10.7310759,,,,,,2026-02-15T13:31:53.988800
Nabeul,6088859396,node,cafe,Café journal,36.4437642,10.7316673,,,,,,2026-02-15T13:31:53.988800
Nabeul,6088859399,node,cafe,Hashtag café,36.4500146,10.7239098,,,,,,2026-02-15T13:31:53.988800
Nabeul,6088859401,node,cafe,Café sport,36.4493375,10.7274912,,,,,,2026-02-15T13:31:53.988800
Nabeul,6088859402,node,fast_food,Chapati,36.4504957,10.7221083,,,,,,2026-02-15T13:31:53.988800
Nabeul,6088859403,node,cafe,Café du stade,36.4505273,10.7226843,,,,,,2026-02-15T13:31:53.988800
Nabeul,6088859407,node,cafe,Hard Rock Coffee,36.4502388,10.7210534,,,,,,2026-02-15T13:31:53.988800
Nabeul,6088859411,node,cafe,Faouzi,36.4494366,10.7232417,,,,,,2026-02-15T13:31:53.988800
Nabeul,6088859415,node,cafe,Café Arabesque,36.4472977,10.719121,,,,,,2026-02-15T13:31:53.988800
Nabeul,6088859416,node,restaurant,Il Padrino,36.447232,10.7194846,,,,,,2026-02-15T13:31:53.988800
Nabeul,6088859417,node,bank,بنك تونس العربي الدولي,36.4465824,10.7182158,,,,,,2026-02-15T13:31:53.988800
Nabeul,6088859418,node,bank,البنك التونسي الكويتي,36.4465342,10.7181098,,,,,,2026-02-15T13:31:53.988800
Nabeul,6088859420,node,car_rental,Enterprise Rent-a-Car,36.4489454,10.7218806,,,,,,2026-02-15T13:31:53.988800
Nabeul,6088859424,node,waste_disposal,,36.448085,10.7244255,,,,,,2026-02-15T13:31:53.988800
Nabeul,6088859428,node,pharmacy,Pharmacie Lassoued,36.4503161,10.7246939,,,,,,2026-02-15T13:31:53.988800
Nabeul,6164648855,node,cafe,Time off,36.4444635,10.7327596,,,,,,2026-02-15T13:31:53.988800
Nabeul,6164648856,node,ice_cream,Selfie rolls,36.4431336,10.7281935,,,,,,2026-02-15T13:31:53.988800
Nabeul,6164648857,node,cafe,Quick Café & Restaurant,36.4456239,10.7247353,,,,,,2026-02-15T13:31:53.988800
Nabeul,6164648858,node,restaurant,Il Gusto,36.4437854,10.7143846,,,,,,2026-02-15T13:31:53.988800
Nabeul,6164648859,node,pharmacy,Pharmacie Les Jasmins,36.4447472,10.7154408,,,,,,2026-02-15T13:31:53.988800
Nabeul,6164648861,node,doctors,Neapolis Orthopedie,36.445521,10.7161032,,,,,,2026-02-15T13:31:53.988800
Nabeul,6164648862,node,pharmacy,Pharmacie Abida,36.4471326,10.7187324,,,,,,2026-02-15T13:31:53.988800
Nabeul,6164648863,node,cafe,Boncafé,36.4466224,10.7182839,,,,,,2026-02-15T13:31:53.988800
Nabeul,6164648864,node,restaurant,Il Maestro,36.4456807,10.7163915,,,,,,2026-02-15T13:31:53.988800
Nabeul,6164648865,node,cafe,La côte,36.4376729,10.715356,,,,,,2026-02-15T13:31:53.988800
Nabeul,6164648866,node,cafe,Sidi Mahrsi,36.4321945,10.7031213,,,,,,2026-02-15T13:31:53.988800
Nabeul,6164648871,node,pharmacy,صيدلية الليل,36.4522159,10.730716,,,,,,2026-02-15T13:31:53.988800
Nabeul,6164648872,node,cafe,Le roi,36.4524437,10.7314035,,,,,,2026-02-15T13:31:53.988800
Nabeul,6164648873,node,bank,STB Bank,36.4524935,10.7315146,,,,,,2026-02-15T13:31:53.988800
Nabeul,6164648874,node,fast_food,Happy days,36.4525586,10.7316344,,,,,,2026-02-15T13:31:53.988800
Nabeul,6164648876,node,restaurant,الكورنيش,36.4426101,10.7437114,,,,,,2026-02-15T13:31:53.988800
Nabeul,6164648877,node,restaurant,Marina Beach,36.4423679,10.7479354,,,,,,2026-02-15T13:31:53.988800
Nabeul,6167343791,node,cafe,Errachidia,36.4538657,10.7337742,,,,,,2026-02-15T13:31:53.988800
Nabeul,6167343793,node,restaurant,Les Orangers,36.4521347,10.7298665,,,,,,2026-02-15T13:31:53.988800
Nabeul,6167343802,node,cafe,Coffee Mahmoud,36.4512289,10.7270287,,,,,,2026-02-15T13:31:53.988800
Nabeul,6167343803,node,fast_food,L'amitié,36.4512883,10.7271796,,,,,,2026-02-15T13:31:53.988800
Nabeul,6167343809,node,fast_food,Flamingo Pizza Sandwich,36.450396,10.7249824,,,,,,2026-02-15T13:31:53.988800
Nabeul,6167343811,node,fast_food,B. Tacos,36.4479546,10.7228846,,,,,,2026-02-15T13:31:53.988800
Nabeul,6167343813,node,cafe,Boca Café,36.4495687,10.7286536,,,,,,2026-02-15T13:31:53.988800
Nabeul,6167343817,node,bank,بنك الإسكان,36.4541082,10.7338306,,,,,,2026-02-15T13:31:53.988800
Nabeul,6167343824,node,cafe,Buvette de la plage,36.442071,10.7441326,,,,,,2026-02-15T13:31:53.988800
Nabeul,6167343825,node,restaurant,La Rotonde,36.4423484,10.7443518,,,,,,2026-02-15T13:31:53.988800
Nabeul,6167343832,node,ice_cream,Crêpes club,36.4431557,10.7259711,,,,,,2026-02-15T13:31:53.988800
Nabeul,6167343833,node,cafe,The One Café & Lounge,36.4438143,10.7318756,شارع محمد الخامس,,,Mo-Su 07:00-22:30,,2026-02-15T13:31:53.988800
Nabeul,6167343834,node,cafe,Café du Stade,36.4466411,10.7459663,,,,,,2026-02-15T13:31:53.988800
Nabeul,6167343835,node,restaurant,Buvette Yara,36.4427252,10.7479161,,,,,,2026-02-15T13:31:53.988800
Nabeul,6169391616,node,nightclub,Panorama,36.4430401,10.7425599,,,,,,2026-02-15T13:31:53.988800
Nabeul,6169391675,node,restaurant,Veni Vidi Vici,36.4448181,10.7470009,,,,,,2026-02-15T13:31:53.988800
Nabeul,6169398388,node,restaurant,Gourmandise Nabeul,36.4478976,10.7380695,,,,,,2026-02-15T13:31:53.988800
Nabeul,6169398389,node,cafe,Brooks Café,36.4476571,10.7378499,شارع الحبيب بورقيبة,,,,,2026-02-15T13:31:53.988800
Nabeul,6169398392,node,cafe,L'escale,36.451041,10.7354572,,,,Mo-Su 06:30-23:00,,2026-02-15T13:31:53.988800
Nabeul,6169398405,node,restaurant,Fratelli,36.4505047,10.7324284,,,,,,2026-02-15T13:31:53.988800
Nabeul,6169398406,node,cafe,الأمير,36.4505721,10.7326402,,,,,,2026-02-15T13:31:53.988800
Nabeul,6169398407,node,restaurant,Roxford restaurant,36.4446628,10.7153096,,,,,,2026-02-15T13:31:53.988800
Nabeul,6169398414,node,waste_disposal,,36.4476041,10.7234518,,,,,,2026-02-15T13:31:53.988800
Nabeul,6169398415,node,cafe,Fashion café,36.4428557,10.7282686,شارع محمد الخامس,,,,,2026-02-15T13:31:53.988800
Nabeul,6169398416,node,restaurant,The Border Tunisia,36.4379965,10.7052764,,,,,,2026-02-15T13:31:53.988800
Nabeul,6169398418,node,cafe,Sperenza,36.4418519,10.7088719,,,,,,2026-02-15T13:31:53.988800
Nabeul,6169398421,node,restaurant,Monocle,36.4339441,10.6900473,,,,,,2026-02-15T13:31:53.988800
Nabeul,6169398423,node,cafe,Sunset Café & Lounge,36.433796,10.6895872,,,,,,2026-02-15T13:31:53.988800
Nabeul,6169398440,node,restaurant,Omar resto,36.4328611,10.7028488,,,,,,2026-02-15T13:31:53.988800
Nabeul,6171980529,node,cafe,Axel'd,36.4308873,10.691591,,,,,,2026-02-15T13:31:53.988800
Nabeul,6171980530,node,cafe,Aquarius,36.4310962,10.6923632,,,,,,2026-02-15T13:31:53.988800
Nabeul,6171980535,node,bar,Popeye Lounge,36.4452904,10.7247939,,,,,,2026-02-15T13:31:53.988800
Nabeul,6171980536,node,nightclub,Gaïa,36.4431884,10.7284752,,,,,,2026-02-15T13:31:53.988800
Nabeul,6171980537,node,cafe,Garden café,36.447554,10.7451569,,,,,,2026-02-15T13:31:53.988800
Nabeul,6171980540,node,restaurant,Licosa,36.4478825,10.7371733,شارع الحبيب بورقيبة,,,,,2026-02-15T13:31:53.988800
Nabeul,6171980545,node,restaurant,Twins,36.4492859,10.7369377,شارع الحبيب بورقيبة,,,,,2026-02-15T13:31:53.988800
Nabeul,6171980546,node,fast_food,Appolo,36.4493858,10.7368674,,,,,,2026-02-15T13:31:53.988800
Nabeul,6171980548,node,nightclub,After work,36.4427951,10.7417993,,,,,,2026-02-15T13:31:53.988800
Nabeul,6171981195,node,cafe,Montana,36.4502394,10.7250634,,,,,,2026-02-15T13:31:53.988800
Nabeul,6171981207,node,marketplace,Souk de Nabeul,36.4539016,10.734318,,,,,,2026-02-15T13:31:53.988800
Nabeul,6177368013,node,bank,التجاري وفا بنك,36.4535662,10.7336942,Avenue Habib Thamer,,,,,2026-02-15T13:31:53.988800
Nabeul,6177368017,node,bank,بنك تونس العربي الدولي,36.4529619,10.7345137,,,,,,2026-02-15T13:31:53.988800
Nabeul,6177368018,node,bank,بنك تونس العربي الدولي,36.4525289,10.7350592,,,,,,2026-02-15T13:31:53.988800
Nabeul,6177368019,node,restaurant,Restaurant Hala Oriental,36.4526738,10.7349214,,,,,,2026-02-15T13:31:53.988800
Nabeul,6177368025,node,bank,البنك التونسي السعودي,36.4518341,10.7351888,,,,,,2026-02-15T13:31:53.988800
Nabeul,6177368037,node,pharmacy,Pharmacie Amine Salah,36.4515118,10.7358821,شارع علي البلهوان,,,,,2026-02-15T13:31:53.988800
Nabeul,6177368043,node,restaurant,Big Boy,36.4520374,10.7379335,,,,,,2026-02-15T13:31:53.988800
Nabeul,6177368045,node,cafe,Café Food Olympique,36.4524582,10.7389352,,,,,,2026-02-15T13:31:53.988800
Nabeul,6177368046,node,post_office,Dar Chaabane Plage,36.4529775,10.7497921,,,,,,2026-02-15T13:31:53.988800
Nabeul,6177368047,node,restaurant,Frutta Frutta,36.4535117,10.749561,,,,,,2026-02-15T13:31:53.988800
Nabeul,6184946770,node,cafe,Le Baroque,36.4434649,10.7139097,,,,,,2026-02-15T13:31:53.988800
Nabeul,6184946771,node,police,الحرس الوطني,36.4435246,10.7132553,,,,,,2026-02-15T13:31:53.988800
Nabeul,6184946775,node,restaurant,Crespella,36.4466342,10.7264548,,,,,,2026-02-15T13:31:53.988800
Nabeul,6184946776,node,cafe,Café Derbi,36.4465922,10.7262083,,,,,,2026-02-15T13:31:53.988800
Nabeul,6193581376,node,pharmacy,Pharmacie Ammar Aouatef,36.4546792,10.7235677,,,,,,2026-02-15T13:31:53.988800
Nabeul,6193581385,node,cafe,Café Baba Zou,36.4601164,10.7277734,,,,,,2026-02-15T13:31:53.988800
Nabeul,6193581386,node,cafe,Café Ben Fkih,36.4601487,10.7270331,,,,,,2026-02-15T13:31:53.988800
Nabeul,6193581400,node,pharmacy,Pharmacie Rguig,36.4564878,10.7319469,,,,,,2026-02-15T13:31:53.988800
Nabeul,6193581419,node,cafe,Bella Vista,36.4566459,10.7339243,,,,,,2026-02-15T13:31:53.988800
Nabeul,6193581438,node,bank,ATB Financial,36.4551987,10.733533,,,,,,2026-02-15T13:31:53.988800
Nabeul,6193581440,node,bank,البنك الوطني الجزائري,36.4541752,10.7352985,,,,,,2026-02-15T13:31:53.988800
Nabeul,6193581446,node,cafe,Café Avenue Farhat Hached,36.4555085,10.7366819,,,,,,2026-02-15T13:31:53.988800
Nabeul,6193581474,node,bank,مصرف الزيتونة,36.4565633,10.7380212,,,,,,2026-02-15T13:31:53.988800
Nabeul,6201363274,node,restaurant,Slovenia,36.4438986,10.7145663,,,,,,2026-02-15T13:31:53.988800
Nabeul,6201363275,node,restaurant,The Wake Up Coffee Shop,36.4453034,10.7163845,,,,,,2026-02-15T13:31:53.988800
Nabeul,6201363281,node,restaurant,Falefel Tarbouche,36.4469076,10.7184247,,,,,,2026-02-15T13:31:53.988800
Nabeul,6201364013,node,fast_food,Point G crêpes Et Gaufres,36.4442275,10.7330339,شارع محمد الخامس,,,,,2026-02-15T13:31:53.988800
Nabeul,6201364014,node,restaurant,Texas,36.4444899,10.7342257,,,,,,2026-02-15T13:31:53.988800
Nabeul,6201364015,node,bar,Pinky Bistro,36.4444415,10.7340346,,,,Mo-Su 07:00-21:30,,2026-02-15T13:31:53.988800
Nabeul,6201364016,node,cafe,Chocoholic,36.4446707,10.7347106,,,,Mo-Su 07:00-21:30,,2026-02-15T13:31:53.988800
Nabeul,6201364017,node,cafe,Costa Café,36.4448145,10.7348486,,,,Mo-Su 06:30-22:00,,2026-02-15T13:31:53.988800
Nabeul,6201364018,node,restaurant,Le Grand Pecheur,36.4448321,10.733923,,,,,,2026-02-15T13:31:53.988800
Nabeul,6201364020,node,fast_food,Mon Plaisir,36.4446266,10.7345725,,,,,,2026-02-15T13:31:53.988800
Nabeul,6201364022,node,cafe,Café La Nostra,36.4460288,10.7416368,,,,,,2026-02-15T13:31:53.988800
Nabeul,6201364024,node,restaurant,La Fontaine,36.442462,10.7452568,,,,,,2026-02-15T13:31:53.988800
Nabeul,6201364036,node,restaurant,Garage 41,36.4466972,10.7184291,,,,,,2026-02-15T13:31:53.988800
Nabeul,6202229607,node,ice_cream,Gianni Gelato,36.4466147,10.7380778,,,,,,2026-02-15T13:31:53.988800
Nabeul,6202229609,node,cafe,Café de la foire,36.4450454,10.739475,,,,,,2026-02-15T13:31:53.988800
Nabeul,6202229611,node,cafe,La Cabane,36.4527786,10.7326444,,,,,,2026-02-15T13:31:53.988800
Nabeul,6202229619,node,fast_food,Il Forno,36.451746,10.7343491,,,,,,2026-02-15T13:31:53.988800
Nabeul,6202229620,node,pharmacy,Pharmacie Gasti,36.4502173,10.7313408,,,,,,2026-02-15T13:31:53.988800
Nabeul,6202229626,node,fast_food,Town Coffee & Burger,36.4514499,10.7320097,,,,,,2026-02-15T13:31:53.988800
Nabeul,6202229627,node,fast_food,Tex Mex,36.4519168,10.7334608,,,,,,2026-02-15T13:31:53.988800
Nabeul,6202229629,node,restaurant,Le Patio,36.452358,10.7336519,,,,,,2026-02-15T13:31:53.988800
Nabeul,6202229630,node,restaurant,L'Olivier,36.4527785,10.7345908,,,,,,2026-02-15T13:31:53.988800
Nabeul,6202229631,node,pharmacy,Pharmacie Boughzala,36.4529729,10.7347809,,,,,,2026-02-15T13:31:53.988800
Nabeul,6202229632,node,restaurant,صويبعات صنافة,36.4502059,10.7299074,,,,,,2026-02-15T13:31:53.988800
Nabeul,6202229634,node,restaurant,El Bahi,36.4514812,10.730187,,,,,,2026-02-15T13:31:53.988800
Nabeul,6202229635,node,cafe,CAFE +,36.4519139,10.7315673,,,,,,2026-02-15T13:31:53.988800
Nabeul,6202229638,node,cafe,Brown Ink,36.4460559,10.7254464,,,,,,2026-02-15T13:31:53.988800
Nabeul,6202229639,node,internet_cafe,Gamers Club,36.4458657,10.7259291,,,,,,2026-02-15T13:31:53.988800
Nabeul,6202229642,node,restaurant,Domino Food,36.4447438,10.7348107,,,,,,2026-02-15T13:31:53.988800
Nabeul,6202229643,node,cafe,Café Club les Trières,36.4429536,10.7494497,,,,,,2026-02-15T13:31:53.988800
Nabeul,6202229679,node,police,Police de plage,36.4420221,10.7407575,,,,,,2026-02-15T13:31:53.988800
Nabeul,6202422554,node,cafe,Buvette Saber,36.4502325,10.7360984,,,,,,2026-02-15T13:31:53.988800
Nabeul,6202422555,node,car_rental,Nabeul Cars,36.4515582,10.7355538,,,,,,2026-02-15T13:31:53.988800
Nabeul,6202422563,node,fast_food,Pepitos,36.4494623,10.7368181,شارع الحبيب بورقيبة,,,,,2026-02-15T13:31:53.988800
Nabeul,6202422567,node,ice_cream,Gelolandia,36.4479842,10.7371246,,,,,,2026-02-15T13:31:53.988800
Nabeul,6202422572,node,cafe,Café Planete Foot,36.4476991,10.7530277,,,,,,2026-02-15T13:31:53.988800
Nabeul,6202422573,node,cafe,Salon De Thé Ibiza Dar Chaabane Nabeul,36.4463053,10.7539906,,,,Mo-Su 08:30-22:00,,2026-02-15T13:31:53.988800
Nabeul,6202422574,node,cafe,Café Rolla,36.449023,10.7519936,,,,,,2026-02-15T13:31:53.988800
Nabeul,6202422578,node,fuel,Ksontini Automobile,36.464638,10.7357775,,,,,,2026-02-15T13:31:53.988800
Nabeul,6202422579,node,fuel,Kais Nsir,36.4642587,10.7348482,,,,,,2026-02-15T13:31:53.988800
Nabeul,6202422582,node,cafe,Cafe Om Kalthoum,36.4631996,10.7328541,,,,,,2026-02-15T13:31:53.988800
Nabeul,6204352264,node,taxi,"Bosch Car Service , Sidi Mahrsi, Nabeul , Tunisie",36.4415471,10.708189,,,,,,2026-02-15T13:31:53.988800
Nabeul,6204352690,node,car_wash,,36.4505568,10.7208223,,,,,,2026-02-15T13:31:53.988800
Nabeul,6204352718,node,restaurant,Restaurant SFIA,36.4567787,10.731941,,,,,,2026-02-15T13:31:53.988800
Nabeul,6204352719,node,bar,مطعم الهناء وبار موسى,36.4565408,10.7310906,,,,,,2026-02-15T13:31:53.988800
Nabeul,6204352720,node,cafe,Cafe Sarra,36.45833,10.7270914,,,,,,2026-02-15T13:31:53.988800
Nabeul,6204352721,node,bank,بنك البركة,36.4555694,10.7319194,,,,,,2026-02-15T13:31:53.988800
Nabeul,6204352739,node,police,Police,36.4560736,10.7386303,,,,,,2026-02-15T13:31:53.988800
Nabeul,6204352781,node,fast_food,,36.444972,10.7426031,,,,,,2026-02-15T13:31:53.988800
Nabeul,6204459433,node,cafe,,36.4575259,10.7309251,,,,,,2026-02-15T13:31:53.988800
Nabeul,6204459443,node,post_office,Nabeul Centre,36.4557296,10.7332105,,,,,,2026-02-15T13:31:53.988800
Nabeul,6208150360,node,fast_food,Chapati centre,36.4531849,10.7322718,,,,,,2026-02-15T13:31:53.988800
Nabeul,6208150361,node,cafe,Ac Milan Coffee,36.4532389,10.7324019,,,,,,2026-02-15T13:31:53.988800
Nabeul,6208150388,node,cafe,Studio 55,36.4353559,10.6944764,,,,,,2026-02-15T13:31:53.988800
Nabeul,6208150389,node,cafe,Do' Thé,36.4352168,10.6938647,,,,,,2026-02-15T13:31:53.988800
Nabeul,6208150391,node,bank,البنك التونسي,36.4354123,10.6923799,,,,,,2026-02-15T13:31:53.988800
Nabeul,6208150392,node,cafe,El Amen,36.4353735,10.6929056,,,,,,2026-02-15T13:31:53.988800
Nabeul,6208889633,node,restaurant,Restaurant Mustapha,36.4534127,10.7410109,,,,,,2026-02-15T13:31:53.988800
Nabeul,6208889634,node,restaurant,Chez Hamhoum,36.4533615,10.7414923,,,,,,2026-02-15T13:31:53.988800
Nabeul,6210560704,node,bank,La Poste Tunisienne,36.4510759,10.7274666,,,,,,2026-02-15T13:31:53.988800
Nabeul,6210560710,node,cafe,Café de Paris,36.4511872,10.7275851,,,,,,2026-02-15T13:31:53.988800
Nabeul,6210561193,node,driving_school,Jeribi Auto-Ecole,36.4499579,10.7237039,,,,,,2026-02-15T13:31:53.988800
Nabeul,6211660647,node,restaurant,Diar Zman,36.4353351,10.6937846,,,,,,2026-02-15T13:31:53.988800
Nabeul,6211666491,node,cafe,Glamour Café & Fast-Food,36.4352933,10.6916999,,,,,,2026-02-15T13:31:53.988800
Nabeul,6219477180,node,restaurant,Les Jasmins,36.4436056,10.7144963,,,,,,2026-02-15T13:31:53.988800
Nabeul,6219477424,node,cafe,Taipei 101 drink & food,36.4338507,10.6886272,,,,,,2026-02-15T13:31:53.988800
Nabeul,6219477479,node,community_centre,Salle des fetes Vectoria,36.4440832,10.740224,,,,,,2026-02-15T13:31:53.988800
Nabeul,6219544099,node,doctors,Dr Memiche Fezzani Rym,36.4523892,10.7383237,,,,,,2026-02-15T13:31:53.988800
Nabeul,6223222722,node,cafe,Buvette Salem,36.4533404,10.7496797,,,,,,2026-02-15T13:31:53.988800
Nabeul,6223222746,node,fast_food,La Strada,36.4527032,10.7324357,,,,,,2026-02-15T13:31:53.988800
Nabeul,6223222752,node,bar,Jus de fruits frais Nabeul,36.4539528,10.7342307,,,,,,2026-02-15T13:31:53.988800
Nabeul,6223222753,node,restaurant,Akel Fast,36.4537649,10.7343563,,,,,,2026-02-15T13:31:53.988800
Nabeul,6223222754,node,cafe,البركة,36.4536781,10.7343811,,,,,,2026-02-15T13:31:53.988800
Nabeul,6223222755,node,restaurant,C'Kentacky,36.4537052,10.7339879,,,,,,2026-02-15T13:31:53.988800
Nabeul,6223222756,node,restaurant,Kilioupatra,36.4536318,10.7341087,,,,,,2026-02-15T13:31:53.988800
Nabeul,6223222765,node,fast_food,Peperone,36.4535372,10.734466,,,,,,2026-02-15T13:31:53.988800
Nabeul,6223222780,node,cafe,Café Alae,36.4482279,10.7226363,,,,,,2026-02-15T13:31:53.988800
Nabeul,6227583350,node,fast_food,Pizza Hiba,36.445675,10.7249589,,,,,,2026-02-15T13:31:53.988800
Nabeul,6228290088,node,bank,بنك الاسكان نابل,36.4543639,10.7313694,,,,,,2026-02-15T13:31:53.988800
Nabeul,6228290089,node,cafe,ميو كافيه,36.4542739,10.7310768,,,,,,2026-02-15T13:31:53.988800
Nabeul,6228290091,node,restaurant,إنستا فود,36.4531902,10.7311375,,,,,,2026-02-15T13:31:53.988800
Nabeul,6228290094,node,restaurant,Les Jasmins,36.4559581,10.730357,,,,,,2026-02-15T13:31:53.988800
Nabeul,6228290118,node,restaurant,El Saha,36.4564238,10.7380679,,,,,,2026-02-15T13:31:53.988800
Nabeul,6228290119,node,cafe,Toscana,36.4530991,10.7416258,,,,,,2026-02-15T13:31:53.988800
Nabeul,6228290122,node,cafe,Babab Nouri,36.4537833,10.7416862,,,,,,2026-02-15T13:31:53.988800
Nabeul,6228290125,node,restaurant,Dar Mrad,36.4530237,10.7433913,,,,,,2026-02-15T13:31:53.988800
Nabeul,6228290126,node,cafe,Basha Café,36.4525491,10.7417456,,,,,,2026-02-15T13:31:53.988800
Nabeul,6228290127,node,restaurant,Pacha Drink & food,36.4523441,10.7423031,,,,,,2026-02-15T13:31:53.988800
Nabeul,6228290128,node,pharmacy,Pharmacie Rym Abderrazek,36.4522031,10.7420543,,,,,,2026-02-15T13:31:53.988800
Nabeul,6231293132,node,restaurant,Big Texas,36.4353326,10.6943618,,,,,,2026-02-15T13:31:53.988800
Nabeul,6238751125,node,pharmacy,Pharmacie Sabeur Karma,36.4539875,10.7424242,,,,,,2026-02-15T13:31:53.988800
Nabeul,6238751128,node,cafe,Café Achour Hadidane,36.4533023,10.7414529,,,,,,2026-02-15T13:31:53.988800
Nabeul,6238751135,node,cafe,Café Am Ali,36.4544994,10.7435217,,,,,,2026-02-15T13:31:53.988800
Nabeul,6238751136,node,restaurant,Restaurant Maxi's,36.4552112,10.7432579,,,,,,2026-02-15T13:31:53.988800
Nabeul,6238751137,node,cafe,Café Touta,36.4478164,10.7403188,,,,,,2026-02-15T13:31:53.988800
Nabeul,6238751138,node,restaurant,Buvette,36.4426283,10.7258847,,,,,,2026-02-15T13:31:53.988800
Nabeul,6238772217,node,bench,,36.4428203,10.7479683,,,,,,2026-02-15T13:31:53.988800
Nabeul,6238772218,node,bicycle_parking,,36.4428523,10.7479179,,,,,,2026-02-15T13:31:53.988800
Nabeul,6238772219,node,bicycle_parking,,36.4428594,10.7479852,,,,,,2026-02-15T13:31:53.988800
Nabeul,6242715788,node,driving_school,Auto ecole Hamza Tarbi,36.4519626,10.7330602,,,,,,2026-02-15T13:31:53.988800
Nabeul,6244759005,node,bank,بنك الأمان,36.458228,10.7435569,Avenue Med Hédi Khefacha,+216 72 320 020,,,,2026-02-15T13:31:53.988800
Nabeul,6244759006,node,cafe,Cafétéria Pazzo,36.4584401,10.7445078,,,,,,2026-02-15T13:31:53.988800
Nabeul,6244759007,node,bank,Western Union,36.4582782,10.743679,,,,,,2026-02-15T13:31:53.988800
Nabeul,6244759014,node,cafe,Chez Saber,36.4562291,10.7389715,,,,,,2026-02-15T13:31:53.988800
Nabeul,6244759021,node,cafe,عند حاجي,36.455872,10.7367177,,,,,,2026-02-15T13:31:53.988800
Nabeul,6244759042,node,restaurant,لبلابي مهبول,36.4542255,10.7361015,,,,,,2026-02-15T13:31:53.988800
Nabeul,6244759043,node,restaurant,La Mexicana,36.4540659,10.734173,,,,,,2026-02-15T13:31:53.988800
Nabeul,6244759044,node,restaurant,Chez Mengüllüoğlu & Nuraydin (Pâtisserie turque),36.4543721,10.7340245,,,,,,2026-02-15T13:31:53.988800
Nabeul,6244759045,node,restaurant,Club Sandwich,36.4542152,10.7349755,,,,,,2026-02-15T13:31:53.988800
Nabeul,6244759047,node,bank,Finance Branch,36.4575873,10.7378996,,,,,,2026-02-15T13:31:53.988800
Nabeul,6244759058,node,cafe,Vintage Coffee,36.445721,10.7250016,,,,,,2026-02-15T13:31:53.988800
Nabeul,6245397680,node,taxi,Station Taxi,36.4592406,10.7275448,,,,,,2026-02-15T13:31:53.988800
Nabeul,6245407099,node,police,الحرس الوطني,36.4754628,10.704983,,,,,,2026-02-15T13:31:53.988800
Nabeul,6252317110,node,cafe,Coffee Time La Fiesta,36.4511326,10.7506944,,,,,,2026-02-15T13:31:53.988800
Nabeul,6252317114,node,restaurant,Restaurant Abou Ahmad,36.453256,10.7495883,,,,,,2026-02-15T13:31:53.988800
Nabeul,6252317115,node,doctors,Educaro Nabeul,36.4523041,10.7467134,,,,,,2026-02-15T13:31:53.988800
Nabeul,6252317139,node,bus_station,Béni Khiar,36.4692898,10.7812074,,,,,,2026-02-15T13:31:53.988800
Nabeul,6252317149,node,cafe,Café Ennabi,36.4691108,10.7807957,,,,,,2026-02-15T13:31:53.988800
Nabeul,6252317184,node,driving_school,Auto-Ecole Nessrine,36.4722886,10.7836553,,,,,,2026-02-15T13:31:53.988800
Nabeul,6268027019,node,cafe,Magic Moment Coffee,36.4448451,10.7157358,,,,,,2026-02-15T13:31:53.988800
Nabeul,6275098156,node,cafe,Marbella Brunch,36.4528582,10.7336803,,,,,,2026-02-15T13:31:53.988800
Nabeul,6275098162,node,cafe,El Malouf,36.4550584,10.7333189,,,,,,2026-02-15T13:31:53.988800
Nabeul,6275098178,node,fast_food,Fast-Food,36.4522353,10.7308289,,,,,,2026-02-15T13:31:53.988800
Nabeul,6275098179,node,cafe,Cafétéria Emna,36.4518713,10.7290681,,,,,,2026-02-15T13:31:53.988800
Nabeul,6275098183,node,fast_food,La Pulpa,36.4514779,10.7278244,,,,,,2026-02-15T13:31:53.988800
Nabeul,6275099891,node,cafe,Café Sourour,36.4484648,10.7210382,,,,,,2026-02-15T13:31:53.988800
Nabeul,6285913470,node,bank,إتش إس بي سي,36.4500936,10.7229993,,,,,,2026-02-15T13:31:53.988800
Nabeul,6301144059,node,bank,Western Union,36.4497952,10.723172,,,,,,2026-02-15T13:31:53.988800
Nabeul,6302382964,node,pharmacy,Pharmacie Fatma Guiga,36.4580662,10.7469037,Avenue de la Paix,,,,,2026-02-15T13:31:53.988800
Nabeul,6302382977,node,bank,التجاري بنك,36.4638189,10.7475712,,,https://www.attijarirealtime.com.tn/,,no,2026-02-15T13:31:53.988800
Nabeul,6302382978,node,bank,Société Tunisienne de Banque,36.4621018,10.7472854,شارع الحبيب بورقيبة,,,Mo-Fr 08:00-16:00,,2026-02-15T13:31:53.988800
Nabeul,6302382979,node,bank, أدفنس,36.4589611,10.7364679,,,,,,2026-02-15T13:31:53.988800
Nabeul,6302382980,node,cafe,Café Heni,36.4632048,10.7323188,,,,,,2026-02-15T13:31:53.988800
Nabeul,6302382981,node,bar,Bar Restaurant,36.4614441,10.7293097,,,,,,2026-02-15T13:31:53.988800
Nabeul,6302382983,node,bank,الاتحاد البنكي للتجارة والصناعة,36.4563583,10.7314499,,,,,,2026-02-15T13:31:53.988800
Nabeul,6302383585,node,cafe,Hollywood Cafe Nabeul,36.4555715,10.7327444,,,,,,2026-02-15T13:31:53.988800
Nabeul,6302383586,node,bank,الاتحاد الدولي للبنوك,36.4532698,10.7342717,,,,,,2026-02-15T13:31:53.988800
Nabeul,6302383587,node,cafe,Gastly Cafe,36.4540323,10.7350762,,,,,,2026-02-15T13:31:53.988800
Nabeul,6306915432,node,restaurant,Espace Hannibal,36.4591758,10.7551301,,,,,,2026-02-15T13:31:53.988800
Nabeul,6306915435,node,bank,الاتحاد الدولي للبنوك,36.4591372,10.7523477,,,,,,2026-02-15T13:31:53.988800
Nabeul,6306915449,node,cafe,Café Mondial,36.4586265,10.7507866,,,,,,2026-02-15T13:31:53.988800
Nabeul,6306915452,node,cafe,Lagoona Cafe,36.4592652,10.7553839,,,,,,2026-02-15T13:31:53.988800
Nabeul,6306915453,node,restaurant,Madame Ezzine,36.4586909,10.7552345,,,,,,2026-02-15T13:31:53.988800
Nabeul,6306915458,node,cafe,Spring's,36.4554431,10.7480457,,,,,,2026-02-15T13:31:53.988800
Nabeul,6306915459,node,cafe,Sosta Café,36.4555849,10.7479332,,,,,,2026-02-15T13:31:53.988800
Nabeul,6306915460,node,cafe,Café Elgran,36.4551882,10.7482848,,,,,,2026-02-15T13:31:53.988800
Nabeul,6306915468,node,restaurant,Restaurant Anis,36.4549731,10.7484161,,,,,,2026-02-15T13:31:53.988800
Nabeul,6306915469,node,cafe,Café Les Violette,36.4547037,10.7490052,,,,,,2026-02-15T13:31:53.988800
Nabeul,6308245632,node,fast_food,Happy,36.4422357,10.7439588,,,,,,2026-02-15T13:31:53.988800
Nabeul,6308245634,node,restaurant,La Petite Marmite,36.4452736,10.7111267,,,,,,2026-02-15T13:31:53.988800
Nabeul,6309100826,node,cafe,So Delicious,36.4310318,10.6921118,,,,,,2026-02-15T13:31:53.988800
Nabeul,6309100827,node,bar,Le Before,36.4309514,10.6918404,,,,,,2026-02-15T13:31:53.988800
Nabeul,6309100828,node,restaurant,Néapolis Club,36.4414502,10.7164612,,,,,,2026-02-15T13:31:53.988800
Nabeul,6328137917,node,cafe,Café Mosaique,36.4629758,10.7706125,,,,,,2026-02-15T13:31:53.988800
Nabeul,6328137918,node,cafe,Café Club,36.4656258,10.7769403,,,,,,2026-02-15T13:31:53.988800
Nabeul,6328137936,node,fast_food,La Reine,36.4685362,10.7803388,,,,,,2026-02-15T13:31:53.988800
Nabeul,6328137937,node,cafe,Café Verre,36.46861,10.7800175,,,,,,2026-02-15T13:31:53.988800
Nabeul,6328137939,node,fast_food,Chez Haythem,36.4687541,10.7806492,,,,,,2026-02-15T13:31:53.988800
Nabeul,6328137940,node,bank,At-Takafukia,36.4689264,10.7805684,,,,,,2026-02-15T13:31:53.988800
Nabeul,6328137947,node,bank,Western Union,36.4665216,10.7775181,,,,,,2026-02-15T13:31:53.988800
Nabeul,6328137948,node,cafe,Café de la Paix,36.4658229,10.7766072,,,,,,2026-02-15T13:31:53.988800
Nabeul,6328137949,node,restaurant,Le Peuple,36.4692766,10.7815577,,,,,,2026-02-15T13:31:53.988800
Nabeul,6328137950,node,bank,Westpac,36.469822,10.7819513,,,,,,2026-02-15T13:31:53.988800
Nabeul,6328137951,node,fast_food,Chez Selim,36.4720095,10.78333,,,,,,2026-02-15T13:31:53.988800
Nabeul,6328137952,node,fuel,عجيل,36.4718165,10.7831271,,,,,,2026-02-15T13:31:53.988800
Nabeul,6329687283,node,cafe,Café Haboub,36.4461473,10.7284285,,,,,,2026-02-15T13:31:53.988800
Nabeul,6329687586,node,bank,البنك الوطني الجزائري,36.4465325,10.7176606,,,,,,2026-02-15T13:31:53.988800
Nabeul,6329687587,node,post_office,La Poste Tunisienne,36.4477683,10.7207758,,,,,,2026-02-15T13:31:53.988800
Nabeul,6335865937,node,restaurant,Maxi Food,36.4514715,10.7286614,,,,,,2026-02-15T13:31:53.988800
Nabeul,6335865946,node,bar,Il Forno,36.445427,10.7250128,,,,,,2026-02-15T13:31:53.988800
Nabeul,6339857710,node,pharmacy,Pharmacie Zouaoui,36.4641574,10.7836369,,,,,,2026-02-15T13:31:53.988800
Nabeul,6339857711,node,fast_food,Food Station Beni Khiar,36.4648127,10.7850342,,,,,,2026-02-15T13:31:53.988800
Nabeul,6339857714,node,fast_food,La Mamma,36.4564031,10.7881284,,,,,,2026-02-15T13:31:53.988800
Nabeul,6339857715,node,cafe,Café des Sports,36.4560016,10.7889801,,,,,,2026-02-15T13:31:53.988800
Nabeul,6339857723,node,cafe,Le Chalet,36.4730178,10.7744302,,,,,,2026-02-15T13:31:53.988800
Nabeul,6339857743,node,cafe,Café Silentro,36.4716851,10.7829905,,,,,,2026-02-15T13:31:53.988800
Nabeul,6339857745,node,fast_food,Queens Dar Zmen,36.4684149,10.7808423,,,,,,2026-02-15T13:31:53.988800
Nabeul,6339857746,node,bank,La Poste Tunisienne,36.4698845,10.7812255,,,,,,2026-02-15T13:31:53.988800
Nabeul,6339857747,node,fast_food,Mlawi,36.4700124,10.7807465,,,,,,2026-02-15T13:31:53.988800
Nabeul,6343247606,node,bar,Java Café,36.4443134,10.7245087,,,,,,2026-02-15T13:31:53.988800
Nabeul,6343247607,node,cafe,Primavera,36.4461533,10.7176426,,,,,,2026-02-15T13:31:53.988800
Nabeul,6345018726,node,bank,Turcom,36.4593906,10.7270753,,,,,,2026-02-15T13:31:53.988800
Nabeul,6345973575,node,cafe,Café Maure,36.442051,10.7398525,,,,,,2026-02-15T13:31:53.988800
Nabeul,6345973582,node,bank,Banesco,36.4516828,10.730029,,,,,,2026-02-15T13:31:53.988800
Nabeul,6345973584,node,bank,Banesco,36.452824,10.7313316,,,,,,2026-02-15T13:31:53.988800
Nabeul,6345973985,node,bank,La Poste Tunisienne,36.4509844,10.7297191,,,,,,2026-02-15T13:31:53.988800
Nabeul,6352557873,node,cafe,Café La Rosa,36.4529939,10.7358362,,,,,,2026-02-15T13:31:53.988800
Nabeul,6352557874,node,restaurant,Restaurant Hala,36.4532121,10.735411,,,,,,2026-02-15T13:31:53.988800
Nabeul,6352557875,node,cafe,Cafeteria Arabesque,36.452618,10.7357282,,,,,,2026-02-15T13:31:53.988800
Nabeul,6352557876,node,cafe,Cafe Classico,36.4541026,10.7387749,,,,,,2026-02-15T13:31:53.988800
Nabeul,6352557878,node,cafe,Cafétéria Saaid,36.454248,10.7398949,,,,,,2026-02-15T13:31:53.988800
Nabeul,6352557879,node,bank,BTS,36.4547834,10.7413155,,,,,,2026-02-15T13:31:53.988800
Nabeul,6389530550,node,pharmacy,Pharmacie Lahmar,36.4689261,10.745968,,,,,,2026-02-15T13:31:53.988800
Nabeul,6389530571,node,cafe,Café Jradi,36.4654403,10.7478816,,,,Mo-Su 06:00-21:30,,2026-02-15T13:31:53.988800
Nabeul,6389530581,node,fast_food,Fast Food Dghaies,36.4683003,10.7501232,,,,,,2026-02-15T13:31:53.988800
Nabeul,6389530582,node,cafe,Café Nejja,36.4677748,10.7501315,,,,,,2026-02-15T13:31:53.988800
Nabeul,6389530887,node,cafe,Baraka Café,36.4637698,10.7477921,,,,,,2026-02-15T13:31:53.988800
Nabeul,6389530889,node,pharmacy,Pharmacie De Nuit,36.4627581,10.7477234,شارع الحبيب بورقيبة,,,,,2026-02-15T13:31:53.988800
Nabeul,6389530891,node,cafe,Café Daoued,36.4620147,10.7475664,شارع الحبيب بورقيبة,,,Mo-Su 06:00-22:00,,2026-02-15T13:31:53.988800
Nabeul,6389530892,node,cafe,Café Stita,36.4648699,10.7527124,,,,,,2026-02-15T13:31:53.988800
Nabeul,6389530906,node,restaurant,بانوراما,36.459368,10.7482615,,,,,,2026-02-15T13:31:53.988800
Nabeul,6389530907,node,cafe,Café L'Horizon,36.4609329,10.7543843,,,,,,2026-02-15T13:31:53.988800
Nabeul,6389530911,node,cafe,Cafétéria Habiba,36.46576,10.7379146,,,,,,2026-02-15T13:31:53.988800
Nabeul,6391372232,node,bank,BH,36.456754,10.7481465,,,,,,2026-02-15T13:31:53.988800
Nabeul,6391372233,node,cafe,La Coccinelle,36.4573869,10.7493683,,,,,,2026-02-15T13:31:53.988800
Nabeul,6391372253,node,cafe,السوق,36.4555364,10.737397,,,,,,2026-02-15T13:31:53.988800
Nabeul,6391372254,node,cafe,Monzor,36.4542487,10.7328103,,,,,,2026-02-15T13:31:53.988800
Nabeul,6391372256,node,cafe,Café de Paris,36.4569487,10.7377072,,,,,,2026-02-15T13:31:53.988800
Nabeul,6391372257,node,cafe,Café Ennour,36.4574672,10.7375228,,,,,,2026-02-15T13:31:53.988800
Nabeul,6391372258,node,bank,Attjari Bank,36.4579219,10.7375887,,,,,,2026-02-15T13:31:53.988800
Nabeul,6391372267,node,restaurant,مطعم النابلي,36.453943,10.7357587,,,,,,2026-02-15T13:31:53.988800
Nabeul,6391372268,node,cafe,مقهى المحطة,36.4509791,10.7338682,,,,,,2026-02-15T13:31:53.988800
Nabeul,6391372269,node,cafe,Nabeul Centre,36.4523261,10.7302014,,,,,,2026-02-15T13:31:53.988800
Nabeul,6391372271,node,cafe,Café Centre,36.4508554,10.7307024,,,,,,2026-02-15T13:31:53.988800
Nabeul,6398503813,node,fast_food,Slim's,36.4505563,10.7288433,,,,,,2026-02-15T13:31:53.988800
Nabeul,6398503814,node,fast_food,Kafteji Food,36.4515176,10.7309166,,,,,,2026-02-15T13:31:53.988800
Nabeul,6398503816,node,fast_food,Les Orangers,36.4520657,10.7296163,,,,,,2026-02-15T13:31:53.988800
Nabeul,6398503817,node,cafe,,36.4511722,10.7291205,,,,,,2026-02-15T13:31:53.988800
Nabeul,6398503818,node,fast_food,Express Kebab,36.4545849,10.7325516,,,,,,2026-02-15T13:31:53.988800
Nabeul,6398503819,node,fast_food,Ben Amar,36.4567411,10.7325648,,,,,,2026-02-15T13:31:53.988800
Nabeul,6398503820,node,bank,ASB Bank,36.4546928,10.7357671,,,,,,2026-02-15T13:31:53.988800
Nabeul,6398503821,node,fast_food,Boston Market,36.4523249,10.7329014,,,,,,2026-02-15T13:31:53.988800
Nabeul,6398503822,node,cafe,El Sadiki,36.4517243,10.7311859,,,,,,2026-02-15T13:31:53.988800
Nabeul,6398503823,node,fast_food,Prime Time,36.4516985,10.7305118,,,,,,2026-02-15T13:31:53.988800
Nabeul,6398503824,node,fast_food,Oriental Resto',36.4524831,10.7305046,,,,,,2026-02-15T13:31:53.988800
Nabeul,6398503825,node,bank,Oriental Bank of Commerce,36.4538485,10.7347604,,,,,,2026-02-15T13:31:53.988800
Nabeul,6398503826,node,bank,Banamex,36.4543938,10.7332248,,,,,,2026-02-15T13:31:53.988800
Nabeul,6398503827,node,cafe,Café Plus,36.4487178,10.7255545,,,,,,2026-02-15T13:31:53.988800
Nabeul,6398503828,node,bank,الاتحاد الدولي للبنوك,36.4582791,10.7264852,,,,,,2026-02-15T13:31:53.988800
Nabeul,6398503829,node,fast_food,Le Bon Coin,36.4547154,10.7246406,,,,,,2026-02-15T13:31:53.988800
Nabeul,6398503835,node,cafe,Café Wissem,36.45525,10.7268146,,,,,,2026-02-15T13:31:53.988800
Nabeul,6403102659,node,bank,الاتحاد الدولي للبنوك,36.4526369,10.7354427,,,,,,2026-02-15T13:31:53.988800
Nabeul,6403102660,node,bank,البنك الوطني الجزائري,36.4513168,10.7346962,,,,,,2026-02-15T13:31:53.988800
Nabeul,6403102661,node,fast_food,Mlawi,36.4511682,10.7310855,,,,,,2026-02-15T13:31:53.988800
Nabeul,6422034771,node,cafe,So Mo Dis,36.4499729,10.7296474,,,,,,2026-02-15T13:31:53.988800
Nabeul,6422034779,node,fast_food,L'Emporio,36.4544013,10.739593,,,,,,2026-02-15T13:31:53.988800
Nabeul,6422034780,node,fast_food,City food,36.4504734,10.7309819,,,,,,2026-02-15T13:31:53.988800
Nabeul,6422034781,node,restaurant,La Fontaine,36.4533059,10.7408377,,,,,,2026-02-15T13:31:53.988800
Nabeul,6422034784,node,cafe,Mongrain Café,36.4516475,10.7317472,,,,,,2026-02-15T13:31:53.988800
Nabeul,6422035585,node,cafe,Sidi Achour,36.4549058,10.7264009,,,,,,2026-02-15T13:31:53.988800
Nabeul,6422035586,node,cafe,Sahnoun Coffee,36.4550355,10.7275754,,,,,,2026-02-15T13:31:53.988800
Nabeul,6422035592,node,bank,الاتحاد الدولي للبنوك,36.4525783,10.7342961,,,,,,2026-02-15T13:31:53.988800
Nabeul,6422035593,node,cafe,Chez Omar,36.4506685,10.7296305,,,,,,2026-02-15T13:31:53.988800
Nabeul,6470493937,node,fast_food,Bandidos,36.4503068,10.7228312,,,,,,2026-02-15T13:31:53.988800
Nabeul,6470493940,node,cafe,Zapatista Coffee,36.455835,10.7314471,,,,,,2026-02-15T13:31:53.988800
Nabeul,6470493941,node,cafe,عند سليم,36.4566781,10.7333393,,,,,,2026-02-15T13:31:53.988800
Nabeul,6470493942,node,fast_food,Kaftaji Centre,36.4535007,10.7362687,,,,,,2026-02-15T13:31:53.988800
Nabeul,6470493943,node,cafe,,36.4513651,10.7298679,,,,,,2026-02-15T13:31:53.988800
Nabeul,6470493945,node,bar,L'Aquarium,36.4506772,10.7224942,,,,,,2026-02-15T13:31:53.988800
Nabeul,6473296362,node,cafe,Café El Qods,36.4525487,10.7547945,,,,,,2026-02-15T13:31:53.988800
Nabeul,6473944252,node,restaurant,Pacha Drink & Food,36.4498319,10.7442536,,,,,,2026-02-15T13:31:53.988800
Nabeul,6473944253,node,restaurant,Maxi's,36.4558423,10.7431578,,,,,,2026-02-15T13:31:53.988800
Nabeul,6473944254,node,cafe,Chicha Centre,36.4556389,10.7428255,,,,,,2026-02-15T13:31:53.988800
Nabeul,6475676525,node,cafe,Buvette Emna,36.457035,10.7411812,,,,,,2026-02-15T13:31:53.988800
Nabeul,6475676526,node,cafe,Café Gouiba,36.4662328,10.7624005,,,,,,2026-02-15T13:31:53.988800
Nabeul,6493268335,node,bank,BT,36.4460756,10.7169722,,,,,,2026-02-15T13:31:53.988800
Nabeul,6493268344,node,cafe,Médina,36.4519178,10.7307564,,,,,,2026-02-15T13:31:53.988800
Nabeul,6493268345,node,bank,BH,36.4539363,10.7329906,,,,,,2026-02-15T13:31:53.988800
Nabeul,6493268346,node,cafe,Café routier,36.4533083,10.7325992,,,,,,2026-02-15T13:31:53.988800
Nabeul,6493268347,node,cafe,Café du Souk,36.4542575,10.7356838,,,,,,2026-02-15T13:31:53.988800
Nabeul,6493268348,node,fast_food,Oriental Food,36.4552049,10.7343356,,,,,,2026-02-15T13:31:53.988800
Nabeul,6493268349,node,cafe,أميغوس,36.4548114,10.7334079,,,,,,2026-02-15T13:31:53.988800
Nabeul,6493268350,node,cafe,Café Berbère,36.4560095,10.7321684,,,,,,2026-02-15T13:31:53.988800
Nabeul,6493268352,node,cafe,Dar Ali,36.456846,10.7307985,,,,,,2026-02-15T13:31:53.988800
Nabeul,6493268354,node,cafe,Café du Parc,36.4512022,10.7364937,,,,,,2026-02-15T13:31:53.988800
Nabeul,6515613016,node,cafe,Café Alta,36.4640171,10.7835135,,,,,,2026-02-15T13:31:53.988800
Nabeul,6515613046,node,cafe,Café du centre,36.4729908,10.7847189,,,,,,2026-02-15T13:31:53.988800
Nabeul,6515613047,node,fast_food,Fast Food,36.4738407,10.7850454,,,,,,2026-02-15T13:31:53.988800
Nabeul,6515613048,node,cafe,Café Béni Khiar,36.4702736,10.7817222,,,,,,2026-02-15T13:31:53.988800
Nabeul,6515613049,node,cafe,El Loued,36.4627811,10.7697972,,,,,,2026-02-15T13:31:53.988800
Nabeul,6515613050,node,restaurant,Chez Sofienne,36.4590366,10.7539343,,,,,,2026-02-15T13:31:53.988800
Nabeul,6515613051,node,restaurant,سيسيز بيتزا,36.4580628,10.7502431,,,,,,2026-02-15T13:31:53.988800
Nabeul,6532572607,node,bank,الاتحاد البنكي للتجارة والصناعة,36.4500168,10.7291229,,,,,,2026-02-15T13:31:53.988800
Nabeul,6532572608,node,cafe,Café Club,36.4510862,10.7318211,,,,,,2026-02-15T13:31:53.988800
Nabeul,6532572609,node,cafe,Coffee Time,36.4521582,10.7343035,,,,,,2026-02-15T13:31:53.988800
Nabeul,6532572610,node,cafe,المدينة,36.4549758,10.7355688,,,,,,2026-02-15T13:31:53.988800
Nabeul,6532572611,node,fast_food,Chapati,36.4510285,10.7333339,,,,,,2026-02-15T13:31:53.988800
Nabeul,6555870932,node,cafe,Havanna,36.4514616,10.7312975,,,,,,2026-02-15T13:31:53.988800
Nabeul,6555870933,node,cafe,سيدي عاشور,36.4537389,10.7243713,,,,,,2026-02-15T13:31:53.988800
Nabeul,6580425085,node,cafe,الديوان,36.4550082,10.7303117,,,,,,2026-02-15T13:31:53.988800
Nabeul,6580425086,node,cafe,Le Pain Quotidien,36.4552319,10.7360865,,,,,,2026-02-15T13:31:53.988800
Nabeul,6612311367,node,cafe,Chez Mohsen,36.4556654,10.7298074,,,,,,2026-02-15T13:31:53.988800
Nabeul,6612311368,node,restaurant,El Sfaxi,36.455497,10.7293913,,,,,,2026-02-15T13:31:53.988800
Nabeul,6757003468,node,restaurant,Brothers,36.4475542,10.7230805,,,,,,2026-02-15T13:31:53.988800
Nabeul,7214412225,node,restaurant,Flash Back,36.4448936,10.7341109,,,,Mo-Su 07:00-22:00,,2026-02-15T13:31:53.988800
Nabeul,7214412226,node,bar,Lounge,36.4406792,10.7231907,,,,,,2026-02-15T13:31:53.988800
Nabeul,7225653385,node,waste_disposal,,36.4933685,10.7064507,,,,,,2026-02-15T13:31:53.988800
Nabeul,7618720477,node,library,Bibliothèque municipale,36.4591702,10.7465851,,,,,,2026-02-15T13:31:53.988800
Nabeul,7618727995,node,cafe,Café Bettaieb,36.4650205,10.7478267,,,,Mo-Su 06:00-20:30,,2026-02-15T13:31:53.988800
Nabeul,7618741189,node,car_wash,Lavage de voitures,36.4598018,10.7449945,,,,,,2026-02-15T13:31:53.988800
Nabeul,7618759263,node,pharmacy,Pharmacie Rchid Aissa,36.4658938,10.7487514,,,,,,2026-02-15T13:31:53.988800
Nabeul,7618795071,node,pharmacy,Pharmacie Rouis Barka Monia,36.4617963,10.7475298,شارع الحبيب بورقيبة,,,,,2026-02-15T13:31:53.988800
Nabeul,7618799082,node,fast_food,جحا,36.460162,10.7470166,,,,,,2026-02-15T13:31:53.988800
Nabeul,7619250994,node,cafe,,36.4693352,10.7452292,,,,,,2026-02-15T13:31:53.988800
Nabeul,7619260607,node,cafe,Café Weld Hayet,36.4672763,10.7392996,,,,,,2026-02-15T13:31:53.988800
Nabeul,7619263952,node,car_wash,Lavage de voitures,36.4673622,10.7418311,,,,,,2026-02-15T13:31:53.988800
Nabeul,7619268456,node,kindergarten,روضة أطفال,36.4675121,10.7417548,,,,,,2026-02-15T13:31:53.988800
Nabeul,7620636667,node,taxi,Station de taxis,36.4659093,10.7483842,,,,,,2026-02-15T13:31:53.988800
Nabeul,7620637281,node,fast_food,الدغيس 2,36.4651475,10.7528295,,,,,,2026-02-15T13:31:53.988800
Nabeul,7620643799,node,place_of_worship,سيدي الفهري,36.4660871,10.7489724,,,,,,2026-02-15T13:31:53.988800
Nabeul,7620646793,node,school,مدرسة طارق ابن زياد,36.4652536,10.7506234,,,,,,2026-02-15T13:31:53.988800
Nabeul,7620647181,node,place_of_worship,جامع طارق ابن زياد,36.4657869,10.7516632,,,,,,2026-02-15T13:31:53.988800
Nabeul,7620692402,node,school,المدرسة الإبتدائية,36.4638957,10.744511,,,,,,2026-02-15T13:31:53.988800
Nabeul,7620702595,node,car_wash,Lavage de voitures,36.4578274,10.7463021,,,,,,2026-02-15T13:31:53.988800
Nabeul,7622241311,node,pharmacy,Pharmacie Mlika,36.4641256,10.7476752,شارع الحبيب بورقيبة,,,,,2026-02-15T13:31:53.988800
Nabeul,7622245829,node,school,المدرسة الإبتدائية,36.4637595,10.7472764,,,,,,2026-02-15T13:31:53.988800
Nabeul,7622350307,node,cafe,,36.4592628,10.7471816,شارع الحبيب بورقيبة,,,,,2026-02-15T13:31:53.988800
Nabeul,7622355671,node,townhall,معتمدية دار شعبان الفهري,36.458888,10.7466862,شارع الحبيب بورقيبة,,,,,2026-02-15T13:31:53.988800
Nabeul,7626324095,node,cafe,Buvette,36.4496543,10.7364042,شارع الحبيب بورقيبة,,,,,2026-02-15T13:31:53.988800
Nabeul,7626324100,node,cafe,Buvette,36.4479022,10.7373839,شارع الحبيب بورقيبة,,,,,2026-02-15T13:31:53.988800
Nabeul,7626395074,node,car_rental,Zenth Rent a Car,36.4459494,10.7384685,شارع الحبيب بورقيبة,,,,,2026-02-15T13:31:53.988800
Nabeul,7626395175,node,cafe,La Vague,36.442172,10.7408968,شارع الحبيب بورقيبة,,,,,2026-02-15T13:31:53.988800
Nabeul,7626975270,node,cafe,Buvette,36.4433866,10.7402136,شارع الحبيب بورقيبة,,,,,2026-02-15T13:31:53.988800
Nabeul,7627136992,node,cafe,Café Panorama,36.44605,10.7387491,شارع الحبيب بورقيبة,,,,,2026-02-15T13:31:53.988800
Nabeul,7628607369,node,school,École Primaire Hbib Thamer,36.4525275,10.7320267,شارع الهادي شاكر,,,,,2026-02-15T13:31:53.988800
Nabeul,7631926191,node,place_of_worship,جامع الكونية,36.4498498,10.7315711,,,,,,2026-02-15T13:31:53.988800
Nabeul,7633034988,node,arts_centre,Centre culturel pour l'enfance,36.4519575,10.7368106,شارع علي البلهوان,,,,,2026-02-15T13:31:53.988800
Nabeul,7634968776,node,doctors,Dr Wahib el Asmi,36.4518563,10.7351291,شارع الحبيب بورقيبة,,,,,2026-02-15T13:31:53.988800
Nabeul,7635040168,node,place_of_worship,جامع السلام,36.4558924,10.7324831,شارع الحبيب بورقيبة,,,,,2026-02-15T13:31:53.988800
Nabeul,7635523116,node,bank,الاتحاد الدولي للبنوك,36.4565036,10.7466018,شارع البيئة,,,Mo-Fr 08:00-16:00,,2026-02-15T13:31:53.988800
Nabeul,7635523117,node,university,Foyer universitaire Néapolis,36.4564677,10.7465469,شارع البيئة,,,,,2026-02-15T13:31:53.988800
Nabeul,7635523118,node,pharmacy,Pharmacie Aida Aouinti,36.4564431,10.7464941,شارع البيئة,,,,,2026-02-15T13:31:53.988800
Nabeul,7635616603,node,cafe,Raboudi Café,36.456321,10.7461873,شارع البيئة,,,Mo-Su 08:00-20:00,,2026-02-15T13:31:53.988800
Nabeul,7635708977,node,cafe,Café El Alia,36.4540694,10.7490174,شارع 14 جانفي 2011,,,,,2026-02-15T13:31:53.988800
Nabeul,7643380609,node,car_rental,Le Petit Pacha,36.4437733,10.731697,شارع محمد الخامس,,,,,2026-02-15T13:31:53.988800
Nabeul,7643863734,node,restaurant,La Piazza,36.4455572,10.7360728,شارع محمد الخامس,,,Mo-Su 09:00-22:00,,2026-02-15T13:31:53.988800
Nabeul,7646857949,node,cafe,Café Mosaique,36.4629752,10.7477533,شارع الحبيب بورقيبة,,,,,2026-02-15T13:31:53.988800
Nabeul,7647052961,node,restaurant,Rastaurant Dhiya,36.4619665,10.7472587,شارع الحبيب بورقيبة,,,Mo-Sa 10:00-20:00,,2026-02-15T13:31:53.988800
Nabeul,7647085631,node,driving_school,,36.4623482,10.7473501,شارع الحبيب بورقيبة,,,,,2026-02-15T13:31:53.988800
Nabeul,7648892010,node,fast_food,,36.4609522,10.7474142,شارع الحبيب بورقيبة,,,,,2026-02-15T13:31:53.988800
Nabeul,7649759334,node,fast_food,,36.4604265,10.7478581,Rue Azmour,,,Mo-Su 10:00-20:00,,2026-02-15T13:31:53.988800
Nabeul,7669482869,node,dentist,Dr Amine Ajili,36.4660627,10.7477433,,,,,,2026-02-15T13:31:53.988800
Nabeul,7669485231,node,doctors,Dr Hatem Said,36.4660988,10.7477132,,,,,,2026-02-15T13:31:53.988800
Nabeul,7733409769,node,driving_school,Auto école Nourane,36.4655474,10.7761831,,,,,,2026-02-15T13:31:53.988800
Nabeul,7741143591,node,cafe,Café Chikh El Beled,36.4655182,10.7481633,,,,,,2026-02-15T13:31:53.988800
Nabeul,7741182478,node,fast_food,Pizzaria Wahid,36.4639015,10.7476397,,,,,,2026-02-15T13:31:53.988800
Nabeul,7796927936,node,social_facility,Bel Azur,36.4426342,10.7414804,,,,,,2026-02-15T13:31:53.988800
Nabeul,7826894940,node,restaurant,Zerda Time,36.4647644,10.7479676,,,,,,2026-02-15T13:31:53.988800
Nabeul,7826894942,node,driving_school,AutoEcole Sofiene Feker,36.4646587,10.7479562,,,,,,2026-02-15T13:31:53.988800
Nabeul,7826946252,node,restaurant,Pizzeria Danimou,36.4652184,10.7480273,,,,,,2026-02-15T13:31:53.988800
Nabeul,7966222817,node,hospital,Immeuble City Center,36.450657,10.7356077,شارع الحبيب بورقيبة,,,,,2026-02-15T13:31:53.988800
Nabeul,8357170766,node,cafe,,36.4613884,10.764028,,,,,,2026-02-15T13:31:53.988800
Nabeul,8488822775,node,school,Collège mohammed el bachrouch,36.4716666,10.746324,,,,,,2026-02-15T13:31:53.988800
Nabeul,8488822776,node,marketplace,marché municipale,36.4686584,10.7465974,,,,,,2026-02-15T13:31:53.988800
Nabeul,8488822777,node,hospital,CSB,36.4680179,10.7472075,,,,,,2026-02-15T13:31:53.988800
Nabeul,8488822778,node,school,Collège taher ben achour,36.4666507,10.753418,,,,,,2026-02-15T13:31:53.988800
Nabeul,8488822779,node,school,lycée Dar Chaabane el Fehri,36.452643,10.7488328,,,,,,2026-02-15T13:31:53.988800
Nabeul,8488822780,node,school,مدرسة النجاح,36.4552276,10.7498583,,,,,,2026-02-15T13:31:53.988800
Nabeul,9008213714,node,cafe,Café Amine Garaa,36.444635,10.7152688,,,,,,2026-02-15T13:31:53.988800
Nabeul,9382082149,node,dentist,Dr Sarra Zorgui,36.4522191,10.7305349,,,,,,2026-02-15T13:31:53.988800
Nabeul,9797388166,node,fuel,شل,36.4599316,10.7580072,,,,,,2026-02-15T13:31:53.988800
Nabeul,9799677415,node,fuel,عجيل,36.4575898,10.7306478,,,,,,2026-02-15T13:31:53.988800
Nabeul,9819487418,node,fuel,طوطال,36.4733925,10.7188279,,,,,,2026-02-15T13:31:53.988800
Nabeul,11113876909,node,cafe,Cafe Doggaz,36.4668766,10.7480163,شارع الجمهورية,,,,,2026-02-15T13:31:53.988800
Nabeul,11116625336,node,cafe,Café Mourad,36.4673265,10.7453063,,,,,,2026-02-15T13:31:53.988800
Nabeul,11116732102,node,public_bath,حمام عمار,36.4671883,10.7475793,,,,,,2026-02-15T13:31:53.988800
Nabeul,11116744026,node,pharmacy,pharmacie Hdoussa,36.4672148,10.7474078,,,,,,2026-02-15T13:31:53.988800
Nabeul,11116884414,node,public_bath,حمام عوينتي,36.4663789,10.7460916,,,,,,2026-02-15T13:31:53.988800
Nabeul,11117197008,node,cafe,Cafe Ragouba,36.4682563,10.7504015,,,,,,2026-02-15T13:31:53.988800
Nabeul,11254908990,node,doctors,Dr Jerbi Najib,36.4620352,10.7472004,شارع حبيب بورقيبة,+216 72 361 099;+216  98 308 524,,,,2026-02-15T13:31:53.988800
Nabeul,13394750648,node,cafe,Fokets,36.4428256,10.7262644,,,,,,2026-02-15T13:31:53.988800
Nabeul,175819350,way,townhall,بلدية نابل,36.4422228,10.7284274,,,,,yes,2026-02-15T13:31:53.988800
Nabeul,175819522,way,police,الحرس الوطني,36.4769306,10.7063056,,,,,,2026-02-15T13:31:53.988800
Nabeul,175819589,way,police,Hotel de police,36.450374,10.7367459,,,,,,2026-02-15T13:31:53.988800
Nabeul,175819614,way,police,District de police de Nabeul,36.4514313,10.7371538,,,,,,2026-02-15T13:31:53.988800
Nabeul,175819663,way,marketplace,Marché couvert,36.4510111,10.7302336,,,,,,2026-02-15T13:31:53.988800
Nabeul,175925879,way,school,مدرسة الطاهر الحداد,36.4645551,10.7791763,شارع الطاهر حداد,,,,,2026-02-15T13:31:53.988800
Nabeul,175925883,way,school,مدرسة الشابي,36.4713303,10.7835671,,,,,,2026-02-15T13:31:53.988800
Nabeul,176163170,way,college,Centre de formation professionnelle,36.4373916,10.6898684,,,,,,2026-02-15T13:31:53.988800
Nabeul,176163172,way,school,Lycée Pilote de Nabeul,36.4370656,10.6890041,,,,,,2026-02-15T13:31:53.988800
Nabeul,176163173,way,university,FSEGN,36.4351667,10.689704,,,http://www.fsegn.rnu.tn/,,,2026-02-15T13:31:53.988800
Nabeul,176163177,way,university,Faculté des Beaux arts,36.4359823,10.6864888,,,,,,2026-02-15T13:31:53.988800
Nabeul,244624920,way,parking,,36.454599,10.7387031,,,,,,2026-02-15T13:31:53.988800
Nabeul,244624921,way,parking,,36.4571142,10.7364184,,,,,,2026-02-15T13:31:53.988800
Nabeul,244624922,way,parking,,36.4545621,10.7348144,,,,,,2026-02-15T13:31:53.988800
Nabeul,244630990,way,community_centre,Hall,36.445417,10.7438627,,,,,,2026-02-15T13:31:53.989808
Nabeul,244631050,way,school,المدرسة الثانوية علي بلهوان,36.451339,10.73999,,,,,,2026-02-15T13:31:53.989808
Nabeul,244631064,way,school,معهد محمود المسعدي,36.4495242,10.7423127,,,,,,2026-02-15T13:31:53.989808
Nabeul,244636874,way,school,Centre de formation touristique de Nabeul,36.4455999,10.7408618,,,,,,2026-02-15T13:31:53.989808
Nabeul,244636875,way,parking,,36.4419182,10.7287504,,,,,,2026-02-15T13:31:53.989808
Nabeul,244636879,way,parking,,36.4495623,10.7332805,,,,,,2026-02-15T13:31:53.989808
Nabeul,244636884,way,parking,,36.4455971,10.737704,,,,,,2026-02-15T13:31:53.989808
Nabeul,244636886,way,parking,,36.4418226,10.7367572,,,,,,2026-02-15T13:31:53.989808
Nabeul,244636888,way,parking,,36.4436378,10.739256,,,,,,2026-02-15T13:31:53.989808
Nabeul,244636895,way,parking,,36.4428623,10.7293107,,,,,,2026-02-15T13:31:53.989808
Nabeul,244653126,way,marketplace,Grand Marché de Nabeul,36.4582255,10.7401328,,,,,,2026-02-15T13:31:53.989808
Nabeul,244661413,way,parking,,36.4614584,10.7252463,,,,,,2026-02-15T13:31:53.989808
Nabeul,244662752,way,hospital,Hôpital de Nabeul,36.4536442,10.7317892,,,,,,2026-02-15T13:31:53.989808
Nabeul,244662755,way,bus_station,Gare routière de Nabeul,36.4514503,10.7297653,,,,,,2026-02-15T13:31:53.989808
Nabeul,244671994,way,fuel,OLA Energy,36.4590846,10.7273996,,,,,,2026-02-15T13:31:53.989808
Nabeul,244671996,way,place_of_worship,جامع سيدي عاشور,36.4551034,10.7235322,,,,,,2026-02-15T13:31:53.989808
Nabeul,244671999,way,school,,36.461216,10.7171812,,,,,,2026-02-15T13:31:53.989808
Nabeul,244672001,way,school,E. P. Sidi Achour,36.4554496,10.7245492,,,,,,2026-02-15T13:31:53.989808
Nabeul,244672003,way,school,Centre de Formation,36.4607737,10.724185,,,,,,2026-02-15T13:31:53.989808
Nabeul,244673396,way,school,Lycée Dar Chaaben el Fehri,36.4523461,10.7485403,,,,,,2026-02-15T13:31:53.989808
Nabeul,244673397,way,parking,,36.4459004,10.7545572,,,,,,2026-02-15T13:31:53.989808
Nabeul,244673398,way,parking,,36.4469304,10.7532901,,,,,,2026-02-15T13:31:53.989808
Nabeul,244674600,way,fuel,أويليبيا,36.4562859,10.7459657,,,,24/7,,2026-02-15T13:31:53.989808
Nabeul,244714930,way,parking,,36.4418347,10.7229433,,,,,,2026-02-15T13:31:53.989808
Nabeul,244714933,way,parking,,36.441532,10.7177338,,,,,,2026-02-15T13:31:53.989808
Nabeul,443003973,way,place_of_worship,جامع القدس,36.4527449,10.7564418,,,,,,2026-02-15T13:31:53.989808
Nabeul,443069678,way,place_of_worship,جامع الأنصار,36.4600179,10.7476408,شارع الحبيب بورقيبة,,,,,2026-02-15T13:31:53.989808
Nabeul,469909191,way,school,مدرسة ابتدائية,36.4552423,10.7498341,,,,,,2026-02-15T13:31:53.989808
Nabeul,507419303,way,cafe,,36.4535516,10.7778744,,,,,,2026-02-15T13:31:53.989808
Nabeul,607424868,way,cafe,قهوة جلّول,36.4660647,10.7767327,شارع الحبيب بورقيبة,,,,,2026-02-15T13:31:53.989808
Nabeul,607424873,way,cafe,مقهى النصر,36.4660562,10.7771941,شارع الحبيب بورقيبة,,,,,2026-02-15T13:31:53.989808
Nabeul,658923546,way,parking,,36.4324322,10.6993719,,,,,,2026-02-15T13:31:53.989808
Nabeul,659222754,way,university,Institut Supérieur des Langues de Nabeul,36.449741,10.7243441,,,http://www.isln.rnu.tn,,,2026-02-15T13:31:53.989808
Nabeul,659222757,way,university,Elite-formation,36.450036,10.7247578,,,,,,2026-02-15T13:31:53.989808
Nabeul,659222759,way,bank,الشركة التونسية للبنك,36.4507464,10.7263905,,,,,,2026-02-15T13:31:53.989808
Nabeul,659222760,way,post_office,Nabeul,36.4509113,10.7275066,,,,,,2026-02-15T13:31:53.989808
Nabeul,659222764,way,place_of_worship,Mosquée de Oued Souhil,36.446747,10.7189237,,,,,,2026-02-15T13:31:53.989808
Nabeul,659800196,way,bank,STB Bank,36.4522128,10.7352149,,,,,,2026-02-15T13:31:53.989808
Nabeul,660603822,way,bank,البنك المركزي التونسي,36.4499054,10.738129,,,,,,2026-02-15T13:31:53.989808
Nabeul,661590435,way,taxi,Station de louages,36.4598165,10.7274153,,,,,,2026-02-15T13:31:53.989808
Nabeul,661590437,way,place_of_worship,جامع السلام,36.4559405,10.7324566,شارع الحبيب بورقيبة,,,,,2026-02-15T13:31:53.989808
Nabeul,661590440,way,place_of_worship,Mosquée El Rbat,36.4573998,10.7338912,,,,,,2026-02-15T13:31:53.989808
Nabeul,661590444,way,post_office,Nabeul Centre,36.4554254,10.7341292,,,,,,2026-02-15T13:31:53.989808
Nabeul,661590445,way,place_of_worship,مسجد السبيتة,36.4544671,10.7353803,,,,,,2026-02-15T13:31:53.989808
Nabeul,661590449,way,college,المدرسة الاعدادية ساحة الشهداء,36.4568027,10.7385467,,,,,,2026-02-15T13:31:53.989808
Nabeul,662402884,way,arts_centre,Centre Culturel de Nabeul,36.442552,10.7295296,,,,,,2026-02-15T13:31:53.989808
Nabeul,662504051,way,college,Lycée L'excellence,36.4512093,10.7321672,,,,,,2026-02-15T13:31:53.989808
Nabeul,662504053,way,fire_station,Protection civile de Nabeul,36.4385873,10.7154158,,,,,,2026-02-15T13:31:53.989808
Nabeul,662504054,way,cafe,L'auberge de la jeunesse,36.4433725,10.7477729,,,,,,2026-02-15T13:31:53.989808
Nabeul,662504060,way,place_of_worship,جامع سيدي محرصي,36.4388424,10.7116709,,,,,,2026-02-15T13:31:53.989808
Nabeul,662504063,way,parking,,36.4467325,10.7242844,,,,,,2026-02-15T13:31:53.989808
Nabeul,662750803,way,place_of_worship,Mosquée EL FALEH Nabeul,36.4573281,10.7267985,,,,,,2026-02-15T13:31:53.989808
Nabeul,662750805,way,place_of_worship,Grande Mosquée de Nabeul,36.4567892,10.7363631,,,,,,2026-02-15T13:31:53.989808
Nabeul,662750807,way,university,Lycée l'Espoir,36.4551583,10.7388015,,,,,,2026-02-15T13:31:53.989808
Nabeul,662750808,way,cafe,Café Elmaestro,36.4559029,10.7408405,,,,,,2026-02-15T13:31:53.989808
Nabeul,662750809,way,theatre,THEATRE DE PLEIN AIR,36.4452252,10.7429714,,,,,,2026-02-15T13:31:53.989808
Nabeul,662759876,way,police,Hôtel de Police,36.4574407,10.7301418,,,,,,2026-02-15T13:31:53.989808
Nabeul,663213213,way,childcare,Crèche,36.4434388,10.7216727,,,,,,2026-02-15T13:31:53.989808
Nabeul,663309393,way,school,Lycée privé pôle d'enseignement,36.4574794,10.7455824,,,,,,2026-02-15T13:31:53.989808
Nabeul,663309395,way,place_of_worship,Mosquée Al-Rahma,36.4511229,10.7450194,,,,,,2026-02-15T13:31:53.989808
Nabeul,663521865,way,car_rental,Atlantic,36.4510166,10.7263343,,,,,,2026-02-15T13:31:53.989808
Nabeul,663521866,way,bank,مصرف الزيتونة,36.4508841,10.726895,,,,,,2026-02-15T13:31:53.989808
Nabeul,663521878,way,school,حضانة,36.4494642,10.72124,,,,,,2026-02-15T13:31:53.989808
Nabeul,663521879,way,parking,,36.4501784,10.722509,,,,,,2026-02-15T13:31:53.989808
Nabeul,663521881,way,community_centre,,36.4413803,10.7165286,,,,,,2026-02-15T13:31:53.989808
Nabeul,663646815,way,school,Collège Pilote de Nabeul,36.4460179,10.6927174,,,,,,2026-02-15T13:31:53.989808
Nabeul,663646816,way,place_of_worship,جامع أبو بكر الصديق,36.4464193,10.6905621,,,,,,2026-02-15T13:31:53.989808
Nabeul,663646817,way,parking,,36.4361898,10.6893772,,,,,,2026-02-15T13:31:53.989808
Nabeul,664503260,way,school,L'Erudit École Primaire et préscolaire privé,36.4322947,10.6877474,,,,,,2026-02-15T13:31:53.989808
Nabeul,664503270,way,courthouse,محكمة,36.4448996,10.7244342,,,,,,2026-02-15T13:31:53.989808
Nabeul,664510725,way,college,Centre de formation oxygène,36.4522043,10.7347366,,,,,,2026-02-15T13:31:53.989808
Nabeul,664865378,way,college,L'Ocean,36.4518868,10.7464472,,,,,,2026-02-15T13:31:53.989808
Nabeul,664865380,way,school,École Primaire L'Idéale,36.4539552,10.7503681,,,,,,2026-02-15T13:31:53.989808
Nabeul,664865384,way,taxi,Station de Taxi Nabeul Centre,36.4531013,10.732074,,,,,,2026-02-15T13:31:53.989808
Nabeul,664865385,way,police,Police Nationale,36.4530338,10.7342177,,,,,,2026-02-15T13:31:53.989808
Nabeul,664865386,way,school,École Primaire Hbib Thamer,36.4524949,10.7320386,شارع الهادي شاكر,,,,,2026-02-15T13:31:53.989808
Nabeul,665116901,way,police,الشرطة التونسية,36.4474529,10.7192319,,,,,,2026-02-15T13:31:53.989808
Nabeul,665439382,way,driving_school,Parc Auto-Ecole,36.4575326,10.7415817,,,,,,2026-02-15T13:31:53.989808
Nabeul,665439385,way,place_of_worship,Mosquée Sidi Boujèlèbia,36.4582073,10.7369368,,,,,,2026-02-15T13:31:53.989808
Nabeul,665708020,way,parking,,36.4350015,10.6858642,,,,,,2026-02-15T13:31:53.989808
Nabeul,665859978,way,restaurant,Jasmin,36.4382798,10.7174687,,,,,,2026-02-15T13:31:53.989808
Nabeul,666952328,way,place_of_worship,Mosquée SIDI ABDELKADER Nabeul,36.4555709,10.7362122,,,,,,2026-02-15T13:31:53.989808
Nabeul,666952329,way,marketplace,مدينة نابل العتيقة,36.4550481,10.7361965,,,,,,2026-02-15T13:31:53.989808
Nabeul,667745105,way,place_of_worship,Mosquée Sidi Massoud,36.469586,10.7806284,,,,,,2026-02-15T13:31:53.989808
Nabeul,667745106,way,school,Al Manar School,36.4692976,10.7803446,,,,,,2026-02-15T13:31:53.989808
Nabeul,667745107,way,townhall,بلدية بني خيار,36.4695971,10.7815682,,,,,,2026-02-15T13:31:53.989808
Nabeul,667745108,way,marketplace,Grand Marché de Béni Khiar,36.4702816,10.7801828,,,,,,2026-02-15T13:31:53.989808
Nabeul,667745113,way,place_of_worship,Market Mosquée,36.4682595,10.7800216,,,,,,2026-02-15T13:31:53.989808
Nabeul,667938318,way,post_office,Bureau de Poste Oued Souhil,36.4476673,10.720359,,,,,,2026-02-15T13:31:53.989808
Nabeul,669354259,way,clinic,Clinique Amen Nabeul,36.4451761,10.7151305,Avenue Hédi Nouira,+216 70 130 320,,,,2026-02-15T13:31:53.989808
Nabeul,669354261,way,fountain,,36.4454224,10.7157167,,,,,,2026-02-15T13:31:53.989808
Nabeul,669406572,way,restaurant,Restaurant Universitaire de Nabeul,36.4357768,10.6903017,,,,,,2026-02-15T13:31:53.989808
Nabeul,669406573,way,bank,BTL,36.4344292,10.6911867,,,,,,2026-02-15T13:31:53.989808
Nabeul,671687252,way,fuel,شل,36.4632041,10.7211004,,,,,,2026-02-15T13:31:53.989808
Nabeul,672997588,way,townhall,بلدية دار شعبان الفهري,36.4634699,10.7473854,شارع حبيب بورقيبة,,http://www.commune-dar-chaabane-elfehri.gov.tn/,Mo-Fr 08:00-17:00,,2026-02-15T13:31:53.989808
Nabeul,673479926,way,college,L'Idéale,36.458926,10.754528,,,,,,2026-02-15T13:31:53.989808
Nabeul,677450506,way,hospital,SOS Animaux Tunisie,36.4835872,10.6998327,,,,,,2026-02-15T13:31:53.989808
Nabeul,677649389,way,marketplace,Le Souk Ceramique,36.4671263,10.7185659,,,,,,2026-02-15T13:31:53.989808
Nabeul,682299042,way,hospital,مستوصف دار شعبان الفهري البلدي,36.4680101,10.7472208,,,,,,2026-02-15T13:31:53.989808
Nabeul,682299044,way,post_office,Dar Chaabane Al Fehri,36.4659669,10.7481067,,,,,,2026-02-15T13:31:53.989808
Nabeul,682299045,way,place_of_worship,Grande Mosquée de Dar Chaabane,36.4663783,10.7480503,,,,,,2026-02-15T13:31:53.989808
Nabeul,682473394,way,fuel,أويليبيا,36.4584875,10.7513026,,,,,,2026-02-15T13:31:53.989808
Nabeul,685327101,way,school,,36.455782,10.7289855,,,,,,2026-02-15T13:31:53.989808
Nabeul,719904889,way,fuel,OLA Energy,36.4567832,10.7313073,,,,,,2026-02-15T13:31:53.989808
Nabeul,779527208,way,parking,,36.4545406,10.7852558,,,,,,2026-02-15T13:31:53.989808
Nabeul,798349276,way,university,Centre de Formation MED Training,36.4548121,10.7394574,,,,,,2026-02-15T13:31:53.989808
Nabeul,816140964,way,bank,التجاري وفا بنك,36.4638568,10.7475465,,,,,,2026-02-15T13:31:53.989808
Nabeul,816553521,way,parking,,36.4482451,10.7371536,,,,,,2026-02-15T13:31:53.989808
Nabeul,816554907,way,parking,,36.4506052,10.7358618,,,,,,2026-02-15T13:31:53.989808
Nabeul,816557081,way,cafe,Buvette,36.4479017,10.7373862,شارع الحبيب بورقيبة,,,,,2026-02-15T13:31:53.989808
Nabeul,816562752,way,parking,,36.445693,10.7385415,,,,,,2026-02-15T13:31:53.989808
Nabeul,816564148,way,parking,,36.444547,10.7391815,,,,,,2026-02-15T13:31:53.989808
Nabeul,816565698,way,parking,,36.4429972,10.7400628,,,,,,2026-02-15T13:31:53.989808
Nabeul,816627214,way,parking,,36.4440408,10.7396714,,,,,,2026-02-15T13:31:53.989808
Nabeul,816632644,way,parking,,36.4451489,10.739045,,,,,,2026-02-15T13:31:53.989808
Nabeul,816634871,way,parking,,36.4472551,10.7378734,,,,,,2026-02-15T13:31:53.989808
Nabeul,816785926,way,parking,,36.4497829,10.7364908,,,,,,2026-02-15T13:31:53.989808
Nabeul,817296509,way,arts_centre,Centre culturel pour l'enfance,36.4519545,10.7368137,شارع علي البلهوان,,,,,2026-02-15T13:31:53.989808
Nabeul,817509694,way,post_office,Bureau de Poste Nabeul Centre (8000),36.4557309,10.7332177,شارع الحبيب بورقيبة,,,,,2026-02-15T13:31:53.989808
Nabeul,818429024,way,townhall,بلدية نابل,36.4422723,10.7284915,شارع محمد الخامس,,,,,2026-02-15T13:31:53.989808
Nabeul,818838687,way,parking,,36.4634683,10.7475833,,,,,,2026-02-15T13:31:53.989808
Nabeul,818843129,way,parking,,36.4626642,10.7474518,,,,,,2026-02-15T13:31:53.989808
Nabeul,818848644,way,parking,,36.4618301,10.7473237,,,,,,2026-02-15T13:31:53.989808
Nabeul,818855624,way,parking,,36.4592102,10.7468916,,,,,,2026-02-15T13:31:53.989808
Nabeul,823264874,way,place_of_worship,جامع سيدي الشريف,36.4676418,10.7483344,,,,,,2026-02-15T13:31:53.989808
Nabeul,889469888,way,cafe,Cafe La Princesse,36.4586794,10.7516996,,,,,,2026-02-15T13:31:53.989808
Nabeul,898396708,way,place_of_worship,,36.4655226,10.7494079,,,,,,2026-02-15T13:31:53.989808
Nabeul,899449985,way,fuel,ستار اويل,36.4682226,10.7638188,,,,,,2026-02-15T13:31:53.989808
Nabeul,907266091,way,marketplace,,36.4686454,10.7466576,,,,,,2026-02-15T13:31:53.989808
Nabeul,907266092,way,marketplace,السوق البلدي,36.4686549,10.7465986,,,,,,2026-02-15T13:31:53.989808
Nabeul,907266640,way,hospital,,36.4678807,10.7472521,,,,,,2026-02-15T13:31:53.989808
Nabeul,973284841,way,parking,,36.4448744,10.7156128,,,,,,2026-02-15T13:31:53.989808
Nabeul,1003361356,way,clinic,مصحة ابن رشد,36.4491322,10.7440632,,,,,,2026-02-15T13:31:53.989808
Nabeul,1003381879,way,parking,,36.4452731,10.7148599,,,,,,2026-02-15T13:31:53.989808
Nabeul,1003381880,way,parking,,36.4451948,10.7149123,,,,,,2026-02-15T13:31:53.989808
Nabeul,1304637053,way,townhall,Gouvernorat de Nabeul,36.4493106,10.7382818,شارع الحبيب بورقيبة,,,,,2026-02-15T13:31:53.989808
Tataouine,1977376168,node,cafe,Café Ben Khaldoun,32.9288467,10.4491108,,,,,,2026-02-15T13:31:57.621777
Tataouine,2247383153,node,bank,الاتحاد الدولي للبنوك,32.9367244,10.4514014,,,,,,2026-02-15T13:31:57.621777
Tataouine,2247383393,node,pharmacy,,32.9288892,10.4460814,,,,,,2026-02-15T13:31:57.621777
Tataouine,2247383400,node,pharmacy,,32.9303084,10.4482256,,,,,,2026-02-15T13:31:57.621777
Tataouine,2249466304,node,kindergarten,,32.9169492,10.4637983,,,,,,2026-02-15T13:31:57.621777
Tataouine,3819810877,node,college,مدرسة الفنون الجميلة,32.9563487,10.4678345,,,,,,2026-02-15T13:31:57.621777
Tataouine,4333649590,node,theatre,المركب الثقافي,32.9270604,10.4436489,Av. Ahmed Tlili,,,,,2026-02-15T13:31:57.621777
Tataouine,4337848478,node,cafe,Café Carthage,32.9290473,10.4484872,,,,,,2026-02-15T13:31:57.621777
Tataouine,4337848479,node,bank,بنك الإسكان,32.9288293,10.4483374,,,,,,2026-02-15T13:31:57.621777
Tataouine,4337848480,node,post_office,la poste tunisienne,32.9269931,10.4482575,,,,,,2026-02-15T13:31:57.621777
Tataouine,4337848481,node,townhall,بلدية تطاوين,32.9277293,10.4478394,,,,,,2026-02-15T13:31:57.621777
Tataouine,4337848483,node,school,معهد تطاوين,32.9283039,10.4452141,,,,,,2026-02-15T13:31:57.621777
Tataouine,4337848484,node,school,المدرسة الإعدادية ابن رشد,32.9278455,10.4448378,,,,,,2026-02-15T13:31:57.621777
Tataouine,4337848485,node,library,Bibliothèque publique المكتبة العمومية,32.9268059,10.4458376,,,,,,2026-02-15T13:31:57.621777
Tataouine,4362626689,node,cafe,مقهى حمزة,32.9306337,10.4493777,,,,,,2026-02-15T13:31:57.621777
Tataouine,4531439089,node,bank,بنك الأمان,32.9291864,10.4486639,Avenue 1 juin,+216 71 938 500,,,,2026-02-15T13:31:57.621777
Tataouine,5446348921,node,bus_station,,32.92383,10.4452095,,,,,,2026-02-15T13:31:57.621777
Tataouine,6154479401,node,doctors,الدكتور المنصف العلوي,32.9325932,10.4505935,شارع الحبيب بورقيبة,+216 75 853 333,,Mo-Sa 08:00-18:00,,2026-02-15T13:31:57.621777
Tataouine,6154479402,node,cafe,كستا كفي,32.9274503,10.4508546,نهج الصحراء,,,Mo-Su 05:30-23:00,,2026-02-15T13:31:57.621777
Tataouine,6156653995,node,food_court,Mamamia,32.9290347,10.4496343,,,,,,2026-02-15T13:31:57.621777
Tataouine,6164204975,node,cafe,,32.9004861,10.4232413,,,,,,2026-02-15T13:31:57.621777
Tataouine,6168646018,node,fast_food,B&M Food(El Khatib),32.9071371,10.423308,,,,,,2026-02-15T13:31:57.621777
Tataouine,6168646019,node,cafe,azouz,32.9072532,10.4234236,,,,,,2026-02-15T13:31:57.621777
Tataouine,6168686440,node,library,Bibliothèque el Rogba,32.9102909,10.4251751,,,,,,2026-02-15T13:31:57.621777
Tataouine,6168698595,node,place_of_worship,Bayech,32.9176066,10.4227155,,,,,,2026-02-15T13:31:57.621777
Tataouine,6168741026,node,school,École El Faleh,32.9097257,10.4283214,,,,,,2026-02-15T13:31:57.621777
Tataouine,6168741031,node,library,Bibliotheque Rogba,32.9102932,10.425151,,,,,,2026-02-15T13:31:57.621777
Tataouine,6168741036,node,place_of_worship,مسجد الرحمة,32.9108201,10.4282463,,,,,,2026-02-15T13:31:57.621777
Tataouine,6171152351,node,fast_food,adala,32.9067097,10.4264021,,,,,,2026-02-15T13:31:57.621777
Tataouine,6174592520,node,telephone,,32.9309396,10.4473329,,,,,,2026-02-15T13:31:57.621777
Tataouine,6175107059,node,school,bayach École,32.9163412,10.4192555,,,,,,2026-02-15T13:31:57.621777
Tataouine,6176953953,node,school,,32.901164,10.4240566,,,,,,2026-02-15T13:31:57.621777
Tataouine,6176953954,node,school,,32.9065867,10.4225171,,,,,,2026-02-15T13:31:57.621777
Tataouine,6176953959,node,school,,32.9067218,10.4211062,,,,,,2026-02-15T13:31:57.621777
Tataouine,6176953960,node,place_of_worship,,32.9058571,10.4238903,,,,,,2026-02-15T13:31:57.621777
Tataouine,6251662868,node,post_office,Poste cité ennour,32.9233289,10.4578243,,,,,,2026-02-15T13:31:57.621777
Tataouine,6251678414,node,school,Collège cité mahrajen,32.9575543,10.4672134,,,,,,2026-02-15T13:31:57.621777
Tataouine,6333009842,node,place_of_worship,el hnayna,32.9207273,10.459089,,,,,,2026-02-15T13:31:57.621777
Tataouine,6346016897,node,school,hy lber,32.9191918,10.4330769,,,,,,2026-02-15T13:31:57.621777
Tataouine,6356148145,node,cafe,,32.9541626,10.468989,,,,,,2026-02-15T13:31:57.621777
Tataouine,6356148146,node,cafe,,32.9551417,10.4694182,,,,,,2026-02-15T13:31:57.621777
Tataouine,6356148149,node,place_of_worship,مسجد الريان,32.9536562,10.4644293,,,,,,2026-02-15T13:31:57.621777
Tataouine,6359985184,node,school,Collège Ennour,32.9194845,10.4696166,,,,,,2026-02-15T13:31:57.621777
Tataouine,6359985487,node,place_of_worship,mosquée cité ennour,32.9202635,10.4652446,,,,,,2026-02-15T13:31:57.621777
Tataouine,6360042600,node,school,École ibn khaldoun,32.9226816,10.4665375,,,,,,2026-02-15T13:31:57.621777
Tataouine,6360095324,node,school,Collège al farabi,32.9137518,10.4699385,,,,,,2026-02-15T13:31:57.621777
Tataouine,6360095326,node,school,Lycée Ennour,32.9148146,10.4705661,,,,,,2026-02-15T13:31:57.621777
Tataouine,6360095328,node,school,École 2 mars 1938,32.9179084,10.4646975,,,,,,2026-02-15T13:31:57.621777
Tataouine,6362174330,node,internet_cafe,Publinet Alzohour,32.9293201,10.4323318,,,,,,2026-02-15T13:31:57.621777
Tataouine,6448059828,node,pharmacy,ذكار,32.9270356,10.4470902,,,,,,2026-02-15T13:31:57.621777
Tataouine,6448059832,node,pharmacy,DERBAL,32.9278013,10.4520884,,,,,,2026-02-15T13:31:57.621777
Tataouine,6461651422,node,restaurant,margoum,32.9291481,10.4491462,,,,,,2026-02-15T13:31:57.621777
Tataouine,6461651446,node,fast_food,ala rahmen,32.9288109,10.4460231,,,,,,2026-02-15T13:31:57.621777
Tataouine,6461651448,node,cafe,tunise,32.929062,10.4462063,الطريق الوطنية مدنين - الذهيبة,,,,,2026-02-15T13:31:57.621777
Tataouine,6461651452,node,restaurant,castelo,32.9295611,10.4467072,,,,,,2026-02-15T13:31:57.621777
Tataouine,6461651455,node,fast_food,lartisto,32.9299467,10.4475716,,,,,,2026-02-15T13:31:57.621777
Tataouine,6461651456,node,fast_food,السلطان,32.9311878,10.4499735,,,,,,2026-02-15T13:31:57.621777
Tataouine,6461651457,node,fast_food,منصور بلوس,32.9313425,10.4497361,,,,,,2026-02-15T13:31:57.621777
Tataouine,6807536148,node,kindergarten,Toyour Aljana,32.9171158,10.4639411,,,,,,2026-02-15T13:31:57.621777
Tataouine,6808642611,node,bank,البنك العربي لتونس,32.9322993,10.4508519,,,,,,2026-02-15T13:31:57.621777
Tataouine,7128586885,node,restaurant,الريس,32.9270102,10.4470237,,,,,,2026-02-15T13:31:57.621777
Tataouine,7397873731,node,cafe,café tataouine,32.9291047,10.449878,,,,,,2026-02-15T13:31:57.621777
Tataouine,9016197594,node,fuel,أويليبيا,32.9330192,10.4510915,,,,,,2026-02-15T13:31:57.621777
Tataouine,9016197595,node,fuel,شل,32.9408641,10.4526951,,,,,,2026-02-15T13:31:57.621777
Tataouine,9028833211,node,fuel,أويليبيا,32.9300332,10.4470481,,,,,,2026-02-15T13:31:57.621777
Tataouine,9028833212,node,fuel,توتال,32.9280832,10.445699,,,,,,2026-02-15T13:31:57.621777
Tataouine,9308841217,node,bus_station,,32.9277294,10.4470484,,,,,,2026-02-15T13:31:57.621777
Tataouine,9772404316,node,cafe,boghnim,32.9292139,10.4481232,,,,10:00-22:00,,2026-02-15T13:31:57.621777
Tataouine,9775096759,node,kindergarten,عصافىر السلام,32.9285038,10.4460204,الطريق الوطنية مدنين - الذهيبة,,,,,2026-02-15T13:31:57.621777
Tataouine,9775096760,node,library,مكتبة إبن عبدالله,32.9284943,10.4460034,الطريق الوطنية مدنين - الذهيبة,,,,,2026-02-15T13:31:57.621777
Tataouine,9775100153,node,police,فرقة الحرس البلدي,32.9274616,10.4478158,,,,,,2026-02-15T13:31:57.622712
Tataouine,9775100155,node,townhall,قصر البلدية,32.9273341,10.4475947,,,,,,2026-02-15T13:31:57.622712
Tataouine,9775100157,node,cafe,مقهى روان,32.9273193,10.4474469,,,,,,2026-02-15T13:31:57.622712
Tataouine,9775100160,node,cafe,مقهى,32.9275902,10.4474062,,,,,,2026-02-15T13:31:57.622712
Tataouine,9775178246,node,music_school,المعهد الجهوي للموسيقى,32.9277009,10.447051,,,,,,2026-02-15T13:31:57.622712
Tataouine,9775178250,node,cafe,مقهى بانوراما,32.9277532,10.4468913,,,,,,2026-02-15T13:31:57.622712
Tataouine,9775178258,node,cafe,مقهى الشرق,32.927858,10.4465217,,,,,,2026-02-15T13:31:57.622712
Tataouine,9775178262,node,cafe,الأندلس,32.9278811,10.4461587,,,,,,2026-02-15T13:31:57.622712
Tataouine,9775178264,node,bank,البنك الوطني الفلاحي,32.927818,10.4459273,,,,,,2026-02-15T13:31:57.622712
Tataouine,9775183446,node,driving_school,auto ecole saber haded,32.9283835,10.4482191,نهج الجيلاني المرزوقي,,,,,2026-02-15T13:31:57.622712
Tataouine,9775183454,node,school,ألمعهد الخاص الفوز,32.9287786,10.4472974,نهج الجيلاني المرزوقي,,,,,2026-02-15T13:31:57.622712
Tataouine,9775184711,node,conference_centre,محضنة الموسسات بتطاوين,32.9271039,10.4470967,,,,,,2026-02-15T13:31:57.622712
Tataouine,9775184712,node,driving_school,auto ecole,32.9270468,10.4471513,,,,,,2026-02-15T13:31:57.622712
Tataouine,9775184713,node,cafe,مقهي الاتحاد,32.9270559,10.4471908,,,,,,2026-02-15T13:31:57.622712
Tataouine,9775191584,node,cafe,مقهى خلف الله,32.9268439,10.4461299,,,,,,2026-02-15T13:31:57.622712
Tataouine,9775207013,node,restaurant,مطعم الفرات,32.9293886,10.447477,,,,,,2026-02-15T13:31:57.622712
Tataouine,9775229927,node,driving_school,,32.9281184,10.4461999,نهج 2 مارس 1934,,,,,2026-02-15T13:31:57.622712
Tataouine,9775229931,node,cafe,,32.9280868,10.4462314,نهج 2 مارس 1934,,,,,2026-02-15T13:31:57.622712
Tataouine,9775229963,node,fast_food,ملفوف ألا الرحمان,32.9285212,10.4460622,الطريق الوطنية مدنين - الذهيبة,,,,,2026-02-15T13:31:57.622712
Tataouine,9775229968,node,dentist,نوفل الخنجاري,32.9285735,10.4460871,الطريق الوطنية مدنين - الذهيبة,,,,,2026-02-15T13:31:57.622712
Tataouine,9775229969,node,bank,بنك الوفاق,32.9286441,10.446112,الطريق الوطنية مدنين - الذهيبة,,,,,2026-02-15T13:31:57.622712
Tataouine,9775256831,node,bus_station,محطة الواج رمادة,32.9278557,10.4475396,نهج 2 مارس 1934,,,,,2026-02-15T13:31:57.622712
Tataouine,9775256847,node,cafe,قهوة مراكش,32.9276943,10.4475719,نهج 2 مارس 1934,,,,,2026-02-15T13:31:57.622712
Tataouine,9775256856,node,restaurant,,32.9276599,10.4477892,نهج 2 مارس 1934,,,,,2026-02-15T13:31:57.622712
Tataouine,9775274658,node,driving_school,محمد بوقيلة,32.9287582,10.4462937,الطريق الوطنية مدنين - الذهيبة,,,,,2026-02-15T13:31:57.622712
Tataouine,9775274668,node,fast_food,,32.9288358,10.4463732,الطريق الوطنية مدنين - الذهيبة,,,,,2026-02-15T13:31:57.622712
Tataouine,9775274673,node,bicycle_repair_station,,32.9288893,10.4465072,,,,,,2026-02-15T13:31:57.622712
Tataouine,9775337811,node,restaurant,The King,32.9280258,10.4480757,نهج فرحات حشاد,,,,,2026-02-15T13:31:57.622712
Tataouine,9775357896,node,fast_food,club chapati,32.9284474,10.4482611,,,,,,2026-02-15T13:31:57.622712
Tataouine,9776458058,node,cafe,café,32.9285639,10.4473881,Rue Jilani Almarzougui,,,,,2026-02-15T13:31:57.622712
Tataouine,9776491723,node,cafe,,32.9291541,10.4482815,,,,,,2026-02-15T13:31:57.622712
Tataouine,9776491724,node,cafe,المعازيم,32.9288765,10.4479841,,,,,,2026-02-15T13:31:57.622712
Tataouine,9776491727,node,restaurant,بالها,32.9291785,10.4481022,,,,,,2026-02-15T13:31:57.622712
Tataouine,9776491729,node,driving_school,,32.9292595,10.4480444,,,,,,2026-02-15T13:31:57.622712
Tataouine,9776491734,node,cafe,MD,32.929346,10.4477112,,,,,,2026-02-15T13:31:57.622712
Tataouine,9823136353,node,bureau_de_change,العباسي للصرف,32.9281186,10.451202,,,,,,2026-02-15T13:31:57.622712
Tataouine,9823136406,node,cafe,مقهى النور,32.9313246,10.4502787,,,,,,2026-02-15T13:31:57.622712
Tataouine,9823138019,node,doctors,طبيب عيون,32.9304496,10.4503394,,,,,,2026-02-15T13:31:57.622712
Tataouine,9823146125,node,cafe,café bouich,32.9298482,10.4469088,الطريق الوطنية مدنين - الذهيبة,,,,,2026-02-15T13:31:57.622712
Tataouine,9823754155,node,dentist,Kais Bouzid,32.928388,10.4483676,نهج فرحات حشاد,,,,,2026-02-15T13:31:57.622712
Tataouine,9823775697,node,cafe,فلسطين,32.9281344,10.448276,نهج فرحات حشاد,,,,,2026-02-15T13:31:57.622712
Tataouine,9824971014,node,doctors,,32.9290726,10.450493,,,,,,2026-02-15T13:31:57.622712
Tataouine,9824971015,node,place_of_worship,,32.9289922,10.4504352,,,,,,2026-02-15T13:31:57.622712
Tataouine,9824984434,node,driving_school,,32.9286497,10.4505646,,,,,,2026-02-15T13:31:57.622712
Tataouine,9825048021,node,clinic,,32.9295174,10.4511682,,,,,,2026-02-15T13:31:57.622712
Tataouine,9825061724,node,cafe,مقهى شرهانة,32.9294893,10.4466356,,,,,,2026-02-15T13:31:57.622712
Tataouine,9825142712,node,cafe,,32.9288563,10.4500122,,,,,,2026-02-15T13:31:57.622712
Tataouine,9825155231,node,cafe,,32.9288698,10.4502607,,,,,,2026-02-15T13:31:57.622712
Tataouine,9825211028,node,cafe,قهوة هاجر,32.9270696,10.4495622,شارع الشهداء,,,,,2026-02-15T13:31:57.622712
Tataouine,9825248274,node,townhall,bureau de Techniciens,32.9272728,10.4481958,شارع الشهداء,,,,,2026-02-15T13:31:57.622712
Tataouine,9825302389,node,fast_food,,32.9301511,10.4510143,,,,,,2026-02-15T13:31:57.622712
Tataouine,9825316830,node,cafe,café Elissa,32.9305899,10.4497179,شارع الحبيب بورقيبة,,,,,2026-02-15T13:31:57.622712
Tataouine,9825316832,node,driving_school,auto ecole chnaina,32.9306644,10.4497063,شارع الحبيب بورقيبة,,,,,2026-02-15T13:31:57.622712
Tataouine,9825316834,node,bicycle_repair_station,,32.9305547,10.4496829,,,,,,2026-02-15T13:31:57.622712
Tataouine,9825316837,node,taxi,,32.9295674,10.4473786,,,,,,2026-02-15T13:31:57.622712
Tataouine,9825316839,node,restaurant,dar zmen,32.9309205,10.4499707,,,,,,2026-02-15T13:31:57.622712
Tataouine,9825316843,node,fast_food,chappati mahdia,32.9311442,10.4501782,,,,,,2026-02-15T13:31:57.622712
Tataouine,9825316847,node,doctors,elmekki,32.9312192,10.4500461,,,,,,2026-02-15T13:31:57.622712
Tataouine,9825316849,node,bank,biat,32.93113,10.4498695,,,,,,2026-02-15T13:31:57.622712
Tataouine,9825316853,node,doctors,Dr.Bouharba,32.9309769,10.449651,,,,,,2026-02-15T13:31:57.622712
Tataouine,9825317543,node,cafe,مقهى باريس,32.9273593,10.4483675,شارع الحبيب بورقيبة,,,,,2026-02-15T13:31:57.622712
Tataouine,9825317556,node,driving_school,,32.9274545,10.4481224,نهج 2 مارس 1954,,,,,2026-02-15T13:31:57.622712
Tataouine,9825320711,node,cafe,مقهى الشام,32.9275168,10.4484432,نهج 2 مارس 1954,,,,,2026-02-15T13:31:57.622712
Tataouine,9825345988,node,internet_cafe,,32.9270456,10.4499005,نهج 2 مارس 1934,,,,,2026-02-15T13:31:57.622712
Tataouine,9825345997,node,pharmacy,صيدلية نعيمة ازين,32.9269466,10.4501258,نهج 2 مارس 1934,,,,,2026-02-15T13:31:57.622712
Tataouine,9825346007,node,bureau_de_change,رقيق للصرافة,32.9268453,10.4504315,نهج الحرية,,,,,2026-02-15T13:31:57.622712
Tataouine,9825346577,node,doctors,mohamed taeib tezeghdenti,32.9265829,10.4460995,,,,,,2026-02-15T13:31:57.622712
Tataouine,9825362532,node,pharmacy,صيدلية عبدالنور,32.9290179,10.4498312,,,,,,2026-02-15T13:31:57.622712
Tataouine,9825362613,node,fast_food,latinos,32.9299885,10.4503707,,,,,,2026-02-15T13:31:57.622712
Tataouine,9825362614,node,ice_cream,glace,32.9299701,10.4503943,,,,,,2026-02-15T13:31:57.622712
Tataouine,9825362645,node,driving_school,auto-école,32.9302347,10.4508129,,,,,,2026-02-15T13:31:57.622712
Tataouine,9825362651,node,studio,studio photographe,32.9302995,10.4508778,,,,,,2026-02-15T13:31:57.622712
Tataouine,9825362657,node,cafe,café,32.9303839,10.4509345,,,,,,2026-02-15T13:31:57.622712
Tataouine,9825362670,node,doctors,الدكتور عمر الخرشاني,32.9304374,10.4506822,,,,,,2026-02-15T13:31:57.622712
Tataouine,9825362714,node,cafe,مقهى الشعب,32.9290645,10.4490522,,,,,,2026-02-15T13:31:57.622712
Tataouine,9825389336,node,restaurant,,32.9276279,10.4481123,نهج 2 مارس 1954,,,,,2026-02-15T13:31:57.622712
Tataouine,9825521080,node,doctors,الدكتور عفيف الجريدي طب اطفال,32.9313131,10.4505599,,,,,,2026-02-15T13:31:57.622712
Tataouine,9825521081,node,pharmacy,صيدلية فاطمة صالح,32.9311225,10.4504627,,,,,,2026-02-15T13:31:57.622712
Tataouine,9826033476,node,bank,BTS bank,32.9304398,10.4485351,الطريق الوطنية مدنين - الذهيبة,,,,,2026-02-15T13:31:57.622712
Tataouine,9828066160,node,pharmacy,صيدلية فريعة,32.9278139,10.4484792,,,,,,2026-02-15T13:31:57.622712
Tataouine,9828181689,node,fast_food,الصلاي,32.9286218,10.4487314,نهج الحبيب الدبابي,,,,,2026-02-15T13:31:57.622712
Tataouine,9828181695,node,fast_food,Al Amèn,32.9285838,10.4488521,شارع الحبيب بورقيبة,,,,,2026-02-15T13:31:57.622712
Tataouine,9828800504,node,cafe,قهوة البولار,32.9279379,10.4513353,نهج الحبيب الدبابي,,,,,2026-02-15T13:31:57.622712
Tataouine,9831044517,node,restaurant,El Rapido,32.9284516,10.4487666,شارع الحبيب بورقيبة,,,,,2026-02-15T13:31:57.622712
Tataouine,9831044524,node,driving_school,Handoura,32.9284153,10.4487646,شارع الحبيب بورقيبة,,,,,2026-02-15T13:31:57.622712
Tataouine,9831044525,node,driving_school,El imtiaz,32.9284139,10.4487428,شارع الحبيب بورقيبة,,,,,2026-02-15T13:31:57.622712
Tataouine,9831044532,node,driving_school,Med Kaib,32.928245,10.4487176,شارع الحبيب بورقيبة,,,,,2026-02-15T13:31:57.622712
Tataouine,9831815155,node,cafe,مقهى القدس,32.9273006,10.450452,,,,,,2026-02-15T13:31:57.622712
Tataouine,9831815164,node,driving_school,,32.9275197,10.4508148,نهج الطيب الغرياني,,,,,2026-02-15T13:31:57.622712
Tataouine,9831815165,node,dentist,Abdallah Khanjari,32.9275383,10.4507728,نهج الطيب الغرياني,,,,,2026-02-15T13:31:57.622712
Tataouine,9831815192,node,driving_school,المهارة,32.9279217,10.4505992,نهج مصباح الجربوع,,,,,2026-02-15T13:31:57.622712
Tataouine,9831826195,node,cafe,مقهى الزيتونة,32.9279515,10.4508864,نهج الحرية,,,,,2026-02-15T13:31:57.622712
Tataouine,9831826196,node,driving_school,Lazaar,32.9279473,10.4509601,نهج الحرية,,,,,2026-02-15T13:31:57.622712
Tataouine,9831965619,node,fast_food,,32.9277073,10.4502931,نهج مصباح الجربوع,,,,,2026-02-15T13:31:57.622712
Tataouine,9831965635,node,driving_school,Nabil al Dahech,32.9280675,10.450302,نهج الحبيب ثامر,,,,,2026-02-15T13:31:57.622712
Tataouine,9831965644,node,fast_food,,32.9278734,10.4502011,نهج الحبيب ثامر,,,,,2026-02-15T13:31:57.622712
Tataouine,9832252306,node,bureau_de_change,El Amana change,32.9282421,10.450833,نهج الحبيب الدبابي,,,,,2026-02-15T13:31:57.622712
Tataouine,9832252313,node,driving_school,مدرسة تعليم السياقة العمراني,32.9284164,10.4506205,نهج مصباح الجربوع,,,,,2026-02-15T13:31:57.622712
Tataouine,9832850432,node,cafe,مقهى الرحبة,32.9280601,10.448916,شارع الحبيب بورقيبة,,,,,2026-02-15T13:31:57.622712
Tataouine,9833174074,node,place_of_worship,,32.9282758,10.4492046,Rue Massaoud Chennaoui,,,,,2026-02-15T13:31:57.622712
Tataouine,9833174075,node,fast_food,,32.9283253,10.4490786,,,,,,2026-02-15T13:31:57.622712
Tataouine,9833271540,node,cafe,مقهى الخيمة,32.9278213,10.4516559,نهج قرطبة,,,,,2026-02-15T13:31:57.622712
Tataouine,9833271544,node,bicycle_repair_station,,32.926941,10.4513179,,,,,,2026-02-15T13:31:57.622712
Tataouine,9833271557,node,bureau_de_change,الصاروخ للصرف,32.9268465,10.4508163,نهج الصحراء,,,,,2026-02-15T13:31:57.622712
Tataouine,9833271563,node,childcare,,32.9273463,10.4514574,نهج قرطبة,,,,,2026-02-15T13:31:57.622712
Tataouine,9833304436,node,fast_food,,32.9284974,10.4498576,,,,,,2026-02-15T13:31:57.622712
Tataouine,9833304442,node,internet_cafe,,32.9285244,10.4502412,,,,,,2026-02-15T13:31:57.622712
Tataouine,10259591909,node,cafe,,32.9282911,10.4460307,,,,,,2026-02-15T13:31:57.622712
Tataouine,10292089209,node,fast_food,Al Bacha,32.9284666,10.4487955,,,,,,2026-02-15T13:31:57.622712
Tataouine,11926749969,node,bank,,32.9286497,10.4458592,,,,,,2026-02-15T13:31:57.622712
Tataouine,12782249540,node,cafe,Café Salon de Thé Coccinelle,32.9464743,10.4736417,rue tamezout,,,,,2026-02-15T13:31:57.622712
Tataouine,186982432,way,restaurant,Restaurant El Margoum,32.9289019,10.4488366,,,,,,2026-02-15T13:31:57.622712
Tataouine,215214523,way,fuel,,32.9685613,10.4607946,,,,,,2026-02-15T13:31:57.622712
Tataouine,215230868,way,place_of_worship,الجامع الكبير,32.9330573,10.4519634,,,,,,2026-02-15T13:31:57.622712
Tataouine,215230870,way,parking,,32.9480015,10.4567821,,,,,,2026-02-15T13:31:57.622712
Tataouine,215247722,way,bus_station,تطاوين,32.9477347,10.4572038,,,,,,2026-02-15T13:31:57.622712
Tataouine,215332459,way,parking,,32.9334714,10.4512628,,,,,,2026-02-15T13:31:57.622712
Tataouine,215332461,way,place_of_worship,hy l ber,32.9187719,10.4330375,,,,,,2026-02-15T13:31:57.622712
Tataouine,215332462,way,parking,,32.9146797,10.4164974,,,,,,2026-02-15T13:31:57.622712
Tataouine,215432078,way,parking,,32.9238451,10.448703,,,,,,2026-02-15T13:31:57.622712
Tataouine,215650391,way,parking,,32.9487513,10.4737269,,,,,,2026-02-15T13:31:57.622712
Tataouine,435891780,way,marketplace,سوق تطاوين,32.9289985,10.447584,,,,,,2026-02-15T13:31:57.622712
Tataouine,435891781,way,kindergarten,مركب الطفولة,32.9294565,10.4486863,نهج حسن خربي,,,,,2026-02-15T13:31:57.622712
Tataouine,435891782,way,school,,32.929768,10.4496821,شارع الحبيب بورقيبة,,,,,2026-02-15T13:31:57.622712
Tataouine,656938591,way,place_of_worship,المسجد العتيق,32.9266596,10.4497765,شارع الشهداء,,,,,2026-02-15T13:31:57.622712
Tataouine,657084550,way,college,بناية الريان,32.9275103,10.4507755,نهج الطيب الغرياني,,,,,2026-02-15T13:31:57.622712
Tataouine,657319972,way,food_court,Halawiyet du Sud,32.928731,10.4488912,,,,,,2026-02-15T13:31:57.622712
Tataouine,657319973,way,school,École Habib Bourguiba,32.9292444,10.4492389,,,,,,2026-02-15T13:31:57.622712
Tataouine,658237762,way,school,Collège ROGBA TATAOUIN,32.9037961,10.4305073,,,,,,2026-02-15T13:31:57.622712
Tataouine,658237763,way,place_of_worship,Mosquée abou baqara,32.905776,10.4236932,,,,,,2026-02-15T13:31:57.622712
Tataouine,658237764,way,school,École el hideia,32.9011786,10.4241956,,,,,,2026-02-15T13:31:57.622712
Tataouine,658237765,way,cafe,station el bourj,32.900483,10.4233679,,,,,,2026-02-15T13:31:57.622712
Tataouine,658753698,way,post_office,poste rogba,32.906991,10.4230179,,,,,,2026-02-15T13:31:57.622712
Tataouine,658753708,way,hospital,مركز صحة أساسية الرقبة,32.9062981,10.4218308,,,,,,2026-02-15T13:31:57.622712
Tataouine,658753709,way,school,École el rogba,32.9065777,10.4225901,,,,,,2026-02-15T13:31:57.622712
Tataouine,658753711,way,university,Lycée rogba,32.9067105,10.4212891,,,,,,2026-02-15T13:31:57.622712
Tataouine,658757509,way,cafe,cafe hsan,32.9072082,10.4242014,,,,,,2026-02-15T13:31:57.622712
Tataouine,659494014,way,casino,play station imed,32.9076893,10.4234415,,,,,,2026-02-15T13:31:57.622712
Tataouine,659541096,way,school,,32.9163457,10.4192153,,,,,,2026-02-15T13:31:57.622712
Tataouine,667684497,way,library,المكتبة الرقمية,32.9570772,10.4669827,,,,,,2026-02-15T13:31:57.622712
Tataouine,667684498,way,school,Collège cité mahrajen,32.9575994,10.4671812,,,,,,2026-02-15T13:31:57.622712
Tataouine,667686443,way,school,المدرسة الابتدائية العهد الجديد,32.9507663,10.4706734,,,,,,2026-02-15T13:31:57.622712
Tataouine,667686445,way,school,معهد حي المهرجان,32.9497805,10.4715747,,,,,,2026-02-15T13:31:57.622712
Tataouine,667686446,way,university,المعهد العالي للفنون والحرف بتطاوين,32.9497355,10.4755443,,,http://www.isamt.rnu.tn,,,2026-02-15T13:31:57.622712
Tataouine,667694562,way,hospital,مركز صحة أساسية وادي القمح,32.9269555,10.458635,,,,,,2026-02-15T13:31:57.622712
Tataouine,667868920,way,place_of_worship,mosquée cité ennour,32.9201542,10.4654391,,,,,,2026-02-15T13:31:57.622712
Tataouine,668114644,way,college,colege hy lbere,32.9213707,10.4319732,,,,,,2026-02-15T13:31:57.622712
Tataouine,668114645,way,college,abou l kasem c hebi,32.9217466,10.4328614,,,,,,2026-02-15T13:31:57.622712
Tataouine,668247739,way,school,ibn khaldoun,32.9226625,10.4665656,,,,,,2026-02-15T13:31:57.622712
Tataouine,678838780,way,cafe,café el hamra,32.9537799,10.4579417,,,,,,2026-02-15T13:31:57.622712
Tataouine,678838781,way,cafe,café edriss,32.9593371,10.4724326,,,,,,2026-02-15T13:31:57.622712
Tataouine,680532527,way,place_of_worship,جامع بلال,32.9407129,10.4541055,,,,,,2026-02-15T13:31:57.622712
Tataouine,760886093,way,place_of_worship,مسجد الأنصار,32.9456409,10.4652831,,,,,,2026-02-15T13:31:57.622712
Tataouine,1064043511,way,school,المدرسة الإبتدائية قرطبة,32.9299811,10.4520934,,,,,,2026-02-15T13:31:57.622712
Tataouine,1064048731,way,community_centre,المركب الشبابي المغاربي,32.957036,10.4696441,,,,,,2026-02-15T13:31:57.622712
Tataouine,1064054779,way,prep_school,معهد حي النور,32.9145307,10.4703843,,,,,,2026-02-15T13:31:57.622712
Tataouine,1064054781,way,school,,32.9138997,10.4705402,,,,,,2026-02-15T13:31:57.622712
Tataouine,1064056839,way,clinic,مركز صحة أساسية حي النزهة,32.9409902,10.45473,,,,,,2026-02-15T13:31:57.622712
Tataouine,1064056840,way,hospital,مركز صحة أساسية حي النزهة,32.9409885,10.454704,,,,,,2026-02-15T13:31:57.622712
Tataouine,1064056841,way,hospital,مركز صحة أساسية حي  المهرجان,32.9465811,10.467119,,,,,,2026-02-15T13:31:57.622712
Tataouine,1064056842,way,hospital,مركز صحة أساسية حي البر,32.918386,10.4325152,,,,,,2026-02-15T13:31:57.622712
Tataouine,1064056845,way,hospital,مركز صحة أساسية حي الرياض,32.9361681,10.4486773,,,,,,2026-02-15T13:31:57.622712
Tataouine,1064058050,way,community_centre,,32.9571003,10.4695452,,,,,,2026-02-15T13:31:57.622712
Tataouine,1064059353,way,school,المدرسة الابتدائية 2 مارس 34 تطاوين,32.9177914,10.4647133,,,,,,2026-02-15T13:31:57.622712
Tataouine,1064059354,way,school,المدرسة الابتدائية 2 مارس 34 تطاوين,32.9177906,10.4645977,,,,,,2026-02-15T13:31:57.622712
Tataouine,1064059355,way,school,المدرسة الابتدائية 2 مارس,32.9179548,10.4648636,,,,,,2026-02-15T13:31:57.622712
Tataouine,1064064625,way,school,المعهد الثانوي حي النور,32.9194521,10.4695327,,,,,,2026-02-15T13:31:57.622712
Tataouine,1064064626,way,school,المعهد الثانوي حي النور,32.9199145,10.4696576,,,,,,2026-02-15T13:31:57.622712
Tataouine,1064065082,way,school,المدرسة الإبتدائية فرحات حشاد,32.9298418,10.4489385,,,,,,2026-02-15T13:31:57.622712
Tataouine,1064065523,way,university,ISET,32.949692,10.4741384,,,,,,2026-02-15T13:31:57.622712
Tataouine,1064065526,way,restaurant,restaurant universitaire,32.9486294,10.4744486,,,,,,2026-02-15T13:31:57.622712
Tataouine,1064321338,way,bank,tijari,32.9274033,10.4477548,,,,,,2026-02-15T13:31:57.622712
Tataouine,1064321339,way,townhall,بلدية تطاوين المدينة,32.9272616,10.4476256,,,,,,2026-02-15T13:31:57.622712
Tataouine,1064351513,way,parking,,32.9273481,10.4469286,,,,,,2026-02-15T13:31:57.622712
Tataouine,1064362847,way,bus_station,الشركة الجهوية للنقل,32.929237,10.4470337,,,,,,2026-02-15T13:31:57.622712
Tataouine,1064372379,way,post_office,,32.9268944,10.4483107,,,,,,2026-02-15T13:31:57.622712
Tataouine,1064373846,way,townhall,بلدية تطاوين الجنوبية,32.9246522,10.4395875,,,,,,2026-02-15T13:31:57.622712
Tataouine,1069561649,way,place_of_worship,,32.8904153,10.4429821,,,,,,2026-02-15T13:31:57.622712
Tataouine,1069566434,way,place_of_worship,مسجد بني بركة,32.8869305,10.4348149,,,,,,2026-02-15T13:31:57.622712
Tataouine,1070340697,way,parking,,32.9299108,10.4437226,,,,,,2026-02-15T13:31:57.622712
Tataouine,1070347342,way,fuel,عجيل,32.9315266,10.4508394,,,,,,2026-02-15T13:31:57.622712
Tataouine,1070365750,way,school,المدرسة الإبتدائية الطيب المهيري,32.9303549,10.4522274,,,,,,2026-02-15T13:31:57.622712
Tataouine,1070365751,way,school,المدرسةل الاعدادية 18 جانفي,32.9309388,10.4523724,,,,,,2026-02-15T13:31:57.622712
Tataouine,1070589779,way,cafe,مقهى بيان,32.9296253,10.4459069,شارع محمد الجمل,,,,,2026-02-15T13:31:57.622712
Tataouine,1070605090,way,school,,32.9277286,10.4444888,,,,,,2026-02-15T13:31:57.622712
Tataouine,1070624913,way,bank,,32.9306583,10.4500719,,,,,,2026-02-15T13:31:57.622712
Tataouine,1070624915,way,bank,,32.9304964,10.449979,,,,,,2026-02-15T13:31:57.622712
Tataouine,1070624918,way,pharmacy,صيدلية عبدالنور,32.9289983,10.4498287,,,,,,2026-02-15T13:31:57.622712
Tataouine,1070624919,way,cafe,مقهى تطاوين,32.9291353,10.4498993,,,,,,2026-02-15T13:31:57.622712
Tataouine,1070624920,way,fast_food,gumpfood,32.9291776,10.4499719,,,,,,2026-02-15T13:31:57.622712
Tataouine,1070624921,way,driving_school,سالم التايب لتعليم السياقة,32.9292328,10.450013,,,,,,2026-02-15T13:31:57.622712
Tataouine,1070624957,way,bank,بنك الامان,32.9290899,10.4487662,,,,,,2026-02-15T13:31:57.622712
Tataouine,1070628877,way,restaurant,,32.927627,10.4481183,نهج 2 مارس 1954,,,,,2026-02-15T13:31:57.622712
Tataouine,1070628881,way,fast_food,,32.9277875,10.4481892,نهج فرحات حشاد,,,,,2026-02-15T13:31:57.622712
Tataouine,1070975714,way,pharmacy,,32.9278215,10.4484719,شارع الحبيب بورقيبة,,,,,2026-02-15T13:31:57.622712
Tataouine,1070995468,way,fast_food,مدجنة الصلاي,32.9285983,10.4487322,نهج الحبيب الدبابي,,,,,2026-02-15T13:31:57.622712
Tataouine,1070995470,way,fast_food,Al Amèn,32.9285831,10.4488538,شارع الحبيب بورقيبة,,,,,2026-02-15T13:31:57.622712
Tataouine,1071080332,way,cafe,قهوة البولار,32.9279424,10.4513622,نهج الحبيب الدبابي,,,,,2026-02-15T13:31:57.622712
Tataouine,1071520575,way,cafe,,32.9280614,10.4489146,شارع الحبيب بورقيبة,,,,,2026-02-15T13:31:57.622712
Tataouine,1088864861,way,post_office,مكتب البريد بني بركة,32.8903322,10.4429285,,,,,,2026-02-15T13:31:57.622712
Tataouine,1185911941,way,parking,,32.921181,10.4422795,,,,,,2026-02-15T13:31:57.622712
Tataouine,1267547550,way,hospital,Hospital Mil. Tataouine,32.9268741,10.4442855,,,,,,2026-02-15T13:31:57.622712
Tataouine,1368070155,way,marketplace,Marché de betaille,32.9607711,10.4656031,,,,,,2026-02-15T13:31:57.622712
Tataouine,1368070178,way,police,Garde Nationale,32.9578596,10.470586,,,,,,2026-02-15T13:31:57.622712
Tataouine,1368070181,way,parking,,32.9577158,10.4708382,,,,,,2026-02-15T13:31:57.622712
Tataouine,1368070184,way,school,,32.9583473,10.4691723,,,,,,2026-02-15T13:31:57.622712
Tataouine,1368070187,way,school,Ecole Préparatoire Cité Mahrajène,32.9566563,10.467936,,,,,,2026-02-15T13:31:57.622712
Tataouine,14185928,relation,school,,32.9145191,10.4703299,,,,,,2026-02-15T13:31:57.622712
Tataouine,14186038,relation,school,المدرسة الإعدادية إبن رشد,32.9281566,10.4442328,,,,,,2026-02-15T13:31:57.622712
Béja,3868109096,node,fuel,شل,36.7275743,9.1977454,,,,,,2026-02-15T13:32:00.221946
Béja,3868109097,node,restaurant,,36.728411,9.2019821,,,,,,2026-02-15T13:32:00.221946
Béja,3868109098,node,cafe,,36.7283928,9.2019915,,,,,,2026-02-15T13:32:00.221946
Béja,3868109103,node,cafe,Moulin,36.7283229,9.2013491,,,,,,2026-02-15T13:32:00.221946
Béja,3871616308,node,taxi,,36.7254636,9.1873796,,,,,,2026-02-15T13:32:00.221946
Béja,3876177938,node,bank,بنك الأمان,36.7251794,9.1865929,,,,,,2026-02-15T13:32:00.221946
Béja,3876177940,node,fountain,,36.7236562,9.1852188,,,,,,2026-02-15T13:32:00.221946
Béja,4212014092,node,cafe,Jasmin,36.7310095,9.2053453,,,,,,2026-02-15T13:32:00.221946
Béja,4427095394,node,atm,Kouki,36.7214347,9.1946793,,,,,,2026-02-15T13:32:00.221946
Béja,4427121489,node,atm,Kouki,36.7214289,9.1946896,,,,,,2026-02-15T13:32:00.221946
Béja,7468311488,node,fuel,شل,36.7257056,9.1884611,شارع الحبيب ثامر,+216 71 249 149,,,,2026-02-15T13:32:00.221946
Béja,7468425257,node,fuel,عجيل,36.7267491,9.1895296,,,,,,2026-02-15T13:32:00.221946
Béja,8493907457,node,cafe,Café Municipal,36.7228817,9.1862246,,,,,,2026-02-15T13:32:00.221946
Béja,9293588018,node,bus_station,,36.7215511,9.1823032,,,,,,2026-02-15T13:32:00.221946
Béja,9373936328,node,fuel,طوطال,36.7283231,9.2018019,,,,,,2026-02-15T13:32:00.221946
Béja,9373936329,node,fuel,أويليبيا,36.7296593,9.2069998,,,,,,2026-02-15T13:32:00.221946
Béja,9373936330,node,fuel,ستار اويل,36.7228905,9.2045374,,,,,,2026-02-15T13:32:00.221946
Béja,9827524487,node,townhall,Municipalité El Maagoula,36.7075104,9.2106027,,,,,,2026-02-15T13:32:00.221946
Béja,9827524489,node,school,Collège Ibn Khaldoun,36.7037407,9.2138531,,,,,,2026-02-15T13:32:00.221946
Béja,9827524490,node,school,,36.7110448,9.2116453,,,,,,2026-02-15T13:32:00.221946
Béja,9827528183,node,place_of_worship,,36.7373818,9.2252321,,,,,,2026-02-15T13:32:00.221946
Béja,9827528184,node,school,,36.7368449,9.2246553,,,,,,2026-02-15T13:32:00.221946
Béja,9827528197,node,school,Lycée Nouveau Pilote Beja,36.7381943,9.2024826,,,,,,2026-02-15T13:32:00.221946
Béja,9827528198,node,fuel,شل,36.7388272,9.1995226,,,,,,2026-02-15T13:32:00.221946
Béja,9827528199,node,school,Lycée Pilote de Béja,36.7334803,9.194494,,,,,,2026-02-15T13:32:00.221946
Béja,9827528200,node,vehicle_inspection,Centre de Visite Technique Beja,36.7394769,9.1984667,,,,,,2026-02-15T13:32:00.221946
Béja,9827528203,node,place_of_worship,Mosquée Ettakwa,36.7427804,9.1890222,habib Achour,,,,,2026-02-15T13:32:00.221946
Béja,9827528204,node,school,المعهد الثانوي ابن منظور المزارة,36.7341977,9.1717177,,,,,,2026-02-15T13:32:00.221946
Béja,9827528205,node,school,المدرسة الابتدائية قصر باردو,36.7352354,9.173471,,,,,,2026-02-15T13:32:00.221946
Béja,9827528206,node,school,مدرسة حي السكر,36.7336092,9.1819288,,,,,,2026-02-15T13:32:00.221946
Béja,9827528207,node,place_of_worship,جامع المزارة,36.7285471,9.1788579,,,,,,2026-02-15T13:32:00.221946
Béja,9827528208,node,school,المدرسة الإبتدائية المزارة,36.7277426,9.1780528,,,,,,2026-02-15T13:32:00.221946
Béja,9827528209,node,school,Collège Errached,36.7280212,9.1830224,,,,,,2026-02-15T13:32:00.221946
Béja,9827528210,node,school,إعدادية العياضي الباجي,36.7191053,9.1876036,,,,,,2026-02-15T13:32:00.221946
Béja,9827528211,node,university,Institut Supérieur de Biotechnologie de Béja,36.7182941,9.1797397,,,,,,2026-02-15T13:32:00.221946
Béja,10308628309,node,bus_station,,36.7263985,9.18691,,,,,,2026-02-15T13:32:00.221946
Béja,10308771109,node,place_of_worship,,36.7260095,9.1839844,,,,,,2026-02-15T13:32:00.221946
Béja,11990500472,node,cafe,Café beja jadida,36.7427834,9.1827633,,,,,,2026-02-15T13:32:00.221946
Béja,11990500473,node,pharmacy,Pharmacie ben othman riadh,36.7356751,9.1789175,,,,,,2026-02-15T13:32:00.221946
Béja,11991938969,node,restaurant,,36.723379,9.2041161,,,,,,2026-02-15T13:32:00.221946
Béja,130503069,way,parking,,36.7264179,9.1849366,,,,,,2026-02-15T13:32:00.221946
Béja,130503070,way,place_of_worship,,36.7251445,9.1827792,,,,,,2026-02-15T13:32:00.221946
Béja,130503073,way,place_of_worship,,36.7370264,9.1750335,,,,,,2026-02-15T13:32:00.221946
Béja,130545931,way,parking,,36.7141018,9.1971881,,,,,,2026-02-15T13:32:00.221946
Béja,237687703,way,parking,,36.7231468,9.1847614,,,,,,2026-02-15T13:32:00.221946
Béja,312819041,way,place_of_worship,Église de Béja,36.7239009,9.1848482,,,,,,2026-02-15T13:32:00.221946
Béja,350643771,way,clinic,Clinique Béja d'Hémodyalise,36.7222484,9.2034439,,,,,,2026-02-15T13:32:00.221946
Béja,350644171,way,clinic,Clinique Amen Béja,36.7278055,9.1999241,Rue Tahar Gharbi,+216 78 454 355,,,,2026-02-15T13:32:00.221946
Béja,383524758,way,college,Institut Superieur des Études Technologiques de Béja,36.7301948,9.2027965,,,,,,2026-02-15T13:32:00.221946
Béja,383524760,way,college,Institut Superieur des Langues Appliquées et d'Informatique de Béja,36.7291637,9.2013325,,,,,,2026-02-15T13:32:00.221946
Béja,383524762,way,restaurant,Restaurant de l'Institut,36.7304887,9.2009356,,,,,,2026-02-15T13:32:00.221946
Béja,383526602,way,restaurant,moulin,36.7283079,9.2013558,,,,,,2026-02-15T13:32:00.221946
Béja,383852286,way,bank,البنك الوطني الفلاحي,36.7274257,9.1962774,,,,,,2026-02-15T13:32:00.221946
Béja,383852287,way,cafe,البنك الوطني الفلاحي,36.7273547,9.196384,,,,,,2026-02-15T13:32:00.221946
Béja,383852288,way,police,ELMENTAKA-Bèja,36.7270526,9.1959069,,,,,,2026-02-15T13:32:00.221946
Béja,383852289,way,hospital,ETAWLID,36.726344,9.1946824,,,,,,2026-02-15T13:32:00.221946
Béja,383852291,way,police,الحرس الوطني,36.7262543,9.1923023,شارع البيئة,,,,,2026-02-15T13:32:00.221946
Béja,397476485,way,school,École Primaire Sidi Fradj,36.7218963,9.195477,,,,,,2026-02-15T13:32:00.221946
Béja,397476594,way,public_bath,حمام سيدي فرج,36.7212084,9.1949827,,,,,,2026-02-15T13:32:00.221946
Béja,397477535,way,social_centre,مركز التضامن الإجتماعي,36.7214984,9.1951567,,,,,,2026-02-15T13:32:00.221946
Béja,397477781,way,place_of_worship,جامع سيدي فرج,36.7203828,9.1943579,,,,,,2026-02-15T13:32:00.221946
Béja,397480396,way,townhall,قصر البلدية,36.7228445,9.1865766,,,,,,2026-02-15T13:32:00.221946
Béja,584351881,way,school,École Primaire Beja Avenir,36.7418277,9.1899253,BEJA AVENIR,,,,,2026-02-15T13:32:00.221946
Béja,1147440774,way,place_of_worship,,36.7261261,9.1822761,,,,,,2026-02-15T13:32:00.221946
Béja,1147440775,way,place_of_worship,Kasbah,36.7240009,9.1787757,,,,,,2026-02-15T13:32:00.221946
Béja,1431531168,way,school,,36.738324,9.2026478,,,,,,2026-02-15T13:32:00.221946
Béja,1431531169,way,school,,36.7392588,9.2017434,,,,,,2026-02-15T13:32:00.221946
Jendouba,330232316,node,bank,البنك الوطني الفلاحي,36.5014137,8.7786054,,,,,,2026-02-15T13:32:08.719066
Jendouba,2833510479,node,taxi,,36.5024887,8.7823356,,,,,,2026-02-15T13:32:08.719066
Jendouba,2833513845,node,cafe,,36.5043791,8.7889711,,,,,,2026-02-15T13:32:08.719066
Jendouba,2833576544,node,place_of_worship,مسجد السلام,36.4969911,8.7852592,,,,,,2026-02-15T13:32:08.719066
Jendouba,2834291532,node,place_of_worship,,36.5073599,8.7620569,,,,,,2026-02-15T13:32:08.719066
Jendouba,2834860523,node,place_of_worship,Mosquée El Ferdaous,36.5156813,8.753052,,,,,,2026-02-15T13:32:08.719066
Jendouba,2835379709,node,restaurant,كليوباترا,36.4977548,8.7780748,,,,,,2026-02-15T13:32:08.719066
Jendouba,6367943073,node,bank,الشركة التونسية للبنك,36.5011799,8.7781496,,,,,,2026-02-15T13:32:08.719066
Jendouba,6367943074,node,bank,الاتحاد الدولي للبنوك,36.5007888,8.7782808,,,,,,2026-02-15T13:32:08.719066
Jendouba,6367943075,node,bank,بنك الأمان,36.5018417,8.7792344,,,,,,2026-02-15T13:32:08.719066
Jendouba,6367943076,node,bank,بنك تونس العربي الدولي,36.5012339,8.7794451,,,,,,2026-02-15T13:32:08.719066
Jendouba,6367943077,node,bank,التجاري وفا بنك,36.5012447,8.7798583,,,,,,2026-02-15T13:32:08.719066
Jendouba,6367943078,node,bank,البنك العربي لتونس,36.5008735,8.7797989,,,,,,2026-02-15T13:32:08.719066
Jendouba,6367943079,node,bank,مصرف الزيتونة,36.5008757,8.7793209,,,,,,2026-02-15T13:32:08.719066
Jendouba,6367943080,node,bank,بنك المؤسسات الصغرى والمتوسطة,36.5006759,8.779545,,,,,,2026-02-15T13:32:08.719066
Jendouba,6367943081,node,bank,الاتحاد البنكي للتجارة والصناعة,36.4999274,8.7811126,,,,,,2026-02-15T13:32:08.719066
Jendouba,9360947233,node,fuel,عجيل,36.5185419,8.7552124,,,,,,2026-02-15T13:32:08.719066
Jendouba,9360947240,node,townhall,Municipalité Cité El Ferdaous,36.5158125,8.7579924,,,,,,2026-02-15T13:32:08.719066
Jendouba,9360947243,node,fuel,ستار أويل,36.4982424,8.7721098,,,,,,2026-02-15T13:32:08.719066
Jendouba,9360947244,node,fuel,شل,36.496593,8.7760103,,,,,,2026-02-15T13:32:08.719066
Jendouba,9360947246,node,school,Lycée 9 Avril,36.4929846,8.778653,,,,,,2026-02-15T13:32:08.719066
Jendouba,9360947247,node,school,مدرسة الحرية الثانوية,36.4960691,8.7836661,,,,,,2026-02-15T13:32:08.719066
Jendouba,9360947248,node,fuel,عجيل,36.5038033,8.78747,,,,,,2026-02-15T13:32:08.719066
Jendouba,10302043309,node,bus_station,,36.498081,8.7741771,,,,,,2026-02-15T13:32:08.719066
Jendouba,10968039123,node,cafe,Crepe Trip,36.4996757,8.787687,"Rue Imam Sohnoun, Cité Palmier 2",+216 23 761 210,https://www.facebook.com/TripCrepe,Mo-Su 07:00-00:00,,2026-02-15T13:32:08.719066
Jendouba,11396094169,node,bus_station,,36.4952377,8.7761147,,,,,,2026-02-15T13:32:08.719066
Jendouba,12334414329,node,restaurant,Mama Mia Pizzeria,36.5041281,8.7645682,,,,,,2026-02-15T13:32:08.719066
Jendouba,279088953,way,school,,36.5054168,8.795712,,,,,,2026-02-15T13:32:08.719066
Jendouba,279100961,way,parking,,36.5011005,8.7780314,,,,,,2026-02-15T13:32:08.719066
Jendouba,279100965,way,parking,,36.5044129,8.7891237,,,,,,2026-02-15T13:32:08.719066
Jendouba,279100967,way,parking,,36.5016402,8.7779664,,,,,,2026-02-15T13:32:08.719066
Jendouba,279108025,way,school,,36.4991802,8.7827882,,,,,,2026-02-15T13:32:08.719066
Jendouba,279110329,way,school,,36.488706,8.7846052,,,,,,2026-02-15T13:32:08.719066
Jendouba,279110330,way,school,,36.4878215,8.7846584,,,,,,2026-02-15T13:32:08.719066
Jendouba,279156031,way,parking,,36.4872792,8.7680885,,,,,,2026-02-15T13:32:08.719066
Jendouba,279156131,way,college,,36.4924062,8.7753232,,,,,,2026-02-15T13:32:08.719066
Jendouba,279248643,way,university,جامعة جندوبة,36.5082585,8.7603981,,,,,,2026-02-15T13:32:08.719066
Jendouba,279248724,way,parking,,36.5096876,8.7613277,,,,,,2026-02-15T13:32:08.719066
Jendouba,279248745,way,university,المعهد العالي للعلوم الإنسانية بجندوبة,36.5104907,8.7600366,,,,,,2026-02-15T13:32:08.719066
Jendouba,279248757,way,parking,,36.5089538,8.7609746,,,,,,2026-02-15T13:32:08.719066
Jendouba,279248778,way,parking,,36.5076241,8.7604627,,,,,,2026-02-15T13:32:08.719066
Jendouba,279248780,way,parking,,36.5068157,8.7607247,,,,,,2026-02-15T13:32:08.719066
Jendouba,279248784,way,parking,,36.5076057,8.7608985,,,,,,2026-02-15T13:32:08.719066
Jendouba,279258607,way,university,,36.507061,8.7572058,,,,,,2026-02-15T13:32:08.719066
Jendouba,279258608,way,university,,36.508296,8.7546849,,,,,,2026-02-15T13:32:08.719066
Jendouba,279258650,way,hospital,المستشفى الجهوي بجندوبة,36.5138929,8.7579019,Rue du Grand Mahgreb,+216 78 630 110,,,,2026-02-15T13:32:08.719066
Jendouba,279258668,way,university,,36.5062895,8.7588329,,,,,,2026-02-15T13:32:08.719066
Jendouba,279258670,way,parking,,36.5132076,8.759469,,,,,,2026-02-15T13:32:08.719066
Jendouba,279260483,way,college,,36.5193602,8.763621,,,,,,2026-02-15T13:32:08.719066
Jendouba,279260484,way,college,,36.5178431,8.7646867,,,,,,2026-02-15T13:32:08.719066
Jendouba,279260488,way,school,,36.5185078,8.7601664,,,,,,2026-02-15T13:32:08.719066
Jendouba,279260496,way,school,,36.5123412,8.7646313,,,,,,2026-02-15T13:32:08.719066
Jendouba,279260497,way,school,École Primaire Ibn Al Jazzar,36.5162367,8.7528581,,,,,,2026-02-15T13:32:08.719066
Jendouba,279317371,way,fuel,أويليبيا,36.4972831,8.7767691,,,,,,2026-02-15T13:32:08.719066
Jendouba,279317372,way,school,Collège Mustafa Kheraief,36.496787,8.7780431,,,,,,2026-02-15T13:32:08.719066
Jendouba,279317373,way,fuel,شل,36.4973212,8.7772017,,,,,,2026-02-15T13:32:08.719066
Jendouba,680101462,way,post_office,جندوبة,36.5006207,8.7775962,,,https://www.poste.dz/,,,2026-02-15T13:32:08.719066
Jendouba,680101472,way,marketplace,سوق الأربعاء,36.5063156,8.7712562,,,,,,2026-02-15T13:32:08.719066
Jendouba,680101473,way,marketplace,السوق البلدي,36.4996407,8.7784818,,,,,,2026-02-15T13:32:08.719066
Mahdia,558051323,node,bank,بنك تونس العربي الدولي,35.5404319,11.0289408,,,,,,2026-02-15T13:32:12.902538
Mahdia,558051337,node,pharmacy,Zonepara Pharmacie,35.5272082,11.033276,,,,,,2026-02-15T13:32:12.902538
Mahdia,558051342,node,restaurant,Dar Shat,35.5273041,11.0381655,,,,,,2026-02-15T13:32:12.902538
Mahdia,558051351,node,post_box,,35.5331796,11.0324066,,,,,,2026-02-15T13:32:12.902538
Mahdia,558051358,node,restaurant,Le Pêcheur,35.5306997,11.036767,,,,,,2026-02-15T13:32:12.902538
Mahdia,558051370,node,atm,,35.5400087,11.0312101,,,,,,2026-02-15T13:32:12.902538
Mahdia,558059992,node,restaurant,Neptune,35.5056967,11.0642451,,,,,,2026-02-15T13:32:12.902538
Mahdia,558060003,node,post_box,,35.5152389,11.0465479,,,,,,2026-02-15T13:32:12.902538
Mahdia,558060008,node,post_box,,35.5315275,11.0329842,,,,,,2026-02-15T13:32:12.902538
Mahdia,558538394,node,dive_centre,مدرسة الغوص مترو الأنفاق,35.5051531,11.0703734,,+216 98 556 542,https://www.facebook.com/divingmahdia/,,,2026-02-15T13:32:12.902538
Mahdia,558538405,node,cafe,الكوشة,35.5052868,11.0708601,,,,,,2026-02-15T13:32:12.902538
Mahdia,1056752611,node,taxi,المدينة,35.5028968,11.0685408,,,,,,2026-02-15T13:32:12.902538
Mahdia,1056752623,node,cafe,سيدي سالم,35.5042508,11.074097,,+216 23583563,,,,2026-02-15T13:32:12.902538
Mahdia,1059230206,node,cafe,الزهور,35.5049407,11.0644035,,,,,,2026-02-15T13:32:12.902538
Mahdia,1060330719,node,post_office,(5129),35.5042987,11.0710097,,,,,,2026-02-15T13:32:12.902538
Mahdia,1060330726,node,pharmacy,,35.5027914,11.069487,,,,,,2026-02-15T13:32:12.902538
Mahdia,1060330732,node,place_of_worship,جامع الحاج مصطفى حمزة,35.5041807,11.07066,,,,,,2026-02-15T13:32:12.902538
Mahdia,1060330770,node,university,Institut Supérieur des Etudes Technologique de Mahdia,35.5225638,11.0301801,,,,,,2026-02-15T13:32:12.902538
Mahdia,1060330778,node,school,مدرسة إعدادية الحبيب بورقيبة,35.5047729,11.0654636,,,,,,2026-02-15T13:32:12.902538
Mahdia,1060408514,node,school,المدرسة الإعدادية ابن رشد,35.5025444,11.0645935,,,,,,2026-02-15T13:32:12.902538
Mahdia,1125577662,node,place_of_worship,الجامع الكبير,35.503992,11.0719776,نهج البرج العثماني,,,,,2026-02-15T13:32:12.902538
Mahdia,1125586036,node,taxi,,35.5026231,11.0683503,,,,,,2026-02-15T13:32:12.902538
Mahdia,1935883124,node,post_office,مكتب بريد المهدية هيبون (5111),35.5121256,11.0467486,,,,,,2026-02-15T13:32:12.902538
Mahdia,1935883793,node,atm,,35.5120889,11.0466545,,,,,,2026-02-15T13:32:12.902538
Mahdia,1935885178,node,pharmacy,صيدلية هيبون,35.5137634,11.0426572,,,,,,2026-02-15T13:32:12.902538
Mahdia,1935885950,node,place_of_worship,جامع هيبون,35.5138508,11.041933,,,,,,2026-02-15T13:32:12.902538
Mahdia,1935887192,node,school,Hiboun El Fatah,35.5125883,11.045301,,,,,,2026-02-15T13:32:12.902538
Mahdia,1935905895,node,school,Tahar Sfar High School,35.5098816,11.0497435,,,,,,2026-02-15T13:32:12.902538
Mahdia,1935907087,node,school,Lycée Secondaire Ibn Sina,35.5100357,11.0485669,,,,,,2026-02-15T13:32:12.902538
Mahdia,1935946490,node,school,el roudha premary school,35.5072697,11.0382486,,,,,,2026-02-15T13:32:12.902538
Mahdia,1935973011,node,bank,البنك التونسي,35.5028268,11.0692593,,,,,,2026-02-15T13:32:12.902538
Mahdia,1935973549,node,bank,الشركة التونسية للبنك,35.5032329,11.0687926,,,,,,2026-02-15T13:32:12.902538
Mahdia,1935974423,node,bank,بنك تونس العربي الدولي,35.503974,11.0682009,,,,,,2026-02-15T13:32:12.902538
Mahdia,1935978299,node,bank,التجاري بنك,35.5025434,11.0671034,,,,,,2026-02-15T13:32:12.902538
Mahdia,1935981881,node,fountain,,35.5036965,11.0682405,,,,,,2026-02-15T13:32:12.902538
Mahdia,2402352445,node,place_of_worship,Mosquée EL Hideya,35.4683423,11.0430546,,,,,,2026-02-15T13:32:12.902538
Mahdia,2402369697,node,townhall,بلدية الرجيش,35.4655766,11.0425072,,,,,,2026-02-15T13:32:12.902538
Mahdia,2402886155,node,place_of_worship,,35.5122741,11.0336943,,,,,,2026-02-15T13:32:12.902538
Mahdia,2698473916,node,pharmacy,صيدلية محمد السقا,35.5049308,11.0640651,شارع الحبيب بورقيبة,+216 73 681 931,,"Sep-May: Mo-Fr 08:30-13:00,15:00-19:30; Sep-May: Sa 08:30-13:00",,2026-02-15T13:32:12.902538
Mahdia,3416128780,node,restaurant,مطعم المعز,35.5035656,11.0686636,,,,,,2026-02-15T13:32:12.902538
Mahdia,4816660723,node,restaurant,الليدو,35.5022351,11.0666766,,,,,,2026-02-15T13:32:12.902538
Mahdia,4816667979,node,cafe,مقهى المدينة,35.5044433,11.071297,,,,,,2026-02-15T13:32:12.902538
Mahdia,4816677226,node,restaurant,Le Quai,35.5022834,11.0668669,,,,,,2026-02-15T13:32:12.902538
Mahdia,4839745124,node,cafe,مقهى الجوهرة,35.5182374,11.0424551,,,,,,2026-02-15T13:32:12.902538
Mahdia,4903674721,node,bank,بنك الأمان,35.5401075,11.0291688,Route Touristique,+216 73 682 664,,,,2026-02-15T13:32:12.902538
Mahdia,5765699590,node,bank,البركة,35.5111704,11.0523836,,,,,,2026-02-15T13:32:12.902538
Mahdia,5836958286,node,fast_food,ريميني,35.5210824,11.0424004,,,,,,2026-02-15T13:32:12.902538
Mahdia,5842700478,node,bank,مصرف الزيتونة,35.5048313,11.0634711,,,,,,2026-02-15T13:32:12.902538
Mahdia,5842700479,node,bank,بنك الإسكان,35.5047976,11.063345,,,,,,2026-02-15T13:32:12.902538
Mahdia,5843114902,node,community_centre,كنيسة المهدية,35.5048414,11.070489,,,,,,2026-02-15T13:32:12.902538
Mahdia,6013862332,node,restaurant,Chez Naïma,35.5044387,11.0682815,,,,,,2026-02-15T13:32:12.902538
Mahdia,6013862333,node,cafe,,35.5032216,11.0688991,,,,,,2026-02-15T13:32:12.902538
Mahdia,6013862334,node,bench,,35.5080812,11.0806514,,,,,,2026-02-15T13:32:12.902538
Mahdia,6013862335,node,place_of_worship,سيدي الغمام,35.5039315,11.0678356,,,,,,2026-02-15T13:32:12.902538
Mahdia,6013870238,node,bench,,35.5049579,11.0682073,,,,,,2026-02-15T13:32:12.902538
Mahdia,6068332441,node,university,المعهد العالي للإعلامية بالمهدية,35.5240733,11.0307786,Campus Universitaire Sidi Messaoud,,https://isima.rnu.tn/fra/home,,,2026-02-15T13:32:12.902538
Mahdia,6284535864,node,university,المعهد العالي للدراسات التطبيقية في الإنسانيات بالمهدية,35.4785499,11.0522423,,,http://www.iseahm.rnu.tn/ar/,,,2026-02-15T13:32:12.902538
Mahdia,6284535865,node,restaurant,المطعم الجامعي رجيش,35.4783795,11.0530179,,,,,,2026-02-15T13:32:12.902538
Mahdia,6284535866,node,university,المعهد العالي للعلوم التطبيقية والتكنولوجيا بالمهدية,35.4778368,11.0518402,,,https://issatmh.rnu.tn/,,,2026-02-15T13:32:12.902538
Mahdia,6284535867,node,university,قرية اللغات بالمهدية,35.4764776,11.051814,,,,,,2026-02-15T13:32:12.902538
Mahdia,6379306559,node,bank,البنك التونسي السعودي,35.5038398,11.0669572,,,,,,2026-02-15T13:32:12.902538
Mahdia,6379306560,node,bank,الاتحاد الدولي للبنوك,35.5045772,11.0661323,,,,,,2026-02-15T13:32:12.902538
Mahdia,6379306567,node,cafe,La Bella,35.5054623,11.0649076,,,,,,2026-02-15T13:32:12.902538
Mahdia,6379307816,node,cafe,New Moon,35.4962071,11.0611767,,,,,,2026-02-15T13:32:12.902538
Mahdia,6379307817,node,cafe,Café L'ÉTOILE,35.4976987,11.0538493,,,,,,2026-02-15T13:32:12.902538
Mahdia,6379307836,node,cafe,القدس,35.5018941,11.0658577,,,,,,2026-02-15T13:32:12.902538
Mahdia,6379307837,node,cafe,PortSide,35.5021478,11.0663037,,,,,,2026-02-15T13:32:12.902538
Mahdia,6379307838,node,cafe,La Marsana,35.5026805,11.067731,,,,,,2026-02-15T13:32:12.902538
Mahdia,6379307839,node,restaurant,Café Kiros Planet,35.5038901,11.0708308,,,,,,2026-02-15T13:32:12.902538
Mahdia,6379307840,node,restaurant,مطعم بيتزا فيغاس,35.5043885,11.0723901,,,,,,2026-02-15T13:32:12.902538
Mahdia,6379307843,node,cafe,مقهى المهدي,35.5042249,11.0730015,,,,,,2026-02-15T13:32:12.902538
Mahdia,6379307844,node,restaurant,دار المهدي,35.5044556,11.0735163,,,,,,2026-02-15T13:32:12.902538
Mahdia,6433933436,node,restaurant,مطعم المدينة,35.5030544,11.069397,,,,,,2026-02-15T13:32:12.902538
Mahdia,6434026941,node,cafe,مقهى باريس,35.5179006,11.0424293,,,,,,2026-02-15T13:32:12.902538
Mahdia,6537591255,node,restaurant,مطعم برج الرأس,35.5049993,11.066824,,,,,,2026-02-15T13:32:12.902538
Mahdia,6537591256,node,restaurant,مطعم عروس البحر,35.5050623,11.0665667,,,,,,2026-02-15T13:32:12.902538
Mahdia,6537591257,node,restaurant,مطعم عند علي,35.5034228,11.0694747,,,,,,2026-02-15T13:32:12.902538
Mahdia,6537591258,node,restaurant,مطعم حوماني,35.5040128,11.0711863,,,,,,2026-02-15T13:32:12.902538
Mahdia,6537591259,node,cafe,مقهى المهدية,35.5032206,11.0693973,,,,,,2026-02-15T13:32:12.902538
Mahdia,6537591260,node,cafe,مقهى تونس,35.5034207,11.0693459,,,,,,2026-02-15T13:32:12.902538
Mahdia,6715448284,node,cafe,Café Oxygène,35.5237682,11.0379747,,,,,,2026-02-15T13:32:12.902538
Mahdia,6815474360,node,bar,,35.5321859,11.0353067,,,,,,2026-02-15T13:32:12.902538
Mahdia,7023054839,node,post_office,مكتب بريد الرجيش (5121),35.4656213,11.0399571,,,,,,2026-02-15T13:32:12.902538
Mahdia,7236953868,node,cafe,The Famous,35.5163274,11.0445506,,,,,,2026-02-15T13:32:12.902538
Mahdia,7236953869,node,bar,Club 55,35.5182947,11.043899,,,,,,2026-02-15T13:32:12.902538
Mahdia,7236953870,node,cafe,Dar El Masri,35.5194525,11.0430486,,,,,,2026-02-15T13:32:12.902538
Mahdia,7236953871,node,cafe,Deer,35.5217584,11.041897,,,,,,2026-02-15T13:32:12.902538
Mahdia,7236953872,node,cafe,Barberousse,35.5226262,11.0413595,,,,,,2026-02-15T13:32:12.902538
Mahdia,7236953873,node,cafe,Flamengo Coffee,35.523142,11.0410155,,,,,,2026-02-15T13:32:12.902538
Mahdia,7468425244,node,fuel,عجيل رجيش,35.4740664,11.0464337,,,,,,2026-02-15T13:32:12.902538
Mahdia,7616916340,node,cafe,مقهى مرسيليا,35.5194165,11.0359453,,,,,,2026-02-15T13:32:12.902538
Mahdia,7616916341,node,cafe,مقهى حذامي,35.5229186,11.0319422,,,,,,2026-02-15T13:32:12.902538
Mahdia,7616916342,node,post_office,مكتب بريد المهدية الكلية (5147),35.5218103,11.0301176,,,,,,2026-02-15T13:32:12.902538
Mahdia,7616916343,node,restaurant,Restaurant universitaire,35.5211538,11.029836,,,,,,2026-02-15T13:32:12.902538
Mahdia,7791424287,node,fuel,طوطال المهدية,35.5087064,11.0219815,,,,,,2026-02-15T13:32:12.902538
Mahdia,7814962466,node,community_centre,Salle Des Fêtes Honeymoon,35.4808702,11.0528548,,,,,,2026-02-15T13:32:12.902538
Mahdia,9055707057,node,fuel,أويليبيا المهدية,35.5013106,11.0652841,,,,,,2026-02-15T13:32:12.902538
Mahdia,9055707061,node,post_office,Mahdia,35.5049869,11.0622681,,,,,,2026-02-15T13:32:12.902538
Mahdia,9821209414,node,school,المدرسة الابتدائية شارع علي البلهوان,35.5028704,11.0481823,,,,,,2026-02-15T13:32:12.902538
Mahdia,9835813150,node,fuel,شل المهدية,35.5029116,11.0681081,,,,,,2026-02-15T13:32:12.902538
Mahdia,9836045609,node,place_of_worship,Mosquée Turki,35.5192092,11.0281119,,,,,,2026-02-15T13:32:12.902538
Mahdia,9968789548,node,restaurant,,35.5403275,11.0326858,,,,,,2026-02-15T13:32:12.902538
Mahdia,9968789549,node,restaurant,,35.5403453,11.0323572,,,,,,2026-02-15T13:32:12.902538
Mahdia,10886629315,node,ice_cream,Cool Waves,35.5042007,11.0726296,,,,,,2026-02-15T13:32:12.902538
Mahdia,10931116823,node,bicycle_parking,,35.5014945,11.0644867,,,,,,2026-02-15T13:32:12.902538
Mahdia,11118979907,node,restaurant,دارنا,35.5100882,11.0539362,شارع 14 جانفي 2011,+216 28 127 175,,,,2026-02-15T13:32:12.902538
Mahdia,11119831206,node,atm,Banque de Tunisie,35.4660937,11.0419382,,,,,,2026-02-15T13:32:12.902538
Mahdia,11119836805,node,atm,Poste Tunisienne,35.4660283,11.0421614,,,,,,2026-02-15T13:32:12.902538
Mahdia,11121948305,node,restaurant,,35.4687387,11.0505667,,+216 51 091 714,,,,2026-02-15T13:32:12.902538
Mahdia,11127404605,node,fast_food,,35.4692543,11.0432338,,+216 21 265 248;+216 53 883 159,,,,2026-02-15T13:32:12.902538
Mahdia,11978026969,node,bar,Pool bar,35.5373684,11.0331213,,,,,,2026-02-15T13:32:12.902538
Mahdia,11978027069,node,bar,Evening bar,35.5365689,11.0318133,,,,,,2026-02-15T13:32:12.902538
Mahdia,11978027169,node,bureau_de_change,,35.5368111,11.03149,,,,,,2026-02-15T13:32:12.902538
Mahdia,11978056169,node,toilets,,35.5374986,11.0332912,,,,,,2026-02-15T13:32:12.902538
Mahdia,11978056369,node,car_rental,Quad trip,35.5364465,11.0304292,,,,,,2026-02-15T13:32:12.902538
Mahdia,11978056469,node,bar,Lobby bar,35.5367627,11.0316851,,,,,,2026-02-15T13:32:12.902538
Mahdia,11980237069,node,restaurant,Snack bar,35.5373182,11.0333355,,,,,,2026-02-15T13:32:12.902538
Mahdia,12064830449,node,cafe,Le Corsaire,35.5025593,11.0672009,,,,,,2026-02-15T13:32:12.902538
Mahdia,12064830450,node,cafe,,35.5026185,11.0673834,,,,,,2026-02-15T13:32:12.902538
Mahdia,12065678201,node,fountain,,35.5027962,11.0661239,,,,,,2026-02-15T13:32:12.902538
Mahdia,12158794638,node,cafe,La Liberté,35.4991837,11.0501075,,,,,,2026-02-15T13:32:12.902538
Mahdia,12165787218,node,driving_school,,35.5053224,11.060828,,,,,,2026-02-15T13:32:12.902538
Mahdia,12165825846,node,cafe,,35.5069876,11.0558214,,,,,,2026-02-15T13:32:12.902538
Mahdia,12165895739,node,cafe,,35.5077617,11.0524369,,,,,,2026-02-15T13:32:12.902538
Mahdia,12165895740,node,cafe,Mashmoom cafe,35.5077085,11.0525975,,,,,,2026-02-15T13:32:12.902538
Mahdia,12169605866,node,restaurant,Nino,35.5101501,11.0521266,,,,,,2026-02-15T13:32:12.902538
Mahdia,12177481576,node,fast_food,Lammama,35.5045626,11.0721518,,,,,,2026-02-15T13:32:12.902538
Mahdia,12178484079,node,cafe,Brothers Coffee,35.5047837,11.0717692,,,,,,2026-02-15T13:32:12.902538
Mahdia,12186609562,node,cafe,Café Gamra,35.5043596,11.0707265,,,,,,2026-02-15T13:32:12.902538
Mahdia,12188030679,node,cafe,,35.504981,11.0522637,,,,,,2026-02-15T13:32:12.902538
Mahdia,12348771993,node,restaurant,L'Origan,35.5239577,11.0357762,,,,,,2026-02-15T13:32:12.902538
Mahdia,12348789194,node,bureau_de_change,The Currenc¥ Corner,35.5238043,11.036984,,27 607107,,24/7,,2026-02-15T13:32:12.902538
Mahdia,12348825198,node,cafe,El Asfoor,35.5133667,11.048257,,,,,,2026-02-15T13:32:12.902538
Mahdia,12348841861,node,pharmacy,Pharmacie de nuit,35.5254364,11.0330733,,,,,,2026-02-15T13:32:12.902538
Mahdia,12348844306,node,restaurant,The Roy's,35.5265215,11.0330383,,,,,,2026-02-15T13:32:12.902538
Mahdia,12360297953,node,pharmacy,,35.5095011,11.0514032,,,,,,2026-02-15T13:32:12.902538
Mahdia,12360303210,node,fast_food,Hamhama,35.5048907,11.0675811,,,,,,2026-02-15T13:32:12.902538
Mahdia,12360305196,node,pharmacy,,35.5089177,11.0529336,,,,,,2026-02-15T13:32:12.902538
Mahdia,12371909601,node,fast_food,Planet Food,35.5076579,11.0498367,,,,,,2026-02-15T13:32:12.902538
Mahdia,12376773888,node,bureau_de_change,,35.5116879,11.0509642,,,,,,2026-02-15T13:32:12.902538
Mahdia,12376800936,node,pharmacy,Paradise,35.5079184,11.0558865,,,,,,2026-02-15T13:32:12.902538
Mahdia,12380990191,node,bench,,35.5136539,11.0489926,,,,,,2026-02-15T13:32:12.902538
Mahdia,12382776967,node,atm,Amen Bank,35.5121144,11.0496169,,,,,,2026-02-15T13:32:12.902538
Mahdia,12382789203,node,bureau_de_change,,35.5035055,11.0684792,,,,,,2026-02-15T13:32:12.902538
Mahdia,12384878781,node,toilets,,35.5136389,11.0482711,,,,24/7,no,2026-02-15T13:32:12.902538
Mahdia,12901490849,node,courthouse,Tribunal Foncier de Mahdia,35.4826524,11.055087,,,,,,2026-02-15T13:32:12.902538
Mahdia,12901490850,node,courthouse,Cour d'appel de Mahdia,35.48253,11.0550179,,,,,,2026-02-15T13:32:12.902538
Mahdia,97174942,way,marketplace,سوق الجملة للأسماك في المهدية,35.5015478,11.0686628,,,,,,2026-02-15T13:32:12.902538
Mahdia,97175087,way,marketplace,السوق البلدي,35.5029586,11.0697852,,,,,,2026-02-15T13:32:12.902538
Mahdia,218812164,way,parking,,35.5054513,11.0706069,,,,,,2026-02-15T13:32:12.902538
Mahdia,231910374,way,school,معهد رجيش,35.4761508,11.0416418,,,,,,2026-02-15T13:32:12.902538
Mahdia,233085539,way,school,المدرسة الإعدادية طريق الشاطئ,35.4684964,11.0494635,,,,,,2026-02-15T13:32:12.902538
Mahdia,247409788,way,school,,35.5096714,11.0482792,,,,,,2026-02-15T13:32:12.902538
Mahdia,264195284,way,school,École Primaire Bechir Sfar,35.5053754,11.0533132,,,,,,2026-02-15T13:32:12.902538
Mahdia,264779616,way,townhall,بلدية هيبون,35.5180885,11.0429063,,,,,,2026-02-15T13:32:12.902538
Mahdia,264780322,way,parking,,35.5212915,11.0424581,,,,,,2026-02-15T13:32:12.902538
Mahdia,298835264,way,school,,35.5072348,11.0382527,,,,,,2026-02-15T13:32:12.902538
Mahdia,398337240,way,parking,Parking Fort Ottoman,35.5043691,11.0752562,,,,,,2026-02-15T13:32:12.902538
Mahdia,428957347,way,place_of_worship,جامع سليمان حمزة,35.504819,11.0712242,,,,,,2026-02-15T13:32:12.902538
Mahdia,611808378,way,place_of_worship,جامع الفتح,35.5024538,11.0476059,,,,,,2026-02-15T13:32:12.902538
Mahdia,671104029,way,university,Campus universitaire Sidi Messaoud,35.5228913,11.0304086,,,,,,2026-02-15T13:32:12.902538
Mahdia,671104045,way,university,Campus Universitaire Réjiche,35.477511,11.0523063,,,,,,2026-02-15T13:32:12.902538
Mahdia,681230216,way,hospital,Polyclinique l'Excellence,35.4992636,11.0585161,,,,24/7,,2026-02-15T13:32:12.902538
Mahdia,681230217,way,bus_station,Station Louage Mahdia,35.4982753,11.0531067,,,,,yes,2026-02-15T13:32:12.902538
Mahdia,681230218,way,bus_station,Gare routière de Mahdia,35.5002371,11.0501284,,,,,,2026-02-15T13:32:12.902538
Mahdia,681230219,way,marketplace,السوق البلدي,35.5005986,11.04825,,,,,,2026-02-15T13:32:12.902538
Mahdia,681230221,way,arts_centre,المركز الثقافي المهدية,35.5018427,11.0647619,,,,,,2026-02-15T13:32:12.902538
Mahdia,706955933,way,parking,,35.5409262,11.0306353,,,,,,2026-02-15T13:32:12.902538
Mahdia,709184885,way,parking,,35.5355079,11.0317242,,,,,,2026-02-15T13:32:12.902538
Mahdia,709184887,way,parking,,35.5271799,11.0371733,,,,,,2026-02-15T13:32:12.902538
Mahdia,789974878,way,hospital,Polyclinique,35.5271654,11.0323734,,,,,,2026-02-15T13:32:12.902538
Mahdia,798037700,way,university,المعهد العالي للفنون والحرف,35.5023632,11.0653872,,,https://isammh.rnu.tn/,,,2026-02-15T13:32:12.902538
Mahdia,837364290,way,school,المدرسة الإبتدائية برج عريف,35.5067578,11.0279051,,,,,,2026-02-15T13:32:12.902538
Mahdia,837364291,way,school,معهد برج عريف,35.5052165,11.0244491,,,,,,2026-02-15T13:32:12.902538
Mahdia,1020669329,way,parking,,35.5031159,11.071215,,,,,,2026-02-15T13:32:12.902538
Mahdia,1088020870,way,parking_space,,35.5392764,11.0303012,,,,,,2026-02-15T13:32:12.902538
Mahdia,1088020871,way,restaurant,,35.5403457,11.0325333,,,,,,2026-02-15T13:32:12.902538
Mahdia,1088021199,way,bar,Pool Bar,35.5400199,11.0319232,,,,,,2026-02-15T13:32:12.902538
Mahdia,1088021511,way,parking,,35.5399344,11.0300325,,,,,,2026-02-15T13:32:12.902538
Mahdia,1088025281,way,stage,,35.5397625,11.0316678,,,,,,2026-02-15T13:32:12.902538
Mahdia,1117794042,way,parking,,35.4938709,11.0449474,,,,,,2026-02-15T13:32:12.902538
Mahdia,1117794045,way,parking,,35.4931989,11.0451574,,,,,,2026-02-15T13:32:12.902538
Mahdia,1121302424,way,university,Foyer Universitaire De Mahdia,35.5281936,11.0321051,,,,,,2026-02-15T13:32:12.902538
Mahdia,1124257037,way,bus_station,,35.5004906,11.0501245,,,,,,2026-02-15T13:32:12.902538
Mahdia,1146816750,way,parking,,35.5052813,11.0679506,,,,,,2026-02-15T13:32:12.902538
Mahdia,1249464500,way,bank,,35.5028577,11.0693225,,,,,,2026-02-15T13:32:12.902538
Mahdia,1251979553,way,hospital,University Hospital Tahar Sfar,35.5094872,11.0332983,,,,,,2026-02-15T13:32:12.902538
Mahdia,1277949312,way,shelter,,35.4999734,11.0482158,,,,,,2026-02-15T13:32:12.902538
Mahdia,1277949329,way,college,Licee Pilote,35.4998602,11.0471137,,,,,,2026-02-15T13:32:12.902538
Mahdia,1277949332,way,taxi,,35.5001142,11.0488515,,,,,,2026-02-15T13:32:12.902538
Mahdia,1277949333,way,post_office,Poste Ezzahra,35.5003385,11.0493377,,,,,,2026-02-15T13:32:12.902538
Mahdia,1278001595,way,parking,,35.50082,11.0648367,,,,,,2026-02-15T13:32:12.902538
Mahdia,1285540546,way,shelter,,35.5061551,11.0302868,,,,,,2026-02-15T13:32:12.902538
Mahdia,1285543084,way,shelter,,35.5210187,11.0271064,,,,,,2026-02-15T13:32:12.902538
Mahdia,1285543087,way,police,,35.5205461,11.0272123,,,,,,2026-02-15T13:32:12.902538
Mahdia,1302135655,way,police,Zahra Police,35.501372,11.048873,,,,,,2026-02-15T13:32:12.902538
Mahdia,1302704894,way,townhall,المهدية,35.5034608,11.0675994,,,,,,2026-02-15T13:32:12.902538
Mahdia,1302704895,way,place_of_worship,جامع سيدي مطير,35.5033315,11.0679753,,,,,,2026-02-15T13:32:12.902538
Mahdia,1302704899,way,car_wash,,35.5028372,11.0679902,,,,,,2026-02-15T13:32:12.902538
Mahdia,1302704913,way,parking,,35.5029232,11.0675726,,,,,,2026-02-15T13:32:12.902538
Mahdia,1302708206,way,parking,,35.5036579,11.0716867,,,,,,2026-02-15T13:32:12.902538
Mahdia,1302715921,way,parking,,35.5029257,11.0691149,,,,,,2026-02-15T13:32:12.902538
Mahdia,1302776584,way,school,Lycée Ezzahra,35.4973615,11.0477099,,,,,,2026-02-15T13:32:12.902538
Mahdia,1302776591,way,place_of_worship,Ezzahra Mosquée,35.4963899,11.0481533,,,,,,2026-02-15T13:32:12.902538
Mahdia,1302797108,way,school,Collège Ibn Rochd,35.502536,11.0644352,,,,,,2026-02-15T13:32:12.902538
Mahdia,1302798304,way,school,Collège Habib Bourguiba,35.5050186,11.065509,,,,,,2026-02-15T13:32:12.902538
Mahdia,1302909745,way,library,المكتبة العمومية,35.5069325,11.0500467,,,,,,2026-02-15T13:32:12.902538
Mahdia,1303950121,way,school,École Primaire Avenue Ali Belhouane,35.5027436,11.0481298,,,,,,2026-02-15T13:32:12.902538
Mahdia,1309923533,way,parking,,35.503113,11.0699695,,,,,,2026-02-15T13:32:12.902538
Mahdia,1309961548,way,parking,,35.5087419,11.0342695,,,,,,2026-02-15T13:32:12.902538
Mahdia,1309969568,way,place_of_worship,,35.5047135,11.0516561,,,,,,2026-02-15T13:32:12.902538
Mahdia,1310615291,way,police,District Garde Nationale Mahdia,35.5064395,11.0485706,,,,,,2026-02-15T13:32:12.902538
Mahdia,1314403533,way,parking,,35.5070576,11.0538248,,,,,,2026-02-15T13:32:12.902538
Mahdia,1314403535,way,parking,,35.5070235,11.0560648,,,,,,2026-02-15T13:32:12.902538
Mahdia,1314422378,way,police,Mahdia Police,35.5072636,11.051071,,,,,,2026-02-15T13:32:12.902538
Mahdia,1314473666,way,place_of_worship,Al Rahma Mosque,35.4658879,11.0395967,,,,,,2026-02-15T13:32:12.902538
Mahdia,1314473671,way,parking,,35.46578,11.0399271,,,,,,2026-02-15T13:32:12.902538
Mahdia,1314672783,way,place_of_worship,,35.5137753,11.0419389,,,,,,2026-02-15T13:32:12.902538
Mahdia,1314805857,way,parking,,35.5059513,11.053519,,,,,,2026-02-15T13:32:12.902538
Mahdia,1315416656,way,library,المكتبة العمومية المدينة العتيقة,35.5065768,11.0756296,,,,,,2026-02-15T13:32:12.902538
Mahdia,1315428111,way,school,Ecole primaire,35.4946679,11.0425688,,,,,,2026-02-15T13:32:12.902538
Mahdia,1316782005,way,place_of_worship,جامع التوحيد,35.5050111,11.0358382,,,,,,2026-02-15T13:32:12.902538
Mahdia,1316898754,way,parking,,35.5061488,11.0492798,,,,,,2026-02-15T13:32:12.902538
Mahdia,1316904353,way,parking,,35.5080029,11.079955,,,,,,2026-02-15T13:32:12.902538
Mahdia,1338403959,way,bench,,35.5137686,11.048433,,,,,,2026-02-15T13:32:12.902538
Mahdia,1338470769,way,fountain,,35.5133359,11.0500709,,,,,,2026-02-15T13:32:12.902538
Mahdia,1376946,relation,place_of_worship,الجامع الكبير,35.5039116,11.0719744,نهج البرج العثماني,,,,,2026-02-15T13:32:12.902538
Mahdia,17231818,relation,university,كلية العلوم الاقتصادية و التصرف,35.5210034,11.0313417,,,https://fsegma.rnu.tn/,,,2026-02-15T13:32:12.902538
Mahdia,17862313,relation,courthouse,Tribunal Première instance,35.5056486,11.0563254,,,,,,2026-02-15T13:32:12.902538
Mahdia,17887457,relation,arts_centre,,35.5018753,11.0647833,,,,,,2026-02-15T13:32:12.902538
Kef,2141207952,node,place_of_worship,Dar El Kadria,36.1812098,8.717052,,,,,,2026-02-15T13:32:30.361438
Kef,2143751273,node,post_office,Bureau de Poste Le Kef,36.1800754,8.7086984,,,,,,2026-02-15T13:32:30.361438
Kef,4317796393,node,cafe,cafe les pyramides,36.1612839,8.6987294,شارع الحرية - طريق الدهماني,+216 25 028 006,,24/7,,2026-02-15T13:32:30.361438
Kef,4320274589,node,cafe,cafee les pyramides,36.1591062,8.6968818,شارع الحرية - طريق الدهماني,+216 28 432 459,,24/7,,2026-02-15T13:32:30.361438
Kef,6050817704,node,fast_food,,36.168999,8.7033434,,,,,,2026-02-15T13:32:30.361438
Kef,6050904285,node,cafe,كافيه أو ليه 0.350 دي,36.1770692,8.7072963,,,,,,2026-02-15T13:32:30.361438
Kef,6051457585,node,cafe,,36.1801918,8.7162102,,,,,,2026-02-15T13:32:30.361438
Kef,7468311495,node,fuel,شل,36.1787306,8.7167139,Le Kef I 06 Rue Hannibal El Kef 7100,+216 71 249 149,,,,2026-02-15T13:32:30.361438
Kef,8875391817,node,cafe,حقل الاليزي,36.1799578,8.7196137,شارع الحبيب بورقيبة,,,,,2026-02-15T13:32:30.361438
Kef,9293588117,node,bus_station,,36.1625084,8.7031651,,,,,,2026-02-15T13:32:30.361438
Kef,9355479517,node,cafe,The Wall Coffee,36.179537,8.7279276,الطريق الوطنية طبرقة - تلابت,,,24/7,,2026-02-15T13:32:30.361438
Kef,9373386518,node,fuel,Ola Energy,36.1566603,8.6965925,,,,,,2026-02-15T13:32:30.361438
Kef,9905668818,node,fuel,,36.1700165,8.7051368,,,,,,2026-02-15T13:32:30.361438
Kef,9905668840,node,fuel,شل,36.1666907,8.7007207,,,,,,2026-02-15T13:32:30.361438
Kef,10298110009,node,bus_station,Station de Louage Le Kef,36.1753207,8.707495,,,,,,2026-02-15T13:32:30.361438
Kef,11112411105,node,cafe,,36.1804095,8.7111558,,,,,,2026-02-15T13:32:30.361438
Kef,11114760606,node,atm,,36.1797349,8.7103254,,,,,,2026-02-15T13:32:30.361438
Kef,11114763606,node,cafe,,36.1796126,8.7139602,,,,,,2026-02-15T13:32:30.361438
Kef,11114763607,node,place_of_worship,,36.180617,8.7135808,,,,,,2026-02-15T13:32:30.361438
Kef,11114763905,node,cafe,,36.179861,8.7137777,,,,,,2026-02-15T13:32:30.361438
Kef,11114764205,node,cafe,,36.1812517,8.7132085,,,,,,2026-02-15T13:32:30.361438
Kef,11114784205,node,atm,,36.1792807,8.7099975,,,,,,2026-02-15T13:32:30.361438
Kef,11114799105,node,atm,,36.1800162,8.7104325,,,,,,2026-02-15T13:32:30.361438
Kef,12331644369,node,restaurant,Chef Fatma - Table d'hotes,36.1809667,8.7082076,,,https://www.instagram.com/chef.fatma.aouadi/,,,2026-02-15T13:32:30.361438
Kef,179548016,way,place_of_worship,,36.1657912,8.6907768,,,,,,2026-02-15T13:32:30.361438
Kef,191323097,way,parking,,36.1539853,8.685568,,,,,,2026-02-15T13:32:30.361438
Kef,191323100,way,school,,36.1611168,8.7118733,,,,,,2026-02-15T13:32:30.361438
Kef,191323101,way,parking,,36.1610632,8.6894571,,,,,,2026-02-15T13:32:30.361438
Kef,191323103,way,school,المدرسة الاعدادية برنوسة,36.1526483,8.6907287,,,,,,2026-02-15T13:32:30.361438
Kef,191323104,way,school,معهد 2 مارس,36.152292,8.6923348,,,,,,2026-02-15T13:32:30.361438
Kef,191384746,way,school,,36.1573953,8.6936424,,,,,,2026-02-15T13:32:30.361438
Kef,191384748,way,school,,36.1599266,8.6931334,,,,,,2026-02-15T13:32:30.361438
Kef,191384750,way,place_of_worship,,36.1621811,8.7121176,,,,,,2026-02-15T13:32:30.361438
Kef,191391946,way,parking,,36.1684338,8.6964997,,,,,,2026-02-15T13:32:30.361438
Kef,191436022,way,place_of_worship,Basilique Saint-Pierre du Kef,36.1794946,8.7131434,,,,,,2026-02-15T13:32:30.361438
Kef,191436210,way,parking,,36.181447,8.7126563,,,,,,2026-02-15T13:32:30.361438
Kef,191436220,way,parking,place Taher Ben Brahim,36.1788352,8.7144412,,,,,,2026-02-15T13:32:30.361438
Kef,191436227,way,marketplace,,36.1753183,8.7096913,,,,,,2026-02-15T13:32:30.361438
Kef,191436230,way,parking,,36.1793262,8.7128293,,,,,,2026-02-15T13:32:30.361438
Kef,204310147,way,place_of_worship,سيدي علي التركي,36.1809275,8.7136226,,,,,,2026-02-15T13:32:30.361438
Kef,204362917,way,place_of_worship,Synagogue,36.1803419,8.7138571,,,,,,2026-02-15T13:32:30.361438
Kef,204927332,way,townhall,بلدية الكاف,36.1794241,8.7073809,,,,,,2026-02-15T13:32:30.361438
Kef,217907061,way,restaurant,Venus,36.1800306,8.7117816,,,,,,2026-02-15T13:32:30.361438
Kef,217907523,way,parking_space,,36.1659135,8.7015527,,,,,,2026-02-15T13:32:30.361438
Kef,255373412,way,school,المعهد النموذجي بالكاف,36.1617272,8.7230117,,,,,,2026-02-15T13:32:30.361438
Kef,279970072,way,parking_space,,36.1657362,8.7013962,,,,,,2026-02-15T13:32:30.361438
Kef,362457722,way,place_of_worship,Cité Eddir,36.1804683,8.7284942,,,,,,2026-02-15T13:32:30.361438
Kef,948726231,way,parking,,36.1793867,8.707632,,,,,,2026-02-15T13:32:30.361438
Kef,948726232,way,parking,,36.1792265,8.70753,,,,,,2026-02-15T13:32:30.361438
Kef,948726233,way,parking,,36.179405,8.7071658,,,,,,2026-02-15T13:32:30.361438
Kef,948726234,way,parking,,36.1792429,8.7072165,,,,,,2026-02-15T13:32:30.361438
Kef,2581738,relation,place_of_worship,,36.1816097,8.7079833,,,,,,2026-02-15T13:32:30.361438
Tozeur,351591325,node,pharmacy,,33.9224214,8.1333922,,,,,,2026-02-15T13:32:37.808199
Tozeur,351591340,node,pharmacy,,33.9216749,8.136964,,,,,,2026-02-15T13:32:37.808199
Tozeur,929304887,node,place_of_worship,مسجد الزاوية,33.9235098,8.1367433,,,,,,2026-02-15T13:32:37.808199
Tozeur,929307487,node,place_of_worship,,33.9214087,8.135632,,,,,,2026-02-15T13:32:37.808199
Tozeur,2186838923,node,bank,البنك العربي لتونس,33.922296,8.1340777,,,,,,2026-02-15T13:32:37.808199
Tozeur,3316254141,node,cafe,Hoch El Abbes,33.9219986,8.137616,,,,,,2026-02-15T13:32:37.808199
Tozeur,4589886196,node,cafe,café Eljerid,33.9150339,8.119774,zone Touristique,+216 55 454 406,,,,2026-02-15T13:32:37.808199
Tozeur,5249763413,node,restaurant,Tozeriana Restaurant,33.9210467,8.1203159,,,,,,2026-02-15T13:32:37.808199
Tozeur,5663231030,node,cafe,Sahara Lounge,33.9147608,8.1398295,,,http://www.sahara-lounge.com,,,2026-02-15T13:32:37.808199
Tozeur,6073777287,node,restaurant,,33.9114116,8.1467952,,,,,,2026-02-15T13:32:37.808199
Tozeur,6073777586,node,restaurant,Restaurant Ouled El Haj,33.921355,8.1303399,,,,,,2026-02-15T13:32:37.808199
Tozeur,6350550735,node,bank,البنك الوطني الفلاحي,33.9228776,8.1344099,,,,,,2026-02-15T13:32:37.808199
Tozeur,6350550736,node,bank,بنك تونس العربي الدولي,33.9230594,8.1347615,,,,,,2026-02-15T13:32:37.808199
Tozeur,6350550737,node,bank,التجاري وفا بنك,33.9221961,8.135093,,,,,,2026-02-15T13:32:37.808199
Tozeur,6350550738,node,bank,البنك التونسي,33.9216484,8.1353149,,,,,,2026-02-15T13:32:37.808199
Tozeur,6350550743,node,bank,الشركة التونسية للبنك,33.9209822,8.1362375,,,,,,2026-02-15T13:32:37.808199
Tozeur,6350550752,node,bank,مصرف الزيتونة,33.9212447,8.1283999,,,,,,2026-02-15T13:32:37.808199
Tozeur,6350550753,node,bank,بنك تونس العربي الدولي,33.9211143,8.125313,,,,,,2026-02-15T13:32:37.808199
Tozeur,6350550754,node,bank,البنك التونسي للتضامن,33.9215976,8.127959,,,,,,2026-02-15T13:32:37.808199
Tozeur,6351007864,node,cafe,Royal Mirage,33.9200023,8.1103126,,,,,,2026-02-15T13:32:37.808199
Tozeur,6351007865,node,cafe,Cafe Elissa,33.9190285,8.1116854,,,,,,2026-02-15T13:32:37.808199
Tozeur,6351007866,node,restaurant,Aquarium Restaurant Pizzeria,33.9208607,8.1197458,,,,,,2026-02-15T13:32:37.808199
Tozeur,6351007867,node,cafe,Café Elkhalil,33.9207562,8.1193197,,,,,,2026-02-15T13:32:37.808199
Tozeur,6351007876,node,restaurant,La Fontaine,33.9138864,8.1208202,,,,,,2026-02-15T13:32:37.808199
Tozeur,6351008098,node,bank,الاتحاد الدولي للبنوك,33.9208178,8.1236138,,,,,,2026-02-15T13:32:37.808199
Tozeur,6351008100,node,pharmacy,صيدلية الليل,33.921398,8.1296696,,,,,,2026-02-15T13:32:37.808199
Tozeur,6351008101,node,restaurant,FataFeat,33.9255908,8.1373779,,,,,,2026-02-15T13:32:37.808199
Tozeur,6351008109,node,cafe,مقهى الشيخ,33.9295537,8.138123,,,,,,2026-02-15T13:32:37.808199
Tozeur,6413541286,node,post_office,,33.9115331,8.1335506,,,,,,2026-02-15T13:32:37.808199
Tozeur,6759170886,node,doctors,الدكتور نور الدين طقوقة أخصائي أمراض القلب والشرايين,33.916816,8.1323002,,+216 24 137 567,,Sa 00:00-24:00; Mo-Fr 08:00-13:00,,2026-02-15T13:32:37.808199
Tozeur,7004091747,node,cafe,Cafe Sport,33.9215094,8.1257143,,,,,,2026-02-15T13:32:37.808199
Tozeur,7004743025,node,place_of_worship,Mosquée Rhman entrence,33.9269049,8.1292425,,,,,,2026-02-15T13:32:37.808199
Tozeur,7006076768,node,cafe,Cafe Nejema,33.9269701,8.1315138,,,,,,2026-02-15T13:32:37.808199
Tozeur,7007498307,node,cafe,مقهى باريس,33.9215844,8.1286335,,,,,,2026-02-15T13:32:37.808199
Tozeur,7029282593,node,place_of_worship,,33.9274345,8.1122246,,,,,,2026-02-15T13:32:37.808199
Tozeur,7034423086,node,doctors,الدكتور رشاد الدخلي,33.9210442,8.1287164,شارع فرحات حشاد,,,,,2026-02-15T13:32:37.808199
Tozeur,7034431691,node,doctors,رشاد الدخلي,33.9155989,8.1305567,,,,,,2026-02-15T13:32:37.808199
Tozeur,8557626921,node,bar,Cafe cbebi,33.9185562,8.1255928,,,,,,2026-02-15T13:32:37.808199
Tozeur,9368376585,node,fuel,أويليبيا,33.922003,8.1321818,,,,,,2026-02-15T13:32:37.808199
Tozeur,10209053688,node,cafe,Café Térasse,33.9142899,8.1277614,,,,,,2026-02-15T13:32:37.808199
Tozeur,10289203809,node,bus_station,,33.9225558,8.1304202,,,,,,2026-02-15T13:32:37.808199
Tozeur,10291567509,node,internet_cafe,,33.9206468,8.1359685,,,,,,2026-02-15T13:32:37.808199
Tozeur,10291567709,node,restaurant,,33.9233621,8.1358244,,,,,,2026-02-15T13:32:37.808199
Tozeur,10293583009,node,cafe,,33.9207279,8.1361593,,,,,,2026-02-15T13:32:37.808199
Tozeur,10293933209,node,restaurant,La Grotte,33.9212587,8.1280672,نهج 2 مارس 1934,+216 50 191 091,,24/7,,2026-02-15T13:32:37.808199
Tozeur,10294890810,node,restaurant,Le Soleil,33.917904,8.1342868,,,,,,2026-02-15T13:32:37.808199
Tozeur,10537458221,node,cafe,90 Degrés - Salon de thé,33.9164108,8.1116724,"Rte Touristique, Tozeur",+216 90 960 900,https://www.facebook.com/profile.php?id=100088395055551&mibextid=ZbWKwL,,,2026-02-15T13:32:37.808199
Tozeur,10788253078,node,cafe,Café Lounge Mercato,33.9247289,8.1398213,"Rue de l'Environnement,",+216 22 300 307,https://www.facebook.com/profile.php?id=100091322027547,,,2026-02-15T13:32:37.808199
Tozeur,11607764171,node,school,المدرسة الإبتدائية أبو الفضل النحوي,33.9281978,8.120914,,,,Mo-Sa 08:00-17:00,,2026-02-15T13:32:37.808199
Tozeur,11607766469,node,restaurant,هريسة و لبلابي,33.920804,8.1304187,,,,,,2026-02-15T13:32:37.808199
Tozeur,11607766569,node,school,المدرسة الإعدادية الخاصة Take-off,33.9171656,8.1158837,,+216 58 915 419,,Mo-Sa 08:00-18:00,,2026-02-15T13:32:37.808199
Tozeur,11607769469,node,cafe,My Story مقهى,33.9205847,8.1300177,,,,,,2026-02-15T13:32:37.808199
Tozeur,11607769569,node,cafe,مقهى حي المطار,33.9251866,8.1176845,,+216 53 586 150,,Mo-Su 06:00-00:00,,2026-02-15T13:32:37.808199
Tozeur,11694772680,node,cafe,Friends,33.9226893,8.1340964,,,,,,2026-02-15T13:32:37.808199
Tozeur,11981055469,node,cafe,,33.9265071,8.1167542,,,,,,2026-02-15T13:32:37.808199
Tozeur,12839696891,node,pharmacy,,33.9173898,8.1303401,,,,,,2026-02-15T13:32:37.808199
Tozeur,12839696892,node,pharmacy,,33.9168556,8.1324054,,,,,,2026-02-15T13:32:37.808199
Tozeur,12839729404,node,fast_food,Taxi Pizza,33.9148067,8.1282145,,,,,,2026-02-15T13:32:37.808199
Tozeur,12839729405,node,fast_food,Krabaa Fast Food,33.9147221,8.1279758,,,,,,2026-02-15T13:32:37.808199
Tozeur,97301855,way,parking,,33.9345896,8.1111832,,,,,,2026-02-15T13:32:37.808199
Tozeur,97301902,way,parking,,33.9349982,8.1101297,,,,,,2026-02-15T13:32:37.808199
Tozeur,97301914,way,parking,,33.9346801,8.1127276,,,,,,2026-02-15T13:32:37.808199
Tozeur,97301917,way,fire_station,,33.9356437,8.1146272,,,,,,2026-02-15T13:32:37.808199
Tozeur,97301927,way,parking,,33.9346036,8.1121247,,,,,,2026-02-15T13:32:37.808199
Tozeur,207342076,way,hospital,المستشفى الجهوي بتوزر,33.9164495,8.1292039,,+216 76 453 400,,,,2026-02-15T13:32:37.808199
Tozeur,207342906,way,place_of_worship,,33.9170756,8.1220525,,,,,,2026-02-15T13:32:37.808199
Tozeur,337162789,way,fire_station,,33.9224775,8.1413094,,,,,,2026-02-15T13:32:37.808199
Tozeur,337162793,way,fire_station,,33.9234989,8.1517199,,,,,,2026-02-15T13:32:37.808199
Tozeur,337172818,way,parking,,33.9144596,8.1180417,,,,,,2026-02-15T13:32:37.808199
Tozeur,337343194,way,parking,,33.9114605,8.1128108,,,,,,2026-02-15T13:32:37.808199
Tozeur,337343201,way,parking,,33.9126886,8.1136578,,,,,,2026-02-15T13:32:37.808199
Tozeur,337345568,way,school,École de Formation dans les métiers de Tourisme de Tozeur,33.9147786,8.129084,,,,,,2026-02-15T13:32:37.808199
Tozeur,678238476,way,school,معهد أبو القاسم الشابي,33.9165646,8.1277682,شارع أبو القاسم الشابي,,,Mo-Sa 08:00-18:00,,2026-02-15T13:32:37.808199
Tozeur,678238484,way,fuel,عجيل,33.9237982,8.1361867,,,,,,2026-02-15T13:32:37.808199
Tozeur,678238486,way,marketplace,Marché Central,33.920786,8.1369132,,,,,,2026-02-15T13:32:37.808199
Tozeur,678238488,way,post_office,توزر,33.9203563,8.1370698,,,,,,2026-02-15T13:32:37.808199
Tozeur,678238491,way,post_office,Tozeur Chorfa,33.9204149,8.1196124,,,https://www.poste.dz/,,,2026-02-15T13:32:37.808199
Tozeur,678238497,way,post_office,Tozeur Chokrasti,33.9265256,8.1375443,,,https://www.poste.dz/,,,2026-02-15T13:32:37.808199
Tozeur,678238499,way,fuel,شل,33.9275897,8.1385164,,,,,,2026-02-15T13:32:37.808199
Tozeur,678238503,way,fuel,عجيل,33.9369302,8.1418784,,,,,,2026-02-15T13:32:37.808199
Tozeur,678238511,way,fire_station,Protection Civile de Tozeur,33.9273869,8.1377371,,,,,,2026-02-15T13:32:37.808199
Tozeur,678274097,way,university,ISET Tozeur,33.9160853,8.0880291,,,https://isett.rnu.tn/,,,2026-02-15T13:32:37.808199
Tozeur,678274098,way,marketplace,السوق الأسبوعي,33.9184083,8.1062426,,,,,,2026-02-15T13:32:37.808199
Tozeur,678274099,way,police,الحرس الوطني,33.926471,8.1098717,,,,,,2026-02-15T13:32:37.808199
Tozeur,678274102,way,school,معهد الامتياز,33.9328995,8.1294913,,,,,,2026-02-15T13:32:37.808199
Tozeur,748956231,way,school,Primary School Ras Dhraa,33.9266667,8.129809,,,,,,2026-02-15T13:32:37.808199
Tozeur,748972140,way,cafe,Cafe Tozeriana,33.9210489,8.1201888,,,,,,2026-02-15T13:32:37.808199
Tozeur,749052869,way,place_of_worship,مسجد باب الهوى,33.9216876,8.1343228,,,,,,2026-02-15T13:32:37.808199
Tozeur,749052994,way,marketplace,,33.9227307,8.1295132,,,,,,2026-02-15T13:32:37.808199
Tozeur,749054501,way,place_of_worship,Mosquée El Rhman,33.926653,8.129201,,,,,,2026-02-15T13:32:37.808199
Tozeur,749058332,way,townhall,Al Wilaya,33.9187018,8.1372958,,,,,,2026-02-15T13:32:37.808199
Tozeur,749059170,way,bus_station,محطة توزر,33.9224047,8.1309749,,,,,,2026-02-15T13:32:37.808199
Tozeur,749185681,way,parking,,33.9216642,8.1291231,,,,,,2026-02-15T13:32:37.808199
Tozeur,749186187,way,bicycle_parking,,33.9214658,8.125708,,,,,,2026-02-15T13:32:37.808199
Tozeur,749913058,way,school,المدرسة الثانوية 14 يناير,33.9213543,8.1091347,,,,,,2026-02-15T13:32:37.808199
Tozeur,749914580,way,cafe,Cafe Assil,33.9132007,8.1210368,,,,,,2026-02-15T13:32:37.808199
Tozeur,751947851,way,courthouse,,33.9213769,8.1155927,,,,,,2026-02-15T13:32:37.808199
Tozeur,751951366,way,school,,33.9282019,8.1209187,,,,,,2026-02-15T13:32:37.808199
Tozeur,751951558,way,public_bath,,33.9273704,8.1191298,,,,,,2026-02-15T13:32:37.808199
Tozeur,785872569,way,school,المدرسة الإعدادية النموذجية بتوزر,33.9459076,8.1444613,,,,,,2026-02-15T13:32:37.808199
Tozeur,958926170,way,fire_station,zone d'incendie,33.9226341,8.143461,,,,,,2026-02-15T13:32:37.808199
Tozeur,959545364,way,fire_station,zone d'incendie,33.9219321,8.146333,,,,,,2026-02-15T13:32:37.808199
Tozeur,959545365,way,fire_station,zone d'incendie,33.9205854,8.1429422,,,,,,2026-02-15T13:32:37.808199
Tozeur,959570439,way,fire_station,zone d'incendie,33.9253586,8.1452069,,,,,,2026-02-15T13:32:37.808199
Tozeur,959570440,way,fire_station,zone d'incendie,33.9243545,8.1420496,,,,,,2026-02-15T13:32:37.808199
Tozeur,1062398508,way,restaurant,Tozeriana Restaurant - café,33.9210559,8.1202951,شارع فرحات حشاد,+216 58 852 652,https://www.facebook.com/tozeriana,08:00-00:00,,2026-02-15T13:32:37.808199
Tozeur,1122491965,way,cafe,Centre Loisir Niffer منتزه النيفر,33.9174966,8.1419598,,+216 22 058 100,https://www.facebook.com/CentreNiffer,,,2026-02-15T13:32:37.808199
Tozeur,1459224588,way,parking,,33.9111418,8.1451077,,,,,,2026-02-15T13:32:37.808199
Kebili,2534432446,node,cafe,,33.7257954,8.9800907,,,,,,2026-02-15T13:32:42.430006
Kebili,3164219870,node,cafe,,33.7060265,8.9705276,,,,,,2026-02-15T13:32:42.430006
Kebili,3164219871,node,cafe,,33.7061292,8.9706751,,,,,,2026-02-15T13:32:42.430006
Kebili,3164219872,node,cafe,,33.7060622,8.9694252,,,,,,2026-02-15T13:32:42.430006
Kebili,3164229651,node,cafe,,33.7103079,8.9720444,,,,,,2026-02-15T13:32:42.430006
Kebili,3164229652,node,cafe,,33.7134181,8.9729081,,,,,,2026-02-15T13:32:42.430006
Kebili,3217054588,node,cafe,,33.7341799,8.9862407,,,,,,2026-02-15T13:32:42.430006
Kebili,4735167892,node,cafe,,33.7172271,8.9752277,,,,,,2026-02-15T13:32:42.430006
Kebili,4735167911,node,cafe,la cave,33.7052992,8.9727466,,,,,,2026-02-15T13:32:42.430006
Kebili,4735167912,node,cafe,Ennasr,33.7050136,8.9719044,,,,,,2026-02-15T13:32:42.430006
Kebili,4735167913,node,pharmacy,صيدلية الليل,33.7053929,8.9723175,,,,,,2026-02-15T13:32:42.430006
Kebili,4735167914,node,clinic,Polyclinique Nefzaoua,33.7052234,8.9717596,Avenue de la Victoire,+216 75 491 415,,,,2026-02-15T13:32:42.430006
Kebili,4735936098,node,food_court,,33.7080937,8.9715355,,,,,,2026-02-15T13:32:42.430006
Kebili,4735936099,node,food_court,,33.7073395,8.9721524,,,,,,2026-02-15T13:32:42.430006
Kebili,4735936100,node,food_court,,33.7056348,8.9730617,,,,,,2026-02-15T13:32:42.430006
Kebili,4735936105,node,food_court,,33.7053826,8.9722355,,,,,,2026-02-15T13:32:42.430006
Kebili,4735936106,node,food_court,,33.7049074,8.972029,,,,,,2026-02-15T13:32:42.430006
Kebili,4735936107,node,food_court,,33.7041375,8.9737537,,,,,,2026-02-15T13:32:42.430006
Kebili,4736523952,node,college,ISET KEBILI,33.7332263,8.9862661,,,,,,2026-02-15T13:32:42.430006
Kebili,4736523953,node,college,,33.7333668,8.9887874,,,,,,2026-02-15T13:32:42.430006
Kebili,4736523954,node,school,,33.7290073,8.9837993,,,,,,2026-02-15T13:32:42.430006
Kebili,5034201086,node,studio,راديو نفزاوة,33.7162704,8.9737724,,,https://radionefzawa.net/,,,2026-02-15T13:32:42.430006
Kebili,5228258822,node,driving_school,Ben Hamadi Imed,33.7059997,8.9704658,place de martres,+216 23 242 661,,,,2026-02-15T13:32:42.430006
Kebili,5763648885,node,bus_station,Gare de bus longues lignes,33.7257587,8.9801713,,,,,,2026-02-15T13:32:42.430006
Kebili,5763648886,node,bus_station,Gare des louages longues lignes,33.7265128,8.9801982,,,,,,2026-02-15T13:32:42.430006
Kebili,5763670203,node,taxi,,33.7172065,8.9747962,,,,,,2026-02-15T13:32:42.430006
Kebili,5954404861,node,cafe,Cafe turkia,33.7064561,8.9577544,rue de touzer,+216 94 320 362,,Mo-Su 08:00-23:00,,2026-02-15T13:32:42.430006
Kebili,9780231700,node,fuel,ستار اويل,33.7275092,8.9816885,,,,,,2026-02-15T13:32:42.430006
Kebili,9780231701,node,fuel,عجيل,33.7162987,8.974592,,,,,,2026-02-15T13:32:42.430006
Kebili,9780231702,node,fuel,أويليبيا,33.7088931,8.9714901,,,,,,2026-02-15T13:32:42.430006
Kebili,9945140210,node,place_of_worship,Mosquée El Mansoura Est,33.7333283,8.944131,,,,,,2026-02-15T13:32:42.430006
Kebili,9950531208,node,theatre,Théatre de Mansoura,33.7250927,8.9362468,,,,,,2026-02-15T13:32:42.430006
Kebili,246427793,way,hospital,المستشفى الجهوي بقبلي,33.7185003,8.9732659,Route de Gabes,+216 75 490 210,,,,2026-02-15T13:32:42.430006
Kebili,246427797,way,marketplace,Ancien Souq,33.7043393,8.9727085,,,,,,2026-02-15T13:32:42.430006
Kebili,284287896,way,university,,33.7314035,8.9864622,,,,,,2026-02-15T13:32:42.430006
Kebili,284287898,way,school,,33.6781919,8.9922917,,,,,,2026-02-15T13:32:42.430006
Kebili,284287901,way,parking,,33.7181899,8.9764492,,,,,,2026-02-15T13:32:42.430006
Kebili,284791929,way,parking,,33.6915768,8.9583586,,,,,,2026-02-15T13:32:42.430006
Kebili,284791930,way,school,,33.6908576,8.9592698,,,,,,2026-02-15T13:32:42.430006
Kebili,310909148,way,cafe,PARC RAS EL AIN,33.7003741,8.981367,,,,,,2026-02-15T13:32:42.430006
Kebili,310911641,way,school,LYCEE RUE IBN SINA,33.7078173,8.9696075,,,,,,2026-02-15T13:32:42.430006
Kebili,310917382,way,taxi,,33.7058481,8.9703372,,,,,,2026-02-15T13:32:42.430006
Kebili,310917383,way,bus_station,,33.7056305,8.9702757,,,,,,2026-02-15T13:32:42.430006
Kebili,310918237,way,bus_station,,33.7053801,8.9700687,,,,,,2026-02-15T13:32:42.430006
Kebili,310918239,way,bank,BTS,33.7050903,8.9711147,,,,,,2026-02-15T13:32:42.430006
Kebili,310918240,way,bank,ATTIJARI BANK,33.7053729,8.9729527,,,,,,2026-02-15T13:32:42.430006
Kebili,310918241,way,bank,البنك الوطني الفلاحي,33.7041451,8.9732863,,,,,,2026-02-15T13:32:42.430006
Kebili,310918242,way,bank,الشركة التونسية للبنك,33.7053045,8.9712653,,,,,,2026-02-15T13:32:42.430006
Kebili,310918243,way,bank,BH,33.7056064,8.9709126,,,,,,2026-02-15T13:32:42.430006
Kebili,310918558,way,marketplace,SOUK HEBDOMADAIRE DE MARDI,33.7076722,8.9651923,,,,,,2026-02-15T13:32:42.430006
Kebili,310918659,way,bus_station,,33.7258199,8.9799816,,,,,,2026-02-15T13:32:42.430006
Kebili,310919106,way,prison,Prison de Kebili,33.6785961,8.99628,,,,,,2026-02-15T13:32:42.430006
Kebili,315572709,way,place_of_worship,MAISON DES CULTURES IBN HAYTHEM,33.7122523,8.9729173,,,,,,2026-02-15T13:32:42.430006
Kebili,315572710,way,pharmacy,,33.7034771,8.9735451,,,,,,2026-02-15T13:32:42.430006
Kebili,315572711,way,pharmacy,,33.7055824,8.9728701,,,,,,2026-02-15T13:32:42.430006
Kebili,315572712,way,pharmacy,,33.7053078,8.9705043,,,,,,2026-02-15T13:32:42.430006
Kebili,315572713,way,pharmacy,,33.7092103,8.9715472,,,,,,2026-02-15T13:32:42.430006
Kebili,315572714,way,place_of_worship,KHALED BEN WALID,33.7093447,8.9720527,,,,,,2026-02-15T13:32:42.430006
Kebili,315572716,way,place_of_worship,,33.7119999,8.9714051,,,,,,2026-02-15T13:32:42.430006
Kebili,315572718,way,place_of_worship,,33.6983114,8.97161,,,,,,2026-02-15T13:32:42.430006
Kebili,315573024,way,school,مدرسة ابن رشد,33.7013799,8.9739236,,,,,,2026-02-15T13:32:42.430006
Kebili,315577397,way,place_of_worship,,33.6866385,8.968063,,,,,,2026-02-15T13:32:42.430006
Kebili,480397770,way,courthouse,,33.7061673,8.9711052,,,,,,2026-02-15T13:32:42.430006
Kebili,480397773,way,cafe,,33.7057545,8.9714369,,,,,,2026-02-15T13:32:42.430006
Kebili,480397775,way,townhall,Municipalité de Kébil,33.7032208,8.9741472,,,,,,2026-02-15T13:32:42.430006
Kebili,480525182,way,place_of_worship,Aljamaa alkabir,33.7041252,8.9744637,,,,,,2026-02-15T13:32:42.430006
Kebili,480525183,way,place_of_worship,Dar Echaab,33.7037171,8.974372,,,,,,2026-02-15T13:32:42.430006
Kebili,480526421,way,post_office,Janoura,33.6904059,8.9853602,,,https://www.poste.dz/,,,2026-02-15T13:32:42.430006
Kebili,480526423,way,post_office,Kébili (4200),33.7034114,8.9727062,,,https://www.poste.dz/,,,2026-02-15T13:32:42.430006
Kebili,480526424,way,post_office,,33.7180348,8.9759362,,,https://www.poste.dz/,,,2026-02-15T13:32:42.430006
Kebili,480616756,way,fuel,GAZ GPL,33.7149567,8.9553389,,,,,,2026-02-15T13:32:42.430006
Kebili,480616757,way,school,Lycée Ibn Mandhour,33.7062836,8.9549272,,,,,,2026-02-15T13:32:42.430006
Kebili,480618167,way,bank,البنك العربي لتونس,33.7056543,8.9710724,,,,,,2026-02-15T13:32:42.430006
Kebili,480618168,way,bank,ZITOUNA,33.7058791,8.973004,,,,,,2026-02-15T13:32:42.430006
Kebili,480619733,way,police,,33.7030843,8.9734063,,,,,,2026-02-15T13:32:42.430006
Kebili,480619734,way,police,,33.7027842,8.9727935,,,,,,2026-02-15T13:32:42.430006
Kebili,480619735,way,police,,33.7029795,8.9743196,,,,,,2026-02-15T13:32:42.430006
Kebili,480619736,way,police,,33.719508,8.9767792,,,,,,2026-02-15T13:32:42.430006
Kebili,480685892,way,school,,33.6881271,8.9855268,,,,,,2026-02-15T13:32:42.430006
Kebili,608334662,way,bus_station,,33.7264297,8.9800499,,,,,,2026-02-15T13:32:42.430006
Kebili,608337198,way,parking,,33.7294373,8.9829028,,,,,,2026-02-15T13:32:42.430006
Kebili,608337199,way,parking,,33.7298655,8.983014,,,,,,2026-02-15T13:32:42.430006
Kebili,608337200,way,parking,,33.7260677,8.9802898,,,,,,2026-02-15T13:32:42.430006
Kebili,608337201,way,parking,,33.7244024,8.9799707,,,,,,2026-02-15T13:32:42.430006
Kebili,608337202,way,parking,,33.717646,8.9751998,,,,,,2026-02-15T13:32:42.430006
Kebili,608337204,way,taxi,,33.7172043,8.9748003,,,,,,2026-02-15T13:32:42.430006
Kebili,608337206,way,parking,,33.7168864,8.974528,,,,,,2026-02-15T13:32:42.430006
Kebili,608337208,way,parking,,33.7094355,8.9717237,,,,,,2026-02-15T13:32:42.430006
Kebili,608337209,way,parking,,33.7065555,8.9723841,,,,,,2026-02-15T13:32:42.430006
Kebili,608337210,way,parking,,33.7051422,8.9716606,,,,,,2026-02-15T13:32:42.430006
