city,osm_id,transport_type,name,lat,lon,operator,network,scraped_at
Tunis,206335199,stop_position,,36.8181786,10.1831066,,,2026-02-15T13:39:03.968244
Tunis,283636759,stop_position,تونس البحرية,36.8007333,10.1920723,,,2026-02-15T13:39:03.968244
Tunis,318594461,stop_position,ساحة الجمهورية,36.8065037,10.1806771,,,2026-02-15T13:39:03.968244
Tunis,329964303,platform,,36.7514788,10.1801354,,,2026-02-15T13:39:03.968244
Tunis,369687928,stop_position,,36.8219026,10.1792127,,,2026-02-15T13:39:03.968244
Tunis,402089990,stop_position,حرم الجامعة,36.8260288,10.1439761,,,2026-02-15T13:39:03.968244
Tunis,402090002,stop_position,الرمانة,36.8235332,10.1509055,شركة النقل بتونس,,2026-02-15T13:39:03.968244
Tunis,402094607,stop_position,14 يناير 2011,36.8228704,10.1399608,,,2026-02-15T13:39:03.968244
Tunis,616142063,stop_position,ساحة الجمهورية,36.8064901,10.1807651,,,2026-02-15T13:39:03.968244
Tunis,621885652,stop_position,13 أوت,36.7751039,10.1792206,,,2026-02-15T13:39:03.968244
Tunis,621885691,stop_position,الوردية 6,36.7541953,10.199077,,,2026-02-15T13:39:03.968244
Tunis,621885709,stop_position,حي النور,36.7514712,10.2047197,,,2026-02-15T13:39:03.968244
Tunis,621885811,stop_position,بن عروس,36.755381,10.2202882,,,2026-02-15T13:39:03.968244
Tunis,633618265,platform,الانطلاقة,36.8399217,10.1171616,,,2026-02-15T13:39:03.968244
Tunis,633618318,stop_position,الحي الرياضي,36.8385056,10.1819368,,,2026-02-15T13:39:03.968244
Tunis,634993918,stop_position,المروج 2,36.7421209,10.1977541,,,2026-02-15T13:39:03.968244
Tunis,634993937,stop_position,الغزالي,36.7546239,10.1876444,,,2026-02-15T13:39:03.968244
Tunis,635336721,platform,,36.8332476,10.106315,,,2026-02-15T13:39:03.968244
Tunis,661316493,stop_position,حي الخضراء,36.8291875,10.1903688,,,2026-02-15T13:39:03.968244
Tunis,665517222,platform,tus 7 city naser,36.8334236,10.1064813,,,2026-02-15T13:39:03.968244
Tunis,708687557,stop_position,شارع 20 مارس,36.8082746,10.1433129,,,2026-02-15T13:39:03.968244
Tunis,974490535,stop_position,الاستقلال,36.8543939,10.195897,,,2026-02-15T13:39:03.968244
Tunis,974490536,stop_position,مدينة العلوم,36.8469995,10.1923551,,,2026-02-15T13:39:03.968244
Tunis,974490565,stop_position,أريانة,36.8597649,10.1974538,,,2026-02-15T13:39:03.968244
Tunis,974490567,stop_position,10 ديسمبر 1984,36.8442684,10.184034,,,2026-02-15T13:39:03.968244
Tunis,1012663963,stop_position,Terminus Lingne 63,36.8855082,10.1934408,,,2026-02-15T13:39:03.968244
Tunis,1037170496,stop_position,الانطلاقة,36.8392158,10.1170755,,,2026-02-15T13:39:03.968244
Tunis,1038257425,platform,Omran Sup,36.8346269,10.129553,,,2026-02-15T13:39:03.968244
Tunis,1080014206,stop_position,البكالوريا,36.8142409,10.2923683,,,2026-02-15T13:39:03.968244
Tunis,1080014547,stop_position,تونس البحرية,36.8001496,10.1927363,,,2026-02-15T13:39:03.968244
Tunis,1080016835,stop_position,تونس البحرية,36.8001631,10.1928386,,,2026-02-15T13:39:03.968244
Tunis,1080016948,stop_position,تونس البحرية,36.8001813,10.1929513,,,2026-02-15T13:39:03.968244
Tunis,1080023232,stop_position,تونس البحرية,36.8001657,10.1928869,,,2026-02-15T13:39:03.968244
Tunis,1080749590,station,محطة تونس البحرية,36.800319,10.190424,TransTu,,2026-02-15T13:39:03.968244
Tunis,1081032642,stop_position,البطاح,36.8142103,10.2923845,,,2026-02-15T13:39:03.968244
Tunis,1089665035,stop_position,محمد الخامس,36.8159357,10.1832074,شركة النقل بتونس,,2026-02-15T13:39:03.968244
Tunis,1094476124,stop_position,فرحات حشاد,36.7978781,10.1860991,,,2026-02-15T13:39:03.968244
Tunis,1094476493,stop_position,ابن رشيق,36.8007997,10.1811981,,,2026-02-15T13:39:03.968244
Tunis,1094483039,stop_position,ساحة برشلونة,36.7965524,10.1797387,TransTu,,2026-02-15T13:39:03.968244
Tunis,1094498822,stop_position,أبو القاسم الشابي,36.7524406,10.2147638,,,2026-02-15T13:39:03.968244
Tunis,1094503260,stop_position,محمد علي,36.7677544,10.1840138,,,2026-02-15T13:39:03.968244
Tunis,1094507510,stop_position,باب عليوة,36.7857592,10.1798353,,,2026-02-15T13:39:03.968244
Tunis,1094508140,stop_position,ابن سينا,36.754253,10.193947,,,2026-02-15T13:39:03.968244
Tunis,1094510272,stop_position,ساحة برشلونة,36.7965587,10.1798181,TransTu,,2026-02-15T13:39:03.968244
Tunis,1094511110,stop_position,ساحة برشلونة,36.7960276,10.1805756,,,2026-02-15T13:39:03.968244
Tunis,1094892860,stop_position,ساحة الجمهورية,36.806471,10.1809386,,,2026-02-15T13:39:03.968244
Tunis,1094902351,stop_position,فلسطين,36.8202175,10.1821782,,,2026-02-15T13:39:03.968244
Tunis,1094907123,stop_position,نيلسون مانديلا,36.8111041,10.182524,,,2026-02-15T13:39:03.968244
Tunis,1094910245,stop_position,ساحة الجمهورية,36.806487,10.1808621,,,2026-02-15T13:39:03.968244
Tunis,1094910475,stop_position,ساحة برشلونة,36.7961192,10.180336,,,2026-02-15T13:39:03.968244
Tunis,1094912328,stop_position,محمد مناشو,36.7820794,10.1798622,,,2026-02-15T13:39:03.968244
Tunis,1094915522,stop_position,الحدائق,36.8235202,10.1855858,,,2026-02-15T13:39:03.968244
Tunis,1094915850,stop_position,فلسطين,36.8191024,10.1810005,,,2026-02-15T13:39:03.968244
Tunis,1094916324,stop_position,الشباب,36.8332638,10.182764,,,2026-02-15T13:39:03.968244
Tunis,1095144771,stop_position,باب الخضراء,36.8102543,10.1724969,,,2026-02-15T13:39:03.968244
Tunis,1095145544,stop_position,باب سعدون,36.8098119,10.1619725,,,2026-02-15T13:39:03.968244
Tunis,1095145955,stop_position,حبيب ثامر,36.8019689,10.1789112,,,2026-02-15T13:39:03.968244
Tunis,1095146383,stop_position,ابن خلدون,36.8307244,10.1341888,,,2026-02-15T13:39:03.968244
Tunis,1095146413,stop_position,الياسمين,36.8258356,10.1346168,شركة النقل بتونس,,2026-02-15T13:39:03.968244
Tunis,1095146616,stop_position,مفتاح سعد الله,36.81307,10.1562883,,,2026-02-15T13:39:03.968244
Tunis,1095146798,station,باب العسل,36.8132931,10.1681698,,,2026-02-15T13:39:03.968244
Tunis,1095326595,stop_position,شارع 20 مارس,36.8083303,10.1424126,,,2026-02-15T13:39:03.968244
Tunis,1095326890,stop_position,الدندان,36.8022281,10.1107693,شركة النقل بتونس,,2026-02-15T13:39:03.968244
Tunis,1095327238,stop_position,التحرير,36.8290965,10.128676,شركة النقل بتونس,,2026-02-15T13:39:03.968244
Tunis,1095327585,stop_position,باردو,36.8071978,10.1352244,,,2026-02-15T13:39:03.968244
Tunis,1095327902,stop_position,بوشوشة,36.8089979,10.1481343,,,2026-02-15T13:39:03.968244
Tunis,1095328526,stop_position,السعيدية,36.8053933,10.1267114,,المترو الخفيف لمدينة تونس,2026-02-15T13:39:03.968244
Tunis,1095328655,stop_position,بوشوشة,36.8095175,10.1502824,,,2026-02-15T13:39:03.968244
Tunis,1095328792,stop_position,Ettadhamen,36.8357249,10.117696,,,2026-02-15T13:39:03.968244
Tunis,1095328814,stop_position,صناعات تقليدية,36.8029164,10.1160165,,,2026-02-15T13:39:03.968244
Tunis,1095328908,stop_position,خزندار,36.8041615,10.1217398,,,2026-02-15T13:39:03.968244
Tunis,1095697116,stop_position,المنتزه,36.7429495,10.1935379,,,2026-02-15T13:39:03.968244
Tunis,1095697169,stop_position,البيئة,36.7331604,10.2103757,,,2026-02-15T13:39:03.968244
Tunis,1095697397,stop_position,المنتزه,36.7428793,10.1935151,,,2026-02-15T13:39:03.968244
Tunis,1095697593,stop_position,الحي البلدي,36.7484477,10.188721,,,2026-02-15T13:39:03.968244
Tunis,1095697751,stop_position,المنتزه,36.7428474,10.1935042,,,2026-02-15T13:39:03.968244
Tunis,1095698025,stop_position,النسري,36.7450544,10.1904477,,,2026-02-15T13:39:03.968244
Tunis,1095698182,stop_position,الشهداء,36.7235807,10.2121468,,,2026-02-15T13:39:03.968244
Tunis,1095698207,stop_position,الطاهر حداد,36.7607445,10.1869998,,,2026-02-15T13:39:03.968244
Tunis,1095698228,stop_position,المروج 3,36.7287221,10.2107535,,,2026-02-15T13:39:03.968244
Tunis,1095698921,stop_position,المروج 1,36.7384935,10.2065771,,,2026-02-15T13:39:03.968244
Tunis,1096180634,stop_position,,36.820839,10.1781843,,,2026-02-15T13:39:03.968244
Tunis,1103531608,stop_position,,36.8042359,10.1774164,,,2026-02-15T13:39:03.968244
Tunis,1146894385,platform,514 اريانة,36.8333545,10.1064397,,,2026-02-15T13:39:03.968244
Tunis,1146894481,stop_position,تونس البحرية,36.8006415,10.1920861,,,2026-02-15T13:39:03.968244
Tunis,1146894683,platform,3d (محطة علي بلهوان),36.8332884,10.1063472,,,2026-02-15T13:39:03.968244
Tunis,1162550675,stop_position,,36.8591606,10.1980001,,,2026-02-15T13:39:03.968244
Tunis,1183577041,stop_position,,36.8182157,10.1831735,,,2026-02-15T13:39:03.968244
Tunis,1195329123,station,رادس,36.7685947,10.2704839,,,2026-02-15T13:39:03.968244
Tunis,1215899441,platform,Terminus Mégrine Coteaux,36.7707065,10.2318093,,,2026-02-15T13:39:03.968244
Tunis,1215899497,platform,,36.767623,10.2415233,,,2026-02-15T13:39:03.968244
Tunis,1252659917,platform,ساحة البرشلونة,36.7971177,10.180252,TransTu,Bus de Barcelona,2026-02-15T13:39:03.968244
Tunis,1383084348,platform,مقرين الرياض,36.7683292,10.2200072,,,2026-02-15T13:39:03.968244
Tunis,1410196340,platform,Mégrine Jawhara 1,36.7761834,10.2282783,,,2026-02-15T13:39:03.968244
Tunis,1410196341,platform,19 ج,36.7762393,10.2251133,,,2026-02-15T13:39:03.968244
Tunis,1410196343,platform,19 ج,36.7762135,10.2256176,,,2026-02-15T13:39:03.968244
Tunis,1410196351,platform,Mégrine Jawhara 1,36.7758051,10.228112,,,2026-02-15T13:39:03.968244
Tunis,1668047217,stop_position,الكبارية,36.7598733,10.190527,,,2026-02-15T13:39:03.968244
Tunis,1706547578,stop_position,Mannouba,36.8161884,10.1002205,,,2026-02-15T13:39:03.968244
Tunis,1767404517,station,,36.857637,10.1912544,,,2026-02-15T13:39:03.968244
Tunis,1827051883,stop_position,منوبة,36.8020612,10.1025957,شركة النقل بتونس,,2026-02-15T13:39:03.968244
Tunis,1827051937,stop_position,منوبة,36.8020967,10.1026608,شركة النقل بتونس,,2026-02-15T13:39:03.968244
Tunis,1827137612,stop_position,صناعات تقليدية,36.8028771,10.1160213,,,2026-02-15T13:39:03.968244
Tunis,1828956386,platform,,36.8590558,10.1884161,,,2026-02-15T13:39:03.968244
Tunis,1828956387,platform,,36.8654079,10.1856159,,,2026-02-15T13:39:03.968244
Tunis,1831389824,platform,,36.855831,10.1877639,,,2026-02-15T13:39:03.968244
Tunis,1831389826,platform,,36.857256,10.1881394,,,2026-02-15T13:39:03.968244
Tunis,1831389828,platform,,36.8556936,10.1880965,,,2026-02-15T13:39:03.968244
Tunis,1886249306,platform,,36.8617745,10.1626108,,,2026-02-15T13:39:03.968244
Tunis,1887107418,platform,,36.860179,10.1629198,,,2026-02-15T13:39:03.968244
Tunis,1894017613,stop_position,الحي الرياضي,36.8385028,10.1819836,,,2026-02-15T13:39:03.968244
Tunis,1894017614,stop_position,الشباب,36.8332869,10.1827939,,,2026-02-15T13:39:03.968244
Tunis,1904828358,stop_position,حي النور,36.7514923,10.204756,,,2026-02-15T13:39:03.968244
Tunis,1904829065,stop_position,ابن سينا,36.7542685,10.1939745,,,2026-02-15T13:39:03.968244
Tunis,1904829066,stop_position,الوردية 6,36.7542257,10.199067,,,2026-02-15T13:39:03.968244
Tunis,2008351976,stop_position,مقرين,36.7683977,10.2335665,,,2026-02-15T13:39:03.968244
Tunis,2008351987,stop_position,مقرين,36.7684369,10.2335755,,,2026-02-15T13:39:03.968244
Tunis,2008351993,stop_position,مقرين,36.7685005,10.2335917,,,2026-02-15T13:39:03.968244
Tunis,2008352025,stop_position,مقرين,36.7685705,10.2336084,,,2026-02-15T13:39:03.968244
Tunis,2008352607,stop_position,مقرين الرياض,36.7702537,10.223127,,,2026-02-15T13:39:03.968244
Tunis,2008352612,stop_position,مقرين الرياض,36.7702921,10.2231342,,,2026-02-15T13:39:03.968244
Tunis,2008352615,stop_position,مقرين الرياض,36.7703563,10.2231543,,,2026-02-15T13:39:03.968244
Tunis,2008352676,stop_position,جبل الجلود,36.7723963,10.2095773,,,2026-02-15T13:39:03.968244
Tunis,2008352677,stop_position,جبل الجلود,36.7724629,10.2095943,,,2026-02-15T13:39:03.968244
Tunis,2008352690,stop_position,جبل الجلود,36.7724991,10.2096035,,,2026-02-15T13:39:03.968244
Tunis,2008352691,stop_position,جبل الجلود,36.7725664,10.2096206,,,2026-02-15T13:39:03.968244
Tunis,2009012032,stop_position,السيدة المنوبية,36.7870222,10.1653674,SNCFT,RFR,2026-02-15T13:39:03.968244
Tunis,2009013266,stop_position,Mellassine,36.7962513,10.1561418,,,2026-02-15T13:39:03.968244
Tunis,2009216005,stop_position,El Bortal,36.8118122,10.1159447,,,2026-02-15T13:39:03.968244
Tunis,2009216013,stop_position,El Bortal,36.8118823,10.1159718,,,2026-02-15T13:39:03.968244
Tunis,2122976999,stop_position,الدندان,36.8021939,10.1107689,شركة النقل بتونس,,2026-02-15T13:39:03.968244
Tunis,2517195465,platform,جامع الفتح,36.8078394,10.1813996,transtu,,2026-02-15T13:39:03.968244
Tunis,2526623305,stop_position,أريانة,36.8597723,10.1974972,,,2026-02-15T13:39:03.968244
Tunis,2526623335,stop_position,الاستقلال,36.8543937,10.195933,,,2026-02-15T13:39:03.968244
Tunis,2526623407,stop_position,مدينة العلوم,36.8469723,10.1923758,,,2026-02-15T13:39:03.968244
Tunis,2526623450,stop_position,10 ديسمبر 1984,36.8442324,10.1840408,,,2026-02-15T13:39:03.968244
Tunis,2537049183,station,10 ديسمبر 1984,36.8444552,10.1845505,نقل تونس,,2026-02-15T13:39:03.968244
Tunis,2557287562,stop_position,,36.8377853,10.2325674,,,2026-02-15T13:39:03.968244
Tunis,2557287568,stop_position,,36.8381732,10.2325071,,,2026-02-15T13:39:03.968244
Tunis,3527012267,platform,,36.8524621,10.1594869,,,2026-02-15T13:39:03.968244
Tunis,3611675863,station,محطة بوشوشة,36.8090263,10.1484831,,,2026-02-15T13:39:03.968244
Tunis,3611676948,station,محطة بوشوشة,36.8095589,10.1503445,,,2026-02-15T13:39:03.968244
Tunis,3611682913,station,محطة حافلات,36.8097285,10.1531206,,,2026-02-15T13:39:03.968244
Tunis,3611684915,station,محطة حافلات,36.8096249,10.1617058,,,2026-02-15T13:39:03.968244
Tunis,3700361700,platform,محطة حافلات المدينة الجديدة,36.7484247,10.2515,,"19C, 10B",2026-02-15T13:39:03.968244
Tunis,3700363938,platform,,36.742625,10.2504345,,"19C, 10B",2026-02-15T13:39:03.968244
Tunis,3700363939,platform,,36.7450724,10.2507838,,"19C, 10B",2026-02-15T13:39:03.968244
Tunis,3700363940,platform,,36.7395727,10.2460457,,"19C, 10B",2026-02-15T13:39:03.968244
Tunis,3700363941,platform,,36.7396455,10.242376,,"19C, 10B",2026-02-15T13:39:03.968244
Tunis,3700363942,platform,,36.7417753,10.2396479,,"19C, 10B",2026-02-15T13:39:03.968244
Tunis,3700363943,platform,,36.7429503,10.2412754,,"19C, 10B",2026-02-15T13:39:03.968244
Tunis,3700363944,platform,,36.7448652,10.2434589,,"19C, 10B",2026-02-15T13:39:03.968244
Tunis,3700363950,platform,,36.7405088,10.2387021,,"22A, 26",2026-02-15T13:39:03.968244
Tunis,3712368518,station,طج 21,36.8422343,10.1730639,,,2026-02-15T13:39:03.968244
Tunis,3732837652,platform,Sidi Rezig,36.7666819,10.2425025,الشركة الوطنية للسكك الحديدية التونسية,,2026-02-15T13:39:03.968244
Tunis,3732837655,platform,رادس,36.7669418,10.2691343,الشركة الوطنية للسكك الحديدية التونسية,,2026-02-15T13:39:03.968244
Tunis,3732837670,platform,Aiguille 0+730,36.7856039,10.1765899,الشركة الوطنية للسكك الحديدية التونسية,,2026-02-15T13:39:03.968244
Tunis,3732837709,platform,بئر عنيبة,36.795386,10.157586,الشركة الوطنية للسكك الحديدية التونسية,,2026-02-15T13:39:03.968244
Tunis,3732837787,platform,حلق الوادي,36.805169,10.2904072,الشركة الوطنية للسكك الحديدية التونسية,,2026-02-15T13:39:03.968244
Tunis,3732837850,platform,بئر القصعة,36.7395962,10.2279299,الشركة الوطنية للسكك الحديدية التونسية,,2026-02-15T13:39:03.968244
Tunis,3732837853,platform,منوبة,36.814764,10.0991708,الشركة الوطنية للسكك الحديدية التونسية,,2026-02-15T13:39:03.968244
Tunis,3732837860,platform,Cité Erraoudha,36.8047749,10.1387023,الشركة الوطنية للسكك الحديدية التونسية,,2026-02-15T13:39:03.968244
Tunis,3843950316,station,الانطلاقة,36.8391913,10.1170373,,,2026-02-15T13:39:03.968244
Tunis,3843956271,station,التضامن,36.8357261,10.1176634,,,2026-02-15T13:39:03.968244
Tunis,3855238006,platform,Arret de bus,36.8353631,10.1061665,,,2026-02-15T13:39:03.968244
Tunis,3866341684,platform,,36.8375111,10.1108169,,,2026-02-15T13:39:03.968244
Tunis,3871434986,platform,,36.81398,10.14647,,,2026-02-15T13:39:03.968244
Tunis,3871434987,platform,,36.8141581,10.1459261,,,2026-02-15T13:39:03.968244
Tunis,3995088058,station,العمران الأعلى,36.8305743,10.1239946,شركة النقل بتونس,,2026-02-15T13:39:03.968244
Tunis,3995088067,station,الياسمين,36.825827,10.1345873,شركة النقل بتونس,,2026-02-15T13:39:03.968244
Tunis,3995088080,station,الرمانة,36.8235302,10.1508884,شركة النقل بتونس,,2026-02-15T13:39:03.968244
Tunis,4234550089,station,Station de taxis Tataouine,36.7970168,10.1884999,,,2026-02-15T13:39:03.968244
Tunis,4251900290,platform,19C,36.7449373,10.2434539,,,2026-02-15T13:39:03.968244
Tunis,4251900291,station,19C,36.7484537,10.2515009,,,2026-02-15T13:39:03.968244
Tunis,4365999989,platform,العوينة,36.8491478,10.2639359,,,2026-02-15T13:39:03.968244
Tunis,4394884946,platform,Cité Ettahrir Bus Station,36.8258637,10.1256981,,,2026-02-15T13:39:03.968244
Tunis,4453398490,station,محطة الحبيب بورقيبه,36.8012968,10.1861834,,,2026-02-15T13:39:03.968244
Tunis,4453517189,station,محطة محمد الخامس,36.8194985,10.1818834,,,2026-02-15T13:39:03.968244
Tunis,4512430390,platform,TCV menzah 5/6,36.8518088,10.1738894,,,2026-02-15T13:39:03.968244
Tunis,4987092874,platform,,36.8069093,10.1635223,,,2026-02-15T13:39:03.968244
Tunis,5079330521,stop_position,الحرايرية,36.7837974,10.1154659,SNCFT,RFR,2026-02-15T13:39:03.968244
Tunis,5171329622,platform,14 ت 514 أ,36.8448426,10.0898894,,,2026-02-15T13:39:03.968244
Tunis,5227817795,station,معهد رادس,36.7667948,10.2608771,الشركة الوطنية للسكك الحديدية التونسية,,2026-02-15T13:39:03.968244
Tunis,5227817808,station,مقرين الرياض,36.770324,10.2231437,الشركة الوطنية للسكك الحديدية التونسية,,2026-02-15T13:39:03.968244
Tunis,5227817809,station,مخزن فرحات حشاد,36.7839393,10.1921455,الشركة الوطنية للسكك الحديدية التونسية,,2026-02-15T13:39:03.968244
Tunis,5227818017,platform,Aiguille 0+730,36.786864,10.177289,الشركة الوطنية للسكك الحديدية التونسية,,2026-02-15T13:39:03.968244
Tunis,5227818033,platform,Tunis-PV,36.7923761,10.1887689,الشركة الوطنية للسكك الحديدية التونسية,,2026-02-15T13:39:03.968244
Tunis,5227818035,platform,بئر عنيبة,36.7954484,10.1574953,الشركة الوطنية للسكك الحديدية التونسية,,2026-02-15T13:39:03.968244
Tunis,5228247026,platform,,36.8532835,10.2743253,,,2026-02-15T13:39:03.968244
Tunis,5234855931,platform,Aiguille 0+730,36.786864,10.177289,Socite Nationale des chemins de fer tunisien,,2026-02-15T13:39:03.968244
Tunis,5234855947,platform,Tunis-PV,36.7923761,10.1887689,Socite Nationale des chemins de fer tunisien,,2026-02-15T13:39:03.968244
Tunis,5241905922,platform,نهاية الخط 90(سليمان كاهية-حي الإذاعة),36.7956335,10.0893454,,,2026-02-15T13:39:03.968244
Tunis,5252436714,platform,,36.889872,10.1735744,,"27A, 527, TUT",2026-02-15T13:39:03.968244
Tunis,5252447365,platform,,36.8930391,10.1697918,,"27A, 527, TUT",2026-02-15T13:39:03.968244
Tunis,5252450543,platform,,36.8896586,10.1764377,,"27A, 527, TUT",2026-02-15T13:39:03.968244
Tunis,5254774043,platform,,36.8922668,10.1640861,,27A,2026-02-15T13:39:03.968244
Tunis,5625845872,stop_position,القطب التكنولوجي,36.8090658,10.0754316,شركة النقل بتونس,,2026-02-15T13:39:03.968244
Tunis,5625845875,stop_position,سليمان كاهية,36.803237,10.0990104,شركة النقل بتونس,,2026-02-15T13:39:03.968244
Tunis,5625845876,stop_position,القطب التكنولوجي,36.8090392,10.075426,شركة النقل بتونس,,2026-02-15T13:39:03.968244
Tunis,5625845879,stop_position,المنصف باي,36.8052312,10.090649,شركة النقل بتونس,,2026-02-15T13:39:03.968244
Tunis,5625845881,stop_position,أبو بكر الرازي,36.807387,10.0824543,شركة النقل بتونس,,2026-02-15T13:39:03.968244
Tunis,5625845896,stop_position,سليمان كاهية,36.8033431,10.0990735,شركة النقل بتونس,,2026-02-15T13:39:03.968244
Tunis,5625845902,stop_position,أبو بكر الرازي,36.8074233,10.0824417,شركة النقل بتونس,,2026-02-15T13:39:03.968244
Tunis,5625845909,stop_position,المنصف باي,36.80526,10.0906605,شركة النقل بتونس,,2026-02-15T13:39:03.968244
Tunis,5806301471,station,المنصف باي,36.8052465,10.0906561,شركة النقل بتونس,,2026-02-15T13:39:03.968244
Tunis,5806301472,station,أبو بكر الرازي,36.8074046,10.0824532,شركة النقل بتونس,,2026-02-15T13:39:03.968244
Tunis,5806301473,station,القطب التكنولوجي,36.8090525,10.0754288,شركة النقل بتونس,,2026-02-15T13:39:03.968244
Tunis,5806301478,station,سليمان كاهية,36.8032792,10.0990361,شركة النقل بتونس,,2026-02-15T13:39:03.968244
Tunis,5807317992,station,باردو,36.8072108,10.1352293,,,2026-02-15T13:39:03.968244
Tunis,5807317993,stop_position,باردو,36.8072237,10.1352341,,,2026-02-15T13:39:03.968244
Tunis,5807318001,station,السعيدية,36.8054116,10.1267056,,المترو الخفيف لمدينة تونس,2026-02-15T13:39:03.968244
Tunis,5807318004,stop_position,السعيدية,36.8054283,10.1266982,,المترو الخفيف لمدينة تونس,2026-02-15T13:39:03.968244
Tunis,5807318010,station,خزندار,36.8041832,10.1217355,,,2026-02-15T13:39:03.968244
Tunis,5807318012,stop_position,خزندار,36.8041993,10.1217261,,,2026-02-15T13:39:03.968244
Tunis,5807318022,station,مفتاح سعد الله,36.8130642,10.1562703,,,2026-02-15T13:39:03.968244
Tunis,5807318023,stop_position,مفتاح سعد الله,36.8130556,10.1562461,,,2026-02-15T13:39:03.968244
Tunis,5807318035,station,نيلسون مانديلا,36.8111036,10.1825459,,,2026-02-15T13:39:03.968244
Tunis,5807318037,stop_position,نيلسون مانديلا,36.8111014,10.182564,,,2026-02-15T13:39:03.968244
Tunis,5807318586,station,باب الخضراء,36.8102392,10.1724748,,,2026-02-15T13:39:03.968244
Tunis,5807318588,stop_position,باب الخضراء,36.8102253,10.1724547,,,2026-02-15T13:39:03.968244
Tunis,5807318593,stop_position,باب العسل,36.8130148,10.169401,,,2026-02-15T13:39:03.968244
Tunis,5807318617,station,باب سعدون,36.8097937,10.1619793,,,2026-02-15T13:39:03.968244
Tunis,5807318625,stop_position,باب سعدون,36.8097787,10.1619901,,,2026-02-15T13:39:03.968244
Tunis,5807318667,station,تونس البحرية,36.8001263,10.1928958,,,2026-02-15T13:39:03.968244
Tunis,5807318668,station,ساحة برشلونة,36.7960949,10.180449,,,2026-02-15T13:39:03.968244
Tunis,5807318669,station,ساحة الجمهورية,36.8064986,10.1808267,,,2026-02-15T13:39:03.968244
Tunis,5807318670,station,بوشوشة,36.8092396,10.1490176,,,2026-02-15T13:39:03.968244
Tunis,5807318671,station,شارع 20 مارس,36.8082866,10.1428837,,,2026-02-15T13:39:03.968244
Tunis,5807318672,station,صناعات تقليدية,36.802899,10.1160199,,,2026-02-15T13:39:03.968244
Tunis,5807318673,station,الدندان,36.8022121,10.1107696,شركة النقل بتونس,,2026-02-15T13:39:03.968244
Tunis,5807445623,station,فرحات حشاد,36.7978921,10.1860984,,,2026-02-15T13:39:03.968244
Tunis,5807445626,stop_position,فرحات حشاد,36.7979039,10.1860957,,,2026-02-15T13:39:03.968244
Tunis,5807445642,stop_position,ساحة برشلونة,36.7960519,10.1803478,,,2026-02-15T13:39:03.968244
Tunis,5807446771,stop_position,الكبارية,36.759891,10.1905623,,,2026-02-15T13:39:03.968244
Tunis,5814603920,station,البطاح,36.8142253,10.2923749,خط تونس-حلق الوادي-المرسى,,2026-02-15T13:39:03.968244
Tunis,5814603921,station,تونس البحرية,36.8006885,10.1920755,,,2026-02-15T13:39:03.968244
Tunis,5814938565,stop_position,الانطلاقة,36.8392008,10.116996,,,2026-02-15T13:39:03.968244
Tunis,5814938576,stop_position,Ettadhamen,36.835723,10.1176344,,,2026-02-15T13:39:03.968244
Tunis,5814938595,stop_position,العمران الأعلى,36.8305919,10.1240062,شركة النقل بتونس,,2026-02-15T13:39:03.968244
Tunis,5814938596,stop_position,العمران الأعلى,36.8305524,10.1239832,شركة النقل بتونس,,2026-02-15T13:39:03.968244
Tunis,5814938605,stop_position,التحرير,36.8290593,10.1286569,شركة النقل بتونس,,2026-02-15T13:39:03.968244
Tunis,5814938606,station,التحرير,36.8290786,10.1286636,شركة النقل بتونس,,2026-02-15T13:39:03.968244
Tunis,5814938633,stop_position,الياسمين,36.8258131,10.1345672,شركة النقل بتونس,,2026-02-15T13:39:03.968244
Tunis,5814938651,stop_position,14 يناير 2011,36.8228394,10.1399866,,,2026-02-15T13:39:03.968244
Tunis,5814938955,station,14 يناير 2011,36.8228587,10.1399718,,,2026-02-15T13:39:03.968244
Tunis,5814938966,stop_position,حرم الجامعة,36.826002,10.1440112,,,2026-02-15T13:39:03.968244
Tunis,5814938967,station,حرم الجامعة,36.8260149,10.1439911,,,2026-02-15T13:39:03.968244
Tunis,5814938990,stop_position,الرمانة,36.8235254,10.1508656,شركة النقل بتونس,,2026-02-15T13:39:03.968244
Tunis,5815161181,station,ابن خلدون,36.8307338,10.1341622,,,2026-02-15T13:39:03.968244
Tunis,5815161183,stop_position,ابن خلدون,36.8307456,10.134142,,,2026-02-15T13:39:03.968244
Tunis,5815305342,station,الشباب,36.8333222,10.1828017,,,2026-02-15T13:39:03.968244
Tunis,5815305343,station,الحي الرياضي,36.8385103,10.1819614,,,2026-02-15T13:39:03.968244
Tunis,5815305346,station,10 ديسمبر 1984,36.8442536,10.1840392,,,2026-02-15T13:39:03.968244
Tunis,5815305349,station,الاستقلال,36.8543919,10.195916,,,2026-02-15T13:39:03.968244
Tunis,5815305352,station,أريانة,36.8597606,10.1974786,,,2026-02-15T13:39:03.968244
Tunis,6004913344,,"Arrêt bus 56 , 72",36.8326145,10.0886652,,,2026-02-15T13:39:03.968244
Tunis,6177475000,platform,محطة الرحلات البحرية - حلق الوادي,36.8123524,10.2924953,,,2026-02-15T13:39:03.968244
Tunis,6234568190,platform,SNT 635,36.8477843,10.2171568,,,2026-02-15T13:39:03.968244
Tunis,6234568192,platform,SNT 35,36.847433,10.2170671,,,2026-02-15T13:39:03.968244
Tunis,6237226447,platform,Arrêt de bus TUS,36.8283305,10.07636,,,2026-02-15T13:39:03.968244
Tunis,6306638813,,55/56/72,36.8177818,10.0952286,,,2026-02-15T13:39:03.968244
Tunis,6306638814,,55/56/72,36.8166308,10.100188,,,2026-02-15T13:39:03.968244
Tunis,6306638815,,55/56/72,36.818514,10.0952741,,,2026-02-15T13:39:03.968244
Tunis,6306638816,,,36.8219215,10.0955477,,,2026-02-15T13:39:03.968244
Tunis,6306638817,,,36.8242769,10.0961378,,,2026-02-15T13:39:03.968244
Tunis,6306638818,,,36.8242447,10.0963014,,,2026-02-15T13:39:03.968244
Tunis,6306638819,,,36.8276605,10.096398,,,2026-02-15T13:39:03.968244
Tunis,6306638820,,,36.8277571,10.0964543,,,2026-02-15T13:39:03.968244
Tunis,6306656916,,"Arrêt bus 56 , 72",36.8203283,10.0934368,,,2026-02-15T13:39:03.968244
Tunis,6306656917,,"Arrêt bus 56 , 72",36.8220654,10.0893813,,,2026-02-15T13:39:03.968244
Tunis,6306656918,,"Arrêt bus 56 , 72",36.8219645,10.0894162,,,2026-02-15T13:39:03.968244
Tunis,6306656919,,"Arrêt bus 56 , 72",36.824702,10.0825283,,,2026-02-15T13:39:03.968244
Tunis,6306656920,,"Arrêt bus 56 , 72",36.824717,10.0822681,,,2026-02-15T13:39:03.968244
Tunis,6306656921,,"Arrêt bus 56 , 72",36.8283347,10.076319,,,2026-02-15T13:39:03.968244
Tunis,6306656922,,"Arrêt bus 56 , 72",36.8303742,10.0784406,,,2026-02-15T13:39:03.968244
Tunis,6306656923,,"Arrêt bus 56 , 72",36.831263,10.0818926,,,2026-02-15T13:39:03.968244
Tunis,6306656924,,"Arrêt bus 56 , 72",36.8313682,10.0819892,,,2026-02-15T13:39:03.968244
Tunis,6306656925,,T.U.S 4,36.8282681,10.0765872,,,2026-02-15T13:39:03.968244
Tunis,6306656926,,T.U.S 4,36.8269155,10.0787491,,,2026-02-15T13:39:03.968244
Tunis,6306656927,,T.U.S 4,36.8246869,10.0823271,,,2026-02-15T13:39:03.968244
Tunis,6306656928,,T.U.S 4,36.8246698,10.0825766,,,2026-02-15T13:39:03.968244
Tunis,6306656929,,T.U.S 4,36.822907,10.0872785,,,2026-02-15T13:39:03.968244
Tunis,6306656930,,T.U.S 4,36.8219322,10.0894672,,,2026-02-15T13:39:03.968244
Tunis,6306656931,,T.U.S 4,36.822104,10.0893411,,,2026-02-15T13:39:03.968244
Tunis,6306656932,,T.U.S 4,36.8202983,10.0935039,,,2026-02-15T13:39:03.968244
Tunis,6306656933,,T.U.S 4,36.8185591,10.0952795,,,2026-02-15T13:39:03.968244
Tunis,6306656934,,T.U.S 4,36.8178204,10.0952366,,,2026-02-15T13:39:03.968244
Tunis,6363540321,,,36.8103334,10.1327471,,,2026-02-15T13:39:03.968244
Tunis,6383429945,station,منوبة,36.8020788,10.102639,شركة النقل بتونس,,2026-02-15T13:39:03.968244
Tunis,6416450569,station,الوردية,36.7542113,10.199072,,,2026-02-15T13:39:03.968244
Tunis,6450732606,stop_position,المروج 2,36.7420932,10.1977399,,,2026-02-15T13:39:03.968244
Tunis,6450732654,stop_position,المروج 1,36.73848,10.2065617,,,2026-02-15T13:39:03.968244
Tunis,6450732693,stop_position,البيئة,36.7331535,10.2103329,,,2026-02-15T13:39:03.968244
Tunis,6450732725,stop_position,الشهداء,36.7235646,10.2121226,,,2026-02-15T13:39:03.968244
Tunis,6450732754,stop_position,المروج 3,36.7287209,10.2107164,,,2026-02-15T13:39:03.968244
Tunis,6450829976,stop_position,محمد مناشو,36.7821125,10.1798556,,,2026-02-15T13:39:03.968244
Tunis,6450830111,stop_position,باب عليوة,36.7857577,10.1797812,,,2026-02-15T13:39:03.968244
Tunis,6450830134,stop_position,13 أوت,36.7751055,10.1791844,,,2026-02-15T13:39:03.968244
Tunis,6450830163,stop_position,محمد علي,36.7677403,10.1839855,,,2026-02-15T13:39:03.968244
Tunis,6450830370,stop_position,الطاهر الحداد,36.7607322,10.1869681,,,2026-02-15T13:39:03.968244
Tunis,6450830486,stop_position,الغزالي,36.7546186,10.1876065,,,2026-02-15T13:39:03.968244
Tunis,6450830503,stop_position,الحي البلدي,36.7484335,10.1886915,,,2026-02-15T13:39:03.968244
Tunis,6450830509,stop_position,النسري,36.745041,10.1904121,,,2026-02-15T13:39:03.968244
Tunis,6588656732,stop_position,مفترق المروج 2 خط54أ,36.7384843,10.2036109,,,2026-02-15T13:39:03.968244
Tunis,6786354416,platform,Sidi Rezig,36.7667989,10.2433052,الشركة الوطنية للسكك الحديدية التونسية,,2026-02-15T13:39:03.968244
Tunis,6821915785,,,36.8457389,10.2146709,,,2026-02-15T13:39:03.968244
Tunis,7713681971,platform,الشرقية 1,36.8285794,10.2063681,,,2026-02-15T13:39:03.968244
Tunis,7713730783,platform,البحيرة,36.8377978,10.232563,,,2026-02-15T13:39:03.968244
Tunis,7713738834,,حي الطيب المهيري,36.8489489,10.2642835,,,2026-02-15T13:39:03.968244
Tunis,7863879719,platform,,36.8283547,10.1847652,,,2026-02-15T13:39:03.968244
Tunis,7863879720,platform,,36.8283205,10.1850783,,,2026-02-15T13:39:03.968244
Tunis,7863879722,platform,,36.8232875,10.18033,,,2026-02-15T13:39:03.968244
Tunis,7863879723,platform,,36.8232191,10.180455,,,2026-02-15T13:39:03.968244
Tunis,8231372176,platform,Bir Aniba,36.7954484,10.1574953,,,2026-02-15T13:39:03.968244
Tunis,8231372194,,Aiguille 0+730,36.786864,10.177289,,,2026-02-15T13:39:03.968244
Tunis,8231372195,halt,Cité Erraoudha,36.8062583,10.1392309,,,2026-02-15T13:39:03.968244
Tunis,8231384505,station,بئر القصعة,36.7405711,10.2287943,,,2026-02-15T13:39:03.968244
Tunis,8231384555,station,سيدي رزيق,36.7673336,10.2445454,,,2026-02-15T13:39:03.968244
Tunis,8408120141,platform,station tchoutchou 1,36.8701838,10.1706231,,,2026-02-15T13:39:03.968244
Tunis,8408525517,platform,rrrrrrrrrrrrr,36.8670348,10.1636287,,,2026-02-15T13:39:03.968244
Tunis,8941732174,station,,36.8598041,10.1975391,,,2026-02-15T13:39:03.968244
Tunis,8944356332,platform,,36.8581567,10.1914715,,,2026-02-15T13:39:03.968244
Tunis,8951637929,platform,,36.8619328,10.1872329,,,2026-02-15T13:39:03.968244
Tunis,9318733638,station,Mohamed V,36.8150646,10.1837846,,,2026-02-15T13:39:03.968244
Tunis,10001405017,platform,,36.799783,10.1792825,,,2026-02-15T13:39:03.968244
Tunis,10245101741,station,Gare Routière Nord,36.810538,10.1535528,,,2026-02-15T13:39:03.968244
Tunis,10246235609,station,محطة اللواج باب عليوة,36.7889972,10.1818268,,,2026-02-15T13:39:03.968244
Tunis,10295303640,stop_position,بولينق,36.8313042,10.2174135,,,2026-02-15T13:39:03.968244
Tunis,10295303641,stop_position,دح دح 28د,36.833621,10.2240434,,,2026-02-15T13:39:03.968244
Tunis,10295303655,stop_position,حي نزهة,36.8684561,10.1950961,,,2026-02-15T13:39:03.968244
Tunis,10295303669,stop_position,حي السلام,36.8549468,10.2721039,,,2026-02-15T13:39:03.968244
Tunis,10295303690,stop_position,قصر البحيرة,36.8393019,10.238269,,,2026-02-15T13:39:03.968244
Tunis,10295303691,stop_position,دح دح,36.8353384,10.2242795,,,2026-02-15T13:39:03.968244
Tunis,10295303692,stop_position,الشرقية,36.8285742,10.2061645,,,2026-02-15T13:39:03.968244
Tunis,10295303693,stop_position,حي الخضراء,36.823838,10.1950602,,,2026-02-15T13:39:03.968244
Tunis,10295303694,platform,Montplaisir,36.8233261,10.1939602,,,2026-02-15T13:39:03.968244
Tunis,10295303695,stop_position,بنك الاسكان,36.8194235,10.1855061,,,2026-02-15T13:39:03.968244
Tunis,10295303696,platform,Maison Blanche,36.8156186,10.1850609,,,2026-02-15T13:39:03.968244
Tunis,10295303697,stop_position,نهاية خط 38 ت,36.8597284,10.1276455,,,2026-02-15T13:39:03.968244
Tunis,10295303698,stop_position,ماركير,36.8572647,10.1276455,,,2026-02-15T13:39:03.968244
Tunis,10295303699,stop_position,حي الرفاهة,36.852579,10.1233855,,,2026-02-15T13:39:03.968244
Tunis,10295303700,stop_position,مقهي شيراز,36.8513016,10.1283212,,,2026-02-15T13:39:03.968244
Tunis,10295303701,stop_position,كيوسك شال ج.م.2,36.8486625,10.1310841,,,2026-02-15T13:39:03.968244
Tunis,10295303702,stop_position,حدائق المنزه 1,36.8457382,10.1317222,,,2026-02-15T13:39:03.968244
Tunis,10295303703,stop_position,سنيت,36.838835,10.1339538,,,2026-02-15T13:39:03.968244
Tunis,10295303704,stop_position,العمران الاعلى (أكس 3),36.836672,10.1349143,,,2026-02-15T13:39:03.968244
Tunis,10295303705,stop_position,حي ابن خلدون,36.832223,10.1406379,,,2026-02-15T13:39:03.968244
Tunis,10295303706,stop_position,المركب الجامعي,36.8293858,10.149645,,,2026-02-15T13:39:03.968244
Tunis,10295303707,stop_position,مبيت العمران الاعلى,36.8361903,10.1320441,,,2026-02-15T13:39:03.968244
Tunis,10295303708,stop_position,دار الامهات,36.8353969,10.1381169,,,2026-02-15T13:39:03.968244
Tunis,10295304109,stop_position,كارفور,36.836543,10.1446936,,,2026-02-15T13:39:03.968244
Tunis,10295304110,stop_position,كلية العلوم بتونس,36.8328327,10.148073,,,2026-02-15T13:39:03.968244
Tunis,10295304111,stop_position,كلية الحقوق,36.8307202,10.1503797,,,2026-02-15T13:39:03.968244
Tunis,10295304112,stop_position,صوناد,36.8360529,10.1606257,,,2026-02-15T13:39:03.968244
Tunis,10295304113,stop_position,روتيكس,36.8385611,10.1661513,,,2026-02-15T13:39:03.968244
Tunis,10295304114,stop_position,بلدية متيال فيل,36.8337782,10.1672081,,,2026-02-15T13:39:03.968244
Tunis,10295304115,stop_position,شادلي زويتن,36.829621,10.1705499,,,2026-02-15T13:39:03.968244
Tunis,10295304116,stop_position,جامع حي النصر اياب,36.8605455,10.1631466,,,2026-02-15T13:39:03.968244
Tunis,10295304117,stop_position,جامع حي النصر,36.8600408,10.1625247,,,2026-02-15T13:39:03.968244
Tunis,10295304118,stop_position,كمون الطبي,36.8603379,10.1607118,,,2026-02-15T13:39:03.968244
Tunis,10295304119,stop_position,مصحة حي النصر,36.8599292,10.1531585,,,2026-02-15T13:39:03.968244
Tunis,10295304120,stop_position,معهد النصر2,36.8573539,10.1535662,,,2026-02-15T13:39:03.968244
Tunis,10295304121,stop_position,شال المنزه 7,36.8523919,10.1533516,,,2026-02-15T13:39:03.968244
Tunis,10295304122,stop_position,مصحة الامل اياب,36.8512244,10.1491351,,,2026-02-15T13:39:03.968244
Tunis,10295304123,stop_position,مصحة الامل,36.8503229,10.149575,,,2026-02-15T13:39:03.968244
Tunis,10295304124,stop_position,منزه 9,36.8493013,10.1507016,,,2026-02-15T13:39:03.968244
Tunis,10295304125,stop_position,المركز التجاري مقني,36.8462019,10.1531906,,,2026-02-15T13:39:03.968244
Tunis,10295304126,stop_position,البنك,36.8416341,10.1552506,,,2026-02-15T13:39:03.968244
Tunis,10295304127,stop_position,صولا,36.8390892,10.1568011,,,2026-02-15T13:39:03.968244
Tunis,10295304128,stop_position,اسبرولس المنار,36.8410674,10.1621385,,,2026-02-15T13:39:03.968244
Tunis,10295304129,stop_position,سنيت,36.8425786,10.1640482,,,2026-02-15T13:39:03.968244
Tunis,10295304130,stop_position,نهاية خط 5د/51أ,36.8616813,10.1631472,,,2026-02-15T13:39:03.968244
Tunis,10295304131,stop_position,مجطة الهادي نويرة,36.8619817,10.1644508,,,2026-02-15T13:39:03.968244
Tunis,10295304132,stop_position,حي النصر 1,36.8634753,10.1685385,,,2026-02-15T13:39:03.968244
Tunis,10295304133,stop_position,عجيل,36.8585643,10.1660545,,,2026-02-15T13:39:03.968244
Tunis,10295304134,stop_position,مقهي رندة,36.8595095,10.166736,,,2026-02-15T13:39:03.968244
Tunis,10295304135,platform,المركز التجاري إكرام,36.8560526,10.1682516,,,2026-02-15T13:39:03.968244
Tunis,10295304136,stop_position,معهد المنزه 6,36.8521868,10.16466,,,2026-02-15T13:39:03.968244
Tunis,10295304137,stop_position,صيدلية المنزه 6,36.8469317,10.165282,,,2026-02-15T13:39:03.968244
Tunis,10295304138,stop_position,مونوبري منزه6,36.8461572,10.1662365,,,2026-02-15T13:39:03.968244
Tunis,10295304139,stop_position,سنيت منزه6,36.84421,10.1661189,,,2026-02-15T13:39:03.968244
Tunis,10295304140,stop_position,سوريزو,36.8421244,10.1673476,,,2026-02-15T13:39:03.968244
Tunis,10295304141,stop_position,الآمم المتحدة,36.8369167,10.1737849,,,2026-02-15T13:39:03.968244
Tunis,10295304142,stop_position,سفارة العراق,36.8353899,10.1756778,,,2026-02-15T13:39:03.968244
Tunis,10295304143,stop_position,منزه 1,36.8335866,10.1792613,,,2026-02-15T13:39:03.968244
Tunis,10295304147,stop_position,مكتب بريد منوبة,36.8117276,10.0951425,,,2026-02-15T13:39:03.968244
Tunis,10295304148,stop_position,جامع منوبة,36.8093087,10.0928302,,,2026-02-15T13:39:03.968244
Tunis,10295304149,stop_position,سليمان الكاهية,36.8047044,10.0981195,,,2026-02-15T13:39:03.968244
Tunis,10295304150,stop_position,نادي الأمن الوطني,36.8735254,10.2361353,,,2026-02-15T13:39:03.968244
Tunis,10295304151,stop_position,ديوان التطهير سيدي صالح,36.8921132,10.211534,,,2026-02-15T13:39:03.968244
Tunis,10295304152,stop_position,سيدي صالح,36.884337,10.2212754,,,2026-02-15T13:39:03.968244
Tunis,10295304153,stop_position,جامع سيدي صالح,36.8886294,10.2150317,,,2026-02-15T13:39:03.968244
Tunis,10295304154,stop_position,جامعة آبن خلدون,36.880973,10.2283993,,,2026-02-15T13:39:03.968244
Tunis,10295304155,stop_position,قاعة أفراح الزيتونة,36.8767104,10.2324823,,,2026-02-15T13:39:03.968244
Tunis,10295304167,stop_position,حي السلام,36.8532762,10.2742226,,,2026-02-15T13:39:03.968244
Tunis,10295304168,stop_position,حي الطيب المهيري,36.8487844,10.264062,,,2026-02-15T13:39:03.968244
Tunis,10295304169,stop_position,قسم)العوينة),36.8528951,10.2577326,,,2026-02-15T13:39:03.968244
Tunis,10295304170,stop_position,دار فضال,36.8687533,10.2496214,,,2026-02-15T13:39:03.968244
Tunis,10295304171,stop_position,رأس الجدير,36.8708939,10.2482941,,,2026-02-15T13:39:03.968244
Tunis,10295304172,stop_position,مقبرة دار فضال,36.863821,10.2528602,,,2026-02-15T13:39:03.968244
Tunis,10295304175,stop_position,قناة حنبعل,36.8835235,10.2390857,,,2026-02-15T13:39:03.969240
Tunis,10295304176,stop_position,مقهي البلبولي,36.881028,10.2367687,,,2026-02-15T13:39:03.969240
Tunis,10295304177,stop_position,نادي المحامين,36.8804581,10.239493,,,2026-02-15T13:39:03.969240
Tunis,10295304178,stop_position,قولف قرطاج,36.8782782,10.2426687,,,2026-02-15T13:39:03.969240
Tunis,10295304179,stop_position,مدرسة سكرة,36.8760812,10.2451363,,,2026-02-15T13:39:03.969240
Tunis,10295304197,stop_position,مطعم لوبوف,36.8769859,10.2475955,,,2026-02-15T13:39:03.969240
Tunis,10295304198,stop_position,شارع المطار,36.8736198,10.237927,,,2026-02-15T13:39:03.969240
Tunis,10295304199,stop_position,شال سكرة,36.870324,10.230685,,,2026-02-15T13:39:03.969240
Tunis,10295304200,stop_position,مكتب بريد سكرة,36.8747021,10.2436779,,,2026-02-15T13:39:03.969240
Tunis,10295304201,stop_position,مونوبري,36.8635327,10.2153531,,,2026-02-15T13:39:03.969240
Tunis,10295304202,stop_position,حمادي عبيد,36.8671893,10.2237216,,,2026-02-15T13:39:03.969240
Tunis,10295304203,stop_position,مقهي حميد 18 ت,36.8593094,10.2056328,,,2026-02-15T13:39:03.969240
Tunis,10295304212,stop_position,نهاية خط حي الغزالة,36.8935117,10.165452,,,2026-02-15T13:39:03.969240
Tunis,10295304213,stop_position,مدرسة ابو القاسم الشابي,36.8922513,10.1642193,,,2026-02-15T13:39:03.969240
Tunis,10295304214,stop_position,مغازة عزيزة,36.8911864,10.1713529,,,2026-02-15T13:39:03.969240
Tunis,10295304215,stop_position,إتصالات تونس الغزالة,36.8900809,10.172304,,,2026-02-15T13:39:03.969240
Tunis,10295304216,stop_position,قاعة بدر,36.8902563,10.1800604,,,2026-02-15T13:39:03.969240
Tunis,10295304229,stop_position,معهد الوفاء,36.8920697,10.1812588,,,2026-02-15T13:39:03.969240
Tunis,10295304230,stop_position,الغزالة,36.8897019,10.1820495,,,2026-02-15T13:39:03.969240
Tunis,10295304231,stop_position,,36.8799106,10.1856544,,,2026-02-15T13:39:03.969240
Tunis,10295304232,stop_position,لكراد,36.8771309,10.1861866,,,2026-02-15T13:39:03.969240
Tunis,10295304233,stop_position,مقهي لسكال,36.8730396,10.1853985,,,2026-02-15T13:39:03.969240
Tunis,10295304234,stop_position,نهاية خط حى الملاحة,36.85702,10.1833541,,,2026-02-15T13:39:03.969240
Tunis,10295304235,stop_position,أريانة العليا,36.8558868,10.1837136,,,2026-02-15T13:39:03.969240
Tunis,10295304236,stop_position,جامع أريانة الجديدة,36.8531569,10.1825924,,,2026-02-15T13:39:03.969240
Tunis,10295304237,stop_position,نهاية الخط سيدي سفيان,36.8738772,10.2192893,,,2026-02-15T13:39:03.969240
Tunis,10295304238,stop_position,سيدي سفيان,36.8677833,10.2084639,,,2026-02-15T13:39:03.969240
Tunis,10295304239,stop_position,نهاية خط النخيلات,36.8668598,10.1985092,,,2026-02-15T13:39:03.969240
Tunis,10295304240,stop_position,المنصورة,36.8670375,10.1990773,,,2026-02-15T13:39:03.969240
Tunis,10295304241,stop_position,حي الزهاني,36.8672168,10.1996663,,,2026-02-15T13:39:03.969240
Tunis,10295304242,stop_position,مقهي حميد,36.8673379,10.2001019,,,2026-02-15T13:39:03.969240
Tunis,10295304243,stop_position,مركز شرطة-قسم,36.8658408,10.199982,,,2026-02-15T13:39:03.969240
Tunis,10295304244,stop_position,برج الوزير 2,36.865677,10.2013464,,,2026-02-15T13:39:03.969240
Tunis,10295304245,stop_position,برج الوزير,36.864771,10.2011313,,,2026-02-15T13:39:03.969240
Tunis,10295304246,stop_position,حي النزهة,36.860076,10.1990933,,,2026-02-15T13:39:03.969240
Tunis,10295304276,stop_position,نهج حسن النوري,36.8203176,10.1171799,,,2026-02-15T13:39:03.969240
Tunis,10295304277,stop_position,معمل ماي مود,36.8241888,10.11582,,,2026-02-15T13:39:03.969240
Tunis,10295304278,stop_position,محطة التضامن,36.8264861,10.1153908,,,2026-02-15T13:39:03.969240
Tunis,10295304279,stop_position,نهاية خط قصر سعيد 2,36.8246354,10.1188669,,,2026-02-15T13:39:03.969240
Tunis,10295304294,stop_position,المحكمة العسكرية مفتح سعد الله,36.8137782,10.1558881,,,2026-02-15T13:39:03.969240
Tunis,10295304298,platform,محطة رياض الآطفال,36.7508352,10.2244239,TransTu,,2026-02-15T13:39:03.969240
Tunis,10295304299,stop_position,شارع فيصل بن عبد العزيز,36.7452083,10.2508141,,,2026-02-15T13:39:03.969240
Tunis,10295304300,stop_position,كارفور المدينة الجديدة,36.7420979,10.2494455,,,2026-02-15T13:39:03.969240
Tunis,10295304301,stop_position,شارع الجمهورية 2,36.7677311,10.2771474,,,2026-02-15T13:39:03.969240
Tunis,10295304304,stop_position,حي السبرولس,36.7530502,10.2496172,,,2026-02-15T13:39:03.969240
Tunis,10295304305,platform,صيدلية الليل بن عروس,36.7504782,10.2258714,,,2026-02-15T13:39:03.969240
Tunis,10295304306,stop_position,إتصالات منوبة اياب,36.8085966,10.1008857,,,2026-02-15T13:39:03.969240
Tunis,10295304307,stop_position,إتصالات منوبة (ذهاب),36.8086353,10.1007516,,,2026-02-15T13:39:03.969240
Tunis,10295304308,stop_position,دندان,36.8023678,10.1102174,,,2026-02-15T13:39:03.969240
Tunis,10295304310,stop_position,حناية باردو,36.8118049,10.1505924,,,2026-02-15T13:39:03.969240
Tunis,10295304311,stop_position,مغازة ابن خلدون,36.827475,10.1371062,,,2026-02-15T13:39:03.969240
Tunis,10295304312,stop_position,الرازي 104-410-460,36.8075615,10.0885958,,,2026-02-15T13:39:03.969240
Tunis,10295304313,stop_position,مركز الشرطة العمران الاعلى اياب,36.8372087,10.1284641,,,2026-02-15T13:39:03.969240
Tunis,10295304314,stop_position,TERMINUS 14A/514C,36.8388428,10.1246619,,,2026-02-15T13:39:03.969240
Tunis,10295304315,stop_position,مقهي سيرين,36.8413431,10.1262594,,,2026-02-15T13:39:03.969240
Tunis,10295304316,stop_position,مركز الشرطة العمران الاعلى,36.8374491,10.1290328,,,2026-02-15T13:39:03.969240
Tunis,10295304317,stop_position,معهد ابن خلدون,36.835165,10.1290757,,,2026-02-15T13:39:03.969240
Tunis,10295304318,stop_position,حي فرنسا,36.8319311,10.1304842,,,2026-02-15T13:39:03.969240
Tunis,10295304319,platform,منزه 5,36.8535046,10.1730499,,,2026-02-15T13:39:03.969240
Tunis,10295304320,stop_position,كارنوا 2,36.8456239,10.1769866,,,2026-02-15T13:39:03.969240
Tunis,10295304321,stop_position,منزه 6,36.8553709,10.1748199,,,2026-02-15T13:39:03.969240
Tunis,10295304322,stop_position,منتزه المنزه 7,36.854212,10.1753671,,,2026-02-15T13:39:03.969240
Tunis,10295304323,stop_position,منزه 7,36.8542635,10.1762254,,,2026-02-15T13:39:03.969240
Tunis,10295304324,stop_position,مركزأمير,36.8534185,10.1774273,,,2026-02-15T13:39:03.969240
Tunis,10295304325,stop_position,معهد المنزه 6,36.8524589,10.1775445,,,2026-02-15T13:39:03.969240
Tunis,10295304326,stop_position,منزه 8,36.8482694,10.1784886,,,2026-02-15T13:39:03.969240
Tunis,10295304327,stop_position,كارنوا,36.84761,10.1780707,,,2026-02-15T13:39:03.969240
Tunis,10295304328,stop_position,نهاية خط 64/30,36.8257308,10.1257528,,,2026-02-15T13:39:03.969240
Tunis,10295304329,stop_position,حي قصر سعيد,36.8231801,10.1227487,,,2026-02-15T13:39:03.969240
Tunis,10295304330,stop_position,محطة القمودي ( الطريق اكس),36.8190404,10.1301087,,,2026-02-15T13:39:03.969240
Tunis,10295304331,stop_position,ميني بري العمران الاعلى,36.8325236,10.1249159,,,2026-02-15T13:39:03.969240
Tunis,10295304332,stop_position,مبيت اريانة,36.8584957,10.194707,,,2026-02-15T13:39:03.969240
Tunis,10295304334,station,ساحة الجمهورية,36.8046531,10.1798012,TransTu,,2026-02-15T13:39:03.969240
Tunis,10295304335,platform,شارع الحرّيّة,36.8098613,10.1797692,,,2026-02-15T13:39:03.969240
Tunis,10295304336,stop_position,مونوبري شارع الحرّيّة,36.8129301,10.1792813,,,2026-02-15T13:39:03.969240
Tunis,10295304337,stop_position,مكتب بريد بستور,36.8220207,10.1782811,,,2026-02-15T13:39:03.969240
Tunis,10295304338,stop_position,نهاية خط 6,36.8705369,10.1787163,,,2026-02-15T13:39:03.969240
Tunis,10295304339,stop_position,مستشفي محمود الماطري,36.8668478,10.1827336,,,2026-02-15T13:39:03.969240
Tunis,10295304340,stop_position,معهد اريانة,36.8518082,10.1843751,,,2026-02-15T13:39:03.969240
Tunis,10295304341,stop_position,ترابط 10 ديسمبر,36.8445543,10.1843131,,,2026-02-15T13:39:03.969240
Tunis,10295304342,stop_position,بوسبيع,36.8405935,10.199187,,,2026-02-15T13:39:03.969240
Tunis,10295304344,stop_position,الفل,36.8470262,10.1920248,,,2026-02-15T13:39:03.969240
Tunis,10295304345,platform,مركز الفرز البريدي,36.8447118,10.2186579,,,2026-02-15T13:39:03.969240
Tunis,10295304346,stop_position,مطارتونس قرطاج,36.8476666,10.2172345,,,2026-02-15T13:39:03.969240
Tunis,10295304347,stop_position,مطار الحجيج,36.8426027,10.2150442,,,2026-02-15T13:39:03.969240
Tunis,10295304348,stop_position,فرات,36.8365606,10.2133738,,,2026-02-15T13:39:03.969240
Tunis,10295304349,stop_position,الديوان الوطني للتطهير,36.8368086,10.2086223,,,2026-02-15T13:39:03.969240
Tunis,10295304350,stop_position,الشرقية 1,36.8288636,10.2010967,,,2026-02-15T13:39:03.969240
Tunis,10295304351,stop_position,معرض الشرقية,36.8356665,10.2014554,,,2026-02-15T13:39:03.969240
Tunis,10295304352,stop_position,توتا 10 ديسمبر,36.8454206,10.1834417,,,2026-02-15T13:39:03.969240
Tunis,10295304353,stop_position,10 ديسمبر,36.8422003,10.1825042,,,2026-02-15T13:39:03.969240
Tunis,10295304354,stop_position,الحي الرياضي,36.838641,10.1818869,,,2026-02-15T13:39:03.969240
Tunis,10295304355,stop_position,الصيدلية المركزية,36.8350238,10.1811198,,,2026-02-15T13:39:03.969240
Tunis,10295304356,stop_position,وزارة التجهيز,36.8319311,10.1801694,,,2026-02-15T13:39:03.969240
Tunis,10295304357,platform,Cité Mahrajène,36.828874,10.1800943,,,2026-02-15T13:39:03.969240
Tunis,10295304358,stop_position,مرطبات بن يدر,36.8265347,10.1795924,,,2026-02-15T13:39:03.969240
Tunis,10295304359,stop_position,ساحة بستور,36.8232402,10.1785494,,,2026-02-15T13:39:03.969240
Tunis,10295304360,stop_position,مدرسة حي الخضراءاياب,36.8333703,10.1904929,,,2026-02-15T13:39:03.969240
Tunis,10295304361,stop_position,سوق حي الخضراء اياب,36.8336838,10.1925207,,,2026-02-15T13:39:03.969240
Tunis,10295304362,stop_position,محطة الرصد الجوي,36.8395189,10.1983717,,,2026-02-15T13:39:03.969240
Tunis,10295304363,stop_position,الحي الالمبي,36.8393339,10.194822,,,2026-02-15T13:39:03.969240
Tunis,10295304364,stop_position,مدرسة الحي الالمبي,36.8383198,10.1955224,,,2026-02-15T13:39:03.969240
Tunis,10295304365,stop_position,محطة الغسيل حي الخضراء,36.8372695,10.1967107,,,2026-02-15T13:39:03.969240
Tunis,10295304366,stop_position,مقهي الجوهرة,36.8344867,10.1987112,,,2026-02-15T13:39:03.969240
Tunis,10295304367,stop_position,ساحة الشهداء,36.8318118,10.1955676,,,2026-02-15T13:39:03.969240
Tunis,10295304368,stop_position,سوق حي الخضراء,36.8321595,10.1934433,,,2026-02-15T13:39:03.969240
Tunis,10295304369,stop_position,مدرسة حي الخضراء,36.8331934,10.1913811,,,2026-02-15T13:39:03.969240
Tunis,10295304370,platform,Ministère de l'Agriculture,36.829001,10.1858832,,,2026-02-15T13:39:03.969240
Tunis,10295304371,stop_position,بلدية حي الخضراء,36.8313982,10.1883663,,,2026-02-15T13:39:03.969240
Tunis,10295304372,stop_position,الان صفاري,36.8235494,10.1808024,,,2026-02-15T13:39:03.969240
Tunis,10295304378,stop_position,مغازة كرفور,36.8174515,10.1044989,,,2026-02-15T13:39:03.969240
Tunis,10295304379,stop_position,محطة باب حديد,36.8581935,10.1885869,,,2026-02-15T13:39:03.969240
Tunis,10295304382,stop_position,مقهي مرايا,36.8779179,10.1158024,,,2026-02-15T13:39:03.969240
Tunis,10295304386,stop_position,حي الغزالة,36.8817704,10.1754349,,,2026-02-15T13:39:03.969240
Tunis,10295304387,stop_position,مجلس النواب,36.8077179,10.1395344,,,2026-02-15T13:39:03.969240
Tunis,10295304388,stop_position,باب لعسل,36.8129199,10.1684282,,,2026-02-15T13:39:03.969240
Tunis,10295304396,platform,جامع بن عروس,36.7512627,10.2246352,,,2026-02-15T13:39:03.969240
Tunis,10295304397,stop_position,حي هلال (نهاية خط 69),36.7905712,10.1622607,,,2026-02-15T13:39:03.969240
Tunis,10295304398,platform,التنظيم العائلي حي هلال,36.7870024,10.1648552,,,2026-02-15T13:39:03.969240
Tunis,10295304399,platform,سوق حي هلال,36.7836685,10.1665074,,,2026-02-15T13:39:03.969240
Tunis,10295304400,platform,حي هلال,36.7813515,10.1675393,,,2026-02-15T13:39:03.969240
Tunis,10295304401,platform,بريد حي هلال,36.7785906,10.1692477,,,2026-02-15T13:39:03.969240
Tunis,10295304402,platform,حي الشهداء 69,36.7767173,10.1706222,,,2026-02-15T13:39:03.969240
Tunis,10295304403,stop_position,شارع الشهداء,36.7754018,10.1752085,,,2026-02-15T13:39:03.969240
Tunis,10295304404,stop_position,13 أوت,36.7747967,10.1777638,,,2026-02-15T13:39:03.969240
Tunis,10295304409,platform,معتمدية المروج 1,36.734691,10.2151348,,,2026-02-15T13:39:03.969240
Tunis,10295304413,stop_position,نهاية خط 15 ب,36.7939276,10.1268462,,,2026-02-15T13:39:03.969240
Tunis,10295304414,stop_position,مقهى رابعة (إياب),36.7908687,10.1207966,,,2026-02-15T13:39:03.969240
Tunis,10295304415,stop_position,مقهى رابعة (ذهاب),36.7907879,10.1207309,,,2026-02-15T13:39:03.969240
Tunis,10295304416,stop_position,نهاية خط 15 أ,36.7883379,10.1208968,,,2026-02-15T13:39:03.969240
Tunis,10295304422,stop_position,المسالخ,36.8601659,10.1981876,,,2026-02-15T13:39:03.969240
Tunis,10295304423,stop_position,الشرقية 2,36.8543199,10.2028332,,,2026-02-15T13:39:03.969240
Tunis,10295304424,stop_position,مستودع الشرقية,36.839222,10.2045873,,,2026-02-15T13:39:03.969240
Tunis,10295304425,stop_position,سوق الزهور 2 (إياب),36.7942399,10.1308531,,,2026-02-15T13:39:03.969240
Tunis,10295304426,stop_position,سوق الزهور 2 (ذهاب),36.7944931,10.1308991,,,2026-02-15T13:39:03.969240
Tunis,10295304427,stop_position,صابرا و شتيلا (إياب),36.7986641,10.1308455,,,2026-02-15T13:39:03.969240
Tunis,10295304428,stop_position,صابرا و شتيلا (ذهاب),36.7987274,10.1309368,,,2026-02-15T13:39:03.969240
Tunis,10295304429,stop_position,السعيدية (إياب),36.8008119,10.1317843,,,2026-02-15T13:39:03.969240
Tunis,10295304430,stop_position,السعيدية (ذهاب),36.800741,10.1315607,,,2026-02-15T13:39:03.969240
Tunis,10295304431,stop_position,مختار الحبيب,36.8181441,10.1572241,,,2026-02-15T13:39:03.969240
Tunis,10295304433,stop_position,مقهى الكواكب,36.8181657,10.1665966,,,2026-02-15T13:39:03.969240
Tunis,10295304435,stop_position,نهاية خط 11 جبل الأحمر,36.8196302,10.1631796,,,2026-02-15T13:39:03.969240
Tunis,10295304436,stop_position,السوق البلدي الزياتين (ذهاب),36.8203386,10.1567342,,,2026-02-15T13:39:03.969240
Tunis,10295304437,stop_position,مقهى الحاج (إياب),36.8128098,10.1449886,,,2026-02-15T13:39:03.969240
Tunis,10295304438,stop_position,مصحة التوفيق (ذهاب),36.8321978,10.154312,,,2026-02-15T13:39:03.969240
Tunis,10295304439,stop_position,المركب الجامعي (ذهاب),36.8251118,10.1439852,,,2026-02-15T13:39:03.969240
Tunis,10295304440,stop_position,المركب الجامعي (إياب),36.8253694,10.1438886,,,2026-02-15T13:39:03.969240
Tunis,10295304441,stop_position,جانفي14 (إياب),36.823507,10.1414964,,,2026-02-15T13:39:03.969240
Tunis,10295304442,stop_position,جانفي14 (ذهاب),36.823507,10.1418129,,,2026-02-15T13:39:03.969240
Tunis,10295304443,stop_position,مقهى الحاج (ذهاب),36.8128353,10.145171,,,2026-02-15T13:39:03.969240
Tunis,10295304444,stop_position,وزارة السياحة (إياب),36.8023057,10.1860355,,,2026-02-15T13:39:03.969240
Tunis,10295304445,stop_position,ساحة حقوق الإنسان (إياب),36.8062684,10.1853612,,,2026-02-15T13:39:03.969240
Tunis,10295304446,stop_position,الطيب المهيري,36.8139305,10.1750991,,,2026-02-15T13:39:03.969240
Tunis,10295304448,stop_position,البلفيدير,36.8184299,10.1770408,,,2026-02-15T13:39:03.969240
Tunis,10295304451,stop_position,الشيلينق,36.8204253,10.1810438,,,2026-02-15T13:39:03.969240
Tunis,10295304454,stop_position,خير الدين باشا,36.8187238,10.182757,,,2026-02-15T13:39:03.969240
Tunis,10295304457,platform,Mohamed V,36.8154192,10.1839425,,,2026-02-15T13:39:03.969240
Tunis,10295304459,stop_position,ساحة حقوق الإنسان,36.8072691,10.1853076,,,2026-02-15T13:39:03.969240
Tunis,10295304460,stop_position,وزارة السياحة,36.8022695,10.1861322,,,2026-02-15T13:39:03.969240
Tunis,10295304464,stop_position,معتمدية دوار هيشر,36.8177484,10.0952015,,,2026-02-15T13:39:03.969240
Tunis,10295304465,stop_position,توتا باردو,36.8088443,10.1379771,,,2026-02-15T13:39:03.969240
Tunis,10295304466,stop_position,مقهى الحاج (إياب),36.8125757,10.1400783,,,2026-02-15T13:39:03.969240
Tunis,10295304468,stop_position,13 أوت,36.7751301,10.1786652,,,2026-02-15T13:39:03.969240
Tunis,10295304469,stop_position,مركز الشرطة نهج الساحل,36.7778302,10.177046,,,2026-02-15T13:39:03.969240
Tunis,10295304470,stop_position,نهج الساحل,36.7812675,10.1752006,,,2026-02-15T13:39:03.969240
Tunis,10295304471,stop_position,قاعة أفراح قرماس,36.7838853,10.1732617,,,2026-02-15T13:39:03.969240
Tunis,10295304472,stop_position,مستشفى الأعصاب الرابطة (إياب),36.8007066,10.1577614,,,2026-02-15T13:39:03.969240
Tunis,10295304473,stop_position,مستشفى الأعصاب الرابطة (ذهاب),36.8008462,10.1578204,,,2026-02-15T13:39:03.969240
Tunis,10295304474,stop_position,زهير السافي,36.8010883,10.1619938,,,2026-02-15T13:39:03.969240
Tunis,10295304475,stop_position,باب سعدون (إياب),36.8086142,10.1584132,,,2026-02-15T13:39:03.969240
Tunis,10295304476,stop_position,مركز التكوين المهني رأس الطابية (ذهاب),36.8200244,10.1397905,,,2026-02-15T13:39:03.969240
Tunis,10295304477,stop_position,باب سعدون (ذهاب),36.8093024,10.1564753,,,2026-02-15T13:39:03.969240
Tunis,10295304479,stop_position,إقامة الياسمين (إياب),36.8239959,10.1356811,,,2026-02-15T13:39:03.969240
Tunis,10295304480,stop_position,مستودع الزهروني (إياب),36.7768051,10.0911184,,,2026-02-15T13:39:03.969240
Tunis,10295304481,stop_position,مفترق جيارة (إياب),36.7751999,10.0876484,,,2026-02-15T13:39:03.969240
Tunis,10295304485,stop_position,حي التحرير,36.8270723,10.131281,,,2026-02-15T13:39:03.969240
Tunis,10295304486,stop_position,الانطلاقة,36.8396863,10.1168229,,,2026-02-15T13:39:03.969240
Tunis,10295304487,stop_position,علي بلهوان,36.8065136,10.1742408,,,2026-02-15T13:39:03.969240
Tunis,10295304489,stop_position,حي الزهور الرابع اياب,36.7908353,10.1204546,,,2026-02-15T13:39:03.969240
Tunis,10295304490,stop_position,البنك الوطني الفلاحي,36.7561797,10.2204016,,,2026-02-15T13:39:03.969240
Tunis,10295304491,stop_position,الفرابي منوبة (ذهاب),36.8113565,10.0992464,,,2026-02-15T13:39:03.969240
Tunis,10295304492,stop_position,المنصف باي (ذهاب),36.7929436,10.1856283,,,2026-02-15T13:39:03.969240
Tunis,10295304493,stop_position,سعد زغلول,36.7990576,10.1871358,,,2026-02-15T13:39:03.969240
Tunis,10295304494,stop_position,جامع الهواء (ذهاب),36.7932602,10.1631446,,,2026-02-15T13:39:03.969240
Tunis,10295304495,stop_position,جامع الهواء (إياب),36.7931059,10.1629207,,,2026-02-15T13:39:03.969240
Tunis,10295304496,stop_position,باب عليوة خط 25/10,36.7888842,10.1844922,,,2026-02-15T13:39:03.969240
Tunis,10295304497,stop_position,المعهد العالي إبن شرف (ذهاب),36.7989792,10.1617685,,,2026-02-15T13:39:03.969240
Tunis,10295304498,station,مقبرة الجلاز,36.7873527,10.1806211,,,2026-02-15T13:39:03.969240
Tunis,10295304499,stop_position,المعهد العالي إبن شرف,36.7987948,10.1617685,,,2026-02-15T13:39:03.969240
Tunis,10295304500,station,باب عليوة ط.و1,36.7887215,10.1829259,,,2026-02-15T13:39:03.969240
Tunis,10295304501,stop_position,كنام باردو (إياب),36.8067402,10.1381595,,,2026-02-15T13:39:03.969240
Tunis,10295304503,stop_position,ملتقى باردو,36.8080339,10.1342276,,,2026-02-15T13:39:03.969240
Tunis,10295304504,stop_position,جبل جلود ط.و1,36.7732433,10.2045236,,,2026-02-15T13:39:03.969240
Tunis,10295304505,stop_position,الشابي (إياب),36.8093952,10.1311002,,,2026-02-15T13:39:03.969240
Tunis,10295304506,stop_position,الرابطة (إياب),36.7995929,10.1548428,,,2026-02-15T13:39:03.969240
Tunis,10295304507,stop_position,طه حسين (إياب),36.7843731,10.174788,,,2026-02-15T13:39:03.969240
Tunis,10295304508,stop_position,مستشفي حبيب ثامر,36.784376,10.1758234,,,2026-02-15T13:39:03.969240
Tunis,10295304509,stop_position,نهاية خط 36 ب وزارة الشؤون الخارجية,36.8295624,10.1590382,,,2026-02-15T13:39:03.969240
Tunis,10295304510,stop_position,ميتيال فيل (إياب),36.8290622,10.1658184,,,2026-02-15T13:39:03.969240
Tunis,10295304511,stop_position,ميتيال فيل (ذهاب),36.8292941,10.1657647,,,2026-02-15T13:39:03.969240
Tunis,10295304512,stop_position,ملعب الشادلي زويتن (إياب),36.8277066,10.1699761,,,2026-02-15T13:39:03.969240
Tunis,10295304513,stop_position,ملعب الشادلي زويتن (ذهاب),36.827844,10.169842,,,2026-02-15T13:39:03.969240
Tunis,10295304514,stop_position,معهد التغذية,36.8056892,10.15752,,,2026-02-15T13:39:03.969240
Tunis,10295304515,stop_position,نهاية خط ( 43ب + 43 ) الرابطة,36.8020149,10.1569488,,,2026-02-15T13:39:03.969240
Tunis,10295304516,stop_position,مصحة توفيق (إياب),36.8316956,10.1529334,,,2026-02-15T13:39:03.969240
Tunis,10295304517,stop_position,المنزه 6,36.8422175,10.1722235,,,2026-02-15T13:39:03.969240
Tunis,10295304518,stop_position,حي النصر 1,36.8585478,10.1682756,,,2026-02-15T13:39:03.969240
Tunis,10295304519,platform,مركز إكرام,36.8555163,10.1614625,,,2026-02-15T13:39:03.969240
Tunis,10295304520,stop_position,النصر 2 طريق وطنية 20,36.8550241,10.1516566,,,2026-02-15T13:39:03.969240
Tunis,10295304521,platform,قرجاني (إياب),36.7880109,10.1671166,,,2026-02-15T13:39:03.969240
Tunis,10295304522,stop_position,العنبرية,36.8511265,10.1836125,,,2026-02-15T13:39:03.969240
Tunis,10295304523,stop_position,معهد خير الدين,36.8531309,10.1852164,,,2026-02-15T13:39:03.969240
Tunis,10295304524,stop_position,مركز البريد,36.8557499,10.1878432,,,2026-02-15T13:39:03.969240
Tunis,10295304525,stop_position,ساحة سالا,36.8581404,10.1914205,,,2026-02-15T13:39:03.969240
Tunis,10295304526,stop_position,ماقرو,36.8619428,10.1872281,,,2026-02-15T13:39:03.969240
Tunis,10295304527,stop_position,حي الليل,36.8665297,10.184551,,,2026-02-15T13:39:03.969240
Tunis,10295304528,stop_position,مستشفي محمود الماطري,36.8678092,10.1839567,,,2026-02-15T13:39:03.969240
Tunis,10295304529,stop_position,توبان 2,36.8716035,10.1821533,,,2026-02-15T13:39:03.969240
Tunis,10295304530,stop_position,تقاطع رياض الاندلس,36.8781743,10.1784243,,,2026-02-15T13:39:03.969240
Tunis,10295304531,stop_position,معمل الرخام,36.8801859,10.1778886,,,2026-02-15T13:39:03.969240
Tunis,10295304532,stop_position,مصنع البلاط,36.8842822,10.171149,,,2026-02-15T13:39:03.969240
Tunis,10295304533,stop_position,الحي الشعبي النحلي,36.8874807,10.1669078,,,2026-02-15T13:39:03.969240
Tunis,10295304534,stop_position,مقاطع النحلي,36.8908012,10.1598052,,,2026-02-15T13:39:03.969240
Tunis,10295304538,stop_position,حي الأمان,36.853895,10.1388303,,,2026-02-15T13:39:03.969240
Tunis,10295304539,stop_position,حي الدريدي,36.8558952,10.1289329,,,2026-02-15T13:39:03.969240
Tunis,10295304540,stop_position,الطريق الوطنية x20,36.8537603,10.1195695,,,2026-02-15T13:39:03.969240
Tunis,10295304541,stop_position,بئر منيهلة,36.8567966,10.1157901,,,2026-02-15T13:39:03.969240
Tunis,10295304542,stop_position,طريق البساتين,36.8527617,10.1083443,,,2026-02-15T13:39:03.969240
Tunis,10295304543,stop_position,مقهى سيرين,36.8495257,10.1014914,,,2026-02-15T13:39:03.969240
Tunis,10295304544,stop_position,معمل الأزرق,36.8472184,10.0960546,,,2026-02-15T13:39:03.969240
Tunis,10295304545,stop_position,نهاية الخط البساتين,36.8450177,10.0903467,,,2026-02-15T13:39:03.969240
Tunis,10295304546,stop_position,الشوؤن الأجتماعية,36.8316312,10.0831315,,,2026-02-15T13:39:03.969240
Tunis,10295304547,stop_position,نهاية الخط 56/72,36.8326267,10.0886137,,,2026-02-15T13:39:03.969240
Tunis,10295304548,stop_position,نهاية الخط مستشفى دوار هيشر,36.8326359,10.0958184,,,2026-02-15T13:39:03.969240
Tunis,10295304549,stop_position,تاكسيفون دوار هيشر,36.8273766,10.0964864,,,2026-02-15T13:39:03.969240
Tunis,10295304550,stop_position,جامع دوار هيشر,36.8242591,10.096304,,,2026-02-15T13:39:03.969240
Tunis,10295304551,stop_position,المصنع,36.8218452,10.095518,,,2026-02-15T13:39:03.969240
Tunis,10295304552,stop_position,مقهى الحمام,36.8205913,10.0927178,,,2026-02-15T13:39:03.969240
Tunis,10295304553,stop_position,المغتسل,36.8221035,10.0893598,,,2026-02-15T13:39:03.969240
Tunis,10295304554,stop_position,جامع الشابي,36.8255253,10.081018,,,2026-02-15T13:39:03.969240
Tunis,10295304555,stop_position,السبالة 56,36.828582,10.0762648,,,2026-02-15T13:39:03.969240
Tunis,10295304567,stop_position,مقهى السلام,36.8198793,10.1045455,,,2026-02-15T13:39:03.969240
Tunis,10295304568,stop_position,مطعم الضباط,36.8235715,10.1082585,,,2026-02-15T13:39:03.969240
Tunis,10295304569,stop_position,نهاية الخط 18 جانفي,36.8278944,10.1063056,,,2026-02-15T13:39:03.969240
Tunis,10295304570,stop_position,حي صفر,36.8249659,10.1089556,,,2026-02-15T13:39:03.969240
Tunis,10295304571,stop_position,التضامن,36.82708,10.1145402,,,2026-02-15T13:39:03.969240
Tunis,10295304572,stop_position,برطال 3أ,36.816722,10.117555,,,2026-02-15T13:39:03.969240
Tunis,10295304581,stop_position,ساحة باستور (ذهاب),36.8230935,10.1776738,,,2026-02-15T13:39:03.969240
Tunis,10295304582,stop_position,ساحة جان دارك (ذهاب),36.8183566,10.1795785,,,2026-02-15T13:39:03.969240
Tunis,10295304583,platform,لافيات (ذهاب),36.8106236,10.1807645,,,2026-02-15T13:39:03.969240
Tunis,10295304584,stop_position,الجمهورية جون جوراس (ذهاب),36.8069114,10.1815361,,,2026-02-15T13:39:03.969240
Tunis,10295304585,station,الشركة التونسية للكهرباء والغاز (ذهاب),36.8054996,10.1819978,TransTu,,2026-02-15T13:39:03.969240
Tunis,10295304586,platform,جون جوراس (ذهاب),36.8022875,10.1832839,,,2026-02-15T13:39:03.969240
Tunis,10295304587,stop_position,حي المشتل,36.7925903,10.0959844,,,2026-02-15T13:39:03.969240
Tunis,10295304588,stop_position,معهد الحرايرية (إياب),36.7905811,10.0970683,,,2026-02-15T13:39:03.969240
Tunis,10295304589,stop_position,معهد الحرايرية (ذهاب),36.7906915,10.0971109,,,2026-02-15T13:39:03.969240
Tunis,10295304590,stop_position,حي حواص (إياب),36.7868778,10.0995091,,,2026-02-15T13:39:03.969240
Tunis,10295304591,stop_position,حي حواص (ذهاب),36.7869558,10.0995897,,,2026-02-15T13:39:03.969240
Tunis,10295304592,stop_position,معهد العقبة 2 (إياب),36.7850992,10.101848,,,2026-02-15T13:39:03.969240
Tunis,10295304593,stop_position,معهد العقبة 2 (ذهاب),36.7850261,10.1013759,,,2026-02-15T13:39:03.969240
Tunis,10295304594,stop_position,حي جلاص (إياب),36.78659,10.1060751,,,2026-02-15T13:39:03.969240
Tunis,10295304595,stop_position,حي جلاص (ذهاب),36.7867655,10.1061124,,,2026-02-15T13:39:03.969240
Tunis,10295304677,stop_position,ادارة صيانة الحافلات,36.7805582,10.1181075,,,2026-02-15T13:39:03.969240
Tunis,10295304692,stop_position,شارع مدريد,36.8088741,10.1754345,,,2026-02-15T13:39:03.969240
Tunis,10295304723,stop_position,قسم منوبة,36.8227111,10.0738601,,,2026-02-15T13:39:03.969240
Tunis,10295304724,stop_position,نهاية خط 78+38 ب العمران الأعلى,36.8368594,10.1290292,,,2026-02-15T13:39:03.969240
Tunis,10295304725,stop_position,العمران الأعلى (إياب),36.8410321,10.1283805,,,2026-02-15T13:39:03.969240
Tunis,10295304726,stop_position,العمران الأعلى (ذهاب),36.8301724,10.1245258,,,2026-02-15T13:39:03.969240
Tunis,10295304727,stop_position,معهد العمران الأعلى (إياب),36.8430606,10.1300596,,,2026-02-15T13:39:03.969240
Tunis,10295304728,stop_position,معهد العمران الأعلى (ذهاب),36.8429662,10.1302071,,,2026-02-15T13:39:03.969240
Tunis,10295304729,stop_position,كرش الغابة (إياب),36.8413116,10.13103,,,2026-02-15T13:39:03.969240
Tunis,10295304730,stop_position,كرش الغابة (ذهاب),36.8412361,10.1311271,,,2026-02-15T13:39:03.969240
Tunis,10295304731,stop_position,مقهى كمال بوعلي (إياب),36.8388613,10.1322772,,,2026-02-15T13:39:03.969240
Tunis,10295304732,stop_position,مقهى كمال بو علي (ذهاب),36.8387975,10.1323636,,,2026-02-15T13:39:03.969240
Tunis,10295304733,stop_position,المبيت الجامعي العمران الأعلى (إياب),36.8375206,10.1329605,,,2026-02-15T13:39:03.969240
Tunis,10295304734,stop_position,المبيت الجامعي العمران الأعلى,36.8375721,10.1329989,,,2026-02-15T13:39:03.969240
Tunis,10295304735,stop_position,ملعب ابن خلدون (إياب),36.832932,10.1362554,,,2026-02-15T13:39:03.969240
Tunis,10295304736,stop_position,ملعب ابن خلدون (ذهاب),36.8330222,10.1360032,,,2026-02-15T13:39:03.969240
Tunis,10295304737,stop_position,حي بن خلدون 5 (إياب),36.8314819,10.1395071,,,2026-02-15T13:39:03.969240
Tunis,10295304738,stop_position,حي بن خلدون 5 (ذهاب),36.8314236,10.1396512,,,2026-02-15T13:39:03.969240
Tunis,10295304739,stop_position,جامع ابن خلدون (إياب),36.8293538,10.1378943,,,2026-02-15T13:39:03.969240
Tunis,10295304740,stop_position,جامع ابن خلدون (ذهاب),36.8291708,10.1377359,,,2026-02-15T13:39:03.969240
Tunis,10295304741,stop_position,حي ابن خلدون (إياب),36.8291448,10.1350352,,,2026-02-15T13:39:03.969240
Tunis,10295304742,stop_position,حي ابن خلدون (ذهاب),36.8290508,10.1348874,,,2026-02-15T13:39:03.969240
Tunis,10295304743,stop_position,إقامة الياسمين (ذهاب),36.826254,10.1342327,,,2026-02-15T13:39:03.969240
Tunis,10295304744,stop_position,المبيت الجامعي باردو 2 (ذهاب),36.81864,10.1414,,,2026-02-15T13:39:03.969240
Tunis,10295304745,stop_position,المبيت الجامعي باردو 2 (إياب);المبت الجامعي باردو 2 إياب,36.8183238,10.1414588,,,2026-02-15T13:39:03.969240
Tunis,10295304746,stop_position,المبيت الجامعي باردو 1 (إياب),36.813941,10.1461985,,,2026-02-15T13:39:03.969240
Tunis,10295304747,stop_position,المبيت الجامعي باردو 1 (ذهاب),36.8141538,10.1462171,,,2026-02-15T13:39:03.969240
Tunis,10295304748,stop_position,محطة النقل البري للشمال (إياب),36.8107855,10.1523984,,,2026-02-15T13:39:03.969240
Tunis,10295304749,stop_position,محطة النقل البري للشمال (ذهاب),36.810572,10.1530031,,,2026-02-15T13:39:03.969240
Tunis,10295304750,stop_position,مركز التكوين بالعمران (ذهاب),36.8173275,10.160642,,,2026-02-15T13:39:03.969240
Tunis,10295304751,stop_position,العربي الكبادي العمران,36.8149099,10.1684472,,,2026-02-15T13:39:03.969240
Tunis,10295304752,stop_position,المدرسة الفرنسية العمران (إياب),36.8180195,10.1656606,,,2026-02-15T13:39:03.969240
Tunis,10295304753,stop_position,المدرسة الفرنسية العمران (ذهاب),36.8179723,10.1655425,,,2026-02-15T13:39:03.969240
Tunis,10295304754,stop_position,حي الزياتين (إياب),36.8237054,10.1549224,,,2026-02-15T13:39:03.969240
Tunis,10295304755,stop_position,حي الزياتين (ذهاب),36.8237867,10.1549585,,,2026-02-15T13:39:03.969240
Tunis,10295304756,stop_position,نهاية خط 12 حي الزياتين,36.8252062,10.1538557,,,2026-02-15T13:39:03.969240
Tunis,10295304757,stop_position,سوق الزياتين (إياب); سوق الزياتين إياب,36.8195357,10.1570185,,,2026-02-15T13:39:03.969240
Tunis,10295304758,stop_position,مطعم بو فارس (ذهاب),36.8187861,10.1577534,,,2026-02-15T13:39:03.969240
Tunis,10295304759,stop_position,مقبرة سيدي يحي (ذهاب),36.8163312,10.1593545,,,2026-02-15T13:39:03.969240
Tunis,10295304760,stop_position,مقبرة سيدي يحي (إياب),36.816241,10.1588396,,,2026-02-15T13:39:03.969240
Tunis,10295304761,stop_position,مفتاح سعدالله (إياب),36.8111892,10.1570207,,,2026-02-15T13:39:03.969240
Tunis,10295304762,stop_position,مفتاح سعدالله (ذهاب),36.8106456,10.1576166,,,2026-02-15T13:39:03.969240
Tunis,10295304763,stop_position,محكمة التعقيب,36.7996153,10.1651267,,,2026-02-15T13:39:03.969240
Tunis,10295304764,stop_position,مونوبري منوبة (ذهاب),36.8115521,10.1134796,,,2026-02-15T13:39:03.969240
Tunis,10295304765,stop_position,مونوبري منوبة (ذهاب),36.8114995,10.113387,,,2026-02-15T13:39:03.969240
Tunis,10295304766,stop_position,نهاية خط 4 أ حي الأمل منوبة,36.8117021,10.1116194,,,2026-02-15T13:39:03.969240
Tunis,10295304767,stop_position,شارع البيئة منوبة (إياب),36.8095775,10.110902,,,2026-02-15T13:39:03.969240
Tunis,10295304768,stop_position,شارع البيئة (ذهاب),36.8094777,10.1107813,,,2026-02-15T13:39:03.969240
Tunis,10295304769,stop_position,نهج قبلي (ذهاب),36.8092307,10.1061142,,,2026-02-15T13:39:03.969240
Tunis,10295304770,stop_position,نهج قبلي (إياب),36.8092588,10.1061672,,,2026-02-15T13:39:03.969240
Tunis,10295304771,stop_position,إبن رشيق (إياب),36.8076491,10.1031786,,,2026-02-15T13:39:03.969240
Tunis,10295304772,stop_position,الضمان الإجتماعي منوبة (إياب),36.8100228,10.1052787,,,2026-02-15T13:39:03.969240
Tunis,10295304773,stop_position,الضمان الإجتماعي منوبة,36.8100185,10.1054852,,,2026-02-15T13:39:03.969240
Tunis,10295304774,stop_position,ستاغ منوبة (إياب),36.8076557,10.1013813,,,2026-02-15T13:39:03.969240
Tunis,10295304775,stop_position,ثكنة منوبة (إياب),36.8133724,10.0983933,,,2026-02-15T13:39:03.969240
Tunis,10295304781,stop_position,قصر الوردة (إياب),36.8086724,10.0759,,,2026-02-15T13:39:03.969240
Tunis,10295304782,stop_position,قصر الوردة (ذهاب),36.809297,10.0739254,,,2026-02-15T13:39:03.969240
Tunis,10295304783,stop_position,سيدي عمرمنوبة (إياب),36.807109,10.0824017,,,2026-02-15T13:39:03.969240
Tunis,10295304784,stop_position,سيدي عمرمنوبة (ذهاب),36.807287,10.0828732,,,2026-02-15T13:39:03.969240
Tunis,10295304785,stop_position,إبن الجزار منوبة (إياب),36.8136857,10.0908938,,,2026-02-15T13:39:03.969240
Tunis,10295304786,stop_position,إبن الجزار منوبة (ذهاب),36.8128096,10.0892792,,,2026-02-15T13:39:03.969240
Tunis,10295304787,stop_position,البودرية (ذهاب),36.8161882,10.0961132,,,2026-02-15T13:39:03.969240
Tunis,10295304788,stop_position,البودرية (إياب),36.816171,10.0955231,,,2026-02-15T13:39:03.969240
Tunis,10295304789,stop_position,مستشفى القصاب (إياب),36.8153612,10.1015629,,,2026-02-15T13:39:03.969240
Tunis,10295304790,stop_position,سباق الخيل (إياب),36.8127967,10.1137248,,,2026-02-15T13:39:03.969240
Tunis,10295304791,stop_position,بورطال (إياب),36.8111554,10.1186961,,,2026-02-15T13:39:03.969240
Tunis,10295304792,stop_position,سان كليمان (ذهاب),36.8104848,10.126229,,,2026-02-15T13:39:03.969240
Tunis,10295304793,stop_position,كنام باردو (ذهاب),36.8068875,10.1383771,,,2026-02-15T13:39:03.969240
Tunis,10295304794,stop_position,بوشوشة - باردو (إياب),36.8055885,10.1408095,,,2026-02-15T13:39:03.969240
Tunis,10295304795,stop_position,بوشوشة - باردو (ذهاب),36.8058803,10.1407589,,,2026-02-15T13:39:03.969240
Tunis,10295304796,stop_position,ثكنة بوشوشة (إياب),36.803981,10.1447657,,,2026-02-15T13:39:03.969240
Tunis,10295304797,stop_position,ثكنة بوشوشة (ذهاب),36.8039024,10.1452919,,,2026-02-15T13:39:03.969240
Tunis,10295304798,stop_position,حي الروضة (إياب),36.8020548,10.1492104,,,2026-02-15T13:39:03.969240
Tunis,10295304799,stop_position,حي الروضة (ذهاب),36.8017744,10.1502187,,,2026-02-15T13:39:03.969240
Tunis,10295304800,stop_position,الرابطة (ذهاب),36.7999371,10.1546929,,,2026-02-15T13:39:03.969240
Tunis,10295304801,stop_position,درغوث باشا (إياب),36.7977065,10.1627021,,,2026-02-15T13:39:03.969240
Tunis,10295304802,stop_position,كلية 9 أفريل (ذهاب),36.795139,10.1633135,,,2026-02-15T13:39:03.969240
Tunis,10295304803,stop_position,كلية 9 أفريل (إياب),36.7952019,10.1635497,,,2026-02-15T13:39:03.969240
Tunis,10295304804,stop_position,السيدة (إياب),36.7854736,10.1707433,,,2026-02-15T13:39:03.969240
Tunis,10295304805,stop_position,محطة السيدة (ذهاب),36.7852839,10.1711724,,,2026-02-15T13:39:03.969240
Tunis,10295304806,stop_position,قرجاني (ذهاب),36.7879938,10.1675136,,,2026-02-15T13:39:03.969240
Tunis,10295304807,stop_position,عبد المولى (إياب),36.795861,10.1008287,,,2026-02-15T13:39:03.969240
Tunis,10295304808,stop_position,نهاية الخط 3د,36.8334333,10.10637,,,2026-02-15T13:39:03.969240
Tunis,10295304809,stop_position,نهج تركيا,36.7991033,10.1863693,,,2026-02-15T13:39:03.969240
Tunis,10295304816,stop_position,برج شاكير 1 (ذهاب),36.7703464,10.0802189,,,2026-02-15T13:39:03.969240
Tunis,10295304817,stop_position,برج شاكير 1 (إياب),36.7704216,10.0804952,,,2026-02-15T13:39:03.969240
Tunis,10295304818,stop_position,مفترق جيارة (ذهاب),36.7751213,10.087337,,,2026-02-15T13:39:03.969240
Tunis,10295304819,stop_position,محطة الزهروني ( نهاية خطوط :32 +65 +515 ب +515 أ ),36.7924493,10.1076197,,,2026-02-15T13:39:03.969240
Tunis,10295304820,stop_position,نهاية الخط 92,36.8214032,10.076721,,,2026-02-15T13:39:03.969240
Tunis,10295304821,stop_position,سكة القطار (إياب),36.8185367,10.0795951,,,2026-02-15T13:39:03.969240
Tunis,10295304822,stop_position,سكة القطار (ذهاب),36.8186012,10.0796567,,,2026-02-15T13:39:03.969240
Tunis,10295304823,stop_position,حي البرتقال 2 (إياب),36.8167266,10.0810448,,,2026-02-15T13:39:03.969240
Tunis,10295304824,stop_position,حي البرتقال 2 (ذهاب),36.8167781,10.0812057,,,2026-02-15T13:39:03.969240
Tunis,10295304825,stop_position,حي البرتقال 1 (إياب),36.8150131,10.0831959,,,2026-02-15T13:39:03.969240
Tunis,10295304826,stop_position,حي البرتقال 1 (ذهاب),36.8150895,10.0834317,,,2026-02-15T13:39:03.969240
Tunis,10295304827,stop_position,مستشفى الرازي (إياب),36.8112681,10.0862161,,,2026-02-15T13:39:03.969240
Tunis,10295304828,stop_position,مستشفى الرازي (ذهاب),36.8112853,10.0863877,,,2026-02-15T13:39:03.969240
Tunis,10295304829,stop_position,ولاية منوبة (إياب),36.8114356,10.0878039,,,2026-02-15T13:39:03.969240
Tunis,10295304830,stop_position,ولاية منوبة (ذهاب),36.8114227,10.0885442,,,2026-02-15T13:39:03.969240
Tunis,10295304831,stop_position,دار المسنين (إياب),36.8094514,10.0909582,,,2026-02-15T13:39:03.969240
Tunis,10295304832,stop_position,دار المسنين (ذهاب),36.8095931,10.0910118,,,2026-02-15T13:39:03.969240
Tunis,10295304833,stop_position,حي حسان بلخوجة1 (إياب),36.805073,10.0896682,,,2026-02-15T13:39:03.969240
Tunis,10295304834,stop_position,حي حسان بلخوجة2 (إياب),36.803138,10.0884317,,,2026-02-15T13:39:03.969240
Tunis,10295304835,stop_position,نهاية الخط 91,36.7998258,10.0772092,,,2026-02-15T13:39:03.969240
Tunis,10295304836,stop_position,سوق منوبة (إياب),36.8006162,10.0836036,,,2026-02-15T13:39:03.969240
Tunis,10295304837,stop_position,سوق منوبة (ذهاب),36.8007064,10.083566,,,2026-02-15T13:39:03.969240
Tunis,10295304838,stop_position,حي حسان بلخوجة2 (ذهاب),36.8032024,10.0883405,,,2026-02-15T13:39:03.969240
Tunis,10295304839,stop_position,حي حسان بلخوجة1 (ذهاب),36.8049076,10.0872542,,,2026-02-15T13:39:03.969240
Tunis,10295304840,stop_position,بلدية منوبة (إياب),36.8067502,10.087163,,,2026-02-15T13:39:03.969240
Tunis,10295304841,stop_position,بلدية منوبة (ذهاب),36.8068099,10.0870476,,,2026-02-15T13:39:03.969240
Tunis,10295304842,stop_position,الهادي شاكر منوبة اياب,36.8078021,10.0893382,,,2026-02-15T13:39:03.969240
Tunis,10295304843,stop_position,الهادي شاكر منوبة (ذهاب),36.8079266,10.0893006,,,2026-02-15T13:39:03.969240
Tunis,10295304844,stop_position,منطقة شرطة منوبة (إياب),36.8083909,10.0921841,,,2026-02-15T13:39:03.969240
Tunis,10295304845,stop_position,منطقة شرطة منوبة (ذهاب),36.8083952,10.0923558,,,2026-02-15T13:39:03.969240
Tunis,10295304846,stop_position,ديوان التطهيرمنوبة (إياب),36.8059578,10.0949468,,,2026-02-15T13:39:03.969240
Tunis,10295304847,stop_position,ديوان التطهيرمنوبة (ذهاب),36.8061167,10.0948744,,,2026-02-15T13:39:03.969240
Tunis,10295304848,stop_position,نهاية خط حى بن يونس,36.7957837,10.0893703,,,2026-02-15T13:39:03.969240
Tunis,10295304849,stop_position,الحرس الوطني بن يونس,36.7964864,10.0892927,,,2026-02-15T13:39:03.969240
Tunis,10295304850,stop_position,حي بن يونس (إياب),36.7982799,10.0886168,,,2026-02-15T13:39:03.969240
Tunis,10295304851,stop_position,حي بن يونس (ذهاب),36.7983099,10.0885175,,,2026-02-15T13:39:03.969240
Tunis,10295304852,stop_position,مقهى زاد بليس (إياب),36.8013984,10.0937371,,,2026-02-15T13:39:03.969240
Tunis,10295304853,stop_position,مقهى زاد بليس (ذهاب),36.8014757,10.0936754,,,2026-02-15T13:39:03.969240
Tunis,10295304854,stop_position,مقهى بو تفاحة (إياب),36.8019525,10.100051,,,2026-02-15T13:39:03.969240
Tunis,10295304855,stop_position,مقهى بو تفاحة (ذهاب),36.8019933,10.0998794,,,2026-02-15T13:39:03.969240
Tunis,10295304917,stop_position,معهد المروج 1,36.7382339,10.2125159,,,2026-02-15T13:39:03.969240
Tunis,10295304918,stop_position,صيدلية الليل المروج 1,36.7346915,10.2109603,,,2026-02-15T13:39:03.969240
Tunis,10295304919,stop_position,جامع الحرمين المروج 3,36.7276356,10.2076913,,,2026-02-15T13:39:03.969240
Tunis,10295304921,stop_position,المبيت الجامعي المروج 3,36.7224681,10.2090505,,,2026-02-15T13:39:03.969240
Tunis,10295304922,stop_position,المعهد الخاص ابن رشيق,36.7210734,10.2065616,,,2026-02-15T13:39:03.969240
Tunis,10295304923,stop_position,معهد المروج 6,36.7190678,10.2031435,,,2026-02-15T13:39:03.969240
Tunis,10295304972,stop_position,الاتحاد العام التونسي للشغل ببن عروس,36.7508158,10.2235076,,,2026-02-15T13:39:03.969240
Tunis,10295304974,stop_position,حي الاسكان 2,36.7461982,10.2215547,,,2026-02-15T13:39:03.969240
Tunis,10295304975,stop_position,1 حي الاسكان,36.7464771,10.2248596,,,2026-02-15T13:39:03.969240
Tunis,10295304993,stop_position,علي درغوث,36.7963622,10.1892395,,,2026-02-15T13:39:03.969240
Tunis,10295305018,stop_position,نهاية خط 85,36.722524,10.1868633,,,2026-02-15T13:39:03.969240
Tunis,10295305021,stop_position,الحماية البيولوجية,36.7241192,10.1850287,,,2026-02-15T13:39:03.969240
Tunis,10295305022,stop_position,بنطاز,36.7215554,10.1838858,,,2026-02-15T13:39:03.969240
Tunis,10295305024,stop_position,الحماية المدنية,36.7170091,10.1767462,,,2026-02-15T13:39:03.969240
Tunis,10295305025,stop_position,أريوليا نهاية الخط,36.7222279,10.167742,,,2026-02-15T13:39:03.969240
Tunis,10295305026,stop_position,أريوليا 1,36.7211308,10.1648209,,,2026-02-15T13:39:03.969240
Tunis,10295305027,stop_position,أريوليا,36.7180392,10.168458,,,2026-02-15T13:39:03.969240
Tunis,10295305029,stop_position,الحرس الوطني المغيرة,36.717467,10.1735114,,,2026-02-15T13:39:03.969240
Tunis,10295305033,platform,باب عليوة,36.7888208,10.1804051,TransTu,,2026-02-15T13:39:03.969240
Tunis,10295305070,stop_position,المسبح الأولمبي برادس,36.7493537,10.2653928,,,2026-02-15T13:39:03.969240
Tunis,10295305110,stop_position,المدينة الجديدة1,36.749955,10.2534516,,,2026-02-15T13:39:03.969240
Tunis,10295305172,stop_position,نهاية الخط الواحة,36.777872,10.0772519,,,2026-02-15T13:39:03.969240
Tunis,10295305173,stop_position,مفترق المنطقة الصناعية (إياب),36.7803434,10.0758681,,,2026-02-15T13:39:03.969240
Tunis,10295305174,stop_position,مفترق المنطقة الصناعية (ذهاب),36.7799442,10.0756912,,,2026-02-15T13:39:03.969240
Tunis,10295305176,stop_position,حي الواحة (إياب),36.7832826,10.076166,,,2026-02-15T13:39:03.969240
Tunis,10295305177,stop_position,حي الواحة (ذهاب),36.7834695,10.0760319,,,2026-02-15T13:39:03.969240
Tunis,10295305179,stop_position,بن محمود (إياب),36.7857809,10.0817047,,,2026-02-15T13:39:03.969240
Tunis,10295305180,stop_position,بئر الطراز,36.7625914,10.2738471,,,2026-02-15T13:39:03.969240
Tunis,10295305181,stop_position,بن محمود (ذهاب),36.7859248,10.0814901,,,2026-02-15T13:39:03.969240
Tunis,10295305182,stop_position,القنال العقبة (إياب),36.7884334,10.0857976,,,2026-02-15T13:39:03.969240
Tunis,10295305183,stop_position,القنال العقبة (ذهاب),36.7884721,10.0854329,,,2026-02-15T13:39:03.969240
Tunis,10295305184,stop_position,العقبة العليا (إياب),36.7893313,10.0884423,,,2026-02-15T13:39:03.969240
Tunis,10295305185,stop_position,العقبة العليا (ذهاب),36.7895551,10.0884129,,,2026-02-15T13:39:03.969240
Tunis,10295305186,stop_position,الحرس الوطني العقبة (إياب),36.7904723,10.0913097,,,2026-02-15T13:39:03.969240
Tunis,10295305189,stop_position,الحرس الوطني العقبة (ذهاب),36.7904465,10.0909771,,,2026-02-15T13:39:03.969240
Tunis,10295305191,stop_position,منبت أشجار (إياب),36.7928454,10.0949011,,,2026-02-15T13:39:03.969240
Tunis,10295305194,stop_position,منبت أشجار (ذهاب),36.7927629,10.094418,,,2026-02-15T13:39:03.969240
Tunis,10295305195,stop_position,عبد المولى (ذهاب),36.7959899,10.1005552,,,2026-02-15T13:39:03.969240
Tunis,10295305196,stop_position,واد قريانة خط23,36.798529,10.1051472,,,2026-02-15T13:39:03.969240
Tunis,10295305197,stop_position,محطة ترابط سليمان كاهية,36.8038639,10.0985919,,,2026-02-15T13:39:03.969240
Tunis,10295305199,stop_position,ستاغ الزهروني,36.7843159,10.1093771,,,2026-02-15T13:39:03.969240
Tunis,10295305200,stop_position,معهد الزهروني,36.7850183,10.1088138,,,2026-02-15T13:39:03.969240
Tunis,10295305201,stop_position,جامع الزهروني (إياب),36.7904121,10.1093798,,,2026-02-15T13:39:03.969240
Tunis,10295305202,platform,المبيت الجامعي المروج 3,36.7226446,10.2130686,,,2026-02-15T13:39:03.969240
Tunis,10295305203,platform,رياض اطفال المروج 3,36.7250824,10.2111107,,,2026-02-15T13:39:03.969240
Tunis,10295305204,platform,المروج 3,36.7283362,10.2106122,,,2026-02-15T13:39:03.969240
Tunis,10295305205,platform,موبلاتكس,36.729967,10.2107829,,,2026-02-15T13:39:03.969240
Tunis,10295305206,stop_position,ابن الجزار,36.7721347,10.2305673,,,2026-02-15T13:39:03.969240
Tunis,10295305207,stop_position,الزهروني (إياب),36.7924205,10.1079662,,,2026-02-15T13:39:03.969240
Tunis,10295305208,stop_position,مصنع الكرتون,36.7594364,10.2482588,,,2026-02-15T13:39:03.969240
Tunis,10295305209,stop_position,الزهروني (ذهاب),36.7922783,10.1078508,,,2026-02-15T13:39:03.969240
Tunis,10295305210,stop_position,سيدي ارزيق قسم,36.7651607,10.2435918,,,2026-02-15T13:39:03.969240
Tunis,10295305211,stop_position,سيدي ارزيق قسم (ذهاب),36.7653326,10.2445681,,,2026-02-15T13:39:03.969240
Tunis,10295305212,stop_position,معهد سيدي ارزيق,36.7633225,10.2461723,,,2026-02-15T13:39:03.969240
Tunis,10295305213,stop_position,مفترق سيدي ارزيق,36.7608207,10.2481837,,,2026-02-15T13:39:03.969240
Tunis,10295305214,stop_position,حي العنتيت (إياب),36.7973086,10.1074002,,,2026-02-15T13:39:03.969240
Tunis,10295305215,stop_position,حي العنتيت (ذهاب),36.7971196,10.1073519,,,2026-02-15T13:39:03.969240
Tunis,10295305216,stop_position,واد قريانة خط71 (ذهاب),36.7984513,10.106279,,,2026-02-15T13:39:03.969240
Tunis,10295305217,stop_position,واد قريانة خط71 (إياب),36.7992408,10.1064665,,,2026-02-15T13:39:03.969240
Tunis,10295305218,stop_position,الدندان (إياب),36.8017287,10.1111123,,,2026-02-15T13:39:03.969240
Tunis,10295305219,stop_position,الدندان (ذهاب),36.8010998,10.1095729,,,2026-02-15T13:39:03.969240
Tunis,10295305220,stop_position,الصناعات التقليدية (إياب),36.8029864,10.1175386,,,2026-02-15T13:39:03.969240
Tunis,10295305221,stop_position,الصناعات التقليدية (ذهاب),36.8031118,10.1167074,,,2026-02-15T13:39:03.969240
Tunis,10295305222,stop_position,خزندار (إياب),36.804378,10.122667,,,2026-02-15T13:39:03.969240
Tunis,10295305223,stop_position,خزندار (ذهاب),36.8039665,10.1209185,,,2026-02-15T13:39:03.969240
Tunis,10295305224,stop_position,السعيدية,36.8051168,10.1258642,,,2026-02-15T13:39:03.969240
Tunis,10295305225,stop_position,معهد خزندار,36.8049673,10.1243088,,,2026-02-15T13:39:03.969240
Tunis,10295305226,stop_position,معهد الصواب (إياب),36.8059896,10.1298931,,,2026-02-15T13:39:03.969240
Tunis,10295305227,stop_position,معهد الصواب (ذهاب),36.8059724,10.1288632,,,2026-02-15T13:39:03.969240
Tunis,10295305228,stop_position,بلدية باردو,36.8071673,10.1336858,,,2026-02-15T13:39:03.969240
Tunis,10295305229,stop_position,باردو (إياب),36.8076002,10.1389805,,,2026-02-15T13:39:03.969240
Tunis,10295305230,stop_position,20 مارس (إياب),36.8080254,10.1416949,,,2026-02-15T13:39:03.969240
Tunis,10295305231,stop_position,بوشوشة (إياب),36.8092284,10.1497872,,,2026-02-15T13:39:03.969240
Tunis,10295305232,stop_position,إتصالات تونس,36.8002558,10.1651885,,,2026-02-15T13:39:03.969240
Tunis,10295305233,stop_position,القصبة,36.7963447,10.1681175,,,2026-02-15T13:39:03.969240
Tunis,10295305234,stop_position,باب منارة (إياب),36.7952063,10.1690509,,,2026-02-15T13:39:03.969240
Tunis,10295305235,stop_position,باب منارة (ذهاب),36.7932496,10.1700674,,,2026-02-15T13:39:03.969240
Tunis,10295305239,stop_position,باب الجديد (إياب),36.7918706,10.1737447,,,2026-02-15T13:39:03.969240
Tunis,10295305240,stop_position,باب الجديد (ذهاب),36.7921584,10.17213,,,2026-02-15T13:39:03.969240
Tunis,10295305241,stop_position,جامع سيدي البشير,36.7920833,10.1766657,,,2026-02-15T13:39:03.969240
Tunis,10295305242,stop_position,سيدي البشير (إياب),36.790599,10.1783447,,,2026-02-15T13:39:03.969240
Tunis,10295305243,stop_position,سيدي البشير (ذهاب),36.791469,10.1774998,,,2026-02-15T13:39:03.969240
Tunis,10295305244,stop_position,المنصف باي (إياب),36.7925322,10.1861258,,,2026-02-15T13:39:03.969240
Tunis,10295305245,stop_position,المنتزه,36.7674097,10.09805,,,2026-02-15T13:39:03.969240
Tunis,10295305246,stop_position,مدرسة حي مراد (إياب),36.7682996,10.0994449,,,2026-02-15T13:39:03.969240
Tunis,10295305247,stop_position,مدرسة حي مراد (ذهاب),36.7682824,10.0993,,,2026-02-15T13:39:03.969240
Tunis,10295305248,stop_position,الادواش (إياب),36.7697628,10.1018776,,,2026-02-15T13:39:03.969240
Tunis,10295305249,stop_position,الادواش (ذهاب),36.7697693,10.1016014,,,2026-02-15T13:39:03.969240
Tunis,10295305250,stop_position,الزيتون (إياب),36.7710107,10.1059142,,,2026-02-15T13:39:03.969240
Tunis,10295305251,platform,الزيتون (ذهاب),36.7709399,10.1054336,,,2026-02-15T13:39:03.969240
Tunis,10295305252,platform,جامع حي مراد (إياب),36.7721713,10.1090686,,,2026-02-15T13:39:03.969240
Tunis,10295305253,platform,جامع حي مراد (ذهاب),36.7722014,10.1089479,,,2026-02-15T13:39:03.969240
Tunis,10295305254,platform,العياري (إياب),36.7736718,10.1128109,,,2026-02-15T13:39:03.969240
Tunis,10295305255,platform,العياري (ذهاب),36.7738424,10.1129148,,,2026-02-15T13:39:03.969240
Tunis,10295305262,stop_position,سيدي عبدالله (إياب),36.7325017,10.1234533,,,2026-02-15T13:39:03.969240
Tunis,10295305263,stop_position,سيدي عبدالله (ذهاب),36.7325168,10.1233299,,,2026-02-15T13:39:03.969240
Tunis,10295305264,stop_position,نهاية الخط عمر المختار,36.7330305,10.1265164,,,2026-02-15T13:39:03.969240
Tunis,10295305329,stop_position,حي بالرحومة (إياب),36.7509338,10.1003398,,,2026-02-15T13:39:03.969240
Tunis,10295305330,stop_position,حي بالرحومة (ذهاب),36.7510301,10.1000614,,,2026-02-15T13:39:03.969240
Tunis,10295305331,stop_position,معهد الامتياز (إياب),36.7586547,10.1053829,,,2026-02-15T13:39:03.969240
Tunis,10295305332,stop_position,معهد الامتياز (ذهاب),36.7587063,10.1051683,,,2026-02-15T13:39:03.969240
Tunis,10295305333,platform,قاعة النيل (إياب),36.7616459,10.1083011,,,2026-02-15T13:39:03.969240
Tunis,10295305334,platform,قاعة النيل (ذهاب),36.7617491,10.1081187,,,2026-02-15T13:39:03.969240
Tunis,10295305335,platform,مركز شرطة العطار (إياب),36.7669232,10.1114554,,,2026-02-15T13:39:03.969240
Tunis,10295305336,platform,مركز شرطة العطار (ذهاب),36.7669627,10.1112357,,,2026-02-15T13:39:03.969240
Tunis,10295305338,stop_position,نهاية الخط 25 جويلية,36.7446865,10.1171258,,,2026-02-15T13:39:03.969240
Tunis,10295305339,stop_position,حي 25 جويلية,36.7464833,10.1207576,,,2026-02-15T13:39:03.969240
Tunis,10295305356,stop_position,مفترق بيرين اتجاه بيرين,36.7402761,10.1205859,,,2026-02-15T13:39:03.969240
Tunis,10295305377,stop_position,حي الهادي نويرة (إياب),36.7278335,10.1277632,,,2026-02-15T13:39:03.969240
Tunis,10295305378,stop_position,حي الهادي نويرة (ذهاب),36.7277544,10.1273121,,,2026-02-15T13:39:03.969240
Tunis,10295305379,stop_position,معمل الدقلة,36.7297433,10.1257572,,,2026-02-15T13:39:03.969240
Tunis,10295305380,stop_position,معيو,36.7298026,10.1254458,,,2026-02-15T13:39:03.969240
Tunis,10295305381,stop_position,حي عمر المختار (إياب),36.7322962,10.1244158,,,2026-02-15T13:39:03.969240
Tunis,10295305382,stop_position,حي عمر المختار (ذهاب),36.7326746,10.1239867,,,2026-02-15T13:39:03.969240
Tunis,10295305383,stop_position,مفترق بيرين (إياب),36.7408564,10.1211384,,,2026-02-15T13:39:03.969240
Tunis,10295305384,stop_position,مفترق بيرين (ذهاب),36.7406535,10.1209826,,,2026-02-15T13:39:03.969240
Tunis,10295305385,stop_position,25 جويلية (إياب),36.7445051,10.1208431,,,2026-02-15T13:39:03.969240
Tunis,10295305386,stop_position,25 جويلية (ذهاب),36.7441785,10.1205105,,,2026-02-15T13:39:03.969240
Tunis,10295305387,stop_position,قاعة الفردوس (إياب),36.7469518,10.1212457,,,2026-02-15T13:39:03.969240
Tunis,10295305388,stop_position,قاعة الفردوس (ذهاب),36.7470241,10.121047,,,2026-02-15T13:39:03.969240
Tunis,10295305389,stop_position,شكيرة,36.7556462,10.1173133,,,2026-02-15T13:39:03.969240
Tunis,10295305390,stop_position,المعهد المختلط سيدي حسين,36.7556273,10.1169695,,,2026-02-15T13:39:03.969240
Tunis,10295305391,platform,معمل الكابل,36.7604135,10.1150889,,,2026-02-15T13:39:03.969240
Tunis,10295305392,platform,مفترق 20 مارس,36.7597502,10.1150042,,,2026-02-15T13:39:03.969240
Tunis,10295305393,platform,معمل طماطم (إياب),36.7654621,10.1146204,,,2026-02-15T13:39:03.969240
Tunis,10295305394,platform,معمل طماطم (ذهاب),36.7655877,10.1144358,,,2026-02-15T13:39:03.969240
Tunis,10295305395,stop_position,جامع الزهروني (ذهاب),36.7903305,10.1093127,,,2026-02-15T13:39:03.969240
Tunis,10295305396,stop_position,العكارمة (إياب),36.7882642,10.1115806,,,2026-02-15T13:39:03.969240
Tunis,10295305397,stop_position,العكارمة (ذهاب),36.7903159,10.1072288,,,2026-02-15T13:39:03.969240
Tunis,10295305398,stop_position,الفرقة 17 الزهروني (إياب),36.7896537,10.1156749,,,2026-02-15T13:39:03.969240
Tunis,10295305399,stop_position,الفرقة 17 الزهروني (ذهاب),36.7896902,10.1155556,,,2026-02-15T13:39:03.969240
Tunis,10295305400,stop_position,حي الزهور الرابع (ذهاب),36.7908249,10.1201905,,,2026-02-15T13:39:03.969240
Tunis,10295305401,platform,ميامي المروج,36.7319913,10.2123384,,,2026-02-15T13:39:03.969240
Tunis,10295305403,stop_position,المروج 2,36.7341615,10.1964063,,,2026-02-15T13:39:03.969240
Tunis,10295305404,stop_position,الحماية المدنية,36.7719233,10.2037229,,,2026-02-15T13:39:03.969240
Tunis,10295305405,stop_position,سيدي فتح الله 1,36.7690357,10.2074351,,,2026-02-15T13:39:03.969240
Tunis,10295305406,stop_position,2 سيدي فتح الله,36.7667667,10.2092375,,,2026-02-15T13:39:03.969240
Tunis,10295305407,stop_position,حي ثامر,36.7647407,10.2086643,,,2026-02-15T13:39:03.969240
Tunis,10295305408,stop_position,صوناد,36.7652949,10.210255,,,2026-02-15T13:39:03.969240
Tunis,10295305409,stop_position,مكتب بريد سيدي فتح الله,36.76596,10.2085621,,,2026-02-15T13:39:03.969240
Tunis,10295305410,stop_position,قرجومة,36.765381,10.205215,,,2026-02-15T13:39:03.969240
Tunis,10295305411,stop_position,جامع حي الفتح,36.7659921,10.2015771,,,2026-02-15T13:39:03.969240
Tunis,10295305412,stop_position,جبل جلود 9ب,36.7672117,10.1977906,,,2026-02-15T13:39:03.969240
Tunis,10295305413,stop_position,حمّام جبل جلود,36.7676371,10.1950065,,,2026-02-15T13:39:03.969240
Tunis,10295305414,stop_position,10800 شارع,36.7463873,10.1829631,,,2026-02-15T13:39:03.969240
Tunis,10295305415,stop_position,10800 شارع,36.7494102,10.1803402,,,2026-02-15T13:39:03.969240
Tunis,10295305416,stop_position,المدرسة الابتدائية 6.1,36.7520064,10.1801685,,,2026-02-15T13:39:03.969240
Tunis,10295305417,stop_position,(ابن سينا (قسم,36.7552331,10.178693,,,2026-02-15T13:39:03.969240
Tunis,10295305418,stop_position,جامع ابن سيناء,36.7578651,10.1817136,,,2026-02-15T13:39:03.969240
Tunis,10295305419,stop_position,عمارات الجيش الوطني ابن سينا,36.7592742,10.1866594,,,2026-02-15T13:39:03.969240
Tunis,10295305420,stop_position,جسر مترو الكبارية,36.7622819,10.1875551,,,2026-02-15T13:39:03.969240
Tunis,10295305421,stop_position,مدرسة الكبارية,36.7633472,10.1914818,,,2026-02-15T13:39:03.969240
Tunis,10295305422,stop_position,حي محمد علي,36.7668109,10.1919861,,,2026-02-15T13:39:03.969240
Tunis,10295305423,stop_position,الورود المروج 1,36.7390079,10.2055154,,,2026-02-15T13:39:03.969240
Tunis,10295305424,station,المستشفى العسكري,36.7856137,10.1799054,TransTu,,2026-02-15T13:39:03.969240
Tunis,10295305425,stop_position,شارع المحطة,36.7904263,10.1801995,,,2026-02-15T13:39:03.969240
Tunis,10295305426,platform,سيدي حسين (إياب),36.7690143,10.1137341,,,2026-02-15T13:39:03.969240
Tunis,10295305427,platform,سيدي حسين (ذهاب),36.7696915,10.113301,,,2026-02-15T13:39:03.969240
Tunis,10295305428,platform,مفترق سيدي حسين (إياب),36.7701942,10.112727,,,2026-02-15T13:39:03.969240
Tunis,10295305429,platform,مفترق سيدي حسين (ذهاب),36.7702931,10.1125822,,,2026-02-15T13:39:03.969240
Tunis,10295305430,platform,سيدي حسين قسم-ذهاب,36.7747534,10.1145885,,,2026-02-15T13:39:03.969240
Tunis,10295305431,platform,سيدي حسين قسم (إياب),36.7762057,10.1144597,,,2026-02-15T13:39:03.969240
Tunis,10295305432,platform,نهاية خط 32ث,36.7760587,10.1150066,,,2026-02-15T13:39:03.969240
Tunis,10295305433,stop_position,نهاية خط 32ت-71-515,36.7773478,10.0889034,,,2026-02-15T13:39:03.969240
Tunis,10295305434,stop_position,مستودع الزهروني (ذهاب),36.7770042,10.0911551,,,2026-02-15T13:39:03.969240
Tunis,10295305435,stop_position,الجيارة (إياب),36.7781542,10.0962485,,,2026-02-15T13:39:03.969240
Tunis,10295305436,stop_position,الجيارة (ذهاب),36.7784049,10.0962996,,,2026-02-15T13:39:03.969240
Tunis,10295305437,stop_position,محكمة تونس 2,36.7797247,10.1022235,,,2026-02-15T13:39:03.969240
Tunis,10295305438,stop_position,مقهى زياد,36.7800555,10.1023415,,,2026-02-15T13:39:03.969240
Tunis,10295305439,stop_position,سونوبوا,36.7813357,10.1081892,,,2026-02-15T13:39:03.969240
Tunis,10295305440,stop_position,بن دحا-32ت,36.7816579,10.1085834,,,2026-02-15T13:39:03.969240
Tunis,10295305441,stop_position,ثكنة الزهور (إياب),36.7928886,10.1276027,,,2026-02-15T13:39:03.969240
Tunis,10295305442,stop_position,ثكنة حي الزهور (ذهاب),36.7929466,10.1275034,,,2026-02-15T13:39:03.969240
Tunis,10295305443,stop_position,مستشفى الأطفال,36.807514,10.1593545,,,2026-02-15T13:39:03.969240
Tunis,10295305444,stop_position,ابن سينا,36.7447029,10.1866753,,,2026-02-15T13:39:03.969240
Tunis,10295305445,stop_position,معهد بن أبي الضياف منوبة,36.8083515,10.1037523,,,2026-02-15T13:39:03.969240
Tunis,10295305446,stop_position,البيئة منوبة,36.8070894,10.1035594,,,2026-02-15T13:39:03.969240
Tunis,10295305447,stop_position,الفرابي منوبة (إياب),36.8113279,10.0993857,,,2026-02-15T13:39:03.969240
Tunis,10295305448,stop_position,ثكنة منوبة (ذهاب),36.8134495,10.0981465,,,2026-02-15T13:39:03.969240
Tunis,10295305449,stop_position,شركة الكهرباء والغاز منوبة (ذهاب),36.8077015,10.10125,,,2026-02-15T13:39:03.969240
Tunis,10295305450,stop_position,مونوبول,36.7803904,10.1816705,,,2026-02-15T13:39:03.969240
Tunis,10295305451,platform,معهد الوردية,36.7770309,10.1836716,TransTu,,2026-02-15T13:39:03.969240
Tunis,10295305452,station,بال في,36.7729558,10.1875014,TransTu,,2026-02-15T13:39:03.969240
Tunis,10295305453,stop_position,حمّام لكانيا,36.7703346,10.1897437,,,2026-02-15T13:39:03.969240
Tunis,10295305454,stop_position,جسرالمروج 2,36.7431611,10.207993,,,2026-02-15T13:39:03.969240
Tunis,10295305455,stop_position,مفترق المروج 2,36.74025,10.2059714,,,2026-02-15T13:39:03.969240
Tunis,10295305456,platform,باطام,36.7377985,10.2078191,,,2026-02-15T13:39:03.969240
Tunis,10295305457,platform,اقامة الواحة,36.7359017,10.2093225,,,2026-02-15T13:39:03.969240
Tunis,10295305458,stop_position,المركب التجاري المروج 1,36.7333361,10.2081866,,,2026-02-15T13:39:03.969240
Tunis,10295305459,stop_position,جامع المروج 1,36.73268,10.2035923,,,2026-02-15T13:39:03.969240
Tunis,10295305460,stop_position,المروج 1,36.7339807,10.201983,,,2026-02-15T13:39:03.969240
Tunis,10295305477,stop_position,نهاية خط19 د/39 رادس الغابة,36.7603944,10.2580604,,,2026-02-15T13:39:03.969240
Tunis,10295305478,stop_position,1عمارة رادس الغابة,36.7617827,10.2557419,,,2026-02-15T13:39:03.969240
Tunis,10295305479,stop_position,عمارة رادس الغابة,36.7619353,10.2573456,,,2026-02-15T13:39:03.969240
Tunis,10295305480,stop_position,بال في,36.7739079,10.1869375,,,2026-02-15T13:39:03.969240
Tunis,10295305481,stop_position,قاعة أفراح بال في(ذهاب),36.7783965,10.1907131,,,2026-02-15T13:39:03.969240
Tunis,10295305482,stop_position,مقهي القدس (ذهاب),36.7804161,10.1929363,TransTu,,2026-02-15T13:39:03.969240
Tunis,10295305483,stop_position,حمّام بال في (ذهاب),36.7810528,10.1940094,TransTu,,2026-02-15T13:39:03.969240
Tunis,10295305484,stop_position,معتمدية الوردية,36.781815,10.1943268,,,2026-02-15T13:39:03.969240
Tunis,10295305486,stop_position,مركز التنسيق بالوردية (ذهاب),36.7806333,10.1956789,TransTu,,2026-02-15T13:39:03.969240
Tunis,10295305509,stop_position,المنطقة الصناعية,36.7237311,10.1878662,,,2026-02-15T13:39:03.969240
Tunis,10295305510,stop_position,مزرعة لوكيل,36.7264932,10.1898173,,,2026-02-15T13:39:03.969240
Tunis,10295305511,stop_position,فيراي 2,36.7289571,10.1913847,,,2026-02-15T13:39:03.969240
Tunis,10295305512,stop_position,فيراي1,36.730208,10.1923922,,,2026-02-15T13:39:03.969240
Tunis,10295305513,stop_position,مفترق المروج 2 خط 24,36.7326912,10.1940245,,,2026-02-15T13:39:03.969240
Tunis,10295305514,stop_position,سوق السيارات,36.7349887,10.1936368,,,2026-02-15T13:39:03.969240
Tunis,10295305516,stop_position,معهد اليسمينات,36.7331223,10.2375034,,,2026-02-15T13:39:03.969240
Tunis,10295305517,stop_position,مقهي فلة,36.7352535,10.2355451,,,2026-02-15T13:39:03.969240
Tunis,10295305518,stop_position,مجزرة الشمال,36.7370763,10.2369935,,,2026-02-15T13:39:03.969240
Tunis,10295305519,stop_position,رياض اطفال أمان,36.7386465,10.2401856,,,2026-02-15T13:39:03.969240
Tunis,10295305520,stop_position,مركز الإصابات والحروق البليغة,36.7471817,10.211144,,,2026-02-15T13:39:03.969240
Tunis,10295305521,stop_position,كيوسك موبيل بن عروس,36.7570296,10.2187867,,,2026-02-15T13:39:03.969240
Tunis,10295305522,stop_position,سبرولس,36.8265859,10.1164371,,,2026-02-15T13:39:03.969240
Tunis,10295305523,stop_position,مفترق قصر سعيد 2,36.8260228,10.1178134,,,2026-02-15T13:39:03.969240
Tunis,10295305524,stop_position,جبل جلود,36.7731781,10.2025642,,,2026-02-15T13:39:03.969240
Tunis,10295305525,stop_position,معهد طه حسين مقرين,36.7765878,10.22472,,,2026-02-15T13:39:03.969240
Tunis,10295305526,stop_position,شركة نظيف,36.7743629,10.2179923,,,2026-02-15T13:39:03.969240
Tunis,10295305527,stop_position,طريق وجسر سان قوبان,36.7762707,10.2114477,,,2026-02-15T13:39:03.969240
Tunis,10295305528,stop_position,بروسيد,36.7782157,10.2057726,,,2026-02-15T13:39:03.970242
Tunis,10295305529,stop_position,سيكواك,36.7792956,10.2040018,,,2026-02-15T13:39:03.970242
Tunis,10295305530,stop_position,جسر الطريق السيارة رقم 1,36.7809122,10.2008261,,,2026-02-15T13:39:03.970242
Tunis,10295305531,stop_position,شركة ستيل,36.7925815,10.1904254,,,2026-02-15T13:39:03.970242
Tunis,10295305533,stop_position,مقهي عياد,36.7793924,10.2315647,,,2026-02-15T13:39:03.970242
Tunis,10295305534,stop_position,حي جوهرة,36.7756462,10.2278955,,,2026-02-15T13:39:03.970242
Tunis,10295305547,stop_position,نهاية خط مقرين كوتو,36.7707311,10.2318386,,,2026-02-15T13:39:03.970242
Tunis,10295305548,stop_position,شارع الجمهورية 3,36.7740536,10.2335276,,,2026-02-15T13:39:03.970242
Tunis,10295305550,stop_position,شارع الجمهورية 2,36.7743964,10.2383671,,,2026-02-15T13:39:03.970242
Tunis,10295305551,stop_position,ملعب مقرين كوتو,36.773566,10.2390642,,,2026-02-15T13:39:03.970242
Tunis,10295305552,stop_position,قاعة رياضة,36.7730074,10.2410812,,,2026-02-15T13:39:03.970242
Tunis,10295305554,stop_position,المنتزه البلدي,36.7712972,10.2418752,,,2026-02-15T13:39:03.970242
Tunis,10295305555,stop_position,1 شارع الجمهورية,36.7703753,10.2436771,,,2026-02-15T13:39:03.970242
Tunis,10295305558,stop_position,محطة القطار سيدي رزيق,36.7685705,10.2450075,,,2026-02-15T13:39:03.970242
Tunis,10295305559,stop_position,رياض اطفال,36.7676613,10.2413284,,,2026-02-15T13:39:03.970242
Tunis,10295305560,stop_position,سيلوز مقرين قوتو,36.7688971,10.2357807,,,2026-02-15T13:39:03.970242
Tunis,10295305561,stop_position,الحي التجاري,36.7700768,10.232187,,,2026-02-15T13:39:03.970242
Tunis,10295305563,stop_position,بسكويت سيدة,36.771873,10.2244193,,,2026-02-15T13:39:03.970242
Tunis,10295305565,stop_position,معهد مقرين الرياض,36.7691549,10.2206959,,,2026-02-15T13:39:03.970242
Tunis,10295305570,stop_position,شارع الهادي نويرة,36.8105022,10.2683003,,,2026-02-15T13:39:03.970242
Tunis,10295305573,stop_position,صنهاجي,36.8780318,10.1155307,,,2026-02-15T13:39:03.970242
Tunis,10295305574,stop_position,برج جبس,36.8717714,10.1157249,,,2026-02-15T13:39:03.970242
Tunis,10295305575,stop_position,الكيوسك,36.8681445,10.1172044,,,2026-02-15T13:39:03.970242
Tunis,10295305577,stop_position,المنيهلة,36.8575912,10.1164759,,,2026-02-15T13:39:03.970242
Tunis,10295305578,stop_position,ميناء رادس نهاية الخط,36.8001165,10.2656073,,,2026-02-15T13:39:03.970242
Tunis,10295305579,stop_position,بن دحا (إياب),36.7823576,10.1120133,,,2026-02-15T13:39:03.970242
Tunis,10295305580,stop_position,CAPITAINERIE,36.8012161,10.2722699,,,2026-02-15T13:39:03.970242
Tunis,10295305581,stop_position,حي الرفاهة,36.8512041,10.1168622,,,2026-02-15T13:39:03.970242
Tunis,10295305582,stop_position,معهد حي الرفاهة,36.8454003,10.1167978,,,2026-02-15T13:39:03.970242
Tunis,10295305583,stop_position,17 نهاية خط,36.805977,10.290368,,,2026-02-15T13:39:03.970242
Tunis,10295305584,stop_position,مستودع الحافلات السيجومي,36.7837324,10.1173992,,,2026-02-15T13:39:03.970242
Tunis,10295305585,stop_position,غاز الشمال,36.8025282,10.2861847,,,2026-02-15T13:39:03.970242
Tunis,10295305586,stop_position,كشباطي,36.7999166,10.2829875,,,2026-02-15T13:39:03.970242
Tunis,10295305587,stop_position,شركة الكهرباء والغاز رادس,36.7962903,10.2797482,,,2026-02-15T13:39:03.970242
Tunis,10295305588,stop_position,حي السلامة,36.7841114,10.117158,,,2026-02-15T13:39:03.970242
Tunis,10295305589,stop_position,لسالين,36.7935098,10.2787823,,,2026-02-15T13:39:03.970242
Tunis,10295305590,stop_position,بحيرة رادس,36.7861046,10.2828558,,,2026-02-15T13:39:03.970242
Tunis,10295305591,stop_position,رادس الشاطئ 2,36.7786104,10.2882559,,,2026-02-15T13:39:03.970242
Tunis,10295305597,stop_position,عمارات الحرايرية (إياب),36.7873465,10.1243195,,,2026-02-15T13:39:03.970242
Tunis,10295305598,stop_position,معهد ابن خلدون,36.7680571,10.2820976,,,2026-02-15T13:39:03.970242
Tunis,10295305599,stop_position,عمارات الحرايرية (ذهاب),36.7870148,10.1238794,,,2026-02-15T13:39:03.970242
Tunis,10295305600,stop_position,شارع الجمهورية 1,36.7683118,10.275859,,,2026-02-15T13:39:03.970242
Tunis,10295305601,stop_position,مكتب بريد رادس,36.7678829,10.273117,,,2026-02-15T13:39:03.970242
Tunis,10295305602,stop_position,مدرسة الزهور4 (إياب),36.7909852,10.1273826,,,2026-02-15T13:39:03.970242
Tunis,10295305603,stop_position,مركز رادس,36.7670773,10.2697916,,,2026-02-15T13:39:03.970242
Tunis,10295305604,stop_position,منجيل,36.767318,10.2661223,,,2026-02-15T13:39:03.970242
Tunis,10295305605,stop_position,مدرسة الزهور4 (ذهاب),36.7910359,10.1272053,,,2026-02-15T13:39:03.970242
Tunis,10295305606,stop_position,المعهد التقني رادس,36.7664391,10.2607145,,,2026-02-15T13:39:03.970242
Tunis,10295305607,platform,الملعب البلدي,36.7650639,10.2566804,,,2026-02-15T13:39:03.970242
Tunis,10295305608,platform,المطبعة الرسمية,36.7608781,10.2498054,,,2026-02-15T13:39:03.970242
Tunis,10295305610,stop_position,ميزناط (إياب),36.7937715,10.130588,,,2026-02-15T13:39:03.970242
Tunis,10295305611,platform,شوشة رادس,36.7562063,10.2474532,,,2026-02-15T13:39:03.970242
Tunis,10295305612,stop_position,الثريات,36.7570187,10.2430977,,,2026-02-15T13:39:03.970242
Tunis,10295305613,stop_position,ميزناط (ذهاب),36.7943601,10.1316662,,,2026-02-15T13:39:03.970242
Tunis,10295305614,stop_position,شركة نور,36.7608128,10.2337966,,,2026-02-15T13:39:03.970242
Tunis,10295305616,stop_position,مركزتكوين شركة النقل,36.761611,10.2317686,,,2026-02-15T13:39:03.970242
Tunis,10295305617,stop_position,سيفكول,36.7625689,10.2292994,,,2026-02-15T13:39:03.970242
Tunis,10295305620,stop_position,ديوان الزيت (إياب),36.7955302,10.1375482,,,2026-02-15T13:39:03.970242
Tunis,10295305621,stop_position,ديوان الزيت (ذهاب),36.7960371,10.1386318,,,2026-02-15T13:39:03.970242
Tunis,10295305623,stop_position,الخروبة (إياب),36.7966084,10.1445434,,,2026-02-15T13:39:03.970242
Tunis,10295305624,stop_position,الخروبة (ذهاب),36.7967029,10.1437226,,,2026-02-15T13:39:03.970242
Tunis,10295305625,stop_position,مركز التكوين المهني الزهور (إياب),36.7969607,10.1462278,,,2026-02-15T13:39:03.970242
Tunis,10295305626,stop_position,مركز التكوين المهني الزهور (ذهاب),36.7972038,10.146185,,,2026-02-15T13:39:03.970242
Tunis,10295305627,stop_position,سوق الملاسين (إياب),36.7976823,10.1500151,,,2026-02-15T13:39:03.970242
Tunis,10295305628,stop_position,سوق الملاسين (ذهاب),36.7979787,10.1506964,,,2026-02-15T13:39:03.970242
Tunis,10295305629,stop_position,ملعب الملاسين (إياب),36.7981424,10.1540868,,,2026-02-15T13:39:03.970242
Tunis,10295305630,stop_position,ملعب الملاسين (ذهاب),36.7981849,10.1535288,,,2026-02-15T13:39:03.970242
Tunis,10295305631,stop_position,الرابطة,36.7989366,10.1582602,,,2026-02-15T13:39:03.970242
Tunis,10295305632,stop_position,درغوث باشا (ذهاب),36.7976742,10.1628711,,,2026-02-15T13:39:03.970242
Tunis,10295305633,stop_position,شارنيكول (إياب),36.8031238,10.163855,,,2026-02-15T13:39:03.970242
Tunis,10295305634,stop_position,شارنيكول (ذهاب),36.8027802,10.1635439,,,2026-02-15T13:39:03.970242
Tunis,10295305635,stop_position,جامع البرج,36.8120068,10.1666341,,,2026-02-15T13:39:03.970242
Tunis,10295305636,stop_position,باب عبد السلام (إياب),36.809618,10.1627714,,,2026-02-15T13:39:03.970242
Tunis,10295305637,stop_position,باب عبد السلام (ذهاب),36.8095761,10.1613673,,,2026-02-15T13:39:03.970242
Tunis,10295305639,stop_position,سيدي مصباح,36.7350965,10.2437415,,,2026-02-15T13:39:03.970242
Tunis,10295305640,stop_position,مقهي اليسمينات,36.7380861,10.2408866,,,2026-02-15T13:39:03.970242
Tunis,10295305641,stop_position,اليسمينات,36.7407195,10.2380766,,,2026-02-15T13:39:03.970242
Tunis,10295305642,stop_position,مفترق اليسمينات طريق مرناق,36.7435348,10.2346397,,,2026-02-15T13:39:03.970242
Tunis,10295305643,stop_position,المشتل,36.8135314,10.1723472,,,2026-02-15T13:39:03.970242
Tunis,10295305644,stop_position,حي حشاد,36.7504983,10.2377538,,,2026-02-15T13:39:03.970242
Tunis,10295305645,stop_position,المغازة العامة بن عروس,36.7550525,10.2319939,,,2026-02-15T13:39:03.970242
Tunis,10295305646,stop_position,نهج غزة,36.7575516,10.2288069,,,2026-02-15T13:39:03.970242
Tunis,10295305647,stop_position,محطة شارع عنابة,36.7607171,10.2247519,,,2026-02-15T13:39:03.970242
Tunis,10295305648,stop_position,معهد ابن منضور,36.7443647,10.2435483,,,2026-02-15T13:39:03.970242
Tunis,10295305649,stop_position,مقبرة سيدي مصباح,36.740943,10.2409091,,,2026-02-15T13:39:03.970242
Tunis,10295305650,stop_position,الجامع,36.7385815,10.2445252,,,2026-02-15T13:39:03.970242
Tunis,10295305651,stop_position,المدرسة الاعدادية اليسمينات,36.739878,10.2463378,,,2026-02-15T13:39:03.970242
Tunis,10295305652,stop_position,المدينة الجديدة,36.747713,10.2514438,,,2026-02-15T13:39:03.970242
Tunis,10295305653,stop_position,جامع المدينة الجديدة,36.751312,10.2511658,,,2026-02-15T13:39:03.970242
Tunis,10295305654,stop_position,ولاية بن عروس,36.7544571,10.2481832,,,2026-02-15T13:39:03.970242
Tunis,10295305655,platform,سيفاط,36.752985,10.2445152,,,2026-02-15T13:39:03.970242
Tunis,10295305656,platform,حي الاذاعة بن عروس,36.7505144,10.2421513,,,2026-02-15T13:39:03.970242
Tunis,10295305657,platform,مقهي مهذبي,36.7476475,10.2384265,,Transtu,2026-02-15T13:39:03.970242
Tunis,10295305659,platform,باطا,36.7491975,10.2278881,Transtu,,2026-02-15T13:39:03.970242
Tunis,10295305660,station,محطة ساحة البرشلونة,36.7970658,10.1802264,TransTu,,2026-02-15T13:39:03.970242
Tunis,10295305664,stop_position,مستودع بئر القصعة,36.7254498,10.2219834,,,2026-02-15T13:39:03.970242
Tunis,10295305665,stop_position,مطبعة بوسلامة,36.7299672,10.2187423,,,2026-02-15T13:39:03.970242
Tunis,10295305666,stop_position,المدرسة الاعدادية المروج 3,36.734157,10.2167155,,,2026-02-15T13:39:03.970242
Tunis,10295305670,stop_position,بلدية بن عروس (رجوع),36.7481303,10.2253892,TransTu,,2026-02-15T13:39:03.970242
Tunis,10295305671,stop_position,مركز بن عروس,36.75346,10.2224984,,,2026-02-15T13:39:03.970242
Tunis,10295305672,stop_position,بن يدر بن عروس,36.7567029,10.220514,,,2026-02-15T13:39:03.970242
Tunis,10295305673,stop_position,رياض اطفال بن عروس,36.7587492,10.2224881,,,2026-02-15T13:39:03.970242
Tunis,10295305674,stop_position,محطة القصاب (ذهاب),36.8155796,10.1003191,,,2026-02-15T13:39:03.970242
Tunis,10295305675,stop_position,مستودع حافلات النقل بين المدن,36.7618359,10.2248863,,,2026-02-15T13:39:03.970242
Tunis,10295305676,stop_position,الضمان الاجتماعي,36.765065,10.2233996,,,2026-02-15T13:39:03.970242
Tunis,10295305677,stop_position,شارع فرنسا,36.7631053,10.2259316,,,2026-02-15T13:39:03.970242
Tunis,10295305678,stop_position,سوفوميك,36.7658672,10.2217893,,,2026-02-15T13:39:03.970242
Tunis,10295305679,stop_position,ستوا كابا,36.7686077,10.2157355,,,2026-02-15T13:39:03.970242
Tunis,10295305680,stop_position,محطة قطار جبل جلود,36.7715383,10.208723,,,2026-02-15T13:39:03.970242
Tunis,10295305681,station,شارع قرطاج,36.7919242,10.1822642,,,2026-02-15T13:39:03.970242
Tunis,10295305691,stop_position,ديبوزفيل (إياب),36.783759,10.1920222,TransTu,,2026-02-15T13:39:03.970242
Tunis,10295305701,stop_position,نكنة وادى الليل 1,36.8235585,10.0711421,,,2026-02-15T13:39:03.970242
Tunis,10295305702,stop_position,اينوبلاسة,36.8217034,10.0775579,,,2026-02-15T13:39:03.970242
Tunis,10295305703,stop_position,قعلول,36.819625,10.0852397,,,2026-02-15T13:39:03.970242
Tunis,10295305704,stop_position,بودرية,36.8184959,10.0879069,,,2026-02-15T13:39:03.970242
Tunis,10295305705,stop_position,المعهد العالي للرياضة و التربية البدنية,36.8164772,10.1016119,,,2026-02-15T13:39:03.970242
Tunis,10295305706,stop_position,سباق الخيل قصر السعيد (ذهاب),36.8130249,10.1133431,,,2026-02-15T13:39:03.970242
Tunis,10295305707,stop_position,بورطال (ذهاب),36.8120871,10.1174078,,,2026-02-15T13:39:03.970242
Tunis,10295305708,stop_position,الشابي (ذهاب),36.8096013,10.1313362,,,2026-02-15T13:39:03.970242
Tunis,10295305709,stop_position,موبلاتاكس التضامن,36.8380419,10.1114638,,,2026-02-15T13:39:03.970242
Tunis,10295305710,stop_position,20 مارس,36.8082515,10.141421,,,2026-02-15T13:39:03.970242
Tunis,10295305711,stop_position,نوقرة,36.8345164,10.1178661,,,2026-02-15T13:39:03.970242
Tunis,10295305712,stop_position,بوشوشة (ذهاب),36.8090503,10.1470966,,,2026-02-15T13:39:03.970242
Tunis,10295305713,stop_position,صوناد,36.8251204,10.1215727,,,2026-02-15T13:39:03.970242
Tunis,10295305714,stop_position,2 حي قصر سعيد,36.8197351,10.1245316,,,2026-02-15T13:39:03.970242
Tunis,10295305715,stop_position,عمارة شافية,36.8098234,10.152579,,,2026-02-15T13:39:03.970242
Tunis,10295305716,stop_position,حي التحرير عوينة,36.8190952,10.1248427,,,2026-02-15T13:39:03.970242
Tunis,10295305717,stop_position,محطة الملعب التونسي,36.8152778,10.1273448,,,2026-02-15T13:39:03.970242
Tunis,10295305718,stop_position,سيدي العلوي,36.8053373,10.1688404,,,2026-02-15T13:39:03.970242
Tunis,10295305719,stop_position,فطومة بورقيبة,36.8117874,10.1327256,,,2026-02-15T13:39:03.970242
Tunis,10295305720,stop_position,باردو,36.8094384,10.1327588,,,2026-02-15T13:39:03.970242
Tunis,10295305721,station,حديقة ثامر,36.8038101,10.1779113,,,2026-02-15T13:39:03.970242
Tunis,10295305722,stop_position,باردو (ذهاب),36.8077723,10.1387231,,,2026-02-15T13:39:03.970242
Tunis,10295305723,stop_position,باب سعدون,36.8097562,10.1532187,,,2026-02-15T13:39:03.970242
Tunis,10761009587,stop_position,الزهور 2,36.7876963,10.1277122,SNCFT,RFR,2026-02-15T13:39:03.970242
Tunis,10761009588,stop_position,الزهور 2,36.7877252,10.1276924,SNCFT,RFR,2026-02-15T13:39:03.970242
Tunis,10767225141,stop_position,تونس,36.7945106,10.1802761,SNCFT,RFR,2026-02-15T13:39:03.970242
Tunis,10767225142,stop_position,تونس,36.7945018,10.1801867,SNCFT,RFR,2026-02-15T13:39:03.970242
Tunis,10767225143,stop_position,السيدة المنوبية,36.7870718,10.1654709,SNCFT,RFR,2026-02-15T13:39:03.970242
Tunis,10767225169,stop_position,النجاح,36.7932246,10.1547429,SNCFT,RFR,2026-02-15T13:39:03.970242
Tunis,10767225170,stop_position,النجاح,36.7931985,10.1547227,SNCFT,RFR,2026-02-15T13:39:03.970242
Tunis,10767225171,station,النجاح,36.7932111,10.1547337,SNCFT,RFR,2026-02-15T13:39:03.970242
Tunis,10767225176,stop_position,الطيران-الزهور 1,36.7920941,10.1389244,SNCFT,RFR,2026-02-15T13:39:03.970242
Tunis,10767225177,stop_position,الطيران-الزهور 1,36.7921252,10.1389116,SNCFT,RFR,2026-02-15T13:39:03.970242
Tunis,10767225183,station,الطيران-الزهور 1,36.7921105,10.1389191,SNCFT,RFR,2026-02-15T13:39:03.970242
Tunis,10767225190,stop_position,الحرايرية,36.7837672,10.1154844,SNCFT,RFR,2026-02-15T13:39:03.970242
Tunis,10767225191,station,الحرايرية,36.7837857,10.1154806,SNCFT,RFR,2026-02-15T13:39:03.970242
Tunis,10767225192,station,الزهور 2,36.7877125,10.1277088,SNCFT,RFR,2026-02-15T13:39:03.970242
Tunis,10767239310,stop_position,بوقطفة-سيدي حسين,36.7801207,10.101814,SNCFT,RFR,2026-02-15T13:39:03.970242
Tunis,10767239311,stop_position,بوقطفة-سيدي حسين,36.7800897,10.1018214,SNCFT,RFR,2026-02-15T13:39:03.970242
Tunis,10767239312,station,بوقطفة-سيدي حسين,36.7801031,10.1018181,SNCFT,RFR,2026-02-15T13:39:03.970242
Tunis,10779655539,platform,,36.7519682,10.1103999,,,2026-02-15T13:39:03.970242
Tunis,10876530819,station,,36.7550788,10.1025554,,,2026-02-15T13:39:03.970242
Tunis,11346659836,stop_position,Erraoudha,36.8024419,10.1468428,,,2026-02-15T13:39:03.970242
Tunis,11346659837,stop_position,Erraoudha,36.8024641,10.1468685,,,2026-02-15T13:39:03.970242
Tunis,11346659847,stop_position,Mellassine,36.7962775,10.156167,,,2026-02-15T13:39:03.970242
Tunis,11346672002,stop_position,Mannouba,36.8162243,10.1002299,,,2026-02-15T13:39:03.970242
Tunis,11346672003,stop_position,Mannouba,36.8163015,10.1002491,,,2026-02-15T13:39:03.970242
Tunis,11346672004,stop_position,Mannouba,36.816334,10.1002552,,,2026-02-15T13:39:03.970242
Tunis,11346672008,stop_position,El Bortal,36.8119119,10.1159858,,,2026-02-15T13:39:03.970242
Tunis,11346672035,stop_position,Les Orangers,36.8184105,10.0861402,,,2026-02-15T13:39:03.970242
Tunis,11346672036,stop_position,Les Orangers,36.8184428,10.0861489,,,2026-02-15T13:39:03.970242
Tunis,11346672208,stop_position,Gobaâ,36.8199702,10.0754916,,,2026-02-15T13:39:03.970242
Tunis,11346672209,stop_position,Gobaâ,36.8200028,10.0754923,,,2026-02-15T13:39:03.970242
Tunis,11348349762,stop_position,Le Bardo,36.807206,10.1357521,,,2026-02-15T13:39:03.970242
Tunis,11348349763,stop_position,Le Bardo,36.8072404,10.1357648,,,2026-02-15T13:39:03.970242
Tunis,11348918049,stop_position,,36.7945163,10.1803348,,,2026-02-15T13:39:03.970242
Tunis,11348918050,stop_position,,36.7945245,10.1804231,,,2026-02-15T13:39:03.970242
Tunis,11348918051,stop_position,,36.7945302,10.1804775,,,2026-02-15T13:39:03.970242
Tunis,11348918052,stop_position,,36.794539,10.1805673,,,2026-02-15T13:39:03.970242
Tunis,11348918053,stop_position,,36.7945443,10.1806223,,,2026-02-15T13:39:03.970242
Tunis,11348918054,stop_position,,36.794553,10.1807109,,,2026-02-15T13:39:03.970242
Tunis,11348918055,stop_position,,36.7945586,10.180769,,,2026-02-15T13:39:03.970242
Tunis,11348918056,stop_position,,36.7945673,10.1808582,,,2026-02-15T13:39:03.970242
Tunis,11348918057,stop_position,,36.7945732,10.1809186,,,2026-02-15T13:39:03.970242
Tunis,11348918058,stop_position,,36.7945813,10.1810018,,,2026-02-15T13:39:03.970242
Tunis,11348918059,stop_position,,36.794587,10.1810594,,,2026-02-15T13:39:03.970242
Tunis,11348918060,stop_position,,36.7945955,10.1811469,,,2026-02-15T13:39:03.970242
Tunis,11348918061,stop_position,,36.7946009,10.1812022,,,2026-02-15T13:39:03.970242
Tunis,11348918062,stop_position,,36.7944968,10.1801351,,,2026-02-15T13:39:03.970242
Tunis,11363820321,stop_position,Dépôt Farhat Hached,36.7838954,10.1920516,,,2026-02-15T13:39:03.970242
Tunis,11366077828,stop_position,Le Bardo,36.8071713,10.1357379,,,2026-02-15T13:39:03.970242
Tunis,11368320392,,Bab Saadoun,36.8093411,10.1564842,,,2026-02-15T13:39:03.970242
Tunis,11483877208,stop_position,أبو القاسم الشابي,36.752463,10.214734,,,2026-02-15T13:39:03.970242
Tunis,11483877209,stop_position,بن عروس,36.7554098,10.2203362,,,2026-02-15T13:39:03.970242
Tunis,11748933411,,Noubou,36.7586425,10.2762924,,,2026-02-15T13:39:03.970242
Tunis,12252557210,platform,ساحة البرشلونة,36.7970111,10.1802367,TransTu,Bus de Barcelona,2026-02-15T13:39:03.970242
Tunis,12252557212,platform,ساحة البرشلونة,36.7969221,10.1811423,TransTu,Bus de Barcelona,2026-02-15T13:39:03.970242
Tunis,12480603730,platform,معهد الوردية,36.7771556,10.1826048,TransTu,,2026-02-15T13:39:03.970242
Tunis,12480603731,platform,معهد الوردية,36.775731,10.1812846,TransTu,,2026-02-15T13:39:03.970242
Tunis,12480603732,platform,معهد الوردية,36.7753196,10.1809621,TransTu,,2026-02-15T13:39:03.970242
Tunis,12480603733,platform,نهج الساحل,36.77659,10.1779437,TransTu,,2026-02-15T13:39:03.970242
Tunis,12480666635,station,بال في (نهاية خط 28),36.7740793,10.1858864,TransuTu,,2026-02-15T13:39:03.970242
Tunis,13103286909,stop_position,معهد النور,36.7395288,10.2216644,TransTu,,2026-02-15T13:39:03.970242
Tunis,13103303781,platform,سليلوز,36.7424249,10.226823,TransTu,,2026-02-15T13:39:03.970242
Tunis,13103303782,stop_position,سليلوز (رجوع),36.742946,10.2262594,TransTu,,2026-02-15T13:39:03.970242
Tunis,13103318729,stop_position,مركز الاحاطة بالمعاقين (رجوع),36.7453928,10.225862,TransTu,,2026-02-15T13:39:03.970242
Tunis,13103318730,platform,مركز الاحاطة بالمعاقين,36.7467384,10.2258664,TransTu,,2026-02-15T13:39:03.970242
Tunis,13103318731,stop_position,بلدية بن عروس,36.7486502,10.2253707,TransTu,,2026-02-15T13:39:03.970242
Tunis,13103318732,stop_position,معتمدية المروج 1 (رجوع),36.7347192,10.2148697,,,2026-02-15T13:39:03.970242
Tunis,13103351014,stop_position,معهد النور (رجوع),36.7392689,10.2203423,,,2026-02-15T13:39:03.970242
Tunis,13103351015,stop_position,محطة رياض الآطفال (رجوع),36.7510922,10.2241876,TransTu,,2026-02-15T13:39:03.970242
Tunis,13103351016,stop_position,جامع بن عروس (رجوع),36.7509687,10.2259879,TransTu,,2026-02-15T13:39:03.970242
Tunis,13103351017,stop_position,باطا (رجوع),36.7489856,10.2284908,TransTu,,2026-02-15T13:39:03.970242
Tunis,13103351018,platform,مفترق اليسمينات,36.7450237,10.2352016,TransTu,,2026-02-15T13:39:03.970242
Tunis,13103351019,stop_position,مفترق اليسمينات (رجوع),36.7453354,10.2334785,TransTu,,2026-02-15T13:39:03.970242
Tunis,13103590837,stop_position,ديبوزفيل (ذهاب),36.7834608,10.1921225,,,2026-02-15T13:39:03.970242
Tunis,13103673461,platform,بال في خط 28,36.7735663,10.187306,TransTu,,2026-02-15T13:39:03.970242
Tunis,13103673463,stop_position,قاعة أفراح بال في (إياب),36.7781962,10.1906739,TransTu,,2026-02-15T13:39:03.970242
Tunis,13103673464,stop_position,مقهي القدس (إياب),36.7804029,10.1930519,TransTu,,2026-02-15T13:39:03.970242
Tunis,13103673465,stop_position,حمّام بال في (إياب),36.7809306,10.193962,,,2026-02-15T13:39:03.970242
Tunis,13103673466,stop_position,مركز التنسيق بالوردية (إياب),36.780557,10.196053,TransTu,,2026-02-15T13:39:03.970242
Tunis,13103673467,stop_position,الافران (ذهاب),36.7771477,10.1991221,TransTu,,2026-02-15T13:39:03.970242
Tunis,13103673468,stop_position,الافران (إياب),36.7771681,10.1993907,TransTu,,2026-02-15T13:39:03.970242
Tunis,13194562161,station,Marche de Gros,36.7250679,10.2286738,,Transtu,2026-02-15T13:39:03.970242
Tunis,13203780499,platform,المبيت الجامعي المروج 3,36.7229673,10.2128244,,,2026-02-15T13:39:03.970242
Tunis,13204985868,platform,موبلاتكس,36.7300422,10.2105335,,,2026-02-15T13:39:03.970242
Tunis,13255124730,station,محطة حافلات,36.7817679,10.2344,,,2026-02-15T13:39:03.970242
Tunis,13287206477,platform,حي جوهرة,36.7795875,10.2315672,,,2026-02-15T13:39:03.970242
Tunis,13421195146,platform,,36.7819913,10.234335,,,2026-02-15T13:39:03.970242
Tunis,13421195147,platform,,36.781932,10.2343813,,,2026-02-15T13:39:03.970242
Tunis,13518404401,,دوار الإسكال (محطة الحافلات),36.8767446,10.1828777,,,2026-02-15T13:39:03.970242
Tunis,29993446,station,محطة تونس,,,,,2026-02-15T13:39:03.970242
Tunis,93263080,platform,,,,TransTu,,2026-02-15T13:39:03.970242
Tunis,93263808,platform,,,,TransTu,,2026-02-15T13:39:03.970242
Tunis,93264279,platform,,,,,,2026-02-15T13:39:03.970242
Tunis,93264413,platform,,,,TransTu,,2026-02-15T13:39:03.970242
Tunis,93264420,platform,,,,,,2026-02-15T13:39:03.970242
Tunis,93264768,platform,,,,,,2026-02-15T13:39:03.970242
Tunis,93265212,platform,,,,,,2026-02-15T13:39:03.970242
Tunis,94280296,station,محطة الحافلات المنتزه,,,,,2026-02-15T13:39:03.970242
Tunis,95130082,station,حبيب ثامر,,,TransTu,,2026-02-15T13:39:03.970242
Tunis,95132614,station,علي بلهوان,,,,,2026-02-15T13:39:03.970242
Tunis,95199304,station,المحطة الجنوبية للنقل البري باب عليوة,,,,,2026-02-15T13:39:03.970242
Tunis,103399498,station,المحطة الجنوبية للنقل البري,,,,,2026-02-15T13:39:03.970242
Tunis,103526784,platform,,,,,,2026-02-15T13:39:03.970242
Tunis,103526968,platform,Direction Tunis,,,,,2026-02-15T13:39:03.970242
Tunis,103526991,platform,Direction Bordj Cedria,,,,,2026-02-15T13:39:03.970242
Tunis,104206465,platform,,,,,,2026-02-15T13:39:03.970242
Tunis,104206471,platform,,,,,,2026-02-15T13:39:03.970242
Tunis,104206473,platform,,,,,,2026-02-15T13:39:03.970242
Tunis,104206475,platform,,,,,,2026-02-15T13:39:03.970242
Tunis,104206478,platform,,,,,,2026-02-15T13:39:03.970242
Tunis,104206482,platform,,,,,,2026-02-15T13:39:03.970242
Tunis,104206490,platform,,,,,,2026-02-15T13:39:03.970242
Tunis,104206509,platform,,,,,,2026-02-15T13:39:03.970242
Tunis,105557728,platform,,,,,,2026-02-15T13:39:03.970242
Tunis,105557766,platform,,,,,,2026-02-15T13:39:03.970242
Tunis,105557814,station,,,,,,2026-02-15T13:39:03.970242
Tunis,105557858,platform,,,,,,2026-02-15T13:39:03.970242
Tunis,109431744,platform,Place de Barcelone,,,TransTu,,2026-02-15T13:39:03.970242
Tunis,110150714,platform,,,,,,2026-02-15T13:39:03.970242
Tunis,190134298,platform,,,,,,2026-02-15T13:39:03.970242
Tunis,190134299,platform,,,,,,2026-02-15T13:39:03.970242
Tunis,190134300,platform,,,,,,2026-02-15T13:39:03.970242
Tunis,190248875,platform,,,,,,2026-02-15T13:39:03.970242
Tunis,190825491,platform,,,,الشركة الوطنية للسكك الحديدية التونسية,,2026-02-15T13:39:03.970242
Tunis,190825497,platform,,,,الشركة الوطنية للسكك الحديدية التونسية,,2026-02-15T13:39:03.970242
Tunis,190825502,platform,,,,الشركة الوطنية للسكك الحديدية التونسية,,2026-02-15T13:39:03.970242
Tunis,190825539,platform,,,,الشركة الوطنية للسكك الحديدية التونسية,,2026-02-15T13:39:03.970242
Tunis,203029531,station,Bab Saadoun,,,,,2026-02-15T13:39:03.970242
Tunis,372736529,station,,,,,,2026-02-15T13:39:03.970242
Tunis,396682623,platform,,,,,,2026-02-15T13:39:03.970242
Tunis,401765330,platform,,,,,,2026-02-15T13:39:03.970242
Tunis,589122853,platform,,,,,,2026-02-15T13:39:03.970242
Tunis,589122856,platform,,,,,,2026-02-15T13:39:03.970242
Tunis,589122857,platform,,,,,,2026-02-15T13:39:03.970242
Tunis,613871664,platform,,,,,,2026-02-15T13:39:03.970242
Tunis,613871665,platform,,,,,,2026-02-15T13:39:03.970242
Tunis,613871666,platform,,,,,,2026-02-15T13:39:03.970242
Tunis,613871667,platform,,,,,,2026-02-15T13:39:03.970242
Tunis,615188087,platform,,,,,,2026-02-15T13:39:03.970242
Tunis,615188088,platform,,,,,,2026-02-15T13:39:03.970242
Tunis,615188090,platform,,,,,,2026-02-15T13:39:03.970242
Tunis,665875170,platform,,,,,,2026-02-15T13:39:03.970242
Tunis,665875171,platform,,,,,,2026-02-15T13:39:03.970242
Tunis,665875172,platform,,,,,,2026-02-15T13:39:03.970242
Tunis,665875173,platform,,,,,,2026-02-15T13:39:03.970242
Tunis,665875176,platform,,,,,,2026-02-15T13:39:03.970242
Tunis,672867836,station,Station Louage Moncef Bey,,,,,2026-02-15T13:39:03.970242
Tunis,680868369,platform,,,,,,2026-02-15T13:39:03.970242
Tunis,680868370,platform,,,,,,2026-02-15T13:39:03.970242
Tunis,681625262,platform,,,,,,2026-02-15T13:39:03.970242
Tunis,681625263,platform,,,,,,2026-02-15T13:39:03.970242
Tunis,688042770,platform,,,,,,2026-02-15T13:39:03.970242
Tunis,688042774,platform,,,,,,2026-02-15T13:39:03.970242
Tunis,688042775,station,المنتزه,,,,,2026-02-15T13:39:03.970242
Tunis,688042776,platform,,,,,,2026-02-15T13:39:03.970242
Tunis,688042778,platform,,,,,,2026-02-15T13:39:03.970242
Tunis,688042779,station,المروج 2,,,,,2026-02-15T13:39:03.970242
Tunis,688042780,platform,,,,,,2026-02-15T13:39:03.970242
Tunis,688042795,platform,,,,,,2026-02-15T13:39:03.970242
Tunis,688042796,platform,,,,,,2026-02-15T13:39:03.970242
Tunis,688042797,station,المروج 1,,,,,2026-02-15T13:39:03.970242
Tunis,688042800,platform,,,,,,2026-02-15T13:39:03.970242
Tunis,688042801,station,البيئة,,,,,2026-02-15T13:39:03.970242
Tunis,688042802,platform,,,,,,2026-02-15T13:39:03.970242
Tunis,688042805,station,المروج 3,,,,,2026-02-15T13:39:03.970242
Tunis,688042806,station,الشهداء,,,,,2026-02-15T13:39:03.970242
Tunis,688042812,platform,,,,,,2026-02-15T13:39:03.970242
Tunis,688042813,platform,,,,,,2026-02-15T13:39:03.970242
Tunis,688042816,platform,,,,,,2026-02-15T13:39:03.970242
Tunis,688042817,platform,,,,,,2026-02-15T13:39:03.970242
Tunis,688053290,platform,,,,,,2026-02-15T13:39:03.970242
Tunis,688053292,platform,,,,,,2026-02-15T13:39:03.970242
Tunis,688053293,station,باب عليوة,,,,,2026-02-15T13:39:03.970242
Tunis,688053294,station,محمد مناشو,,,,,2026-02-15T13:39:03.970242
Tunis,688053295,platform,,,,,,2026-02-15T13:39:03.970242
Tunis,688053297,platform,,,,,,2026-02-15T13:39:03.970242
Tunis,688053298,station,13 أوت,,,,,2026-02-15T13:39:03.970242
Tunis,688053299,platform,,,,,,2026-02-15T13:39:03.970242
Tunis,688053301,platform,,,,,,2026-02-15T13:39:03.970242
Tunis,688053304,platform,,,,,,2026-02-15T13:39:03.970242
Tunis,688053306,platform,,,,,,2026-02-15T13:39:03.970242
Tunis,688053307,station,محمد علي,,,,,2026-02-15T13:39:03.970242
Tunis,688053309,station,الطاهر الحداد,,,,,2026-02-15T13:39:03.970242
Tunis,688053311,platform,,,,,,2026-02-15T13:39:03.970242
Tunis,688053313,platform,,,,,,2026-02-15T13:39:03.970242
Tunis,688053314,platform,,,,,,2026-02-15T13:39:03.970242
Tunis,688053315,station,الغزالي,,,,,2026-02-15T13:39:03.970242
Tunis,688053317,platform,,,,,,2026-02-15T13:39:03.970242
Tunis,688053319,platform,,,,,,2026-02-15T13:39:03.970242
Tunis,688053320,station,الحي البلدي,,,,,2026-02-15T13:39:03.970242
Tunis,688053322,platform,,,,,,2026-02-15T13:39:03.970242
Tunis,688053325,platform,,,,,,2026-02-15T13:39:03.970242
Tunis,688053327,station,النسري,,,,,2026-02-15T13:39:03.970242
Tunis,688053328,platform,,,,,,2026-02-15T13:39:03.970242
Tunis,732867333,platform,,,,,,2026-02-15T13:39:03.970242
Tunis,732867334,platform,,,,,,2026-02-15T13:39:03.970242
Tunis,732867335,station,السيدة المنوبية,,,SNCFT,RFR,2026-02-15T13:39:03.970242
Tunis,732889860,platform,,,,,,2026-02-15T13:39:03.970242
Tunis,732889861,platform,,,,,,2026-02-15T13:39:03.970242
Tunis,732889862,platform,,,,,,2026-02-15T13:39:03.970242
Tunis,732889863,platform,,,,,,2026-02-15T13:39:03.970242
Tunis,732889865,platform,,,,,,2026-02-15T13:39:03.970242
Tunis,732889866,platform,,,,,,2026-02-15T13:39:03.970242
Tunis,756034113,platform,,,,,,2026-02-15T13:39:03.970242
Tunis,823002727,station,جبل الجلود,,,,,2026-02-15T13:39:03.970242
Tunis,976763475,station,Erraoudha,,,,,2026-02-15T13:39:03.970242
Tunis,976766729,station,Gobaâ,,,,,2026-02-15T13:39:03.970242
Tunis,976766730,station,Les Orangers,,,,,2026-02-15T13:39:03.970242
Tunis,976768239,station,Mellassine,,,,,2026-02-15T13:39:03.970242
Tunis,1157788558,platform,,,,,,2026-02-15T13:39:03.970242
Tunis,1157788569,platform,,,,,,2026-02-15T13:39:03.970242
Tunis,1157788570,platform,,,,,,2026-02-15T13:39:03.970242
Tunis,1157788571,platform,,,,,,2026-02-15T13:39:03.970242
Tunis,1157788572,platform,,,,,,2026-02-15T13:39:03.970242
Tunis,1157788573,platform,,,,,,2026-02-15T13:39:03.970242
Tunis,1157788574,platform,,,,,,2026-02-15T13:39:03.970242
Tunis,1157788586,platform,,,,,,2026-02-15T13:39:03.970242
Tunis,1157788587,platform,,,,,,2026-02-15T13:39:03.970242
Tunis,1223243250,platform,,,,,,2026-02-15T13:39:03.970242
Tunis,1223243251,platform,,,,,,2026-02-15T13:39:03.970242
Tunis,1223243252,platform,,,,,,2026-02-15T13:39:03.970242
Tunis,1223243253,platform,,,,,,2026-02-15T13:39:03.970242
Tunis,1223243259,platform,,,,,,2026-02-15T13:39:03.970242
Tunis,1223243260,platform,,,,,,2026-02-15T13:39:03.970242
Tunis,1223243261,station,El Bortal,,,SNCFT,RFR,2026-02-15T13:39:03.970242
Tunis,1223243264,station,Mannouba,,,SNCFT,RFR,2026-02-15T13:39:03.970242
Tunis,1223243265,platform,,,,,,2026-02-15T13:39:03.970242
Tunis,1223243266,platform,,,,,,2026-02-15T13:39:03.970242
Tunis,1223243267,platform,,,,,,2026-02-15T13:39:03.970242
Tunis,1223243268,platform,,,,,,2026-02-15T13:39:03.970242
Tunis,1223243269,platform,,,,,,2026-02-15T13:39:03.970242
Tunis,1223243272,platform,,,,,,2026-02-15T13:39:03.970242
Tunis,1223243273,platform,,,,,,2026-02-15T13:39:03.970242
Tunis,1223437762,station,Le Bardo,,,SNCFT,RFR,2026-02-15T13:39:03.970242
Tunis,1223502989,platform,,,,,,2026-02-15T13:39:03.970242
Tunis,1223502990,platform,,,,,,2026-02-15T13:39:03.970242
Tunis,1223502991,platform,,,,,,2026-02-15T13:39:03.970242
Tunis,1223502992,platform,,,,,,2026-02-15T13:39:03.970242
Tunis,1223502993,platform,,,,,,2026-02-15T13:39:03.970242
Tunis,1223502995,platform,,,,,,2026-02-15T13:39:03.970242
Tunis,1223502996,platform,,,,,,2026-02-15T13:39:03.970242
Tunis,1223502997,platform,,,,,,2026-02-15T13:39:03.970242
Tunis,1223502998,platform,,,,,,2026-02-15T13:39:03.970242
Tunis,1224306096,platform,Place de Barcelone,,,TransTu,,2026-02-15T13:39:03.970242
Tunis,1225387002,platform,,,,,,2026-02-15T13:39:03.970242
Tunis,1225423895,station,مقرين,,,الشركة الوطنية للسكك الحديدية التونسية,,2026-02-15T13:39:03.970242
Tunis,1323672307,platform,باب عليوة,,,TransTu,,2026-02-15T13:39:03.970242
Tunis,1323672308,platform,باب عليوة,,,TransTu,,2026-02-15T13:39:03.970242
Tunis,1324069241,platform,ساحة البرشلونة,,,TransTu,,2026-02-15T13:39:03.970242
Tunis,1351772273,platform,,,,,,2026-02-15T13:39:03.970242
Tunis,1351772274,platform,,,,,,2026-02-15T13:39:03.970242
